community_id,label,description,secondary_label,secondary_description,unaccounted_titles,groups_json,titles_missing_from_groups,secondary_group_size
1,"Viking Warfare, Imports, and Social Practice","The cluster is organized around the social and cultural implications of Viking warfare, elite consumption of foreign goods, and intercultural encounters. It explores how material culture, including weapons and imports, reflects status, identity, and contact networks in Scandinavia and England.",,,Livplaggens rekonstruktion på grundval av det arkeologiska materialet | Anglo-Saxon Art from the Seventh Century to the Norman Conquest,"[{""theme"": ""Social Dimensions of Warfare and Material Culture"", ""titles"": [""Charisma, violence and weapons: The broken swords of the Vikings"", ""The Allure of the Foreign. The Social and Cultural Dimension of Imports in Scandinavia in the Viking Age"", ""Materiality and Social practice: Transformative Capacities of Intercultural Encounters"", ""Vikings in England"", ""Et nytt vikingtidsfunn fra romsdal med vesteuropeiske import saker"", ""Long Distance Contacts, Elite Aspirations, and the Age of Discovery in Cosmological Context' , in Resources, Power and Interregional Interaction"", ""Raiding and warfare. I The Viking World. S. Brink och N. Price (red.), s. 193-203""]}, {""theme"": ""Artistic and Reconstructive Studies"", ""titles"": [""Anglo-Saxon Art from the Seventh Century to the Norman Conquest"", ""Livplaggens rekonstruktion på grundval av det arkeologiska materialet""]}]",Twohundred-Fifty Years of Reconstructed and Modeled Tropical Temperatures,2
2,Early medieval ecclesiastical material culture,"This cluster is dominated by studies of early Christian and insular material culture, including reliquaries, churches, and artifacts from Ireland and Norway during the Viking Age.",,,"The Buddha | Norrøn Religion: Myter, Riter, Samfunn. Oslo: Pax Forlag | Fragments From Composite Copper-Alloy Objects | Images of the Female Elite? Gold Foil Figures From 6th-and 7th-Century Scandinavia","[{""theme"": ""Early medieval religious material culture and ecclesiastical sites"", ""titles"": [""An insular reliquary from Melhus: The significance of insular ecclesiastical material in early Viking-Age Norway"", ""Churches in Early Medieval Ireland: Architecture, Ritual and Memory"", ""The Inchmarnock 'hostage stone'"", ""Viking Mortuary Citations"", ""Annals of Ulster (to ad 1131) / Part 1, Text and translation"", ""Guide to the Celtic Antiquities of the Christian Period Preserved in the National Museum""]}, {""theme"": ""Pagan art and religious syncretism"", ""titles"": [""Images of the Female Elite? Gold Foil Figures From 6th-and 7th-Century Scandinavia"", ""Norrøn Religion: Myter, Riter, Samfunn. Oslo: Pax Forlag""], ""title_count_check"": 2}, {""theme"": ""Non-Scandinavian religious figures"", ""titles"": [""The Buddha""]}, {""theme"": ""Composite objects"", ""titles"": [""Fragments From Composite Copper-Alloy Objects""]}]",,2
5,Genetics and Migration Discourse in Archaeology,"The cluster is anchored by the intersection of ancient DNA (aDNA) studies and archaeological theory, specifically regarding migration patterns and identity formation. The titles critically examine how genetic data reshapes the understanding of population movements in Europe and beyond.",Viking Archaeology and Material Culture,A second group of 4 titles shares this theme.,"E18-prosjektet Vestfold -Bind 3 -Hus, boplass-og dyrkningsspor, Varia 73 | Viandes animales dans le Languedoc-Roussillon rural médiéval: bilan 2010","[{""theme"": ""Migration, Genetics, and Identity"", ""titles"": [""Massive migrations? The impact of recent aDNA studies on our view of third millennium Europe"", ""Re-integrating Archaeology: A Contribution to aDNA Studies and the Migration Discourse on the 3rd Millennium BC in Europe"", ""Present pasts in the archaeology of genetics, identity, and migration in europe: a critical essay"", ""Immigration and the ancient city of teotihuacan in mexico: a study using strontium isotope ratios in human bone and teeth""]}, {""theme"": ""Viking Archaeology and Material Culture"", ""titles"": [""Crossing the Maelstrom: New Departures in Viking Archaeology"", ""Cognition, Culture and Context: Observations on the 'New' Viking Archaeology"", ""Warrior-women' in Viking Age Scandinavia? A preliminary archaeological study"", ""Into Viking Minds: Reinterpreting the Staffs of Sorcery and Unravelling Seidr""]}, {""theme"": ""Regional Settlement Studies"", ""titles"": [""E18-prosjektet Vestfold -Bind 3 -Hus, boplass-og dyrkningsspor, Varia 73"", ""Viandes animales dans le Languedoc-Roussillon rural médiéval: bilan 2010""]}]",,4
8,General Viking Age Historiography and Surveys,"The dominant axis here is broad overviews, historiographical critiques, and general surveys of the Viking Age, ranging from specific site reports to comprehensive historical narratives and discussions on research dissemination.",,,,"[{""theme"": ""General Viking Age Historiography and Surveys"", ""titles"": [""The Vikings, Victims of their Own Success? A Selective View on Viking Research and its Dissemination"", ""Scandinavian Amulets in Viking Age Poland"", ""The Vikings, Victims of Their Own Success? a Selective View on Viking Research and Its Dissemination"", ""Danske forskere omskriver historien: europaeerne blev født i bronzealderen"", ""Apuolė: Ausgrabungen und Funde"", ""The Viking Age: A Reader"", ""The Oxford illustrated history of the Vikings"", ""Vikinger kan hive milliarder hjem til Danmark"", ""The Viking Age in Finnish Archaeology. A Brief Source-Critical Overview"", ""Exploring the World of the Vikings""]}]",,0
13,Sacred Landscapes and Christianization,"The primary theme explores the transition from pagan to Christian practices, focusing on ritual landscapes, sacred sites, and the development of bishoprics in South Scandinavia.",Art and Treasure Analysis,A second group of 3 titles shares this theme.,"Utgravningen i Mære Kirke: Hvordan skal Funnene Tolkes? | Slöinge i perspektiv' , in '... gick grendel att söka det höga huset...': arkeologiska källor till aristokratiska miljöer i skandinavien under yngre järnalder","[{""theme"": ""Sacred Landscapes and Christianization"", ""titles"": [""Ritual landscapes and sacral places in the first millennium AD in South Scandinavia"", ""Helgö, den gåtfulla ön"", ""The Late Germanic and Viking Period"", ""Fra boplads til bispeby: Odense til 1559"", ""The Christianization of Scandinavia: Report of a Symposium Held at Kungälv, Sweden 4-9""]}, {""theme"": ""Art and Treasure Analysis"", ""titles"": [""Early Christian Art and Architecture"", ""The Hoxne Late Roman Treasure"", ""The Hoxne Treasure: An Illustrated Introduction""]}, {""theme"": ""Archaeological Interpretation of Specific Sites"", ""titles"": [""Utgravningen i Mære Kirke: Hvordan skal Funnene Tolkes?"", ""Slöinge i perspektiv' , in '... gick grendel att söka det höga huset...': arkeologiska källor till aristokratiska miljöer i skandinavien under yngre järnalder""]}]",,3
17,Post-Burial Practices and Ontologies,"This cluster is defined by theoretical approaches to death, focusing on how communities interacted with the dead after burial, including grave reopening, monument reuse, and the ontological status of ancestors.",,,Gård och gravfält vid Lilla Ullevi: Arkeologisk undersökning. RAÄ 40. Skällsta. Bro socken. Upplands-Bro kommun. Stockholms län | Passing into poetry: Viking-Age mortuary drama and the origins of Norse mythology,"[{""theme"": ""Post-Burial Practices and Ontologies of Death"", ""titles"": [""The materiality of the ancient dead: Post-burial practices and ontologies of death in southern Sweden AD 800-1200"", ""Grave encounters: Ontological aspects of post-burial interaction in the Late Iron Age of central eastern Sweden"", ""Återkomst och återbruk. kulten av det förflutna under den yngsta järnåldern"", ""Past 'disturbances' of graves as a source. Taphonomy and interpretation of reopened early medieval inhumation graves at Brunn Am Gebirge (Austria) and Winnall II (England)"", ""Fornminnen: Det Förflutnas Roll i det Förkristna och Kristna Mälardalen"", ""Intersecting Generations: Burying the Old in a Neolithic Hunter-Fisher Community"", ""Relational Archaeologies: Roots and Routes"", ""Monuments and the past in early Anglo-Saxon England. World Archaeology, 30(1: The Past in the Past: The Reuse of Monuments)""]}, {""theme"": ""Mortuary Drama and Mythology"", ""titles"": [""Gård och gravfält vid Lilla Ullevi: Arkeologisk undersökning. RAÄ 40. Skällsta. Bro socken. Upplands-Bro kommun. Stockholms län"", ""Passing into poetry: Viking-Age mortuary drama and the origins of Norse mythology""]}]",,2
19,"Liminality, Thresholds, and Conceptions of the Dead","The cluster is organized around the concept of liminality in Viking Age Scandinavia, focusing on how thresholds, doorways, and specific spaces function as boundaries between the living and the dead or between different social states. It integrates literary conceptions of the afterlife with archaeological evidence from ritual sites and settlement structures.",Household inequality and material culture,A second group of 4 titles shares this theme.,"Kan mytologien sette oss på spor av riter, gjenstander og kult knyttet til herskerens intronisasjon | Helgö. Den gåtefulla ön","[{""theme"": ""Thresholds, liminality, and the dead"", ""titles"": [""Doors to the dead: The power of doorways and thresholds in Viking Age Scandinavia"", ""Hallen og landskapet. monumentalitet, liminalitet og transformasjon"", ""The road to hell. A study of the conception of the dead in Old Norse literature"", ""Space and place. The perspective of experience""]}, {""theme"": ""Ritual sites and initiation"", ""titles"": [""Kan mytologien sette oss på spor av riter, gjenstander og kult knyttet til herskerens intronisasjon"", ""Helgö. Den gåtefulla ön""]}, {""theme"": ""Household inequality and material culture"", ""titles"": [""The Cultural Foundations of Inequality in Households"", ""Grinding Processes and Reproductive Metaphors"", ""Sverd og spenne. dyreornamentikk og sosial kontekst"", ""Lokalitet med spor etter hus fra før-romersk jernalder, rester av utpløyde gravhauger, ildsteder og kokegroper""]}]",,4
20,Death rituals and monumentality in early medieval Scandinavia,"The dominant axis is the intersection of death rituals, material culture, and memory. The cluster analyzes how monuments, boat graves, and specific artifacts were used to construct memory and social identity in early medieval Scandinavia.",,,,"[{""theme"": ""Death rituals, monuments, and memory in early medieval Scandinavia"", ""titles"": [""King Alfred's Coins. The Watlington Viking Hoard"", ""Places, Monuments, and Objects The Past in Ancient Scandinavia"", ""Memory Through Monuments: Movement and Temporality in Skamby's Boat Graves"", ""Howard Williams, Death and Memory in Early Medieval Britain (Cambridge studies in archaeology)"", ""Valsgärde revisited"", ""The heroized dead. People, animals, and materiality in Scandinavian death rituals, AD 200-1000"", ""Past Memories: Spatial Returning as Ritualized Remembrance"", ""A Viking boat grave with amber gaming pieces excavated at Skamby"", ""Monuments and Minds. Monument Re-use in Scandinavia in the Second Half of the First Millenium AD (= Acta Archaeologica Lundensia Series in"", ""Memory and Material Culture: Tracing the Past in Prehistoric Europe""]}]",,0
21,Weapon Deposition Typologies and Social Chronologies,"This cluster focuses on the typological classification, chronological sequencing, and social organization of weapon burials and deposits across Scandinavia and England.",,,,"[{""theme"": ""Ritual, Landscapes, and Weapon Depositions in Scandinavia"", ""titles"": [""Thresholds and Passages: The Meanings of Bridges and Crossings in the Viking Age and Early Middle Ages. Viking and Medieval Scandinavia"", ""Haendelser ved vanden analyse af våbendeponeringer fra vikingetid på sjaelland og i skåne"", ""Runesten, kronologi og samfundsrekonstruktion. nogle kritiske overvejelser med udgangspunkt i runestenene i mammenområdet"", ""From Viking to Crusader. The Scandinavians and Europe 800-1200. The Council of Europe"", ""Haendelser ved Vand -en analyse af våbendeponeringer fra vikingetid på Sjaelland og i Skåne. Upubliceret mag.art. speciale, Forhistorisk Arkaeologi, Københavns Universitet"", ""Social Organisation and Religious Ceremonies -South Scandinavia from Paganism to Christianity"", ""Plats och Praxis. Studier av nordisk förkristen ritual. Vägar till Midgård 2"", ""Waffen und Gräber. Typologische und chronologische Studien zu skandinavischen Waffengräbern 520/30 bis 900 n"", ""Central places in the Migration and Mero vingian Periods"", ""Dansk militaer i england i vikingetiden. upubliceret cand.mag. speciale, forhistorisk arkaeologi""]}]",,0
22,Cognitive Landscapes and Water-Site Rituals,"This cluster emphasizes the spatial cognition, place names, and symbolic interaction with aquatic environments as central to Viking Age ritual practice.",Assembly Places and Religious Sites,A second group of 4 titles shares this theme.,"Danske sø-og ånavne, 1, A-D","[{""theme"": ""Ritual Depositions and Water Sites"", ""titles"": [""At the water's edge"", ""Åsted og vadested. deponeringer, genstandsbiografier og rumlig strukturering som kilde til vikingetidens kognitive landskaber"", ""Crannogs: A Study of People's Interaction with Lakes, with Particular Reference to Lough Gara in the North-West of Ireland"", ""Att kasta yxan i sjön: en studie över rituell tradition och förändring utifrån skånska meolitiska off erfynd"", ""Vikingetidens våbenofringer: Ting fi nder sted""]}, {""theme"": ""Assembly Places and Religious Sites"", ""titles"": [""Places of Assembly: Topographic Characteristics in Sweden and England"", ""Archaeology and Sacrifi ce. A Discussion of Interpretations"", ""Ritual and religion in the making of' humanity. Cambridge Studies in Social and Cultural Anthropology"", ""Clonmacnoise""]}, {""theme"": ""Toponymy"", ""titles"": [""Danske sø-og ånavne, 1, A-D""]}]",,4
23,Animated Objects and Sacred Landscapes,"This cluster is organized around the theoretical concept of 'object biographies' and the agency of material culture, exploring how objects are viewed as animated or possessing social lives within sacred landscapes. It draws parallels between Scandinavian sacrificial sites and other anthropological contexts.",,,"Cosmological deixis and Amerindian perspectivism. A view from Amazonia | Tech nolog y, Langu age, Intell igenc e: A Recon sider ation of Basic Conce pts. 1: Gibso n, K. R. og Ingol d, T. (red): Tools , Langu age and Cogn ition in Huma n Evolu tion | The Northern Sword in the British Isles and Beyond: A Study of the Occurrence and Typology of Swords from the 8th to the 10th Century AD | Kongsga˚rd -kultsted -marked: overvejelser omkring tissøkompleksets struktur og funktion","[{""theme"": ""Animated Objects and Sacred Landscapes"", ""titles"": [""Living places or animated objects? sámi sacrificial places with metal objects and their south scandinavian parallels"", ""Connectedness with Things. Animated objects of Viking Age Scandinavia and Early Medieval Europe. Archaeological dialogues"", ""Material Culture and Sacred Landscape: The Anthropology of the Siberian Khanty"", ""The Cultural Biography of Objects"", ""Societies of Nature and the Nature of Society"", ""Inalienable Wealth""]}, {""theme"": ""Weaponry and Specific Sites"", ""titles"": [""The Northern Sword in the British Isles and Beyond: A Study of the Occurrence and Typology of Swords from the 8th to the 10th Century AD"", ""Kongsga˚rd -kultsted -marked: overvejelser omkring tissøkompleksets struktur og funktion""]}, {""theme"": ""Theoretical Concepts in Archaeology"", ""titles"": [""Tech nolog y, Langu age, Intell igenc e: A Recon sider ation of Basic Conce pts. 1: Gibso n, K. R. og Ingol d, T. (red): Tools , Langu age and Cogn ition in Huma n Evolu tion"", ""Cosmological deixis and Amerindian perspectivism. A view from Amazonia""]}]",,2
25,Gender roles and women in Viking society,"The primary theme focuses on the social status, agency, and specific roles of women in Viking Age Scandinavia and its diaspora, drawing from runestone studies, saga literature, and trade participation. It highlights how women navigated family structures, religious conversion, and economic activities within a patriarchal framework.",Identity formation and migration,A second group of 3 titles shares this theme.,The Saga of Ingvar the Far-Travelled (Yngvars saga vı ´Ðfo ¨rla). (transl.) | First Steps towards an Archaeology of Children in Iceland,"[{""theme"": ""Gender roles and women in Viking society"", ""titles"": [""Polygyny, concubinage and the social lives of women in Viking Age Scandinavia"", ""Gud hjälpe nu väl hennes själ\"": om runstenskvinnorna, deras roll vid kristnandet och deras plats i familj och samhälle"", ""Women as Actors in North European Viking Age Trade"", ""Runstenskvinnorna ännu en gång"", ""Some Exceptional Women in the Sagas""]}, {""theme"": ""Identity formation and migration"", ""titles"": [""Entangled Worlds: Archaeologies of Ambivalence in the Viking Age"", ""Migration and the Creation of Identity in the Viking Diaspora: A Comparative Study of Viking Age Funerary Rites from Northern Scotland and Møre og Romsdal"", ""Servitude and Sexuality""]}, {""theme"": ""Children and specific saga narratives"", ""titles"": [""First Steps towards an Archaeology of Children in Iceland"", ""The Saga of Ingvar the Far-Travelled (Yngvars saga vı ´Ðfo ¨rla). (transl.)""]}]",,3
26,Conversion-Era Rituals and Material Culture in Anglo-Saxon England,"This cluster examines household cemeteries, grave goods, and typological artifacts to trace religious transitions and structural history during the Christian conversion period.",,,"The Egyptian ways of death | Intimate archaeologies: The case of Kha and Merit | Rethinking the Great Divide: Long-Term Structural History and the Temporality of Event | Nails, Rivets, and Clench Bolts: A Case for Typological Clarity | Religionsskiftet i norden. brytinger mellom nordisk og eropeisk kultur 800-1200 | The Awakening of Christianity in Iceland. Discovery of Timber Church and Graveyard at Þo´rarinsstaôir in Seyôisfjo¨rôur","[{""theme"": ""Anglo-Saxon and Medieval burial practices"", ""titles"": [""An Archeology of Moments: Christian Conversion and Practice in a Medieval Household Cemetery"", ""Burying the socially and physically distinctive in later Anglo-Saxon England"", ""Raunds Furnells. The Anglo-Saxon church and churchyard, Raunds Area Project"", ""Death and Burial in Medieval England, 1066-1550"", ""The Use of Grave-Goods in Conversion-Period Enland c. 600-c. 850""]}, {""theme"": ""Conversion and religious change"", ""titles"": [""Religionsskiftet i norden. brytinger mellom nordisk og eropeisk kultur 800-1200"", ""The Awakening of Christianity in Iceland. Discovery of Timber Church and Graveyard at Þo´rarinsstaôir in Seyôisfjo¨rôur""]}, {""theme"": ""Typology and specific artifacts"", ""titles"": [""Nails, Rivets, and Clench Bolts: A Case for Typological Clarity""]}]",Intimate archaeologies: The case of Kha and Merit | Rethinking the Great Divide: Long-Term Structural History and the Temporality of Event | The Egyptian ways of death,2
28,Genetic ancestry and culture contact in the North Atlantic,"This cluster is organized around the intersection of genetic evidence and cultural interaction during the Viking expansion into the North Atlantic. It combines findings on Scandinavian-Gaelic admixture in Iceland, Shetland, and Orkney with theoretical approaches to studying culture contact, identity formation, and the politics of difference in medieval frontier zones.",,,"The early Christian epoch | Childhood and Race: Growing up in the Empire | Ett omöjligt uppdrag? Att arkeologiskt studera nordisk förkristen religion. Kungliga Vitterhets Historie och Antikvitets Akademien. Årsbok 2006, Stock hol m | Sign of the times? The transfer and transformation of Pennannular Brooches in Viking-Age Norway | Bossed Penannular Brooches Reconsidered","[{""theme"": ""Penannular brooches and material culture"", ""titles"": [""Sign of the times? The transfer and transformation of Pennannular Brooches in Viking-Age Norway"", ""Bossed Penannular Brooches Reconsidered""]}, {""theme"": ""Genetic ancestry and settlement patterns"", ""titles"": [""Estimating Scandinavian and Gaelic ancestry in the male settlers of Iceland"", ""Genetic evidence for a family-based Scandinavian settlement of Shetland and Orkney during the Viking periods""]}, {""theme"": ""Culture contact and identity politics"", ""titles"": [""Beyond War or Peace: The Study of Culture Contact in Viking-Age Scotland"", ""Viking Ireland and the Scandinavian communities in the North Atlantic"", ""Beyond 'culture': Space, Identity and the Politics of Difference""]}]","Childhood and Race: Growing up in the Empire | Ett omöjligt uppdrag? Att arkeologiskt studera nordisk förkristen religion. Kungliga Vitterhets Historie och Antikvitets Akademien. Årsbok 2006, Stock hol m | The early Christian epoch",2
29,Religious continuity and Christianization in Scandinavia,"The cluster focuses on the transition from Norse paganism to Christianity, specifically examining cultic continuity and changes in burial customs during the Viking Age and Middle Ages. It includes case studies of central places like Uppåkra and regional histories of conversion.",Ritual theory and general religious archaeology,A second group of 4 titles shares this theme.,,"[{""theme"": ""Religious continuity, ritual, and the Christianization of Sweden"", ""titles"": [""Irmelin 2002 Smeden og hans produkter i norsk vikingtid. I UKM -en mangfoldig forskningsinstitusjon, redigert av Ellen Høigård Hofseth, s"", ""Uppa˚kra -research on a central place: recent excavations and results"", ""Kontinuitet i kult och tro fra˚n vikingatid till medeltid"", ""I skuggan av yggdrasil. tradet mellan idé och realitet i nordisk tradition"", ""Va¨stergo¨tlands kristnande: religionsskifte och gravskickets fo¨ra¨ndring 700-1200. go¨teborg: go¨teborgs universitet, institutionen fo¨r arkeologi"", ""Haugbrot eller de levendes forhold til de døde: en komparativ analyse""]}, {""theme"": ""Ritual theory and general religious archaeology"", ""titles"": [""Metaphors we live by"", ""The Oxford Handbook of Ritual and Religion in Archaeology"", ""Udgivet efter ha˚ndskrifterne af Kommissionen for det Arnamagnaeanske Legat; ved Finnur Jonsson"", ""Living with the dead in the Middle Ages""]}]",,4
30,"Royal Power, Kingship, and State Formation in Scandinavia","This group is organized around the mechanisms of royal power, state formation, and aristocratic residence sites during the late Iron Age and early medieval period in Scandinavia.",,,Våre arveord: Etymologisk ordbok | The Iron Age,"[{""theme"": ""Royal Power, Kingship, and State Formation in Scandinavia"", ""titles"": [""Rulership in 1st to 14th Century Scandinavia: Royal Graves and Sites at Avaldsnes and Beyond, Ergänzungsbände zum Reallexikon der Germanischen Altertumskunde"", ""Eiendom, makt og statsdannelse. Kongsgårder og gods i Hordaland i yngre jernalder og middelalder. UBAS, Nordisk, 6. Institutt for arkeologi, historie, kultur-og religionsvitenskap"", ""Pre-christian cult at aristocratic residences and setlement complexes in southern scandinavia in the 3 rd -10 th centuries ad"", ""Kings and provinces in Sweden"", ""Stammesbildung und Verfassung. Das Werden der frühmittelalterlichen Gentes"", ""Helgö revisited. A new look at the excavated evidence for Helgö, central Sweden. Verein zur Förderung des Archäologischen landesmuseums"", ""Om kongevalg i Norge i sagatiden"", ""Sea kings on the Norðvegr. In: Skre D (ed) Avaldsnes-A sea-kings' manor in firstmillennium western Scandinavia: Reallexikon der Germanischen Altertumskunde-Ergänzungsbände""]}, {""theme"": ""Etymology and Linguistic Studies"", ""titles"": [""Våre arveord: Etymologisk ordbok""]}, {""theme"": ""General Iron Age Overviews"", ""titles"": [""The Iron Age""]}]",,1
33,Animal Osteology and Husbandry in the Iron Age,"This cluster is primarily defined by the osteological analysis of domestic animals (sheep, goats, horses) and wild fauna, focusing on taphonomy, butchery marks, and husbandry practices during the Iron Age. The titles bridge biological data with broader ecological and ritual contexts.",Ritual and burial contexts,A second group of 3 titles shares this theme.,"Björnen.Viltet,ekologinochmänniskan.Spånga: Svenska jägareförbundet | Arkeologi i fjäll, skog och bygd. 2. järnålder -medeltid","[{""theme"": ""Animal husbandry and osteological analysis"", ""titles"": [""Vertebrate Taphonomy"", ""Surface Modification on Bone; Trampling Versus Butchery"", ""Får"", ""Husdjurens Bellman. Om getter och getskötsel"", ""Hästavel. Dräktighet, fölning, unga föl""]}, {""theme"": ""Ritual and burial contexts"", ""titles"": [""Veitstu hvé blóta skal: The Old Norse blót in the light of osteological remains from Frösö Church"", ""Gravfält i Fångstmarken: Undersökningarna av Gravfälten på Smalnäset och Krankmårtenhögen, Härjedalen"", ""Templům Nobilissimum: Adam av Bremen, Uppsalatemplet och konflikt linjerna i Europa kring ãr 1075""]}, {""theme"": ""Regional archaeology and ecology"", ""titles"": [""Björnen.Viltet,ekologinochmänniskan.Spånga: Svenska jägareförbundet"", ""Arkeologi i fjäll, skog och bygd. 2. järnålder -medeltid""]}]",,3
34,Viking Age Iconography and Material Culture,"The cluster is dominated by studies of visual representations in the Viking Age, specifically focusing on picture stones, gold bracteates, and ship depictions. The titles analyze iconological details, workshop practices, and the reinterpretation of imagery using advanced imaging techniques like RTI.",Mythology and Textual Sources,A second group of 4 titles shares this theme.,The Viking and late Norse graves of Caithness and Sutherland,"[{""theme"": ""Viking Age Iconography and Religious Imagery"", ""titles"": [""Re-interpretations of Gotlandic picture stones based on the reflectance transformation imaging method (RTI): Some examples"", ""Der göttliche Schiffsbegleiter mit dem 'Hörnerhelm'. Ein bislang unbekanntes wikingerzeitliches Bildsteinfragment aus St. Valle im Kirchspiel Rute auf Gotland"", ""Picture-Stone Workshops on Viking Age Gotland. A Study of Craftworkersʼ Traces"", ""Die bildliche Wiedergabe von Götter-und Heldenwaffen im Norden seit der Völkerwanderungszeit: Zur Ikonologie der Goldbrakteaten XVIII"", ""Schiffsdarstellungen Auf Skandinavischen Grabsteinen""]}, {""theme"": ""Mythology and Textual Sources"", ""titles"": [""Nordiske Runeindskrifter og billeder paa Øen Man"", ""Edda. Die Lieder des Codex Regius nebst verwandten Denkmälern I: Text. Germanische Bibliothek. 4. Reihe: Texte. Fifth Edition"", ""Weltuntergangsvorstellungen. Eine Studie zur vergleichenden Religionsgeschichte. Sonderabdruck aus Kyrkohistorisk Årsskrift 1924"", ""Ragnarök. Die Sagen vom Weltuntergang. Übertragen von Wilhelm Ranisch""]}, {""theme"": ""Funerary Contexts"", ""titles"": [""The Viking and late Norse graves of Caithness and Sutherland""]}]",,4
35,Viking Age Burial Practices and Boat Graves,"The dominant axis of this cluster is the analysis of mortuary behavior, with a specific emphasis on boat burials and grave goods in Scandinavia. Titles examine specific sites like Birka and Slusegaard to interpret social status and ritual practices.",,,"Kings and commoners at copán: isotopic evidence for origins and movement in the classic maya period | The Origins of Drama in Scandinavia | Stora Hammars I in Lärbo. Lindqvist 1941-42, i: fig. 81, pl. 27 | Territory and Dominion in the Late Iron Age in Southern Scandinavia | Ideology and allegiance in East Anglia","[{""theme"": ""Viking Age burial customs and mortuary behavior"", ""titles"": [""Dying and the Dead: Viking Age Mortuary Behaviour"", ""Bestattung im Boot. Studien zu einer nord-europäischen Grabsitte. Offa, 25/26"", ""Boat-burials at Slusegaard and the Interpretation of the Boatgrave Custom"", ""Birka: Untersuchungen und Studien. 1. Die Gräber: Tafeln"", ""Ölands Järn åldersgravfält, 4 vols""]}, {""theme"": ""Regional Iron Age societies"", ""titles"": [""Territory and Dominion in the Late Iron Age in Southern Scandinavia"", ""Ideology and allegiance in East Anglia""]}, {""theme"": ""Specific artifacts and sites"", ""titles"": [""Stora Hammars I in Lärbo. Lindqvist 1941-42, i: fig. 81, pl. 27""]}]",Kings and commoners at copán: isotopic evidence for origins and movement in the classic maya period | The Origins of Drama in Scandinavia,2
36,"Iron Age Settlement, Milling, and Social Structure","The cluster is organized around the social history of Iron Age settlements, with a strong emphasis on the production of food (milling/querns) and the analysis of social hierarchies including slavery and patronage. It connects material culture like metalwork and exotic items to broader questions of power and ritual in early Scandinavian society.","Iron Age settlement, milling, and craft production",A second group of 3 titles shares this theme.,"Bergwerkslexicon | De ädla metallerna | Geoarkeologi inom kvarteret bryggaren, arkeologiska artefakter av sten från det medeltida uppsala","[{""theme"": ""Iron Age settlement, milling, and craft production"", ""titles"": [""Rotary Querns and Bread: A Social History of Iron Age Sweden"", ""Järnåldersboplatsen från Uppåkra"", ""Fållnäs. Arkeologiska undersökningar. Del 2. Ett vikingatida gravfält, RAÄ 518 vid Fållnäs gård, Sorunda sn""]}, {""theme"": ""Power, slavery, and social structure"", ""titles"": [""Lord and Lady -Bryti and Deigja. Some historical and etymological aspects of family, patronage and slavery in Early Scandinavia and Anglo-Saxon England."", ""Makt, kult och plats. Två seminarier arrangerade av Stockholms läns museum under""]}, {""theme"": ""Metalwork and exotic items"", ""titles"": [""Bergwerkslexicon"", ""De ädla metallerna"", ""Geoarkeologi inom kvarteret bryggaren, arkeologiska artefakter av sten från det medeltida uppsala"", ""Exotic and sacral items from Helgö. Figural gold foils found in Sweden""]}, {""theme"": ""Ritual and agriculture"", ""titles"": [""För gårdens välgång. kult och rit i järnålderns långhus, vridkvarnsofer i stolphål""]}]","Lord and Lady -Bryti and Deigja. Some historical and etymological aspects of family, patronage and slavery in Early Scandinavia and Anglo-Saxon England. Dorothea Coke memorial lecture in Northern Studies",3
37,Female Warriors and Gender in Viking Contexts,"This cluster centers on the debate surrounding female warriors and gender roles, combining archaeological reassessments of grave goods with literary analyses of warrior women in sagas.",Female Warriors and Gender in Viking Contexts,A second group of 4 titles shares this theme.,,"[{""theme"": ""Female Warriors and Gender in Viking Contexts"", ""titles"": [""Amazons of the North? Armed females in Viking archaeology and medieval literature"", ""Miniature Shields in the Viking Age: A Reassessment"", ""Warrior-Women' in Viking Age Scandinavia? A Preliminary Archaeological Study"", ""Perilous Women in Hálfs saga and Hrólfs saga kraka""]}, {""theme"": ""General Scandinavian Antiquities and Catalogues"", ""titles"": [""Runde Silberblechanhänger mit punziertem Muster"", ""Norges Oldtid, Mindesmaerker Og Oldsager"", ""Social \""Status\"" and Biological \""Status\"": A Comparison of Grave Goods and Skeletal Indicators from Pontecagnano"", ""Society of Antiquaries of London Dobat"", ""Die Wikingerzeit Gotlands, iii.1-2, Stockholm: Almqvist & Wiksell trotzig, Gustaf. 2004. 'trons försvarare i Birka"", ""Odenses forgaengereller: én af mange?""]}]",,4
39,Viking Age Social Dynamics and Slavery,"This cluster centers on the social hierarchies of the Viking world, with a specific focus on the institution of slavery, gender roles, and the construction of masculinity. The titles explore the 'invisible archaeology' of slave markets, the lives of women in polygynous societies, and the broader impact of enslaved people.",Hagiography and Saga Literature,A second group of 3 titles shares this theme.,,"[{""theme"": ""Social Structures: Gender, Slavery, and Power"", ""titles"": [""Playing Vikings: Militarism, hegemonic masculinities, and childhood enculturation in Viking Age Scandinavia"", ""The Slave Markets of the Viking World: Comparative Perspectives on an Invisible Archaeology"", ""Polygyny, Concubinage and the Social Life of Women in Viking-Age Scandinavia"", ""How Stolen People Changed the World""]}, {""theme"": ""Hagiography and Saga Literature"", ""titles"": [""Óláfs saga Tryggvasonar"", ""Anskar: Apostle of the North"", ""The Saga of the People of Laxardal""]}, {""theme"": ""Comparative Slave Trade Studies"", ""titles"": [""Course et Captivité des Femmes dans la Régence de Tunis Aue XVIe et XVIIe Siècles"", ""Archaeological Data Recovery Investigation of the Lumpkin's Slave Jail Site (44HE1053)"", ""The Slave Trade in Northern Ghana: Landmarks, Legacies and Connections""]}]",,3
47,Archaeology of Hedeby and the Danevirke fortifications,"The dominant axis is the archaeological investigation of the Viking-Age trading town of Hedeby (Haithabu) and its associated defensive system, the Danevirke. The titles cover excavation methods, settlement history, military organization, and the site's eventual decline.",Maritime culture and trade networks,A second group of 3 titles shares this theme.,,"[{""theme"": ""Archaeological research and settlement history at Hedeby (Haithabu) and Danevirke"", ""titles"": [""Detektoruntersuchungen in haithabu 2003-2015: aussagemöglichkeiten und erkenntnisgewinn für die entstehung eines wikingerzeitlichen handelszentrums"", ""Research in Hedeby: Obligations and responsibilities"", ""Hedeby's demise in the late Viking Age and the shift to Schleswig"", ""Das Tor im Danewerk bei Rothenkrug: Ausgrabungen 2010 und 2011"", ""Haithabu -Die Siedlungsgrabungen. I. Methoden und Möglichkeiten der Auswertung"", ""Danevirke revisited: An investigation into military and socio-political organisation in South Scandinavia (c AD 700 to 1100)"", ""Recent archaeological research in Haithabu""]}, {""theme"": ""Maritime culture and trade networks"", ""titles"": [""Wulfstan's Voyage. he Baltic Sea region in the early Viking Age as seen from shipboard. Maritime Culture of the North 2"", ""Til hele rigets vaern. Danevirkes arkaeologi og historie. Højbjerg: Moesgard og Wormianum"", ""Continental and Insular Imports in Viking Age Denmark, Distribution and circulation""]}]",,3
50,Environmental History of Norse Settlements,"This cluster is organized around the environmental history of Norse settlements in Iceland and Greenland, focusing on the consequences of landnám (settlement), volcanic activity, and climate observations. The titles explore how these societies adapted to and altered their environments.",Anthropocene and Climate History,A second group of 3 titles shares this theme.,Kongespeillitteratur. Kulturhistorisk Leksikon for Nordisk Middelalder 9,"[{""theme"": ""Medieval Iceland and Greenland Environment"", ""titles"": [""Medieval Iceland, Greenland, and the New Human Condition: A case study in integrated environmental humanities"", ""Landscape legacies of landnám in iceland: what has happened to the environment as a result of settlement, why did it happen and what have been some of the consequences"", ""Volcanism in iceland in historical time: volcano types, eruption styles and eruptive history"", ""Local Knowledge and Travellers' Tales: A Selection of Climatic Observations in Iceland""]}, {""theme"": ""Medieval Norse Settlements and Textiles"", ""titles"": [""Dress, cloth, and the farmer's wife: textiles from Ø 172 Tatsipataakilleq Greenland with comparative data from Iceland"", ""Norse Greenland: Selected Papers from the Hvalsey Conference""]}, {""theme"": ""Anthropocene and Climate History"", ""titles"": [""The Anthropocene Is Functionally and Stratigraphically Distinct From the Holocene"", ""Climate over past Millennia"", ""An Environmental History of Medieval Europe. Cambridge Medieval Textbooks""]}]",Kongespeillitteratur. Kulturhistorisk Leksikon for Nordisk Middelalder 9,3
51,Marine Reservoir Effects and Radiocarbon Dating,"The dominant theme is the technical challenge of radiocarbon dating in marine contexts, specifically addressing the marine reservoir effect and contamination issues arising from marine mammal diets. The cluster focuses on methodological refinements for accurate dating of organic materials.",Marine Resource Use and Technology,A second group of 5 titles shares this theme.,,"[{""theme"": ""Marine Reservoir Effects and Radiocarbon Dating"", ""titles"": [""The Natural Distribution of Radiocarbon and the Exchange Time of Carbon Dioxide Between Atmosphere and Sea"", ""Textiles and Radiocarbon Dating"", ""14C activity of Arctic marine mammals"", ""Radiocarbon dating: The continuing revolution"", ""The North Atlantic marine reservoir effect in the early Holocene: Implications for defining and understanding MRE values""]}, {""theme"": ""Marine Resource Use and Technology"", ""titles"": [""Dorset, Norse, or Thule? Technological transfers, marine mammal contamination, and AMS dating of spun yarn and textiles from the Eastern Canadian Arctic"", ""Weaving wealth: Cloth and trade in Viking Age and medieval Iceland"", ""Interaction, Adaptation, and Culture Change: Lithic Exchange in Dorset Society"", ""The Paleoeskimo in Northern Baffinland"", ""Surplus production and marine resource use in the north Norwegian Iron Age""]}]",,5
52,Norse settlement ecology and climate adaptation,"This cluster is organized around the intersection of environmental change, specifically climate shifts like the Little Ice Age, and human adaptive strategies during Norse colonization of the North Atlantic. It explores how demographic pressures, resource management, and behavioral ecology influenced the success or failure of settlements in Greenland and Scandinavia.",Subsistence ecology and domestication,A second group of 3 titles shares this theme.,,"[{""theme"": ""Norse settlement ecology and climate adaptation"", ""titles"": [""Disequilibrium, adaptation, and the Norse settlement of Greenland"", ""Climate Change, Demography, and Social Relations: An Alternative View of the Late Palaeolithic Pioneer Colonization of Southern Scandinavia"", ""Endperiod demographics of the Greenland Norse"", ""Behavioural Ecology and the Future of Archaeological Science"", ""Abrupt Onset of the Little Ice Age Triggered by Volcanism and Sustained by Sea-Ice/ocean Feedbacks"", ""The North Atlantic farm: an environmental view"", ""Conceptual Modelling of Seafaring, Climate and Early European Exploration and Settlement of the North Atlantic Islands""]}, {""theme"": ""Subsistence ecology and domestication"", ""titles"": [""Caribou and Seal Hair: Examining by Scanning Electron Microscope"", ""Til seters"", ""Domesticated Landscapes: The Subsistence Ecology of Plants and Animal Domestication""]}]",,3
55,Vikings in Russia and Staraya Ladoga,"This cluster is centered on the origins, settlement, and significance of Staraya Ladoga as the first capital of Rus', exploring the Viking presence in Eastern Europe. The titles discuss excavations, urban planning, and the broader role of Rus' in medieval Europe.",Population Structure and Mobility,A second group of 3 titles shares this theme.,Diagenesis and the reconstruction of paleoenvironments: a method to restore original δ 18 o values of carbonate and phosphate from fossil tooth enamel,"[{""theme"": ""Vikings in Russia and Staraya Ladoga"", ""titles"": [""Vikins in Russia: Origins of the medieval inhabitants of Staraya Ladoga"", ""Vikins in Russia: Origins of the Medieval Inhabitants of Staraya Ladoga"", ""Raskop na varyazhskoj uliсe: postrojki i planirovki // staraya ladoga: novye arheologicheskie otkrytiya i issledovaniya"", ""The place of Rus' in medieval Europe"", ""Staraya Ladoga: first capital of Rus""]}, {""theme"": ""Population Structure and Mobility"", ""titles"": [""About role of Bronze Age populations in formation of population structure of the forest area of East Europe"", ""Beyond the sea: migrations and the middle ground in the coastal region of Finland proper during the Roman Iron Age"", ""Vikings on Gotland: human mobility in the Western Baltic at the end of the First Millennium AD Arppe Laure""]}, {""theme"": ""Paleoenvironmental Reconstruction"", ""titles"": [""Diagenesis and the reconstruction of paleoenvironments: a method to restore original δ 18 o values of carbonate and phosphate from fossil tooth enamel""]}]",The image of old Rus' in old Norse literature (a placename study) | Vikings in Russia: Origins of the Medieval Inhabitants of Staraya Ladoga | Vikings in Russia: Origins of the medieval inhabitants of Staraya Ladoga,3
56,Evolutionary anthropology of Viking raiding and sex ratios,This cluster is defined by an evolutionary anthropological perspective linking male-biased operational sex ratios to the phenomenon of Viking raiding and polygyny. It treats social behaviors like warfare and marriage systems as adaptive strategies driven by demographic pressures in Late Iron Age Scandinavia.,Evolutionary anthropology and sex ratios in raiding,A second group of 3 titles shares this theme.,Vikings' Settlements in Ireland before 1014 | The Vikings on the continent in myth and history,"[{""theme"": ""Evolutionary anthropology and sex ratios in raiding"", ""titles"": [""Male-Biased Operational Sex Ratios and the Viking Phenomenon: An Evolutionary Anthropological Perspective on Late Iron Age Scandinavian Raiding"", ""Male-biased operational sex ratios and the Viking phenomenon: An evolutionary anthropological perspective on Late Iron Age Scandinavian raiding"", ""Warfare, Sex Ratio, and Polygyny""]}, {""theme"": ""Polygyny, concubinage, and kingship"", ""titles"": [""Declaration on Behalf of an Archaeology of Sexe"", ""Laws of Early Iceland"", ""The Politics of Reproduction: Medieval Norwegian Kingship"", ""Vielehe"", ""Das konkubinat nach altwestnordischen quellen""]}, {""theme"": ""Viking settlements and historical narratives"", ""titles"": [""Vikings' Settlements in Ireland before 1014"", ""The Vikings on the continent in myth and history""]}]",,3
58,"Disability, Gender, and Queer Theory in Viking Studies","This cluster is organized around the application of modern critical frameworks—specifically disability studies, feminist theory, and queer theory—to Viking Age mythology, imagery, and literature. The titles collectively explore how bodily variations, gender norms, and non-normative identities are constructed, challenged, or represented in Norse sources.",,,Historia I Fickformat. Statens Historiska Museum,"[{""theme"": ""Bodily variation, disability, and gender/queer theory in Viking contexts"", ""titles"": [""Ability and Disability: On Bodily Variations and Bodily Possibilities in Viking Age Myth and Image"", ""Negotiating Normativities: \""Odin from Lejre\"" as Challenger of Hegemonic Orders"", ""The sense of being seen: Ocular effects at Sutton Hoo"", ""Gender, Feminist, and Queer Archaeologies: USA Perspective"", ""Skygger av en annen virkelighet: oldnordiska myter"", ""Odin the queer. On ergi and shamanism in Norse mythology"", ""Extraordinary Bodies: Figuring Physical Disability in American Culture and Literature"", ""Mand eller kvinde -gør det en forskel"", ""From the Mute God to the Lesser God: Disability in Medieval Celtic and Old Norse Literature""]}, {""theme"": ""Institutional history"", ""titles"": [""Historia I Fickformat. Statens Historiska Museum""]}]",,1
60,Material Culture and Archaeological Evidence of Viking Towns,"This cluster focuses on specific archaeological case studies, material assemblages like combs and ceramics, and the physical development of fortifications and craft specialization in towns such as Ribe and Birka.",,,Saeteren ved argisbrekka. økonomiske forandringer på faerøerne i vikingetid og tidlig middelalder | Othere's Voyages: A Late 9th-Century Account of Voyages along the Coasts of Norway and Denmark and its Cultural Context. Roskilde: Viking ship Museum/Vikingeskibshallen,"[{""theme"": ""Viking Age Urbanism, Trade Networks, and Towns"", ""titles"": [""What really caused the Viking Age? The social content of raiding and exploration. Archaeological Dialogues"", ""Urban Networks and Arctic Outlands: Craft Specialists and Reindeer Antler in Viking Towns"", ""Northern Emporium: The archaeology of urban networks in Viking-Age Ribe"", ""Extraordinary Cities: Early 'City-ness' and the Origins of Agriculture and States"", ""Towns and Markets, Kings and Central Places in South-Western Scandinavia C. Ad 800-950"", ""ASR 1000 Ribelund II, in Det AEldste Ribe: Udgravninger på Nordsiden af Ribe Å 1984-2000, ed. C. Feveile. (Ribe Studier 1.2.) Aarhus: Jysk Arkaeologisk Selskab"", ""Viking Age Combs, Comb Making and Comb Makers in the Light of Finds from Birka and Ribe"", ""The Defence and Town Fortifications of Århus from the 8th to the 15th Century""]}, {""theme"": ""Maritime Voyages and Economic Activities"", ""titles"": [""Saeteren ved argisbrekka. økonomiske forandringer på faerøerne i vikingetid og tidlig middelalder"", ""Othere's Voyages: A Late 9th-Century Account of Voyages along the Coasts of Norway and Denmark and its Cultural Context. Roskilde: Viking ship Museum/Vikingeskibshallen""]}]",,2
61,Forest resource exploitation and tar production,"This cluster centers on the extraction, processing, and application of forest products, specifically pine tar, charcoal, and birch bark, during the Viking Age and medieval periods. The titles collectively examine the industrial processes of tarring and charring alongside their practical applications in ship maintenance, church preservation, and daily life.",,,"Tallinn: National Heritage Board, Tallinn Culture and Heritage Department | Bönder och samhälle i statsbildningstid: en bebyggelsearkeologisk studie av agrarsamhället i norra roden 700-1350. rapporter från barknåreprojektet iii | En diskussion utifrån vegetationsförändringar vid öjningsvallen under 1500 år","[{""theme"": ""Forest-based resource production and processing"", ""titles"": [""Whalebone gaming pieces: Aspects of marine mammal exploitation in Vendel and Viking Age Scandinavia"", ""Viking Age Tar Production and Outland Exploitation"", ""Tarring Maintenance of Norwegian Medieval Stave Churches. Characterisation of Pine Tar During Kilnproduction, Experimental Coating and Weathering"", ""Handbok för kolare"", ""Tjära, barkbröd och vildhonung (skrifter om skogs-och lantbrukshistoria 9"", ""Sommaränge. hus, odling och tjärframställning (upplandsmuseet rapport 2002:02). uppsala: avdelningen för arkeologiska undersökningar""]}, {""theme"": ""Agricultural settlement and land use history"", ""titles"": [""Bönder och samhälle i statsbildningstid: en bebyggelsearkeologisk studie av agrarsamhället i norra roden 700-1350. rapporter från barknåreprojektet iii"", ""En diskussion utifrån vegetationsförändringar vid öjningsvallen under 1500 år""]}, {""theme"": ""Maritime infrastructure and warfare"", ""titles"": [""Viking-Age War Fleets: Shipbuilding, Resource Management and Maritime Warfare in 11 Th -Century Denmark""]}]","Tallinn: National Heritage Board, Tallinn Culture and Heritage Department",2
62,Anglo-Scandinavian Pottery Production and Analysis,"This cluster centers on the technological, economic, and social aspects of ceramic production in Anglo-Saxon and Viking-Age England. The titles cover specific sites like Torksey and Newark, methodological approaches such as scanning electron microscopy and archaeomagnetic dating, and the broader context of pottery supply chains.",,,,"[{""theme"": ""Pottery Production and Ceramic Analysis in Anglo-Scandinavian Sites"", ""titles"": [""Pottery production in Anglo-Scandinavian Torksey (Lincolnshire): Reconstructing and contextualising the chaîne opératoire"", ""Situation vacant: Potter required in the newly founded Late Saxon burh of Newark-on-Trent, Nottinghamshire"", ""Anglo-Saxon Lincolnshire"", ""The Production and Supply of Pot"", ""The Birth of a Borough: an Archaeological Study of Anglo"", ""Archaeological Ceramics Studied by Scanning Electron Microscopy"", ""Verity' (unpubl rep, Pre-Construct Archaeology"", ""Magnetic dating III: further archaeomagnetic measurements in Britain"", ""Identification of Post-Depositional Chemical Alteration of Ceramics From the North Coast of Papua New Guinea"", ""Torksey Ware Viewed From the North""]}]",,0
66,"Viking Age Political Structures, Diaspora, and Naval Power","This cluster uniquely examines the mechanisms of political authority, migration patterns, and naval capabilities alongside trade.",,,"Mohammed and Charlemagne | Transnationalism and Migration: Locating Sociocultural Practices Among Mexican Immigrants in the United States | Insular Belt-Fittings From the Pagan Norse Graves of Scotland: A Reappraisal in the Light of Scientific and Stylistic Analysis | Mångtydiga fornlämningar. en studie av innebörder som tillskrivits fasta fornlämningar i österrekarne härad, södermanland","[{""theme"": ""Viking Trade, Mobility, and Naval Power"", ""titles"": [""Detecting the Medieval Cod Trade: A New Method and First Results"", ""Rounding up the usual suspects: Causation and the Viking Age diaspora"", ""Wics: the early medieval trading centres of Northern Europe"", ""Dark Age naval power: a reassessment of Frankish and Anglo-Saxon seafaring activity""]}, {""theme"": ""Political Economy and Power"", ""titles"": [""How Chiefs Come to Power: The Political Economy in Prehistory""]}, {""theme"": ""Material Culture and Insular Connections"", ""titles"": [""Insular Belt-Fittings From the Pagan Norse Graves of Scotland: A Reappraisal in the Light of Scientific and Stylistic Analysis"", ""Mångtydiga fornlämningar. en studie av innebörder som tillskrivits fasta fornlämningar i österrekarne härad, södermanland""]}, {""theme"": ""Comparative Historical Contexts"", ""titles"": [""Mohammed and Charlemagne"", ""Transnationalism and Migration: Locating Sociocultural Practices Among Mexican Immigrants in the United States""]}]","The beginning of the Viking Age -some current archaeological problems, in A",2
69,Genomic analysis of fish and human populations,"The dominant axis of this cluster is the application of genetic and genomic methods to study biological populations, with a strong emphasis on marine fisheries (cod, salmon) in the Viking Age and medieval contexts. A significant secondary focus involves human genetics, covering forensic applications, population structure analysis, and methodological advances in ancient DNA extraction.",Human population genetics and forensics,A second group of 4 titles shares this theme.,"Viking Age Hedeby and its relations with Iceland and the North Atlantic: Communications, long-distance trade, and production. Viking Archaeology in Iceland: Mosfell Archaeological Project","[{""theme"": ""Genetic analysis of marine fish populations"", ""titles"": [""Ancient DNA reveals the Arctic origin of Viking Age cod from Haithabu"", ""Two Adjacent Inversions Maintain Genomic Differentiation Between Migratory and Stationary Ecotypes of Atlantic Cod"", ""Carp, cods and connections: New fisheries in the medieval European economy and environment. Animals in Human Histories: The Mirror of Nature and Culture"", ""Can salmonids (Oncorhynchus spp.) be identified to species using vertebral morphometrics? A test using ancient DNA from Coffman Cove"", ""Marked genetic structuring in localised spawning populations of cod gadus morhua in the north sea and adjoining waters, as revealed by microsatellites""]}, {""theme"": ""Human population genetics and forensics"", ""titles"": [""Improving Human Forensics Through Advances in Genetics, Genomics and Molecular Biology"", ""Investigation of Inversion Polymorphisms in the Human Genome Using Principal Components Analysis"", ""DNA Commission of the International Society for Forensic Genetics (ISFG): Recommendations regarding the role of forensic genetics for disaster victim identification (DVI)"", ""Optimal ancient DNA yields from the inner ear part of the human petrous bone""]}]","Viking Age Hedeby and its relations with Iceland and the North Atlantic: Communications, long-distance trade, and production. Viking Archaeology in Iceland: Mosfell Archaeological Project",4
70,Viking Expansion and Settlement in the British Isles,"The cluster is organized around the chronological and geographical spread of Viking activity, specifically focusing on the initial phases of settlement in Scotland, Ireland, and England during the 9th century. It combines broad historical narratives with specific archaeological evidence regarding trade goods like sceattas and stone tools.",,,"The Gothic History of Jordanes in English Version | I høvdinganes vald | Things from the town: artefacts and inhabitants in Viking-Age Kaupang. Norske oldfunn. In: Skre D (ed) The Pottery | Potassium-argon ages of schist honestones from the Viking Age sites at Kaupang (Norway), Aggersborg (Denmark), Hedeby (West Germany) and Wolin (Poland), and their archaeological implications","[{""theme"": ""Viking expansion and settlement in the British Isles"", ""titles"": [""The beginning of the Viking Age in the West"", ""The Norse in Scotland"", ""The Vikings in Scotland and Ireland in the ninth century"", ""The Beginning of Scandinavian Settlement in England: The Viking 'Great Army' and Early Settlers, c. 865-900""]}, {""theme"": ""Kaupang and specific site studies"", ""titles"": [""Things from the town: artefacts and inhabitants in Viking-Age Kaupang. Norske oldfunn. In: Skre D (ed) The Pottery"", ""Potassium-argon ages of schist honestones from the Viking Age sites at Kaupang (Norway), Aggersborg (Denmark), Hedeby (West Germany) and Wolin (Poland), and their archaeological implications""]}, {""theme"": ""Material culture and trade networks"", ""titles"": [""Sceattasfundene Fra Ribe: Nogle Arkaeologiske Kendsgerninge"", ""The Petrography and Archaeology of English Honestones""]}]",I høvdinganes vald | The Gothic History of Jordanes in English Version,2
72,Alpine environmental archaeology and resource exploitation,"The cluster focuses on the interaction between human societies and the alpine environment in Scandinavia, particularly regarding reindeer herding, mountain industries (pitch), and the impact of climate change events like the AD 536 dust veil. It utilizes evidence from melting snow patches and bone middens.",,,"Oppland County Council, site report. On file at Innlandet County Council","[{""theme"": ""Environmental archaeology and alpine resource use in Scandinavia"", ""titles"": [""Twilight of the Gods? : The 'dust Veil Event' of Ad 536 in Critical Perspective"", ""Villreinfangst i Varanger fram til 1600-1700 årene"", ""Heaps of Fascinating Fragments: Reconstructing a Medieval Reindeer Population Based on Bone Middens From the Hardangervidda High Mountain Plateau"", ""Melting snow patches reveal Neolithic archery"", ""Latest Pleistocene and Holocene alpine glacier fluctuations in Scandinavia"", ""Climate Change 2014: synthesis report"", ""The castle and the warren: medieval East Anglian fur culture in context"", ""Pitch Production During the Roman Period: An Intensive Mountain Industry for a Globalised Economy?"", ""Reindeer: The Mountain Nomad""]}, {""theme"": ""Regional site reports"", ""titles"": [""Oppland County Council, site report. On file at Innlandet County Council""]}]",,1
74,Viking Feasting Practices and Orkney Settlement Archaeology,"This cluster focuses on specific empirical evidence regarding ritual consumption, faunal remains, and settlement patterns in Viking Age Orkney and Ireland.",Environmental change and land use,A second group of 3 titles shares this theme.,On the Writing of the Orkneyinga Saga,"[{""theme"": ""Feasting, consumption, and commensality"", ""titles"": [""The Nature of the Feast: Commensality and the Politics of Consumption in Viking Age and Early Medieval Northern"", ""Guess Who's Coming to Dinner: Feasting Rituals in the Prehistoric Societies of Europe and the near East""]}, {""theme"": ""Environmental change and land use"", ""titles"": [""From Golden Age to Depression: Land, Lord and Environmental Change in the Medieval Earldom of Orkney"", ""Agriculture, Settlement and Society in Early Medieval Ireland"", ""What was the Viking Age and when did it happen? A view from Orkney""]}, {""theme"": ""Faunal analysis and zooarchaeology"", ""titles"": [""Animal Bone"", ""Bird Bones"", ""The Mammal Bones"", ""In Excavations at Pool, Sanday. A Multi-Period Settlement from Neolthic to Late Norse Times""]}]",On the Writing of the Orkneyinga Saga,3
75,Viking Excavations in Britain and Ireland,"This cluster is defined by specific excavation reports from major Viking Age sites across Britain and Ireland, covering settlements, castles, and monastic towns.",,,"Steatite Vessels and the Viking Diaspora: Migrants, Travellers, and Cultural Change in Early Medieval Britain and Ireland | Stone bowls/dishes","[{""theme"": ""Excavation Reports of Viking Sites in Britain and Ireland"", ""titles"": [""Flixborough, Lincolnshire (Excavation Report)"", ""A Viking Age maritime haven: a reassessment of the island settlement at Beginish, Co. Kerry"", ""Portchester Castle, Hampshire (Excavation Report)"", ""Ribblehead, Yorkshire (Excavation Report)"", ""York, Yorkshire (Excavation Report)"", ""Stamford, Lincolnshire (Excavation Report)"", ""Whithorn and St Ninian: The Excavation of a Monastic Town, 1984-91"", ""Little Paxton, Cambridgeshire (Excavation Report)""]}, {""theme"": ""Material Culture Analysis"", ""titles"": [""Steatite Vessels and the Viking Diaspora: Migrants, Travellers, and Cultural Change in Early Medieval Britain and Ireland"", ""Stone bowls/dishes""]}]",,2
76,Sámi-Norse Borderlands and Indigenous Interactions,"This cluster is primarily defined by research into the interactions between Sámi and Norse populations in Southern Norway, covering ethnic histories, legal rights, and landscape usage from prehistoric to medieval times.",Typological and Chronological Analyses of Artifacts,A second group of 3 titles shares this theme.,,"[{""theme"": ""Sámi-Norse Borderlands and Indigenous Interactions"", ""titles"": [""Changing histories and ethnicities in a Sámi and Norse borderland"", ""Runebommehammeren fra Rendalenet minne etter samer i Sør-Norge i middelalderen?"", ""Universitetets Oldsaksamlings Årbok"", ""Geofysiske undersøkelser ved Høie Mellem"", ""Femunden. utnyttelsen av naturgrunnlaget i steinalder og eldre jernalder"", ""Norges Offentlige Utredninger) 2007. Den Nye Sameretten"", ""New Technology in an Existing 'Lithic Landscape' -Southern Norway: A Melting Pot in the Late Neolithic and Bronze Age""]}, {""theme"": ""Typological and Chronological Analyses of Artifacts"", ""titles"": [""En Typologisk-Kronologisk Analyse"", ""Kredithandel med tilhjälp av karvstock. en epok i mänsklighetens historia"", ""Steingeräte mit Rille. Kungliga vitterhets-, historie-och antikvitets akademiens handlingar Antikvariska serien 4. Stockholm: Almquist and Wiksell""]}]",,3
78,Viking Age Urban Craft Production,"The dominant axis of this cluster is the organization and production of crafts within Viking Age urban centers, utilizing concepts like 'réseau opératoire' and specific case studies from Ribe and Kaupang. The titles explore how craft collaborations and high-definition excavation standards reveal the social and economic structures of early medieval workshops.",Ethnic Identity and Historical Sources,A second group of 4 titles shares this theme.,,"[{""theme"": ""Viking Age Urbanization and Craft Production"", ""titles"": [""Single Context, Metacontext, and High Definition Archaeology: Integrating New Standards of Stratigraphic Excavation and Recording"", ""Cultures without borders? Approaching the cultural continuum in the Danish-Frisian coastal areas in the early Viking Age"", ""The réseau opératoire of Urbanization: Craft Collaborations and Organization in an Early Medieval Workshop in Ribe, Denmark"", ""Urban craftspeople at Viking-age Kaupang"", ""Masseproduktion af urnesfibler!. Aarbøger for Nordisk Oldkyndighed Og Historie"", ""Vikingetidens Metalbearbejdning. (Fynske studier 17.) Odense: Odense Bys Museer""]}, {""theme"": ""Ethnic Identity and Historical Sources"", ""titles"": [""Vorbemerkungen zu den archäologischen Beiträgen, in Das Handwerk in vor-und frühgeschichtlicher Zeit. Teil II: Archäologische und philologische Beiträge"", ""Vita Anskarii, in Quellen des 9. und 11. Jahrhunderts zur Geschichte der hamburgischen Kirche und des Reiches"", ""Das Bild der Normannen und der Normanneneinfälle in westfränkischen, ostfränkischen und angelsächsischen Quellen des 8. bis 11. Jahrhunderts"", ""Telling the Difference: Signs of Ethnic Identity""]}]",,4
79,Numismatics and Monetary Exchange in Antiquity,"The cluster is dominated by studies of coins and currency as economic and ritual objects in the Roman, Iron Age, and early medieval worlds. It examines the archaeological context of coin hoards, their use in sanctuaries, and their role in social organization across different cultures.",,,Images of the euro. National representation and European identity | The euro changeover and numerical intuition for prices in the old and new currencies,"[{""theme"": ""Coins, Currency, and Economic Exchange in Antiquity"", ""titles"": [""Rethinking Numismatics: The Archaeology of Coins"", ""Der Schatz des Joel ben Uri Halewi. Der Kölner 'Rathausfund' von 1953 als Zeugnis der Judenpogrome im Jahr 1349"", ""Coins and ritual in late Iron Age and early Roman sanctuaries in the territory of the Treveri"", ""Roman and Celtic objects from Anglo-Saxon graves. A catalogue and an interpretation of their use"", ""Between Artifacts and Textshistorical Archaeology in Global Perspective"", ""Coins, Money and Exchange in the Roman World. a Cultural-Economic Perspective"", ""Plus ça change. Currency in central Gaul from Julius Caesar to Nero""]}, {""theme"": ""Modern Currency and Identity"", ""titles"": [""The euro changeover and numerical intuition for prices in the old and new currencies"", ""Images of the euro. National representation and European identity""]}]",Ethnic Groups and Boundaries: The Social Organization of Culture Difference,2
80,Ethnic interaction and settlement in Northern Europe,"The primary axis examines ethnic processes and interactions between Sami, Finns, and Scandinavians, using material culture like boathouses and multi-room houses as indicators.",Environmental history and vegetation,A second group of 3 titles shares this theme.,"Stornaust ved hafrsfjord og andre steder á et bidrag til skipsfartshistorien, fra ´haug ok heiðni | The End of History? Archaeology and the Politics of Identity in a Globalized World | Other Worlds: Essays in Cultural Politics","[{""theme"": ""Ethnic interaction and settlement in Northern Europe"", ""titles"": [""Boathouses as Indicators of Ethnic Interaction?"", ""Den sjøsamiske bosetting i helgøy fram til ca. 1800: en undersøkelse av en etnisk gruppe med utgangspunkt i materielle bosettingsspor"", ""Saamis (Lapps), Finns and Scandinavians in history and prehistory: ethnic origins and ethnic processes in Fenno-Scandinavia"", ""Crossing Borders: Multi-Room Houses and Inter-Ethnic Contacts in Europe's Extreme North""]}, {""theme"": ""Environmental history and vegetation"", ""titles"": [""Distal cryptotephra found in a viking boathouse: the potential for tephrochronology in reconstructing the iron age in norway"", ""Fra istid til Laestadius"", ""Vegetasjonshistorien i gamle Helgøy herred, Troms. Nord-Norge: med saerlig henblikk pa ˚menneskets innvirkning""]}, {""theme"": ""Ship history and identity politics"", ""titles"": [""Stornaust ved hafrsfjord og andre steder á et bidrag til skipsfartshistorien, fra ´haug ok heiðni"", ""The End of History? Archaeology and the Politics of Identity in a Globalized World"", ""Other Worlds: Essays in Cultural Politics""]}]",,3
81,Quernstones and soapstone vessels,"The dominant axis is the study of domestic ceramic and stone artifacts, specifically quernstones and soapstone vessels, used for food preparation. The cluster focuses on their regional distribution, function as commodities, and changes in culinary traditions from the Viking Age through the Middle Ages.",Regional settlement and urban history,A second group of 4 titles shares this theme.,RN = Regesta Norvegica I,"[{""theme"": ""Domestic and culinary artifacts in Viking Age and medieval Scandinavia"", ""titles"": [""Stones for bread: regional differences and changes in scandinavian food traditions related to the use of quernstones, bakestones and soapstone vessels c. ad 800-1500"", ""Soapstone vessels and quernstones as commodities in the Viking Age and Middle Ages"", ""Die Specksteinfunde aus Haithabu. Berichte über die Ausgrabungen in Haithabu, Bericht 14"", ""Give us this day our daily bread. A study of Late Viking Age and medieval quernstones in South Scandinavia"", ""Kleberkarene fra Bryggen i Bergen: En arkeologisk analyse av kleberkarene funnet på Bryggen i Bergen fra middelalder og etterreformatorisk tid. Unpublished Master's thesis in archaeology""]}, {""theme"": ""Regional settlement and urban history"", ""titles"": [""Høybøen -en ødegård på Sotra"", ""Viking/medieval Settlement in the Heathland Area of Nordhordland"", ""Bergen bys historie. Bind I. Kongssete og kjøpstad. Fra opphavet til 1536"", ""Things from the Town. Artefacts and Inhabitants in Viking-age Kaupang""]}, {""theme"": ""Legal and administrative records"", ""titles"": [""RN = Regesta Norvegica I""]}]",,4
82,Iron Production and Economic History in Medieval Norway,"This cluster is dedicated to the archaeology of iron production in Norway from the Viking Age through the Middle Ages. The titles analyze regional variations in smelting techniques, the economic impact of iron on society, and the relationship between resource extraction and state formation.",,,,"[{""theme"": ""Iron Production and Economic History in Medieval Norway"", ""titles"": [""The prime movers of iron production in the Norwegian Viking and Middle Ages"", ""The extensive iron production in Norway in the tenth to thirteenth century: a regional perspective. I Viking-Age Transformations: Trade, Craft and Resources in Western Scandinavia, redigert av Zanette Glørstad og Kjetil Loftsgarden, s. 111-123"", ""Mellom aust og vest: ein arkeologisk analyse av jarnvinna kring langfjella i yngre jarnalder og mellomalder. upublisert doktorgradsavhandling i arkeologi"", ""Blesterbruk og myrjern: studier i den gamle jernvinna i det østenfjelske norge"", ""Kven åtte jorda i den gamle leiglendingstida? fordelinga av jordeigedomen i noreg i 1661"", ""Jernvinna på Møsstrond i Telemark: En studie i teknikk, bosetning og økonomi. Norske oldfunn XIII"", ""Norge blir en stat"", ""Jernets dunkle dimensjon: jernvinna i sørlige hedmark, sentral økonomisk faktor og premiss for samfunnsutvikling c. ad700-1300. upublisert doktorgradsavhandling i arkeologi"", ""Kolgroper -gull eller gråstein?"", ""Myrmalmsmeltning i Norge i aeldre tid""]}]",,0
85,Viking Age House Types and Settlements,"This group focuses on the analysis of specific Viking Age house types, village structures, and landscape history within Denmark and the North Sea region.",Viking Age House Types and Settlements,A second group of 4 titles shares this theme.,"Fra skov til villavej -en forvandling gennem 6000 år. Køge Museum. Årbog for Køge Museum | Samhällen och rikedomsmiljöer | Høvdingesamfund og kongemagt. Fra stamme til stat i Danmark 2. Højbjerg: Jysk Arkaeologisk Selskab | Beretning for udgravning as bebyggelse fra førromersk jernalder, vikingetid og tidlige middelalder. Varde: Museet for Varde By og Omegn | Regionale variationer i det danske landbrug fra jernalder til 2000. Beretning fra et seminar på Skarrildhus. Videbaek: Landbohistorisk Selskab | The Tyranny of Typologies: Evidential Reasoning in Romano-Egyptian Domestic Archaeology","[{""theme"": ""Viking Age House Types and Settlements"", ""titles"": [""Revisiting the Trelleborg House: A Discussion of House Types and Assemblages"", ""Saedding. A viking-age village near Esbjerg"", ""Die frühgeschichtliche Marschensiedlung beim Elisenhof in Eiderstedt: Landschaftsgeschichte und Baubefunde"", ""Vaerløse Vest""]}, {""theme"": ""Long-term Settlement and Land Use"", ""titles"": [""Fra skov til villavej -en forvandling gennem 6000 år. Køge Museum. Årbog for Køge Museum"", ""Samhällen och rikedomsmiljöer"", ""Høvdingesamfund og kongemagt. Fra stamme til stat i Danmark 2. Højbjerg: Jysk Arkaeologisk Selskab"", ""Beretning for udgravning as bebyggelse fra førromersk jernalder, vikingetid og tidlige middelalder. Varde: Museet for Varde By og Omegn"", ""Regionale variationer i det danske landbrug fra jernalder til 2000. Beretning fra et seminar på Skarrildhus. Videbaek: Landbohistorisk Selskab""]}, {""theme"": ""Methodological Critique"", ""titles"": [""The Tyranny of Typologies: Evidential Reasoning in Romano-Egyptian Domestic Archaeology""]}]",,4
89,Christianization and Ecclesiastical Organization in Scandinavia,"This cluster is organized around the process of Christian conversion and the establishment of church structures in Scandinavia and Iceland, utilizing archaeological evidence from graveyards, coins, and ecclesiastical sites.",Artifacts and broader Christian archaeology,A second group of 3 titles shares this theme.,Discipline and Punish: The Birth of the Prison,"[{""theme"": ""Christianization and ecclesiastical organization in Scandinavia"", ""titles"": [""Becoming Christian: A matter of everyday resistance and negotiation"", ""The Awakening of Christianity in Iceland. Discovery of Timber Church and Graveyard at Þo´rarinsstaôir in Seyôisfjo¨rôur"", ""Staðir og staðamál: studier i islandske egenkirkelige og beneficialrettslige forhold i middelalderen i"", ""Early ecclesiastical organization of Scandinavia, especially Sweden"", ""Mynt frá víkingöld og miðöldum fundin á íslandi á síðari árum. árbók hins íslenska fornleifafélags""]}, {""theme"": ""Medieval cemetery demographics and society"", ""titles"": [""Kvinnor, Ma¨n och Barn pa˚Medeltida Begravningsplatser [Men, women and children in the medieval cemetery]""]}, {""theme"": ""Artifacts and broader Christian archaeology"", ""titles"": [""The Kentish Keystone-Garnet Disc Brooches"", ""The Zooarchaeology of Medieval 'Christendom': Ideology, the Treatment of Animals and the Making of Medieval Europe"", ""The Archaeology of Christianity in Global Perspective""]}]",Discipline and Punish: The Birth of the Prison,3
95,"Metal Mining, Smelting, and Trade in Antiquity","This cluster is defined by the study of metal resources, specifically tin, lead, and silver, examining their mining locations, smelting processes, and trade networks across the ancient world and medieval Europe.",,,"A high-status Anglo-Saxon settlement at Flixborough, Lincolnshire, Antiquity | Isotopic Geochemistry of the Sawayaerdun Orogenic-Type Gold Deposit Tianshan, Northwest China: Implications for Ore Genesis and Mineral Exploration | Inn i fortida -ut i verden -i museet! Vitark -Acta Archaeologica Nidarosiensia | Lead isotope data from the Isotrace Laboratory, Oxford Archaeometry database 2, galena from Britain and Ireland, Archaeometry | A medieval lead canister from Colchester High Street: hoard container, or floor safe?","[{""theme"": ""Metal mining, smelting, and trade in antiquity"", ""titles"": [""Archäometallurgische Untersuchungen zur Blei-/Silbergewinnung im Germanien der frühen Römischen Kaiserzeit"", ""Tin, lead and pewter"", ""Silver Mineralization in the Ancient Akersberg Mine"", ""A Lead Isotope Study of Two Sulphide Deposits and Adjacent Igneous Rocks in South-Central Sweden"", ""Tin in Antiquity, Its Mining and Trade Throughout the Ancient World with Particular Reference to Cornwall""]}, {""theme"": ""Lead isotope provenancing"", ""titles"": [""Lead isotope data from the Isotrace Laboratory, Oxford Archaeometry database 2, galena from Britain and Ireland, Archaeometry"", ""A medieval lead canister from Colchester High Street: hoard container, or floor safe?""]}, {""theme"": ""High-status settlements and museums"", ""titles"": [""Inn i fortida -ut i verden -i museet! Vitark -Acta Archaeologica Nidarosiensia"", ""A high-status Anglo-Saxon settlement at Flixborough, Lincolnshire, Antiquity""]}]","Isotopic Geochemistry of the Sawayaerdun Orogenic-Type Gold Deposit Tianshan, Northwest China: Implications for Ore Genesis and Mineral Exploration",2
98,Christianization in Southern Denmark and Schleswig,"The cluster centers on the introduction and spread of Christianity in Southern Denmark and Schleswig during the Viking Age, evidenced by cross coins, rune stones, and settlement studies.",Late Saxon metalwork and regional history,A second group of 3 titles shares this theme.,Das Montanwesen am Rammelsberg und im Westharz. Historische und archäologische Quellen zum 12. und 13 | Steigbügel und Plug. Das Zeitalter der Panzerreiter und die Etablierung des Feudalismus | Hedeby's Demise in the Late Viking Age and the Shift to Schleswig,"[{""theme"": ""Christianization in Southern Denmark and Schleswig"", ""titles"": [""Kristendommens indtraengen i Syddanmark. I: N. Lund (red.): Kristendommen i Danmark før 1050"", ""Opsigtsvaekkende fund af korsmønter"", ""he Århus rune-stones"", ""Civitas Roscald -fra byens begyndelse""]}, {""theme"": ""Hedeby and urban transition"", ""titles"": [""Hedeby's Demise in the Late Viking Age and the Shift to Schleswig""]}, {""theme"": ""Medieval industry and feudalism"", ""titles"": [""Das Montanwesen am Rammelsberg und im Westharz. Historische und archäologische Quellen zum 12. und 13"", ""Steigbügel und Plug. Das Zeitalter der Panzerreiter und die Etablierung des Feudalismus""]}, {""theme"": ""Late Saxon metalwork and regional history"", ""titles"": [""Late Saxon stirrup-strap mounts. A classiication and catalogue. A contribution to the study of Late Saxon ornamental metalwork"", ""Geschichtliche Grundlagen, siedlungstopographische Strukturen und ethnische Herkunft ihrer Bewohner. Acta Praehistorica et Archaeologica"", ""The kingdom of Denmark""]}]",,3
99,Early Medieval Governance and Political Assemblies,"This cluster is organized around the study of political organization in early medieval Europe, specifically focusing on the nature of assemblies, kingship, and governance structures in Anglo-Saxon England, Ireland, and North West Europe.",Linguistics and cultural synthesis,A second group of 4 titles shares this theme.,,"[{""theme"": ""Early medieval governance, assemblies, and kingship"", ""titles"": [""Assembly in North West Europe: Collective Concerns for Early Societies?"", ""The National Assembly in the Anglo-Saxon Period"", ""The Archaeology of Early Historic Irish Kingship"", ""Conference paper delivered at 'Power and Place in Later Roman and Early Medieval Europe: Interdisciplinary Perspectives on Governance and Civil Organisation""]}, {""theme"": ""Anglo-Saxon religion and landscape"", ""titles"": [""Perceptions of the Prehistoric in Anglo-Saxon England: Religion, Ritual, and Rulership in the Landscape"", ""Rome, Britain and the Anglo-Saxons""]}, {""theme"": ""Linguistics and cultural synthesis"", ""titles"": [""Svensk Etymologisk Ordbok"", ""The Landscape of Place-Names"", ""Law and Anthropology: A Reader"", ""The Making of Europe: Conquest, Colonization, and Cultural Change""]}]",,4
102,Paleoclimate Reconstruction Methods,"This cluster is organized around the methodological development and application of paleoclimate reconstruction techniques, specifically focusing on tree-ring data. The titles collectively address the evaluation of proxies, spatial resolution of temperature reconstructions, and statistical critiques of analysis methods used to infer past climate conditions.",,,,"[{""theme"": ""Paleoclimate Reconstruction Methods and Data"", ""titles"": [""Evaluation of Time-Averaged Pseudoproxies for Climate Reconstruction"", ""Last millennium Northern Hemisphere summer temperatures from tree rings: Part II, spatially resolved reconstructions"", ""Megadroughts in North America: placing IPCC projections of hydroclimatic change in a long-term paleoclimate context"", ""Last Millennium Northern Hemisphere Summer Temperatures From Tree Rings: Part I: The Long Term Context"", ""Large-Scale Temperature Inferences From Tree Rings: A Review"", ""Tree-Ring Width and Density Data Around the Northern Hemisphere: Part 1, Local and Regional Climate Signals"", ""Drought reconstructions for the continental United States"", ""A Critique of the Superposed Epoch Analysis Method-Its Application to Solar-Weather Relations"", ""Scale-Dependent Detection of Climate Change"", ""Reconstructing past Climate From Noisy Data""]}]",,0
103,Paleoclimatic variability in the North Atlantic,"This cluster organizes around high-resolution paleoclimate records from the North Atlantic region, utilizing proxies like speleothems, marine sediments, and flood deposits to reconstruct temperature and precipitation changes over the last 1500 years.",,,,"[{""theme"": ""Paleoclimatic variability and environmental change in the North Atlantic region"", ""titles"": [""Dark Ages Cold Period: A literature review and directions for future research"", ""Climate variability in West Greenland during the past 1500 years: Evidence from a high-resolution marine palynological record from Disko Bay"", ""Centennialscale Holocene climate variability revealed by a high-resolution speleothem δ 18 O record from SW Ireland"", ""North Atlantic climate variability: The role of the North Atlantic Oscillation"", ""Little Ice Age' summer temperature variations: Their nature and relevance to recent global warming trends"", ""A 1600 yr seasonally resolved record of decadal-scale flood variability from the Austrian Pre-Alps"", ""The seesaw in winter temperatures between Greenland and Northern Europe. Part I: General description"", ""Solar Influences on Climate"", ""Structure and origin of Holocene cold events"", ""Human Impact and Climate Changes -Synchronous Events and a Causal Link?""]}]",,0
109,Automated feature detection and machine learning in archaeology,"This cluster is defined by the application of computational methods, specifically machine learning algorithms like Random Forests and automated classification techniques, to detect archaeological features in satellite and aerial imagery. It covers the entire pipeline from data acquisition (historical archives, free geodata) to algorithmic implementation for identifying structures like fortresses and circular settlements.",Remote sensing data sources and analysis tools,A second group of 3 titles shares this theme.,"FHM 5201 Traelborg, Tiset Sogn, Ning Herred, Tidligere Århus amt | Difficult middles, hybridity and ambivalence of a medieval frontier: The cultural landscape of Lolland and Falster (Denmark)","[{""theme"": ""Automated feature detection in remote sensing"", ""titles"": [""Searching for Viking Age Fortresses with Automatic Landscape Classification and Feature Detection"", ""Automatic Detection of Circular Structures in High-resolution Satellite Images of Agricultural Land"", ""An Examination of Automated Archaeological Feature Recognition in Remotely Sensed Imagery""]}, {""theme"": ""Remote sensing data sources and analysis tools"", ""titles"": [""Free Geodata Have Made the Number of Users of the Map Supply Website Explode"", ""Archaeology from Historical Aerial and Satellite Archives"", ""Stednavne som kilde til sjaellands bebyggelseshistorie i middelalderen""]}, {""theme"": ""Machine learning algorithms in archaeology"", ""titles"": [""Scikit-learn: Machine Learning in Python"", ""Random Forest in Remote Sensing: A Review of Applications and Future Directions""]}]","Difficult middles, hybridity and ambivalence of a medieval frontier: The cultural landscape of Lolland and Falster (Denmark) | FHM 5201 Traelborg, Tiset Sogn, Ning Herred, Tidligere Århus amt",3
112,Soil micromorphology in early medieval urban contexts,"The cluster centers on the use of soil micromorphology to reconstruct the formation, function, and biography of early medieval trading towns and urban sites across Northwest Europe. It applies microscopic analysis to understand living floors, construction materials, and the development of 'black earth' deposits in cities like Antwerp, London, Magdeburg, and Kaupang.",,,"Micromorphological Study of Construction Mater ials and Living Floors in the Medi eval Motte of Werken (West Flanders, Belgium) | À propos des recherches sur les terres noiress urbaines: dépasser le concept d'attente","[{""theme"": ""Soil micromorphology in early medieval towns"", ""titles"": [""A Soil Micromorphological Study on the Origins of the Early Medi eval Trading Centre of Antwerp (Belgium)"", ""Geoarchaeological and Micromorphological Approaches to the Formation and Biographies of Early Medieval Towns in Northwest Europe"", ""Micromorphology and post-Roman town research: the examples of London and Magdeburg"", ""A Micromorphological Approach to Early Medi eval Towns and Trading Places: The Case Study of Viking-age Kaupang, Norway' (unpublished MPhil dissertation""]}, {""theme"": ""Construction materials and urban soil analysis"", ""titles"": [""Micromorphological Study of Construction Mater ials and Living Floors in the Medi eval Motte of Werken (West Flanders, Belgium)"", ""À propos des recherches sur les terres noiress urbaines: dépasser le concept d'attente""]}, {""theme"": ""Methodological guides for soil analysis"", ""titles"": [""Handbook for Soil Thin Section Description"", ""Guidelines for Analysis and Description of Soil and Regolith Thin Sections""]}]","L'espace urbain entre antiquité et moyen âge, analyse géoarchéologique des terres noires, étude de cas | The Scheldt Estuary as a Framework for Early Medi eval Settlement Development",2
114,Agriculture and Environmental Sustainability in the North Atlantic,"This cluster is defined by studies of early farming practices, land management, and environmental challenges such as soil erosion in Iceland and Northern Norway during the Viking and medieval periods.",,,Pilot Whaling in the Faroe Islands | Färöisk folkkultur. Handbok i etnologi | Zwischen regionaler Begrenzung und universalem Horizont. Deutschland im Imperium der Salier und Staufer 1024 bis 1250,"[{""theme"": ""Agriculture and Environmental Sustainability in the North Atlantic"", ""titles"": [""The northern frontier -North Atlantic farming during the Viking and Middle Ages"", ""Betula pubescens and the settlement of Iceland"", ""Meintir fornir akrar í Akurey á Kollafirði, í landi Hólavalla í Gerðahreppi, Ketilsstaða og Fagradals í Mýrdal; skýrsla vegna könnunar skurða er teknikk voru haustið 1999"", ""Conditions for Sustainability of Humanenvironment Systems: Information, Motivation, and Capacity"", ""Land Management for Surplus Grain Production in Early Iceland"", ""Settlement on the divide between land and ocean. From Iron Age to Medieval Period along the coast of Northern Norway"", ""Soil Erosion in Iceland""]}, {""theme"": ""Maritime Resources and Ethnography"", ""titles"": [""Färöisk folkkultur. Handbok i etnologi"", ""Pilot Whaling in the Faroe Islands""]}, {""theme"": ""German Medieval History"", ""titles"": [""Zwischen regionaler Begrenzung und universalem Horizont. Deutschland im Imperium der Salier und Staufer 1024 bis 1250""]}]",,2
116,Medieval Trade Networks and Emporia,"The cluster is organized around the study of economic systems in early medieval Europe, specifically focusing on trade routes, market towns, currencies, and the role of emporia like Venice and Comacchio.",,,"Archaeological Investigation | An Attempt to Summarise These Thoughts Was Presented in Fig 1 | The Mediterranean as a frontier: the Umayyad ribats of Palestine | And the villa became a monastery: Sulpicius Severus' community of Primulacrum | An 11,600 year-old communal structure from the Neolithic of southern Jordan","[{""theme"": ""Trade networks and emporia in medieval Europe"", ""titles"": [""Commerce and cult: Confronted ideologies in 6th-9th-century Europe"", ""Adriatic Sea trade in a European perspective"", ""Markets, towns and currencies in Scandinavia ca. AD 200-1000. I S. Gelichi og R. Hodges (red.), From one sea to another"", ""Venice, Comacchio and the Adriatic emporia between the Lombard and Carolingian age""]}, {""theme"": ""Isotopic analysis of human remains"", ""titles"": [""Multi-Isotope Proveniencing of Human Remains from a Bronze Age Battlefield in the Tollense Valley in Northeast Germany""]}, {""theme"": ""Religious sites and early structures"", ""titles"": [""And the villa became a monastery: Sulpicius Severus' community of Primulacrum"", ""An 11,600 year-old communal structure from the Neolithic of southern Jordan""]}]",An Attempt to Summarise These Thoughts Was Presented in Fig 1 | Archaeological Investigation | The Mediterranean as a frontier: the Umayyad ribats of Palestine,2
118,Geophysical prospection and coastal geomorphology,"The cluster unifies titles focused on non-invasive archaeological survey techniques, specifically Ground-Penetrating Radar (GPR) and magnetometry, applied to Viking Age sites and sedimentological contexts. It extends to broader geoarchaeological studies of coastal landforms, sea-level changes, and the use of remote sensing for identifying stratigraphic features and landing sites.",Coastal geomorphology and remote sensing,A second group of 5 titles shares this theme.,,"[{""theme"": ""Geophysical prospection methods and applications"", ""titles"": [""Palaeoenvironmental analysis of large-scale, high-resolution GPR and magnetometry data sets: The Viking Age site of Gokstad in Norway"", ""Ground-Penetrating Radar and Its Use in Sedimentology: Principles, Problems and Progress"", ""Archaeological Geophysical Prospection in Peatland Environments"", ""Do ships shape the shore? an analysis of the credibility of ship archaeological evidence for landing site morphology in the baltic sea"", ""Ground-penetrating radar (gpr) for imaging stratigraphic features and groundwater in sand dunes""]}, {""theme"": ""Coastal geomorphology and remote sensing"", ""titles"": [""Beach-ridges: a review"", ""Predictive Modelling of Multiperiod Geoarchaeological Resources at a River Confluence: A Case Study From the Trent-Soar"", ""Encyclopedia of the World's Coastal Landforms"", ""Sea-Level Studies Along the Coast of Southwestern Norway With Emphasis on Three Short-Lived Holocene Marine Events"", ""Satellite Remote Sensing in Archaeology: Past, Present and Future Perspectives""]}]",Sea-Level Studies Along the Coast of Southwestern Norway with Emphasis on Three Short-Lived Holocene Marine Events,5
120,Temporalities in Danish Settlement Archaeology,"The cluster centers on theoretical and methodological approaches to time, chronology, and the temporal dimensions of house use and settlement development in Denmark.",Danish Settlement Development,A second group of 3 titles shares this theme.,A posthole is a posthole? A discussion of excavation strategies and methodologies in Denmark and the UK. Arkaeologisk Forum | After Social Evolution: A New Archaeological Agenda?,"[{""theme"": ""Temporalities and Chronologies of Settlements"", ""titles"": [""Temporalising the House: Exploring Alternative Perspectives on Time and the Archaeological Record Within Danish Settlement Archaeology"", ""Domestic times: houses and temporalities in Late Prehistoric Europe"", ""Eleven Minutes and Forty Seconds in the Neolithic. Underneath Archaeological Time"", ""Social Being and Time"", ""Hvad vi daterer, når vi daterer huseanvendelsen af c14-dateinger til opbygning af huskronologier""]}, {""theme"": ""Danish Settlement Development"", ""titles"": [""Vorbasse. The development of a settlement through the fi rst millennium A.D"", ""Landsbydannelse og bebyggelsesstruktur i det 1. årtusinde -et bebyggelseshistorisk regionalstudie"", ""Bopladsfundene. Den romerske tid. Aarbøger for Nordisk Oldkyndighed og Historie""]}, {""theme"": ""Methodological Debates"", ""titles"": [""A posthole is a posthole? A discussion of excavation strategies and methodologies in Denmark and the UK. Arkaeologisk Forum"", ""After Social Evolution: A New Archaeological Agenda?""]}]",,3
123,Metal production and settlement networks,"The dominant axis here is the analysis of metal-rich archaeological sites, specifically focusing on production centers, brooches, and central places in Late Iron Age and Viking Age Scandinavia.",,,Gesellschaft und Kunst der Germanen: Die Thüringer und Ihre Welt,"[{""theme"": ""Metal-rich settlements and production in Late Iron Age Scandinavia"", ""titles"": [""Metal-Detected Late Iron Age and Early Medieval Brooches From the Limfjord Region, Northern Jutland: Production, Use and Loss"", ""The Find Material from the Set- tlement of Gudme II -Composition and Inter- pretation"", ""Schmalstede: Ein Urnengräberfeld der Kaiser-und Völkerwanderungszeit"", ""Metal-Rich Sites in Vendsyssel"", ""Bornholm i folkevandringstiden og forudsaetningerne i tidlig jernealder"", ""Hedeby og den danske kongemagt i 900-tallet. KUML"", ""Central places in abundance? The eastern Limfjord area in the Late Iron Age and Viking Age"", ""Vikingetidens Metalbearbejdning"", ""Toffee-Brooch\"" Network -Aspects of the Metal-rich Settlements of Sixth Century Southern Scandinavia""]}]",Gesellschaft und Kunst der Germanen: Die Thüringer und Ihre Welt,0
127,"Icelandic Settlement, Farming, and Domestic Architecture","The cluster focuses on the material culture and domestic life of early Icelandic settlements, including turf building techniques, subsistence strategies, and artifact production during the Commonwealth period.",,,"IntCal09 and Marine09 radiocarbon age calibration curves, 0-50,000 years cal BP","[{""theme"": ""Icelandic Settlement, Farming, and Domestic Architecture"", ""titles"": [""Floor Formation Processes and the Interpretation of Site Activity Areas: An Ethnoarchaeological Study of Turf Buildings at Thvera, Northeast Iceland"", ""Baer í Gjáskógum í Þjórsárdalur"", ""Size Distributions of Artifact Classes: Combining Macro-and Micro-Fractions"", ""Spinning Goods and Tales: Market, Subsistence and Literary Productions"", ""The Icelandic Commonwealth Period: Building a New Society"", ""Ländlicher Hausbau in Skandinavien vom 6 bis 14 Jahrhundert: Stova -Eldhus -Bur"", ""Þraelahald á íslandi: heimildakönnum og athugasemdir"", ""Der Hausbau in Ungarn vom 2. bis zum 13. Jahrhundert n. Chr.: Ein Zeitalter Einheitlicher Grubenhäuser?"", ""Craft, Industry and Everyday Life: Bone, Antler, Ivory and Horn from Anglo-Scandinavian and Medieval York""]}, {""theme"": ""Radiocarbon Dating Methodologies"", ""titles"": [""IntCal09 and Marine09 radiocarbon age calibration curves, 0-50,000 years cal BP""]}]",,1
130,Birka Graves and Material Culture Analysis,"The cluster is dominated by specific archaeological studies of the Birka cemetery, focusing on grave goods, gender roles, and the hybrid identities revealed through objects found in chamber graves.",Birka graves and material culture analysis,A second group of 3 titles shares this theme.,Den förhistoriska tiden | Finlands förhistoria. Stockholm: Almqvist & Wiksell | Kung Valdemars Segelled | Kunst,"[{""theme"": ""Birka graves and material culture analysis"", ""titles"": [""Contacts, identity and hybridity: Objects from south-western Finland in the Birka graves"", ""Of Rods and Roles. Three Women in Birka's Chamber Graves"", ""Birka V. The filigree and granulation work of the Viking Period. An analysis of the material from Bjérké""]}, {""theme"": ""Viking Age identity and trade routes"", ""titles"": [""Svear i o ¨sterviking"", ""Viking og Hvidekrist: Norden og Europa 800-1200"", ""Identity and Material Culture in the Later Prehistory of Central Europe""]}, {""theme"": ""General prehistory and art"", ""titles"": [""Den förhistoriska tiden"", ""Finlands förhistoria. Stockholm: Almqvist & Wiksell"", ""Kung Valdemars Segelled"", ""Kunst""]}]",,3
134,Insular contacts in Norwegian Viking Age burials,"The primary axis is the analysis of artifacts and burial practices indicating contact between Norway (specifically Trøndelag) and the British Isles. The cluster centers on insular finds, jet jewelry, and the interpretation of these connections within local burial contexts.",Insular contacts and artifacts in Norwegian Viking Age burials,A second group of 4 titles shares this theme.,,"[{""theme"": ""Insular contacts and artifacts in Norwegian Viking Age burials"", ""titles"": [""Insular artefacts from Viking-Age burials from mid-Norway: A review of contact between Trøndelag and Britain and Ireland"", ""Kaupang-funnene. Bd 2, Gravplassene i Bikjholbergene/Lamøya. Undersøkelsene 1950-1957. Norske oldfunn 19"", ""Mellom De Britiske Øyer og Midt-Norge: en Arkeologisk Analyse av Insulaer Kontakt og Gjenstandsfunn fra Vikingtidsgraver i Trøndelag, Unpubl MA thesis"", ""Smykker av jet i norske vikingtidsfunn""]}, {""theme"": ""Burial rituals and regional history"", ""titles"": [""Fragmenter av en Fortid"", ""Secular Metalwork in the Eighth and Ninth Centuries"", ""Folk og Fylker i Tider. Inntrøndelags Historie før 1600"", ""Drinking horns in Ireland and Wales: documentary sources"", ""Kaupangen på Steinkjer' in G. Grønnesby (ed) Graver i Veien"", ""Båtgravene fra lø -et uttrykk for nøye regisserte gravritualer""]}]",,4
135,Viking silver hoards and trade in the Netherlands,"The cluster is dominated by studies of Viking-Age silver hoards and finds specifically located in the Netherlands. The titles focus on the circulation, valuation, and weighing of silver (zilverbaar) within this region during the early Viking period.",Frisia and Frankish relations,A second group of 4 titles shares this theme.,,"[{""theme"": ""Viking-Age silver hoards and economic valuation in the Netherlands"", ""titles"": [""A Viking find from the Isle of Texel (Netherlands) and its implications"", ""Zilverbaar uit de Vikingen tij d"", ""Scattered across the Waterside: Viking Finds from the Netherlands"", ""Gold und Silber aus Marsum -karolingische Schatzfunde in den Nie der landen"", ""Vikingetidens skattefund. Universitetets Oldsaksamlings Skrifter 2"", ""Wholeness and Holiness: Counting, Weighing and Valuing Silver in the Early Viking Period""]}, {""theme"": ""Frisia and Frankish relations"", ""titles"": [""Between Frankish and Viking: Frisia and Frisians in the Viking Age"", ""Frisia in Carolingian times"", ""Between the Devil and the Deep Blue Sea"", ""Quellen zur Karolingischen Reichsgeschichte I, Darmstadt: Wissen schaftliche Buchgesellschaft South""]}]",,4
138,Metalwork and Craftsmanship,"This cluster is primarily organized around the production, analysis, and social context of metalworking, specifically focusing on non-ferrous alloys, goldsmithing, and church metalwork in Anglo-Saxon and Viking contexts. The titles highlight technical aspects of copper alloys and the networks of artisans.",Metalwork and Craftsmanship,A second group of 4 titles shares this theme.,,"[{""theme"": ""Metalwork and Craftsmanship"", ""titles"": [""Non-ferrous metalworking networks in Scandinavian-influenced towns of Britain and Ireland"", ""The Art of the Anglo-Saxon Goldsmith: Fine Metalwork in Anglo-Saxon England, its Practice and Practitioners"", ""Church Metalwork in the Eighth and Ninth Centuries"", ""Copper alloys""]}, {""theme"": ""Settlements and Regional Archaeology"", ""titles"": [""Viking Antiquities in Great Britain and Ireland -Part II: Viking Antiquities in Scotland"", ""Were They All Men? An Examination of Sex Roles in Prehistoric Society"", ""Meols, The Archaeology of the North Wirral Coast"", ""The Anglo- Saxon Settlement and Cemetery at Bloodmoor Hill, Carlton Colville, Suffolk"", ""The Mote of Mark: A Dark Age Hillfort in South-West Scotland"", ""Dinas Powys in context: settlement and society in post-Roman Wales""]}]",,4
140,Anglo-Scandinavian Settlements and Economy,"This cluster focuses on the economic structures, settlement patterns, and logistical challenges of Viking and Anglo-Saxon England, particularly in Northumbria. The titles collectively examine how portable antiquities, coinage, and dietary evidence illuminate the landscape and daily life of these societies.",Dating and Specific Site Analysis,A second group of 3 titles shares this theme.,,"[{""theme"": ""Settlements and Economy of Anglo-Scandinavian England"", ""titles"": [""In search of the Viking Great Army: Beyond the winter camps"", ""Settlement, Landscape, and Economy in Early Medieval Northumbria: The Contribution of Portable Antiquities"", ""Anglo-Saxon landscape and economy: using portable antiquities to study Anglo-Saxon and Viking Age England"", ""The transportation system of Medieval England and Wales"", ""Woodstown: A Viking-Age Settlement in Co"", ""Feeding the Micel Here in England, c.865-878"", ""Where There's Muck There's Brass!' Coinage in the Northumbrian Landscape and Economy""]}, {""theme"": ""Dating and Specific Site Analysis"", ""titles"": [""radiocarbon dates for the cist graves are AD 1030-1210 and AD 1025-1165"", ""Stable isotope evidence for similarities in the types of marine foods used by late mesolithic humans at sites along the atlantic coast of europe"", ""Two Newly Discovered Fragments of Pre-Viking Sculpture: Evidence for a Hitherto Unsuspected Early Church Site at South Leverton, Nottinghamshire?""]}]",,3
142,Viking-Age landscapes and place-names in Orkney and Scotland,"The primary axis is the study of how Vikings interacted with and modified pre-existing landscapes in Orkney and Scotland. The cluster emphasizes toponymy (place-names), agricultural intensification, and the socio-spatial dimensions of Viking settlement.",,,,"[{""theme"": ""Viking-Age landscapes, place-names, and settlement in Orkney and Scotland"", ""titles"": [""Vikings in the Prehistoric Landscape"", ""Deining the Oe Hearg: A Preliminary Archaeological and Topographic Examination of Hearg Place Names and Their Hinterlands"", ""Landscapes of life and death: social dimensions of a perceived landscape in Viking Age Iceland"", ""Orkney Farm-Names: A Reassessment of Their Chronology"", ""War or peace? he relations between the Picts and the Norse in Orkney"", ""The Landscapes of Scotland: A Hidden History"", ""An Account of the Islands of Orkney"", ""Some Aspects of the Bronze Ringed Pin in Scotland"", ""Economic intensiication in Viking Age and medieval Orkney, Scotland: excavations at Quoygew"", ""Medieval parish formation in Orkney""]}]",,0
143,Salme Boat Burials and Maritime Interaction,"The cluster centers on the archaeological investigations of the Salme boat burials in Estonia, a key site for understanding Vendel and Viking Age maritime interaction. The titles discuss the excavation results, human remains, and broader implications for colonization and cultural integration in the Baltic region.",Isotopic and Osteological Analysis,A second group of 4 titles shares this theme.,,"[{""theme"": ""Salme Boat Burials and Maritime Interaction"", ""titles"": [""Human Remains, Context, and Place of Origin for the Salme, Estonia, Boat Burials"", ""Comparative Perspectives on past Colonisation, Maritime Interaction and Cultural Integration"", ""Are Many Vendel and Viking Period Gaming Pieces Made of Whale Bone? Fornvännen"", ""Archaeological investigations of Pre-Viking Age burial boat in Salme village at Saaremaa. Arheoloogilised välitööd Eestis"", ""Rescue excavations of a Vendel Era boat-grave in Salme, Saaremaa, in Archaeological Fieldwork in Estonia"", ""Research results of the Salme ship burials in 2011-2012. Archaeological Fieldwork in Estonia""]}, {""theme"": ""Isotopic and Osteological Analysis"", ""titles"": [""Stable Isotopes in Precipitation"", ""Oxygen Isotope Variations in Phosphate of Biogenic Apatites. Iv. Mammal Teeth and Bones. Earth and Planetary Letters"", ""Geotourism highlights of the Saaremaa and Hiiumaa Islands"", ""Human osteology""]}]",Archaeological investigations of Pre-Viking Age burial boat in Salme village at Saaremaa. Arheoloogilised välitööd Eestis. Archeological fieldwork in Estonia | Oxygen Isotope Variations in Phosphate of Biogenic Apatites. Iv. Mammal Teeth and Bones. Earth and Planetary Science Letters,4
148,Cognitive approaches to bodies and identity,"This cluster is organized by titles applying cognitive, psychological, and theoretical frameworks to understand the human body, identity formation, and material culture in pre-Christian Scandinavia.",Mythology and religious history of the Migration Period,A second group of 4 titles shares this theme.,"The Body and Society. Men, Women, and Sexual Renunciation in Early Christianity","[{""theme"": ""Cognitive and psychological perspectives on bodies, identity, and art"", ""titles"": [""Split Bodies in the Late Iron Age/ Viking Age of Scandinavia"", ""Kognitiv Topografi : !Edelmetalldepoter I Landskapet. Universitetets Oldsaksamlings Skrifter"", ""Figure it out! Psychological perspectives on perception of Migriation Period animal art"", ""Stykkevis og delt\"" -noen releksjoner omkring forholdet mellom kropp, identitet og personoppfatning i det førkristne samfunnet"", ""Cultivating Corpses -a Comparative Approach to Disembodied Mortuary Remains""]}, {""theme"": ""Mythology and religious history of the Migration Period"", ""titles"": [""Cassells Dictionary of Norse Myth and Legend"", ""Kunst der Volkerwanderungszeit"", ""Stand der Forschung: Stilgeschichte Völkerwanderungs-und Merowingerzeit"", ""Shamanism and Old English Poetr�""]}, {""theme"": ""Christianity and religious renunciation"", ""titles"": [""The Body and Society. Men, Women, and Sexual Renunciation in Early Christianity""]}]",,4
157,Ancient DNA and Isotope Methodologies,"This cluster is organized around the technical and methodological aspects of analyzing biological remains, specifically focusing on ancient DNA extraction, sequencing, and strontium isotope analysis to trace migration and ancestry.",,,,"[{""theme"": ""Ancient DNA and Isotope Analysis Methods"", ""titles"": [""Genomic and Strontium Isotope Variation Reveal Immigration Patterns in a Viking Age Town"", ""Götherström och J. Storå 2017 A female Viking warrior confirmed by genomics"", ""Illumina Sequencing Library Preparation for Highly Multiplexed Target Capture and Sequencing"", ""Iron age migration on the island of € oland: apportionment of strontium by means of bayesian mixing analysis"", ""Technical note: Improved DNA extraction from ancient bones using silica-based spin columns"", ""Digging up Bones: The Excavation, Treatment and Study of Human Skeletal Remains"", ""Analysis of high-throughput ancient DNA sequencing data"", ""Ancient Human Genomes Suggest Three Ancestral Populations for Present-day Europeans"", ""Genome Flux and Stasis in a Five Millennium Transect of European Prehistory"", ""Lessons learned from implementing a national infrastructure in sweden for storage and analysis of next-generation sequencing data""]}]",,0
160,Royal Centers and Architecture in Viking-Age Denmark,"This cluster focuses on the archaeology of royal power and settlement in central and western Jutland during the Viking Age. The titles collectively analyze key sites like Jelling, Lejre, and Vorbasse, exploring their architecture, chronology, and role in the formation of the Danish state.",,,,"[{""theme"": ""Royal Centers and Architecture in Viking-Age Denmark"", ""titles"": [""The Late Viking-Age Royal Constructions at Jelling, Central Jutland, Denmark : Recent Investigations and a Suggestion for an Interpretative Revision"", ""A palisade fit for a King: Ideal architecture in King Harald Bluetooth's Jelling"", ""The emergence of Denmark and the reign of Harald Bluetooth"", ""Jellingkongernes Mindesmaerker: Jelling, Det Gamle Kongesaede"", ""Archaeological report: VKH 7154 Vestergade 3"", ""Vorbasse. The viking-age settlement at Vorbasse, Central Jutland"", ""Bautasten Og Kaempehegn"", ""Omgård. A settlement from the late iron age and the viking period in West Jutland"", ""Lejre beyond the legend-the archaeological evidence"", ""Jelling. bebyggelse fra jernalder og vikingetid""]}]",,0
163,Ship burials and dendrochronological evidence,"The primary theme connects ship burial traditions with dendrochronological analysis of timber sources, linking specific sites like Sutton Hoo, Oseberg, and Haithabu to broader trade and chronological frameworks.",Regional history and specific sites in Scandinavia,A second group of 4 titles shares this theme.,"Nuclear genetic markers indicate Danish origin of the Norwegian beech (Fagus sylvatica L.) populations established in 500-1,000 AD | Catalogue of Anglo-Saxon Glass in the British Museum","[{""theme"": ""Ship burials, dendrochronology, and timber trade"", ""titles"": [""Between Sutton Hoo and Oseberg -Dendrochronology and the origins of the ship burial tradition"", ""Das Schiffsgrab von der Ile de Groix (Bretagne)ein Exkurs zum Bootkammergrab von Haithabu"", ""Grav i båt eller båt i grav. Stavanger Museum Årbok"", ""Where Does the Timber Come From? Dendrochronological Evidence of the Timber Trade in Northern Europe""]}, {""theme"": ""Regional history and specific sites in Scandinavia"", ""titles"": [""Avaldsnes i førhistorisk og tidleg historisk tid"", ""Rogaland forut for Hafrsfjordslaget"", ""Das Danewerk im Früh-und Hochmittelalter"", ""Snape Anglo-Saxon Cemetery. The current state of knowledge""]}, {""theme"": ""Genetics and material culture catalogues"", ""titles"": [""Nuclear genetic markers indicate Danish origin of the Norwegian beech (Fagus sylvatica L.) populations established in 500-1,000 AD"", ""Catalogue of Anglo-Saxon Glass in the British Museum""]}]",,4
165,Social Construction of Norwegian Viking Identity and Ethnicity,"The cluster is organized around the construction of Norwegian Viking identity, specifically examining how this identity was formed through interactions with indigenous populations like the Sami (Lapps) and through gendered social roles. It blends archaeological case studies with theoretical discussions on ethnicity, nationalism, and the specific status of women in early Scandinavian society.",Indigenous relations and ethnicity,A second group of 3 titles shares this theme.,Et gravmateriale fra yngre jernalder brukt til å belyse kvinners stilling | Discourse and Social Change | Kaupang: Markedsplassen I Skiringssal. Norsk Arkeologisk Selskap | Hegemony and Socialist Strategy: Towards a Radical Democratic Politics,"[{""theme"": ""Norwegian Viking identity and social construction"", ""titles"": [""Den sosiale konstruksjon av den norske viking"", ""Vikingetogene I Arkeologisk Belysning"", ""Three Prominent Norwegian Ladies with British Connections""]}, {""theme"": ""Indigenous relations and ethnicity"", ""titles"": [""Samer og nordmenn. Sett i lys av et uvanlig gravfunn fra Saltenområdet"", ""Relations between the Lapps and the Scandinavians in early times -an archaeological survey. I Lapps and Norsemen in olden times, redigert av I. Hoff, s.65-77"", ""Ethnicity and nationalism: anthropological perspectives""]}, {""theme"": ""Gender and status analysis"", ""titles"": [""Et gravmateriale fra yngre jernalder brukt til å belyse kvinners stilling""]}]",Discourse and Social Change | Hegemony and Socialist Strategy: Towards a Radical Democratic Politics | Kaupang: Markedsplassen I Skiringssal. Norsk Arkeologisk Selskap,3
166,Continental and Insular Imports in Viking Age Denmark,"This cluster is organized around the distribution of continental and insular imports in Viking Age Denmark. Titles cover ornamental metalwork such as brooches and belt fittings, detector finds, and individual graves and cemeteries.",Artistic styles and ornamentation,A second group of 3 titles shares this theme.,Geesrkanren sydvesr for ribe -p3 sporer af er rigdomscenrer i forsre frrusinde e.kr. in: non-agrarian serrlemenrs and inregrated survey and excavarion srraegy eller hvad sriller vi op med de metalrige pladser fra yngre jemnalder og vikingerid (randers),"[{""theme"": ""Imported goods and trade networks"", ""titles"": [""Continental and insular import in Viking Age Denmark: Distribution and circulation"", ""Iesk-Britisk Import i Lejre"", ""British Antiquities of the Viking Period, Found in Norway"", ""Detector Finds from the Viking Age on Bornholm: A New Perspective""]}, {""theme"": ""Artistic styles and ornamentation"", ""titles"": [""Early English Ornament: The Sources, Development and Relation to Foreign Styles of Pre-Norman Ornamental Art"", ""Profane Schmuckobjekte"", ""Eine Zungenfibel aus dem Hafen von Haithabu""]}, {""theme"": ""Christian mission sites and fortifications"", ""titles"": [""Flere Spor af en Tidlig Kristen Mission i Uppåkra"", ""Vikingernes Aggersborg""]}]",Geesrkanren sydvesr for ribe -p3 sporer af er rigdomscenrer i forsre frrusinde e.kr. in: non-agrarian serrlemenrs and inregrared survey and excavarion srraegy eller hvad sriller vi op med de metalrige pladser fra yngre jemnalder og vikingerid (randers),3
169,Hedeby-Centric Trade Networks and Cross-North Atlantic Connections,"This cluster specifically analyzes the port city of Hedeby as a hub for international commerce, material culture exchange, and its direct links to Iceland and the North Atlantic world.",Regional trade and specific artifacts,A second group of 3 titles shares this theme.,,"[{""theme"": ""Hedeby urbanism and trade"", ""titles"": [""Viking Age Hedeby and its relations with Iceland and the North Atlantic: Communication, long-distance trade, and production"", ""New Aspects on Viking-age Urbanism, c. AD 750-1100"", ""Towns and Trade in the Age of Charlemagne"", ""Die Bergkristall und Karneolperlen von Haithabu und Schleswig -ein Beitrag zu Handel und Handwerk im südli chen Ostseeraum"", ""Der Hafen von Haithabu: Die Ausgrabungen in Haithabu 14""]}, {""theme"": ""Hedeby burial and settlement analysis"", ""titles"": [""König im Grenzland. Neue Analyse des Bootkammergrabes von Haiðaby"", ""Archäologische und naturwissenschaftliche Untersuchungen an ländlichen und frühstädtischen Siedlungen im deutschen Küstengebiet vom 5. Jahrhundert v. Chr. bis zum 11. Jahrhundert n. Chr., ii: Handelsplätze des frühen und hohen Mittelalters""]}, {""theme"": ""Regional trade and specific artifacts"", ""titles"": [""The Carolingian economy"", ""Bátkumlið í Vatnsdal í Patreksfirði"", ""Den berømte bro""]}]",,3
174,Weapon Depositions and Gift Exchange Rituals,"This cluster centers on the ritual deposition of weapons, particularly swords, as acts of gift exchange and power projection within Viking Age society. The titles explore the symbolic circulation of arms between men and gods, linking specific archaeological finds to broader theoretical frameworks regarding death rituals and social hierarchy.",Specific sword typology and regional contacts,A second group of 3 titles shares this theme.,"The four funerals in Beowulf | Runic Swedish thengs and drengs. Runor och runinskrifter | Cultural Interaction Between East and West. Archaeology, Artefacts and Human Contacts in Northern Europe","[{""theme"": ""Weapon deposition, gift exchange, and ritual power"", ""titles"": [""The Gift to Men and the Gift to the Gods: Weapon Sacrifices and the Circulation of Swords in Viking Age Society"", ""A kind of mirror for men: sword depositions in Late Antique Northern Gaul. Ritual of power"", ""Decolonizing the Viking Age. 2: Death rituals in southeast Scandinavia AD 800-1000"", ""The gift. the form and reason for exchange in archaic societies""]}, {""theme"": ""Specific sword typology and regional contacts"", ""titles"": [""Swords of type V 14. C9058 Farsø, Farsø sogn, Gislum herred, Aalborg amt"", ""Vikingar och bönder. några anmärkningar om den sociala tolkningen av svärden och de långväga kontakterna under vikingatiden. current issues in nordic archaeology"", ""Armes scandinaves de l'époque viking en France""]}, {""theme"": ""Funerary and runic contexts"", ""titles"": [""The four funerals in Beowulf"", ""Runic Swedish thengs and drengs. Runor och runinskrifter"", ""Cultural Interaction Between East and West. Archaeology, Artefacts and Human Contacts in Northern Europe""]}]",,3
179,Deviant Interments and Physical Identity Markers in Scandinavian Cemeteries,This cluster focuses on atypical burial postures like prone positions and biological modifications such as dental alterations as indicators of social status.,,,Anglo-Saxon Paganism | Aspects of Deviant Burial in Roman Britain | Visby under tusen år. Visby: Ödins Förlag. Thunmark-Nylén L | Egils saga Skalla-Grímssonar | The Evil Eye. Towards an Exhaustive Study | Gotland Och Visby Mellan Vikingatid Och Medeltid | Indications of Spatial and Temporal Trends as Manifested in New Cases of Men with Modified Teeth from Sweden (AD 750-1100) | Verklighet eller dröm? gotland mellan vikingatid och medeltid | Prone burials and modified teeth at the Viking Age cemetery of Kopparsvik: The changing of social identities at the threshold of the Christian Middle Ages | Kopparsvik -ett vikingatida gravfält vid Visby,"[{""theme"": ""Burial Practices and Social Identity at Kopparsvik"", ""titles"": [""Prone burials and modified teeth at the Viking Age cemetery of Kopparsvik: The changing of social identities at the threshold of the Christian Middle Ages"", ""Kopparsvik -ett vikingatida gravfält vid Visby""]}, {""theme"": ""Death, Burial, and Ritual in the North Sea Region"", ""titles"": [""Aspects of Deviant Burial in Roman Britain"", ""Verklighet eller dröm? gotland mellan vikingatid och medeltid"", ""Gotland Och Visby Mellan Vikingatid Och Medeltid"", ""Anglo-Saxon Paganism"", ""The Evil Eye. Towards an Exhaustive Study"", ""Visby under tusen år. Visby: Ödins Förlag. Thunmark-Nylén L"", ""Indications of Spatial and Temporal Trends as Manifested in New Cases of Men with Modified Teeth from Sweden (AD 750-1100)""]}, {""theme"": ""Literary Sources"", ""titles"": [""Egils saga Skalla-Grímssonar""]}]",,2
181,"Animal Ageing, Sexing, and Isotopic Provenance","This cluster is dominated by methodological approaches to zooarchaeology, specifically the determination of age and sex in domestic animals through dental wear and bone analysis, alongside isotopic provenance studies. These technical methods are applied to understand agricultural practices and ritual activities at specific sites like Trelleborg.",Literature and general fauna,A second group of 3 titles shares this theme.,"A Ritual Site with Sacrificial Wells from the Viking Age at Trelleborg, Denmark | Kystens kultpladservikingernes rituelle aktiviteter ved havet. Odense Bys Museer","[{""theme"": ""Ritual sites and coastal cults"", ""titles"": [""A Ritual Site with Sacrificial Wells from the Viking Age at Trelleborg, Denmark"", ""Kystens kultpladservikingernes rituelle aktiviteter ved havet. Odense Bys Museer""]}, {""theme"": ""Animal age, sex, and isotopic analysis"", ""titles"": [""Aspects of teeth from archaeologic sites in Sweden and Denmark"", ""The use of tooth wear as a guide to the age of domestic ungulates. Ageing and Sexing Animal Bones from Archaeological Sites"", ""Sheep in the Iron Age: a method of study"", ""Transverse Lines in Bones: The Mechanism of Their Development"", ""The geographic distribution of sr isotopes from surface waters and soil extracts over the island of bornholm (denmark)a base for provenance studies in archaeology and agriculture""]}, {""theme"": ""Literature and general fauna"", ""titles"": [""Snorri Sturluson Edda"", ""Animals in Celtic life and myth"", ""Zoologisk Beskrivelse Af Dyreknoglerne Fra Sb""]}]",,3
183,Urbanization and Medieval Town Development in Scandinavia,"The titles are unified by their focus on the emergence, development, and material culture of early urban centers and fortified settlements in Southern Scandinavia during the Viking and medieval periods.",,,,"[{""theme"": ""Urbanization and Medieval Town Development in Scandinavia"", ""titles"": [""The Origins of Odense: New Aspects of Early Urbanisation in Southern Scandinavia"", ""Middelalderbyen Naestved. Aarhus: Forlaget Centrum"", ""The relationship between Uppåkra and Lunda status update"", ""En bygrundlaeggelse i vanskeligt terraen"", ""I vikingernes vold"", ""Saxos Danmarkshistorie. Bind 2. Oversat af Peter Zeeberg"", ""Byens bønder"", ""Georg Braun and Franz Hogenberg. Cities of the world"", ""Middelalderkeramik fra naestveden undersøgelse og vurdering af keramik som kilde til socialtopografi"", ""Borgring saeson 1vold, brand og ødelaeggelse""]}]",,0
184,Object Biographies and Material Culture Theory,"The cluster is organized around the theoretical framework of object biographies, exploring how material objects possess 'lives' and social agency. It includes manifestos on symmetrical archaeology and studies of specific cultural items like textiles and monuments.",Narratives and Specific Objects,A second group of 4 titles shares this theme.,,"[{""theme"": ""Object Biographies and Material Culture Theory"", ""titles"": [""Things in the Eye of the Beholder: A Humanistic Perspective on Archaeological Object Biographies"", ""The Secret Life of Sarongs: Manggarai Textiles as Super-Skins"", ""Object Worlds in Ancient Egypt: Material Biographies past and Present"", ""Symmetrical Archaeology: Excerpts of a Manifesto"", ""Some Matters of Substance"", ""The Life-History Approach to Monuments: An Obituary?""]}, {""theme"": ""Narratives and Specific Objects"", ""titles"": [""British it-narratives"", ""The Golden Spy: Or, a Political Journal of the British Nights Entertainments of War and Peace, and Love and Politics: Wherein Are Laid Open, the Secret Miraculous Power and Progress of Gold"", ""The Adventures of a Hackney Coach or the Adventures of a Pen"", ""With a hint of paris in the mouth: fetishized toothbrushes or the sensuous experience of modernity in late 19th century bogotá""]}]",,4
187,Royal power and religious transition in the Viking Age,"This cluster centers on the intersection of royal authority, pagan mythology, and the Christianization process during the 10th century, examining sites like Jelling and Aggersborg.",,,"The Ottonians as kings and emperors | Udbredelsen af reguleret montokonomi i geografisk perspektiv ca. 600-ca. 1150 | A History of the English Church and People (trans., with an Introduction by L. Sherley-Price","[{""theme"": ""Royal power, mythology, and religious transition in the Viking Age"", ""titles"": [""Scandinavia in the Melting-Pot, 950-1000"", ""Volvens Spadom. Kobenhavn: Hest og Son"", ""Hedensk og Kristent. Fundene fra den kongelige gravhoj i Jelling"", ""Rulers as Offsprings of Gods and Giantesses: On the Mythology of Pagan Norse Rulership"", ""Aggersborg in the Viking Age"", ""Monuments archéologiques de l'age viking au Danemark"", ""Kuml og Haugfé. Úr heiðnum sið á Íslandi""]}, {""theme"": ""Economic systems and external relations"", ""titles"": [""Udbredelsen af reguleret montokonomi i geografisk perspektiv ca. 600-ca. 1150"", ""The Ottonians as kings and emperors""], ""title_count_check"": 2}, {""theme"": ""Church history"", ""titles"": [""A History of the English Church and People (trans., with an Introduction by L. Sherley-Price""]}]",,2
193,Isotopic Analysis of Human Mobility and Diet,"The cluster is organized around the application of stable isotope analysis (strontium, oxygen, nitrogen) to reconstruct human mobility, diet, and weaning practices in medieval and prehistoric populations. The titles cover methodological foundations and specific case studies from Dublin, Yorkshire, Greenland, and the American Southwest.",,,Variation of seawater 87 Sr/ 86 Sr throughout Phanerozoic time | Photosynthesis by Sugarcane Leaves. a New Carboxylation Reaction and the Pathway of Sugar Formation,"[{""theme"": ""Isotope Analysis of Mobility and Diet"", ""titles"": [""Migration and Viking Dublin: Paleomobility and paleodiet through isotopic analyses"", ""Anglo-Saxon residential mobility at west Heslerton, north Yorkshire, UK from combined Oand Sr-isotope analysis"", ""Influence of Diet on the Distribution of Nitrogen Isotopes in Animals"", ""Movement of Strontium in the Human Body"", ""Oxygen Isotope Composition of Human Tooth Enamel From Medieval Greenland: Linking Climate and Society: Comment and Reply"", ""Man, nutrition, and mobility: a comparison of teeth and bone from the Medieval Era and the present from Pb and Sr isotopes"", ""Residential Mobility in the Prehistoric Southwest United States: A Preliminary Study Using Strontium Isotope Analysis"", ""Investigating the Weaning Process in past Populations""]}, {""theme"": ""Geochemical Baselines"", ""titles"": [""Variation of seawater 87 Sr/ 86 Sr throughout Phanerozoic time""]}, {""theme"": ""Plant Physiology"", ""titles"": [""Photosynthesis by Sugarcane Leaves. a New Carboxylation Reaction and the Pathway of Sugar Formation""]}]",,1
194,Human Migration Theories and Evidence,"This cluster organizes around the theoretical frameworks and empirical evidence for human mobility, ranging from general migration models to specific case studies using isotopic analysis and genetic data. The titles collectively debate the causes, costs, and realities of population movement in prehistoric and historic contexts.",Regional Prehistory and Geography,A second group of 3 titles shares this theme.,,"[{""theme"": ""Human Migration Theories and Evidence"", ""titles"": [""Interpreting past Human Mobility Patterns: A Model"", ""Migration in Archaeology: The Baby and the Bathwater"", ""A Theory of Migration"", ""The Causes of Rural-Urban Migration: A Survey of German Theories"", ""The Costs and Returns of Human Migration"", ""Celtic Migration': Fact or Fiction? Strontium and Oxygen Isotope Analysis of the Czech Cemeteries of Radovesice and Kutná Hora in Bohemia"", ""Female Exogamy and Gene Pool Diversification at the Transition from the Final Neolithic to the Early Bronze Age in Central Europe""]}, {""theme"": ""Regional Prehistory and Geography"", ""titles"": [""Culture and Change in Central European Prehistory: 6th to 1st"", ""Mittelbronzezeitliche Frauentrachten in Süddeutschland. Dynamique du Bronze Moyen en Europe Occidentale, Actes du 113e Congrès National des Sociétés Savantes"", ""The Loess Regions of Central Europe in Prehistoric Times""]}]",,3
198,Regional Archaeology of Finnish-Swedish Frontiers,"This cluster focuses on specific local archaeological evidence, material culture, and settlement dynamics between Baltic Finns and Swedes in Finland and western Russia.",,,"Production Within and Beyond Imperial Boundaries: Goods, Exchange, and Power in Roman Europe | Uppsala | Varhaisia saviastioita Dragsfjärdin Purunpään vesiltä","[{""theme"": ""Baltic Finns and Swedish Interaction in the Viking Age"", ""titles"": [""Bringing \""the periphery\"" into focus: Social interaction between Baltic Finns and the Svear in the Viking Age and Crusade period (c. 800 to 1200)"", ""Rethinking World Systems: Power, Distance, and Diasporas in the Dynamics of Interregional Interaction"", ""Cultural Identity of the Russian North Settlers in the 10th-13th Centuries: Archaeological Evidence and Written Sources"", ""Ett karelskt hängsmycke från Södermanland"", ""Kulturen vid ule träsks vattendrag under den sena järnåldern"", ""Turun maakuntamuseo 19"", ""National Romanticism in Archaeology: The Paradigm of Slavonic Colonization in North-West Russia""]}, {""theme"": ""Roman and General European Contexts"", ""titles"": [""Production Within and Beyond Imperial Boundaries: Goods, Exchange, and Power in Roman Europe""]}, {""theme"": ""Local Finnish/Swedish Site Reports"", ""titles"": [""Varhaisia saviastioita Dragsfjärdin Purunpään vesiltä"", ""Uppsala""]}]",,2
199,Norse assembly sites and legal systems in the North Atlantic,"The cluster is organized around the study of Norse 'Thing' sites, their topography, and the development of early medieval legal systems in Norway, Shetland, and Iceland. It connects physical assembly locations with documentary evidence of judicial practices.",,,Shetland Documents 1195-1579. Shetland Islands Council and Shetland Times | An Icelandic-English Dictionary. Enlarged and completed by Gudbrand Vigfusson,"[{""theme"": ""Norse assembly sites (Things) and legal history in the North Atlantic"", ""titles"": [""Patterns of Assembly: Norse Thing Sites in Shetland"", ""Shetland Place-names"", ""Tingwall: The significance of the name"", ""Løgtingið 150 -Hátíðarrit 1. Løgtingið og høvundarnir"", ""The Topography of Outdoor Assembly Sites in Europe with Reference to Recent Field Results from Sweden"", ""The Earliest Norwegian Laws: Being the Gulathing Law and the Frostathing Law"", ""The communal nature of the judicial system in Early Medieval Norway""]}, {""theme"": ""Shetland documents and language"", ""titles"": [""Shetland Documents 1195-1579. Shetland Islands Council and Shetland Times"", ""An Icelandic-English Dictionary. Enlarged and completed by Gudbrand Vigfusson""]}]",Der er en eiendommelighet ved den Norske Kyst,2
200,Swedish Settlement in Finland,"The dominant theme focuses on the historical and archaeological investigation of Swedish settlement patterns, identity formation, and runic evidence specifically within Finland during the Iron Age.",General Settlement and Resources,A second group of 3 titles shares this theme.,"Vörårunorna I: En bok om runskrifterna i Höjsal och Härtull. Jakobstad: Jakobstads Tryckeri | Sodankäynti ja soturit rautakaudella | Viking Rus: Studies on the Presence of Scandinavians in Eastern Europe, The Northern World: North Europe and the Baltic c. 400-1700 ad. Peoples, Economies and Cultures","[{""theme"": ""Swedish Presence and Identity in Finland"", ""titles"": [""Finland as a part of the 'Viking World'"", ""När kom svenskarna till Finland? Studier utg. av Svenska Litteratursällskapet i Finland 646"", ""Järnåldersbosättningen i österbotten samt fyndtomheten i ljuset av runstensdebatten: arkeologi som ett försök att legitimera sin identitet"", ""Fornminnen i Österbotten: Från neandertalare till sockenbor""]}, {""theme"": ""Runes and Regional Studies"", ""titles"": [""Vörårunorna I: En bok om runskrifterna i Höjsal och Härtull. Jakobstad: Jakobstads Tryckeri"", ""Sodankäynti ja soturit rautakaudella""]}, {""theme"": ""General Settlement and Resources"", ""titles"": [""The North in Old English Orosius: A Geographical Narrative in Context"", ""General Patterns of Niche Construction and the Management of 'wild' Plant and Animal Resources by Small-Scale Preindustrial Societies"", ""Vantaan esihistoria. Vantaa: Vantaan kaupunki. Luoto, Jukka""]}, {""theme"": ""Broader Viking Rus Studies"", ""titles"": [""Viking Rus: Studies on the Presence of Scandinavians in Eastern Europe, The Northern World: North Europe and the Baltic c. 400-1700 ad. Peoples, Economies and Cultures""]}]",,3
201,Viking Age Economic Systems and Currency,"The cluster centers on the economic structures of Viking Age Scandinavia, specifically analyzing monetary practices, weighing systems, hacksilber hoards, and the transition between barter and trade economies.",,,"Runorna norr om Ödmården | Grettir's Saga | Folkevandringstidens gullskatter i Norge | Medgift, Norge', Kulturhistorisk leksikon for nordisk middelalder 11","[{""theme"": ""Economic Systems and Monetary Practices"", ""titles"": [""Monetary practices in early medieval western Scandinavia (5th-10th centuries AD)"", ""Barter and Economic Disintegration"", ""Warrior economy and trading economy in Viking Age Scandinavia"", ""Balances, Weights and Weighing in Ancient and Early Medieval Sweden. Theses and Papers in Scientific Archaeology 2"", ""Weighing, Commodification, and Money"", ""Danish Hacksilber Hoards: A Status Report""]}, {""theme"": ""Silver Hoards and Wealth"", ""titles"": [""Folkevandringstidens gullskatter i Norge"", ""Medgift, Norge', Kulturhistorisk leksikon for nordisk middelalder 11""]}, {""theme"": ""Literary Sources"", ""titles"": [""Runorna norr om Ödmården"", ""Grettir's Saga""]}]",,2
207,Theoretical Frameworks of Anthropogenic Change and Socionatural Resilience,"This cluster addresses broad theoretical concepts linking environmental degradation, landscape transformation, and societal resilience across the medieval North.","Philosophy, Society, and Contemporary Relevance",A second group of 5 titles shares this theme.,,"[{""theme"": ""Archaeology of Environmental Change and the Anthropocene"", ""titles"": [""Archaeology for the Anthropocene: Scale, Soil, and the Settlement of Iceland"", ""The Archaeology of Environmental Change: Socionatural Legacies of Degradation and Resilience"", ""The Anthropocene. Global Change Newsl"", ""The palaeoanthropoceneöthe beginnings of anthropogenic environmental change"", ""Anticipating Land Surface Change""]}, {""theme"": ""Philosophy, Society, and Contemporary Relevance"", ""titles"": [""Pragmatism and the Relevancy of Archaeology for Contemporary Society"", ""Community-Based Archaeology: Research With, By, and For Indigenous and Local Communities"", ""This Changes Everything: Capitalism vs. The Climate"", ""Hyperobjects: Philosophy and Ecology After the End of the World"", ""Second nature: icelandic landscapes of social inequality. 112th Annual Meeting of the American Anthropological Association""]}]",,5
213,Vendel Period and Viking Age Brooches,"The cluster is dominated by typological studies of specific brooch types from the Vendel period and early Viking Age, including detailed catalogues and analyses of snake brooches and transitional forms. These titles focus on the classification and distribution of these specific artifact classes.",Vendel Period and Viking Age Brooches,A second group of 3 titles shares this theme.,,"[{""theme"": ""Vendel Period and Viking Age Brooches"", ""titles"": [""Domed oblong brooches of Vendel period Scandinavia: Ørsnes types N and O and similar brooches, including transitional types surviving into the early Viking period"", ""Department of Archaeology, University of Stockholm. -2003b. Barshalder 2. Studies of Late Iron Age Gotland. University of Stockholm. -2003c. Snake brooches of south Scandinavia"", ""Djurhuvudformiga spännen och gotländsk vikingatid: text och katalog (diss.)""]}, {""theme"": ""Cemetery and Grave Goods Studies"", ""titles"": [""Et unikt vendelstilsarbeide fra Romsdal. Viking 13. Norsk Arkeologisk Selskab"", ""Ashmolean Museum Oxford. A summary catalogue of the Continental collections (Roman Iron Age, Migration Period, Early Medieval)"", ""De vikingatida båtgravarna vid valsgärde -relativ kronologi. fornvännen 97"", ""Samlingen af Norske oldsager i Bergens museum"", ""Nørre Sandegård Vest: A Cemetery from the 6th-8th Centuries on Bornholm"", ""Kalmar läns förhistoria. Södra Kalmar län I"", ""Lillevangen yngre germanertids gravplads med røser og raekkegrave på bornholms østkyst""]}]",,3
214,Early Medieval Emporia: Excavations and Ceramic Evidence,"This cluster is organized around excavated emporia and trading places of the early medieval North Sea and Baltic, including Ribe, Haithabu and Wollin. Titles focus on the pottery, imported ceramics and metalworking evidence from these sites.",Viking Trade Centers in the Baltic,A second group of 3 titles shares this theme.,The Vikings. Proceedings of the Symposium of the Faculties of Arts of Uppsala University,"[{""theme"": ""Networks, Trade, and Central Places"", ""titles"": [""The Small World of the Vikings: Networks in Early Medieval Communication and Exchange"", ""Networks and nodal points: the emergence of towns in early Viking Age Scandinavia"", ""Det aeldste Ribe. Udgravninger på nordsiden af Ribe Å 1984-2000 (Ribe Studier bd 1.1 & 1.2)"", ""Die Importkeramik von Haithabu, Wachholtz, Neumu ¨nster Kars, H, 1983 'Early-medieval Dorestad, an archaeo-petrological study part VIII: summary of the petrographical results"", ""The Löddeköpinge Investigations I. The Settlement at Vikhögsvägen. Meddelanden från Lunds universitets historiska museum 1975-76, New series"", ""Metalworking and Central Places. Uppåkrastudier 6 (Acta Archaeologica Lundensia Ser""]}, {""theme"": ""Viking Trade Centers in the Baltic"", ""titles"": [""Rostock-Dierkow -ein Wirtschaftszentrum des 8"", ""Ein Handelsplatz der Wikingerzeit"", ""Feldberger Keramik und frühe Slawen""]}, {""theme"": ""Symposium Proceedings"", ""titles"": [""The Vikings. Proceedings of the Symposium of the Faculties of Arts of Uppsala University""]}]",,3
215,Agrarian technology and medieval farm history,"The dominant axis is the study of agricultural landscapes, farming technologies, and the evolution of the medieval farmstead in Scandinavia between 800 and 1300 AD.",Economic history and general histories,A second group of 3 titles shares this theme.,"The Cambridge History of Scandinavia 1, Prehistory to 1520","[{""theme"": ""Agrarian technology, land use, and farm history in Scandinavia"", ""titles"": [""Agrarian technology and land use in Scandinavian landscapes c. 800-1300 AD"", ""Bag gårdleddet. arkaeologiske studier af den middelalderlige bondegård i danmark"", ""Entwicklungsphasen der Agrarlandschaft Jaerens. Stockholm: Kulturgeografiska insitutionen, Stockholms Universitet. Samling af Sweriges Gamla Lagar, 1827-44. Corpus Iuris Sueo-Gotorum Antiqui, Vols. 1-6, H.S. Collin and C"", ""Bebyggelshistorisk Teori Og Syntese"", ""Outfi Elds as Part of the Medieval Farm -Four Archaeological Case Studies From Western Norway"", ""Gårdshauger i Nord-Norge""]}, {""theme"": ""Economic history and general histories"", ""titles"": [""The Conditions of Agricultural Growth. The Economics of Agrarian Change under Population Pressure"", ""Bønder og stat under naturalsystemet"", ""Norges historie""], ""title_count_check"": 3}, {""theme"": ""General reference works"", ""titles"": [""The Cambridge History of Scandinavia 1, Prehistory to 1520""]}]",,3
218,Runestone Epigraphy and Memorial Art,"This cluster is exclusively focused on the study of runestones, covering their epigraphy, stylistic analysis, and iconology. The titles discuss specific runographers, alphabets, inscriptions, and the interpretation of memorial art in Uppland and Sweden.",,,Från stormannagå&d till bondby. en studie av mellansvensk bebyggelseutveckling fiån äld&e jürnålder til medeltid | Text and 1mage in Pre-Columbian Art. Essays on the Interrelationship of the Verbal and Visual Arts | Från stormannagå&d till bondby. en studie av mellansvensk bebyggelseutveckling fiån äld&e jürnålder till medeltid,"[{""theme"": ""Runestone Epigraphy and Iconology"", ""titles"": [""Re-Reading Embodied Texts: An Interpretation of Rune-Stones"", ""A Runographer s Style in the Context of Eleventh-Century Upplandic Memorial Art"", ""Ko&sbandhstena&. en Inonologisk studie. Duplicated seminar paper"", ""Johannes Bureus'arbeten Om Svenska Runinskrifter"", ""Svens/t runordsregister. Runrön 2"", ""Runerne på tunesteinen: alfabet, språkform, budskap"", ""De stungna runo&. na. anvä'ndning och j ludvärdei runsvenska steninslnifie&"", ""Den uppländsl. e runristaren visäte. en l&onologisklkorologisk studie. duplicated seminar paper""]}, {""theme"": ""Settlement Development"", ""titles"": [""Från stormannagå&d till bondby. en studie av mellansvensk bebyggelseutveckling fiån äld&e jürnålder till medeltid""]}, {""theme"": ""Interdisciplinary Text-Image Studies"", ""titles"": [""Text and 1mage in Pre-Columbian Art. Essays on the Interrelationship of the Verbal and Visual Arts""]}]",,1
222,Human-Environment Systems and the Anthropocene,"This cluster is primarily defined by research into long-term human impact on the environment, framing these interactions within the context of the Anthropocene. The titles discuss land use history, control over climate, and the need for a coupled science to understand biophysical systems.",Archaeological Theory and Heritage,A second group of 3 titles shares this theme.,,"[{""theme"": ""Human-Environment Interactions and the Anthropocene"", ""titles"": [""Human Land Use History and Environmental Management"", ""Plows, Plagues and Petroleum: How Humans Took Control of Climate"", ""Meeting the Challenges of the Anthropocene: Towards a Science of Coupled Human-Biophysical Systems"", ""Global Consequences of Land Use""]}, {""theme"": ""Archaeological Theory and Heritage"", ""titles"": [""The archaeology of ice. Finds from the Frozen Past. Exhibition in Historical Museum"", ""On pastness. a reconsideration of materiality in archaeological object authenticity. manuscript submitted for peer review"", ""Introduction. Postconflict heritage""]}, {""theme"": ""Cultural Evolution"", ""titles"": [""Social Identities"", ""The Evolution of Culture"", ""When Species Meet""]}]",,3
232,"Symbolism, Memory, and Ritual Practices in Viking Mortuary Contexts","This cluster emphasizes the symbolic meanings of burial goods, the psychological and mythological aspects of death rituals, and the long-term social memory associated with grave sites.",Religious memory and collective identity,A second group of 4 titles shares this theme.,Stones,"[{""theme"": ""Viking Age burial sites and mortuary practices"", ""titles"": [""Minnesmakarnas verkstad: om vikingatida bruk av äldre gravar och begravningsplatser"", ""The Revenant by the Lake: Spear Symbolism in Scandinavian Late Viking Age Burial Ritual"", ""Gravfä ltet på Kyrkbacken i Horns socken, Västergö tland"", ""Gravstolpar Och Langtida Meningssammanhang -Begravningsplatsen I Vittene"", ""Vikingatida stensdttningar vid skolan i Blidsberg -Delundersékning av ett gravfialt. Vastergdtland, Blidsberg socken, Blidsberg skola 32:37, RAA 31. Riksantikvariedmbetet UV Vast Rapport""]}, {""theme"": ""Religious memory and collective identity"", ""titles"": [""Om heligheten. helighetens envisa vägran att försvinna. religionspsykologiska perspektiv"", ""Prolonged echoes: Old Norse myths in medieval northern society. II. The reception of Norse myths in medieval Iceland"", ""Nordisk Hedendom. Tro och sed i forkristen tid"", ""On Collective Memory [Les cadres sociaux de la mémoire]""]}, {""theme"": ""Material culture"", ""titles"": [""Stones""]}]",,4
243,Eastern Baltic Cultural Synthesis and Ideology,"This cluster emphasizes broader regional transitions, warrior ideologies, burial rites, and the interplay of textual sources with material culture across the entire Eastern Baltic sphere.",,,"The Ynglinga Saga, or The Story of the Yngling Family from Odin to Halfdan the Black","[{""theme"": ""Viking Age interactions and material culture in the Eastern Baltic"", ""titles"": [""Viking Age and Early Mediaeval Eastern Baltic Between the West and the East"", ""(ed) Transformatio mundi. The Transition from the Late Migration Period to the Early Viking Age in the East Baltic"", ""Tension and Tradition. A Study of Late Iron Age Spearheads around the Baltic Sea. Theses and Papers in Archaeology"", ""Collectivity versus individuality: the warrior ideology of Iron Age burial rites on Saaremaa"", ""Uhiskondlikest Oludest Eesti Alal Hilispronksi-Ja Rauaajal"", ""Nekatorye Archeologitcheskye Nahodki 11-13 Vekov Iz Gorodishtscha Koknese"", ""Sladetransport i rusland og sporgsmalet om den tidlige vikingetids orientalske import i nordeuropa"", ""Russisch-Liwlandische Chronographie von der Mitte des neunten Jahrhunderts bis zum Jahre 1410"", ""On the Relations between the Countries around the Baltic as Indicated by the Background of Viking Age Spearhead Ormament""]}, {""theme"": ""Genealogy and mythology"", ""titles"": [""The Ynglinga Saga, or The Story of the Yngling Family from Odin to Halfdan the Black""]}]",,1
245,Viking-Age Metallurgy and Smithing Practices,"The cluster explores the intersection of archaeological evidence for metalworking with mythological and folkloric interpretations of the smith figure. It covers iron production techniques, the social identity of smiths, and comparative studies of metallurgical knowledge in Scandinavia and beyond.",,,,"[{""theme"": ""Metallurgy, Smithing, and Folklore in Scandinavia"", ""titles"": [""Metall og myter – magi og transformasjon: refleksjoner omkring den norrøne smedens kunnskap og identitet i et komparativt perspektiv"", ""Héphaistos ou la legende du magician"", ""Smedgraven fra Bygland i Morgedal"", ""Jerne t i Vest-Tel emar k -der tussa ne radde grunn en"", ""Osten for sol og veste nfor mane . psyko analy tiske tolkn inger av nordi ske og germa nske event yr, sagn og myter"", ""Utkant eller egg? jarnutvinning i more og romsdal i forhistorisk tid og mellomalder. upublisert hovedfagsoppgave i arkcologi"", ""The Wise One of the Mountain. Form, function and significance of the subterranean smith. A study in folklore. Göppinger Arbeiten zur Ger manistik 379"", ""Metallurgy and its consequences, I: Stahl, A. (red.): African Archaeology, A Critical Introduction"", ""Smi éi l tdegl ars harsk are och Jerus"", ""The Archaeological Interpretation of Prehistoric Metalworking""]}]",,0
247,Domestic Cat Morphology and Domestication History,"This cluster is dominated by research into the domestication history, morphological changes (specifically size increase), and taphonomic evidence of domestic cats in Northern Europe from the Roman Iron Age through the Viking Age. It also includes broader comparative studies on the domestication of other mammals.",General mammal domestication and taphonomy,A second group of 4 titles shares this theme.,Kongens Nytorv Metro Cityring Project,"[{""theme"": ""Domestic cat domestication and size changes"", ""titles"": [""Domestic cats (Felis catus) in Denmark have increased significantly in size since the Viking Age"", ""A Natural History of Domesticated Mammals. 2nd"", ""The near Eastern Origin of Cat Domestication"", ""Schädelkritieren der Wild-und Hauskatze (Felis silvestris silvestris Schreb. 1777 und F. s. f. catus L. 1758)"", ""The domestic cat in the Roman Iron Age (c. 1-375 AD)""]}, {""theme"": ""General mammal domestication and taphonomy"", ""titles"": [""Dyreknogler fra Naesbyholm Storskov. En plads fra aeldre romersk Jernalder"", ""Danmarks Pattedyr i Fortiden. Videnskabelige Meddelelser fra dansk naturhistorisk Forening"", ""Size and sex: evidence for the domestication of cattle in the Near East"", ""Early Domestication and Farming: What Should We Know or Do for a Better Understanding?""]}]",Kongens Nytorv Metro Cityring Project,4
254,"Sacral Kingship, Mythology, and Royal Commemoration","The cluster centers on the intersection of mythological narratives, skaldic poetry, and archaeological evidence regarding royal graves and the concept of sacral kingship in early medieval Scandinavia.",Dendrochronology and Maritime Technology,A second group of 3 titles shares this theme.,,"[{""theme"": ""Sacral Kingship, Mythology, and Royal Commemoration"", ""titles"": [""Rulership in 1st to 14th Century Scandinavia: Royal Graves and Sites at Avaldsnes and beyond"", ""The poetics of commemoration. Skaldic verse and social memory, c. 890-1070. Oxford English Monographs"", ""Dómaldi's Death and the Myth of Sacral Kingship"", ""The Barrows of East Anglia"", ""The ship"", ""The dating of Beowulf. Toronto Old English series, 6. University of Toronto Centre for Medieval"", ""Båten""]}, {""theme"": ""Dendrochronology and Maritime Technology"", ""titles"": [""Uppgarde i Vallstena"", ""Timber, Trade and Tree-Rings: A Dendrochronological Analysis of Structural Oak Timber in Northern Europe, C.ad 1000 to C.ad 1650"", ""Norðvegr -Norway: From Sailing Route to Kingdom""]}]",,3
255,Viking-Age Horticulture and Plant Taphonomy,"This cluster is organized around the study of plant remains from Viking Age and early medieval sites, focusing on garden cultivation, staple crops, and the taphonomic processes affecting botanical evidence. It also touches upon the medicinal and ritual uses of plants in Scandinavian history.",,,,"[{""theme"": ""Viking-Age Horticulture and Plant Use"", ""titles"": [""Viking Age garden plants from southern Scandinavia: Diversity, taphonomy and cultural aspects"", ""Arkaeologi og naturvidenskab i et vaerkstedsområde fra det tidlige 1000-tal"", ""Vad vi vet, vad vi trott och vad vi misstänker"", ""The plants used in a Viking Age Garden A.D. 800-1050"", ""New analysis of Grauballe man's gut contents"", ""Archaeobotanical and Historical Records Compareda New Look at the Taphonomy of Edible and Other Useful Plants From the 11th to the 18th Centuries A.d. Circaea"", ""Barbariska trädgårdsmästare. nya perspektiv på hortikulturen i sverige fram till 1200-talets slut"", ""Garden cultivation of staple crops and its implications for settlement location and continuity"", ""Arkaeozoologiske og arkaeobotaniske undersøkelser af bopladsmateriale fra aeldre jernalder"", ""Bolmörtens roll i magi och medicin under den svenska förhistorien och medeltiden. fornvännen""]}]",Arkaeozoologiske og arkaeobotaniske undersøgelser af bopladsmateriale fra aeldre jernalder,0
256,Landscape Reconstruction and Coastal Change,"This cluster is defined by the use of geophysical techniques like ALS and GPR to reconstruct landscapes, specifically focusing on coastal changes, neotectonic deformation, and sea-level shifts in Norway. The titles emphasize the dynamic nature of the coastline and its impact on archaeological sites.",,,World atlas of Holocene sea-level changes | Global Mean Sea Level Time Series (Seasonal Signals Removed),"[{""theme"": ""Landscape Reconstruction and Coastal Change"", ""titles"": [""The late Nordic Iron Age and Viking Age royal burial site of Borre in Norway: ALS-and GPR-based landscape reconstruction and harbour location at an uplifting coastal area"", ""Noen tanker om Borrehaugenes beliggenhet. Borreminne, Lokalhistorie fra Borre og Horten"", ""En karbon-datert strandforskyvningskurve fra søndre vestfold"", ""Neotectonic Deformation in Norway and Its Implications: A Review"", ""Fugleperspektiv på kulturminner. Bruk av flybåren laserskanning i Arkeologien. Viking Norsk Arkeologisk Årbok 72"", ""Arkeologiske landskapsrom i Borre"", ""Changes in shore-level and ice-front position in Late Weischel and Holocene, southern Norway""]}, {""theme"": ""Sea Level and Geological Data"", ""titles"": [""World atlas of Holocene sea-level changes"", ""Global Mean Sea Level Time Series (Seasonal Signals Removed)""]}]",The Ship as Symbol in Prehistoric and Medieval Scandinavia. Papers from an International Research Seminar at the Danish National Museum,2
275,6th Century Climate and Volcanic Events,"This cluster centers on the environmental crises of the mid-6th century, specifically the AD 536 dust veil and subsequent volcanic eruptions. The titles collectively explore physical evidence from tree rings and tephra layers alongside their interpretation in archaeological and mythological contexts.",,,"The Kalevala | Property and honoursocial change in central Sweden, 200-700 AD mirrored in the area around Old Uppsala | Excavating the Digital Landscape: GIS Analyses of Social Relations in Central Sweden in the Ist Millennium AD. Uppsala","[{""theme"": ""Climate events and volcanic proxies in the 6th century"", ""titles"": [""Excavating the Fimbulwinter? Archaeology, geomythology and the climate event(s) of AD 536"", ""The AD 540 event"", ""Helgé in the shadow of the dust veil"", ""Ekki nytr sdlar. nar himlen fargades réd av gudarnas blod"", ""Tree Rings as Sensitive Proxies of Past Climate Change"", ""Volcanic eruptions in the Mediterranean before A. D. 630 from written and archeological sources"", ""Pacific Offshore Record of Plinian Arc Volcanism in Central America: 2. Tephra Volumes and Erupted Masses""]}, {""theme"": ""Regional archaeology and digital methods"", ""titles"": [""Property and honoursocial change in central Sweden, 200-700 AD mirrored in the area around Old Uppsala"", ""Excavating the Digital Landscape: GIS Analyses of Social Relations in Central Sweden in the Ist Millennium AD. Uppsala""]}, {""theme"": ""Literary works"", ""titles"": [""The Kalevala""]}]",,2
286,"Helgö, Birka and Mälaren landscape archaeology","This cluster is organized around the archaeological investigation of central places and landscapes in the Mälaren region, specifically focusing on excavations at Helgö and Birka. It includes studies of stone settings (stensträngsbygder) and broader regional landscape analyses.",Religious practices and comparative religion,A second group of 5 titles shares this theme.,,"[{""theme"": ""Archaeological excavations and regional landscape studies in Mälaren and Uppland"", ""titles"": [""Det skapade landet. En landskapsstudie över Äverstaåns dalgång"", ""Vikingar på Helgö och Birka"", ""En studie av stensträngsbygder i mälarlandskapen"", ""I: Birgit Arrhenius & Uaininn O'Meadhra (red.), Excavations at Helgö 18. Conclusions and New aspects"", ""Ett arkeologiskt symposium i samarbete mellan arkeologisektionen i stockholms läns hembygdsförbund och stockholms läns museum. (stockholms läns museum""]}, {""theme"": ""Religious practices and comparative religion"", ""titles"": [""Okänd och misskändskinnskrapan R. 416. Ombytta könsroller i Mellanskandinaviens yngre järnålder"", ""Folklandstingstad och en gammal färdled\"". I: Fornvännen 61"", ""Religion från stenålder till medeltid. artiklar baserade på religionsarkeologiska nätverksgruppens konferens på lövstadbruk den 1-3 december 1995. (riksantikvarieämbetet, arkeologiska undersökningar. skrifter 19"", ""Mosefund -Stratigrafi Og Kronologi"", ""Patterns in Comparative Religion""]}]",,5
