"node_id","community_id"
"aannestad2018",1
"heenpettersen2018",2
"heenpettersen2019",3
"lund2016",4
"moen2020",5
"ambrosiani2015",6
"croix2015",7
"vonholstein2014",8
"warmlander2015",9
"lund2019",10
"solli2018",11
"dobat2006",12
"fabech2013",13
"gustafsson2011a",14
"larsson2007",15
"price2006",16
"fahlander2016",17
"price2018b",18
"eriksen2013",19
"andren2013a",20
"lund2004",21
"lund2005",21
"lund2008",22
"lund2017",23
"lund2020",24
"raffield2018",25
"williams2016",26
"zoega2017",27
"andren2013",28
"glorstad2012",29
"lund2010",30
"lund2013",31
"lund2015",23
"skre2019",32
"jessen2016",33
"price2014d",34
"magnell2010",35
"oehrl2017",36
"price2008a",37
"zachrisson2014a",38
"gardela2018",39
"gustafsson2016",40
"raffield2019",41
"androshchuk2018",42
"bill2017a",43
"burstrom2015",44
"glorstad2017",45
"odeback2018",46
"edberg2019",42
"kalmring2010",47
"voncarnapbornheim2014",48
"dugmore2012",49
"frei2015",50
"hartman2017",51
"hayeursmith2018a",52
"jackson2018",53
"tummuscheit2019",54
"artelius2013",55
"fahlander2018",17
"price2019",56
"raffield2016",57
"glorstad2015",58
"arwillnordbladh2013",59
"arwillnordbladh2013a",60
"ashby2015",61
"hennius2018",62
"perry2016",63
"sindbaek2017",64
"griffiths2019",65
"arwillnordbladh2012",66
"backdanielsson2016",67
"price2014",68
"barrett2010",69
"naumann2014",70
"price2014a",71
"star2017",72
"baug2019",73
"montgomery2014",74
"pilo2018",75
"downham2016",76
"mainland2018",77
"sindbaek2016",78
"amundsen2017",79
"bergstol2004",80
"croix2019",81
"kemmers2011",82
"nielsen2011",83
"baug2017",84
"loftsgarden2019",85
"rosvold2019",86
"svendsen2019",87
"beck2018",88
"grupe2013",89
"zachrisson2017a",90
"stene2017",91
"kristjansdottir2015",92
"bill2016",93
"bill2017",94
"fredriksen2014",95
"gullbekk2014",96
"macphail2013",97
"pedersen2015",98
"williams2014",26
"gardela2015",99
"jagodzinski2014",100
"hilberg2016",101
"sanmark2013",102
"harris2017",103
"richards2018",104
"anchukaitis2017",105
"helama2017",106
"pilo2020",107
"zachrisson2017",108
"eriksen2017",109
"ellingsen2019",110
"price2010",111
"jarman2018",112
"stott2019",113
"ulriksen2018",114
"pedersen2019",115
"sindbaek2018",61
"wouters2016",116
"dugmore2007",117
"keller2016",118
"tainter2006",119
"carver2015",120
"runge2018",121
"domeijlundborg2012",122
"schneidhofer2017",123
"tonning2020",124
"barrett2008",69
"beck2017",125
"spangen2009",126
"hillerdal2010",127
"christiansen2019",128
"dobat2013",129
"baug2015",130
"henriksen2017",131
"price2012",132
"milek2012",133
"kastholm2016",134
"toplak2018",135
"gustin2017",136
"pedersen2017",137
"peschel2017",138
"christensen2018",139
"heenpettersen2014",140
"ijssennagger2015",141
"kershaw2017",142
"raffield2014",143
"rogers2020",144
"williams2015",145
"hadley2018",146
"mcleod2011",147
"leonard2011",148
"price2020",149
"hrnjic2018",150
"kelly2015",151
"barndon2018",152
"lund2006",153
"hedeager2010",154
"kalmring2018",155
"eriksen2016",156
"mannering2013",157
"osullivan2015",158
"hedenstiernajonson2015",159
"price2011",160
"kalmring2012",161
"kalmring2017",162
"krzewinska2018",163
"helmbrecht2012",164
"oehrl2019",36
"sindbaek2014",165
"hilberg2018",166
"devos2013",167
"holst2013",168
"holst2014",169
"jessen2014",170
"buckberry2014",171
"tveiten2017",172
"bonde2016",173
"glorstad2014",174
"jahnsen2016",175
"baastrup2014",176
"henriksen2014",177
"borake2018",178
"hilberg2014",179
"hadley2016",180
"kershaw2016",181
"vesteinsson2016",182
"poulsen2011",183
"bill2012",184
"gustavsson2015",185
"androshchuk2010",186
"graslund2011",187
"lindholm2016",188
"ljungkvist2018",189
"chenery2014",190
"hedenstiernajonson2017",191
"toplak2015",192
"macphail2016",193
"gotfredsen2014",194
"milek2013",195
"runge2018a",196
"burstrom2014",197
"abrams2012",198
"pedersen2006",199
"roesdahl2011",200
"skre2011b",201
"linderholm2008",202
"lucas2007",203
"pedersen2009a",204
"rosengren2010",205
"wickholm2006",206
"knudson2012",207
"reiter2019",208
"tummuscheit2014",209
"feveile2017",210
"roslund2013",211
"roslund2015",212
"roslund2017",213
"sanmark2013a",214
"raninen2014",215
"skre2017",216
"skre2011a",201
"ijssennagger2013",217
"oye2014",218
"fallgren2008",219
"sutherland2015",220
"halstadmcguire2010",221
"kershaw2009",222
"catlin2016",223
"schmid2017",224
"holst2010",225
"sindbaek2011",226
"ljungkvist2015",189
"neiss2016",227
"goodchild2017",228
"vesteinsson2012",229
"sindbaek2011a",137
"aannestad2018a",1
"rundkvist2010",230
"staecker2004a",164
"sindbaek2007",231
"strand2011",232
"oye2016",233
"price2016",149
"gullbekk2011",234
"svensson2018",235
"andren2000",236
"storli2010c",237
"mulk2007",238
"naum2004",239
"solli2011",240
"becket2013",241
"steinforth2018",242
"trinks2014",243
"kovalenko2013",244
"imer2014",245
"ibsen2010",246
"harrison2016",105
"zori2013",247
"krzewinska2015",248
"christensen2013",249
"artelius2005",250
"feveile2012",251
"fischer2011",252
"myrberg2008",253
"frei2012",254
"benderjorgensen2012",255
"boyd2013",256
"arneborg2012",257
"pollard2012",190
"sutherland2009",258
"arwillnordbladh2008b",259
"fontaine2017",260
"sindbaek2013a",261
"skre2016",262
"arwillnordbladh2007",259
"magi2011",263
"becker2012",264
"barndon2005a",265
"ashby2015a",61
"feveile2011",266
"artelius2004a",267
"bitzthorsen2018",268
"svendsen2016",269
"myrberg2009",270
"majchczack2018",271
"skre2011",43
"gardela2013a",39
"gustafsson2011",272
"steinforth2015",273
"roslund2005",274
"bill2020",275
"rohdesloth2012",276
"naum2007",239
"draganits2015",277
"halewood2001",278
"pentz2009",249
"croix2021",81
"nosov2018",279
"magi2016",280
"perry2019",281
"lundborg2006",122
"lia2004",282
"croix2016",7
"gardela2014",7
"wicker2013",283
"kitzlerahfeldt2013",283
"croix2019a",284
"feveile2015",210
"gardela2013",285
"gardela2008",286
"price2005",286
"andren2006b",29
"leslie2015",287
"frei2012a",254
"gotfredsen2014a",288
"iversen2013",289
"gardela2018b",39
"hillerdal2009",127
"hayeursmith2013",51
"tummuscheit2012",48
"hedeager2003",154
"hennius2018a",62
"hardh2010",290
"iversen2015",291
"jankowiak2018",292
"jorgensen2010",115
"rundkvist2015",293
"kastholm2015",134
"jorgensen2009",294
"skorokhod2020",295
"sheehan2013",296
"ljungkvist2011",297
"sanmark2008",30
"richards2011",147
"lynnerup2014",298
"graslund2012a",75
"price2015",299
"price2014b",68
"price2014c",300
"myrberg2009a",301
"kalmring2016",18
"raffield2017",57
"kitzlerahfeld2015a",302
"pedersen2016b",137
"pedersen2009",303
"ravn2012",304
"price2018a",18
"raffield2016a",305
"price2018c",306
"pluskowski2010",307
"raffield2019a",41
"price2018d",308
"skre2017b",309
"price2019a",56
"andersson2008",310
"sindbaek2007a",231
"sindbaek2013",311
"semple2013",102
"toplak2017",135
"vesteinsson2014",312
"zachrisson2014",313
"williams2014a",314
"ulriksen2011",315
"zachrisson2004",316
"andren2002b",317
"aannestad2015",318
"ambrosiani2013",6
"andersson2004",319
"andersson2016",18
"andren2002",21
"andren2004",15
"androshchuk2013",9
"androshchuk2014",46
"androshchuk2012",320
"androshchuk2016",321
"arents2010",48
"armbruster2010",14
"artelius2007",17
"arwillnordbladh1998",322
"ashby2014",323
"backdanielsson2007",10
"ed2012",76
"barth1969",324
"e2014",325
"bergstol2008",91
"bhabha1994",326
"bjerg2013",327
"bogucki2012",100
"brather2013",328
"brink2011",329
"buntgen2016",107
"cannell2016",330
"clarke2017",331
"croix2012",332
"crumlinpedersen2010",64
"diamond2005",49
"dobat2014",121
"domeijlundborg2004",22
"englert2015",64
"eriksen1994",80
"feveile2009",333
"forster2009",130
"frog2014",334
"gardela2012",68
"gerds2015",335
"gjerpe2017",5
"grahamcampbell2013",336
"grahamcampbell2011",337
"graslund2007",108
"graslund2018",338
"griffiths2003",145
"hadley2013",147
"hall2014",339
"hallansstenholm2012",17
"hardh2016",150
"harrison2015",46
"harrison2014",103
"hedjakobsson2003",152
"hedeager2004",23
"hedeager2011",17
"hedenstiernajonson2006",159
"hedenstiernajonson2012",161
"helmbrecht2011",164
"hilberg2013",166
"n2017",340
"hodges2012",341
"ingvardson2012",132
"jennbert2015",26
"jensen2010",342
"jesch2015",64
"jones1997",175
"kalmring2013",179
"kershaw2013",180
"lemm2014",115
"lia2002",31
"ljungkvist2006",46
"loe2014",46
"lund2009",23
"merkel2016",150
"moen2011",343
"moen2019",10
"moesgaard2015",344
"myhre2015",124
"naum2008",345
"opedal2010",94
"oye2013",346
"paterson2014",158
"pedersen2004",199
"pedersen2014",46
"pedersen2016",137
"pilo2005",95
"price2000",34
"price2002",23
"price2001",127
"price2008",31
"price2018",347
"raja2018",348
"rasmussen2014",209
"richards2012",180
"roesdahl2014",210
"roslund2007",211
"russel2014",146
"said1978",83
"sanmark2017",77
"schietzel2014",48
"schultze2008",179
"skre2008",96
"soderberg2005",115
"solli2002",134
"staecker2004",22
"stanislawski2013",349
"stidsing2014",115
"svanberg2003",350
"thate2007",17
"toplak2016",135
"tummuscheit2011",209
"turner2006",143
"wallace2016",351
"wickham2005",64
"williams2020",352
"zachrisson2011",189
"andren2014",36
"christiansen2014",128
"dobat2010",48
"gardela2016",353
"gjerde2009",354
"glorstad2010",10
"graslund2010",26
"gustafsson2013",40
"smith2013",355
"lemm2013",228
"morawiec2009",99
"nordeide2011",2
"rundkvist2011",26
"rostad2016",73
"sindbaek2009",128
"sveinbjarnardottir2016",224
"williams2010",26
"ambrosiani2001",159
"graslund1984",6
"hraundal2013",9
"ilisch1990",6
"jansson1986",356
"jansson1987",16
"jansson1989",6
"wikander1978",6
"aannestad2016",1
"andren2011",1
"baastrup2012",357
"baastrup2010",1
"bagge1991",1
"bakka1963",1
"bakka1961",1
"bakka1971",1
"blackburn2002",1
"blindheim1973",153
"blindheim1999",1
"blindheim1995",19
"boe1940",1
"callmer1992",37
"callmer2008",1
"cramp1997",1
"downham2008",1
"dumville2008",1
"ekengren2009",1
"gaut2001",1
"gaut2011",1
"geber1991",1
"gosden1999",23
"grahamcampbell2000",1
"gustin2004",66
"hahn2013",1
"hedeager2002",21
"hedeager1992",1
"helms1993",174
"heyerdahllarsen1981",1
"hines1984",1
"hodder1982",1
"hodder1986",1
"hagg1974",1
"jansson1984",155
"vidar2010",1
"krag1994",1
"kristiansen2005",1
"maran2012",1
"marstrander1963",1
"mauss1950",1
"mikkelsen2002",1
"myhre1992",175
"croinin1989",1
"pedersen2008",1
"peets2012",1
"petersen1940",1
"raven2005",1
"rogers2006",1
"simonsen1981",1
"skaare1963",1
"skaare1976",1
"solli1995",1
"thomas1991",1
"waller1982",1
"wamers1985",1
"wamers2011",1
"williams2008",1
"wilson2006",1
"amundsen2001",358
"amundsen2011",359
"amundsen2015",360
"amundsen2007",235
"apel2001",361
"apel2005",362
"aronsson1991",363
"askeladden2015",364
"bakka1973",165
"bakka1976",365
"barth1976",366
"barth1996",86
"baudou1987",367
"bergman2016",368
"bergsland1992",369
"bergstol1997",91
"bergstol2009",370
"bjorn1934",371
"boaz1997",372
"bolstad1980",373
"braseth2014",374
"brendalsmo2003",375
"brogger1942",376
"bull2002",377
"byggstoyl2012",378
"damm2010",379
"fjellheim1999",380
"fjellheim2012",381
"forsberg2005",382
"fossum2006",383
"fredriksen1983",384
"fuglesang1980",164
"fuglestvedt2006",385
"gjerde2016",386
"gjessing1945",387
"grandell1986",388
"grimbe2013",389
"gustafson1988",390
"gustavsen2014",391
"hagen1946",392
"hagstrom2010",393
"hallgren2008",79
"hansen2004",126
"hansen2014",79
"hedman2003",79
"helstad2001",79
"hildre2012",79
"hole2013",79
"holm1991",79
"holm2016",79
"holseng2004",79
"hougen1947",235
"indreko1956",79
"jenkins2008",79
"johansen1981",79
"kleppe1977",79
"lannerbro1976",79
"marstrander1977",79
"mathiesen2005",79
"melheim2015",79
"mikkelsen1994",11
"mikkelsen1975",79
"mjaerum2012",95
"mulk1994",79
"myhre1962",79
"norell1987",79
"nou2007",79
"nyland2016",79
"odner1983",80
"odner2000",79
"ojala2009",79
"olsen1985",79
"olsen1991",79
"pareli1991",79
"prescott2009",79
"schanche1985",79
"scheen1979",79
"serning1966",79
"sjurseike1994",79
"skandfer1996",79
"skjolsvold1980",91
"skjolsvold1981",79
"skjolsvold1984",79
"smith2006",394
"soborg1988",79
"solberg1986",79
"sommerseth2011",79
"spangberg2014",79
"spangen2010",79
"stene2010",79
"stenvik1988",79
"svensson2006",178
"swensen2017",79
"trigger2006",79
"vorren1965",79
"wegraeus1971",79
"zachrisson1997",80
"zachrisson2015",79
"abrams2004",181
"phil2010",198
"fanning1994",198
"sheehan1998",69
"sheehan2009",142
"omeadhra1979",395
"blackburn1981",198
"glorstad1987",198
"grahamcampbell1984",396
"jensen1968",198
"davidson1962",23
"grinsell1961",397
"bjorn1940",398
"kovalev2004",212
"arbman1940",114
"arne1914",6
"bearman2014",6
"anonymous2012",198
"ljung2010",64
"lang2001",171
"cohen2004",198
"jesch2002",147
"whaley2004",198
"tweddle1995",198
"coatsworth2008",198
"grahamcampbell1980",222
"wamers2009",65
"grahamcampbell2007",198
"brunning2013",399
"sonderso2005",186
"stenalt1960",186
"kolindsund1936",186
"luhm1903",186
"androshchuk2001",186
"androshchuk2002",143
"androshchuk2003",186
"androshchuk2009",186
"androshchuk2004",186
"appadurai1937",400
"arbman1937",162
"arrhenius1985",58
"bazelmans1999",186
"bergman1976",186
"behmer1939",186
"behrend1936",186
"brondsted1936",114
"chase1979",186
"colmo1953",186
"cross1914",186
"falk1914",186
"gameson2001",186
"gansum1991",186
"geibig1992",186
"grahamcampbell1968",186
"gurevich1968",186
"habbe2005",22
"hakonarherdibreids1991",186
"harke2000",186
"jacobsen1942",245
"nasman1991",186
"jorgensen1966",4
"lavrsen1960",186
"mauss1980",186
"menghin1980",186
"mullerwille1978",173
"mullerwille1984",21
"mullerwille1980",186
"north1980",186
"nasman1989",186
"ostergren1976",401
"olsson1975",186
"owencrocker1966",186
"ornes1966",186
"paulsen1953",227
"pedersen1995",186
"pedersen1997",114
"pedersen2002",99
"peirce1919",402
"petersen1919",21
"rydbeck1932",186
"schulzedorrlamm1987",186
"handelderwikingerzeitzwischennordundwesteuropaaufgrundarchaologischerzeugnisse1987",186
"klaesoe2005",186
"smidt1991",186
"stocklund1985",186
"strid1961",186
"stromberg1946",186
"svanberg1995",186
"thunmarknylen1995",186
"thunmarknylen2001",186
"bergman2005",186
"thalinbergman2000",186
"theuws2000",186
"turvillepetre1960",186
"wamers1930",173
"whitelock1955",186
"willemsen2004",141
"wilson1955",403
"wrenn1958",186
"zachrisson1984",126
"zachrisson2012",79
"ammann2007",404
"ammann2003",405
"anchukaitis2014",406
"anchukaitis2012",407
"anchukaitis2010",408
"anchukaitis2013",409
"anchukaitis2006",410
"andreuhayles2011",411
"andronova2000",412
"autin2015",413
"biondi1999",414
"bowman1997",415
"bradley2001",416
"breitenmoser2012",417
"briffa1993",418
"briffa1994",419
"briffa1995",420
"briffa2000",421
"briffa1996",422
"briffa1998",423
"briffa2011",424
"briffa2013",425
"briffa2004",426
"briffa2002",427
"brohan2012",428
"buckley2010",8
"buntgen2006",429
"buntgen2013",430
"buntgen2011",431
"buntgen2014",432
"campbell2007",433
"coledai2013",434
"cook1990",435
"cook1987",436
"cook2010",437
"cook1994",438
"cook1995",439
"cook2013",440
"cook1999",441
"cowtan2014",442
"crowley2000",443
"crowley2008",444
"darrigo2011",445
"darrigo2003",446
"darrigo1992",447
"darrigo2004",448
"darrigo2013",449
"darrigo2008",450
"darrigo2015",451
"darrigo2009",452
"darrigo2006",453
"davi2003",454
"delaygue2011",455
"doradolinan2012",456
"edwards2007",457
"emilegeay2013",458
"esper2013",459
"esper2002",460
"esper2014",461
"esper2010",462
"esper2007",463
"esper2012",464
"esper2016",465
"esper2015",466
"esper2005",467
"estrada2013",468
"evans2013",469
"evans2002",470
"evans2001",471
"frank2007",472
"frank2010",473
"fritts1976",474
"fritts1991",475
"gallant2013",476
"gao2008",477
"gao2006",478
"gennaretti2014",479
"gershunov1998",480
"gillett2012",481
"goosse2016",482
"grinsted2004",483
"hakim2016",484
"harris2013",485
"haurwitz1981",486
"hegerl2014",487
"hegerl2007",488
"hegerl2003",489
"hegerl1997",490
"hegerl2006",491
"hegerl2011",492
"helama2014",493
"hughes2002",494
"hughes1994",495
"hughes1999",496
"jacoby1995",497
"jacoby2000",498
"jones2013",499
"jones2009",500
"jones2012",70
"jull2014",501
"kaplan2011",502
"kaufman2014",503
"keigwin2003",504
"kennedy2011",505
"klesse2015",506
"lavigne2013",507
"lean2006",508
"lee2008",248
"lehner2012",105
"lewis2015",105
"li2010",191
"linderholm2015",105
"luckman2005",105
"ludlow2013",105
"mann1998",105
"mann2012",105
"mann2002",105
"mann2013",105
"mann2005",105
"mann2007",105
"mann2008",105
"mann2009",105
"massondelmotte2013",105
"matskovsky2016",105
"matskovsky2014",105
"matthews2005",105
"mccarroll2013",105
"mccarroll2002",105
"mcgregor2015",105
"mckay2014",105
"meehl2004",105
"meko1997",105
"melvin2008",105
"melvin2004",105
"michaelson1987",105
"morice2012",105
"muscheler2007",105
"naulier2015",105
"ogurtsov2016",105
"oman2005",105
"ortega2015",105
"pausata2015",105
"payette2007",105
"pederson2014",105
"phipps2013",105
"plummer2012",105
"pongratz2008",105
"raspopov2008",105
"rimbu2003",105
"rind1999",105
"rind2004",105
"robock2000",105
"rutherford2003",105
"rydval2017",105
"schmidt2010",105
"schmidt2014",105
"schmidt2012",105
"schneider2009",105
"schneider2015",509
"schneider2001",105
"schurer2013",105
"schurer2014",105
"schweingruber1993",105
"schweingruber1978",105
"seager2008",105
"seager2007",105
"shindell2009",105
"shindell2014",105
"shindell2015",105
"shindell2004",105
"shindell2001",105
"shindell2003",105
"sigl2015",105
"smerdon2010",105
"smerdon2008",105
"smerdon2011",105
"smerdon2016",105
"solomon2011",105
"st2014",105
"george2013",105
"steiger2014",105
"steinhilber2009",105
"stenchikov2006",105
"stoffel2015",105
"vonstorch2004",105
"stott2010",105
"stott2009",105
"stott1998",105
"stuiver1993",105
"sundqvist2014",105
"swingedouw2010",105
"szeicz1995",105
"tierney2015",105
"tingley2015",105
"tingley2012",105
"tingley2010",105
"tingley2013",105
"torrence1998",105
"touchan2014",105
"trenberth1984",105
"verosub2008",105
"vieira2010",105
"wagner2001",105
"wagner2005",105
"wang2015",105
"waple2002",105
"wiles2014",105
"wilson2016",105
"wilson2010",105
"wilson2007",105
"wilson2014",105
"wise2015",105
"youngblut2008",105
"zanchettin2012",105
"zhang2016",105
"zorita2003",105
"zwiers2000",105
"ivakin2001",42
"kjellstrom2012",42
"kjellstrom2013",191
"koktvedgaardzeiten1997",205
"kovalenko2006",244
"stolpe1992",42
"nerman1935",198
"helms1988",510
"andren1999",511
"andren2007",28
"back2012",158
"bandmann1951",28
"baudou1989",156
"berend2007",28
"blomkvist1998",28
"blomkvist2002",28
"brendalsmo1994",28
"brink1992",28
"ross2002",35
"diiwel1985",28
"dyggve1952",28
"fabech1991",512
"fehring1991",28
"gotfredsen1988",28
"graslund1992",513
"graslund2001",17
"graslund1993",28
"gren1989",28
"hallansstenholm2006",20
"hedeager1999",21
"hellstrom1996",28
"hernaes1999",28
"hildebrandt1985",28
"hultgard1997",28
"iregren1989",28
"janson1998",35
"jeppesen1991",162
"johannsen1981",28
"johansen1997",67
"krautheimer1942",28
"larsson2004",164
"liden1969",28
"ljungberg1938",514
"mcnicol1997",515
"meckseper1982",28
"nielsen1997",219
"nielsen2005",225
"nordahl1996",28
"olsen1966",15
"olsen1972",28
"rydh1969",21
"sandnes1987",28
"skre1995",28
"sondergaard1972",28
"stamsomunch1991",28
"sundqvist2007",28
"svensson2012",251
"theliander2003",28
"theliander2005",31
"vibemuller1991",28
"vikstrand2001",28
"devries1957",28
"wallander1994",28
"wideen1955",516
"zachrisson1963",28
"strand2010",232
"barber1991",232
"benderjorgensen1986",232
"benderjorgensen1987",232
"benderjorgensen1992",241
"benderjorgensen1995",168
"costin1991",232
"geijer1938",517
"geijer1980",232
"geijer1972",232
"gleba2008",232
"hald1980",232
"hedeagerkrag1994",518
"herlihy1964",232
"hagg1983",202
"hagg1984",232
"hagg1985",232
"hagg1986",519
"hagg1991",232
"ingstad1980",232
"michel2010",232
"martensson2007",232
"martensson2000",232
"pedersen1998",233
"waltonrogers1996",256
"waltonrogers2007",255
"kovalenko2012",42
"geibig1991",186
"zachrisson1998",21
"hookernd",257
"jay2006",190
"kalland2000",257
"kosiba2007",149
"lynnerup1998",257
"mcgovern1985",49
"mcgovern2000",49
"mcgovern1996",49
"mcgovern2005",257
"mcgovern2004",257
"muldner2007",171
"mohl1982",257
"adalsteinsson1990",257
"alexandersen2003",257
"arneborg1990",257
"balslevjorgensen2001",257
"barret2005",257
"bruun1928",257
"commisso2006",257
"commisso2007",257
"enghoff2003",520
"fricke1995",171
"gullov2012",257
"hebsgaard2009",257
"vebaek1992",257
"vebaek1993",257
"oye2001",521
"nelson2003",257
"nelson2012",522
"olafsson2006",257
"privat2002",190
"reitsema2010",257
"schweger1998",257
"simpson2002",257
"simpson2007",257
"edvardsson2012",257
"sveinbjornsdottir2010",257
"vebaek1991",257
"alberti2013",59
"andersson1998",35
"andren1989",153
"arrhenius1962",60
"arrhenius1994",59
"arrhenius1997",15
"arrhenius1932",66
"arwillnordbladh2011",66
"backdanielsson2010",26
"berg2007",66
"bergqvist1999",59
"bragg1997",59
"brink2008",24
"christensen2008",170
"christensen2009",59
"christensen2010",110
"gillespie2008",66
"gilman2010",66
"graslund2005",66
"graslund2008",66
"gronvik2008",66
"hagberg1976",66
"helmbrecht2007",165
"hjorungdal1991",66
"hardh2008",201
"jansson1996",60
"jensen2004",134
"johansson2008",66
"jorgensen2002",225
"jorgensen2008",140
"kuper1988",66
"larsson1997",523
"lassen2003",59
"lundstrom1995",60
"ljungkvist2005",66
"lundgren2007",66
"malmberg2009",66
"malmberg2010",66
"mannering2010",157
"martinson1956",66
"mauss1934",60
"nasstrom2001",66
"raudvere2008",66
"ringkvist1969",66
"roberts1999",66
"silvers2009",66
"solli1999",524
"sonne2010",59
"steinsland2007",66
"stolpe1912",37
"sorensen1997",259
"thomson1997",59
"vikingatidens1995",59
"weiner1985",23
"williams2011",142
"schulzedorrlamm1995",186
"almgern1914",60
"anderson1983",60
"andersson1990",60
"andersson1995",60
"andersson2011",17
"arne1932",66
"arrhenius1976",162
"bradley2002",259
"bradley2003",106
"burstrom2012",60
"chapman1997",60
"chapman1977",60
"chapman2006",154
"climo2002",60
"connerton1989",20
"delvin2007",60
"dommasnes2006",60
"dommasnes2008",256
"duczko1985",525
"jansson1985",159
"jennbert2011",60
"jensen2003",60
"jones2007",20
"kaliff1999",60
"kaliff2001",263
"knappett2012",60
"kokowski2010",60
"tsamis2010",60
"lowenthal1999",60
"vonmuller1958",60
"nora1989",60
"nugent2012",59
"renfrew2004",60
"rowlands1993",238
"rowlands1999",60
"sjogren2003",60
"vandyke2003",60
"williams2003",145
"aqvist1996",20
"artelius1996",20
"baudou2004",526
"bolin2004",5
"bratt2008",527
"burstrom1989",20
"chippendale1983",528
"gosden1994",529
"gustavson1986",20
"lonnroth1977",259
"olivier1999",530
"pollard2002",20
"sawyer2000",183
"shanks1987",175
"stromberg1968",20
"widholm2006",20
"williams2006",26
"zachrisson1994",225
"pagesk2013",531
"aberg1921",532
"adamavbremen1984",533
"ambrosiani1964",534
"andersson1992",89
"andersson1989",535
"arend1978",536
"axelsson1993",537
"baer1998",538
"baines1989",539
"berg1987",540
"bergman1948",541
"berlo1983",542
"bjurstrom1996",543
"blair1989",544
"brondsted1920",545
"bugge1953",546
"carlqvist1977",547
"carlsson1985",548
"christiansson1959",549
"christophersen1982",550
"claesson1982",551
"clanchy1979",552
"crocker1982",553
"danbolt1989",554
"ekblad1997",555
"elgh1987",556
"vonfriesen1913",557
"fuglesang1978",558
"odense1981",559
"svardstrom1962",560
"goody1977",561
"graslund1985",562
"gronvik1981",563
"gronvik1985",564
"gurevich1985",108
"gustavson1988",565
"hagenfeldt1996",566
"hallencreutz1982",567
"haseloff1981",154
"hedeager1997",122
"herschend1994",24
"hildebrandnd",568
"holmback1943",569
"holmqvist1951",154
"holtsmark1960",570
"hubler1996",571
"hyenstrand1974",572
"johansson1996",573
"kallstrom1992",574
"klindtjensen1975",575
"kristoffersen1995",93
"kyhlberg1983",576
"lager1995",577
"lagman1990",578
"larsson1990",24
"fornvannen1997",579
"lindblad1992",580
"lindell1994",236
"lindkvist1988",236
"lindqvist1931",236
"lindstrom1992",236
"lonnroth1982",236
"marcus1992",236
"meijer1992",236
"moltke1974",236
"mostrom1998",236
"miillernd",236
"og1911",236
"ol1900",236
"olason1989",236
"ong1982",164
"orsnes1966",165
"orsnes1969",236
"owe1995",236
"palm1992",236
"peterson1994",236
"petre1984",189
"petre1993",236
"philippa1977",236
"ragnesten1978",236
"randsborg1980",183
"russell1994",236
"salberger1978",236
"salin1904",236
"sandahl1996",236
"sawyer1988",183
"sawyer1993",236
"schuck1935",236
"segelberg1983",236
"shetelig1909",236
"sjoberg1985",581
"snorres1997",236
"soderberg1905",236
"soderqvist1993",236
"strid1987",236
"sundqvist1996",236
"svardstrom1936",236
"svenbro1975",236
"thrainsson1994",236
"varenius1998",236
"wamers1999",582
"wijkander1983",236
"williams1990",236
"wilson1995",90
"wilson1994",236
"zanker1988",236
"runinskrifter1984",236
"garlandthomson2002",66
"aarissorensen1988",61
"aarissorensen2007",61
"ambrosiani1981",61
"arneborg1998",61
"ashby2011",63
"ashby2013",61
"smith1995",61
"barrett2011",61
"bately2007",61
"bencard1990",61
"blaut1993",61
"buchwald2006",61
"buckley2011",61
"buckley2009",61
"buckley2014",61
"callmer2002",61
"sachensymposium2001",61
"callmer2003",61
"childe1950",61
"clarke1991",61
"coupland2010",61
"coupland2011",61
"cowgill2004",61
"feveile2001",61
"feveile2006",61
"fleming2009",61
"galloway1981",61
"henderson2005",61
"hodges1982",43
"hull2008",61
"jantzen2013",61
"keller2010",61
"kirby2013",61
"knappett2008",61
"lie1991",262
"ling2013",61
"loveluck2006",583
"madsen1984",61
"madsen2004",61
"madsen2014",61
"mahler2007",61
"mainman1999",61
"mattingly2013",61
"miksic2000",61
"muller2012",61
"nasman2000",61
"nasman2003",201
"nesje2012",61
"rau2010",61
"renfrew2008",61
"riddler2003",61
"rieck2006",61
"roesdahl2003",61
"lewissimpson2000",61
"roesdahl2001",61
"schyman2012",61
"sinclair2012",61
"skov1997",61
"skov1999",61
"skov2006",61
"skov2010",61
"skre2007",61
"smirnova2002",61
"stephan1994",61
"stewart2013",61
"strohalm2010",61
"taylor2012",61
"theuws2004",61
"trigger2008",61
"ulbricht1978",61
"vandoorn2014",61
"verhulst1994",61
"weber1995",61
"wigh2001",61
"yoffee2005",61
"boric2008",59
"goransson1999",59
"hirdman1988",59
"joyce2005",59
"muckenberger2012",59
"nasstrom1986",59
"vikingatidens1995a",59
"almgren1905",584
"arbman1945",250
"artelius1999",109
"artelius2002",250
"berger1979",250
"ross1998",250
"edsman1987",250
"fors2002",250
"halbwachs1952",250
"jennbert1977",250
"lundborg1972",55
"moon1987",250
"napier1992",250
"rappaport1999",30
"rolston1987",250
"sahlstrom1948",250
"strom1967",250
"turner1983",250
"thomas1985",250
"vedelnd",267
"wikstrom1993",250
"janson2009",60
"bergqvist1997",59
"alberti2014",67
"am2013",585
"backdanielsson2012",586
"barad2003",235
"barad2007",67
"burstrom1994",67
"ccby2016",67
"ekholm1950",67
"fowler2015",67
"graslund1991",236
"jonsson2015",67
"klos2009",67
"koster2014",67
"lager2002",67
"larsson2010",67
"lindeberg2009",67
"mitchell2005",67
"munn1986",67
"nielsen1941",67
"peterson2006",67
"dictionary2016",67
"runtextdatabas2015",67
"saol1998",67
"sjoborgnd",67
"brink1981",67
"hobsbawm1983",259
"jennbert2004",250
"wamers1987",587
"frick1992",588
"aatsleff2010",589
"aberg1936",590
"albrethsen2002",591
"brandt2002",592
"johansen1987",593
"fraenkelschoorl1978",594
"garipzanov1980",595
"grahamcampbell1991",596
"hyvass1986",597
"jensen2006",165
"jorgensen2003",115
"jorgensen2006",148
"klingenberg1984",598
"lennarrson1983",599
"longley1975",600
"macgregor1993",601
"moesgaard2010",602
"monge2003",603
"nielsen2006",604
"nielsen2004",605
"olsen1981",606
"olsen1977",121
"ryan1997",607
"rygh2003",608
"ulriksen1970",609
"vandoorn2011",8
"arneborg2003",69
"arrhenius1995",69
"ashby2006",69
"smith1993",69
"barrett2003",69
"besteman2004",69
"biddle2001",180
"bolin1953",69
"brettell2000",69
"brooks1971",69
"burstrom1993",69
"byock2001",610
"carver1990",69
"carver1995",173
"clover1988",69
"coupland1998",69
"crumlinpedersen1995",37
"crumlinpedersen2007",611
"dahljensen1998",69
"dansgaard1975",69
"downham2007",612
"duczko2004",613
"dumville2002",69
"dyer2002",69
"earle1997",69
"edwards2005",69
"englert2007",69
"etchingham1996",69
"etchingham2007",69
"forenbaher2005",69
"fossier1999",69
"grahamcampbell1975",69
"hadley2006",190
"halsall2003",69
"hannon2005",69
"hansen2000",69
"haywood1999",69
"heinsohn2003",69
"hernaes1997",69
"hill1981",69
"hill2001",69
"hills2003",69
"hodges2006",69
"hodges1983",69
"holm1986",69
"hunter2007",69
"johnson2001",69
"jonsson1911",69
"karlsson1997",69
"keegan2004",69
"keynes1997",69
"kristoffersen2004",614
"kuhn1977",69
"lund1989",69
"magi1999",69
"slavi1997",615
"mccormick2001",226
"michelli1993",69
"minorsky1958",69
"montgomery2006",69
"montgomery2003",68
"morris1998",69
"mullerwille1994",69
"myhre1987",169
"myhre1993",69
"nelson1991",180
"nelson1997",69
"nondier2002",69
"croinin1995",69
"oppenheimer2007",69
"owen1999",69
"paterson2001",69
"pirenne1939",69
"reuter1985",69
"richards2000",69
"ridel2007",69
"roesdahl1991",69
"santiagoirizarry2008",69
"sawyer1982",69
"scholz1970",69
"simek2004",69
"skre2001",69
"small1973",69
"stefansson2003",69
"vesteinsson2006",229
"wallace2003",69
"warner1976",69
"weber1992",69
"westerdahl2008",69
"wicker1998",69
"woolf2007",69
"wormald1982",69
"runicdictionary2016",67
"samnordiskruntextdatabas2016",67
"nilsson1996",236
"moltke1942",245
"aughdal1979",130
"baug2011",84
"baug2013",233
"bergstrom2007",38
"brodshaug1950",130
"campbell1939",130
"carelli1997",130
"cederlund1964",130
"christophersen1999",130
"ek1962",130
"fisher2004",130
"forster2004",130
"friisnd",130
"granlund1956",130
"grenne2008",130
"gron1939",130
"gron1942",130
"hamilton1956",179
"helberg2010",130
"helle1982",86
"jensen1990",249
"kaland1987",233
"kristiansen2009",130
"processing2009",130
"kristensen1999",130
"molaug1982",130
"keysernd",130
"magnusnd",130
"petersen1951",153
"reiersen1999",130
"resi1979",130
"rnregestanorvegica1989",130
"roesdahl1980",130
"sindbaek2005",43
"skaarup2009",130
"skjolsvold1961",45
"smith1999",214
"steensberg1964",130
"steuer1987",43
"tengesdal2010",130
"vangstad2003",130
"viklund2007",130
"visted1975",130
"weber1984",233
"weber1989",85
"weber1999",130
"oye2002",85
"oye2009",130
"bockman1997",152
"gjerpe2005",152
"glorstad2008",152
"gudmundsdottir2003",152
"hufthammer2016",152
"harke2014",152
"iversen1999",5
"jezek2015",152
"kristoffersen2006",152
"meling2014",152
"metcalf1991",152
"moberg1992",616
"mullerwille1977",30
"ohlhaver1939",152
"roberts2015",152
"ronne2002",153
"sauvage2005",152
"straume1984",617
"wallander1989",265
"ostigard2006",152
"fuglesang1986",236
"larsen1989",236
"andersson2005",159
"artelius2010",17
"borgeaud1987",55
"boyend",55
"burke1989",55
"edmonds1999",55
"fernholm1982",55
"gosden1998",55
"hansson1991",55
"hemmendorff1980",55
"stenholm2004",55
"jennbert1991",55
"lindqvist2010",17
"lundborg2007",55
"nagy1976",55
"olson1968",55
"rudbeck1978",55
"stromberg2005",55
"zuesse1987",55
"ayliffe1990",264
"balasse2003",264
"batey1998",618
"becker1998",264
"becker2011",89
"behre2008",264
"benecke1982",264
"bentley2006",254
"bosl2006",264
"butzler1986",264
"buzon2010",264
"clementz2001",264
"doppler2010",89
"drouet2005",264
"elsner1989",264
"frei2011",190
"fricke1998",264
"fry2006",264
"grupe2009",89
"grupe2010",89
"grupe2012",264
"heinrich1987",619
"heinrich2006",89
"huster1983",264
"jacomet2010",264
"koch2007",264
"kohn1996",149
"kohn2002",264
"layman2007",264
"leethorp1989",264
"lepiksaar1977",620
"mewis2004",264
"miller2010",264
"mullerwille2002",89
"newsome2004",89
"oconnor2004",268
"phillips2003",89
"pieper1995",264
"reichstein1991",264
"reichstein1966",264
"rozanski1992",264
"schmolcke2006",621
"schoeninger1984",264
"sjogren2009",254
"smed2002",264
"stephan2008",264
"stevens2006",264
"surge2005",264
"taastrom1999",264
"tieszen1991",264
"vogel1989",264
"vogel2002",264
"vonlehmann1986",264
"west2010",264
"dommasnes1976",221
"stylegar2010",10
"stylegar2014",152
"straume1986",265
"tarlow2016",26
"oye1985",152
"bmasstrom2001",55
"lindqvist2012",55
"adams1991",622
"arnold2012",623
"bailey1990",624
"bailey2015",625
"bailey2007",626
"beck2014",627
"becker1966",628
"becker1971",125
"berggren2009",125
"bille2016",125
"bloch1977",125
"boivin2008",125
"bowker2005",125
"cobb2012",125
"delanda2006",125
"delanda2016",125
"deleuze2005",125
"edgeworth2012",125
"eisenschmidt2013",125
"ejstrud2000",125
"fahlander2003",125
"felding2013",125
"fundfortidsminder2017",125
"gell1992",125
"gerritsen1999",629
"gerritsen2008",125
"gosden2015",125
"gramsch1996",125
"hamilakis2017",125
"hansen2015",125
"harris1989",630
"holst1999",125
"holtorf1998",125
"holtorf2002",95
"hvass1983",125
"hvass1985",225
"ingold2010",125
"jensen2005",125
"joy2009",44
"larsen2007",172
"laursen2017",125
"lucas2005",125
"lucas2008",247
"lucas2012",125
"mcanany2009",125
"mikkelsen1998",225
"sekretariat1997",125
"mikkelsen2016",125
"moller2010",125
"mud2014",125
"muller1906",125
"munn1992",125
"nasman1987",125
"nativ2017",125
"olivier2011",125
"olsen1968",125
"pauketat2005",125
"pearson1994",125
"reynolds1994",226
"rosenberg2010",125
"shennan1993",125
"slotsogkulturstyrelsen2017",125
"sorensen2015",125
"thomas1996",631
"tornbjerg1998",168
"tringham2000",125
"vanoyen2015",125
"villumsen2013",125
"witmore2013",125
"zimmermann1998",125
"anckers1993",259
"andersson1999",14
"brown1991",259
"cassel2004",259
"cnattingius1930",259
"foxhall2000",259
"gilchrist2004",259
"jonsson2003",212
"kallen2004",259
"moberg1987",272
"olivier2004",632
"palm2004",259
"ralph2005",259
"vandyke2003b",259
"wessen1958",259
"widmark1993",259
"askvik1990",73
"askvik2008",201
"askvik2014",73
"bakmark2014",73
"bazelmans2009",633
"berglund1995",237
"bos2005",73
"bratrein1994",237
"buchwald2005",201
"callmer1991",37
"callmer1998",634
"callmer2007",226
"coupland2002",73
"crosby1987",73
"curta2007",171
"delvaux2017",73
"downham2011",65
"eldorhagen2001",226
"ellis1969",635
"ellmers1985",636
"etchingham2014",637
"feveile2000",43
"gardner2007",73
"gaunt2000",73
"hald1991",73
"hansen2017a",86
"hines1999",73
"hodges2001",73
"holand2003",73
"holberg2015",73
"holm2015",638
"iversen2018",73
"jansen2001",73
"jellema1955",73
"jesch2009",191
"kars1983",84
"knol2017",73
"koht1919",73
"krol2006",73
"lebecq1990",73
"lebecq1999",73
"ljungkvist2009",64
"lonaas2001",73
"moore1978",73
"moore1983",73
"myrvoll1991",84
"nasman1986",73
"nicolay2005",217
"nicolay2017",639
"nilsen2016",640
"corrain1998",74
"pilo2011a",84
"resi1990",201
"resi2008",201
"roesdahl1995",73
"schreiner1928",73
"sheehan2008",73
"sitzmann2008",641
"sjovold1974",642
"skre2018",643
"sode2017",73
"stenvik1997",172
"storli2006",83
"svennung1967",73
"walther2004",73
"wickham2008",73
"wilson1985",73
"wood1983",166
"plogmann2006",264
"bonde1994",155
"brogger1917",94
"dybwad1908",94
"johansen2016",94
"kluwernd",94
"mullerwille1970",37
"paasche2010",94
"grahamcampbell2004",146
"thomsen2009",176
"aud1996",176
"aud1997",176
"wamers2005",176
"lennarrsson1999",176
"brondsted1924",176
"skovmand1942",126
"wamers1991",176
"lennartsson1999",176
"andersen1995",168
"brucemitford2005",166
"roth2002",176
"wamers1994a",221
"aud1992",176
"aarsleff2008",176
"adamsen1997",176
"albrethsen2008",176
"lindahl1984",176
"thorvildsen1957",176
"bradley1998",259
"ambrosiani1984",35
"bergstel1997",80
"bergsvik2001",80
"boaz1999",80
"skre1998",199
"strade1997",80
"solberg2000",58
"storli1994",80
"sorensen1979",80
"shetelig1917",173
"norseng2010",94
"allmae2011",149
"andersen1991",173
"axboe1995",151
"baillie1982",173
"baillie1973",173
"bjorkvik1999",173
"bonde1995",173
"bonde1997",173
"bonde2005",173
"bonde2007",173
"bonde1993",93
"bonde1982",21
"bonde2009",644
"brathen1982",173
"brogger1951",645
"brucemitford1964",173
"carver1998",184
"christensen1995",173
"christensen1993",173
"christensen2003",173
"christensen2007",33
"christensen1994",173
"christensen1998",173
"eckstein1977",179
"euforgen2009",173
"evison2008",173
"faegri1954",173
"filmersankey1992",173
"grieg1928",47
"hines1992",173
"hines1993",173
"holand2001",73
"hulten1971",173
"hutchinson1994",173
"kaennel1995",173
"lorangend",173
"marsden1996",173
"mullerwille1974",173
"mullerwille1995",173
"myhre1980",95
"myhre1998",140
"myking2011",173
"naess1969",173
"nasman1984",173
"nerman1948",173
"nordenborgmyhre2004",173
"opedal1998",173
"opedal2005",173
"peets2013",149
"reiersen2009",173
"roesdahl1994",173
"schetelig1902",173
"schetelig1906",173
"schetelig1912",646
"shetelig1940",242
"sorensen2001",31
"sylvester2009",173
"vadstrup1994",173
"mcleod2014",73
"roesdahl2005",179
"verhulst2002",73
"vinsrygg1979",73
"andersen1988",647
"smith2007",3
"barret2006",648
"barret2000",77
"blackburn2008",96
"brink2008b",71
"brooks1979",145
"buckland1990",649
"carver2004",650
"crumlinpederson1995",103
"downham2000",3
"forsyth1995",651
"grahamcampbell1995",652
"grahamcampbell1998",273
"grahamcampbell2001",142
"grahamcampbell2003",653
"gudmundsson1965",654
"hermannsaudardotir1991",655
"hines1996",3
"howlet1999",656
"metcalf2007",262
"roesdahl2003b",657
"myhre2003",124
"paasche2006",658
"ralston1997",659
"randsborg1995",660
"randsborg2000",661
"smyth1984",662
"wamers1998a",65
"weber1991",8
"whitelock1961",146
"mierow1915",73
"andersen1989",255
"benderjorgensen2005",218
"christiansen2004",255
"cooke2002",255
"cooke2005",255
"damgardsorensen1998",255
"dybdahl1990",255
"eldjarn1988",255
"eldjarn1990",255
"elstad2002",255
"elstad2004",255
"hoeghnd",255
"kastholm2009",255
"kaup1996",255
"kjellmo1996",255
"kvamme2004",255
"lightfoot1996",255
"lightfoot1997",255
"myhre2002",95
"martensson2006",255
"norgard1999",21
"olsennd",255
"olufsennd",255
"rabben2002",218
"traetteberg1999",255
"franckenwelz2003",255
"westerdahl1995",255
"amundsen2003",80
"alfsen1979",84
"baug2002",218
"birkedahl1997",663
"birkedahl2000",664
"bl1923",84
"christophersen1991",201
"crawford2002",84
"gestsson1959",84
"morcken1964",84
"nielssen2014",665
"nymoen2011",84
"pilo2007",266
"risbol1994",45
"schou2007",45
"schon1995",179
"sigurdsson1999",666
"jones1999",10
"bill2013",43
"callmer1977",45
"gansum1995",43
"hinsch1945",667
"hjardar2011",43
"hougen1993",43
"jankuhn1986",131
"karageorghis1999",43
"kilger2008",226
"kleingartner2014",166
"larsen2011",233
"martens1988",91
"oye2011",43
"pedersen2001",43
"rispling2008",43
"ros2009",43
"sperber1996",668
"steuer1997",100
"wiker2006",43
"bender2002",255
"rasteicher2008",255
"brather1992",184
"capelle1978",31
"capelle2000",184
"daly2011",184
"geary1994",259
"holck2009",34
"krogh1982",4
"kummel2009",184
"larsen2004",172
"marstrander1986",184
"mullerwille1976",114
"mullerwille1992",184
"nicolaysennda",37
"randsborg1998",669
"roesdahl2008",170
"sigurdsson2003",184
"steinsland2002",184
"vanhaperen2010",184
"berg2015",670
"anderson1907",241
"becket2010",241
"curle1982",8
"dickson2000",241
"edlin1973",241
"fentz1992",241
"grahamcampbell2002",273
"grieg1940",671
"grieve1923",241
"harman1981",241
"loder1935",241
"morgan2012",241
"mcneillnd",241
"ottaway1992",672
"allerton2007",673
"barthes1971",674
"barthes1986",675
"bellamy2012",676
"bender1998",677
"blackwell2007",678
"blackwell2012",2
"brisholm1997",679
"burstrom1996",206
"burstrom1998",680
"dannehl2009",681
"demarrais2004",682
"denzin1989",683
"derrida1978",82
"douglas1993",197
"eckardt2003",82
"elfver2008",197
"epstein1991",197
"foucault1978",197
"friedel1993",197
"gaitanammann2005",197
"gilchrist2000",197
"gildonnd",197
"golofast2003",197
"gordon2009",197
"gosden2005",23
"halse2006",197
"hamilakis1999",197
"hardh1996",150
"heffernan1988",197
"herva2010",197
"hibbert1969",197
"hicks2010",197
"hodder2012",95
"holtorf2001",197
"holtorf2008",197
"hoskins1998",23
"humphrey2003",197
"johnsonnd",197
"jonsdottir1982",197
"jonsson1997",197
"joy2000",197
"joyce2000",259
"kilnernd",197
"kopytoff1986",23
"lamb2011",197
"lamotta2012",197
"latour1992",197
"lindqvist1936",197
"martindale2009",197
"mcnaughton2006",197
"meskell2004",197
"meskell2005",684
"michell1982",197
"miller2000",197
"nevett1999",197
"novarr1986",197
"olsen2003",685
"olsen2010",156
"olsen2012",106
"ostergren1990",253
"polkey1999",197
"roos2003",197
"roymans1995",197
"shanks1998",197
"sofaer2007",197
"spangen2005",22
"stewart1993",197
"strathern1988",197
"thompsonnd",197
"tilley1996",197
"valenze2006",197
"vellinga1999",197
"weiner1992",58
"wilson2008",242
"witmore2007",197
"woolf1967",197
"armstrong2017",686
"boggs2016",687
"boyd2009",256
"cooper2012",688
"costanza2007",689
"crumley1993",690
"crumley2015",178
"ipcc2014",691
"lane2015",692
"nelson2016",693
"nielsen2013",694
"obrien2012",695
"odlingsmee2013",696
"riede2018",697
"rockman2009",698
"rockman2012",699
"svenning2013",700
"whitehead1998",190
"schetelig1917",93
"andersson2007",256
"biddle1976",256
"christiansen2006",256
"dommasnes1982",221
"easthope2004",256
"flanders2004",256
"geraghty1996",151
"gonzalesmarcen2008",256
"hall1994",256
"hamerow2002",225
"hurley1997",701
"jesch1991",34
"kelly1988",76
"mcalister2003",256
"milek2006",247
"munch2003",157
"osullivan2008",702
"corrain1983",256
"corrain2005",256
"perring1981",63
"reilly2003",256
"simpson1999",151
"simpson2006",256
"stocker2003",143
"valante2008",76
"wallace1992",256
"wallace2000",256
"wallace2005",256
"wallace2008",74
"andersson2000",272
"artursson2005",703
"bantelmann1975",704
"beck2004",705
"bennett2005",706
"bjorhem1993",14
"boozer2015",707
"boye1992",708
"boye1998",709
"carlie2005",710
"carlie2008",711
"carstens2015",110
"christensen1973",88
"christensen2015",121
"eriksen2009",183
"ethelberg2003",225
"ford1954",88
"fowler2017",88
"gjerlevsen2013",88
"gram2006",88
"graslund1987",88
"hakansson2012",88
"hansen1991",88
"harrison2011",88
"hatt1928",88
"heimer2009",88
"heimer2006",88
"herschend1993",110
"hill1972",88
"hvass1980",170
"jensen1986",712
"jensen1987",88
"jessen2012",33
"jessen2003",88
"jorgensen1995",30
"kling1984",88
"komber2001",88
"komber1999",124
"krieger1944",88
"kristensen2015",88
"lucas2014",88
"lucas2016",88
"martens2005",218
"mikkelsen2003",88
"mimisson2016",88
"moller2009",88
"nielsen1980",170
"nielsen1998",132
"nissen1998",88
"norlund1948",170
"normark2009",88
"normark2010",88
"nylen2009",88
"olesen1998",88
"pagh2007",88
"pedersen2012",88
"petersen2010",88
"poulsen2014",88
"rasmussen1994",88
"rouse1960",88
"schietzel1981",48
"schmidt1994",713
"schultz2015",88
"siemen2014",88
"skov1994",33
"sorensen2011",170
"sorensen2017",88
"sovso2013",88
"spaulding1953",88
"steward1954",88
"stouman1980",88
"tornbjerg2002",88
"vale2017",88
"villumsen2017",88
"waterbolk1994",88
"witmore2014",88
"zimmermann2001",88
"gale2000",241
"graslund1980",159
"acker2007",714
"andersen1993",31
"aethelweard1962",715
"bell1969",716
"bill1991",717
"bill2009",718
"bill2015",719
"bill2018",720
"birgisson2008",721
"bischoff1998",722
"bonde2011",723
"bratt2004",724
"brookes2007",725
"bruce2002",726
"brucemitford1952",727
"brucemitford1978",728
"byock2013",729
"cannell2011",97
"capelle2004",157
"carver1992",260
"carver2000",12
"chase1981",730
"christensen2016",124
"crosman1980",731
"crumlinpedersen1991",732
"crumlinpedersen1997",47
"crumlinpedersen2002",733
"daly2007",734
"damico2015",735
"dronkeduchatellier1908",736
"dusse2013",737
"engevik2011",738
"englund1979",739
"ericsson2005",740
"farbregd1969",741
"fett1936",742
"fidjestol1994",743
"filmersankey1990",744
"filmersankey2001",745
"frank1997",746
"friisjensen1984",747
"fritzner1973",748
"fulk2012",749
"goeres2015",750
"grammaticus2005",275
"grimes2013",74
"hedeager1996",275
"hedeager2000",95
"helgesson2004",751
"henriksen2016",275
"holst2017",275
"hulth2013",275
"jonsson1923",275
"krag1991",275
"krag2012",275
"larsson2011",275
"lawson1981",275
"leontev2017",275
"lindow1997",275
"ljungkvist2008",189
"lorangenda",752
"lonnroth1986",275
"madsen1997",275
"malmer1966",226
"marold2012",90
"maryon1946",275
"meri2002",275
"montgomery2000",37
"mooney2016",275
"mundal2018",275
"myhre1966",275
"myrvoll2014",275
"neidorf2016",275
"newton1993",275
"nicolaysenndb",275
"nordman1987",275
"norr1998",275
"north2007",275
"north2011",275
"jorgensen1999",753
"opedal1996",275
"oskarsdottir1994",275
"ostigard2015",275
"pedersen2003",275
"petersen1927",275
"poel2016",275
"pollington2008",275
"ramskou1976",128
"rieck1988",275
"ringstad2004",275
"risberg2011",275
"sapp2000",275
"schetelig1905",275
"schon1999",275
"sellevold1998",275
"shetelig1929",275
"skre2014",275
"sorokin1997",275
"spurkland2005",275
"stefanovich2016",275
"steinsland1991",275
"stenvik1996",275
"sturluson1982",275
"sundqvist2000",754
"sorensen2006",275
"turvillepetre1964",275
"varenius1992",36
"vestergaard2007",275
"warmind1995",275
"appadurai1986a",23
"dionysiusnd",197
"amorosi1997",755
"arnalds2004",756
"atalay2012",757
"balee2006",758
"bolender2012",759
"bolender2008",760
"bourdieu1980",237
"braje2015",761
"braje2013",762
"briggs2006",763
"brownlow2006",764
"butzer1975",765
"caseldine2010",766
"catlin2011",767
"catlin2013",768
"catlin2014",223
"chadwick2013",223
"chase2014",223
"correia2013",223
"crofts2011",223
"cronon1991",223
"crumley2003",223
"crutzen2000",223
"dasmann1976",223
"dugmore2004",229
"dugmore2009",769
"earle2002",223
"einarsson2015",223
"ensor2003",223
"fisher2005",223
"fisher2009",223
"foley2013",223
"hicks2014",223
"hilger2015",223
"hill2009",223
"hodder2004",223
"ingold1993",23
"johnson2012",223
"kennett2013",223
"klein2015",223
"lansing2007",223
"larkin2013",223
"lefebvre1991",223
"lentfer2002",223
"lightfoot1998",223
"logan2013",223
"mcgovern2007",49
"melville1990",223
"mitchell2003",223
"morton2013",223
"mrozowski2006",223
"mrozowski2011",223
"norgaard2011",223
"ogilvie2010",223
"palsson2013",223
"redman2005",223
"reitz2012",223
"robin2006",223
"rull2013",223
"steffen2011",223
"steward1955",223
"streeter2013",223
"streeter2015",223
"stump2013",223
"thomson2006",223
"thorarinsson1944",770
"thorhallsdottir2013",223
"vandenoort2013",223
"vanderleeuw2014",223
"wilson1989",223
"woodbridge2012",223
"young2007",223
"miller2012",771
"arrhenius2009",249
"fleischer2003",249
"franceschi2005",249
"gabriel1991",249
"klaesoe2003",249
"larsen1991",249
"lindow2001",249
"mackeprang1935",249
"mango2002",249
"nielsen2001",249
"orsnes1990",249
"pesch2005",249
"petersen2005",772
"roesdahl1977",14
"thrane2005",249
"voss1990",249
"watt2003",249
"callan1927",93
"brink2002",225
"brogger1945",93
"falk2008",93
"gjaerder1952",93
"gjessing1943",93
"gotfredsen2003",194
"grieg1937",93
"grotowski2009",93
"gudni1945",93
"hauck1973",93
"hellers2012",93
"hultgard2008",77
"jesch2000",93
"johns1982",93
"kolstrup1993",93
"korsvoll2011",93
"lund1974",93
"macleod2006",93
"maixner2004",93
"mckinnell2004",93
"melsom2003",31
"meyer1999",93
"ullerwille1985",93
"muncknd",93
"nordland1951",93
"price2013",71
"pyysiainen2004",93
"resi2013",93
"ritner1988",93
"roesdahl1998",93
"schetelig1920",773
"thrane1998",93
"thurston1907",93
"weber2012",93
"wilk2000",93
"arrhenius1961",205
"imer2004",93
"adams2004",21
"arndt2007",81
"andersen2017",774
"bagge2016",81
"bagge2004",81
"bauduin2009",81
"callmer2009",81
"corrochano2014",81
"curta2011",81
"deckers2017",81
"deckers2012",81
"dobat2016",81
"eisenschmidt2004",81
"fried1994",81
"garipzanov2008",81
"gazzoli2011",81
"henstra2012",81
"ijssennaggervanderpluijm2017",81
"jansson1997",775
"jesch2004",81
"juul2017",81
"kleiminger1993",776
"knol2001",81
"knol1993",81
"knol1999",81
"kramer2000",81
"kramer1996",81
"baume1952",81
"lebecq1983",81
"lund1990",81
"lund2003",21
"mcleod2007",81
"nelson2008",81
"nicolay2014",81
"nijdam2009",81
"nasman2006",115
"price2009",81
"prummel2000",81
"prummel2001",81
"pohl1998",81
"reimitz2008",81
"reuter1991",81
"richards2010",81
"roesdahl1996",226
"roesdahl1992",81
"roxburgh2013",81
"samplonius1998",81
"sindbaek2008",115
"steuer1974",81
"tummuscheit2018",81
"urbanczyk2009",81
"wawn2002",81
"zettel1977",81
"benecke1994",268
"bergmannnd",268
"cluttonbrock1999",268
"cluttonbrock2012",268
"damm2000",268
"davis1978",268
"degerbol1933",268
"driscoll2009",268
"driscoll2007",268
"engels2001",268
"ewing1981",268
"faure2009",268
"french1988",268
"gotfredsen2017",268
"grigson1969",268
"grigson1989",268
"hatting1990",268
"hatting1991",268
"hatting2004",268
"jansen1988",268
"johansson1987",268
"jorgensen1992",115
"kitchener1991",268
"knospe1988",268
"kratochvil1973",268
"kratochvil1976",268
"kratochvil1977",268
"kveiborg2007",268
"meadow1989",268
"mohl1961",268
"mohl1971",268
"mohl2010",268
"nyegaard1998",268
"oconnor2007",268
"ostergaard2016",268
"ottoni2017",268
"petrov1992",268
"pitakarnnop2017",268
"rantzau2015",268
"steineke2017",268
"tchernov1984",268
"tchernov1991",268
"tomtov2009",268
"tomtov2008",268
"tomtov2003",268
"neer2014",268
"vigne2015",268
"vigne2004",268
"zohary1991",268
"andersen2003",777
"andrews1997",778
"samling1985",779
"auch2012",780
"barrett2007",201
"becker1979",781
"bencard1973",782
"bencard1974",783
"bencard1979",784
"bencard1970",785
"benderjorgensen1991",786
"benderjorgensen2004",787
"blackmore2001",788
"bult1988",789
"callmer1981",790
"callmer1984",791
"capelle1980",792
"croix2014b",793
"demannd",794
"ennen1972",795
"feveile2010",796
"feveile1998",797
"frandsen1986",798
"frandsen1987",799
"frandsen1988",800
"frandsen2006a",801
"haarnagel1941",802
"haarnagel1963",803
"hamerow2007",804
"hamerow2011",805
"harris1975",806
"helle2006",86
"herrmann1978",807
"herrmann1982",100
"herschend2009",159
"hines1994",808
"hodges1988",809
"hodges1996",810
"jagodzinski1991",811
"jankuhn1971",812
"jankuhn1985",813
"kuzmin2000",814
"lucas2001",815
"lundstrom1981",816
"malcolm2003",817
"milek2007",116
"olsen1975",818
"reynolds1977",819
"sedov1985",820
"siegmuller2010",109
"stanislawski2011",7
"steuer1980",7
"steuer2007",821
"stiff2001",7
"sovso2010",7
"ufkes2011",7
"urbanczyk1994",7
"urbanczyk2007",7
"vanes2009",7
"bredsdorff1973",139
"mauritsen2015",139
"tornbjerg1989",139
"cluttonbrock1984",268
"adamsen2009",822
"adriansen2003",129
"andersen2010",170
"asingh2001",129
"axboe2010",129
"bjornskov2011",129
"voncarnapbornheim2012",129
"christiansen2008",129
"fabech1999",129
"fabech1995",178
"fischer1983",251
"garrison2009",129
"gregory1984",129
"hansen2012",129
"hardh1999",129
"hardh2003",129
"hedeager2001",24
"henriksen2000",129
"henriksen2010",129
"henriksen2011",210
"horsnaes2002",129
"horsnaes2010",823
"iversen1993",129
"jorgensen2001",178
"kristiansen1981",129
"makeler2003",129
"moesgaard2009",129
"museumsloven2006",129
"nielsen2012",129
"nielsen1993",129
"olsen2009",129
"paulsson1999",251
"petersen1991",128
"rasmussen2007",129
"sorensen1991",824
"eds1998",129
"thrane1991",129
"thomas2012",825
"ulriksen1994",129
"ulst2012",129
"ames2012",178
"angelbeck2012",178
"bican1992",178
"brink1998",253
"callmer1995",262
"carballo2016",178
"carlsson1989",826
"christaller1933",178
"christensen2014",178
"crumley1976",178
"dam2015",178
"earle2015",178
"fabech1998",21
"foucault1980",178
"foucault1997",178
"gammeltoft2012",228
"giddens1976",178
"gogsigjakobsennd",178
"helgesson1998",178
"hirth1996",178
"iversen2011",827
"jorgensen1998",178
"larsson2003",178
"mcguire1996",178
"myrdal2011",178
"ramskou1970",178
"saitta1998",178
"skre2010",828
"trigger2003",829
"ulsig2011",178
"aarissorensen2004",268
"abrams1989",171
"aufderheide1998",171
"barnes1994",148
"bass1995",171
"beard2000",171
"brettell2012",171
"brothwell1972",171
"buckberry2004",171
"buckberry2007",171
"buckberry2010",171
"buckberry2002",171
"cox2000",171
"darling2003",190
"daux2008",190
"ericson1985",138
"evans2006",190
"evans2010",190
"evans2012",171
"hadley1997",171
"hadley2000",181
"hadley2001",171
"hadley2002",830
"hadley2005",171
"hall2000",171
"hamilton2014",171
"hedges2007",70
"iscan1984",171
"iscan1985",171
"liden1994",171
"longinelli1984",190
"lovejoy1985",191
"lucy2005",171
"map2005",171
"maresh1970",171
"mays2000",171
"meindl1985",171
"montgomery2007",171
"montgomery2009",171
"montgomery2011",171
"rasmussen2001",139
"tornbjerg1994",139
"adams1992",831
"aldeias2016",832
"arroyokalin2017",833
"baneijea2015",834
"barker1977",835
"benyarku2005",836
"berggren2003",837
"borderie2015",838
"borderie2019",839
"bowsher2007",840
"burch2011",841
"canti2001",842
"carver2005",111
"carver2009",843
"carver2012",844
"carver2016",845
"carver2015a",846
"chadwick1998",847
"clark1992",848
"courty1989",193
"deroo2016",849
"doneus2005",850
"drewett1999",851
"fao2006",852
"fedele1984",853
"c2006",854
"feveile1984",855
"frandsen1984",856
"french2015",857
"friesem2017",858
"galeazzi2016",859
"gasche1983",860
"ge1993",167
"geus2018",861
"goldberg2003",862
"heimdahl2005",863
"hodder1992",864
"hodder1997",865
"huisman2017",866
"hummler2015",867
"jupiter2018",868
"karkanas2018",97
"kimball2016",869
"kooistrand",870
"kraling2014",871
"kristiansen2014",872
"krupski2017",873
"langohr1994",167
"larsson2001",874
"larsson2009",875
"macphail2010",193
"macphail2003",97
"mallol2017",876
"g2017",877
"nicosia2013",116
"opitz2015",878
"pavel2012",879
"rentzel2017",880
"ropke2017",881
"roskams2001",882
"saunders2000",883
"schiffer1987",195
"sode2010",884
"stoops2003",116
"tassie2015",885
"turney2005",886
"valente2017",887
"vanriel2016",888
"vepraskas2018",889
"verleyen2017",890
"vince1995",891
"weiner2010",97
"westman1994",892
"wouters2018",893
"wouters2019",894
"wouters2017",895
"jorgensen1991",7
"riberhus1990",7
"posthusskulptur1993",7
"adderley2010",167
"akeret2001",167
"bellens2012",116
"ball2009",167
"borderie2011",116
"brown1984",167
"bullock1985",116
"cammas2000",167
"cammas2001",167
"davidson2003",167
"devos2012",167
"devos2009",116
"devos2011",116
"fechner2004",167
"fondrillon2007",167
"fondrillon2009",116
"fredlund1994",167
"french2003",116
"gebhardt1999",116
"goldberg2006",193
"guelat1998",167
"guttmann2006",167
"jacobs2010",167
"kaplan1992",167
"kiden1991",167
"kiden2006",167
"langohr2001",167
"langohr1976",167
"macphail1994",97
"macphail2001",193
"macphail2004",193
"macphail2007",193
"madella2012",167
"madella2005",167
"matthews2010",167
"nicosia2012",116
"pape1966",167
"pieters1990",167
"romans1983",167
"simpson1998",167
"simpson2000",167
"simpson2005",896
"tys2010",116
"vandewalle1961",167
"vanes1980",167
"vanheeringen1995",167
"verhaeghe2005",116
"verhulst1978",167
"vrydaghs2004",167
"vrydaghs2007",167
"wood1978",167
"wouters2012",116
"sorensen2007",129
"tymorsdetektor2012",129
"watt2000a",128
"randsborg1994",129
"ulriksen2013",129
"randsborg2007",129
"portableantiquitiesscheme2012",129
"leethorp2008",171
"tainter1988",897
"hegmon2008",49
"vesteinsson2007",898
"vesteinsson2010",229
"mcgovern2009",49
"church2005",49
"trigg2009",899
"fredskild1991",49
"adderley2005",49
"adderley2006",900
"mcgovern2006",49
"perdikaris2007",50
"perdikaris2008",901
"karlsson2000",49
"mainland2005",49
"brewington2010",49
"meldgaard1986",49
"vesteinsson2004",49
"church2007",224
"arnalds1987",49
"sveinbjorndottir2010",49
"mcgovern1988",49
"arneborg2004",49
"berkes2000",49
"mcintosh2000",49
"vasey1996",49
"mikkelsen2008",49
"barlow1997",49
"patterson2010",49
"meeker2002",49
"oppenheimer2003",49
"ogilvie2009",902
"cantor2001",49
"mageroy1993",49
"gullov2008",903
"ogden2007",171
"yorkarchaeologicaltrust1998",278
"ackermann1999",904
"agren2007",905
"ambrosiani2008",906
"anundsen1985",907
"bill2010",87
"bird2008",908
"brogger1916",909
"carver1994",910
"challis2006",911
"chappell1986",912
"church2011",913
"cuslrg2013",914
"clark2009",915
"crutchley2010",916
"davis2000",917
"doneus2011",277
"doneus2013",277
"ekman1996",277
"ekman2009",277
"eliassen2009",277
"falck2013",277
"fleming1998",277
"gansum1997",277
"gansum2007",277
"gansum2008",110
"gansum2009",277
"gron1998",277
"hafsten1983",277
"hedeager1988",277
"henningsmoen1978",277
"hesnard2004",277
"hesse2010",277
"jerpasen1993",277
"jerpasen1996",277
"keller1993",277
"keller1994",277
"kierulf2012",277
"klakegg1991",277
"kokalj2011",277
"lambeck1995",277
"lambeck2010",277
"lisiecki2005",277
"mangerud2011",277
"mitrovica2010",277
"morhange2010",277
"myhre1994",175
"myhre1996",1
"myhre2013",277
"nhs2011",277
"nicolaysennde",277
"ostigard2009",277
"olesen2004",277
"otvos2000",277
"passe2001",277
"pirazzoli1991",277
"persson2008",277
"persson2011",277
"persson2012",277
"pirazzoli1996",277
"pugh2004",277
"risbol2009",277
"simpson2012",277
"solberg2003",95
"sorensen1999",277
"stabell1980",277
"stular2012",277
"tartaron2013",277
"trinks2007",161
"vestol2006",277
"vorren2008",277
"watts2001",277
"wehr1999",277
"westerdahl1996",277
"woodroffe2002",277
"abulafia2011",120
"angenendt2008",120
"armstrong2009",120
"arrhenius2011",120
"augenti2010",120
"battaglia2001",120
"behr2014",120
"museum2009",120
"bougard2008",120
"bowden2012",120
"broodbank2013",120
"mullerwille2007",120
"dietrich2012",120
"doherty1985",120
"ekelund1994",120
"gelichi2010",120
"gelichi2013",120
"gelichi2012",120
"henning2007",120
"henning2008",120
"herschend1992",120
"hill1997",120
"horden2000",120
"kelly2000",120
"kocabas2008",120
"lane2000",120
"lebecq2000",120
"liebeschuetz2000",120
"loveluck2005",120
"loveluck2007",146
"loveluck2012",120
"lowe2006",120
"maldonadoramirez2011",120
"marazzi2004",120
"marsawa2011",120
"mccormick1997",120
"mccormick2007",918
"mithen2011",120
"mullerwille2010",120
"nielsen1994",183
"dwyer1981",120
"maidin1996",120
"osullivan2013",120
"skre2012",120
"soderberg2004",120
"arbman1943",159
"barrett1991",4
"belk1988",44
"bruck2004",44
"carlsson1983",919
"devlin2007",148
"fowler2004",23
"eriksson2014",44
"gosden2004",127
"imer2011",44
"jones2005",128
"keynes1983",920
"king2004",44
"krause1966",44
"lemonnier2012",44
"maixner2005",128
"parkerpearson1999",152
"pearce2013",44
"linder2014",44
"stenberg2007",44
"stenberg2008",44
"akademiens2014",44
"thunmarknylen1983",44
"thunmarknylen1986",44
"thunmarknylen1998",37
"tolkien1954",44
"tollerton2011",44
"tsigaridasglorstad2012",921
"webmoor2008",95
"alberti2016",109
"ambrosiani1993",127
"aries1962",109
"bo1967",109
"backe1993",12
"bantelmann1955",109
"bloch1995",156
"brink2012",922
"brown2008",109
"bruck1999",156
"callow2006",923
"cannon2015",109
"capelle1987",156
"cuijpers1999",109
"dedet1990",109
"eriksen2010",95
"eriksen2015",156
"gamble2007",109
"gejvall1955",109
"gell1998",109
"gottlieb2004",109
"grindkasa2012",156
"haarnagel1979",169
"hamerow2006",203
"hamilakis2013",4
"hansen2006",109
"harris2010",109
"hausfater1984",109
"holck2008",109
"hrdy1992",109
"hrdy1999",109
"jones2010",109
"jorgensen2014",162
"kamp2001",109
"karsten1994",30
"kaul2003",21
"lally2011",109
"lally2008",109
"lancy2008",109
"lillehammer1989",109
"lillehammer2008",109
"lillehammer2011",109
"lunde2011",924
"menotti2014",109
"meskell2002",109
"mithen2000",109
"moore2009",109
"mundal1987",925
"mundal1988",926
"murphy2014",109
"naumann2012",109
"nielsen1987",109
"nielsen1986",927
"pentikainen1990",109
"renck2000",156
"roslund1990",109
"runge2009",109
"sawyer1992",21
"scheperhughes1992",109
"schlabow1953",109
"schutz2001",109
"sellevold1987",109
"sofaerderevenski2000",928
"tarlow2000",82
"toedter2001",109
"ucko1969",109
"viveirosdecastro2004",109
"welinder1998",929
"domeij1994",122
"domeij2004",22
"shetelig1944",122
"steuer1994",122
"tomasdotterjakobsson1992",122
"tilley1994",122
"verhulst1999",120
"wheatley1969",120
"wheatley1971",120
"wataghin2011",120
"wickham2012",120
"carver1993",120
"willemsen2010",120
"grimnesmal1985",19
"landnamabok1997",19
"andreeff2007",19
"andren1993",26
"andren1997",19
"arrhenius1970",126
"bardseth2009",19
"beck2010",19
"bell1992",930
"bertell2006",19
"blanton1995",19
"blier1987",156
"heyerdahllarsen1995",282
"bourdieu1977",95
"bradley2005",931
"brendalsmo1992",31
"carlie2006",203
"davidson1964",19
"davidson1968",19
"davidson1993",19
"decerteau1984",19
"eriksen2011",19
"feilberg1907",19
"fendin2006",19
"fredriksen2002",31
"gardela2011",135
"gennep1960",19
"geschwind2005",19
"graslund1969",19
"gurevic1969",19
"hagberg1937",206
"hallans1997",19
"heide2006",204
"herschend1997",110
"hillier1984",19
"holmquistolausson1990",47
"holmquistolausson1996",19
"holmqvist1961",19
"holmqvist1933",19
"johansson1993",19
"kaliff1997",154
"kjos2009",19
"komber1989",19
"kristensen2010",95
"kristoffersen2000",19
"kristoffersen1999",19
"kristoffersen2010",95
"lakoff1980",31
"lang1984",174
"larrington2007",19
"petersen1933",19
"ramqvist1992",156
"reynolds2009",135
"rodsrud2007",193
"ronne2008",19
"rundkvist2012",26
"sander1997",19
"schmidt1999",33
"skov2002",19
"soderberg2006",162
"solheim1965",19
"steinsland2005",23
"stutz2006",932
"stutz2008",19
"stutz2010",19
"trumbullnd",19
"tuan1977",19
"turner1967",19
"turner1977",267
"unwin2007",19
"unwin2009",19
"weibull1911",200
"weibull1918",19
"wilson1988",156
"wylie1985",19
"dansgaard1964",149
"eriksson2008",190
"fischer2007",190
"fuller2003",190
"hillson1996",190
"hoppe2003",190
"ingramnd",190
"aberg1987",132
"birck1986",190
"chenery2010",933
"muldner2005",190
"oneil1994",190
"polet2003",190
"privat2007",190
"richards1998",174
"schroeder2013",190
"sealy2001",202
"sealy1995",190
"vennemann2002",190
"voerkelius2010",254
"white1998",50
"lecolle1985",190
"levinson1987",190
"liden1995",190
"lykoudis2007",190
"mann2003",119
"moberg2005",934
"montgomery2005",190
"montgomery2010",103
"almgren1967",7
"ambrosiani1988",161
"ambrosiani1995",161
"ambrosiani1999",201
"arwidsson1989",204
"burenhult1984",42
"carcopino1984",42
"ermatinger2015",42
"guliaev2003",42
"hall2016",935
"hedenstiernajonson2018",42
"jones1968",96
"lancianind",42
"lindquist1978",936
"lindquist1984",42
"ringstedt1997",937
"roesdahl1992a",21
"sandberg1994",938
"selling1940",939
"stenberger1964",940
"whittaker2006",941
"carver2010",120
"yenikapi2008",120
"schulzedorrlamm1998",266
"baastrup2007",266
"baastrup2005",266
"haberstroh2008",266
"ramskou1950",266
"sovso2011",266
"ulriksen2003",266
"ulriksen2006",942
"arrhenius1960",283
"behmblancke1973",128
"birkedalchristensen1991",128
"bode1998",128
"callmer1999",222
"carnapbornheim1997",128
"drescher1983",165
"fallgren2016",128
"feveile2014",210
"fiedel2011",128
"frick1993",128
"fuglesang1985",128
"gjedssobertelsen1991",128
"gjedssobertelsen1992",128
"haackolsen2005",128
"haldenby2010",128
"hedegaard1989",128
"hedegaard1992",128
"hellesolesen1992",128
"henriksen1998",128
"henriksen2002",128
"hines1997",31
"hoilundnielsen1984",128
"hoilundnielsen1991",137
"hoilundnielsen2011",128
"hoilundnielsen2006",127
"hardh2011",128
"johansen1992",128
"jouttijarvi2002",64
"klindtjensen1957",128
"lonborg1999",128
"madsen1990",128
"maixner2015",128
"mclean2007",128
"moesgaard2012",128
"moesgaard2008",128
"nerman1969",58
"reichstein1975",128
"sarauw2014",128
"schulzedorrlamm1986",128
"stromberg1961",943
"trierchristiansen2017",128
"watt1991",944
"wahlin2014",128
"zimmermann2015",128
"unmarknylen1981",945
"bremen1975",946
"tacitus2003",947
"ambrosiani1985",161
"andersen2009",170
"andersson2008b",948
"andren1991a",949
"anglert2006",950
"arne1937",951
"arrhenius1986",13
"artelius2008",13
"biuw1992",952
"bland1993",13
"bradley2000",30
"price2008f",13
"back2009",127
"carlie1998",13
"ross1994",953
"conti1999",13
"rosengren1997",13
"green1995",13
"hannestad1986",13
"hansen1989",13
"hansen1996",169
"hauck1984",954
"ruprecht1992",13
"hellberg1967",13
"hjarthnerholdar2008",13
"holmqvist1972",13
"holmqvist1969",13
"hultgard1995",13
"ilkjaer1990",15
"jeppesen2004",168
"johansen1989",13
"johns1994",13
"jong2001",13
"jorgensen1994",128
"lamm1989",13
"lamm1999",13
"lindeblad2007",13
"lundqvist1997",203
"lundstrom1988",13
"milburn1989",13
"montanari2001",13
"mortensen1988",13
"myrberg2005",270
"nilsson1992",13
"nylen1988",13
"nasman1993",13
"ringtved1991",13
"sanden2001",13
"sawyer1985",13
"simek1993",22
"skovgaardpetersen1981",13
"price2008h",14
"staecker1999",135
"strid1993",13
"price2008i",13
"sorensen2008",13
"sorensen1985",13
"sorensen2000b",259
"savborg2003",13
"theuws2001",13
"thomsen1994",13
"thrane1987",13
"thrane1982",13
"vierck1981",36
"vikstrand1996",13
"wes1992",13
"widgren1998",13
"stiegemann1999",266
"wieczorek2000",266
"st1916",260
"croinin1997",260
"jezek2011",260
"macairt1983",955
"schuldt2011",260
"scott1978",260
"byrne1973",260
"warner1997",260
"dunbabin2002",260
"kelly2011",260
"thiaw2011",260
"toch2000",260
"toch2014",260
"mikulcice1973",260
"machacek2013",260
"kenny1986",260
"kruse1995",260
"borkovsky1954",260
"graus1957",260
"davidson1992",956
"hanuliak1995",260
"hope2010",260
"redknap2004",260
"hills1984",260
"hirst1985",957
"forexample1997",260
"hall1978",260
"machacek2010",260
"kjellstrom2009",958
"aalto2014",7
"ahola2014a",7
"bartlett1993",7
"brondsted1979",7
"buko2008",182
"fellowsjensen2008",7
"foote1970",108
"gravesbrown1996",7
"hall2007",7
"hannestad1970",7
"heininen2014",7
"ingstad1977",7
"jakobsen2015",7
"jansson1991",7
"kakonen1998",7
"konsa2008",7
"laakso2014",7
"lamm1928",7
"mcdonald2014",7
"moesgaard2011",7
"mohen1992",7
"nerman1958",7
"noonan1997",7
"pries2014",7
"rahtz1983",7
"richards2005",7
"rimbertnd",7
"roesdahl2012",7
"roslund2001",7
"sawyer1997",7
"schalin2014",7
"sindbaek2015",7
"stockmann2015",7
"talvio2014",7
"williams2013a",7
"winroth2014",7
"zak1963",7
"zak1967",7
"ulriksen2002",128
"hoilundnielsen1987",128
"barfod2016",959
"callmer2001",960
"christophersen2015",961
"clark2007",46
"costin2001",962
"cotton1933",963
"dobres2000",239
"dobres2014",964
"feveile2001c",137
"c2006a",965
"feveile2008",966
"flad2007",967
"gebers2004",968
"henderson2000",969
"hodges2000",970
"holback1999",971
"hybel2007",972
"jacobs2016",973
"jankuhn1983",974
"jennings2016",975
"jervis2016",976
"latham2009",977
"latour2005",226
"leroigourhan1964",978
"linaa2015",979
"lonborg1992",980
"lonborg1998",981
"mainman2000",142
"neiss2012",982
"oexle1992",983
"oldeberg1966",984
"orfanou2018",985
"ottaway1970",986
"parkinson2013",987
"pirenne1927",284
"ramquist1992",284
"renfrew1994",284
"rimbert1961",284
"sage1984",284
"schortman2004",284
"smith2009",284
"smith2017",988
"trigger1986",284
"ur2014",284
"voncarnapbornheim1996",284
"wailes1996",284
"wickham2009",989
"wirth1938",284
"alberti2009",17
"andersson1997",17
"aspock2011",17
"effros2002",990
"fahlander2008",991
"fahlander2010",17
"fahlander2013",17
"fahlander2014",17
"gansum2004",153
"hastrup1985",992
"hedjakobsson2011",17
"holback2016",17
"holbraad2010",993
"holbraad2017",994
"holloway2008",17
"klevnas2015",26
"klevnas2016",17
"kummel2005",17
"olsson2007",17
"orchard2003",995
"orchard2004",17
"perabo2017",17
"runer2014",17
"salmond2014",17
"stoklund2004",17
"tesch2015",17
"watts2013",17
"wickholm2008",17
"wikstrom2006",17
"williams1998",17
"williams2005",996
"henning1992",260
"liebermann1903",260
"ludvikovsky1978",260
"campbell1998",260
"klaniczay1985",260
"mccormick2005",260
"obrien2005",260
"davies2010",260
"valante2000",260
"trestik2015",260
"kenny1987",260
"machacek2017",260
"aspock2008",134
"galuska2004",260
"galuska2015",260
"schuldt1960",260
"mcdonough1995",260
"klaniczay1953",260
"arwidsson1942",997
"arwidsson1954",998
"arwidsson1983",22
"behmblancke2003",12
"boeheimnd",12
"bohner1958",12
"brucemitford1975",999
"chaney1970",12
"claessen1978",12
"colgrave1992",12
"cumontnd",12
"dagron2003",12
"ellmers1970",36
"erkens2002",12
"filmersankey1996",12
"frazernd",12
"funcken1977",12
"gage1988",12
"goodman1969",12
"hagen1992",12
"hanke2001",12
"harke1992",12
"hopetaylor1977",168
"johansen1932",12
"krausse1999",12
"latte1988",12
"lind2003",12
"mercer1929",12
"minkenberg2003",12
"ullerwille1970",12
"nielsen1996",12
"oconnor1989",1000
"pieper1989",12
"richards1992",12
"service1971",12
"siebert1999",12
"sten1988",149
"stepper2003",12
"steuer2004",12
"vadstrup1997",12
"devries1956",1001
"werner1986",12
"winkelman1996",12
"anthony1990",1002
"arnold1990",1003
"burmeister2000",138
"clarke1973",1004
"dennell1996",175
"haak2010",248
"james1999",148
"kohl1995",175
"kristiansen2017",1005
"richards1996",70
"schiffels2016",163
"shennan2013",75
"trigger1984",175
"andersen2015",210
"andersen1984",210
"andersen2000",210
"andersen2001",210
"bolander2013",210
"borg1998",210
"feveile2016",210
"gabriel1988",210
"gross1993",210
"jacobsen2001",210
"jantzen1998",210
"kastholm2011",210
"klemensen2000",210
"knorr1938",210
"krabath2001",210
"madsen1999",210
"sabo2013",210
"skaarup2001",210
"jahrhundert1997",210
"skaarup2000",210
"timpel1987",210
"ulriksen2000",210
"voss1961",210
"wagnkilde1999",210
"wagnkilde1997",210
"beck2016",210
"bailey1984",76
"ballard2003",76
"bonacich1973",76
"bradley1988",76
"carey1997",76
"cohen1971",76
"collingwood1927",76
"curtin1984",76
"downham2009",242
"downham2010",76
"downham2012",76
"edmonds2009",76
"edmonds2014",76
"edwards1990",76
"freedman1960",76
"gibbons2003",76
"gourgouris2005",76
"griffiths2004",76
"james1978",76
"jesch2008",76
"johnson1999",76
"johnson2004",76
"lang1987",76
"levi2001",76
"markovits2002",76
"marstrander1916",76
"maxwell1998",76
"mcniven2003",76
"mcpherson1993",76
"murray2004",76
"nurse1985",76
"ocorrain1978",76
"ofloinn1987",76
"ofloinn1998",76
"oka2008",76
"omeara1982",76
"sheehan2001",1006
"sigurdsson2000",76
"smith1927",76
"stacey2007",76
"tan1979",76
"tan1993",76
"tsagarousianou2004",76
"wallace1987",76
"brink2006",13
"fabech2006",158
"herschend2006",71
"lindqvist1941",164
"sorensen1994b",124
"liden1996",13
"brink1996",124
"albrethsen1986",117
"amorosi1998",117
"arneborg2000",117
"barlow2001",117
"berglund1986",117
"bond1998",117
"brewington2007",117
"buckland1996",117
"buckland1991",117
"dawson2003",117
"dennis1993",117
"dugmore1991",117
"dugmore2006",117
"dugmore1994",1007
"edwards1982",117
"kristjansson1993",117
"krogh1974",117
"lynnerup2000",117
"lynnerup2003",117
"mairs2006",117
"mason1998",1008
"mayewski2002",117
"mcghee1984",258
"mcghee2002",117
"mcgovern1979",117
"bones1992",117
"thomas2001",117
"ogilvie2000",117
"olafsdottir2001",117
"perdikaris1999",117
"petersen2000",117
"schledermann2003",1009
"seaver1996",117
"simpson2001",117
"spufford2006",117
"sutherland2000",258
"vesteinsson2000",182
"androshchuk2005",37
"burstrom1990",14
"callmer2004",5
"christensen1981",1010
"christensen1997",285
"damsholt1984",1011
"dommasnes1979",175
"dommasnes1991",1012
"ellis1943",1013
"p2008",1014
"ewing2006",1015
"gardela2009",1016
"graslund1994",187
"gron1994",134
"harrington2007",1017
"smith2004",158
"holck2006",37
"ingstad1992",175
"jochens1996",1018
"jochens1998",34
"jorgensen2005",33
"larrington1999",1019
"lauritsen2003",134
"nordberg2002",206
"paulsen1956",99
"andersen1922",1020
"sellevold1984",157
"skaarup1976",114
"stalsberg1991",1021
"stalsberg2001",1022
"stylegar2007",114
"vangpetersen2005",134
"bolander2017",210
"henrikson2001",210
"henrikson2002",210
"jensen2011",210
"bakka1993",95
"bukkemoen2007",1023
"chapman1999",95
"barndon2006",1024
"gjerpe2007",95
"graslund1995",10
"hanisch2000",95
"howardjohnston1993",1025
"kristoffersen1985",95
"lie1992",95
"lowenborg2012",108
"magnus1983",95
"landbruk2008",95
"nielsen2007",169
"robin2002",95
"soma2006",95
"tringham1995",95
"valum2011",95
"ostigard2007",95
"anglert1989",110
"andersson2001",110
"berglund2017",1026
"brendalsmo2006",110
"christie1974",110
"ellingsen2012",140
"eidshaug2016",110
"forseth2017",110
"gronnesby1998",110
"guttormsen2002",110
"henriksen2007",110
"heaney1999",110
"herschend1998",124
"holmsen1976",110
"jensenius2010",110
"jensenius2018",1027
"mokkelbost2015",110
"nordeide2006",110
"rian1992",110
"roskaft2005",110
"sauvage2016",110
"skre1988",110
"steinsland1994",259
"nielsen2002",210
"aberg1995",1028
"blum2000",1029
"burton1999",1030
"frei2009",254
"grupe1997",89
"gustafsson2000",14
"horwitz1992",194
"jorkov2010",68
"knudson2004",138
"larsen2006",127
"pollard2011",190
"price1992",1031
"price1994",1032
"price1998",68
"price2007",1033
"yoder2010",68
"sugden1982",117
"vesteinsson2002",229
"bjorn1943",286
"dronke1969",286
"dronke1997",286
"einar1934",286
"ol1954",286
"bordarson1935",286
"faulkes1987",286
"jonsson1929",286
"jonsson1976",286
"palsson1972",286
"hollander2000",286
"hollander2002",286
"vesteinn2003",286
"wasko2006",286
"zaluskastromberg1973",286
"zaluskastromberg1986",286
"adolfsson1995",286
"carelli2006",286
"arne1941",286
"arrenhius1961",286
"backdanielsson2001",286
"baines1977",286
"gardela2025",286
"heggstad2006",286
"ingstad1995",286
"jesch1996",286
"kristjansson2007",286
"kempinski2003",286
"kiil1960",286
"kosman1989",286
"kyhlberg1980",1034
"mckinnell2000",286
"mcturknd",286
"monsen1969",286
"moszynski1967",286
"motz1996",286
"neustupny2001",286
"nordstrom2006",286
"raudvere2003",286
"renfrew2000",286
"resiheid2002",286
"ringquist1969",286
"wallis2000",286
"wallis2001",286
"wujewski1991",286
"arneborg2002",117
"edvardsson2004",117
"lynnerup2007",117
"scudder2001",156
"thorsdrapa1900",156
"sourcesalberti2009",156
"amundsen2014",156
"bruck2013",46
"carlie2004",156
"carsten1995",156
"cleasby1957",156
"gansum2003",156
"gerritsen1998",156
"herschend2003",219
"ingold2006",156
"kristiansen2013",156
"levistrauss1983",156
"renck2008",156
"risbolnielsen1995",156
"thomas2015",156
"williams2001",156
"andrews2006",17
"appelgren2007",17
"appleby2013",17
"aspeborg2007",17
"burenhult2002",17
"ersgard2006",17
"hallansstenholm2012a",17
"klevnas2013",17
"latour1999",17
"lundstrom2004",17
"mejsholm2009",1035
"montell1996",17
"nilssonstutz2003",135
"olausson1993",161
"olofsson2006",17
"salmond2012",17
"theliander2010",17
"vinberg2015",17
"wuopio2015",17
"skrede2005",1036
"glorstad2013",95
"helga2001",174
"andersen2002",1037
"sayer2009",68
"ynglingesaga1979",29
"alcock1991",29
"als2006",29
"barrett2001",74
"bjorgo1995",29
"blindheim1947",29
"blindheim1976",29
"blindheim1978",29
"blindheim1981",111
"bodal1998",29
"boe1934",29
"braathen1989",29
"callaway1987",29
"cessford1996",29
"crane2002",29
"damsholt2003",29
"demarrais1996",29
"enright1986",29
"etchingham2001",29
"fuglesang1972",29
"goodacre2005",8
"grahamcampbell1976",29
"grahamcampbell1983",29
"grahamcampbell1987",29
"gupta1992",29
"gustafson1900",29
"hall2004",1038
"hammerton2004",29
"harlow2004",29
"hedeager1998",29
"hedeager2005",154
"hedeager2007",29
"helgason2000",65
"helgason2001",70
"hougen2006",29
"janes1996",29
"jenkins1997",29
"johansen1973",172
"jondell1974",29
"kaland1995",29
"kertzner1988",29
"larsen2001a",224
"larsen1978",29
"levine2004",29
"macdermott1955",29
"magnus1975",29
"mahr1941",29
"malmius2003",29
"nieke1991",29
"nieke1988",29
"olsen2000",83
"paisley2004",29
"pedersen2010",4
"petersen1928",29
"ryste2005",23
"skibstedtklaesoe1999",29
"staecker2003",29
"stafford1998",29
"stenberger1958",204
"stevenson1974",29
"stevenson1987",29
"stevenson1989",29
"stoler2002",29
"sveaasandersen1977",29
"trenchjellicoe1999",29
"tsigaridasglorstad2010a",29
"vandommelen2002",29
"whitfield2001",29
"whitfield2004",29
"wilson1973",29
"nilsson2007",17
"hennius2008",251
"henriksen2003",251
"holme2000",251
"rundkvist2008",1039
"kristoffersen2009",95
"aqvist2006",219
"arrhenius1990",162
"bornaahlkvist1998",219
"carelli2001",64
"carlsson1979",219
"rasmusen1999",219
"dodgshon1980",219
"fallgren1993",219
"gothberg2000",219
"gurevich1992",219
"herschend1988",219
"hoff1984",219
"hoffman1975",219
"holst2004",225
"hvass1988",225
"jorgensen1987",219
"kaldalmikkelsen1999",219
"liedgren1997",219
"lillehammer1999",159
"olsen1997",175
"petersson2006",1040
"porsmose1988",183
"rasmussen1999",219
"riddersporre1995",219
"ringstad1991",219
"roberts1987",219
"selinge2001",219
"sundqvist2002",108
"thunmark1979",219
"allentoft2015",1041
"brather2004",201
"cabana2011",1042
"childe1929",146
"greenblatt2009",1043
"harrison2007",68
"lazaridis2014",191
"muller2001",1044
"patterson2012",191
"prescott2013",175
"price2004",74
"shennan1989",239
"skoglund2012",163
"sigfusson1940",1045
"bjorn1943a",1046
"ol1934",1047
"kunz2001",1048
"larrington1991",1049
"tolkien1960",1050
"jakobsson2001",1051
"backdanielsson1968",39
"carlsson1999",39
"daviskimball2002",39
"dieck1975",39
"dillmann2006",39
"dommasnes1978",39
"davidson1972",39
"davidson1996a",39
"hedenstiernajonson2014",191
"hernaes1984",39
"katrin2005",39
"kalinke1986",39
"eldjarn2000",37
"lokka2014",39
"majchczack1997",39
"nadolski1954",39
"pestell2013",104
"petersen1992",39
"sauckel2013",39
"samson1991",39
"straubhaar2002",39
"straubhaar2011",39
"strom1954",39
"svanberg2000",1052
"tolley2009",39
"riksantikvarieambetet2011",251
"henriksen2006a",251
"attar1990",254
"benson2006",254
"bergfjord2012",254
"frei2010a",254
"geus2004",254
"hald1950",254
"heier2009",254
"kohn1999",254
"mannering2011",254
"morita1986",254
"rosborg2003",254
"enright1996",1053
"albarella2004",288
"albarella2001",288
"degerbol1948",288
"dobney2001",288
"enghoff2005",288
"graslund2004",194
"hamiltondyer2002",288
"zmbochenski2001",288
"hatting1998",288
"lepiksaar1966",288
"makowiecki2001",288
"mlikovsky2005",288
"muller1974",288
"oggins2004",288
"prummel1997",288
"serjeantson2011",288
"tomek2000",288
"tyrberg2002",288
"vretemark2010",288
"knipper2017",1054
"arrhenius1973",226
"bennet1987",252
"blidmo1976",252
"blidmo1981",252
"bratt2009",289
"eraesko1965",252
"eriksson2004",252
"oxford1967",1055
"ferenius1971",252
"fischer2004",252
"fischer2005",252
"fischer2009",252
"fischer2008",187
"gronwall1995",252
"gronwall2009",252
"hauck1977",153
"herschend1974",252
"hoilund2000",252
"horsnaes2008",252
"jonsson1992",252
"kyhlberg1985",252
"kyhlberg1999",252
"lallemand1965",252
"lamm1973",187
"lamm1972",252
"stockholm1976",252
"lorren1995",252
"lotter2003",252
"lundstrom1972",252
"magnus2008",252
"ostergren1981",252
"ramqvist1983",252
"selirand1985",252
"sjovold1993",252
"stjernquist1994",252
"waller1996",1056
"eldjarn1948",234
"eldjarn1953",234
"gelsinger1981",247
"gragas1980",234
"grinderhansen2000",234
"gulatingslovi1937",234
"helle2001",234
"holt1998",1057
"johannesson1969",234
"jonsson1993",234
"olafsson1990",234
"risvaag2006",234
"soga1978",234
"soga1981",234
"soga1994",234
"williams2000",234
"ostergren1989",82
"fridriksson2000",1058
"keller2005",174
"artifact2000",174
"skovmann1942",174
"capelle1968",222
"grahamcampbell1990",242
"grahamcampbell1981",174
"lekberg2002",174
"stang1984",174
"blackburn1989",234
"haworth1990",234
"assmann1995",24
"bogucki2004",99
"duczko2000",100
"filipowiak1958",99
"filipowiak1992",99
"gorecki2002",99
"holtzmann1918",99
"jankuhn1934",99
"janocha1974",99
"janowski2009",99
"kara1991",99
"kola1946",99
"lowmianski1957",99
"morawiec1954",99
"nielsen1991",126
"rajewski1937",99
"ratajczyk2011",99
"rebkowski2011",99
"sikora2012",99
"schulte1918",99
"wojtkowiak2013",99
"zak1957",99
"duczko1996",1059
"hennius2007",1060
"jahrehorn2014",185
"peets2010",149
"storli2007",185
"boddington1996",1061
"geake1992",135
"hockart1938",1062
"sherlock1992",1063
"tomicka1975",285
"andersen1985",54
"mayor2014",1064
"regal2001",1065
"einarol1934",1066
"pedraza1991",221
"mcguire2009",221
"crowder2000",221
"reimers1999",221
"parle1995",221
"sjovold1917",221
"owen1994",221
"kobylinski1994",221
"halsall1996",221
"callow1995",221
"eldjarn1919",221
"townsend2000",174
"mytum2003a",174
"stummannhansen1996",174
"fanning2014",174
"larsen2000",174
"knudsen2007",174
"richards2007",248
"haugen1979",174
"saxogrammaticus1996",1067
"miller1997",1068
"ambrosiani1990",243
"barrett1997",45
"brogger1921",45
"bull1928",45
"hellan2014",45
"munch1962",45
"reitan2011",45
"resi1985",45
"rolfsen1977",45
"rundberget2007",172
"rygh1905",45
"rysstad1928",45
"skar1909",45
"sperber2004",45
"steinnes1926",1069
"wenn2017",45
"wenn2016",45
"wiker2013",45
"alexandersen1998",194
"behrensmeyer1978",35
"binford1981",194
"bliujiene2007",194
"bridault1992",194
"bronkramsey2013",177
"carlie2002",194
"carlie1993",194
"degrossimazzorin2002",194
"ewbank1964",194
"faulkes1995",194
"frei2013",194
"goodman1990",194
"grant1982",194
"graslund2002",108
"green1992",194
"grimm2008",194
"grimm2010",194
"prummel2008",194
"harris1931",194
"hatting1978",194
"hatting1985",194
"helmer1987",194
"henriksen2015",115
"hillson2000",194
"jennbert2006",26
"jorgensen2012",1070
"koudelkand",194
"kveiborg2013",194
"lauwerier2002",194
"legge1992",194
"loumand2006",194
"magnell2012",38
"may1985",194
"monikander2010",194
"morey2010",194
"morris2008",194
"nilsson2003",33
"nilsson2009",194
"noenygaard1990",35
"park1953",194
"payne1973",194
"primeau2012",194
"reimer2013",228
"reitz1999",194
"russell2012",194
"schanche2000",126
"scheuer2000",194
"schmid1972",194
"serjeantson1991",194
"shipman1984",194
"strom1985",194
"stuartmacadam1985",194
"ubelaker1989",194
"vanhaasteren1974",194
"vretemark1997",194
"referencesanderson2013",1071
"arundale1976",258
"arundale1981",1072
"ascough2005",1073
"ascough2006",1074
"ascough2007",1075
"ascough2009",1076
"ascough2014",1077
"austin2006",1078
"birgisson2013",1079
"bronkramsey2017",52
"buonasera2015",52
"coltrain2003",52
"coulthard2010",52
"craig1957",52
"darwent2016",52
"dumond1987",52
"dumond2002",52
"einarsson2011",52
"fitzhugh1993",52
"fitzhugh2004",52
"friesen2016",52
"gronnow2017",52
"hajdas2014",52
"harritt1995",52
"smith2012",52
"smith2014",52
"smith2015",52
"smith2016",52
"heron2010",52
"holtved1944",52
"isaksson2010",52
"issenmen1997",52
"jull1996",52
"ledger2016",52
"linnamae1975",52
"mangerud1972",52
"mangerud2006",52
"maryrousseliere1976",52
"maryrousseliere1979",52
"mason1990",52
"mathiassen1927",52
"maxwell1973",220
"maxwell1980",258
"maxwell1985",258
"mccullough1989",220
"mcghee2000",220
"mcghee2009",52
"mcghee1976",52
"morrison1983",143
"morrison1989",148
"nilsen2017",52
"odess1996",52
"odess1998",220
"odess2004",258
"olsson1980",52
"ostergard2004",1080
"ostergard1999",52
"owen2002",52
"park1994",52
"park2004",258
"petterson2013",52
"possnert1997",52
"raghavan2014",191
"reimer2001",52
"rogers1998",258
"sabo1980",52
"sabo1978",258
"sayle2014",52
"sayle2016",52
"schledermann1978",52
"schledermann1980",220
"seersholm2016",52
"sinding2015",52
"sinding2017",52
"stuiver1986",52
"sutherland2002",258
"tauber1979",52
"taylor1995",52
"tremayne2016",52
"arrhenius2001",58
"magnus1997a",1081
"bjgrgo1969",58
"gjessing1929",58
"gjessing1934",1082
"glgrstad2010",58
"lillios1999",46
"magnus1999",58
"mannering2000",58
"munch1979",58
"nerman1975",58
"nylen1994",90
"petersen1905",165
"petersen1907",140
"ratke2006",58
"sjevold1974",58
"watt2004a",157
"williams1966",58
"aberg1924",58
"palsson1989",9
"nordal1933",1083
"adalbjarnarson1941",1084
"andrea2011",89
"arnold1980",89
"benstead2006",89
"bjorck1995",89
"craig2006",89
"delrio2005",89
"fogel1989",89
"fuller2004",89
"grupe1986",89
"habicht1985",89
"harbeck2009",89
"huhneosterloh1997",89
"husterplogmann2006",89
"imhof1977",89
"james1972",89
"jenkins2001",89
"konnor1980",89
"lemke2005",89
"marold2001",89
"jahrgang2002",89
"jonsson1944",39
"palsson1962",39
"arwidsson1986",39
"jorpeland2013",39
"bersu1966",37
"dickinson1992",189
"duczko1989",39
"dundes1992",39
"eniosova2009",39
"fuglesang1989",39
"gardela2017",39
"grinsell1973",39
"gustafson1906",39
"hansson1938",39
"henriksen2013",39
"hildebrandnda",39
"hjardar2012",39
"harke1990",39
"hardh1976",39
"jagodzinski2010",39
"kivikoski1946",39
"lorangendb",39
"makarov2017",39
"mannering2017",39
"meaney1981",39
"melin2001",39
"morck1900",39
"novikova1998",39
"olsson1986",39
"pestell2012",39
"petersen1917",39
"robb2001",39
"rudzinski2009",39
"ryghnd",39
"samdal1905",39
"schnittger1920",39
"simonsson1969",39
"stenberger1947",39
"stenberger1953",39
"stenberger1956",39
"thoren1994",39
"thunmarknylen2006",39
"wetzler2017",39
"stjerna1905",1085
"aanestad2015",65
"barrowman2011",65
"bond2016",65
"brundle2003",65
"carver2008",1086
"crawford1987",140
"dockrill2010",77
"forsyth2007",65
"gautier2016",65
"griffiths2010",242
"ritchie1977",148
"whitelock1979",181
"worsaaend",65
"arbman1933",272
"arbman1935",272
"grahamcampbell1992",242
"kleinglrtner2007",272
"nordin1990",272
"paulsen1937",272
"pedersen1996",1087
"sundkvist2001",272
"sturluson1993",272
"soderberg2007",272
"tesch1990",272
"tesch2007",163
"stockholm2007",272
"askeberg1942",96
"metcalf2003",96
"hakon2008",3
"ohs1985",3
"baastrup2013",48
"church2013",3
"dugmore2010",1088
"golledge2003",3
"gronnesby2015",3
"klaesoe1997",3
"myhre2000",3
"owen2004",3
"purcell2015",180
"rockman2003",1089
"shetelig1927",3
"solli1996",75
"stenvik2001",140
"vandenoort2011",3
"weber1994",8
"weber1996",140
"westerdahl2015",3
"aiken1986",1090
"ambrosiani2000",1091
"carpelan1992",1092
"cassel2008",136
"cleve1930",136
"cleve1943",1093
"cleve1978",136
"ross2001",136
"edgren1992",136
"edgren2001",136
"edgren2008",1094
"emberling1997",1095
"engman1991",136
"entwistle2000",136
"fahlander2007",136
"feldt2002",136
"gardell2001",136
"ginters1981",136
"ginters1984",136
"gosden2001",92
"gustin2010",136
"gustin2015",136
"hagerman2006",136
"hall1990",131
"hall2010",136
"hardh1984",222
"holmquistolausson1993",161
"fuglesang1992",136
"hulthen1984",136
"hvoshchinskaja2004",136
"jaanusson1981",136
"jaanusson1993",136
"jansson1988",136
"jansson1990",136
"jansson1994",136
"jansson2000",263
"kaks1969",1096
"kapchan1999",136
"kivikoski1937",1097
"kivikoski1938",136
"kivikoski1951",136
"kivikoski1964",136
"kivikoski1969",136
"kivikoski1973",252
"krylasova2008",136
"valdemars1995",136
"kuzminych1996",136
"kyhlberg1973",136
"laulumaa2002",136
"lehtosalohilander1982",136
"lehtosalohilander1983",136
"lehtosalohilander1990",1098
"lehtosalohilander1992",136
"lehtosalohilander2000",1099
"ligi1993",1100
"lindstrom2003",136
"malarstedt1986",136
"markus1939",136
"meinander1957",136
"meinander1985",136
"pokrovskaja2001",1101
"selling1945",136
"selling1955",211
"sorensen1971",136
"svanbergskane1999",228
"taavitsainen1990",1102
"tarkiainen2008",136
"thalin1984",136
"uino1997",1103
"uino2006",1104
"wallerstrom2004",136
"wells1998",136
"wells1999",1105
"wiessner1989",274
"young1995",222
"wilson2009",242
"worrell2003",1106
"downham2017c",65
"baudou1963",272
"andersson2006",202
"bjerstaf2002",14
"brorsson1998",14
"carlsson1976",14
"carlsson2008",138
"clarke1993",14
"dahlstrom2000",14
"fallgren1994",1107
"gotfredsen2011",14
"kidd1980",14
"grandin2000",14
"gustafsson2009",14
"gustafsson2007",14
"hawthorne1979",1108
"hellqvist2011",14
"hjartnerholdar1999",14
"hoven1991",14
"huttu1996",14
"jakobsson1996",14
"jouttijarvi2005",201
"kirpichnikov2004",165
"lindeblad1996",14
"peets2003",14
"pettersson2005",40
"schmidt1977",170
"schvindtnd",14
"soderberg2011",14
"soderberg2002",233
"thomsen2005",201
"wellinder2004",14
"aberg2006",14
"aspinall2011",228
"baker2013",146
"bronkramsey2009",228
"brown2014",228
"hojdemodel2007",228
"dobat2009",228
"donat2000",228
"gaffney2003",228
"henning2002",228
"herold2012",228
"jacobsson1999",228
"jensen1988",228
"olesen2000",228
"olsen1999",228
"rindel2002",228
"roesdahl2002",228
"svanberg1999",228
"ulriksen1993",228
"abramson2016",180
"ager2014",146
"archibald2007",145
"baker2011",146
"blackburn1998",146
"blair2013",146
"booth1983",104
"brookes2013",146
"cameron1998",146
"cameron2010",146
"daubney2016",146
"dobat2017",1109
"edwards1991",180
"everson2007",146
"haldenby2016",104
"johnson2002",146
"langdon1993",146
"leonard2015",146
"loveluck1996",146
"macgregor2009",146
"mcleod2006",180
"metcalf1960",146
"pagan1986",112
"richards1999",146
"richards2004",146
"richards2013",104
"richards2016",104
"rogers1993",104
"steedman1994",146
"stevenson1904",146
"bakka1983",3
"aguilar1986",1110
"bill2007",1111
"caldwell2014",1112
"carwardine1995",1113
"clark1947",1114
"dahl2003",1115
"espinoza1992",1116
"gardiner1997",1117
"haahrkristiansen1997",1118
"hallen1994",1119
"henriksen2009",1120
"holm2012",188
"isaksen2012",1121
"karlsson2016",1122
"kjermichaelsen1992",62
"kristensen2007",62
"laist2017",62
"lowenstein1993",62
"lundkoksvik2010",62
"lundkoksvik2013",62
"lundqvist1986",62
"mclees1990",62
"mulville2002",62
"nasman1990",62
"nelson1969",62
"nilsen2014",62
"nordahl2001",183
"petersen1914",62
"riddler2014",62
"sandberg1983",62
"seiler2001",62
"sjovold1966",62
"skomsvoll2012",62
"solberg2007",62
"stauch1994",62
"stylegar2005",83
"svanberg2008",62
"szabo2008",62
"teixeira2014",62
"wickler2012",62
"arne1934",1123
"arwidsson1977",155
"graslund2008a",187
"lindqvist1934",187
"lloydsmith2002",187
"madsen1996",187
"schulzedorrlamm2010",187
"schonback1957",187
"schonback2002",187
"hansen2008",276
"sawyer1962",226
"gould1903",180
"biddle1992",112
"sawyer1998",281
"ulmschneider2000",180
"blackburn2011",142
"blackburn1994",180
"blackburn2001",50
"blackburn2007",142
"williams2007",142
"stocker2000",63
"foster1924",180
"oswald1937",180
"pelteret1980",180
"pettersson2009",180
"pirie1997",180
"richards2009",146
"riley1995",180
"rowe2008",63
"rowlandson2005",180
"russell2014",180
"sheehan2014",180
"stafford1980",180
"stein2012",180
"stein2013",180
"stein2000",104
"whitwell1992",180
"williams2002",1124
"hurley2014",180
"abulughod1981",51
"adger2009",51
"alexandre1976",51
"alexandre1987",51
"ahdr2004",51
"ahdr2015",51
"arendt1958",51
"arnalds1992",51
"arneborg2008",51
"batt2015",51
"bell1978",51
"bergthorsson1967",51
"bergthorsson1969",51
"blondal1999",51
"bradley1992",51
"bradley2016",51
"brazdil1995",51
"brazdil2005",51
"boulhosa2012",51
"campbell2016",51
"camenisch2016",51
"casely2007",51
"crumley2007",51
"demaree2001",51
"diaz2011",51
"dickson1988",51
"dugmore2005",51
"dugmore2013",51
"dugmore2014",51
"einarsson1994",1125
"garciaherrera2008",51
"gragas2001",51
"gudmundsson1997",51
"gudmundsson2008",51
"hambrecht2015",51
"harrison2013",51
"hartman2015",51
"hartman2016",51
"halldorsson1978",51
"henriksen1995",51
"hoffmann2014",51
"holtsmark1956",51
"hreinsson1997",51
"ingimundarson1995",51
"ingimundarson2010",51
"ingimundarson1998",51
"ingram1978",51
"ingram1981",51
"johannesson1956",51
"johannesson1974",51
"johannesson1928",51
"jones2008",83
"jones2004",51
"jones2001",106
"jonsbok2004",51
"kristjansson1980",51
"kirkbride2008",51
"lamb1965",51
"larsen1917",51
"royladurie1972",51
"ludlow2010",51
"luterbacher2016",51
"martinvide1995",51
"mauelshagen2014",51
"mcgovern2013",51
"mcgovern2014",51
"mcturk2004",1126
"miles2014",51
"ogilvie1982",51
"ogilvie1984",51
"ogilvie1986",51
"ogilvie1991",51
"ogilvie1992",51
"ogilvie1998",51
"ogilvie2001",51
"ogilvie2005",51
"ogilvie2008",51
"ogilvie1997",51
"pfister1992",51
"pfister1998",51
"pfister1999",51
"pfister2017",51
"pribyl2012",51
"serreze2015",51
"sigurdsson2004",51
"smiarowski2014",51
"smiarowski2017",51
"stern2000",51
"stine1994",51
"stormnd",51
"stora2005",51
"streeter2012",51
"streeter2014",51
"mcgrew1970",51
"teitsson1975",51
"thorarinsson1956",51
"thorarinsson1958",51
"thorarinsson1967",51
"thordarson1993",51
"thordarson2007",51
"thorlaksson1991",51
"thoroddsen1914",51
"thoroddsen1919",51
"thorsteinsson1989",51
"vanengelen2001",51
"vasey2001",51
"vesteinsson2005",51
"vilmundarson1972",51
"waters2016",51
"wheeler2006",51
"young2015",51
"arne1911",136
"arbman1955",136
"callmer2000",1127
"bhabha2004a",92
"alper2003",1128
"arbman1939",161
"asmus2012",1129
"bagge2009",1130
"bartels2008",1131
"bartlett1996",101
"baumgartner2013",101
"birkebaek1992",101
"bolton2009",101
"bompaire1997",101
"brather2010",101
"callmer1994",166
"carelli2012",101
"christensen2000",101
"dobat2008",26
"drjacobsen1942",101
"eisenschmidt2003",101
"filipowiak2008",101
"gelting2007",101
"gilomen2014",101
"grahamcampbell1991a",101
"hatz1974",101
"hauptmeyer1997",101
"henricson2006",101
"herrmann1994",101
"hilberg2009b",48
"hilberg2010",48
"hinton2008",101
"hodges2008",101
"hofmann1984",101
"hybel2013",101
"ilisch1988",101
"jankuhn1937",100
"jonsson1989",101
"juraske2010",101
"kalmring2010e",161
"keller2008",101
"klappauf2011",101
"klappauf2008",101
"leimus2007",101
"loveluck2013",101
"ludtke1985",101
"ludtke2013",101
"lund1991",200
"makeler2005",101
"metcalf1998",101
"meyer1998",101
"moesgaard2006",101
"noonan1994",101
"radtke2002",101
"roesdahl2006",200
"rundberg2000",101
"sawyer2013",101
"sawyer2002",101
"scheel1940",101
"schledermann1966",101
"schwantes1932",101
"gratuze2011",101
"sindbaek2012",1132
"spuford1988",101
"steppuhn1998",1133
"stieldorf2012",101
"stoklund2000",101
"tummuscheit2010",101
"verhulst2000",101
"wehner2007",101
"wiechmann2002",101
"williams1997",101
"olsen1945",187
"aberg1953",189
"skouhansen2008",187
"norr2008",187
"alqahtani2010",103
"askvik2009",103
"bankier2006",103
"batey2013",103
"beaumont2013",103
"bonsall2009",103
"butler1993",103
"curtissummers2014",103
"fowler2010",31
"greaves2011",103
"halpin2008",1134
"harris2016",103
"harris2012",103
"mcguire2010",103
"muldner2009",103
"nissan1999",103
"reimann2012",103
"robb2013",103
"welander1987",103
"avdusin1988",40
"clarke1985",40
"crane1999",40
"galton1971",40
"kjellberg1946",40
"krogh2007",1135
"lethlarsen1991",40
"lonborg1994",40
"monteliusnd",40
"martensson1970",40
"possnert2015",40
"soderberg1999",40
"warnke1987",40
"hadley2015",180
"brooks1987",180
"wessexarchaeology1997",180
"bailey1980",36
"dunwell1995",74
"evison1969",147
"geake2003",31
"lang1976",143
"richards2003",1136
"solberg1985",218
"vandenoort1993",199
"walsh1998",21
"kjellberg1947",40
"bakhtin1984",278
"cohen1995",278
"crang1994",278
"edensor1998",278
"fowler1992",278
"graver1999",278
"hewison1987",278
"koivusalo1998",278
"littrell1993",278
"maccannell1976",278
"macdonald1997",278
"mccaulay1999",278
"meethan1996",278
"mordue1998",278
"robb1998",278
"shurmersmith1994",278
"silver1988",278
"urry1990",278
"vestfold1998",278
"watson1994",278
"walsh1992",151
"wright1985",278
"bohner1991",154
"brown1988",154
"bruck2006",31
"bynum2001",154
"davidson1978",154
"dedekam1925",154
"flores1996",154
"gaimster1998",154
"geary1978",154
"glosecki2000",154
"hardh2004",154
"haselof1956",154
"haselof1970",154
"haselof1981",154
"haselof1984",154
"hoilundnielsen2002",154
"ingold1994",154
"ingold2000",23
"jakobsson1999",154
"jakobsson2003",153
"jones1998",24
"kalif1997",154
"kristofersen2000",154
"lindstrom2001",154
"magnus2001",1137
"magnus2002",154
"mansrud2008",154
"meskell2003",154
"morris1991",154
"mullernd",154
"mundal1974",154
"oestigaard1999",154
"oestigaard2000",154
"orchard2002",154
"raudvere2001",154
"roe1995",154
"roth1979",154
"sofaer2006",154
"speake1980",1138
"steenstrpnd",154
"pollard2009",150
"pritsak1970",150
"hughes1995",278
"barnes2012",245
"christensen1969",245
"fridell2011",245
"fuglesang1991",164
"glob1969",1139
"graslund1998",245
"imer2009",245
"jacobsen1932",245
"jacobsen1935",245
"kallstrom2007",245
"cour1951",54
"lerchenielse1993",245
"lund2014",245
"moltke1952",245
"moltke1985",200
"nielsen1969",245
"oebynielsen2007",245
"snaedal1985",245
"stoklund1991",21
"stoklund1994",245
"stoklund2005",245
"stoklund2006",245
"stoklund2010",245
"m2005",245
"storm1977",1140
"bengtsson1954",278
"maccannell1992",278
"yorkarchaeologicaltrust1984",278
"bekpedersen2007",1141
"dennis1980",1142
"dennis2002",1143
"larusson1967",229
"lucas2009",182
"meulengrachtsorensen1983",1144
"robertsdottir2008",179
"sveinbjarnardottir2012",224
"arbman1941",191
"backstreurom2016",191
"briggs2007",191
"brothwell1981",191
"brotherton2007",191
"buikstra1994",149
"cassidy2016",191
"durand2011",191
"eriksson2016",191
"gamba2014",191
"green2008",191
"vanhamel1934",191
"helgessonarcini1996",191
"keller2012",191
"kircher2012",191
"lampa2013",191
"lindstreurom2011",191
"malmstreurom2009",191
"meindl1989",191
"meyer2010",191
"omrak2016",191
"oras2016",149
"salmela2011",191
"sawyer2012",191
"skoglund2013",191
"skoglund2014",191
"slovak2011",191
"steinsland2011",191
"stolpend",191
"thalinbergman1986",191
"vanoven2009",191
"vianello2013",191
"wilhelmson2015",191
"yang1998",191
"crawford1999",159
"hedenstiernajonson2000",161
"jansson1980",159
"kanvall1995",1145
"kjellstrom2005",149
"kjellstrom1995",159
"nordstrom2007",38
"rimbert1986",159
"wikborg2007",159
"anderson1909",2
"annalsofclonmacnoisend",2
"blindheim1984",2
"bourke2010",2
"brink2007",137
"carroll1995",2
"hennessynd",2
"coffey1909",2
"connolly1987",2
"crawford1923",1146
"danielsson2015",26
"farbregd1979",140
"forte2005",140
"gerace2014",2
"gyllensvard2004",2
"hagland2008",140
"hall2015",2
"haseloff1990",2
"hedeager2015",2
"henry1965",2
"holtsmark1989",2
"jesch2001",1147
"jesch2006",1148
"kelly1993",2
"lamn2004",2
"lowe2007",2
"lucas1967",2
"lucas1973",2
"lucas1986",2
"magnus1932",2
"mullarkey2014",2
"murray2012",2
"murray2014",2
"murray2015",2
"murray2016",2
"nordvig2013",2
"carragain2010",2
"odonoghue2011",2
"floinn1989",140
"floinn2013",2
"floinn2015",2
"omeadhra1988",2
"ohrn2015",2
"quast2012",2
"rosedahl1992",2
"ryan1989",1149
"ryan1998",2
"solli2013",2
"watt2005",2
"watt2011",2
"youngs1989",140
"andersen2004",48
"ashby2009",8
"bakka1965",140
"blindheim1977",140
"budd2004",138
"boe1926",140
"corrain1972",140
"christophersen1989",201
"de1995",140
"etting2013",140
"fagerland2008",140
"gaimster1991",140
"gronnesby2012",140
"haseloff1979",140
"haseloff1987",140
"heenpettersen2013",140
"helle1991",140
"herje1989",140
"herstad2012",140
"hunter2008",201
"jatten2006",140
"martens1994",140
"ofloinn1989",140
"redmond2007",112
"resi2005",140
"roskaft2003",140
"shepherd1985",140
"skinner2012",140
"skjevik1997",140
"sorheim2010",140
"stenvik1994",140
"trotzig1984",140
"trotzig1991",140
"wilson1965",147
"paulsen1933",100
"steuer1962",100
"filipowiak1988",100
"betz1973",164
"bottgerniedenzu1982",164
"buisson1976",164
"eldjarn1956",200
"hagen1950",164
"janowski2006",164
"kjaerum1990",134
"stoodley2000",1150
"meskell1999",159
"andresen2010",106
"baker2015",106
"berglund2003",106
"blackford1991",106
"bond2001",106
"bond1997",106
"bradley1992a",106
"bradley1993",4
"conroy2008",106
"cui2013",106
"lorenzo2010",106
"lorenzo2008",106
"eiriksson2006",106
"faust2016",106
"folland2009",106
"grauel2013",106
"gray2010",106
"haldon2016",106
"hass1996",106
"helama2009",106
"hurrell1995",106
"hurrell2010",106
"isono2009",106
"jones2014",106
"krawczyk2010",106
"lamb1982",106
"lamb1985",106
"larsen2008",106
"li2016",106
"ljungqvist2010",106
"mcdermott2001",106
"moy2002",106
"neukom2014",106
"oliva2012",106
"randsborg1991",106
"reimann2011",106
"ribeiro2012",106
"rudaya2016",106
"ruizfernandez2016",106
"scafetta2012",106
"swierczynski2012",106
"ulgen2012",106
"vanloon1978",106
"wanner2008",106
"wanner2001",106
"wanner2011",106
"yan2011",106
"zhong2014",106
"magnus2004",2
"sogness1988",140
"haithabu2003",166
"coupland1989",166
"coupland2016",166
"duczko1997",100
"helmbrecht2004",166
"hoilund1986",166
"hoilund2014",166
"holst1958",166
"jorgensen1990",165
"jorgensen1997",166
"laurent1978",166
"lebecq1986",166
"radtke1981",166
"schlesinger1972",166
"schneeweiss2010",166
"shepard2014",166
"shepard1989",166
"staats1974",166
"story2003",166
"andersen2012",177
"berglund1982",177
"bican2007",177
"bican1907",177
"biltz1969",177
"broholm1946",177
"broholm1949",177
"christensen2006",183
"dillehay1997",177
"dix1982",177
"garfinkel1987",177
"harrington2000",177
"houmarknielsen1991",177
"hoy1995",177
"jensen2002",177
"jons1993",177
"jorgensen2013",177
"kjaer1928",177
"knoll2013",177
"larsen2012",50
"nielsen1967",177
"petersen1971",177
"schuster2000",177
"seir2013",177
"steensberg1974",177
"thrane1979",177
"uschmann2006",177
"williams2004",177
"duczko2007",100
"losinski1997",100
"jagodzinski2008",100
"bately1980",100
"bately2009",1151
"gaerte1929",100
"engel1931",100
"engel1935",100
"tischler1902",100
"bezzenberger1904",100
"androshchuk2008",100
"jagodzinski2012",100
"cnotliwy2013",100
"ehrlich1932",100
"ambrosiani1994",137
"arbman1958",100
"carlsson1988",100
"jankuhn1943",179
"klim1979",100
"steuer1979",100
"arbman1993",62
"berggren2004",62
"bergstrom1941",62
"bjorck2008",62
"broberg1990",62
"egenberg2003",62
"fetisov2008",62
"frostne2002",62
"hennius2016",62
"hennius2005",188
"heron1989",62
"hiorth1908",62
"hjulstrom2006",62
"hvid2016",62
"karlsson2002",62
"konsa2013",62
"kupiec2015",62
"kurzweil1998",62
"landin2002",62
"lindeblad1994",62
"lindstrom2014",62
"magnusson1986",85
"neveus1974",62
"persson1994",62
"ravn2016",62
"stahre2012",62
"svenssonhennius2017",62
"villstrand1996",62
"albrectsen1976",131
"andren1998",82
"behre1983",276
"bican2010",162
"fabricius2009",131
"hermansen1938",131
"hjelmqvist1993",131
"janushevich1979",131
"kenward1995",276
"koch2003",131
"mikkelsen1949",131
"moltsen1998",131
"ocete2015",131
"petrini2015",131
"schiemann1953",131
"shanahan2015",131
"sherratt2008",131
"smith1990",131
"stummer1911",131
"troelssmith1953",131
"wamers2016",131
"winroth2012",131
"schietzel1985",127
"pilo2008",127
"androshchuk2004a",127
"fabech2009",127
"sanmark2004",205
"ahnlund1926",127
"ambrosiani1992",127
"ambrosiani1996",127
"andren1985",127
"edgren1995",263
"franklin1996",1152
"garizpanov2008",127
"gustin1990",127
"johansen2003",83
"malmer1989",127
"noonan1991",127
"polanyi1978",127
"ros2001",127
"rosberg2009",127
"schorske1998",127
"reimer2004",62
"svensson2007a",91
"hilczerowna2037",100
"losinski1995",100
"vonzurmuhlen1940",100
"labuda1961",100
"orosiusnd",100
"andersen2008",170
"bandholm2012",170
"carstens2011",170
"christiansen1999",170
"christiansen2005",170
"dyggve1955",170
"hollstein1980",170
"holmsgaard1999",170
"hvass1998",170
"krogh1993",170
"lemm2011",33
"lindblom2011",170
"lindblom2012",170
"mullerwille1991",170
"trillmich1970",170
"fanning1937",179
"saga1943",179
"kunz2008",179
"dasentnd",179
"andersson2002",233
"armbruster2002",179
"bihrer2012",179
"christensen1985",179
"claughton2011",179
"dekowna1990",179
"osk2009",179
"elvestad1998",179
"fanning1990",179
"hagg2002",1153
"helberg1993",179
"hepp2007",179
"hilberg2007",179
"hingst1955",179
"kleingartner2007",222
"mehler2003",179
"molaug2010",179
"mullerwille1968",179
"noonan2000",179
"olsen2004",179
"pestell2011",179
"pierce2009",50
"reichstein1984",179
"roberts2008",179
"englert2007b",179
"scheel1930",179
"simek2007",179
"sode2004",179
"sode2002",179
"sorheim2004",179
"stumpel1983",179
"jakobsson2009",179
"tweddle1999",179
"vogel1983",179
"warmlander2010",179
"wedepohl2003",179
"zori2010",220
"magnusson1966",179
"jessen1958",166
"hoilundnielsen1986",166
"norgardjorgensen1999",21
"neuefischer2014",166
"siemen1990",166
"spiong2000",166
"thuno2002",166
"williams1999",166
"bemmann1998",169
"besteman1999",169
"bjork1957",169
"brandt1996",169
"brink1997",1154
"carnapbornheim1996",169
"egeberghansen1988",169
"egeberghansen1996",169
"ethelberg2000",169
"ringtved1989",169
"fabech1992",169
"fenger1971",169
"hedeager1990",183
"helgesson2008",169
"hoilundnielsen2005",169
"hoilundnielsen1993",169
"hvass1986",169
"jarlhansen1988",169
"jessen2008",169
"jorgensen1988",239
"jorgensen1996",21
"kopytof1986",169
"lund1996",169
"lundhansen1995",169
"madsen1995",162
"mauritsen2009",169
"mikkelsen1990",169
"mortensen1988a",169
"mortensen1991",169
"murray1983",258
"nasman1988",237
"nasman1997",169
"norbach1998",172
"norgardjorgensen1996",169
"rasmussen1995",169
"reuter1997",169
"ringtved1986",169
"ringtved1998",169
"sjoholm1988",169
"steuer1982",169
"tacitus1999",169
"ulriksen1989",178
"wenskus1961",1155
"zimmermann2005",169
"bjork1982",170
"christensen1983",1156
"christiansen1995",225
"christiansen1996",1157
"fenger1991",237
"fokkens1998",225
"jorgensen1940",225
"back1997",201
"polanyi1963",262
"tummuscheit2003",137
"vestergaard1991",226
"lysehansen2000",179
"olausson2002",47
"palliser2000",87
"hodder2003",127
"hojbjerg2006",127
"aarseth1982",1158
"arge1991",1159
"arge2006",1160
"arge2005",1161
"arge2009",1162
"arnalds1997",1163
"bertelsen1985",1164
"bertelsen1998",1165
"buckland2008",1166
"butler2006",1167
"christiansen1990",1168
"christiansen1991",1169
"christiansen1987",1170
"dennis2000",1171
"dugmore2000",229
"dumezil1973",1172
"edvardsson2005",1173
"einarsson1963",1174
"einarsson2002",1175
"fagan2000",1176
"fjaervoll1961",1177
"fredskild1973",1178
"fridriksson1994",77
"gerrard1991",118
"gjerland2009",182
"gronvold1995",50
"grove1988",118
"gudmundsson2001",118
"gudmundsson2004",118
"guttormsen1994",118
"halstead1998",118
"harris1988",118
"hambrecht2006",118
"hansen1990",118
"hastrup1989",118
"hermannsson1929",118
"hitzler1979",118
"hjalmarsson1993",118
"holling2002",118
"joensen1976",118
"joensen1980",118
"keller1989",1179
"keller1990",118
"konstam2004",118
"kristjansdottir2004",92
"krivogorskaya2005",118
"lageras2007",118
"lambin2005",118
"lawson2006",118
"mcgovern1980",1180
"mcgovern1981",229
"mcgovern1986",118
"mcgovern1994",1181
"mahler1989",118
"mahler1988",118
"mahler1991",118
"mahler1990",118
"mairs2007",118
"marcus1980",118
"e2003",118
"noonan1998",118
"nordal1952",118
"nordal1954",118
"norrevang1970",118
"olsen1928",118
"olasson1998",118
"perdikaris1998",118
"perdikaris2005",118
"rieck2002",118
"sanmark2002",27
"schofield2007",118
"simpson2003",118
"skardi1970",118
"sveinbjarnardottir1990",118
"sveinbjarnardottir2007",118
"sveinbjarnardottir2008",118
"thomson2003",118
"thomson2005",118
"thomson2007a",118
"vesteinsson2001",118
"wubsmrozewicz2008",118
"thorarinsson1970",118
"aarsleff2005",290
"almgren1955",165
"ambrosiani2002",201
"anglert1999",290
"anglert2001",290
"arrhenius1992",290
"eriksson2001",290
"gjosteinresi1979",290
"gramstorp2000",290
"gustafsson1968",290
"gustin1999",290
"hardh2007",142
"vonheijne2004",226
"helgesson1999",290
"herschend1989",226
"hjarthnerholdar2002",1182
"horby1988",290
"jansson1978",290
"johanssonherven2001",290
"kresten2001",290
"klnm1999",290
"lennartsson1997",290
"malmer2002",290
"metcalf1996",226
"mikhailov2007",290
"mogren2005",290
"noonan1984",212
"riddersporre1998",290
"ringqvist1968",290
"rispling2004",212
"salminen2001",290
"samuelsson2001",290
"schulke2008",290
"serning1956",126
"silvegren1999",290
"sindbaek2001",1183
"skibstedklaeso1997",290
"steineke2005",290
"stenholm1976",290
"stjernquist1995",290
"svanberg1998",222
"svensson2001",290
"tegner1999",290
"tegner2005",290
"thilderqvist2000",290
"thun1967",290
"wamers1984",176
"westergren1986",290
"dumvillend",141
"rau1977",141
"ager2011",141
"besteman2009",141
"coupland2006",141
"dijkstra2009",141
"grieg1929",141
"kilger2007",141
"knol1998",141
"knol2005",141
"knol2010",141
"sheehan2000",141
"sheehan2011",141
"others1971",141
"woltering2000",141
"woolf1990",141
"cook1965",179
"westness1980",74
"ahrens2001",168
"chronicon2001",168
"dyggve1942",168
"harck2006",168
"wesse2006",1184
"janssen2004",168
"mcneill2004",168
"chr2009",168
"klemensen2001",168
"krogh1981",168
"lethlarsen2007",168
"madsen1985",168
"mcguire2008",168
"petersen1909",168
"staecker2005",168
"trap1964",200
"sicking2008",118
"woltering2002",141
"sawyer1971a",104
"eriksen2001",175
"davidson1979",217
"hoekstra1940",217
"rau1972",217
"rives1985",217
"south1932",217
"bantelmann2003",217
"besteman1997",217
"boeles1915",217
"borchling1938",217
"bregman1998",217
"ijssennagger2009",217
"jons2013",217
"meier2003",217
"milis1998",217
"nijdam2008",217
"pritsak1981",217
"schokker2008",217
"siems1980",217
"smyth1977",217
"springer2003",217
"theuws2009",217
"vries2007",217
"wood2001",217
"broadberry2010",181
"durkin2014",181
"fenner2005",181
"fox1943",181
"hellenthal2014",287
"insley1994",181
"johnston2014",181
"loveluck2011",181
"royrvik2010",181
"samuels1989",181
"thomas2006",222
"townend2002",181
"binns1988",291
"bjerve1980",291
"bjorgo1982",291
"bratrein1984",291
"bratrein1989",291
"bull1920",291
"carstairs1980",291
"eithun1994",1185
"ekrem2006",91
"falkanger2007",291
"fugelsoy1970",291
"gansum2000",291
"grimm2004",291
"hobaek2013",291
"hodne1976",291
"holmback1943a",291
"indrebo1935",291
"iversen2014",291
"iversen2007",183
"jansen1943",291
"johansen1977",291
"hauge2007",291
"lillehammer1994",291
"lund1955",291
"lund1959",291
"lund1965",291
"loken2001",291
"nicolaysenndh",291
"norbergschulz1980",291
"olsen2005",237
"olsen2013",291
"patterson2005",291
"relph1976",291
"room2005",291
"schutte1933",291
"seip1934",291
"sjovold1962",291
"sjovold1971",291
"solberg2002",291
"storli2000",237
"stormnda",291
"stormndb",1186
"strom2007",291
"taranger1915",291
"tuan1974",291
"urbanczyk1992",237
"vesteinsson2013",291
"odegaard2013",291
"ahlkvist2002",289
"bardseth2007",289
"carlie1999",289
"diinhoff2011",289
"edblom2004",289
"ericsson2001",289
"kalmar1991",289
"eriksson1993",289
"frolund2007",189
"gjerdaker2001",289
"gjerpe2012",289
"gollwizer2012",289
"helgesson2002",1187
"hobaek2008",289
"bergen2009",289
"oslo1997",289
"kleven2001",289
"loken1996",289
"martens2007",289
"myhre1972",289
"olsen1926",289
"pedersen1990",289
"petersson2010",289
"reiss1994",289
"reitan2009",289
"reynolds1999",289
"robberstad1967",289
"rosener1995",289
"skre1997",289
"streiffert2005",289
"sorrusten2012",289
"tacitus2001",289
"wasberg1970",289
"odegaard2008",289
"oslo1991",289
"shepared2012",111
"loog2017",163
"mcevoy2006",163
"melchior2008",248
"milman2003",163
"bowden2008",248
"helgason2003",70
"helgason2009",70
"kjellstrom2007",163
"ros2012",163
"kjellstrom2017",163
"wikstrom2008",163
"wikstrom2005",163
"tillmar2010",248
"dupuy2001",163
"karlsson2006",163
"martiniano2016",163
"nesbitt2016",163
"roslund2014",163
"tesch2001",163
"vanoven2014",163
"technology2017",163
"walsh2014",163
"walsh2013",163
"walsh2016",163
"tesch2013",163
"hillbom1984",163
"moorrees1963",163
"smith1991",163
"brooks1990",163
"bruzek2002",163
"novotny1982",163
"phenice1969",163
"evans2004",1188
"meller2012",163
"knipper2004",163
"maurer2012",163
"neumann1974",163
"asch2003",163
"lofvendahl1990",1189
"hillson2005",163
"schour1941",163
"knipper2014",1190
"rohland2007",248
"malmstrom2012",70
"rasmussen2011",163
"korneliussen2014",163
"behar2012",163
"achilli2004",163
"dupuy2006",163
"passarino2002",70
"rootsi2004",163
"auton2015",163
"patterson2006",1191
"zeronmedina2013",163
"hveem2001",163
"whittington2006",163
"donnelly2012",163
"eiberg2008",163
"lamason2005",163
"soejima2007",163
"stokowski2007",163
"aitken2013",112
"ascough2012",112
"biddle1985",112
"biddle1986",112
"bigsbynd",112
"bonsall2007",112
"bronkramsey2004",112
"cook2001",112
"cook2015",112
"deggnd",112
"fuller2005",112
"hedges2004",112
"phillips2001",112
"phillips2014",112
"richards2002",1192
"russell2015",112
"sawyer1957",112
"szpak2014",112
"taylor1989",112
"dyggve1948",168
"jorgensen2002e",23
"jeppesen1990",168
"glob1970",168
"ibsen2005",246
"junker2003",246
"berlin2003",246
"reichchr1995",246
"gotlands1995",246
"wroblewski1963",246
"iineaa1994",246
"bogucki2011",292
"brather1953",292
"fomin1987",292
"jankowiak2015",292
"kara2009",292
"kiersnowski1961",292
"kilger2006",292
"kmietowicz1994",292
"ostergren2009",292
"petrov2014",292
"rebstock2008",292
"arne1946",202
"brady1999",202
"fennomuyingo1997",202
"hedenstiernajonson2001",202
"hedenstiernajonson2002",202
"holmquistolausson1998",155
"liden1997",202
"lovell1986",70
"peterson1987",202
"richards2001",1193
"richards2006",1194
"soloman1971",202
"trust1992",202
"birka1992",47
"carnapbornheim2007",47
"capitularia1980",47
"ellmers2009",47
"gade1993",47
"geibig1989",47
"grierson1986",47
"hingst1958",47
"hornfuglesang2000",47
"hoven1990",47
"jankuhn1951",47
"jesch1998",47
"kersten1954",47
"kirpichnikov2001",47
"mullerwille2006",47
"nobbel1936",47
"rispling1990",47
"sawyer1987a",47
"schaefer1956",47
"schietzel1980",47
"schild1991",47
"solberg1991",47
"stalsberg2008",47
"steuer1999",201
"steuer2002",155
"wamers1995",47
"carlson2010",143
"poulsen1979",183
"watt1988",239
"reich2003",246
"valujev2005",246
"reich2005",246
"vonzurmuhlen1975",246
"wroblewski2006",263
"adger2013",1195
"appelt2009",1196
"arneborg1997",1197
"arneborg2005",1198
"barnett2015",1199
"bentley2015",1200
"boyd2011",1201
"brace2011",1202
"brody2001",53
"buckland2009",53
"butzer2012",53
"codding2015",53
"crumley1994a",53
"cumming2008",53
"golding2011",53
"golding2015",53
"gullov2004a",53
"halstead1989",53
"hayeursmith2016",53
"hoegsberg2014",53
"howard1993",53
"ingram2008",53
"jesch1989",53
"kendal2011",53
"kennett2015",53
"kopar2009",53
"kuijpers2014",53
"laland2006",53
"laland2011",53
"laland1999",53
"ledger2013",53
"ledger2014",53
"levistrauss1966",1203
"mason2007",53
"mcgovern1991",53
"meaks2005",53
"mehl2017",53
"middleton2017",53
"moltke2015",53
"myhre2004",53
"nedkvitne2014",53
"normandnd",53
"ostergard2011",53
"oye2004",53
"park2005",53
"reinton1960",53
"riede2009",53
"riede2011",53
"roesdahl2016",1204
"rowleyconwy2013",53
"rowleyconwy2011",53
"roussell1941",53
"sandvik2005",53
"scott2008",53
"scott1992",53
"smith2011a",1205
"sveinbjarnardottir1991",53
"svenning2015",53
"terrel2003",53
"thompson2013",53
"zeder2009",53
"zeder2015",53
"zeder2016",53
"wiechmann1996",142
"schulke2005",115
"andersson2015",85
"bjorkvik1970",85
"bjorkvik1972",172
"blochnakkerud1987",85
"brendalsmo2014",85
"brinchmadsen1995",85
"buchwald1999",85
"dorum2004",85
"englund2002",85
"hauge1946",172
"helle1974",172
"hostmadsen1999",85
"imsen1990",85
"imsennd",85
"indrelid2009",85
"jonsbok1904",85
"jakobsen1991",85
"knagenhjelm2008",1206
"krag2000",85
"loftsgarden2015",172
"martens1978",85
"olafsen1916",85
"pleiner2003",85
"ramsey2017",107
"reinton1956",85
"resi1992",85
"rundberget2013",233
"sandnes1977",85
"simonsen2001",85
"steinnes1930",85
"szmoniewski2010",85
"taksdal1973",85
"tveiten2012",233
"oye1977",85
"atkinson1996",175
"billig1995",175
"blindheim1953",175
"diazandreu1996",175
"eikrem2005",175
"eriksen1993",126
"fairclough1992",175
"gellner1983",175
"gjerde2010",175
"gjessing1928",175
"haavardsholm2004",175
"hesjedal2000",175
"hobsbawm1992",175
"hodder1984",175
"hougen1965",175
"harke1998",175
"jahnsen2015",175
"jones1996",175
"kjorup2001",175
"kristiansen1993",175
"laclau2001",175
"martens1960",175
"munch1985",64
"opedal1999",175
"paxton1999",175
"resi2000",201
"ringrose1993",175
"schanche1989",175
"shanks2001",175
"shetelig1910",175
"simonsen1967",175
"skre1991",175
"stenvik1980",175
"storli1991",126
"stylegar2009",175
"sorheim2011",175
"ucko1989",175
"wineburg1991",175
"ostigard2001",175
"of2002",162
"ambrosiani1972",162
"stamnes2010",162
"arnberg1976",162
"brunstedt1996",162
"carlsson1997",162
"conyers2013",293
"dahlin2001",161
"hansson2004",161
"heamagi2006",161
"herschend1995",162
"hermodsson2004",161
"hjulstrom2008",162
"holmquistolausson1987",162
"ingelmansundberg1972",162
"derfruhgeschichtlichen1980",162
"lamm2011",162
"larsson2014",162
"lofterud1970",161
"lohr1979",162
"olausson1921",162
"staecker2009",64
"soderberg2003",162
"trinks2008",161
"trinks2013",162
"viberg2011",162
"wadstein1936",162
"ungernd",162
"devlet2001",134
"london1964",134
"fedorova2001",134
"londonhelmbrecht2011",134
"kommunikationsmedien2001",134
"hoj2005",134
"hoj2011",134
"ostergard2008",134
"kastholm1974",134
"seid2009",134
"archaeologica2005",134
"lundhansen1973",134
"lundhansen1974",134
"lundhansen1979",134
"london2002",134
"eliade1964",265
"vestergaard2014",134
"arwidsson1984",222
"abrams2001",147
"abrams2005",222
"ayers1985",222
"ayers1994",222
"callmer1989",274
"cameron1975",222
"dallas1964",222
"dickinson1991",222
"eilbracht1999",222
"grahamcampbell1985a",222
"grahamcampbell1994",248
"hattatt1987",222
"madsen1987",222
"hinton1974",222
"hinton1975",222
"hinton1978",222
"kirk1927",222
"leahy2003",222
"leahy1997",181
"margeson1982",222
"margeson1996",222
"mason1997",222
"owencrocker2002",222
"paterson2004",222
"richardson1993",222
"rieck1982",1207
"roesdahl1981",1208
"rogerson2006",222
"speed2004",138
"stamper2000",222
"wallis2004",222
"youngs2000",222
"youngs1995",222
"jeppesen2005",162
"mohrchristensen2009",162
"wilken2016",162
"birkas2016",162
"st2008",294
"aqvist2004",294
"axboe1996",294
"st1996",294
"einarsson2008",1209
"ch2004",294
"holmqvist1961a",294
"holmqvist1964",294
"holmqvist1964a",294
"iversen2008",1210
"lindqvist1929",294
"imsen2004",85
"volundarkvida1971",22
"voluspa1971",22
"anderson2007",22
"behrend1970",21
"berggren2006",22
"boyenda",153
"bradley1990",30
"bruck2005",22
"bruck2007",31
"bardseth1998",22
"fowler2001",22
"fredengren2002",22
"fuglesang2002",22
"geisslinger1967",22
"green1998",143
"hauck1981",36
"helgesson1992",22
"herschend2001",1211
"hvid2005",22
"iversen1986",22
"jensen1942",22
"kilfeather2003",22
"kousgardsorensen1968",22
"kousgardsorensen1978",22
"lakoff1999",31
"lethlarsen1984",153
"merleauponty1962",31
"meulengrachtsorensen1995",22
"munksgaard1984",153
"needham2001",22
"nordell1991",22
"phillips2002",22
"rowlands1971",265
"seremetakis1994",22
"stutz2004",1212
"thunmarknylen1989",22
"vandenoort2006",22
"vigfussonnd",22
"warmind2004",22
"wiker2000",21
"zachrisson1962",153
"baatz1976",33
"beresford1987",1213
"bican2014",33
"boethius1931",33
"devries1935",33
"ericsson1992",33
"fuglsang2015",33
"hanson1995",33
"haseloff1942",33
"holtsmark1970",33
"hopetaylor1950",33
"jessen2011",33
"kalmring2014a",33
"kuhn1995",33
"lindqvist1923",33
"middleton2005",33
"mikkelsen1991",33
"nasman2001",33
"oelmann1933",33
"oelmann1940",33
"olesen2015",33
"olsen1967",33
"palm1937",33
"rosborn2004",33
"ruhmann2004",33
"sawyer1986",33
"schafer1977",33
"sundqvist2006",33
"sundqvist2009",33
"terkildsen2014",33
"terkildsen2015",33
"tornbjerg1997",1214
"vikstrand2004",33
"hallstrom1913",161
"holmquist2002",161
"aarts2005",82
"aarts2009",82
"barndon2004",265
"berg1989",82
"berger1996",82
"bertell2003",82
"budd1995",265
"christophersen1992",82
"creighton2000",82
"dant1999",82
"davies1996",82
"fitzpatrick2005",82
"galloway2006",82
"grierson1960",82
"haaland2004",265
"hall1999",248
"haselgrove2005",82
"hedjakobsson1999",82
"herbert1993",265
"hosler1995",82
"houston2000",82
"insoll2007",82
"kemmers2006",82
"klussendorf2007",82
"kok2008",82
"kurke1999",82
"lightfoot1995",82
"makeler2010",82
"marques2007",82
"martin1991",82
"merleauponty1944",82
"miller1998",82
"mithen2008",82
"morris1992",182
"myrberg2010",82
"nash1978",82
"nick2005",82
"oden2009",82
"papadopoulos1999",82
"petersson1948",82
"przybyszewski2007",82
"rathje2001",82
"renfrew2009",82
"rickman1980",82
"seaford2004",82
"small1995",82
"thomsennd",82
"vanarsdell1989",82
"vonreden1995",82
"white1988",82
"wiggwolf2005",82
"zach2005",82
"zanker1987",82
"jane2008",222
"adalsteinsson1999",92
"agustsson1982",92
"birkeli1973",92
"brink2013",92
"byock2005",92
"christie1982",92
"colman1995",92
"deetz1977",92
"didiplomatariumislandicumnd",92
"edwald2012",92
"foucault1977",92
"foucault1982",92
"foucault1988",92
"foucault1994",92
"fridriksson2011",182
"giddens1984",92
"gilchrist2008",92
"gilchrist2012",1215
"gullbekk2012",92
"hall2012",92
"hugason2000",27
"isleifsdottir1997",92
"islendingabok1968",92
"jensen2013",92
"jensenius2001",92
"jonsson2009",92
"jorgensen2004",92
"karlsson2001",92
"karras2003",92
"karras2012",92
"kristjansdottir2012",92
"kristjansdottir2001",92
"lane2001",92
"larusson1980",92
"loren2006",92
"lynn1984",92
"magnusdottir2001",92
"nilsson1994",92
"nordeide2013",92
"prescott2011",92
"jones2003",92
"runarsdottir2006",92
"russell2005",92
"salonen2013",92
"sigurdsson2008",10
"sigurdsson2011",248
"slupeki2007",92
"spivak1988",92
"stefansson2000",92
"soland2000",92
"young2009",63
"zoega2002",92
"zoega2012",92
"zoega2010",92
"clarke2004",38
"sorensen1981",22
"almgren1901",155
"ambrosiani1991",161
"ambrosiani1973",161
"anspach2010",1216
"beskowsjoberg1996",155
"brucemitford1967",155
"delaet1956",155
"ellmers1995",1217
"falk1912",155
"graslund2003",155
"hedeagerkrag2004",155
"holgersson2001",155
"jonssonnd",155
"kalmring2015",155
"karlsson2011",155
"kidd1988",155
"sjovold1957",155
"westphalen2002",48
"bianchi2010",24
"enoksen1999",24
"fuglesang1981",24
"fuglesang2005",24
"gadamer1960",24
"gilchrist2013",4
"jacobsen1941",24
"knutzen2005",24
"knutzen2007",24
"kohring2014",24
"lager2003",276
"ljung2016",108
"malafouris2013",24
"merleauponty1994",82
"moser1998",24
"moser2005",24
"olick1999",24
"olsen1941",164
"petursdottir2012",24
"robb2009",24
"shaw2013",24
"smestad1988",24
"steinsland2014",24
"stromback1969",164
"tarlow2012",24
"thorn2002",24
"oebynielsen2005",24
"ambrosiani1982",161
"arwidsson1984a",1218
"bengtzon2000",161
"blomqvist2009",161
"bolin2008",161
"back2010",161
"voncarnapbornheim2011",161
"conolly2006",161
"dahlin1999",161
"odelberg1974",161
"olausson2012",161
"persson2002",161
"rijksmuseumvanoudheden2010",161
"rosen2002",161
"price1990",161
"stavrum1996",161
"trinks2010",243
"wiklund2009",161
"wahlander1997",161
"kovalenko2007",244
"kovalenko2008",244
"kovalenko2003",244
"arbman2003",244
"arne1931",244
"blifeld1977",295
"budur2007",244
"bulgakova1999",244
"camer1968",244
"cherrman1986",244
"devidson2008",244
"gurevic1966",244
"gurevic1999",244
"herrman1982",244
"kirpicnikov1986",244
"kovalenko1988",244
"kovalenko1994",244
"kovalenko1996",244
"kovalenko1999",244
"kovalenko2000",244
"kovalenko2001",244
"kovalenko2002",244
"kovalenko2005",244
"kovalenko2009",244
"kulakov1990",244
"kulakov1994",263
"lebedev1965",244
"lovmjanskij1985",244
"melnikova1994",244
"mocja2001",244
"musset1971",244
"puskina1972",244
"scavelev2007",244
"scavelev2009",244
"sinakov2002",244
"smolicev1931",244
"veremejcik2007",244
"zocenko1996",244
"axelsen2014",155
"thunmarknylen2000",155
"wisehn1999",155
"stalberg2000",243
"ashmore2003",148
"backlund2001",148
"barnes2006",148
"barrett2005",148
"bradley1987",1219
"card2005",148
"charleson1905",148
"fanning1983",148
"firth1986",148
"gammeltoft2006",148
"garrow2005",148
"gibbon2008",148
"griiths2006",148
"griiths2011",148
"hedges1983",148
"hermann1978",148
"hunter1986",148
"hunter2003",148
"jesch2005",148
"laughlin1974",148
"leonard2010",148
"lucy2002",148
"maher2009",148
"marwick1952",148
"marwick1970",148
"milner2007",70
"morris1989",148
"nicolaisen1976",148
"renfrew1979",148
"ritchie1995",148
"robertson1991",148
"sandnes2010",148
"semple2007",148
"simon1987",148
"simpson1997",148
"wallacend",148
"wickhamjones2001",148
"williams2009",148
"biddle1991",151
"flanagan1999",151
"elder2007",151
"kelly1956",151
"kelly1961",151
"corrain1996",151
"channing1996",151
"wallace1967",151
"afm1908",151
"fellowsjensen1991",151
"mahr1929",151
"mckeown1956",151
"floinn1998",151
"hayden1998",151
"simpson2008",151
"lantmateriet2009",161
"ameziane2004",134
"arwillnordbladh2001",134
"hansson2012",134
"peter2015",1220
"solberg1984",134
"backdanielsson2015a",26
"riisoy2015",134
"wulffandersen1995",134
"homson1995",148
"homson2001",148
"akin1999",142
"blackburn1997",142
"bogucki2007",142
"chesterkadwell2009",142
"frier2007",142
"kilger2011",142
"kroll2008",142
"kruse1988",1221
"kruse1992",142
"kuroda2008",142
"metcalf1985",142
"naismith2005",142
"pedersen2007",201
"pirie1986",142
"feveile1995",151
"bill2006",151
"sloane2011",151
"halpin2001",151
"kelly2004",151
"kelly2010",151
"lynch2001",151
"alstrom1993",189
"andersson1983",189
"arrhenius1982",189
"beronius2011",189
"beronius2013",189
"ekman2000",189
"frolund2010",189
"frolund2013",189
"frolund2011",189
"goldina2003",189
"gothberg2014",189
"hansson2001",189
"kazanski2007",189
"lindqvist1945",189
"lindqvist1949",189
"ljungkvist2013",124
"loven2010",189
"lucas2013",189
"lundahl2012",189
"nordahl1993",189
"olausson1966",189
"runer2006",189
"trinks2011",189
"vikstrand2013",189
"aberg1947",189
"leslie1908",151
"simpson2015",151
"hogan1910",151
"hilberg2011",48
"aberg1998",1222
"ambrose1991",1223
"ambrose1987",1224
"arneborg1999c",1225
"barrett1995",1226
"bell2009",1227
"bell2010",1228
"bendrey2009",1229
"bentley2005",1230
"bentley2002",138
"bowen2002",1231
"geologicalsurvey2010",1232
"bryant1996",1233
"budd2000",1234
"budd2003",1235
"burke1982",1236
"burton1996",1237
"burton1990",1238
"burton2000",1239
"burton1995",1240
"burton2003",1241
"calvin1962",1242
"cameron2007",1243
"carr1962",1244
"chisholm1982",1245
"clayton1963",1246
"coltrain2009",1247
"coplen1994",1248
"coplen1983",1249
"craig1961",1250
"daly2010",1251
"darbyshire1985",1252
"deniro1978",1253
"deniro1981",1254
"dickin1997",1255
"drury1973",1256
"dupras2007",1257
"dupras2001",1258
"eckhardt2009",1259
"elias1980",1260
"ezzo1994",1261
"ezzo1995",1262
"fuller2006",1263
"gallet1998",207
"gonfiantini2001",207
"halpin1993",207
"hatch1966",207
"hatch1967",207
"herring1998",207
"hobson2004",207
"holm2000",207
"hurley2010",1264
"iacumin1996",207
"jim2004",207
"kellner2007",207
"knudson2009",207
"koch1997",207
"kortshack1965",207
"lang1988",207
"leach2009",138
"leach2010",207
"leethorp1991",207
"linderholm2011",207
"luz1985",149
"luz1984",149
"muller2003",157
"mcarthur2001",207
"mccabe2007",207
"mccormick1982",207
"minagawa1984",207
"muldner2011",1265
"negrel2003",1266
"nehlich2009",1267
"obrien1998",207
"oconnor1988",207
"odonnabhain2010",207
"odonnabhain2011",207
"odonnabhain2001",207
"oconnor1982",207
"price1985",207
"price1986",207
"ranson1960",207
"read1934",207
"schoeninger1978",207
"schoeninger1979",207
"schoeninger1983",207
"schurr1998",207
"schutkowski1999",207
"sexton1998",207
"shaw2009",207
"shaw2010",207
"sikora2010",207
"sikora2011",207
"sillen1989",207
"sillen1991",207
"sykes2006",207
"tieszen1992",207
"veizer1989",132
"wallace2006",258
"wallace1994",207
"whipkey2000",207
"white2000",207
"wilson1977",207
"wolfe2001",207
"wright2005",207
"wright1998",207
"karkanas2010",97
"macphail2005",193
"carter1998",193
"axboe1986",157
"broholm1940",157
"danielsson2007",10
"danielsson2010",157
"hauck1978",1268
"holmqvist1960",157
"iversen1991a",199
"lamm2004a",157
"mannering2004",157
"mannering2006",157
"mannering2008",157
"mellend",157
"nasstrom1998",157
"nasstrom2009",157
"owencrocker2010",157
"simek2002",157
"stamsomunch2003",157
"watt1999",1269
"watt2001",157
"olausson2014a",189
"klaesoe2010",248
"capelli2003",287
"chinnery2006",248
"brochmann2008",248
"benedictow2004",107
"russ2013",248
"malmstrom2007",248
"salamon2005",248
"binladen2007",248
"behar2007",248
"prieto2011",248
"core2011",248
"helgason2007",70
"anderson1981",248
"andrews1999",70
"venables2002",248
"pfeiffer1999",248
"meinila2001",248
"cardoso2011",248
"dupuy1996",248
"richard2007",248
"tambets2004",248
"metspalu2006",248
"melchior2010",248
"dissing2007",70
"torroni1996",248
"zachrisson2008",248
"derenko2007",248
"schonberg2011",248
"brink1999",183
"brink2000",1270
"brink2004d",28
"dent1984",21
"dinzelbacher1984",21
"frandsen1999",21
"hines1989",21
"hoff1997",276
"jahnkuhn1951",21
"jerichow1997",21
"john1991",21
"lager2001",21
"liestol1972",21
"lonaas2004",21
"richards1990",21
"rudebeck2002",21
"steinsland1995",21
"stidsing1999",21
"wilke1999",21
"ostmo2005",21
"hultkrantz1991",15
"lund2001",15
"lenntorp2002",15
"nasman1998",1271
"nordberg2003",206
"grammaticus1924",15
"sundqvist2004",15
"vierck1979",13
"vifot1936",38
"ljungkvist2015c",1272
"hedenstiernajonson2009",1273
"nmd1919",21
"habbe2004",21
"gjellerup1973",21
"tilley1993",21
"bonnier1994",21
"caillet1985",21
"collinder1972",21
"hansen1992",21
"fabech1989",21
"john1987",21
"larsson1976",21
"ljungkvist2004a",21
"musset1992",1274
"nasstrom1997",21
"olsen2002",83
"ravn1999",21
"ritchie1993",21
"stiesdal1952",21
"lind2004",1275
"mortensen1979",15
"zeitler1979",15
"braadmoen2013",248
"ahrland2013",188
"aronsson1994",188
"bell2012",188
"emanuelsson2003",235
"george2009",188
"grimm2013",188
"harding1992",188
"harding1997",188
"jennbert2000",188
"karlsson2010",188
"lagerstedt2004",188
"liedgren1992",188
"lindholm2013",235
"magnell2013",188
"myrstad1996",188
"nyren2012",188
"petre1980",188
"ramqvist2007",38
"ramqvist1993",188
"risbol2011",235
"serning1962",188
"sleepersmith2009",188
"stene2011",91
"storli1993",188
"sundstrom1987",188
"svensson1998",188
"zachrisson2010",108
"zachrisson1974",188
"ambrose1990",70
"ambrose1997a",132
"andersen1960",31
"bandelt2006",70
"barrett1999",1276
"barrett2000b",70
"bocherens2003",70
"brinkmann1999",70
"deniro1985",70
"eriksson2013",70
"hagelberg1991",70
"hemmendorff1984",70
"holck1997",70
"holck1983",70
"mikkelsen2010",70
"nei1987",70
"opdal1998",70
"paabo1989",70
"ramskou1965",70
"richards1995",70
"rosvold2010",70
"rudbeck2005",70
"sandmo1985",70
"sandmo1984",70
"topf2006",70
"zachrisson2003",16
"cardon2001",287
"marchini2004",287
"bodmer2008",287
"cavallisforza1994",287
"quintanamurci1999",287
"conrad2006",287
"botigue2013",287
"ralph2013",287
"hellenthal2008",287
"odushlaine2010",287
"winney2012",287
"lawson2012",287
"alexander2009",287
"pirinen2013",287
"wilson2001",287
"wells2001",287
"pritchard2000",287
"bodmer1980",287
"howie2009",287
"wright1943",287
"rousset2004",287
"lawson1995",287
"bhatia2013",287
"pritchard2001",287
"moorjani2011",287
"falush2003",287
"aikas2009",1277
"aikas2013",1278
"backman1975",238
"berggren2010",1279
"bergman2008",188
"brightman2012",23
"chapman2000",126
"clavir2002",1280
"descola1992",23
"descola2013",23
"dubois1999",111
"edvinger2006",1281
"hallstrom1932",23
"helanderrenvall2010",23
"hultkrantz1994",23
"humphrey1994",23
"hutton2001",23
"jernsletten2006",23
"jordan2003",23
"levy1982",30
"lund2011",262
"makarov1991",126
"manker1938",23
"manker1950",23
"manker1957",238
"mauss1924",30
"melheim1999",30
"mulk1996",126
"mundal1996",23
"nergard2003",23
"okkonen2007",23
"orsneschristensen1956",23
"parpola2004",23
"rindstad1997",23
"rostad2012",137
"serning1957",23
"sommerseth2009",8
"svestad2011",23
"viveirosdecastro1998",23
"wallerstrom1995",213
"willerslev2007",23
"zachrisson1992",23
"havamal1971",31
"skaldskaparmal1931",31
"andersen1977a",31
"binski1996",31
"borsheim2002",114
"bourdieu1996",31
"boyendb",31
"bynum1991",31
"februar1977",31
"cinthio1980",31
"cinthio2002",31
"eide1973",31
"fett1961",31
"fowler2011",31
"fredriksen2006",31
"gilchrist2005",27
"hadley2009",31
"hadley2011",1282
"harby1994",31
"holloway2010",27
"hougen1935",31
"jeppesen1995a",31
"kiefferolsen1993",27
"kristoffersen2008",26
"larsson2002",31
"lund2003e",31
"martensson1981",31
"s1992",31
"nordeide2007",31
"rebaysalisbury2010",31
"reynolds2011",143
"schulke1999",10
"serning1982",31
"shetelig1912",111
"thompson2004",31
"wagnkilde2000",239
"wagnkilde2001",239
"swedishspeciesinformationcentre2014",188
"adalsteinsson1997",203
"bloch1992",203
"bruun1909",203
"bruun1910",203
"bruun1911",203
"buckert1983",203
"byock1982",203
"deheusch1985",203
"detienne1989",203
"dillmann1997",203
"fridriksson2004",229
"gestsdottir2005",203
"girard1979",203
"hamertonkelly1987",203
"hildebrandt1989",35
"hubertnd",203
"jam1943",203
"jones1984",138
"lucas2006",203
"miller1998a",203
"miller1990",1283
"monsen2004",203
"nasstrom1996",35
"nobis1962",203
"nordahl1988",247
"olsen1965",203
"peel1999",203
"roberts2001",50
"robertsonnd",203
"roesdahl1989",124
"roussell1937",203
"steinsland2003",2
"thomas2005",145
"turner1969",238
"vangiffen1963",203
"vondendriesch1976",203
"gudmundsdottir2015",36
"ahlberg1978",1284
"akerstromhougen1981",1285
"althaus1993",36
"andersson1968",36
"andreeff2014",36
"andren2012a",36
"bailey1996",36
"bailey2000",36
"bailey1988",36
"beck1964",36
"bergmann1941",1286
"blindheim1972",36
"bohner1976",36
"bottgerniedenzu1988",1287
"calverleynd",36
"cumont1942",36
"devries1933",36
"diazguardamino2015",1288
"egeler2015",36
"ellisdavidson1950",36
"ellisdavidson1969",36
"ellisdavidson1988",36
"ellmers1973",1289
"ellmers1981",36
"ellmers1986",36
"eshleman1983",36
"faulkes2005",1290
"fingerlin2010",36
"fuglesang2004",36
"graus1977",36
"guber2011",36
"hauck1954",36
"hauck1957",36
"hauck1980",36
"hauck1983",36
"hauck1994",36
"heinzle2010",36
"holmqvist1939",36
"holmqvist1952",36
"hyenstrand1989",36
"kopar2012",36
"kreutzer1989",1291
"lang1983",36
"lehnen1997",1292
"lindqvist1956",1293
"lindqvist1962",36
"malzbender2001",1294
"earl2010",1295
"margeson1980",36
"marold1972",1296
"mundal1998",36
"neckel1983",1297
"nedoma1988",36
"nordin1903",1298
"north2001",36
"nylen1960",1299
"nylen2003",36
"oehrl2006",36
"oehrl2010",1300
"oehrl2011",1301
"oehrl2012",36
"oehrl2013",1302
"oehrl2014",36
"oehrl2015",36
"oehrl2016",36
"olrik1922",36
"quast2009",138
"reichert2003",36
"reitzenstein1924",36
"remondino2014",1303
"samson2011",1304
"schreiner2000",36
"schreiner2004",36
"vonsee1981",36
"vonsee2009",36
"shetelig1933",36
"simonsson2012",1305
"speidel2004",1306
"stephensnd",1307
"strom1956",36
"swanstrom2010",1308
"vierck2002",1309
"weber1973",1310
"widerstrom2012",1311
"wilson1998",36
"zimmermann2012",1312
"petursdottir2007",10
"tonning2003",10
"aannestad2017",10
"blindheim1963",265
"butler1990",1313
"crenshaw1989",10
"danielsson2012",10
"ekengren2004",10
"fahlander2012",10
"fossum1996",91
"gilchrist1999",10
"glorstad2009",10
"gollwitzer1997",10
"magusnd",10
"pantman2014",1314
"pedersen2011",1315
"petursdottir2009",68
"prescott1998",10
"samdal2005",10
"svensson2003",10
"thedeen2012",10
"villa2011",10
"gothberg2006",297
"gothberg2007",297
"fagerlund2005",297
"gothberg2008",297
"alstrom1996",297
"anund1997",297
"berggren1991",297
"elgh1994",297
"frolund2005",297
"frolund2000",297
"hedlund1992",297
"ljungkvist2000",297
"mattsgarden2000",297
"rahmqvist1986",297
"stromback1971",297
"eckmann2004",297
"deweirdt2011",297
"marx2011",297
"skvorzov2011",297
"tilley1999",30
"blindheim1962",153
"crusden1965",153
"eddadigte1971",153
"egebjerghansen1989",153
"engberg1995",153
"mitchell1977",153
"grieg1920",153
"holmolsen1975",153
"jansson1995",153
"johansson1992",153
"kyhlberg1975",153
"lagersted1999",153
"lampe1993",153
"leahy1995",153
"meulengrachtsorensen1991",200
"motz1983",265
"needham1967",153
"ofloinn1994",153
"ramskou1964",153
"schjodt1994",265
"aldritt2003",247
"allison1997",77
"arnold1999",77
"batey1993",74
"batey2003",77
"beuermann2011",77
"bjorkanbukkemoen2017",77
"bond2007",77
"crawford1983",77
"crawford2013",77
"crossleyholland1982",77
"cussans2010",77
"cussans2015",77
"dietler2001",247
"fraser2009",77
"greenacre2007",77
"griffiths2009",77
"gudmundsson1993",77
"halstead2012",77
"harland2006",77
"harland2012",1316
"hastorf2017",77
"hayden2001",247
"hedeager2012a",158
"hermannson2011",77
"jervis2018",77
"jinenez2011",77
"jones2018",77
"madgwick2015",77
"mainland2016",77
"mainland2003",77
"mccormick2002",77
"mccormick2014",77
"mcgovern2010",77
"montgomery2017",77
"morris1996",77
"mulville1999",77
"nicholson2010",77
"noble2013",77
"noddle1997",77
"noddle1977",77
"oconnor2010",77
"oram2015",77
"palsson1978",1317
"pollock2012",77
"rackham1996",77
"rowleyconwy1983",77
"rowleyconwy2018",77
"seller1986",77
"serjeantson2007",77
"sharples1998",77
"sykes2010",8
"terbraak2002",77
"woolgar2016",77
"backhouse1984",30
"barrettnd",30
"cohen2003",30
"drachmann1967",30
"gansum2002",30
"hodges1905",30
"idsoe2004",30
"ilkjaer2003",30
"lund2007",30
"morris1983",143
"murphy1992",30
"mullernda",30
"nasstrom1944",30
"osborne2004",30
"osullivan2000",30
"owencrocker1919",30
"petts2003",30
"sanmark2010",214
"semple1998",143
"simek1983",30
"swanton1974",30
"welinder1992",30
"wellendorf2006",30
"wilson1964",30
"magnus2010",10
"svenberg1984",35
"berg1986",35
"blumenschine1996",35
"boessneck1964",35
"bronkramsey2005",35
"brown1960",35
"carter2007",35
"dahlander1916",35
"ekman1973",35
"ekman1974",35
"ekman1984",35
"fagerborg1986",35
"graslund1996",35
"hemmendorff2010",35
"holm2006",35
"holmgren1985",35
"hultcrantz1996",35
"insulander1956",35
"iregren1997",35
"jakobsson1997",35
"lauwerier1983",35
"lemel1999",35
"lindeblad1997",35
"lyman1994",35
"magnell2004",35
"magnell2006",35
"nathorstnd",35
"nordberg2006",35
"nordenram2001",35
"nasstrom1988",35
"paulssonholmberg1997",35
"payne1985",35
"richter1982",35
"rossdale1996",35
"rudebeck2010",35
"sandegren1997",35
"sjodin1980",35
"thilderqvist2005",35
"vikstrand1993",35
"wallin1990",35
"welinder2003",35
"welinder2008",35
"zeder2010",35
"karnell2012",1318
"bailey2003",1319
"capelle2003",205
"romersdal1961",204
"nasman1942",204
"schnittger1912",204
"brondsted1942",204
"axboe2007",204
"corsten1991",204
"fuglesang2006",204
"nordeide1948",204
"ringstad1988",204
"staecker1990",204
"stoklund2001",204
"strom1984",204
"wamers1997",200
"mainz1997",204
"westlund1989",204
"zeiten2002",204
"zemitis1997",204
"haugbui1924",1320
"islendingadrapa1973",1321
"andrea2010",276
"beck1978",23
"brown1981",182
"decastro2015",23
"descola2010",23
"drachmann1969",23
"fowler2013",23
"gansum1999",23
"geary1979",23
"geary1986",23
"harris1985",23
"hastrup2013",23
"vigfussonnda",23
"weismantel2015",23
"rigsthula1960",1322
"bekpedersen1943",1323
"agnarsdottir1983",1324
"bartram1991",1325
"berson2002",1326
"birch2009",1327
"buckland1985",195
"byock2004",1328
"christensen1990",1329
"deal1985",1330
"deboer1979",1331
"donat1980",1332
"edvardsson2003",1333
"einarsson1992",1334
"eldjarn1949",1335
"eldjarn1961",1336
"eldjarn1974",1337
"erlingssonnd",1338
"evans1967",195
"foote1977",1339
"fridriksson1997",1340
"gifford1980",1341
"gudrun2008",1342
"gronvold1980",195
"gronlie2006",1343
"gudmundssonnd",1344
"hayden1983",1345
"hermannsaudardottir1989",133
"hinz1989",133
"hoffmann1964",218
"iceland1985",133
"ingimundarson1992",133
"jones1944",133
"kobylinski1997",133
"kuna2005",133
"lamotta1999",195
"lange1972",195
"meier1984",133
"milek2010",133
"milek2011a",133
"milek1997",133
"murphy1986",195
"murray1980",133
"nelson1999",133
"nelson1996",195
"oconnell1987",133
"okelly1954",133
"olafsdottir1974",133
"olafsson1992",133
"olafsson1998",133
"olafsson2001",133
"page1995",263
"stead1982",195
"stein1989",133
"stevenson1982",195
"takacs1968",133
"taylor1956",133
"tesch1993",133
"thorlaksson2000",133
"urbanczyk1997",133
"urbanczyk2002",133
"urbanczyk2001",133
"urbanczyk2003",133
"urbanczyk2006",133
"pierce1998",195
"rafnsson1977",133
"reimer2009",133
"roberts1943",133
"shetelig1937",195
"sigurgeirsson2008",229
"simms1988",133
"snaesdottir1992",133
"hammarberg1985",204
"thrane1973",121
"samdal2000",204
"moesgaard2004",204
"steinsland1990",204
"artelius2000",4
"artelius1994",4
"bordo2008",4
"bourdieu1999",4
"broome2015",4
"hedeager2014",4
"jansson2005",4
"leach1958",4
"rydh1919",4
"rydh1936",137
"salin1959",4
"skoglund2005",4
"solberg1993",4
"sten2001",4
"vretemark1983",4
"wallacehadrill1962",4
"wehlin2013",4
"baron2014",1346
"baron2006",98
"baron2009",98
"beagrie1989",98
"bielicki1991",98
"billstrom1990",98
"bjorlykke1982",98
"bjorlykke1990",98
"bjorlykke1993",98
"blanchard2001",98
"bode2008",98
"bode2009",98
"boni2000",98
"brooks2004",98
"capelle1976",98
"chen2012",98
"chernyshev2008",98
"chugayev2010",98
"chugayev2013",98
"duralimuller2005",98
"gale1992",98
"guenettebeck2009",98
"guy1981",98
"homer1991",98
"hohndorf1986",98
"johansson1983",98
"johansson1984",98
"johansson1985",98
"karakaya1988",98
"kirnbauer2012",98
"kramers1997",98
"leveque1993",98
"loveluck1998",98
"merkel2015",98
"mirnejad2011",98
"nilsen1991",98
"nriagu1983",98
"penhallurick1986",98
"petersen1995",98
"pollard2008",98
"rohl1996",98
"rohl1998",98
"sayre2001",98
"shepherd1993",98
"sjastad2011",98
"stacey1975",50
"stosgale2004",98
"stosgale1997",98
"sundblad1994",98
"tereygeol2005",98
"timberlake2005",98
"trincherini2009",98
"tylecote1992",98
"villa2009",98
"wedepohl1978",98
"kershaw1990",147
"hadley2008",158
"alexander1987",147
"carter1969",147
"mckinley2000",147
"budd1999",147
"benedictow1992",298
"brothwell1998",298
"crumlinpedersen1992",298
"bacco2006",298
"dunnell1999",298
"dyke1984",298
"gad1984",298
"geist1978",298
"halstead1989a",298
"janssen2003",298
"jones1986",220
"keller1984",298
"premo2010",298
"thorarinsson1961",298
"weiss1976",298
"abels1988",1347
"geller2005",147
"campbell2001",147
"rollason2000",147
"blackburn2005",50
"mckinley2003",147
"avery1990",97
"babel1975",97
"barrat1964",97
"bell1996",97
"bell2000",97
"biddulph2012",97
"boorman2002",97
"breuningmadsen2001",97
"breuningmadsen2003",97
"catt1986",97
"courty2001",97
"crowther1996",97
"cruise2000",97
"engelmark1993",97
"engelmark2008",97
"holden1994",97
"kelley2010",97
"kooistra1978",97
"linderholm2007",97
"linderholm2013",97
"macphail2000",97
"macphail2009",97
"macphail2012",97
"macphail1998",97
"niblett1999",97
"reineck1986",97
"rentzel1999",97
"rosenqvist1958",97
"stoops2010",97
"thirly2006",97
"veneman1984",97
"viklund2013",97
"wilkinson2012",97
"ipccrkpachauri2014",75
"reckin2013",75
"dixon2014",75
"lee2017",75
"farbregd2009",75
"callanan2016",75
"finstad2008",75
"vedeler2013",75
"hafner2015",75
"kelly2013",75
"fehrenschmitz2014",75
"hare2012",75
"haas2017",75
"barbier2011",75
"orengo2013",75
"hjelle2015",75
"indrelid2011",75
"pluskowski2013",75
"indrelid2015",75
"beijersbergen2017",75
"vorren1998",75
"stene2015",75
"benn2010",75
"odegard2017",75
"young2012",75
"helama2012",75
"linderholm2010",75
"matthews2008",75
"bevanger2004",75
"kullman1994",75
"williams2012",75
"armit2014",75
"mann2015",75
"callanan2013",107
"callanan2015",75
"arjava2005",75
"buntgen2017",75
"nesje2009",75
"villumsen2016",75
"hoeg2014",75
"howardjohnston1998",75
"barrett2016",75
"barth1983",75
"walloe2010",75
"majchczack2014",271
"berger1970",271
"hatz2001",271
"bantelmann1967",271
"braren1935",271
"kersten1958",271
"segschneider2009",1348
"majchczack1967",271
"beseler1982",271
"erdmann2001",271
"jons2014",271
"laur1959",271
"segschneider2004",271
"stilke2001",271
"stumpel2009",271
"wunderlich2013",271
"jakobsson1992",46
"wilson1996",261
"anttonen1992",238
"baudou1993",238
"baylisssmith1998",238
"bergman1995",238
"bradley1997",238
"douglas1966",238
"fellman1906",238
"gennep1909",238
"harrison1903",238
"helskog1999",238
"hultkrantz1978",238
"insoll2004",238
"jordan2001",238
"kleppe2006",238
"laestadius2002",238
"lahelma2005",238
"mebius1968",238
"baylisssmith2001",238
"napolskikh1992",238
"nordbladh1980",238
"pettersson1957",238
"ramqvist2002",238
"rank1955",238
"rydving1993",238
"sammallahti1982",238
"schanche1995",238
"solem1933",238
"taavitsainen2003",238
"terebikhin1993",238
"tilley1991",238
"trubshaw1995",238
"turner1978",238
"uibopuu1988",238
"wiik2000",238
"vorren1978",238
"gojda1991",133
"jezek2002",133
"ruttkay2002",133
"takacs2002",133
"magnusson1973",92
"edvardsson2007",133
"oye1988",218
"stenberger1979a",133
"giffordgonzalez1985",133
"stead1981",195
"karras1988",182
"jochens1995d",34
"gudmundsson2009a",133
"skjelsvik1958",97
"schindler1956",271
"amundsen2004",195
"arnalds1995",195
"canti1999",195
"canti2003",116
"carr1984",195
"hakbijl2002",195
"hreidarsdottir2005",195
"johnson1974",195
"malinskybuller2011",195
"matthews1997",116
"mehler2002",195
"misarti2011",195
"roberts2003",1349
"rolfsen1980",195
"sampietro2005",195
"shahackgross2005",195
"shahackgross2008",195
"shillito2011",195
"smith2001",63
"snaesdottir2003",195
"stein1983",195
"stockton1973",195
"sullivan2004",195
"tani1995",195
"terry2004",195
"tinsley2002",195
"vizcaino1999",195
"vyncke2011",195
"wandsnider1996",195
"wilk1979",195
"zielinski1997",224
"ingold2012",11
"stoodley1999",1350
"andersson2008f",68
"back2008",68
"frioriksson2013",68
"gunnell1995",37
"gunnell2004",68
"gunnell2008",68
"harris2000",68
"hallansstenholm2010",68
"lihammer2012",68
"pentz2013",68
"philipotts1920",68
"roberts2009",68
"sjosvard1989",68
"svensson2010",68
"vikstrand2010",68
"wessman2010",26
"wessen2002",253
"blomkvist1999",253
"brink2005",38
"caldwell2003",253
"lerbom1915",253
"nyberg1976",253
"olsson1984",253
"ortved1933",253
"rafnsson1974",253
"rosen1949",253
"ruthstrom1988",253
"ronnby1995",253
"schmidtwiegand1967",253
"schmidtwiegand1989",253
"steffen1943",27
"yrwing1940",253
"ostergren1992",253
"yrwing1951",253
"yrwing1978",253
"lindroth1915",253
"vangennep1909a",238
"buckley2004",74
"armit1996",74
"gammeltoft2004",74
"hall2008",74
"jay2013",74
"jennings2005",74
"capo1994",74
"chiaradia2003",74
"dangela1990",74
"diefendorf2005",74
"evans2009",74
"fronval1995",74
"keefe2007",74
"montgomery2002",74
"parkerpearson2005",74
"puceat2010",74
"raiber2009",74
"sanchezchillon1994",74
"sellevold1999",74
"simpson2010a",74
"stephan2000",74
"toolis2008",74
"trickett2003",74
"vanrensburg1986",74
"warham2012",74
"woolf2005",74
"pricenda",1351
"bagge1998",300
"chenery2012",149
"harrison2003",300
"johansen1986",300
"reed1998",300
"sellevold1991",300
"sellevold1996",300
"sellevold2001",27
"sullivan1981",300
"tauber1981",300
"vandermerwe1978",300
"balodis1940",280
"bogucki2006",280
"brundage1991",280
"christoffersen1996",280
"crumlinpedersen1989",280
"crumlinpedersen1996",280
"crumlinpedersen1998",280
"ehrensvard1991",280
"filipowiak1998",280
"griciuviene2005",280
"haak2004",280
"kiaupa2000",280
"kochkurkina1961",280
"lang1996",280
"lang2004",280
"lehtosalohilander1984",280
"limbo2004",280
"lougas1994",280
"magi2002",280
"magi2004",280
"magi2005",280
"magi2007",280
"magi2009",280
"magi2013",280
"petrenko1995",280
"radins2006",280
"rebkowski1998",280
"sedov1974",280
"shepherd1999",280
"sindbaek2003",280
"vijups1997",280
"spingis2008",280
"tvauri1998",280
"vaitkunskiene1995",280
"vasks2008",280
"vassar1939",280
"vassar1975",280
"welinder2009",280
"zarina2006",280
"gramsch2007",301
"zachrisson1989",301
"kopytoff1996",1
"kristiansen1974",301
"pfisterer2008",301
"aberg1990",18
"ambrosiani2005",18
"ambrosiani2016",18
"backstrom2016",18
"blauer2013",18
"burgman1987",18
"fennomuyingo2000",18
"gustin2016",18
"harvig2014",18
"kaislaniem2011",18
"lama2015",18
"leciejewicz1956",18
"lightfoot2016",18
"nironen1997",18
"pellegrini2016",18
"stolpendc",18
"tuross2017",18
"weihed2005",18
"wilhelmson2017",18
"yurtsever1980",18
"nepomniashchii2012",279
"gaidukov1994",279
"kuzmin1997",279
"kuzmin2015",279
"stanislawski2000",239
"britishgeologicalsurvey2001",74
"raudonikas1930",279
"ravdonikas1924",279
"plokhov1996",279
"sturluson2011",263
"ynglingatal2011",263
"anbrosiani2007",263
"banyterowell2005",263
"bliujiene2008",263
"blomkvist2005",1352
"bertasius2006",263
"bonnellnd",263
"creutz2003",263
"deemant1977",263
"ehrensvird1991",263
"filipowiak1983",263
"gurevitch1970",263
"argang2000",263
"johansen1939",263
"khvoshchinskaya2004",263
"lamm2009",263
"ligi1968",263
"ligi1995",263
"baltica2007",263
"magilougas1993",263
"melnikova2007",263
"melnikova1990",263
"mickevicius1994",263
"mugurevies1994",263
"nosoy2001",263
"nosov2005",263
"nosov2006",263
"opik1970",263
"radin1998",263
"selart2002",263
"selirand1974",263
"sindbek2003",263
"spirgis2008",263
"stubavs1966",263
"sne1997",263
"tamla1977",263
"tarvel1975",263
"tonisson1974",263
"valtonen2007",263
"zabiela2008",263
"zemitis2007",263
"zulkus1991",263
"boyd1985",239
"boyd2005",239
"silliman2001",239
"barrett2002",239
"marshall2002",239
"watt1985",132
"naum2005",239
"kockakrenz1993",239
"bergatzky1989",239
"tvauri2001",263
"amundsen1996",83
"auestad1992",83
"balascio2011",83
"binns1978",83
"bratrein1983",83
"bratrein1991",83
"bratrein1995",83
"bruun2007",83
"evjen2008",83
"gjessing1973",83
"grimm1999",83
"grimm2002",83
"grimm2006",83
"grydeland2001",83
"guttormsen2005",83
"henriksen1996",83
"hesjedal1996",83
"hinsch1960",83
"hodder1979",83
"holand1989",83
"johansen2002",83
"johansen1982",83
"johansen1990",83
"johansen1978",83
"mathiesen1978",83
"myhre1978",83
"myhre1985",83
"nilsen1998",83
"nilsen1995",83
"odner1985",83
"olsen1998",83
"olsen2001",83
"rolfsen1974",83
"rolfsen1990",83
"said1993",83
"schanche1992",83
"simonsen1980",83
"sobstad1980",83
"spivak1987",83
"spivak1990",83
"storli1985",83
"vorren1985",83
"wickler2005",83
"wik1985",83
"vanderleeuw1989",239
"c2006b",143
"arbman1969",186
"blair1994",143
"brink2001",143
"cameron1988",143
"carver1988",143
"carver2001",200
"carver2002",111
"cooper1993",143
"dubois2006",143
"effros2003",143
"everson2011",143
"fabech1994",143
"fell1956",143
"geake1997",1353
"grahamcampbell2009",143
"griffiths1991",71
"gurney1986",143
"hall1989",143
"halsall1989",143
"hayward2011",143
"heide2011",143
"heide2014",143
"hoggett2007",182
"ilkjaer2002",64
"jankuhn1955",143
"karras1990",1354
"knapp1999",143
"larrington1996a",5
"mcleod2013",143
"raffield2013a",71
"hagland2005",143
"randsborg1999",143
"sanmark2009",214
"scarre2002",143
"scragg1991",143
"semple2010",214
"sheppard1939",143
"museum2012",143
"harkell2011",143
"thurston2002",1355
"tilley2006",1356
"webster1983",143
"yorke1990",143
"pedersennda",1357
"armbruster2004",137
"bayley1992",220
"brinchmadsen1984",137
"feveile1994",1358
"grieg1922",265
"hedegaard2005",137
"jouttijarvi2006",201
"paulsen1936",137
"pedersen2000",137
"augenti2011",46
"bilge2013",46
"bowleg2008",46
"back2018",46
"collins2016",46
"davis2008",46
"diazandreu2005",46
"evans1997",1359
"goldhahn2007",46
"holmquist1990",46
"holmquist1993",46
"holmquist2001",46
"holmquist1998",46
"holmquist2009",1360
"inall2014",46
"kaliff1992",46
"laneri2007",46
"nelson2007",46
"olausson2001",46
"popa2014",46
"schietzel1963",46
"thedeen2011",46
"vennatro2016",46
"yotov2016",46
"ashede2015",46
"aagard1984",227
"arbman1960",227
"bjeletskij1998",227
"capelle1962",227
"dellepiane2009",227
"edberg2001",227
"eniosova2008",227
"gingerich2014",227
"hermon2008",227
"jolshin2012",227
"klindtjensen1965",227
"neiss2005",227
"neiss2006",227
"neiss2009",227
"neiss2010",227
"puskina1998",227
"scott2002",227
"shearer2012",227
"sholts2012",227
"sholts2010",227
"sholts2011",227
"sotnikova1959",227
"kastholm2008",227
"thunmark1974",227
"wiechmann2001",227
"wolters2006a",227
"hallam2001",46
"ekengren2006",46
"rindal2004",199
"backdanielsson2008",158
"bennett1987",37
"carlsson2002",158
"fabech2004",158
"henderson1991",158
"hjorungdal1994",158
"hovanta1995",158
"lagerholm2009",158
"mays1998",149
"rosten2007",158
"simpson2004",158
"sindbaek2006",1361
"smyser1965",158
"stalsberg1987",5
"thedeen2008",158
"dudo1998",57
"gragas2000",57
"grettirssaga1974",57
"layofharoldtransl1936",57
"almqvist1965",1362
"almqvist1974",1363
"betzig1982",57
"brown2009",57
"camdennd",57
"chagnon1988",57
"clover1993",34
"coleman2015",1364
"colwell1988",57
"coupland2003",57
"debuse1999",57
"dickemann1979",57
"downham2014",57
"ebel1993",57
"ember1974",57
"emlen1977",57
"falys2014",1365
"forsgren2004",57
"fuglestvedt2014",57
"goetting2006",57
"griskevicius2012",57
"hill1990",57
"hoglund1993",57
"hudson2004",57
"jacobsen1982",57
"jochens1980",57
"jochens1986",57
"jochens1987",57
"jochens1991",57
"kvarnemo1996",57
"kvarnemo1995",57
"madsen1993",57
"meulengrachtsorensen1980",57
"mitani1996",57
"montgomery2008",1366
"moorad2011",57
"opdahl2003",57
"reichert2006",57
"renaud2000",261
"sampson2006",57
"schacht2014",57
"szekely2014",57
"thedeen2009",1367
"weir2011",57
"zeitzen2008",57
"staecker2006",1368
"kure2013",1369
"lamm2003",1370
"lamm2003a",1371
"hauck1985",1372
"hauck1969",1373
"neckel1983e",1374
"larrington2014",1375
"bangnd",1376
"buggenda",1377
"dronke1989",1378
"haavardsholm1996",1379
"hauck1982",1380
"heusler1941",1381
"wilhelm1952",1382
"vanderhorst1982",302
"horst2010",302
"hultgard1987",302
"johansson2013",302
"lamm2003b",302
"mckinnell1994",302
"mckinnell2008",302
"meyernd",302
"north2003",302
"oehrl2009",302
"quast2002",302
"nordal1980",302
"stephensnda",302
"westphal2004",302
"williams1994",302
"musty1974",281
"saxo1931",199
"sopp1999",199
"thomsen1929",199
"blindheim1982",137
"clarke1995",116
"duner2006",137
"gaut2015",137
"hougen1931",137
"kielland1927",137
"maddicott1989",137
"ryghnde",137
"samson1991a",145
"schramm1955",137
"werner1980",137
"coplen1988",190
"a2007",48
"sjoberg1987",37
"blindheim2008",111
"brogger1997",111
"chatwin1990",111
"eisenschmidt1994",114
"gourevich1999",111
"gunnell2000",111
"gunnell2006",111
"harris2009",1383
"hagg2009",111
"jakubovskij1926",111
"liepe1989",111
"mckinnell2005",111
"montgomery2004",111
"ogden2008",111
"page1985",111
"petrenko1991",111
"robbins2004",37
"rundkvist2003",1384
"schjodt2007",111
"schjodt2009",111
"skre2004",200
"steinsland1981",111
"stern2009",111
"tollnes1998",111
"faulkes1989",1385
"sekundaerkilder1997",303
"barndon1992",303
"drescher1977",303
"gustafsson2005",303
"haaland1985",303
"jouttijarvi2001",303
"krishnan1976",303
"roesdahl1993",54
"smith1974",303
"steinsland1997",303
"webster1999",303
"feveile2002b",137
"anderson1992",138
"balasse2002",138
"bell2001",138
"bethard2013",138
"brabrand1991",138
"buzon2013",138
"cameron2011",138
"cruz2011",138
"eliason2010",138
"ferguson2009",138
"fornander2015",138
"grupe2011",138
"haak2008",1386
"hofstra1995",138
"hunter1975",138
"kahl2009",149
"knudson2008",138
"knudson2011",138
"lambergkarlovsky1972",138
"lane1972",138
"magnusson1980a",138
"moberg1981",138
"naum2012",132
"olsen1961",138
"suchey2006",138
"tung2011",138
"turner2009",138
"vos2005",138
"webb1985",138
"wilson1970",138
"crumlinpedersen1988",304
"zeitzen1997a",304
"wenger2004",304
"sofartsmuseums1987",304
"baxter2008",304
"christensen1988",304
"cooper1978",304
"edgren1988",304
"elsner1992",304
"gillespie2001",304
"grieg1933",304
"hejgaard2010",304
"hojrup1983",304
"jensen2008",304
"sandberg2006",304
"schwartzman2006",304
"smolarek1969",304
"sztompka1994",304
"tesch2005",304
"zeitzen2002",304
"ostergaard2011",304
"hayeursmith2004",158
"byejohansen2004",158
"thunmarknylen2015",158
"albrectsen1994",200
"althoff1999",200
"andersen2011",200
"bede1968",200
"blair2005",200
"dulinicz2002",200
"foote1993",200
"gullbekk2008",1387
"keynes1991",200
"kornerupnd",200
"krag2003",200
"meier2002",200
"meulengrachtsorensen1997",200
"meulengrachtsorensen2001",200
"miuillermertens1999",200
"ottodergrosse2001",200
"pedersen2005",200
"refskou2004",200
"roesdahl1983",200
"roesdahl1987",200
"roesdahl1999",200
"roesdahl2004",200
"schoujorgensen1997",200
"skovgaardpetersen1977",200
"steinsland2008",200
"tesch2008",200
"wilson1966",200
"porsteinsson1987",200
"fangel1941",183
"chapman1981",111
"miller2005",111
"nylen1987",111
"andersson2016b",18
"cambridge2017",18
"hauptman2014",18
"aukrust1982",107
"ayers2016",107
"bergman2007",107
"carrer2015",107
"critch2018",107
"curdy2016",107
"norvegicum2019",107
"finstad2018",107
"gilck2019",107
"grjotheim1978",107
"gunnarsdottir2000",107
"hollesen2018",107
"kleiven1973",107
"kummen1983",107
"providoli2016",107
"rosvold2017",107
"savioz2016",107
"shawnd",107
"thun2018",107
"timberlid2015",107
"volken2015",107
"younghusbandnd",107
"shetelig1920b",165
"miles1989",63
"abbott2005",63
"gilmour1988",63
"aitken1966",63
"aitken1962",63
"aitken1983",63
"anon1996",63
"aspinall1977",63
"barley1964",63
"barley1981",63
"belfiore2007",63
"blinkhorn2013",63
"brooks1984",63
"bryant1977",63
"dallas1993",63
"dunning1959",63
"everson1999",63
"field1990",63
"ford1995",63
"froh2004",63
"gale1995",63
"garmonsway1972",87
"garrigos2001",63
"golitko2012",63
"goodwin2013",63
"harkel2013",63
"hebditch1964",63
"hurst1962",63
"ixer1997",63
"jordan1994",63
"kilmurry1980",63
"leah1994",63
"vander1993",63
"mainman1990",63
"maniatis1981",63
"maniatis1984",63
"mccarthy1988",63
"miles1974",63
"nailor1984",63
"price1975",63
"quinn2013",63
"rice2005",63
"rogerson1984",1388
"rye1981",63
"sawyer1998c",63
"arwidson1984",68
"arwidson1986",68
"arwidson1989",68
"bennike1985",68
"bennike1993",68
"calmer1977",68
"deniro1988",68
"gilbert2005",1389
"hoefs2004",68
"jorkov2007",68
"kanstrup2006",68
"leethorp2003",1390
"longin1971",68
"madsen1988",68
"reidla2003",68
"runge2010",68
"schoeninger1989",68
"sillen1998",149
"skibstedklaesoe1997",68
"sponheimer2006",68
"vanklinken1999",68
"verhulst1966",183
"verhulst1995",183
"walette2004",183
"paludan1991",183
"koch1936",183
"steensberg1952",183
"steensberg1973",183
"dobat2007",183
"meier2007",183
"tesch1992",183
"fangel1998",183
"tollin1998",183
"riddersporre2003",183
"nedkvitne2004",183
"fritz1988",183
"back1995",212
"gustin2011",212
"haussig1987",212
"martin1986",213
"noonan1985",212
"noonan1989",212
"noonan2001",212
"rispling2007",212
"roslund1997",212
"roslund2009",212
"roslund2010",1391
"thordeman1926",212
"holmquistolausson2002",212
"johansson1997",212
"jonsson2001",212
"kovalev2001",212
"kovalev2002",212
"kovalev2005",212
"kovalev2011",212
"landgren1998",212
"younghusband1904",107
"of1917",16
"jensson1929",16
"arbman1936",16
"arent1969",16
"ekelund1956",16
"ellisdavidson1967",16
"gjeerder1964",16
"holmavist1955",16
"jansson1963",305
"perkins2001",16
"price1969",1392
"salin1913",90
"steinsland1936",16
"agrip1929",16
"hultgard2003",16
"hudson2005",1393
"rediker1987",71
"pennel1997",71
"leeson2009",71
"antony2002",71
"hudson2007",71
"price1991",71
"wulfstan1976",71
"artefacts1980",71
"birkeland1954",71
"arcini2005a",68
"catling2008",71
"griffiths1991a",71
"richards1989",71
"kanstrup2008",68
"andersson1975",149
"arcini2018",149
"arppe2010",149
"azmy1999",149
"buko2013",149
"chernykh1985",149
"faure2004",132
"fraser2018",149
"hyenstrand1982",149
"lewis2008",1394
"maldre2018",149
"margaryan2019",149
"peschel2014",149
"punning1987",149
"raukas2009",149
"ruff2012",149
"sillen1982",149
"trotter1958",149
"tuuling2011",149
"wea1980",149
"woelfel2002",149
"arcini1998",34
"baillie1991",224
"baillie2015",224
"bolender2011",224
"davies2015",224
"dugmore1992",224
"edwards2012",269
"einarsson1988",224
"erlendsson1995",224
"haflidason2000",224
"haflidason1992",224
"hammer1980",224
"hermannsaudardottir1988",224
"lane2014",224
"larsen1982",224
"larsen1984",224
"larsen1977",224
"lowe2008",78
"lowe2011",224
"lowe2015",224
"lowe2001",224
"newton2008",224
"oladottir2008",224
"ponomareva2015",224
"roberts2000",247
"sigurgeirson2014",224
"sigurgeirsson1995",224
"sigurgeirsson2007",224
"sigurgeirsson1998",224
"sigurdsson1982",224
"sveinbjarnardottir2004",224
"theodorsson2009",224
"theodorsson2012",224
"vilhjalmsson1991",224
"vinther2006",224
"zielinski1995",224
"palmerbrown1995",63
"vince2009",63
"andersen1982a",160
"andersen1996",160
"bennike1994",160
"brather2001",160
"burschel1994",160
"caferro2006",160
"christophersen1940",160
"damgaardsorensen1991",160
"fiorato2000",160
"hermann1974",160
"krueger1985",160
"nielsen1990",276
"petersen1989",160
"roesdahl1975",160
"thordeman1939",160
"ahlstromarcini2005",34
"schjodt2013",34
"anderson2010",306
"bayman2013",306
"bentley2007",306
"brink2014",306
"buck1938",306
"erikson2015",306
"hauofa2008",306
"heyerdahl1938",306
"kane1997",306
"king2003",306
"kirch2010",306
"kirch2012",306
"kirch2014",306
"kirch2007",229
"kirch1992",306
"ljungstrom2004",306
"ravn1993",306
"ravn2011",306
"ravn2018",306
"salmond2010",306
"schjodt2017",306
"smith2010",1395
"spriggs2008",306
"spriggs2016",306
"stolpendd",306
"thomas1997",306
"thomas2010",306
"wawn2000",306
"raukas1997",149
"hinton2005",104
"hoilundnielsen1999",1396
"leigh1984",307
"clauskrag1982",41
"ruth1988",41
"lindkvist2003",41
"yuhl2013",41
"cameron2008",41
"cameron2016",41
"lewis2017",41
"karras1980",41
"larson1935",41
"lee1936",41
"audr2001",41
"benraffield2017",41
"see2012",41
"reuter2012",41
"blili1996",41
"somerville2014",41
"ch2011",41
"michaelswanton2000",41
"robinson1921",41
"gothenburg2000",41
"goodall1990",41
"henning2012",41
"warner2009",41
"olsson2017",41
"simpson2018",41
"ch2000",41
"lunde2012",41
"jankowiak2016",41
"lewis2016",41
"ostergren2008",41
"kankpeyeng2009",41
"laird2010",41
"bodel2005",41
"walz1977",41
"daniel1992",41
"morgan1998",41
"warren1977",41
"bodel2014",41
"ireland1952",41
"hardh2001",149
"lamm2005",149
"lang1995",149
"salmo1938",149
"skrzat2010",149
"tarvel1982",149
"trotter1952",149
"anderson2002",1397
"arnold1991",56
"dowson2006",56
"dror2017",56
"fridriksdottir2013",56
"geller2017",56
"gero1985",56
"ghisleni2016",56
"herget2008",56
"jansson1992",56
"jensen2018",56
"jordan2009",56
"joyce2008",56
"knauer2001",56
"lindqvist2004",56
"nakhaeizadeh2014",56
"nilssonstutz2013",56
"norgardjorgensen1997",56
"olausson2001a",56
"reeder2008",56
"sorensen1983",56
"stolpe2019",56
"wylie1992",56
"dagstorp1999",1398
"mark1998",1399
"bogelund1999",1400
"naes2000",1401
"andersminde1980",1402
"okholm1996",1403
"starigardoldeburg1991",231
"stro1984",231
"bchin1965",231
"albert1999",231
"albert2002",231
"barabasi2003",231
"becker1999",231
"becker2003",231
"clarke1972",1404
"dodds2003",231
"donat1984",231
"c2006c",231
"granovetter1973",231
"herrmann2005",231
"jacobsson2000",231
"jons1997",209
"lundquist2003",231
"meier1991",231
"ormerod2004",231
"palmer2003",231
"palmer2004",231
"ravasz2003",231
"renfrew1977",231
"schoknecht1977",231
"schuldt1965",231
"schuldt1967",231
"schuldt1981",231
"schuldt1985",231
"wasserman1994",231
"watts2003",231
"watts1998",231
"wells2005",231
"wietrzichowski1993",231
"ahlen1998",1405
"aikio2006",1406
"alenius2007",1407
"alenius2011",215
"barrett2009",215
"carpelan1984",215
"carpelan2003",215
"carpelan2006",213
"donner1986",215
"edberg1999",215
"fewster2006",215
"halinen2005",215
"herrgard2005",215
"hiekkanen2010",215
"huurre1983",215
"hakkinen2010",215
"ivars2002",215
"jaakkola1935",215
"karlsson1987",215
"korpela2004",215
"kovalev2007",215
"kriiska2007",215
"kumpulainen2004",215
"kuusela2011",215
"lehtosalohilander1985",215
"lehtosalohilander2001",215
"leskinen2008",215
"masonen1989",215
"meinander1950",215
"moilanen2010",215
"nordman1944",215
"norrman1983",215
"nunez1993",215
"nunez1995",215
"orrman1991",215
"orrman1993",215
"poutiainen2008",215
"raninen2010",215
"ringbom1994",215
"roeckhansen1995",215
"salo2000",215
"schalin2008",215
"spirgis2006",215
"spiridonov1991",213
"taavitsainen1980",215
"taavisainen1988",215
"taavitsainen1994",215
"taavitsainen1999",215
"taavitsainen2007",215
"tomtlund2005",215
"uino2003",215
"maria2001",215
"valtonen2008",215
"viklund2002",215
"wickholm2000",215
"wickholm2004",215
"kirpichnikov1985",231
"makarov1990",213
"makarov2009",213
"melnikova1991",213
"muller1987",135
"nerman1929",1408
"nosov1992",126
"nosov2001",261
"ravdonikas1949",56
"smolichev1925",295
"sitii2006",295
"andren2004j",37
"beskowsjoberg1987",37
"crumlinpedersen1995d",37
"t1999",37
"grahamcampbell1998j",273
"price1989a",132
"skaarup1972",37
"terry1990",37
"ludtke2001",231
"barabas2003",231
"brinch1991",165
"jansson2008",165
"hakonshetelig1917",165
"harrison2010",247
"russell2007",1409
"budd2014",57
"score2010",57
"lundraffield1989",57
"griffiths1997",273
"ross1983",57
"thee1980",1410
"baker1997",57
"khoroshev2007",1411
"kotowicz2007",1412
"macgregor1978",104
"binns1963",104
"booth1987",104
"booth1997",104
"bulock1960",104
"clark1966",104
"craig2010",104
"cramp1976",104
"kemp1996",104
"kershaw2008",104
"leahy2000",104
"morris1977",104
"morris1984",104
"naismith2011",104
"naylor2001",104
"peers1943",104
"powlesland1998",104
"rahtz1967",104
"schoenfelder2011",104
"stocker2007b",104
"thomas2003",104
"townend2014",104
"williams1988",104
"wrathmell2012",104
"richards2014",104
"richards2015",104
"richards1983",57
"williams1983",57
"swanton1970",57
"cluniesross1985",57
"james1997",1413
"woodward2004",57
"beskowsjoberg1987a",1414
"beltznd",274
"clark1984",274
"davis1983",274
"fehring1987",274
"fehring1995",135
"gerrard2003",274
"hubener1959",274
"karlin1922",274
"liebgott1989",274
"lischnd",274
"moreland1991",274
"sorensen1989",274
"verhaeghe1994",274
"wiessner1939",274
"desha2000",308
"honolulu1991",308
"dining1980",308
"athens2017",308
"oxfordroutledge2016",308
"graeber2017",308
"redknap2004b",308
"amkreutz2004",308
"lewis1972",308
"mattes2016",308
"mattes2008",308
"comacchio1983",308
"whitehouse1983",308
"hooper2006",308
"kirch1985",308
"kristiansen1998",308
"space2015",308
"rainbird2015",308
"ratnagar2001",308
"jp2010",308
"sherratt1993",308
"clark2008",308
"valeri1985",308
"malarlandskapen1993",308
"wallin1993",308
"westerdahl1992",308
"jankuhn1975",165
"ramskou1999",165
"rundkvist2001",165
"windgather1990",165
"windgather2003a",165
"sussex1997",57
"waitznda",57
"ramskou1963",165
"neiss2070",165
"attwood2000",1415
"einarsson1991",1416
"blake1962",1417
"durrenburger1934",25
"ol1939",25
"ellison2000",25
"finlay2011",1418
"finlay1959",25
"kennedy1997",25
"kunz2000a",1419
"schmeidler1917",25
"toddnd",1420
"tschan1959",1421
"alkrenawi1999",25
"alkrenawi2002",25
"audur2008",25
"barry1981",25
"baumeister2004",25
"betzig1995",25
"borovsky1999",25
"boyden2007",25
"bragg2008",25
"breitman2004",25
"broude1976",25
"caldwell1998",25
"ross2010",25
"daly1980",25
"divale1976",25
"elbedour2006",25
"fleisher1999",25
"fleisher2004",25
"grossbardshechtman1993",25
"graslund1989",25
"henrich2012",25
"hraundal2014",1422
"huber2011",25
"jankowiak2008",25
"jankowiak2005",25
"karamagi2006",25
"karras1992",25
"kress2002",25
"kolker2014",25
"larrington2016",1423
"liwoch2007",25
"ljungqvist2015",25
"miller1982",25
"norrman2000",1424
"norstein2014",25
"odonoghue2004",1425
"omariba2007",25
"ritchie1976",25
"saelebakke1986",25
"schacht2015",25
"simek1992",25
"sjoberg1976",25
"sorensen1946",25
"wyatt2009",25
"boyes1921",1426
"grierson1959",1427
"gulibekk2005",1428
"hedeager1993",226
"lunden1999",1429
"steinnes1936",262
"pormksson1992",262
"back1984",274
"karlin1923",274
"aberg1923",1430
"aija1997",230
"ailio1922",230
"ambrosiani1956",230
"ambrosiani1968",230
"arbman1932",230
"areslatt1993",230
"arrhenius1999",230
"atterman1935",230
"bennettlagerlof1978",230
"bennett1976",230
"blindheim1949",230
"dreijer1966",230
"drotz1995",230
"ekholm1918",230
"eniosova1998",230
"enqvist1923",230
"gudesen1980",230
"hackmannd",230
"hagberg1966",230
"helgen1982",230
"herteig1955",230
"holmqvist1970",230
"horfors1988",230
"kivikoski1980",230
"lind1984",230
"lindahl1950",230
"macgregor1997",230
"marstrander1973",230
"martens1969",230
"monteliusnda",230
"nilsson1990",230
"odencrants1933",230
"rasch2001",230
"ostergaardjensen1987",230
"petre1984b",230
"ramqvist1998",230
"rasmussen1989",230
"reisborg1994",230
"ryghndf",153
"salinnd",230
"sarauw1923",230
"schonbeck2002",230
"serning1960",230
"simonsson1972",230
"spirgis2007",230
"stjernquist1951",230
"stolpe1927",230
"tillvaxten1909",230
"vangpetersen1991b",230
"vedelnda",230
"worsaaenda",230
"bagge2010",309
"englert2007c",309
"callmer1976",309
"dalton1975",309
"elster2007",309
"finley1973",309
"hansen1977",276
"jansen2015",309
"lie1988",1431
"mikkelsen2006",309
"mitchell1984",258
"myrvoll1992",309
"ostmo2011",309
"pilo1990",309
"polanyi1944",262
"rundberget2009",309
"stenvik2003",216
"swedberg2014",309
"wiberg1977",309
"voncarnapbornheim2007",132
"cohen1997",132
"fuchtbauer1971",132
"dejong2010",132
"kiefferolsen1997",132
"lihammer2007",1432
"lindstrom1991",132
"messenburg1972",132
"milthers1916",132
"moberg1994",132
"naum1925",132
"rossmann2000",132
"safran2005",132
"schoeninger2003",132
"vensild1996",132
"vonhejine2004",132
"wagnkilde1996",132
"nordal1938",25
"sigurdur1938",25
"christensen2012",115
"engberg2002",115
"rieck1992",115
"sigurdsson2012",115
"skre2005",115
"soderberg1966",115
"olausson2009",115
"kvhaa1903",230
"bratt1999",1433
"darvill2004",102
"driscoll2004",102
"meaney1995",102
"meaney1997",102
"olafsson1985",237
"pantos2002",102
"pantos2003",102
"addyman1981",1434
"alcock1963",1435
"bayley1987",1436
"bayley1991",144
"bayley2008",78
"benson1911",144
"blair1991",144
"boni2003",144
"clarke1998",144
"coatsworth2002",144
"comber2004",144
"cowgill2009",144
"dickens2009",144
"cowie2012",144
"craddock1989",144
"daniels1988",144
"dommasnes1987",144
"emery2007",144
"eremin1998",144
"wilthew2002",144
"garmonsway1947",144
"gilmore1980",144
"griffiths2007",144
"hall2001",144
"higham1993",144
"hinton1990",144
"hinton1996",144
"hinton2000",144
"hinton2003",144
"hutcheson2009",144
"kershaw2010",144
"laing2006",144
"loken1987",144
"macgregor1999",144
"mann1982",144
"newman1993",144
"nicholson1997",78
"omeadhra1987",144
"oriordain1971",78
"owencrocker1986",144
"paterson1997",144
"paterson2000",144
"pritchard1991",144
"radley1971",144
"seaman2013",144
"smith1923",144
"waltonrogers2004",258
"taylor1987",144
"thomas2004",144
"thomas2008a",144
"tweddle1986",144
"vince2001",78
"rogers2007",144
"rogers2014",144
"rogers2016",144
"wastling2009",144
"waterman1959",144
"webster2012",144
"caroline1999",56
"blank2018",56
"chukhina2015",56
"davydova1999",56
"dzhakson2002",56
"dzhakson1986",56
"glykou2018",56
"gorelov1997",56
"nv2017",56
"gromig2019",56
"jackson2003",56
"jackson2009",56
"khudoley2013",56
"kirpichnikov1984",56
"kirpichnikov2013",56
"knudson2007",56
"lalazarov2012",56
"moiseyev2014",56
"moisio2015",56
"ostman2004",56
"petrenko1985",56
"petterson1995",56
"platonova1996",56
"raffensperger2014",56
"saarnisto1995",56
"sankina2000",56
"sauramo1929",56
"karlgoran1999",56
"subetto1998",56
"zazzo2004",56
"dunfjeldaagard2005",126
"reymert1980",126
"arne1909",126
"bergstol2002",126
"bohannan1959",126
"brogger1928",126
"fjellstriim1962",126
"ell1990",126
"gullbekk2003",183
"jasinski1998",126
"kopytoff2000",126
"montelius1922",126
"niisstriim2001",126
"ojanlatva2003",126
"yrbyggjasaga1989",126
"sandmo1994",126
"kongesagaer1979",126
"steinsland1989",126
"steinsland1992",126
"steinsland1984",126
"stenberger1971",126
"byock1998",305
"fox1974",216
"palsson1986",305
"whitelock1976",305
"alesina1999",305
"coffe2006",305
"dcms2002",305
"doosje1995",305
"eger2010",305
"ellemers1997",305
"ellisdavidson1976",305
"jans2015",305
"stewart1991",305
"korostelina2007",305
"lindeman1997",305
"lonnroth2008",305
"lund1985",305
"maderer2014",305
"mcdonald2012",305
"petta1992",305
"putnam2006",305
"rhee1996",305
"sawyer1985a",305
"schjodt2011",305
"smith1997",305
"sosis2006",305
"swann2009",305
"swann2012",305
"tajfel1971",305
"thomas1999",305
"tropp2001",305
"whitehouse2012",305
"whitehouse2014",305
"pantos2004",237
"holmback1933",214
"lucas1966",296
"bourke1993",296
"hedeager1994",216
"hardh1988",296
"kruse2007",296
"lieber1989",296
"miller1986",296
"mullerboyson1987",296
"saunders1995",296
"bagerius2001",1437
"batey2012",1438
"becker2007",1439
"bickerton2015",1440
"grahamcampbell2001h",1441
"bird2000",1442
"blackmore2011",1443
"boothby2004",1444
"bychowski2018",1445
"casey2010",1446
"chagnon1992",1447
"coltrane2006",1448
"connell2000",1449
"connell2005",1450
"crawford2007",1451
"damon2006",1452
"dommasnes2008b",1453
"ember2015",1454
"enloe2017",1455
"erikson1950",1456
"pesch2018",1457
"gilligan1982",1458
"gilligan1990",1459
"gowland2001",1460
"gunnell2013",1461
"haapasalo2000",1462
"halstadmcguire2010b",1463
"handel2007",1464
"hays1982",1465
"higate2005",1466
"hinojosa2010",1467
"hollander1949",1468
"hooper2001",1469
"honwana2006",1470
"howard2000",1471
"kaland2008",1472
"kamp2015",1473
"keith2005",1474
"kimball2013",1475
"knusel2000",1476
"larrington2008",1477
"levine1990",1478
"lewissimpson2008",1479
"lillehammer2010",1480
"macinnes2016",1481
"mcguire2016",1482
"mead1934",1483
"meggitt1977",1484
"mellor2014",1485
"murphy2017",1486
"mygland2010",1487
"hencken1933",1488
"orchard2011",1489
"orme1995",1490
"perkins1972",1491
"preston2014",1492
"raninen2008",1493
"scribner1965",1494
"reynolds1991",1495
"ross2018",1496
"shimahara1970",1497
"soderberg2017",1498
"sofaer2011",1499
"solli2008",1500
"squires2013",1501
"swanton1997",1502
"underwood2006",1503
"varney2000",1504
"weinreich2009",1505
"weisner2015",1506
"weisner1977",1507
"werner1964",1508
"wessells2006",1509
"whaley2009",1510
"whitehouse2017",1511
"woolf2017",1512
"snorres1999",126
"armstrong2000",102
"a2007a",237
"barrett1994",237
"binford1972",1513
"brogger1950",237
"fuglestvedt2007",237
"grieg1942",237
"gunnes1976",237
"holmsen1939",237
"ilkjaer2000",216
"kallhovd1994",237
"krag1995",237
"munch1981",237
"munch2007",237
"myhre1997",237
"mollerop1957",237
"mollerop1971",237
"parkerpearson1982",237
"petersen1937",237
"ronneseth1963",237
"ronneseth1966",237
"sandnes1997",214
"shanks1982",237
"sigurdsson1993",237
"slomann1958",237
"sturlasson1964",237
"stenberger1966",237
"stenvik2005",237
"steuer1989",237
"storli2001",102
"tacitus1977",237
"titlestad1996",237
"thompson1965",237
"appelgrennd",213
"back2007",213
"callmer1980",213
"callmer1986",213
"carpelan1980",213
"damell1967",213
"delort1978",213
"edgren1999",213
"ekbo1981",213
"enqvist2004",213
"enqvist2006",213
"floderus1931",213
"gustavsson2001",213
"hackman1938",213
"haggren2005",213
"hiekkanen2001",213
"hirviluoto1986",213
"huurre1987",213
"huurre1992",213
"kivikoski1939",213
"lang1985",213
"ligi1994",213
"lind2000",213
"lind2006",213
"lind2009",213
"makarov2006",213
"morris1999",213
"raportteja2003",213
"pimenov1965",213
"purhonen1992",213
"purhonen1997",213
"ryabinin1978",213
"ryabinin1986",213
"saksa1985",213
"saksa1992",213
"schmid1942",213
"silliman2005",213
"stang1981",213
"stein1998",213
"stein1999",213
"stein2002",1514
"syse1987",213
"taavitsainen2004",213
"tomantera1991",213
"tvauri2005",213
"zakharov2004",213
"boe2012",90
"fjell2005",11
"goffman1971",1515
"grieg1943",124
"holtorf2005",1516
"rasmussen2013",209
"anon2011",261
"bloch1939",261
"chin2004",261
"dillmann1996",261
"hall1984",261
"hilberg2008a",48
"horton2000",50
"klejn2009",261
"knirk1999",261
"mcgovern2011",261
"mullerwille1996",261
"nordenborgmyhre2001",261
"nosov1998",261
"steuer1990",261
"vollertsen1989",261
"ward2000",261
"wallace2001",261
"willemsen2009",261
"wynnejones2007",261
"tacitus1997",237
"batey1994",269
"bjornskov2009",269
"bohnet2008",269
"bourdieu1986",269
"brondsted1960",269
"chartrand2006",269
"barry2008",269
"delhey2005",269
"dohmen2008",269
"freitag2008",269
"greif1989",269
"greif1993",269
"greif2006",269
"greif2012",269
"guiso2008",269
"haywood1995",269
"langer2002",269
"lookofsky2006",269
"milgrom1990",269
"nannestad2008",269
"nunn2011",269
"olson1993",269
"ostrom2009",269
"ozcan2011",269
"paldam2000",269
"putnam1993",87
"putnam2000",269
"raffield2009",269
"ramskou1962",269
"rothstein2003",269
"rothstein2005",269
"svendsen2004",269
"svendsen2009",269
"svendsen2012",269
"sorensen1990",269
"traunmuller2011",269
"uslaner2002",269
"uslaner2008",269
"vikings1997",269
"weber2009",269
"williamson1993",269
"aegidius1977",1517
"albrectsen1941",1518
"albrectsen1970",1519
"albrectsen1984",1520
"andersen1987",1521
"andersen1998",54
"andersen1971",1522
"andersson1972",1523
"andren1994",1524
"arentoft1984",1525
"arentoft1985",1526
"arentoft1993",1527
"arentoft1999",1528
"bartholin1976",1529
"bartholin1974",1530
"becker1982",1531
"bertelsen1991",1532
"bertelsen1992",1533
"binderup1996",1534
"bjerregaard2016",1535
"bjerregaard2017",1536
"christensen1975",1537
"christensen1977",1538
"christensen1999",1539
"christensen2017",1540
"elkjaer2001",1541
"og2001",1542
"fussel2008",1543
"amt1992",1544
"gothche1995",1545
"grandtnielsen1982",1546
"harnow2005",1547
"haupt2006",1548
"henrichsen1968",1549
"henriksen1988",1550
"henriksen2012",1551
"hoff2000",1552
"hohenberg1985",1553
"hohenberg1995",1554
"hojlundnielsen1987",1555
"jacobsen2000",1556
"jacobsson2003",1557
"jeppesen1981",196
"johannsen1995",196
"jorgensennda",196
"juel2010",196
"kousgardsorensen1969",196
"krongaardkristensen1998",196
"krongaardkristensen2016",196
"langkilde2007",196
"lauritsen1974",196
"lauritsennd",196
"levinnielsen1968",196
"linaa2016",196
"lindblom2013",196
"lundhansen1988",196
"lundo2012",196
"madsen1982",196
"mathiesen1922",196
"mathiesen1927",196
"mejdahl1993",196
"moller2008",196
"nasman1996",196
"nielsen1984",196
"nilsen1990",196
"nilsson2015",196
"norgaardjorgensen2002",196
"nyberg1982",196
"odman2014",196
"olesen2014",196
"olsen1969",196
"pagh2016",196
"petersen1987",196
"porsmose1996",196
"poulsen2015",196
"riis1999",196
"rindel2001",196
"rosch2013",196
"runge2016",196
"runge2017",196
"sanke2001",78
"schorring2000",196
"skaarup1997",196
"skaarup2005",196
"smed1962",196
"sonderby1988",196
"stenak2005",196
"tarup1934",196
"thrane1996",196
"trap1957",196
"ulriksen2016",196
"ulriksen2014",196
"vraengmosejensen2017",196
"weber1958",196
"zeeberg2000",196
"zinglersen2004",196
"callmer1990",1558
"mccormic2001a",1559
"halcrow2008",41
"loyn1977",242
"bakka1978",262
"davis1992",262
"granovetter1985",262
"gudeman1986",262
"gudeman2001",262
"herschend1980",262
"hirsch1987",262
"lie1997",262
"lunden1972",262
"munksgaard1978",262
"naumann1987",262
"sawyer1989",262
"wilk1996",262
"zafirovski2001",262
"adey2014",1560
"andrushko2011",1561
"beardsley1955",1562
"bergerbrant2007",1563
"binford1980",1564
"bollig1987",1565
"ceruti2004",1566
"cresswell2012",1567
"eerkens2014",208
"font2012",208
"frankopan2015",208
"frei2017",208
"frobeniusnd",208
"frobeniusnda",208
"garnett1945",208
"gleirscher2004",208
"greenblatt2010",208
"gronenborn1999",208
"heberle1938",208
"helms1994",208
"hermes2018",208
"huntington1996",208
"jockenhovel1980",208
"jockenhovel1991",208
"jockenhovel1995",208
"jockenhovel1994",208
"kaufmann2004",208
"kelly1992",208
"kelly1995",208
"kimmig1958",208
"kootker2016",208
"krause1988",208
"lee1966",208
"ling2014",208
"lippert2007",208
"maixner2013",208
"marshall2015",208
"melheim2018",208
"murdock1967",208
"neaher1979",208
"neipert2006",208
"nerlich2009",208
"oelze2011",208
"pernter2007",208
"plomp2017",208
"podolny2005",208
"reiter2014",208
"reiter2015",208
"schadelindig2003",208
"scharlotta2018",208
"scheeres2014",208
"shellar2018",208
"sjastaad1962",208
"stewart2017",208
"tipple2013",208
"vandersanden1996",208
"vandkilde2007",208
"veblennd",208
"welsweyrauch1988",208
"wendrich2008",208
"white2009",208
"beck2013",124
"blindheim1954",124
"chase1997",124
"enright1988",124
"eriksen2002",124
"gansum2018",1568
"gjerpe2016",124
"meulengrachtsorensen2003",124
"myhrend",124
"nicolaysenndo",124
"sala2008",124
"skyllberg2008",124
"talma1993",124
"warner1987",124
"polanyi1957",262
"swedberg1992b",262
"anderson1998",11
"asbjornsen1914",11
"astveit2007",1569
"bangandersen2004",11
"barth2016",11
"bjorvand2000",1570
"bjorgo2016",11
"callanan1906",91
"christensen1986",86
"christiend",11
"vsnd",11
"clark1975",11
"derocher2000",11
"domanska2006",1571
"einbu2005",11
"finstad2010",91
"fjellheim2005",11
"frostatingslova1994",11
"gibson1979",11
"giese2013",11
"gulatingslovi1969",11
"hansen2005",86
"hodder2011",11
"hofseth1980",91
"hoyer2015",11
"indrelid2007",11
"ion1989",11
"jordhoy2013",11
"jordhoy2005",11
"jordhoy2012",11
"lagaboters1979",11
"martinsen2016",11
"molmen1988",11
"ryd2014",11
"roed2014",86
"roed2015",11
"spiess1979",11
"vorren1944",11
"wammer2007",11
"weber2007",11
"wiberg1987",11
"carlsson2012a",293
"clareus1999",293
"conyers2007",293
"conyers2010",293
"damiata2013",293
"daniels2004",293
"david2008",293
"gahrn1988",293
"goodman1993",293
"goodman2013",293
"grasmueck2005",293
"hjulstrom2014",293
"hjulstrom1920",293
"ilisch2004",293
"karlsson2008",293
"larsson1987",293
"leckebusch2003",1572
"lindqvist2000",293
"malmer1982",293
"neubauer2002",243
"nordenskjoldnd",293
"novo2010",293
"novo2012",293
"poscetti2013",293
"stenberg2006",293
"sundquist2013",293
"viberg2012",293
"urry2007",208
"armstrong1953",1573
"bates2000",1574
"bates2007",1575
"bayer2011",1576
"benedetti2011",1577
"berendsen2000",1578
"bird2010",1579
"bird1985",1580
"bristow2003",1581
"bristow2006",1582
"brivio2000",1583
"brown1997",1584
"burke2008",1585
"butzer1982",1586
"clemmensen2010",1587
"darwin1990",1588
"declercq2012",1589
"fatimarossetti2009",1590
"smedt2011",1591
"denham2008",1592
"deroin2011",123
"dincauze2000",123
"doneus2008",123
"donoghue1988",123
"embleton1970",123
"chng2004",123
"fairbridge1985",123
"fitch2005",123
"french2005",123
"gabler2013",123
"gaffney2008",123
"harari1996",123
"hickin2009",123
"hodgson1976",123
"howard2008",123
"ilves2009",123
"ilves2012",123
"jensen1999",123
"jongmans2007",123
"kneisel2008",123
"komar1998",123
"lasaponara1995",123
"leopold2010",123
"linford2006",123
"lunt2005",123
"luo2012",123
"mansfield2007",123
"mcgraw2014",123
"mchugh1988",123
"nau2004",123
"neal2002",123
"neubauer2001",123
"neubauer2004",123
"proschdanielsen2006",123
"proulxmcinnis2013",123
"ramberg2008",123
"rapp2006",123
"saey2013",123
"schrott2008",123
"short2004",123
"siart2008",123
"soil2006",123
"syvitski1995",123
"tamura2012",123
"taylor1996",123
"trinks2015",123
"vandam2012",123
"wegmann2012",123
"weston2001",123
"wilkinson2003",123
"yoshiki2005",123
"dommasnes1992",205
"enright1995",205
"hornfuglesang1989",205
"kaliff2004",205
"koktvedgaardzeiten1997b",205
"larsson2005",205
"rosengren2007",205
"eriksen1991",114
"fern2012",114
"kirkup2006",114
"nasstrom1999",114
"sanmark2006",214
"koivisto1996",206
"leppaaho1936",206
"sarasmo1961",206
"sarkki1976",206
"cleve1948",206
"drobin1991",38
"hirviluoto1976",206
"honko1960",206
"huntington1979",206
"huurre1990",206
"karvonen1998",206
"keskitalo1950",206
"kitzler2000",206
"kivikoski1961",206
"kivikoski1963",206
"lehtosalohilander1988",206
"mandel2003",206
"oestigaard2006",206
"paulaharju1924",206
"purhonen1998",206
"palsi1938",206
"sarkkiisomaa1986",206
"sjoberg1994",206
"tarlow1999",206
"wickholm2005",206
"tacitus1960",205
"graslund1973",205
"randsborg1984",205
"stjernquist1989",205
"blinkhorn1999",231
"brather1996",231
"c2006d",231
"filipowiak1993",231
"soren2002",231
"jankuhn1956",231
"janssen1987",231
"kirpichnikov1997",231
"ohlsson1976",231
"sawyer1977",231
"warnke1992",226
"bjornstad2010",86
"bjornstad2012",86
"brandt2011",86
"excoffier2010",86
"flodin1989",86
"forster2003",86
"halinen2013",86
"hartnup2011",86
"hedman2015",86
"hofreiter2001",86
"hufthammer2011",86
"komber1987",86
"librado2009",86
"loftsgarden2017",86
"luik2015",86
"munch1998",86
"olivieri2014",86
"roed2008",86
"roed2011",86
"roed2018",86
"rytter1997",86
"rytter2007",86
"schia1986",86
"skogland1980",86
"star2018",86
"wandeler2007",86
"marstrander1932",273
"megaw1950",273
"moore1900",273
"shetelig1925",273
"shetelig1945",273
"shetelig1954",273
"whitelock1967",273
"wilson1974",273
"sorensen1988",123
"arnorsdottir1973",226
"blackburn2009",226
"bourdieu1990b",226
"dalton1977",226
"ed1984a",226
"gustin1996",226
"hedegaard2002",226
"heijne2004",226
"horsnaes2000",226
"kazanskij2007",226
"kromann1985",226
"metcalf1997",226
"mikkelsen2001",226
"north1990",87
"odeback2009",226
"pertznd",226
"ed1905",226
"vinsrygg1975",226
"schia1989",86
"bertran1991",116
"cammas1994",116
"cammas1995",116
"cremaschi2010",116
"fitzpatrick1993",116
"galinie2004",116
"loveluck2001",116
"maixner2010",116
"de1997",116
"nicosia2014",116
"schiegl1996",116
"verslype2004",116
"wouters2013",116
"ballantyne1994",214
"ballantyne1999",214
"bauge1980",214
"brandnd",214
"heggstad1975",214
"indrebo1936",214
"jakobsen1936",214
"mackie2002",214
"mccullough2000",214
"nymoen1995",214
"nymoen1997",214
"ogrady2008",214
"paton2011",214
"palsson2003",214
"bruce1908",214
"cant1975",214
"cleasbynd",214
"js1914",214
"coolen2011",214
"crawford1984",214
"dodgson1972",214
"donaldson1958",214
"edmondstonnd",214
"fellowsjensen1996",214
"greignd",214
"stewart1987",214
"solvara2002",214
"waugh2005",214
"westerdahl2004",214
"westerdahl2004a",214
"zoega1910",214
"peel2009",214
"riisoy2013",214
"ringstad2006",214
"ritchie1997",214
"sanmark2011",214
"schlyternd",214
"barabasi1999a",231
"freke1992",273
"omgard1980",311
"taebringmikkelsen1986",311
"coggins1967",311
"behrenlubchin1965",311
"ystadtankbaten1976",311
"brughmans1989",311
"worldcatbuttler1991",311
"cheng2006",311
"krause2000",311
"dress2007",311
"fitzhugh2000a",258
"forster2006",311
"gen2008",311
"graham2006",311
"hage1991",311
"isaksen2008",311
"worldcatjohansen2004",311
"klincewicz1998",311
"worldcatkorte2006",311
"labianca2006",311
"lebecq2007",311
"minoux1989",311
"crossrefmizoguchi2009",311
"batagelj2005",311
"randall2001",311
"randall1994",311
"worldcatschofield2005",311
"worldcatsindbaek2010",311
"terrell2010",311
"young2006",311
"valente2005",311
"vince2005",311
"bayley2007",220
"bech2011",220
"edwards1999",220
"escher1976",220
"higgins1966",220
"ingstad1985",220
"jackson2000",220
"jackson1978",220
"jordan1980",220
"linderothwallace2006",220
"ere2002",220
"morgan1975",220
"rasmussen2010",220
"roussel1941",220
"stonge2000",220
"burstom1993",226
"london1990",78
"michelmerch1972",78
"batey1987",78
"brown2003",78
"buttler1989",78
"buttler1991",78
"crumlinpedersen1984",78
"driscoll2002",78
"henry1945",78
"henry1952",78
"hubbard1989",78
"khvoshchinskaya2007",78
"lane2007",78
"maclaren1974",78
"mann1984",78
"may1948",78
"mills2007",78
"osullivan1970",78
"pearson2001",78
"rollason2004",78
"santi2005",78
"sharples2003",78
"sidebottom2000",78
"wallace1981",78
"wallace1985",78
"pirenne1938",116
"meier2001",1593
"cabot2004",78
"ahlen1994",108
"collen2011",108
"devries1961",108
"duwel2001",1594
"eriksson1991",108
"gelting2000",108
"gren2003",108
"gustavson1995",108
"hafstrom1962",108
"iversen2004",108
"kallstrom2012",108
"krovel2001",108
"lamm2006",108
"lindkvist1979",108
"ljung2001",108
"lagaboters1915",172
"mejsholm1954",108
"nasman2008",108
"nelson2013",108
"norseng1987",108
"peterson2007",108
"peterson2012",108
"stahle1969",108
"ringstad1989",108
"ronneseth1975",233
"selinge1980",108
"sturluson1995",108
"stahle1956",108
"stahle1958",108
"struck1990",108
"sundqvist2016",1595
"taranger1913",108
"vikstrand2015",108
"vogt2010",108
"williams1996",108
"winberg1985",108
"zachrisson2002a",108
"aitchson1994",102
"bagge1989",102
"ballantyne1999a",102
"bartlett1994",102
"brink2003",38
"brynjulfurnd",102
"dndiplomatariumnorvegicumnd",102
"driscoll1998",102
"driscoll2000",102
"flatman2010",102
"fornsok2012",102
"fridriksson2004a",102
"wollett2004",102
"damiata2005",102
"gelling2000",102
"gilchrist1995",102
"glass2011",102
"glick2005",102
"groenewoudt2009",102
"gustafsson2001",102
"hebede1968",102
"hellquist1980",102
"henriksen2001b",102
"higham1992",102
"holm2009",91
"iversen1956",102
"kulikowski2005",102
"larsson1995",102
"goff1988",102
"liebermann1913",102
"mehler2012",102
"moore2005",102
"narmo1996",172
"oosthuizen2011",102
"rippon2004",102
"rygh1907",102
"samdal2008",102
"simonsson1984",102
"staf1935",102
"stocking2000",102
"vesteinsson2011",102
"akureyri2001",102
"vestergaard1988",102
"warner1988",102
"widgren1986",102
"skorokhod2017",295
"smolichev1926",295
"stankevich1962",295
"skorokhod2018",295
"sytyi2006",295
"heid2008",78
"axboe1991",216
"bakka1981",216
"bursche2002",216
"boe1923",216
"cipolla1956",216
"dyhrfjeldjohnsen2013",216
"engeler1991",216
"fonnesbechsandberg1985",216
"fonnesbechsandberg1988",216
"fonnesbechsandberg1989",216
"frimannslund1966",216
"gemici2015",216
"graeber2011",216
"guest2008",216
"hagland1994",216
"herschend1987",216
"herschend1991",216
"humphrey1985",216
"ingham2004",216
"innes1913",216
"innes1914",216
"kilger2015",216
"klang2013",216
"kallstrom2010",216
"leeper1933",216
"meikle1994",216
"munch1956",216
"munksgaard1956",216
"naismith2012",87
"painter2013",216
"pare2013",216
"rau2013",216
"rovelli2012",216
"ruthstrom1993",216
"schacht1949",216
"scull1990",216
"steuer2013",216
"stormndd",216
"voss1955",216
"wray1999",216
"zelizer1994",216
"zimmermann2003",192
"ashby2012",8
"blehr1973",8
"clarke1988",8
"donaldson1981",8
"edwards1997",8
"hunter1982",8
"hunter1989",8
"kjoshanssen1973",8
"macgregor1983",8
"meiri2013",8
"morris1985",8
"smirnova2005b",8
"solazzo2011",8
"sommer2009",8
"sykes2011",8
"wasser2008",8
"biggs2014",1596
"bjordal2017",1597
"bradley1991",1598
"collis1995",1599
"dumville1977",1600
"feldman1975",1601
"fulk2014",1602
"grant1986",1603
"green1965",1604
"gutsmiedlschumann2018",1605
"gothberg2018",1606
"hall2006",1607
"heaney2001",32
"heinertz1925",32
"hodder1976",32
"hardh2002",32
"ilkjaer2001",32
"imer2010",32
"indrebo1932",32
"jorpeland2018",32
"klaeber1950",32
"klaeber2014",32
"lindkvist2003a",32
"ljungkvist2017",32
"malmros1999",32
"malone1962",32
"neidorf2013",32
"neidorf2014",32
"neidorf2017",32
"nerman1942",32
"niles2007",32
"nasman1999",32
"osborn2007",32
"ostmo2018",32
"pilo1993",32
"pohl2009",32
"rau1955",32
"reichert1987",32
"reichert1990",32
"rix2015",32
"sawyer1991",32
"schlesinger1965",32
"schnetz1990",32
"scull2016",32
"seiler2018",32
"steuer2006",32
"sundqvist2018",32
"svennung1974",32
"sorensen1982",32
"talbot1954",32
"taranger1934",32
"teigen2007",32
"wikborg2018",32
"wolfram1971",32
"wolfram2008",32
"wolfram2009",32
"wolfram2011",32
"wood1994",32
"wood1977",32
"aarsleff1955",137
"fuglesang1985b",137
"cunliffe2002",64
"edwards1917",64
"espelund2013",64
"frank1998",64
"harding2013",64
"harris2003",64
"holm2005",64
"metcalf1995",64
"trakadas2014",64
"tschan2002b",64
"vosmer2014",64
"uws2004",216
"wray2004",216
"ahmad2006",1608
"aikawafaure2009",1609
"ankersmit2009",1610
"ashworth2007",1611
"bender1993",1612
"bender2007",1613
"m2002",1614
"bhaskar1989",1615
"binford1962",1616
"bohm2001",1617
"bohm2008",1618
"w2006",1619
"braudel1949",1620
"braziel2003",1621
"carman2002",1622
"chakrabarty2009",1623
"cheape2009",1624
"clark1936",1625
"clark1954",1626
"crossland2005",1627
"crutzen2002",1628
"dawdy2009",1629
"dixon2005",1630
"domanska2009",1631
"domanska2010",1632
"durkheim1904",1633
"dybdahl2010",1634
"eagleton2000",1635
"edgeworth2010",1636
"t2006",1637
"flannery1973",1638
"foley2005",1639
"fraiture2010",1640
"fraiture2009",1641
"fraser2000",1642
"fraser2001",1643
"fukuyama2002",1644
"gibbon1989",1645
"grosjean2007",1646
"hacking1999",1647
"haraway2008",1648
"harman2010",1649
"harrison2009",1650
"hodder1987",1651
"hodder1999",1652
"holmberg2008",1653
"holtorf2007",1654
"holtorf2011",1655
"hyenstrand1988",1656
"jenkins2004",1657
"jong2008",1658
"kirshenblattgimblett1994",1659
"kirshenblattgimblett2004",1660
"kolen2009",1661
"kotchen2007",1662
"kristiansen2002",1663
"kurin2004",1664
"labinger2001",1665
"lakatos1973",1666
"latour1993",1667
"latour2003",1668
"latour2005h",1669
"levistrauss1962",1670
"lowenthal1985",1671
"madsen1900",1672
"mason2000",1673
"moberg1977",1674
"mullerndc",1675
"mullerndd",1676
"nilsen2003",1677
"nummedal1912",1678
"nussbaum1999",1679
"naess1973",1680
"oestigaard2004",240
"oestigaard2007",240
"olsen1986",240
"olwig2001",240
"parkerpearson2006",240
"parkin1999",240
"partner2009",240
"periman2006",240
"petersennd",240
"pickering1993",240
"pickering1994",240
"piotrowski2006",240
"pollard1998",240
"rorty1989",240
"rose2007",240
"ruddiman2003",240
"ruddiman2005",240
"samuel1994",240
"sanden2008",240
"schanche1983",240
"schwandt1994",240
"serres1995",240
"shanks2010",240
"skolimowski1974",240
"skounti2009",240
"sloterdijk2009",240
"smail2007",240
"snow1959",240
"snow1966",240
"solli1989",240
"spiegel2009",240
"steinberg2002",240
"stotz2008",240
"svestad1995",240
"terrill2008",240
"todorov1993",240
"tvedt2010",240
"waterton2006",240
"watson1971",240
"weisman2007",240
"welinder1986",240
"white1949",240
"white1959",240
"willey1958",240
"wolfe2010",240
"zalasiewicz2008",240
"zalasiewicz2010",240
"blindheimnd",201
"ka1999",201
"ka1995",201
"almgren1904",192
"eibl2005",135
"ernst1989",192
"faull1976",135
"zielonka1957",135
"zydok2004",135
"bergsveinn2007",32
"granzweig2018",32
"harding1977",135
"mullerwille1987",135
"murphy2008b",135
"pettersson1991",135
"duwel1995",135
"souers1937",164
"becker1973",90
"keay2014",1681
"evans2015",1682
"stott2018",1683
"kjaer2018",1684
"trier2019",1685
"guyot2018",1686
"rizaldy2018",1687
"colgan2012",1688
"liu2017",1689
"meng2012",1690
"jain1997",1691
"chen2014",1692
"breiman2001",1693
"belgiu2016",1694
"strobl2009",1695
"flemming2007",1696
"rosenkranz2015",113
"vennersdorf2017",113
"mitchell1988",113
"vanderwalt2014",113
"illingworth1987",113
"cerrillocuenca2017",113
"schubert2017",113
"ester1996",113
"freeland2016",113
"trier2009",113
"kvamme2016",113
"verdonck2016",113
"lewis1995",113
"bryant1987",113
"guisan1999",113
"korsgaard2004",113
"dereu2013",113
"riley2017",113
"knudsen2012",113
"jakobsen2017",113
"andersen1992",113
"pedregosa2011",113
"steffensen2014",113
"marmol2004",113
"tsai2008",113
"andreasen2016",113
"french2010",113
"grieve1992",113
"french2018",113
"davis2019",113
"lambers2016",113
"traviglia2016",113
"lambers2019",113
"trier2016",113
"zingman2016",113
"verschoofvandervaart2019",113
"zhu2006",113
"benediktsson1997",113
"sevara2018",113
"fortidsminder2018",113
"petersen2015",113
"biermann2016",113
"harck1986",113
"overgaard2016",113
"harck1990",113
"hoy1991",113
"wu2016",113
"certini2013",113
"zhang2018",113
"silburt2019",113
"hanson2012",113
"cowley2012",113
"sevara2013",113
"jonsson2007",27
"saxe1970",135
"blochnakkerud1994",172
"blom1991",172
"christophersen1974",172
"frostatingslovahagland1994",172
"indrelid1988",172
"jouttijarvi1991",172
"loftsgarden2011",172
"lyngstrom2009",172
"mjaerum2007",172
"pilo2013",172
"pilo2012",172
"pleiner1989",172
"bagge2008",91
"brink2008ag",91
"ekrem1998",91
"evenstadnd",91
"gundersen2016",91
"gunnarsdottir1999",91
"hoeg1996",91
"hougen1930",91
"jacobsen2005",91
"jordhoy2007",91
"larsen2009",91
"magnus2005",91
"moen1998",91
"orning2008",91
"ostrom1990",91
"risbol2005",91
"saetren2011",91
"salvesen1969",91
"sevatdal1985",91
"solem2004",91
"stenseth2005",91
"ruralia2005",91
"wangen2006",91
"jorgensen1986",201
"alsleben2009",276
"andreasson2010",276
"behre1976",276
"behre1978",276
"billing1998",276
"bjorkman2007",276
"eggen1991",276
"farrar1998",276
"fredskild1971",276
"fruergaard2005",276
"gleason1994",276
"greig1996",276
"harild2007",276
"heimdahl2009",276
"heimdahl2010",276
"helbaek1958",276
"henriksen2008",276
"hjelmqvist1963",276
"holmboe1927",276
"jacomet1988",276
"jensen1979",276
"karg2007",276
"karg2010",276
"karg2012",276
"karg2002",276
"kirleis2011",276
"knorzer1999",276
"kolstrup2009",276
"korbergrohne1987",276
"kroll1986",276
"kroll1987",276
"kroll2007",276
"lageras2003",276
"lange1997",276
"lundquist2006",276
"moffett2006",276
"moltsen2005",276
"moltsen2009",276
"nielsen2010",276
"pettersson2002",276
"ramskou1974",276
"regnell2001",276
"strank2008",276
"tollin2005",276
"vanderveen2005",276
"stene2014",91
"berg1983",235
"berglund2015",235
"bjorkbom1907",235
"cabouret1989",235
"emanuelsson2001",235
"erixon1918",235
"erixon1956",235
"frodin1925",235
"hellstrom1917",235
"indrelid1994",235
"kvamme1988",235
"lofgren1982",235
"marsden2005",235
"montelius1977",235
"nyman1952",235
"olsson1998",235
"prescott1995",235
"sandnes1989",235
"sandnes1991",235
"schug2010",235
"styhre2013",235
"svensson2015",235
"wennersten2002",235
"whatmore2002",235
"asc1961",87
"baker2010",87
"bjornskov2013",87
"blackburn2014",87
"blair2014",87
"campbell1986",87
"congleton2015",87
"faith2014",87
"freudenthal1944",87
"gillingham1989",87
"gundlach2019",87
"hendrickson2018",87
"hillman2019",87
"hobbesnd",87
"keynes1986",87
"konrad2012",87
"lambert2017",87
"lawson1984",87
"lawson2014",87
"leeson2007",87
"miller2014a",87
"mostert2014",87
"olson1965",87
"olson2000",87
"ormrod2000",87
"pelteret2014a",87
"piano2019",87
"powell2009",87
"salter2015",87
"spejlborg2016",87
"vahabi2011",87
"vahabi2016",87
"wareham2012",87
"whitelock2007",87
"yorke2014b",87
"young2016",87
"young2018",87
"adam1917",312
"grammaticus1979",312
"bruunnd",312
"brogger1937",312
"isleifsson2011",312
"keegan1987",312
"references2006",312
"einarsson2007",312
"rafnsson1990",312
"rockman2010",312
"steele2003",312
"sigurgeirsson2013",312
"smith2005",312
"sveinbjarnardottir1992",312
"vilhjalmsson1989",312
"walter2010",312
"thorarinsson1943",312
"thorarinsson1977",312
"thordarson1909",312
"lenzen2012",1697
"frachetti2017",1698
"hoffmann2002",1699
"orton2011",1700
"gohring2016",1701
"sundby2008",1702
"opdal2010",1703
"nedkvitne2016",1704
"pauly1995",1705
"jackson2001",1706
"lotze2009",1707
"nielsen2017",1708
"arndt2003",1709
"boessenkool2009",1710
"schroeder2015",1711
"kayser2011",72
"bradbury2013",72
"knutsen2010",72
"selkoe2016",72
"hutchinson2015",72
"bradbury2010",72
"hemmerhansen2013",72
"sodeland2016",72
"berg2016",72
"kirubakaran2016",72
"barney2017",72
"hilberg2014f",72
"orton2014",72
"nielssen2016",72
"wickler2014",72
"ma2012",72
"green2009",72
"jonsson2013",72
"pinhasi2015",72
"prinz2007",72
"boessenkool2017",72
"carpenter2013",72
"speller2012",72
"moss2014",72
"olafsdottir2014",72
"grealy2016",72
"nikulina2016",72
"moss2016",72
"hoffmann2004",72
"kirkpatrick2010",72
"hutchinson2001",72
"arnason2015",72
"sorheim2016",72
"wright2006",72
"skjaeraasen2011",72
"barth2017",72
"knutsen2003",72
"jorde2007",72
"neuenfeldt2013",72
"nielssen2009",72
"schmolcke2004",72
"barrett2015",72
"cooper2000",72
"star2016",72
"schubert2014",72
"lindgreen2012",72
"star2011",72
"torresen2017",72
"li2009",72
"mckenna2010",72
"purcell2007",72
"korlevic2015",72
"damgaard2015",72
"alt1998",192
"anz1998",192
"arcini1991",192
"boylstone2000",192
"brather2009",192
"carlsson1990",192
"duwel1987a",192
"ebel1987",192
"finucane2008",192
"floderus1927",192
"garve2011",192
"harke2003",192
"hoffmann1989",192
"kattinger1999",192
"kjellstrom2014",192
"kunzler1999",192
"kyhlberg1991",192
"kyll1964",192
"lykiardopoulos1981",192
"malarstedt1979",192
"milner1991",192
"mortagua2006",192
"onasch1981",192
"philpott1991",192
"pettersson1966",192
"molina1970",192
"ruprecht1958",192
"salin1952",192
"sandholm1965",192
"g2000",192
"staecker1997",192
"staecker1998",192
"staecker2000",192
"stewart1944",192
"stewart1946",192
"svahnstrom1984",192
"thunmarknylen2004",192
"taylor2008",192
"vukovic2009",192
"westholm1989",192
"wilke1931",192
"wilson1992",192
"yrwing1992",192
"yrwing1994",192
"zipp2010",192
"abels2003",145
"ager2008",145
"valante1998",145
"naismith1995",145
"danecek2011",72
"adams1981",119
"ayres1985",119
"barnosky2004",119
"binford1997",119
"brandner1998",119
"catton1980",119
"cooke1931",119
"culbert1988",119
"dalan1997",119
"dalton2000",119
"diamond1968",119
"flenley2002",119
"flenley1984",119
"hughes1975",119
"jacobsen1958",119
"jevonsnda",119
"kirch1984",119
"lopinot1985",119
"mccoy1976",119
"malthusnd",119
"meggers1954",119
"milner1990",119
"mulloy1970",119
"phillips1979",119
"ponting1985",119
"rees2004",119
"rescher1978",119
"sanders1962",119
"sanders1963",119
"sheets1999",119
"steadman1989",119
"steadman1995",119
"steadman1994",119
"tainter2000",119
"turner1974",119
"vanandel1990",119
"vantilburg1994",119
"banfield1974",258
"m1962",258
"cleland1973",258
"corbeil2000",258
"fitzhugh1994",258
"harp1975",258
"laeyendecker1993",258
"laver1983",258
"lee1968",258
"maryrousseliere2002",258
"mccartney1973",258
"meldgaard1962",258
"myrvoll1985",258
"odess2000",258
"bstergard1948",258
"park1951",258
"plumet1982",258
"ellesmere2000",258
"brandt2012",48
"hardt2003",38
"kramer1984",209
"schwank2013",209
"blackburn1986",145
"kershaw2023",145
"redknap2003",145
"wallace2015",145
"reuter1992",145
"redknap2009",145
"blackburn2006",145
"agersnaplarsen2011",209
"schovsbo2013",209
"felixnd",182
"aspeborg2005",182
"birddavid1999",182
"bullough1983",182
"burnell1999",182
"cannon1989",182
"chandler2010",182
"effros1997",182
"einsenschmidt2004",182
"gibbon2007",182
"halsall1995a",182
"hamilton2006",182
"harvey2006",182
"thorlaksson1978",182
"gestsdottir1998",182
"innes2000",182
"jochens1999",182
"lastovicka2013",182
"marshall1950",182
"patterson1982",182
"prothero2002",182
"radin1986",182
"shapland2012",182
"steinunnkristjansdottir2004",182
"stocker1993",182
"stromback1975",182
"zugaiar2012",182
"geolog1947",313
"hagberg1967",313
"hagberg1961",313
"holmberg1969",313
"lamm1995",313
"hamilton2007",313
"hamilton1996",313
"hamilton2008",313
"karlsson2005",313
"olson2004",313
"wernerson1996",313
"annuswer2003",313
"annuswer2007",313
"annuswer2002",313
"arrhenius2011a",313
"jorpeland2008",313
"jorpeland2003",313
"brereton1987",313
"brink1987",313
"calissendorff1966",313
"capelle1995",313
"carlie2009",313
"damell2007",313
"eliade1991",313
"ericsson2008",313
"fritsch2004",313
"hedblom1958",313
"hedman1989",313
"holmqvist1980",313
"hultgard1996",313
"karlenby2007",313
"karlsson2007",313
"lindkvist2007",313
"lindqvist1910",313
"lindstromnd",313
"hansen2011",313
"lundholm1947",313
"nordberg2011",313
"nordberg2008",313
"olsson1993",313
"petre2011",313
"schovsbo1987",313
"stjernquist1962",313
"stjernquist1967",313
"stahle1946",313
"vonsydow1978",313
"wessen1923",313
"victor2005",313
"widengren1969",313
"vikstrand2011",38
"zachrisson2009a",313
"orsnes1964",313
"ehrlich1968",119
"ambrosiani1957",243
"arnbrosiani1981",243
"arbmann1940",243
"backstom2008",243
"backstrom2003",243
"bengtzon2001",243
"booth2008",243
"floden1993",243
"friberg1998",243
"harim2003",243
"henkel2004",243
"holmquistolausson1982",243
"hyenstrand1991",243
"icomos1993",243
"kristiansson1996",243
"lindqvist1928",243
"linford2010",243
"lyatski2004",243
"masters1998",243
"mellinnd",243
"nerman1918",243
"olsson2006",243
"riksantikvarieambetet2007",243
"stavrum1997",243
"stolpende",243
"trinks2012",243
"trotzig1993",243
"wahlander1998",243
"wedmark1999",243
"fridriksson2015",182
"kershaw2015",182
"magnus2009",243
"hart1995",314
"brodersen1967",315
"eksnd",315
"nielsenadamsen1991",315
"feveile1948",315
"beretninger1997",315
"andersen1943",315
"andersenklindtjensennielsen1970",315
"nielsen1943",315
"christensen1982",315
"lindqvist1920",315
"beretningved1998",315
"madsen1994",315
"orsneschristensen1955",315
"albrectsen1951",315
"ottaway2004",315
"adamsen2003",315
"albrethsen2003",315
"andersen1970",315
"axboe1989",315
"baeksted1972",315
"christensen1928",315
"christoffersen1987",315
"cosack2005",315
"ethelberg1986",315
"grambo1999",315
"hansen2009",315
"hansen1995",315
"hultgard1999",315
"hoj2004",315
"jennbert2002a",315
"jensen1998",315
"lindqvist1921",315
"lyngstrom1989",315
"neergaardnd",315
"nerman1917",315
"ravn1989",315
"ravn2008",315
"sparrevohn2007",315
"steinsland2000",315
"stoumann2009",315
"ulriksen1999",315
"orsnes1988",315
"sparrevohn2006",315
"sorensen1998",315
"sorensen1993",315
"arcini1999",27
"beckra2007",27
"bolender2007",27
"bolender2010",27
"braudel1972",27
"braudel1980",27
"bynum1995",27
"chesson2001",27
"daniell1997",27
"frioriksson2001",27
"geake1995",27
"gejvall1960",27
"gestsdottir2014",27
"gilchrist2015",27
"hadley2010",27
"halvorsen2008",27
"harding2005",27
"joyce2001",27
"karlsson2004",27
"mejsholm2008",27
"meskell1998",27
"meskell2001",27
"thorlaksson2005",27
"rindal1996",27
"scott2011",27
"sellevold2004",27
"sellevold2008",27
"sewell2005",27
"sewell1996",27
"sigurosson2003",27
"sigurosson2014",27
"stefansson1975",27
"stefansson1978",27
"steffensen1943",27
"steinberg2016",27
"sveinbjarnardottir2001",27
"tsaliki2008",27
"vilhjalmsson1995",27
"zadorario2003",27
"zoega2014",27
"zoega2015",27
"zoega2007",27
"zori2007",27
"beckerchristensen1981",54
"belford2017",54
"dobat2005",54
"dorey1969",54
"ethelberg2012",54
"ethelberg2017",54
"gudeman1900",54
"harck1998",54
"haseloff1937",54
"kramer1992",54
"kramer1995",54
"madsen2008",54
"maluck2017",54
"maluck2016",54
"muller1903",54
"nunn2009",54
"schindel1999",54
"spring2015",54
"witte2018",54
"ambrosiani2003",9
"arrhenius1978",9
"berthelon2007",9
"boytrup2013",9
"danielsson1973",9
"glover2003",9
"culture1985",9
"kingnd",9
"malmer2010",9
"mikkelsen2012",9
"negmatov1999",9
"nicholson2000",9
"noonan1990",9
"rezakhani2010",9
"schumann2011",9
"trotzig1969",9
"witte2017",54
"vangennep1960a",27
"thorgilsson2006",27
"aschehougnd",218
"benderjorgensen1999",218
"bjorgo2005",218
"bjorgo1992",218
"harrington2008",218
"kaland1979",218
"lonning1976",218
"mortensen1994",218
"mortensen1997",218
"martensen2006",218
"ramstad1981",218
"tveiten2011",218
"warburg1974",218
"oye1986",218
"oye2010",233
"beckerlfred1973",90
"rdh2007",90
"hauckarl1970",90
"bertil2004",90
"hel2011",90
"herschendrands1996",90
"er2001",90
"lars2015",90
"lars2012",90
"lars1998",90
"lars2004",90
"erle1994",90
"vist1925",90
"edith1966",90
"martensir1988",90
"sig2011",90
"bernhard1913",90
"von2000",90
"derberg2005",90
"stephenseorgend",90
"sund2002",90
"thunarknlnlena2006",90
"klevnas2007",26
"rundkvist2007",26
"rundkvist2006",26
"randers1981",233
"ramstad2011",218
"roesdahl1978",315
"beckmanthoor2002",316
"bolin1999",316
"damell1971",316
"damell1999",316
"damell2000",316
"dybecknd",316
"florin1963",316
"forssander1933",316
"gumaeliusnd",316
"gothberg1998",316
"hammar1983",316
"hauptmanwahlgren2002",316
"jensen1997",316
"jonsson1986",316
"lindqvist1912",316
"oldeberg1974",316
"schnell1963",316
"sundqvist1993",316
"vonsydow1926",316
"thedeen2003",316
"wahlfisknd",316
"welinder1990",316
"weiler1999",316
"wigren1987",316
"bjelland2006",283
"carty2005",283
"jansson1962",283
"jeffrey2005",283
"kitzlerahfeldt2002",283
"kitzlerahfeldt2008",283
"kitzlerahfeldt2009",283
"manneke1984",283
"mahl1990",283
"oehrl2008",283
"sileniuslarsen2009",283
"snaedal2002",283
"snaedal2005",283
"walderhaug1998",283
"widerstrom2002",283
"bildsteine1941",283
"dating2006",283
"andreeff2012a",26
"backdanielsson2009",26
"goldhahn2008",26
"hoilundnielsen2009",26
"lindgren2008",26
"oestigaard2013",26
"thate2009",26
"thedeen2010",26
"wessman2007",26
"jefrey2005",283
"clarke2001",247
"dietler1996",247
"erlendsson2009",247
"gestsdottir2001",247
"ottir1989",247
"olafsson1979",247
"palsdottir2008",247
"rosenswig2007",247
"roussell1943",247
"stenberger1943",247
"wiessner2001",247
"samnordiskruntextdatabas2005",283
"andersson2013",38
"baug2007",38
"belmont2011",38
"bjorck2009",38
"drobin1986",38
"ek1993",38
"elfwendahl2001",38
"elfwendahl1993",38
"gumaeliusnda",38
"hallgren2004",38
"hallgren2005",38
"hansson1997",38
"hedblom1996",38
"hermodsson2009",38
"junkelmann1997",38
"kresten1996",38
"kresten1998",38
"kresten1994",38
"lamm2008",38
"lantmateriet2013",38
"larsson2012",38
"lindalv1980",38
"lundhansen2011",38
"lothman2004",38
"mellquistdanielson2011",38
"myrdal2003",38
"nilsson1988",38
"olausson2000",38
"persson1997",38
"pettersson1977",38
"pettersson1980",38
"rinnman2013",38
"zachrisson2013",38
"kermode1907",164
"bratt2011",38
"eilersgaardchristensen2011",38
"berg1968",233
"berglund1991",233
"bertelsen1979",233
"bertelsen1995",233
"bertelsen2005a",233
"boserup1965",233
"boserup1981",233
"brush1987",233
"vries1974",233
"hasund1919",233
"hasund1924",233
"helle1995",233
"holm1995",233
"holm2005a",233
"holmsen1961",233
"holmsen1940",233
"iversen1997",233
"jirlow1970",233
"lerche1994",233
"lunden2004",233
"martens2009",233
"munch1966",233
"myrdal1985",233
"stockholm1997",233
"myrdal1999",233
"orrman2003",233
"porsmose1981",233
"porsmose1987",233
"ramskou1981",233
"ramskou1975",233
"sandnes1978",233
"schmidtsabo2001",233
"schmidtsabo2005",233
"steensberg1956",233
"svartkristiansen2005",233
"svartkristiansen2006",233
"valensendstad1964",233
"oye2003",233
"oye2005",233
"bergen2011",233
"zachrisson2006",233
"bergstol2003",233
"villages1968",233
"amorosi1996",50
"andersen1997",50
"arneborg1993",50
"christiansen1997",50
"degerbol1929",50
"degerbol1936",50
"degerbol1941",50
"andrew2009",50
"einarsson1984",50
"einarssonbjarni2011",50
"gardarsdottir2008",50
"gerstenberger1997",50
"guy2010",50
"gwiazda2005",50
"johannesson1946",50
"jonsson1930",50
"kamenov2008",50
"krahl2010",50
"ljungqvist2005",50
"mcgovern2001",50
"miksic2013",50
"norlund1930",50
"oomen2002",50
"outridge2003",50
"palsdottir2010",50
"robinson2004",50
"roussell1936",50
"seaver2009",50
"sinclair2007",50
"smiarowski2009",50
"smiarowski2013",50
"stefansson1993",50
"sveinbjornsdottir2004",50
"whitehouse1998",50
"borsheim2001",5
"clover1986",5
"coleman2014",5
"conkey1984",5
"gero1991",5
"hofseth1999",5
"heernes1984",5
"jochens2002",5
"kershaw1989",5
"laqueur1990",5
"mortensen2004",5
"mundal2014",5
"njalssoga1975",5
"riisoy2016",5
"sanmark2014",5
"sigurdardottir2002",5
"sigurdsson2010",5
"jorgensen1997a",230
"zachrisson2004a",28
"cluniesross1998",267
"ryan1987",176
"wilson1955b",176
"mulk1997",238
"jons1997a",231
"thunmarknylen2006a",227
"ljungkvist2011a",189
"ulriksen2011a",134
"robberstad1937",234
"hagland1978",234
"dyrhaug1981",234
"rigsantikvarensarkaeologiskesekretariat1987",176
"suchodolski2002",145
"bulska1996",239
"dennis1980a",234
"killock2008",71
"murphy2008",68
"goody1986",236
"christensenetal1992",1712
"hungrvaka2002",182
"kjalnesingasaga1959",182
"gulathinglaw1994",19
"ibnfadlan2012",19
"price2006c",108
"pricemortimer2014",90
"neiss2007",227
"askvikresi1984",73
"waterbolk1990",168
"kalmring2010f",48
"kalmring2010g",48
"tomasson1996",117
"simek2006",1713
"westerdahl2010",162
"strinngolm2007",244
"christensen1991b",176
"larsensorensen2005",176
"andersenetal1985",1714
"sikora2013",99
"eriksenetal2009",168
"hafsaas2007",168
"esverwers1980",217
"gerrets2012",217
"skre2007b",217
"egebjerghansen1992",153
"egilssaga1888",153
"edvardsson2005b",133
"edvardssonmcgovern2007",133
"macgregoretal1999",133
"magery1958",133
"magnusson1886",133
"alenstampetersson1952",176
"baastruppetersen2010",176
"baastrup1990",176
"petersen1940a",176
"jensenmoller2009",176
"wilson1960b",176
"nielsen2002b",210
"boguckijagodzinski2012",99
"kulakov2005",246
"kleemann1939b",246
"stankus1995b",280
"forssander1943",176
"feveile2006a",1715
"riddersporre1989",183
"andersen2009a",183
"fidjestol1994a",234
"gurevich1963",246
"thunmarknylen1995a",246
"junker2003a",246
"kulakov1994a",246
"capelle2003a",205
"ambrosiani1996a",165
"plather2011",165
"ljungkvist2008a",155
"steuer2002a",155
"pedersen2014a",155
"zachrisson2009",38
"wessen1940",38
"skre2013",137
"billig1995a",175
"hate1996",199
"feveile2010a",251
"paterson2002",141
"reimer2013a",115
"stamsomunch1970",265
"skibstedklaesoe1999",201
"segschneider2016",271
"myrberg2008a",82
"hammarberg1989",270
"harrison2014a",1716
"simms1998",133
"leciejewicz1962",100
"leciejewicz1979",100
"riabinin1994a",279
"ostigard1985",152
"solberg1985a",152
"zachrisson2011a",162
"zachrisson2012a",162
"thorarinsson1981",117
"jankowiak2012",260
"larsson2004a",90
"orton1993",63
"jones2003a",63
"warmind1995a",111
"christensen1983a",168
"boivin2000",259
"vanhouts1999",259
"sofaerderevenski2000a",259
"tringham1994",259
"brinchpetersen2006",214
"harck1997",210
"ahlinsundman2012",159
"adamofbremen1959",132
"sawyer2006",244
"dersarkissian2013",248
"mulk1991",238
"kitzlerahfeldt2012",36
"stummannhansen2003",158
"price2008b",37
"smallwood2007",41
"downham2017",41
"braconi2005",41
"hadley2016a",41
"worldhealthorganization2018",41
"addyman1969",78
"addyman1972",78
"ballinsmith1994",8
"wallerstrom1997",80
"ostmo2000",80
"fridriksdottir1991",13
"brondsted1962",145
"adamsgilmour2010",63
"baeksted1952",236
"snaedalbrink1984",236
"morris1892",27
"grandtnielsen1974",196
"norgardjorgensen2011",14
"latour1984",176
"ofloinn2001",176
"birkedahlchristensen1924",176
"henriksen1982",176
"rispling2000",176
"mollerhansen2000",176
"roesdahl1986",176
"wamers1997a",176
"back1963",176
"helgesson1987",176
"jorgensen1980",176
"jorgensen1980a",176
"wilson1960a",1
"brondsted1924a",176
"christiansen1948",176
"christensen1992a",176
"klaesoe1994",176
"klaesoe1995",176
"klaesoe2002",176
"kleingartner2010",176
"mullerwille2005",176
"odell1959",176
"schulke1992",176
"sindbaek2012a",176
"steuer2010",176
"lundhansen1987",176
"vraengmosejensen2008",176
"mullerwille1978a",176
"ocorrain2001",74
"norderang2004a",1717
"denooy2005",231
"snorristurluson1964",108
"larsson1873",1718
"carroll2014",1719
"coleman2014a",25
"henriksen2013a",62
"leahy1997a",222
"fischer2008a",187
"arents2010a",166
"voncarnapbornheim2007a",48
"christensen1991a",168
"jacobsen1942a",168
"ambrosiani1994a",162
"holmquist2015",162
"jeppesen1988",162
"risberg1997",162
"vickers1975",162
"hardh2001a",165
"nielsen1999",230
"iaea2006",207
"fagerlund1993a",297
"hammarberg1976",204
"gansum1998",282
"andersen1970a",204
"englert2009",14
"ambrose1999",117
"robinson2006",268
"norrman2008a",25
"karnell2012a",26
"jansson2007",186
"macane2001",263
"vonamira1933",192
"pestell2003",231
"hanks1989",236
"knappett2008a",197
"rhiel1996",197
"dahlback1984",189
"lundqvist1997a",231
"jensen1995",200
"faulkes1998",1720
"ingold1988",188
"pahlsson1984",238
"hauksson1972",1721
"roberts2005",133
"bjorklund2015",1722
"bjorklund2014",1723
"ilumae2016",163
"zoega2013",224
"mauritsen1982",271
"richards2000a",171
"gunther2015",191
"blifeld1977a",295
"hellesolesen1992a",128
"snorristurluson1997",15
"rcahms2011",148
"mullermertens1999",200
"grahamcampbell1995a",273
"rogerson1995",78
"wademartins1980",78
"williams1979",78
"emery2007a",78
"hall1989a",78
"dodd2003",78
"cunliffe1977",78
"audouy2009",78
"king1978",78
"carver1978",78
"coggins1983",78
"tylor2005",78
"carver1981",78
"mahony1982",78
"gardiner1990",78
"rogerson1984a",78
"hurst1983",78
"dalwood1992",78
"mainman2000a",78
"loveluck2007a",78
"gould1967",78
"schoknecht1977a",231
"herrmann2005a",231
"andersson1994",218
"tacitus1999a",41
"jorgensen2009a",32
"lundborg2006a",165
"lynnerup2014a",53
"price2005a",286
"skre2011c",262
"ahlback1990",317
"hansen1979",317
"andren1957",317
"anglert1993",317
"asad1993",317
"backdanielsson1999",317
"bergner1987",317
"beskow1964",317
"bostrem1995",317
"dentz2000",317
"dillman1997",317
"duczko1993",317
"edsman1967",317
"eisenhofer1950",317
"fehn1958",317
"gallen1957",317
"gjerlow1960",317
"helander1974",317
"helander1993",317
"holmberg1991",317
"hultgard1992",317
"tregren1989",317
"jansson1998",317
"arkeologisk1981",317
"holmbick1933",317
"johansson1965",317
"olsen1993",317
"klackenberg1992",317
"kousgardsorensen1989",317
"lindgren1987",317
"molland1976",317
"nilsson1987",317
"norberg1958",317
"nasstrem1996",317
"rentzhog1987",317
"smith1987",317
"steinsland1986",317
"steinsland1998",317
"strembick1935",317
"sundqvist1998",317
"sverdrup1942",317
"sederberg2001",317
"ullen1983",317
"wessen1929",317
"miiller1991",317
"wikman1957",317
"devries1970",317
"fran2006",259
"arwillnordbladh2005",259
"fernstal2004",259
"grislund2002",259
"grislund2005",259
"gustavson2000",259
"vanhouts2001",259
"lykke2003",259
"mckinnell2003",259
"vonmiiller1956",259
"sundgvist1998",259
"sundqvist2005",259
"ortnamnslexikon2003",259
"sorlin2001",259
"widmark1995",259
"barndon1995",265
"bjornstad2003",265
"burford1972",265
"brelstord1949",265
"brown1995",265
"childs1991",265
"childs2005",265
"cline1937",265
"davidson1982",265
"delcourt1957",265
"dommasnes1997",265
"englund1999",265
"espclund2004",265
"forbe1969",265
"janson1969",265
"gjeerdcr1949",265
"jacobsen2003",265
"hermundstad1995",265
"hesio1984",265
"hines2003",265
"kriger1999",265
"maret1980",265
"marte2002",265
"mcnaughton1988",265
"miillerwille1977",265
"nodanskog2003",265
"odner1969",265
"pleiner1969",265
"raudvere2004",265
"oldeberg1943",265
"randers1988",265
"reid1995",265
"roesdal1980",265
"rundberget2002",265
"sasson1983",265
"schmidt1997",265
"sjolsvold1949",265
"stigum1971",265
"tveiten2005",265
"todnem1999",265
"vannoten1972",265
"wertime1980",265
"anonym1901",267
"arne1905",267
"artelius1993",267
"artelius2003",267
"barraud1994",267
"berger1966",267
"birkeli1938",267
"colpe1987",267
"connelid1993",267
"furingsten1986",267
"geels1985",267
"grislund2001",267
"hansson1998",267
"koepping1987",267
"moberg1950",267
"nyalssaga1981",267
"nyalssaga2002",267
"webernd",267
"selinge1986",267
"shepherd1987",267
"stremberg1993",267
"sarlvik1976",267
"trotzig2000",267
"turner1982",267
"almgren1900",267
"1919",267
"birkeli1944",267
"levistrauss1952",267
"sahlstrem1951",267
"selinge1997",267
"kristiansen1984",270
"armstrong1917",242
"batey1988",242
"fowler1963",242
"freke2002",242
"hudson1998",242
"jones1971",242
"kermode1994",242
"kruse2017",242
"laing1987",242
"g1983",242
"megaw1938",242
"miller1999",242
"morris1980",242
"muhr2002",242
"corrain2008",242
"olsen1954",242
"oriordain1973",242
"riordain1949",242
"rhysnd",242
"abbott2008",1724
"horizon2008",1725
"andersen1994",1726
"andren2012",1727
"arrhenius2013",1728
"axboe1999",1729
"axboe2001",1730
"axboe2005",1731
"baillie1994",299
"baillie1995",299
"baillie1997",299
"baillie1999",299
"baillie2001",299
"baillie2006",299
"baillie2008",299
"baillie2010",299
"barbante2012",299
"barnish1992",299
"behre1996",299
"berglund1996",299
"bernhardsson2007",299
"bork1998",299
"bosley1989",299
"briffa1990",299
"briffa1992",299
"buckland1997",299
"doreler1992",299
"doreler2012",299
"dull2001",299
"dull2010",299
"eggum2007",299
"fehr2011",299
"gelling1969",299
"graslund2009",299
"grattan2007",299
"grudd2006",299
"grudd2002",299
"gunnel2013",299
"vulnerabilityhalsall2003",299
"jansen2000",299
"kaul2004",299
"keys1999",299
"kutterolf2008",299
"lowenborg2010",299
"nasman2012",299
"nerman1963",299
"oppenheimer2011",299
"pentikainen1989",299
"rampino1988",299
"rigby2004",299
"salzer2007",299
"stenberger1933",299
"stenberger1955",299
"stothers1984",299
"stothers1983",299
"textor2003",299
"torrence2002",299
"traufetter2004",299
"vervruggen1996",299
"vitaliano1968",299
"welinder1975",299
"wylie1989",299
"vulnerabilityzachrisson2010",299
"zerefos2007",299
"kuhl1999",48
"harris2006a",111
"harris2006b",223
"kintigh2014a",223
"jensen1993a",73
"jensen1993b",127
"petersen1993a",266
"petersen1993b",169
"petersen1993c",50
"mullerwille2001a",98
"mullerwille2004b",127
"price2012b",149
"thomas2000b",147
"thomas2008c",180
"ambrose1993a",89
"ambrose1993b",202
"barrett2004a",190
"barrett2004b",89
"barrett2004c",72
"barrett2004d",29
"price2010a",26
"barrett2008a",1732
"solli2002a",23
"price2002a",160
"lund2013a",17
"sorensen2001a",37
"duczko2004a",69
"gustin2004a",43
"helms1993a",153
"price2016a",1733
"svanberg2003a",69
"zachrisson1994a",17
"bradley2000a",4
"byock2001a",69
"hedenstiernajonson2006a",155
"jorgensen2003a",4
"linderholm2008a",190
"montgomery2003a",138
"olsen2003a",109
"arwillnordbladh2007a",26
"gansum2004a",17
"hodges2012a",64
"nielsen1997a",15
"zachrisson2004b",13
"arwillnordbladh1998a",10
"christensen1991c",170
"christensen2015a",33
"dobat2008a",48
"fabech1998b",127
"gansum2004b",238
"hedeager1992a",69
"kleiminger1993a",31
"loveluck2006a",61
"lund2008a",30
"mcnicol1997a",28
"norlund1948a",139
"pedersen2010a",29
"arne1932a",60
"baastrup2012a",1
"barrett2008b",73
"budd2000a",132
"downham2007a",69
"franklin1996a",127
"gardela2011a",192
"geary1994a",4
"gosden1998a",17
"grahamcampbell2001a",1734
"graslund2001a",25
"hardh1976a",126
"hedeager1999a",1735
"hedeager1999b",59
"jansson1984a",1
"jesch2015a",42
"jorgensen2008a",13
"simpson2005a",74
"skre2008a",226
"williams2011a",59
"wilson2008a",144
"andersen1995a",17
"artelius2013a",17
"ashby2011a",61
"barrett2007a",188
"bergstol2004a",79
"biddle2001a",69
"biddle1992a",158
"bill2013a",123
"bradley2003a",69
"brink2004a",214
"buko2008a",7
"carver1998a",12
"chenery2014a",138
"christensen2010a",59
"christensen2010b",33
"christensen1991d",249
"duczko1985a",1736
"faure1986a",254
"foote1970a",7
"gardela2012a",135
"gardela2009a",133
"geijer1938a",9
"graslund1992a",33
"hadley2002a",1737
"hedeager2005a",29
"hillerdal2009a",136
"hines1997a",144
"iversen2007a",291
"jorgensen2014a",156
"kilger2008a",4
"krogh2007a",200
"kyhlberg1980a",286
"larsson2009a",235
"leslie2015a",112
"lonnroth1997a",7
"milek2012a",92
"montgomery2006a",207
"nasman2003a",61
"naumann2014a",248
"nilsson2003a",194
"nylen1994a",46
"olsen2012a",197
"pedersen2003a",23
"pedersen1996a",272
"pedersen1999",290
"pilo2018a",11
"price2019b",42
"price2013a",149
"price1989",41
"raffield2016b",146
"richards2003a",74
"richards2002a",112
"roesdahl2006a",101
"rundkvist2008a",26
"sawyer1992a",205
"scudder2000a",41
"skre2007a",129
"solli1999a",59
"stylegar2007a",10
"stylegar2005a",37
"thomas1996a",24
"trinks2007a",277
"williams2016a",2
"williams2003a",111
"wilson2008b",158
"adams2004a",247
"alberti2009a",23
"ambrosiani2002a",290
"amundsen2015a",11
"andersen1998a",196
"andersson2004a",108
"arbman1980a",154
"ashby2014a",26
"bakka1993a",1738
"bradley2003b",60
"brink1998a",178
"brink1996a",216
"brink2005a",253
"brogger1916a",98
"bryant1996a",56
"buckley2010a",105
"callanan2013a",75
"callmer2008a",213
"callmer1984a",231
"callmer2001a",32
"carver1992a",37
"christensen2008a",59
"christensen2007a",170
"clark2007a",284
"crawford1987a",74
"degerbol1948a",194
"dickinson1992a",39
"drescher1983a",226
"duczko1997a",133
"edgren1995a",127
"einarsson1994a",51
"eriksen2015a",65
"fabech1991a",194
"fabech1995a",129
"fabech1992a",21
"fahlander2008a",11
"forster2004a",148
"frei2009a",131
"frolund2007a",289
"gansum2004c",26
"glorstad2008a",156
"glosecki1989a",154
"grahamcampbell2011a",269
"graslund2007a",1739
"graslund1992b",67
"graslund2004a",288
"green1998a",32
"grimes2013a",275
"gustin2004b",1
"hagg1984a",157
"hall2014a",171
"hall2004a",29
"hardh2007a",290
"harke1997a",158
"harrison2008a",133
"hauck1977a",252
"hedegaard2007a",290
"hedenstiernajonson2006b",93
"helgason2000a",29
"hilberg2010a",101
"jakobsson2003a",154
"jankuhn1937a",101
"jansson1984b",1
"johansen1973a",29
"jones2012a",105
"jones2008a",51
"jorgensen2003b",13
"jorgensen1988a",225
"jorgensen2002a",153
"kaland1995a",179
"kiefferolsen1993a",31
"kilger2008b",197
"klindtjensen1975a",240
"kyhlberg1980b",216
"larsen2004a",184
"larsson1997a",59
"lee2008a",105
"li2010a",105
"lie1991a",61
"ljungberg1938a",28
"lucas2008a",27
"macphail2003a",116
"macphail2007a",116
"madsen1991a",196
"malmer1966a",275
"mannering2010a",59
"marold2012a",275
"melchior2008a",70
"muller2003a",208
"mullerwille1977a",152
"myhre1992a",237
"myhre2003a",32
"myhre2003b",1740
"myhre1994a",277
"myrberg2008b",214
"nasstrom2001a",178
"nelson2012a",257
"nelson1991a",69
"nielsen1986a",156
"nielsen1991a",195
"olsen2003b",237
"olsen2000a",29
"pedersen2008a",216
"pedersen2006a",200
"petersen1951a",140
"petersen2005a",249
"price2000a",69
"price1985a",149
"quast2009a",36
"roesdahl2014a",88
"roesdahl1977a",168
"roslund2010a",213
"rundkvist2010a",2
"rundkvist2003a",41
"samson1991b",137
"sanmark2010a",30
"sawyer1050",32
"sawyer1962a",180
"schneider2015a",105
"semple2013a",214
"sindbaek2012b",163
"skre2007c",189
"skre2007d",170
"skre2007e",158
"soderberg2000a",290
"sorensen1997a",59
"speake1980a",154
"storli2006a",73
"thomas2012a",129
"vesteinsson2004a",247
"warnke1992a",231
"wawn2000a",41
"white2000a",149
"williams2015a",2
"williams2005a",17
"williams2005b",206
"williams2001a",2
"williams2004a",102
"zachrisson2004c",38
"zachrisson1997a",79
"zachrisson1984a",213
"zachrisson2010a",216
"zachrisson2003a",70
"larsen2001t",29
"akerstromhougen1981a",4
"alenius2011a",213
"ambrose1993c",132
"ambrosiani1984a",80
"ambrosiani1985a",13
"ambrosiani1991a",231
"amundsen2001a",95
"andersen1995b",255
"andersen1995c",173
"andersen1991a",37
"andersen2010a",129
"andersen1984a",200
"anderson1907a",103
"andersson2008a",232
"andersson1998a",66
"andersson1995a",62
"andersson2011a",60
"andersson2005a",62
"andersson2005b",31
"andersson1999a",259
"andersson2003a",16
"andersson2007a",158
"andersson2000a",88
"andersson2000b",218
"andersson2006a",14
"andren2004a",111
"andren1997a",243
"andren2006",1741
"androshchuk2012a",9
"anglert2006a",33
"arne1932b",187
"arneborg2000a",53
"arrhenius1985a",173
"arrhenius1997a",259
"arrhenius1997b",66
"arrhenius1995a",4
"arrhenius1973a",252
"artelius1999a",55
"artelius1999b",55
"arwidsson1942a",155
"ashby2013a",8
"backdanielsson2010a",66
"bakka1971a",218
"bakka1973a",79
"bakka1976a",80
"barndon2005b",10
"barrett2003a",158
"bately2007a",73
"bately2007b",32
"batey1993a",77
"bayley2008a",144
"bekpedersen2009a",133
"benderjorgensen1987a",241
"benderjorgensen1995a",232
"bergstol2008a",175
"besteman2004a",141
"blake1962a",41
"bogucki2007a",215
"bradley1993a",106
"bradley1990a",143
"brather2012a",166
"brink1992a",253
"brink2012a",163
"brink2012b",163
"brink2007a",2
"brink2013a",216
"brink1999a",21
"brink1990a",35
"brogger1917a",93
"brogger1917b",93
"brogger1945a",31
"bruck2006a",10
"brunstedt1996a",4
"buckland1990a",84
"buckland2008a",53
"budd2004a",140
"callmer1992a",1742
"callmer1991a",73
"callmer1998a",178
"callmer1977a",158
"callmer1981a",212
"callmer2000b",212
"callmer1994a",111
"carlsson1983a",253
"carver1995a",1743
"chappell1986a",123
"christensen2013a",1744
"christensen2008b",88
"christensen2008c",168
"christensen2010c",4
"christensen2004a",173
"christensen2004b",200
"christensen2007b",173
"christensen1983b",225
"christensen1983c",205
"christophersen1982a",236
"church2007a",49
"craig1957a",190
"crawford1999a",133
"crawford2006a",148
"curta2007a",73
"curta2006a",216
"dobat2010a",33
"doneus2011a",243
"doneus2013a",123
"downham2012a",74
"dugmore2007a",49
"dugmore2012a",224
"edgren1995b",215
"edmonds2009a",144
"edwards2012a",224
"ellmers1995a",155
"ellmers1995b",111
"enghoff2003a",257
"eriksen2013a",79
"eriksen1993a",175
"fehring1995a",274
"feveile2009a",1745
"fischer2004a",233
"fridriksson2004b",203
"fry2006a",89
"fuglesang1991a",245
"gansum1996a",184
"gansum2004d",154
"gardela2013b",192
"gardela2012c",41
"gardela2015a",192
"gardela2018a",41
"gardela2016c",26
"gardela2009b",134
"gjerpe2005a",31
"glob1969a",245
"grahamcampbell1980a",7
"grahamcampbell1994a",222
"grahamcampbell2009a",144
"graslund2007b",136
"graslund2001b",19
"graslund2008b",24
"graslund2008c",187
"graslund1995b",25
"graslund1998a",41
"grierson1986a",216
"hadley2000a",171
"hadley2000b",146
"hall1990a",136
"hall1999a",82
"halsall1998a",182
"hansen2015a",86
"hansen2017c",72
"hansen1989a",225
"hansen2005a",276
"hardh2003a",64
"harris2016a",24
"harrison2015a",1746
"harrison2014b",223
"harrison2013a",1747
"harrison2010a",57
"harrison2010b",240
"harrison2007a",148
"harrison2008b",57
"haseloff1981a",236
"hauck1978a",1748
"hedeager2004a",156
"hedeager1999c",154
"hedenstiernajonson2014a",1749
"hedges2007a",190
"helama2017a",75
"helberg2010a",84
"henning2007a",116
"henriksen2015a",194
"hernaes1984a",191
"herschend1992a",127
"herschend1997a",15
"hjelle2015a",107
"hobsbawm1983a",175
"hodges2008a",261
"hoeg2014a",107
"hoilundnielsen1999b",137
"holmquistolausson1998a",202
"holmqvist1951a",236
"holst1110",171
"holst2013a",54
"holt1998a",234
"holt1998b",179
"hugason2000a",92
"imer2011a",245
"imer2011b",245
"ingstad1982a",175
"islendingabok1968a",182
"jacobsen1941a",16
"jakobsson2003b",41
"jansson1984c",24
"jansson1985a",3
"jansson1985b",9
"jansson1985c",9
"jansson1997a",202
"jensen2004a",13
"jensen2004b",31
"jensen2006a",176
"jensen1986a",88
"jensen1992a",129
"jensen1993c",128
"jeppesen2010a",266
"jesch2009a",73
"jesch2009b",3
"jesch1991a",205
"jessen2012a",88
"jessen2012b",95
"jones1997a",1750
"jones2013a",268
"jones2009a",25
"jones2012b",102
"jones2005a",44
"jones2005b",276
"jonsson2003a",259
"jorgensen2002b",66
"jorgensen1995a",88
"jorgensen1992a",64
"jorgensen1998a",179
"jorgensen1994a",38
"joyce2000a",197
"kennedy2011a",120
"kleingartner2013a",7
"kleingartner2014a",43
"klos2009a",24
"komber1999a",88
"kovalev2002a",9
"kristiansen1999a",46
"kristoffersen2004a",1751
"kristoffersen2010a",19
"krogh1982a",118
"kyhlberg1973a",212
"lambeck2010a",123
"larsen2007a",125
"larsen2011a",209
"larsson1990a",236
"larsson2006a",125
"larsson2006c",33
"lee2008b",27
"lehtosalohilander1982a",215
"leimus2007a",263
"leontev2017a",1752
"lewis2015a",223
"lie1952a",236
"ligi1993a",136
"lillehammer1999a",219
"ljungkvist2008b",188
"ljungqvist2010a",131
"lonnroth1982a",253
"lovejoy1985a",138
"lowe2008a",224
"lucas2008b",50
"lucy2002a",31
"ludowici2010a",120
"luhmlund1961",186
"lund2006a",217
"lund2008b",93
"lund2003a",1753
"lundborg1972a",250
"macphail1994a",167
"magnus1997",230
"magnusson1983a",133
"mann2003a",190
"marold2001a",179
"mccormick2012a",120
"mcgovern2009a",133
"mcgovern2013a",131
"meier2001a",192
"meskell2005a",197
"mikkelsen1994a",276
"mikkelsen1998a",125
"mikkelsen2008a",128
"mjaerum2012a",79
"moesgaard2008a",200
"muldner2007a",190
"murray1983a",169
"murray1983b",225
"myhre1992b",184
"myhre1992d",156
"myhre1987a",1754
"myhre1993a",173
"myhre1980a",173
"myhre1997a",32
"naismith2012a",216
"nasman1989a",13
"nasman2000a",269
"nasman1984a",252
"naum2012a",113
"neckel1983a",1755
"negrel2003a",207
"nelson1999a",200
"nelson2012b",52
"nielsen1998a",88
"nielsen2001a",128
"nielsen1994a",120
"nielsen2002a",230
"nielsen2002c",231
"nielsen1990a",160
"nordeide2011a",26
"oehrl2011a",1756
"oehrl2013a",1757
"olesen2004a",113
"olsen2009a",110
"olsen2001a",107
"olsson2004a",161
"osullivan2008a",256
"others1998",13
"oye2001a",257
"oye2002a",218
"oye2009a",53
"oye2009b",102
"oye2010a",218
"pagan1986a",146
"pedersen2009b",160
"pedersen2014c",10
"pedersen2015a",128
"pedersen2008b",5
"pedersen2001a",1758
"pedersen2003b",178
"pedersen2011a",10
"perdikaris2008a",49
"perdikaris2008b",118
"petersen1919b",140
"petre1993a",158
"petursdottir2009a",10
"pilo2007a",230
"pirenne1927a",116
"price2000b",149
"price2008c",287
"price2018e",56
"price2008d",200
"raghavan2014a",52
"ramskou1976a",249
"rasmussen2014a",245
"rasmussen1992",225
"raudvere2003a",154
"reynolds1994a",125
"richards1998a",68
"richards1996a",278
"roberts2003a",195
"roberts2000a",224
"roesdahl2014b",228
"roesdahl2003a",47
"roesdahl2005a",200
"roesdahl2005b",37
"roesdahl1996a",1759
"roesdahl1981a",200
"rolfsen1980a",216
"roskaft2005a",237
"roslund2001a",192
"rundkvist2007a",26
"salin1904a",154
"sanmark2013b",91
"sawyer2000c",108
"sawyer1988a",108
"sawyer2003a",1760
"sawyer2003b",1761
"sawyer2002a",108
"sawyer1987",24
"schetelig1912a",173
"schneidhofer2017b",124
"sealy2001a",190
"shanks1998a",82
"shetelig1940a",173
"shetelig1944a",140
"sigfusson1940a",25
"sigurdsson2008a",248
"sigurdsson2011a",92
"simek1993a",154
"simpson2002a",256
"simpson2002b",118
"sindbaek2011b",62
"sindbaek2014d",7
"sindbaek2012c",107
"skre2008b",116
"skre2010a",120
"skre2004a",111
"smith2007a",127
"smith2009a",240
"smith2011",214
"smith2001a",195
"soderberg2006a",14
"soderberg2002a",189
"soderberg2003a",124
"soderberg1996a",161
"solli1999b",25
"solli1996a",3
"solli1996b",175
"solli2008a",240
"solli2008b",240
"sorensen2017a",113
"sorensen1991a",129
"sorensen1999a",169
"staecker2001a",17
"staecker2009a",192
"steinsland1994a",265
"steinsland2013",1762
"stene2011a",188
"stene2015a",91
"stenvik2001a",3
"steuer1997a",140
"steward1955a",240
"stolpe1912a",157
"stolpe1912b",90
"stylegar2010a",94
"sundqvist2014a",189
"svensson2009c",102
"svensson2006a",79
"svensson2013a",188
"svensson2008a",235
"sykes2010a",77
"tesch2007a",272
"tesch2007b",92
"theliander2005a",28
"thomas1991a",23
"thomas2006a",181
"thomsen2005a",14
"thomson2007",224
"thrane1987a",222
"thunmarknylen1995b",192
"turner2007a",102
"vesteinsson2016a",1763
"vesteinsson2007a",49
"vesteinsson2007b",203
"vesteinsson2004b",203
"vesteinsson2001a",203
"vestergaard2007a",200
"wagner2001a",98
"wallander1989a",152
"waller1996a",252
"walsh2014a",107
"wamers1985a",140
"wamers1999a",236
"watt1999a",157
"watt1999b",157
"wells1999a",136
"white1988a",25
"wickholm2008a",215
"wideen1955a",28
"widgren1998a",118
"wilkinson2003a",240
"williams2011b",144
"williams2007a",4
"williams2002a",216
"wilson2006a",43
"wilson2006b",204
"wilson2007a",215
"wilson2007b",208
"wilson2008c",197
"wilson2008d",195
"wilson1998a",240
"wilson1996b",240
"zachrisson2002",79
"zachrisson2011b",4
"zachrisson2009b",38
"zachrisson2014c",194
"zachrisson2008a",10
"zori2013a",77
