"node_id","community_id"
"aannestad2018",1
"heenpettersen2018",2
"heenpettersen2019",3
"lund2016",4
"moen2020",5
"ambrosiani2015",6
"croix2015",7
"vonholstein2014",8
"warmlander2015",9
"lund2019",10
"solli2018",11
"dobat2006",12
"fabech2013",13
"gustafsson2011a",14
"larsson2007",15
"price2006",16
"fahlander2016",17
"price2018b",18
"eriksen2013",19
"andren2013a",20
"lund2004",21
"lund2005",21
"lund2008",22
"lund2017",23
"lund2020",24
"raffield2018",25
"williams2016",26
"zoega2017",27
"andren2013",28
"glorstad2012",29
"lund2010",30
"lund2013",31
"lund2015",23
"skre2019",32
"jessen2016",33
"price2014d",34
"magnell2010",35
"oehrl2017",36
"price2008a",37
"zachrisson2014a",38
"gardela2018",39
"gustafsson2016",40
"raffield2019",41
"androshchuk2018",42
"bill2017a",43
"burstrom2015",44
"glorstad2017",45
"odeback2018",46
"edberg2019",47
"kalmring2010",48
"voncarnapbornheim2014",49
"dugmore2012",50
"frei2015",51
"hartman2017",52
"hayeursmith2018a",53
"jackson2018",54
"tummuscheit2019",55
"artelius2013",56
"fahlander2018",17
"price2019",57
"raffield2016",58
"glorstad2015",59
"arwillnordbladh2013",60
"arwillnordbladh2013a",61
"ashby2015",62
"hennius2018",63
"perry2016",64
"sindbaek2017",65
"griffiths2019",66
"arwillnordbladh2012",67
"backdanielsson2016",68
"price2014",69
"barrett2010",70
"naumann2014",71
"price2014a",72
"star2017",73
"baug2019",74
"montgomery2014",75
"pilo2018",76
"downham2016",77
"mainland2018",78
"sindbaek2016",79
"amundsen2017",80
"bergstol2004",81
"croix2019",82
"kemmers2011",83
"nielsen2011",84
"baug2017",85
"loftsgarden2019",86
"rosvold2019",87
"svendsen2019",88
"beck2018",89
"grupe2013",90
"zachrisson2017a",91
"stene2017",92
"kristjansdottir2015",93
"bill2016",94
"bill2017",95
"fredriksen2014",96
"gullbekk2014",97
"macphail2013",98
"pedersen2015",99
"williams2014",26
"gardela2015",100
"jagodzinski2014",101
"hilberg2016",102
"sanmark2013",103
"harris2017",104
"richards2018",105
"anchukaitis2017",106
"helama2017",107
"pilo2020",108
"zachrisson2017",109
"eriksen2017",110
"ellingsen2019",111
"price2010",112
"jarman2018",113
"stott2019",114
"ulriksen2018",115
"pedersen2019",116
"sindbaek2018",117
"wouters2016",118
"dugmore2007",119
"keller2016",120
"tainter2006",121
"carver2015",122
"runge2018",123
"domeijlundborg2012",124
"schneidhofer2017",125
"tonning2020",126
"barrett2008",70
"beck2017",127
"spangen2009",128
"hillerdal2010",129
"christiansen2019",130
"dobat2013",131
"baug2015",132
"henriksen2017",133
"price2012",134
"milek2012",135
"kastholm2016",136
"toplak2018",137
"gustin2017",138
"pedersen2017",139
"peschel2017",140
"christensen2018",141
"heenpettersen2014",142
"ijssennagger2015",143
"kershaw2017",144
"raffield2014",145
"rogers2020",146
"williams2015",147
"hadley2018",148
"mcleod2011",149
"leonard2011",150
"price2020",151
"hrnjic2018",152
"kelly2015",153
"barndon2018",154
"lund2006",155
"hedeager2010",156
"kalmring2018",157
"eriksen2016",158
"mannering2013",159
"osullivan2015",160
"hedenstiernajonson2015",161
"price2011",162
"kalmring2012",163
"kalmring2017",164
"krzewinska2018",165
"helmbrecht2012",166
"oehrl2019",36
"sindbaek2014",167
"hilberg2018",168
"devos2013",169
"holst2013",170
"holst2014",171
"jessen2014",172
"buckberry2014",173
"tveiten2017",174
"bonde2016",175
"glorstad2014",176
"jahnsen2016",177
"baastrup2014",178
"henriksen2014",179
"borake2018",180
"hilberg2014",181
"hadley2016",182
"kershaw2016",183
"vesteinsson2016",184
"poulsen2011",185
"bill2012",186
"gustavsson2015",187
"androshchuk2010",188
"graslund2011",189
"lindholm2016",190
"ljungkvist2018",191
"chenery2014",192
"hedenstiernajonson2017",193
"toplak2015",194
"macphail2016",195
"gotfredsen2014",196
"milek2013",197
"runge2018a",198
"burstrom2014",199
"abrams2012",200
"pedersen2006",201
"roesdahl2011",202
"skre2011b",203
"linderholm2008",204
"lucas2007",205
"pedersen2009a",206
"rosengren2010",207
"wickholm2006",208
"knudson2012",209
"reiter2019",210
"tummuscheit2014",211
"feveile2017",212
"roslund2013",213
"roslund2015",214
"roslund2017",215
"sanmark2013a",216
"raninen2014",217
"skre2017",218
"skre2011a",219
"ijssennagger2013",220
"oye2014",221
"fallgren2008",222
"sutherland2015",223
"halstadmcguire2010",224
"kershaw2009",225
"catlin2016",226
"schmid2017",227
"holst2010",228
"sindbaek2011",229
"ljungkvist2015",191
"neiss2016",230
"goodchild2017",231
"vesteinsson2012",232
"sindbaek2011a",233
"aannestad2018a",1
"rundkvist2010",234
"staecker2004a",235
"sindbaek2007",236
"strand2011",237
"oye2016",238
"price2016",151
"gullbekk2011",239
"svensson2018",240
"andren2000",241
"storli2010c",242
"mulk2007",243
"naum2004",244
"solli2011",245
"becket2013",246
"steinforth2018",247
"trinks2014",248
"kovalenko2013",249
"imer2014",250
"ibsen2010",251
"harrison2016",106
"zori2013",252
"krzewinska2015",253
"christensen2013",254
"artelius2005",255
"feveile2012",256
"fischer2011",257
"myrberg2008",258
"frei2012",259
"benderjorgensen2012",260
"boyd2013",261
"arneborg2012",262
"pollard2012",263
"sutherland2009",264
"arwillnordbladh2008b",265
"fontaine2017",266
"sindbaek2013a",267
"skre2016",268
"arwillnordbladh2007",265
"magi2011",269
"becker2012",270
"barndon2005a",271
"ashby2015a",62
"feveile2011",272
"artelius2004a",273
"bitzthorsen2018",274
"svendsen2016",275
"myrberg2009",276
"majchczack2018",277
"skre2011",278
"gardela2013a",279
"gustafsson2011",280
"steinforth2015",281
"roslund2005",282
"bill2020",283
"rohdesloth2012",284
"naum2007",285
"draganits2015",286
"halewood2001",287
"pentz2009",254
"croix2021",82
"nosov2018",288
"magi2016",289
"perry2019",290
"lundborg2006",124
"lia2004",291
"croix2016",7
"gardela2014",7
"wicker2013",292
"kitzlerahfeldt2013",292
"croix2019a",293
"feveile2015",212
"gardela2013",294
"gardela2008",295
"price2005",295
"andren2006b",29
"leslie2015",296
"frei2012a",259
"gotfredsen2014a",297
"iversen2013",298
"gardela2018b",39
"hillerdal2009",129
"hayeursmith2013",52
"tummuscheit2012",299
"hedeager2003",156
"hennius2018a",63
"hardh2010",300
"iversen2015",301
"jankowiak2018",302
"jorgensen2010",303
"rundkvist2015",304
"kastholm2015",136
"jorgensen2009",305
"skorokhod2020",306
"sheehan2013",307
"ljungkvist2011",308
"sanmark2008",30
"richards2011",149
"lynnerup2014",309
"graslund2012a",76
"price2015",310
"price2014b",69
"price2014c",311
"myrberg2009a",312
"kalmring2016",18
"raffield2017",58
"kitzlerahfeld2015a",313
"pedersen2016b",139
"pedersen2009",314
"ravn2012",315
"price2018a",316
"raffield2016a",317
"price2018c",318
"pluskowski2010",319
"raffield2019a",41
"price2018d",320
"skre2017b",321
"price2019a",57
"andersson2008",322
"sindbaek2007a",236
"sindbaek2013",323
"semple2013",103
"toplak2017",324
"vesteinsson2014",325
"zachrisson2014",326
"williams2014a",327
"ulriksen2011",328
"zachrisson2004",329
"andren2002b",330
"aannestad2015",331
"ambrosiani2013",332
"andersson2004",333
"andersson2016",334
"andren2002",335
"andren2004",336
"androshchuk2013",337
"androshchuk2014",338
"androshchuk2012",339
"androshchuk2016",340
"arents2010",341
"armbruster2010",342
"artelius2007",343
"arwillnordbladh1998",344
"ashby2014",345
"backdanielsson2007",346
"ed2012",347
"barth1969",348
"e2014",349
"bergstol2008",350
"bhabha1994",351
"bjerg2013",352
"bogucki2012",353
"brather2013",354
"brink2011",355
"buntgen2016",356
"cannell2016",357
"clarke2017",358
"croix2012",359
"crumlinpedersen2010",360
"diamond2005",361
"dobat2014",123
"domeijlundborg2004",362
"englert2015",363
"eriksen1994",364
"feveile2009",365
"forster2009",366
"frog2014",367
"gardela2012",368
"gerds2015",369
"gjerpe2017",370
"grahamcampbell2013",371
"grahamcampbell2011",372
"graslund2007",373
"graslund2018",374
"griffiths2003",375
"hadley2013",376
"hall2014",377
"hallansstenholm2012",378
"hardh2016",152
"harrison2015",379
"harrison2014",380
"hedjakobsson2003",381
"hedeager2004",382
"hedeager2011",383
"hedenstiernajonson2006",384
"hedenstiernajonson2012",385
"helmbrecht2011",386
"hilberg2013",387
"n2017",388
"hodges2012",389
"ingvardson2012",390
"jennbert2015",391
"jensen2010",392
"jesch2015",393
"jones1997",394
"kalmring2013",395
"kershaw2013",396
"lemm2014",397
"lia2002",398
"ljungkvist2006",399
"loe2014",400
"lund2009",401
"merkel2016",152
"moen2011",402
"moen2019",403
"moesgaard2015",404
"myhre2015",405
"naum2008",406
"opedal2010",407
"oye2013",408
"paterson2014",409
"pedersen2004",410
"pedersen2014",411
"pedersen2016",412
"pilo2005",413
"price2000",414
"price2002",415
"price2001",416
"price2008",417
"price2018",418
"raja2018",419
"rasmussen2014",420
"richards2012",421
"roesdahl2014",422
"roslund2007",213
"russel2014",423
"said1978",424
"sanmark2017",425
"schietzel2014",426
"schultze2008",427
"skre2008",97
"soderberg2005",428
"solli2002",429
"staecker2004",430
"stanislawski2013",431
"stidsing2014",432
"svanberg2003",433
"thate2007",434
"toplak2016",435
"tummuscheit2011",436
"turner2006",437
"wallace2016",438
"wickham2005",439
"williams2020",440
"zachrisson2011",441
"andren2014",442
"christiansen2014",443
"dobat2010",444
"gardela2016",445
"gjerde2009",446
"glorstad2010",447
"graslund2010",448
"gustafsson2013",449
"smith2013",450
"lemm2013",451
"morawiec2009",452
"nordeide2011",453
"rundkvist2011",454
"rostad2016",455
"sindbaek2009",456
"sveinbjarnardottir2016",457
"williams2010",458
"ambrosiani2001",459
"graslund1984",460
"hraundal2013",461
"ilisch1990",6
"jansson1986",462
"jansson1987",463
"jansson1989",6
"wikander1978",6
"aannestad2016",464
"andren2011",465
"baastrup2012",466
"baastrup2010",467
"bagge1991",468
"bakka1963",469
"bakka1961",470
"bakka1971",471
"blackburn2002",472
"blindheim1973",473
"blindheim1999",474
"blindheim1995",475
"boe1940",476
"callmer1992",477
"callmer2008",478
"cramp1997",479
"downham2008",480
"dumville2008",481
"ekengren2009",482
"gaut2001",483
"gaut2011",484
"geber1991",485
"gosden1999",486
"grahamcampbell2000",487
"gustin2004",488
"hahn2013",489
"hedeager2002",490
"hedeager1992",491
"helms1993",492
"heyerdahllarsen1981",493
"hines1984",494
"hodder1982",495
"hodder1986",496
"hagg1974",497
"jansson1984",498
"vidar2010",499
"krag1994",500
"kristiansen2005",501
"maran2012",502
"marstrander1963",503
"mauss1950",504
"mikkelsen2002",505
"myhre1992",506
"croinin1989",507
"pedersen2008",508
"peets2012",509
"petersen1940",510
"raven2005",511
"rogers2006",512
"simonsen1981",513
"skaare1963",514
"skaare1976",515
"solli1995",516
"thomas1991",517
"waller1982",518
"wamers1985",519
"wamers2011",520
"williams2008",521
"wilson2006",1
"amundsen2001",522
"amundsen2011",523
"amundsen2015",524
"amundsen2007",525
"apel2001",526
"apel2005",527
"aronsson1991",528
"askeladden2015",529
"bakka1973",530
"bakka1976",531
"barth1976",532
"barth1996",533
"baudou1987",534
"bergman2016",535
"bergsland1992",536
"bergstol1997",537
"bergstol2009",538
"bjorn1934",539
"boaz1997",540
"bolstad1980",541
"braseth2014",542
"brendalsmo2003",543
"brogger1942",544
"bull2002",545
"byggstoyl2012",546
"damm2010",547
"fjellheim1999",548
"fjellheim2012",549
"forsberg2005",550
"fossum2006",551
"fredriksen1983",552
"fuglesang1980",553
"fuglestvedt2006",554
"gjerde2016",555
"gjessing1945",556
"grandell1986",557
"grimbe2013",558
"gustafson1988",559
"gustavsen2014",560
"hagen1946",561
"hagstrom2010",562
"hallgren2008",563
"hansen2004",564
"hansen2014",565
"hedman2003",566
"helstad2001",567
"hildre2012",568
"hole2013",569
"holm1991",570
"holm2016",571
"holseng2004",572
"hougen1947",573
"indreko1956",574
"jenkins2008",575
"johansen1981",576
"kleppe1977",577
"lannerbro1976",578
"marstrander1977",579
"mathiesen2005",580
"melheim2015",581
"mikkelsen1994",582
"mikkelsen1975",583
"mjaerum2012",584
"mulk1994",585
"myhre1962",586
"norell1987",587
"nou2007",588
"nyland2016",589
"odner1983",590
"odner2000",591
"ojala2009",592
"olsen1985",593
"olsen1991",594
"pareli1991",595
"prescott2009",596
"schanche1985",597
"scheen1979",598
"serning1966",599
"sjurseike1994",600
"skandfer1996",601
"skjolsvold1980",602
"skjolsvold1981",603
"skjolsvold1984",604
"smith2006",605
"soborg1988",606
"solberg1986",607
"sommerseth2011",608
"spangberg2014",609
"spangen2010",610
"stene2010",611
"stenvik1988",612
"svensson2006",613
"swensen2017",614
"trigger2006",615
"vorren1965",616
"wegraeus1971",617
"zachrisson1997",618
"zachrisson2015",619
"abrams2004",620
"phil2010",621
"fanning1994",622
"sheehan1998",623
"sheehan2009",624
"omeadhra1979",625
"blackburn1981",626
"glorstad1987",627
"grahamcampbell1984",628
"jensen1968",629
"davidson1962",630
"grinsell1961",631
"bjorn1940",632
"kovalev2004",633
"arbman1940",634
"arne1914",6
"bearman2014",6
"anonymous2012",635
"ljung2010",636
"lang2001",637
"cohen2004",638
"jesch2002",639
"whaley2004",200
"tweddle1995",200
"coatsworth2008",200
"grahamcampbell1980",640
"wamers2009",641
"grahamcampbell2007",200
"brunning2013",642
"sonderso2005",643
"stenalt1960",644
"kolindsund1936",645
"luhm1903",646
"androshchuk2001",647
"androshchuk2002",648
"androshchuk2003",649
"androshchuk2009",650
"androshchuk2004",651
"appadurai1937",652
"arbman1937",653
"arrhenius1985",654
"bazelmans1999",655
"bergman1976",656
"behmer1939",657
"behrend1936",658
"brondsted1936",659
"chase1979",660
"colmo1953",661
"cross1914",662
"falk1914",663
"gameson2001",664
"gansum1991",665
"geibig1992",666
"grahamcampbell1968",667
"gurevich1968",668
"habbe2005",669
"hakonarherdibreids1991",670
"harke2000",671
"jacobsen1942",672
"nasman1991",673
"jorgensen1966",674
"lavrsen1960",675
"mauss1980",676
"menghin1980",677
"mullerwille1978",678
"mullerwille1984",679
"mullerwille1980",680
"north1980",681
"nasman1989",682
"ostergren1976",683
"olsson1975",684
"owencrocker1966",685
"ornes1966",686
"paulsen1953",687
"pedersen1995",688
"pedersen1997",689
"pedersen2002",690
"peirce1919",691
"petersen1919",692
"rydbeck1932",693
"schulzedorrlamm1987",694
"handelderwikingerzeitzwischennordundwesteuropaaufgrundarchaologischerzeugnisse1987",695
"klaesoe2005",696
"smidt1991",697
"stocklund1985",698
"strid1961",699
"stromberg1946",700
"svanberg1995",701
"thunmarknylen1995",702
"thunmarknylen2001",703
"bergman2005",704
"thalinbergman2000",705
"theuws2000",706
"turvillepetre1960",707
"wamers1930",708
"whitelock1955",709
"willemsen2004",710
"wilson1955",711
"wrenn1958",712
"zachrisson1984",713
"zachrisson2012",714
"ammann2007",715
"ammann2003",716
"anchukaitis2014",717
"anchukaitis2012",718
"anchukaitis2010",719
"anchukaitis2013",720
"anchukaitis2006",721
"andreuhayles2011",722
"andronova2000",723
"autin2015",724
"biondi1999",725
"bowman1997",726
"bradley2001",727
"breitenmoser2012",728
"briffa1993",729
"briffa1994",730
"briffa1995",731
"briffa2000",732
"briffa1996",733
"briffa1998",734
"briffa2011",735
"briffa2013",736
"briffa2004",737
"briffa2002",738
"brohan2012",739
"buckley2010",740
"buntgen2006",741
"buntgen2013",742
"buntgen2011",743
"buntgen2014",744
"campbell2007",745
"coledai2013",746
"cook1990",747
"cook1987",748
"cook2010",749
"cook1994",750
"cook1995",751
"cook2013",752
"cook1999",753
"cowtan2014",754
"crowley2000",755
"crowley2008",756
"darrigo2011",757
"darrigo2003",758
"darrigo1992",759
"darrigo2004",760
"darrigo2013",761
"darrigo2008",762
"darrigo2015",763
"darrigo2009",764
"darrigo2006",765
"davi2003",766
"delaygue2011",767
"doradolinan2012",768
"edwards2007",769
"emilegeay2013",770
"esper2013",771
"esper2002",772
"esper2014",773
"esper2010",774
"esper2007",775
"esper2012",776
"esper2016",777
"esper2015",778
"esper2005",779
"estrada2013",780
"evans2013",781
"evans2002",782
"evans2001",783
"frank2007",784
"frank2010",785
"fritts1976",786
"fritts1991",787
"gallant2013",788
"gao2008",789
"gao2006",790
"gennaretti2014",791
"gershunov1998",792
"gillett2012",793
"goosse2016",794
"grinsted2004",795
"hakim2016",796
"harris2013",797
"haurwitz1981",798
"hegerl2014",799
"hegerl2007",800
"hegerl2003",801
"hegerl1997",802
"hegerl2006",803
"hegerl2011",804
"helama2014",805
"hughes2002",806
"hughes1994",807
"hughes1999",808
"jacoby1995",809
"jacoby2000",810
"jones2013",811
"jones2009",812
"jones2012",813
"jull2014",814
"kaplan2011",815
"kaufman2014",816
"keigwin2003",817
"kennedy2011",818
"klesse2015",819
"lavigne2013",820
"lean2006",821
"lee2008",822
"lehner2012",823
"lewis2015",824
"li2010",825
"linderholm2015",826
"luckman2005",827
"ludlow2013",828
"mann1998",829
"mann2012",830
"mann2002",831
"mann2013",832
"mann2005",833
"mann2007",834
"mann2008",835
"mann2009",836
"massondelmotte2013",837
"matskovsky2016",838
"matskovsky2014",839
"matthews2005",840
"mccarroll2013",841
"mccarroll2002",842
"mcgregor2015",843
"mckay2014",844
"meehl2004",845
"meko1997",846
"melvin2008",847
"melvin2004",848
"michaelson1987",849
"morice2012",850
"muscheler2007",851
"naulier2015",852
"ogurtsov2016",853
"oman2005",854
"ortega2015",855
"pausata2015",856
"payette2007",857
"pederson2014",858
"phipps2013",859
"plummer2012",860
"pongratz2008",861
"raspopov2008",862
"rimbu2003",863
"rind1999",864
"rind2004",865
"robock2000",866
"rutherford2003",867
"rydval2017",868
"schmidt2010",869
"schmidt2014",870
"schmidt2012",871
"schneider2009",872
"schneider2015",873
"schneider2001",874
"schurer2013",875
"schurer2014",876
"schweingruber1993",877
"schweingruber1978",878
"seager2008",879
"seager2007",880
"shindell2009",881
"shindell2014",882
"shindell2015",883
"shindell2004",884
"shindell2001",885
"shindell2003",886
"sigl2015",887
"smerdon2010",888
"smerdon2008",889
"smerdon2011",890
"smerdon2016",891
"solomon2011",892
"st2014",893
"george2013",894
"steiger2014",895
"steinhilber2009",896
"stenchikov2006",897
"stoffel2015",898
"vonstorch2004",899
"stott2010",900
"stott2009",901
"stott1998",902
"stuiver1993",903
"sundqvist2014",904
"swingedouw2010",905
"szeicz1995",906
"tierney2015",907
"tingley2015",908
"tingley2012",909
"tingley2010",910
"tingley2013",911
"torrence1998",912
"touchan2014",913
"trenberth1984",914
"verosub2008",915
"vieira2010",916
"wagner2001",917
"wagner2005",918
"wang2015",919
"waple2002",920
"wiles2014",921
"wilson2016",922
"wilson2010",923
"wilson2007",924
"wilson2014",925
"wise2015",926
"youngblut2008",927
"zanchettin2012",106
"zhang2016",106
"zorita2003",106
"zwiers2000",106
"ivakin2001",42
"kjellstrom2012",42
"kjellstrom2013",928
"koktvedgaardzeiten1997",929
"kovalenko2006",930
"stolpe1992",42
"nerman1935",200
"helms1988",931
"andren1999",932
"andren2007",933
"back2012",934
"bandmann1951",935
"baudou1989",936
"berend2007",937
"blomkvist1998",938
"blomkvist2002",939
"brendalsmo1994",940
"brink1992",941
"ross2002",942
"diiwel1985",943
"dyggve1952",944
"fabech1991",945
"fehring1991",946
"gotfredsen1988",947
"graslund1992",948
"graslund2001",949
"graslund1993",950
"gren1989",951
"hallansstenholm2006",952
"hedeager1999",953
"hellstrom1996",954
"hernaes1999",955
"hildebrandt1985",956
"hultgard1997",957
"iregren1989",958
"janson1998",959
"jeppesen1991",960
"johannsen1981",961
"johansen1997",962
"krautheimer1942",963
"larsson2004",964
"liden1969",965
"ljungberg1938",966
"mcnicol1997",967
"meckseper1982",968
"nielsen1997",969
"nielsen2005",970
"nordahl1996",971
"olsen1966",972
"olsen1972",973
"rydh1969",974
"sandnes1987",975
"skre1995",976
"sondergaard1972",977
"stamsomunch1991",978
"sundqvist2007",979
"svensson2012",980
"theliander2003",981
"theliander2005",982
"vibemuller1991",983
"vikstrand2001",984
"devries1957",985
"wallander1994",986
"wideen1955",987
"zachrisson1963",988
"strand2010",989
"barber1991",990
"benderjorgensen1986",991
"benderjorgensen1987",992
"benderjorgensen1992",993
"benderjorgensen1995",994
"costin1991",995
"geijer1938",996
"geijer1980",997
"geijer1972",998
"gleba2008",999
"hald1980",1000
"hedeagerkrag1994",1001
"herlihy1964",1002
"hagg1983",1003
"hagg1984",1004
"hagg1985",1005
"hagg1986",1006
"hagg1991",1007
"ingstad1980",1008
"michel2010",237
"martensson2007",237
"martensson2000",237
"pedersen1998",1009
"waltonrogers1996",1010
"waltonrogers2007",1011
"kovalenko2012",42
"geibig1991",188
"zachrisson1998",1012
"hookernd",1013
"jay2006",1014
"kalland2000",1015
"kosiba2007",1016
"lynnerup1998",1017
"mcgovern1985",1018
"mcgovern2000",1019
"mcgovern1996",1020
"mcgovern2005",1021
"mcgovern2004",1022
"muldner2007",1023
"mohl1982",1024
"adalsteinsson1990",1025
"alexandersen2003",1026
"arneborg1990",1027
"balslevjorgensen2001",1028
"barret2005",1029
"bruun1928",1030
"commisso2006",1031
"commisso2007",1032
"enghoff2003",1033
"fricke1995",1034
"gullov2012",1035
"hebsgaard2009",1036
"vebaek1992",1037
"vebaek1993",1038
"oye2001",1039
"nelson2003",1040
"nelson2012",1041
"olafsson2006",1042
"privat2002",1043
"reitsema2010",1044
"schweger1998",1045
"simpson2002",1046
"simpson2007",1047
"edvardsson2012",1048
"sveinbjornsdottir2010",262
"vebaek1991",262
"alberti2013",1049
"andersson1998",1050
"andren1989",1051
"arrhenius1962",1052
"arrhenius1994",1053
"arrhenius1997",1054
"arrhenius1932",1055
"arwillnordbladh2011",1056
"backdanielsson2010",1057
"berg2007",1058
"bergqvist1999",1059
"bragg1997",1060
"brink2008",1061
"christensen2008",1062
"christensen2009",1063
"christensen2010",1064
"gillespie2008",1065
"gilman2010",1066
"graslund2005",1067
"graslund2008",1068
"gronvik2008",1069
"hagberg1976",1070
"helmbrecht2007",1071
"hjorungdal1991",1072
"hardh2008",1073
"jansson1996",1074
"jensen2004",1075
"johansson2008",1076
"jorgensen2002",1077
"jorgensen2008",1078
"kuper1988",1079
"larsson1997",1080
"lassen2003",1081
"lundstrom1995",1082
"ljungkvist2005",1083
"lundgren2007",1084
"malmberg2009",1085
"malmberg2010",1086
"mannering2010",1087
"martinson1956",1088
"mauss1934",1089
"nasstrom2001",1090
"raudvere2008",1091
"ringkvist1969",1092
"roberts1999",1093
"silvers2009",1094
"solli1999",1095
"sonne2010",1096
"steinsland2007",1097
"stolpe1912",1098
"sorensen1997",1099
"thomson1997",1100
"vikingatidens1995",1101
"weiner1985",1102
"williams2011",1103
"schulzedorrlamm1995",188
"almgern1914",1104
"anderson1983",1105
"andersson1990",1106
"andersson1995",1107
"andersson2011",1108
"arne1932",1109
"arrhenius1976",1110
"bradley2002",1111
"bradley2003",1112
"burstrom2012",1113
"chapman1997",1114
"chapman1977",1115
"chapman2006",1116
"climo2002",1117
"connerton1989",1118
"delvin2007",1119
"dommasnes2006",1120
"dommasnes2008",1121
"duczko1985",1122
"jansson1985",1123
"jennbert2011",1124
"jensen2003",1125
"jones2007",1126
"kaliff1999",1127
"kaliff2001",1128
"knappett2012",1129
"kokowski2010",1130
"tsamis2010",1131
"lowenthal1999",1132
"vonmuller1958",1133
"nora1989",1134
"nugent2012",1135
"renfrew2004",1136
"rowlands1993",1137
"rowlands1999",1138
"sjogren2003",1139
"vandyke2003",61
"williams2003",1140
"aqvist1996",1141
"artelius1996",1142
"baudou2004",1143
"bolin2004",1144
"bratt2008",1145
"burstrom1989",20
"chippendale1983",1146
"gosden1994",1147
"gustavson1986",20
"lonnroth1977",1148
"olivier1999",1149
"pollard2002",20
"sawyer2000",1150
"shanks1987",1151
"stromberg1968",20
"widholm2006",20
"williams2006",1152
"zachrisson1994",1153
"pagesk2013",1154
"aberg1921",1155
"adamavbremen1984",1156
"ambrosiani1964",1157
"andersson1992",1158
"andersson1989",1159
"arend1978",1160
"axelsson1993",1161
"baer1998",1162
"baines1989",1163
"berg1987",1164
"bergman1948",1165
"berlo1983",1166
"bjurstrom1996",1167
"blair1989",1168
"brondsted1920",1169
"bugge1953",1170
"carlqvist1977",1171
"carlsson1985",1172
"christiansson1959",1173
"christophersen1982",1174
"claesson1982",1175
"clanchy1979",1176
"crocker1982",1177
"danbolt1989",1178
"ekblad1997",1179
"elgh1987",1180
"vonfriesen1913",1181
"fuglesang1978",1182
"odense1981",1183
"svardstrom1962",1184
"goody1977",1185
"graslund1985",1186
"gronvik1981",1187
"gronvik1985",1188
"gurevich1985",1189
"gustavson1988",1190
"hagenfeldt1996",1191
"hallencreutz1982",1192
"haseloff1981",1193
"hedeager1997",1194
"herschend1994",1195
"hildebrandnd",1196
"holmback1943",1197
"holmqvist1951",1198
"holtsmark1960",1199
"hubler1996",1200
"hyenstrand1974",1201
"johansson1996",1202
"kallstrom1992",1203
"klindtjensen1975",1204
"kristoffersen1995",1205
"kyhlberg1983",1206
"lager1995",1207
"lagman1990",1208
"larsson1990",1209
"fornvannen1997",1210
"lindblad1992",1211
"lindell1994",1212
"lindkvist1988",1213
"lindqvist1931",1214
"lindstrom1992",1215
"lonnroth1982",1216
"marcus1992",1217
"meijer1992",1218
"moltke1974",1219
"mostrom1998",1220
"miillernd",1221
"og1911",1222
"ol1900",1223
"olason1989",1224
"ong1982",1225
"orsnes1966",1226
"orsnes1969",1227
"owe1995",1228
"palm1992",1229
"peterson1994",1230
"petre1984",1231
"petre1993",1232
"philippa1977",1233
"ragnesten1978",1234
"randsborg1980",1235
"russell1994",1236
"salberger1978",1237
"salin1904",1238
"sandahl1996",1239
"sawyer1988",1240
"sawyer1993",1241
"schuck1935",1242
"segelberg1983",1243
"shetelig1909",1244
"sjoberg1985",1245
"snorres1997",1246
"soderberg1905",1247
"soderqvist1993",1248
"strid1987",1249
"sundqvist1996",1250
"svardstrom1936",1251
"svenbro1975",1252
"thrainsson1994",1253
"varenius1998",1254
"wamers1999",1255
"wijkander1983",1256
"williams1990",1257
"wilson1995",1258
"wilson1994",1259
"zanker1988",1260
"runinskrifter1984",1261
"garlandthomson2002",67
"aarissorensen1988",1262
"aarissorensen2007",1263
"ambrosiani1981",1264
"arneborg1998",1265
"ashby2011",1266
"ashby2013",1267
"smith1995",1268
"barrett2011",1269
"bately2007",1270
"bencard1990",1271
"blaut1993",1272
"buchwald2006",1273
"buckley2011",1274
"buckley2009",1275
"buckley2014",1276
"callmer2002",1277
"sachensymposium2001",1278
"callmer2003",1279
"childe1950",1280
"clarke1991",1281
"coupland2010",1282
"coupland2011",1283
"cowgill2004",1284
"feveile2001",1285
"feveile2006",1286
"fleming2009",1287
"galloway1981",1288
"henderson2005",1289
"hodges1982",1290
"hull2008",1291
"jantzen2013",1292
"keller2010",1293
"kirby2013",1294
"knappett2008",1295
"lie1991",1296
"ling2013",1297
"loveluck2006",1298
"madsen1984",1299
"madsen2004",1300
"madsen2014",1301
"mahler2007",1302
"mainman1999",1303
"mattingly2013",1304
"miksic2000",1305
"muller2012",1306
"nasman2000",1307
"nasman2003",1308
"nesje2012",1309
"rau2010",1310
"renfrew2008",1311
"riddler2003",1312
"rieck2006",1313
"roesdahl2003",1314
"lewissimpson2000",1315
"roesdahl2001",1316
"schyman2012",1317
"sinclair2012",1318
"skov1997",1319
"skov1999",1320
"skov2006",1321
"skov2010",1322
"skre2007",1323
"smirnova2002",1324
"stephan1994",1325
"stewart2013",1326
"strohalm2010",1327
"taylor2012",117
"theuws2004",1328
"trigger2008",1329
"ulbricht1978",1330
"vandoorn2014",1331
"verhulst1994",62
"weber1995",62
"wigh2001",62
"yoffee2005",62
"boric2008",1332
"goransson1999",1333
"hirdman1988",1334
"joyce2005",1335
"muckenberger2012",1336
"nasstrom1986",1337
"vikingatidens1995a",1338
"almgren1905",1339
"arbman1945",1340
"artelius1999",1341
"artelius2002",1342
"berger1979",1343
"ross1998",1344
"edsman1987",1345
"fors2002",1346
"halbwachs1952",1347
"jennbert1977",1348
"lundborg1972",1349
"moon1987",1350
"napier1992",1351
"rappaport1999",1352
"rolston1987",1353
"sahlstrom1948",1354
"strom1967",1355
"turner1983",255
"thomas1985",255
"vedelnd",1356
"wikstrom1993",255
"janson2009",61
"bergqvist1997",1357
"alberti2014",1358
"am2013",1359
"backdanielsson2012",1360
"barad2003",1361
"barad2007",1362
"burstrom1994",1363
"ccby2016",1364
"ekholm1950",1365
"fowler2015",1366
"graslund1991",1367
"jonsson2015",1368
"klos2009",1369
"koster2014",1370
"lager2002",1371
"larsson2010",1372
"lindeberg2009",1373
"mitchell2005",1374
"munn1986",1375
"nielsen1941",1376
"peterson2006",1377
"dictionary2016",1378
"runtextdatabas2015",1379
"saol1998",1380
"sjoborgnd",68
"brink1981",68
"hobsbawm1983",1381
"jennbert2004",255
"wamers1987",1382
"frick1992",1383
"aatsleff2010",1384
"aberg1936",1385
"albrethsen2002",1386
"brandt2002",1387
"johansen1987",1388
"fraenkelschoorl1978",1389
"garipzanov1980",1390
"grahamcampbell1991",1391
"hyvass1986",1392
"jensen2006",1393
"jorgensen2003",1394
"jorgensen2006",1395
"klingenberg1984",1396
"lennarrson1983",1397
"longley1975",1398
"macgregor1993",1399
"moesgaard2010",1400
"monge2003",1401
"nielsen2006",1402
"nielsen2004",1403
"olsen1981",1404
"olsen1977",123
"ryan1997",1405
"rygh2003",1406
"ulriksen1970",1407
"vandoorn2011",1408
"arneborg2003",1409
"arrhenius1995",1410
"ashby2006",1411
"smith1993",1412
"barrett2003",1413
"besteman2004",1414
"biddle2001",1415
"bolin1953",1416
"brettell2000",1417
"brooks1971",1418
"burstrom1993",1419
"byock2001",1420
"carver1990",1421
"carver1995",1422
"clover1988",1423
"coupland1998",1424
"crumlinpedersen1995",1425
"crumlinpedersen2007",1426
"dahljensen1998",1427
"dansgaard1975",1428
"downham2007",1429
"duczko2004",1430
"dumville2002",1431
"dyer2002",1432
"earle1997",1433
"edwards2005",1434
"englert2007",1435
"etchingham1996",1436
"etchingham2007",1437
"forenbaher2005",1438
"fossier1999",1439
"grahamcampbell1975",1440
"hadley2006",1441
"halsall2003",1442
"hannon2005",1443
"hansen2000",1444
"haywood1999",1445
"heinsohn2003",1446
"hernaes1997",1447
"hill1981",1448
"hill2001",1449
"hills2003",1450
"hodges2006",1451
"hodges1983",1452
"holm1986",1453
"hunter2007",1454
"johnson2001",1455
"jonsson1911",1456
"karlsson1997",1457
"keegan2004",1458
"keynes1997",1459
"kristoffersen2004",1460
"kuhn1977",1461
"lund1989",1462
"magi1999",1463
"slavi1997",1464
"mccormick2001",1465
"michelli1993",1466
"minorsky1958",1467
"montgomery2006",1468
"montgomery2003",1469
"morris1998",1470
"mullerwille1994",1471
"myhre1987",1472
"myhre1993",1473
"nelson1991",1474
"nelson1997",1475
"nondier2002",1476
"croinin1995",1477
"oppenheimer2007",1478
"owen1999",1479
"paterson2001",1480
"pirenne1939",1481
"reuter1985",1482
"richards2000",1483
"ridel2007",1484
"roesdahl1991",1485
"santiagoirizarry2008",1486
"sawyer1982",1487
"scholz1970",1488
"simek2004",1489
"skre2001",1490
"small1973",1491
"stefansson2003",1492
"vesteinsson2006",1493
"wallace2003",1494
"warner1976",1495
"weber1992",1496
"westerdahl2008",1497
"wicker1998",1498
"woolf2007",1499
"wormald1982",1500
"runicdictionary2016",68
"samnordiskruntextdatabas2016",68
"nilsson1996",1501
"moltke1942",1502
"aughdal1979",1503
"baug2011",1504
"baug2013",1505
"bergstrom2007",1506
"brodshaug1950",1507
"campbell1939",1508
"carelli1997",1509
"cederlund1964",1510
"christophersen1999",1511
"ek1962",1512
"fisher2004",1513
"forster2004",1514
"friisnd",1515
"granlund1956",1516
"grenne2008",1517
"gron1939",1518
"gron1942",1519
"hamilton1956",1520
"helberg2010",1521
"helle1982",1522
"jensen1990",1523
"kaland1987",1524
"kristiansen2009",1525
"processing2009",1526
"kristensen1999",1527
"molaug1982",1528
"keysernd",1529
"magnusnd",1530
"petersen1951",1531
"reiersen1999",1532
"resi1979",1533
"rnregestanorvegica1989",1534
"roesdahl1980",1535
"sindbaek2005",1536
"skaarup2009",1537
"skjolsvold1961",1538
"smith1999",1539
"steensberg1964",1540
"steuer1987",278
"tengesdal2010",1541
"vangstad2003",132
"viklund2007",132
"visted1975",132
"weber1984",1542
"weber1989",1543
"weber1999",132
"oye2002",1544
"oye2009",132
"bockman1997",1545
"gjerpe2005",1546
"glorstad2008",1547
"gudmundsdottir2003",1548
"hufthammer2016",1549
"harke2014",1550
"iversen1999",1551
"jezek2015",1552
"kristoffersen2006",1553
"meling2014",1554
"metcalf1991",1555
"moberg1992",1556
"mullerwille1977",1557
"ohlhaver1939",1558
"roberts2015",1559
"ronne2002",1560
"sauvage2005",1561
"straume1984",1562
"wallander1989",1563
"ostigard2006",1564
"fuglesang1986",1565
"larsen1989",1566
"andersson2005",1567
"artelius2010",1568
"borgeaud1987",1569
"boyend",1570
"burke1989",1571
"edmonds1999",1572
"fernholm1982",1573
"gosden1998",1574
"hansson1991",1575
"hemmendorff1980",1576
"stenholm2004",1577
"jennbert1991",1578
"lindqvist2010",1579
"lundborg2007",1580
"nagy1976",1581
"olson1968",1582
"rudbeck1978",1583
"stromberg2005",1584
"zuesse1987",56
"ayliffe1990",1585
"balasse2003",1586
"batey1998",1587
"becker1998",1588
"becker2011",1589
"behre2008",1590
"benecke1982",1591
"bentley2006",1592
"bosl2006",1593
"butzler1986",1594
"buzon2010",1595
"clementz2001",1596
"doppler2010",1597
"drouet2005",1598
"elsner1989",1599
"frei2011",1600
"fricke1998",1601
"fry2006",1602
"grupe2009",1603
"grupe2010",1604
"grupe2012",1605
"heinrich1987",1606
"heinrich2006",1607
"huster1983",1608
"jacomet2010",1609
"koch2007",1610
"kohn1996",1611
"kohn2002",1612
"layman2007",1613
"leethorp1989",1614
"lepiksaar1977",1615
"mewis2004",1616
"miller2010",1617
"mullerwille2002",1618
"newsome2004",1619
"oconnor2004",1620
"phillips2003",1621
"pieper1995",1622
"reichstein1991",1623
"reichstein1966",1624
"rozanski1992",1625
"schmolcke2006",1626
"schoeninger1984",1627
"sjogren2009",1628
"smed2002",1629
"stephan2008",1630
"stevens2006",1631
"surge2005",1632
"taastrom1999",1633
"tieszen1991",1634
"vogel1989",270
"vogel2002",270
"vonlehmann1986",270
"west2010",270
"dommasnes1976",1635
"stylegar2010",1636
"stylegar2014",1637
"straume1986",1638
"tarlow2016",26
"oye1985",1639
"bmasstrom2001",56
"lindqvist2012",56
"adams1991",1640
"arnold2012",1641
"bailey1990",1642
"bailey2015",1643
"bailey2007",1644
"beck2014",1645
"becker1966",1646
"becker1971",1647
"berggren2009",1648
"bille2016",1649
"bloch1977",1650
"boivin2008",1651
"bowker2005",1652
"cobb2012",1653
"delanda2006",1654
"delanda2016",1655
"deleuze2005",1656
"edgeworth2012",1657
"eisenschmidt2013",1658
"ejstrud2000",1659
"fahlander2003",1660
"felding2013",1661
"fundfortidsminder2017",1662
"gell1992",1663
"gerritsen1999",1664
"gerritsen2008",1665
"gosden2015",1666
"gramsch1996",1667
"hamilakis2017",1668
"hansen2015",1669
"harris1989",1670
"holst1999",1671
"holtorf1998",1672
"holtorf2002",1673
"hvass1983",1674
"hvass1985",1675
"ingold2010",1676
"jensen2005",1677
"joy2009",1678
"larsen2007",1679
"laursen2017",1680
"lucas2005",1681
"lucas2008",1682
"lucas2012",1683
"mcanany2009",1684
"mikkelsen1998",1685
"sekretariat1997",1686
"mikkelsen2016",1687
"moller2010",1688
"mud2014",1689
"muller1906",1690
"munn1992",1691
"nasman1987",1692
"nativ2017",1693
"olivier2011",1694
"olsen1968",1695
"pauketat2005",1696
"pearson1994",1697
"reynolds1994",1698
"rosenberg2010",1699
"shennan1993",1700
"slotsogkulturstyrelsen2017",1701
"sorensen2015",1702
"thomas1996",1703
"tornbjerg1998",1704
"tringham2000",1705
"vanoyen2015",1706
"villumsen2013",1707
"witmore2013",1708
"zimmermann1998",127
"anckers1993",1709
"andersson1999",1710
"brown1991",1711
"cassel2004",1712
"cnattingius1930",1713
"foxhall2000",1714
"gilchrist2004",1715
"jonsson2003",1716
"kallen2004",1717
"moberg1987",1718
"olivier2004",1719
"palm2004",265
"ralph2005",265
"vandyke2003b",1720
"wessen1958",265
"widmark1993",265
"askvik1990",1721
"askvik2008",1722
"askvik2014",1723
"bakmark2014",1724
"bazelmans2009",1725
"berglund1995",1726
"bos2005",1727
"bratrein1994",1728
"buchwald2005",1729
"callmer1991",1730
"callmer1998",1731
"callmer2007",1732
"coupland2002",1733
"crosby1987",1734
"curta2007",1735
"delvaux2017",1736
"downham2011",1737
"eldorhagen2001",1738
"ellis1969",1739
"ellmers1985",1740
"etchingham2014",1741
"feveile2000",1742
"gardner2007",1743
"gaunt2000",1744
"hald1991",1745
"hansen2017a",1746
"hines1999",1747
"hodges2001",1748
"holand2003",1749
"holberg2015",1750
"holm2015",1751
"iversen2018",1752
"jansen2001",1753
"jellema1955",1754
"jesch2009",1755
"kars1983",1756
"knol2017",1757
"koht1919",1758
"krol2006",1759
"lebecq1990",1760
"lebecq1999",1761
"ljungkvist2009",1762
"lonaas2001",1763
"moore1978",1764
"moore1983",1765
"myrvoll1991",1766
"nasman1986",1767
"nicolay2005",1768
"nicolay2017",1769
"nilsen2016",1770
"corrain1998",1771
"pilo2011a",1772
"resi1990",1773
"resi2008",1774
"roesdahl1995",1775
"schreiner1928",1776
"sheehan2008",1777
"sitzmann2008",1778
"sjovold1974",1779
"skre2018",1780
"sode2017",1781
"stenvik1997",1782
"storli2006",1783
"svennung1967",1784
"walther2004",1785
"wickham2008",1786
"wilson1985",1787
"wood1983",1788
"plogmann2006",270
"bonde1994",1789
"brogger1917",1790
"dybwad1908",1791
"johansen2016",95
"kluwernd",95
"mullerwille1970",1792
"paasche2010",95
"grahamcampbell2004",1793
"thomsen2009",1794
"aud1996",1795
"aud1997",1796
"wamers2005",1797
"lennarrsson1999",1798
"brondsted1924",1799
"skovmand1942",1800
"wamers1991",1801
"lennartsson1999",1802
"andersen1995",1803
"brucemitford2005",1804
"roth2002",1805
"wamers1994a",1806
"aud1992",1807
"aarsleff2008",1808
"adamsen1997",1809
"albrethsen2008",1810
"lindahl1984",1811
"thorvildsen1957",1812
"bradley1998",1813
"ambrosiani1984",1814
"bergstel1997",1815
"bergsvik2001",1816
"boaz1999",1817
"skre1998",1818
"strade1997",1819
"solberg2000",1820
"storli1994",1821
"sorensen1979",1822
"shetelig1917",1823
"norseng2010",95
"allmae2011",1824
"andersen1991",1825
"axboe1995",1826
"baillie1982",1827
"baillie1973",1828
"bjorkvik1999",1829
"bonde1995",1830
"bonde1997",1831
"bonde2005",1832
"bonde2007",1833
"bonde1993",1834
"bonde1982",1835
"bonde2009",1836
"brathen1982",1837
"brogger1951",1838
"brucemitford1964",1839
"carver1998",1840
"christensen1995",1841
"christensen1993",1842
"christensen2003",1843
"christensen2007",1844
"christensen1994",1845
"christensen1998",1846
"eckstein1977",1847
"euforgen2009",1848
"evison2008",1849
"faegri1954",1850
"filmersankey1992",1851
"grieg1928",1852
"hines1992",1853
"hines1993",1854
"holand2001",1855
"hulten1971",1856
"hutchinson1994",1857
"kaennel1995",1858
"lorangend",1859
"marsden1996",1860
"mullerwille1974",1861
"mullerwille1995",1862
"myhre1980",1863
"myhre1998",1864
"myking2011",1865
"naess1969",1866
"nasman1984",1867
"nerman1948",1868
"nordenborgmyhre2004",1869
"opedal1998",1870
"opedal2005",1871
"peets2013",1872
"reiersen2009",1873
"roesdahl1994",1874
"schetelig1902",1875
"schetelig1906",1876
"schetelig1912",1877
"shetelig1940",1878
"sorensen2001",1879
"sylvester2009",1880
"vadstrup1994",1881
"mcleod2014",1882
"roesdahl2005",1883
"verhulst2002",1884
"vinsrygg1979",1885
"andersen1988",1886
"smith2007",1887
"barret2006",1888
"barret2000",1889
"blackburn2008",97
"brink2008b",1890
"brooks1979",1891
"buckland1990",1892
"carver2004",1893
"crumlinpederson1995",1894
"downham2000",1895
"forsyth1995",1896
"grahamcampbell1995",1897
"grahamcampbell1998",1898
"grahamcampbell2001",1899
"grahamcampbell2003",1900
"gudmundsson1965",1901
"hermannsaudardotir1991",1902
"hines1996",1903
"howlet1999",1904
"metcalf2007",1905
"roesdahl2003b",1906
"myhre2003",1907
"paasche2006",1908
"ralston1997",1909
"randsborg1995",1910
"randsborg2000",1911
"smyth1984",1912
"wamers1998a",1913
"weber1991",1914
"whitelock1961",1915
"mierow1915",1916
"andersen1989",1917
"benderjorgensen2005",1918
"christiansen2004",1919
"cooke2002",1920
"cooke2005",1921
"damgardsorensen1998",1922
"dybdahl1990",1923
"eldjarn1988",1924
"eldjarn1990",1925
"elstad2002",1926
"elstad2004",1927
"hoeghnd",1928
"kastholm2009",1929
"kaup1996",1930
"kjellmo1996",1931
"kvamme2004",1932
"lightfoot1996",1933
"lightfoot1997",1934
"myhre2002",1935
"martensson2006",1936
"norgard1999",1937
"olsennd",1938
"olufsennd",1939
"rabben2002",1940
"traetteberg1999",1941
"franckenwelz2003",260
"westerdahl1995",260
"amundsen2003",81
"alfsen1979",1942
"baug2002",1943
"birkedahl1997",1944
"birkedahl2000",1945
"bl1923",1946
"christophersen1991",1947
"crawford2002",1948
"gestsson1959",85
"morcken1964",85
"nielssen2014",1949
"nymoen2011",85
"pilo2007",1950
"risbol1994",1951
"schou2007",1952
"schon1995",1953
"sigurdsson1999",1954
"jones1999",1955
"bill2013",1956
"callmer1977",1957
"gansum1995",1958
"hinsch1945",1959
"hjardar2011",1960
"hougen1993",1961
"jankuhn1986",1962
"karageorghis1999",1963
"kilger2008",1964
"kleingartner2014",1965
"larsen2011",1966
"martens1988",1967
"oye2011",1968
"pedersen2001",1969
"rispling2008",1970
"ros2009",43
"sperber1996",1971
"steuer1997",1972
"wiker2006",43
"bender2002",260
"rasteicher2008",260
"brather1992",1973
"capelle1978",1974
"capelle2000",1975
"daly2011",1976
"geary1994",1977
"holck2009",1978
"krogh1982",1979
"kummel2009",1980
"larsen2004",1981
"marstrander1986",1982
"mullerwille1976",1983
"mullerwille1992",1984
"nicolaysennda",1985
"randsborg1998",1986
"roesdahl2008",1987
"sigurdsson2003",1988
"steinsland2002",186
"vanhaperen2010",186
"berg2015",1989
"anderson1907",1990
"becket2010",1991
"curle1982",1992
"dickson2000",1993
"edlin1973",1994
"fentz1992",1995
"grahamcampbell2002",1996
"grieg1940",1997
"grieve1923",1998
"harman1981",1999
"loder1935",246
"morgan2012",246
"mcneillnd",246
"ottaway1992",2000
"allerton2007",2001
"barthes1971",2002
"barthes1986",2003
"bellamy2012",2004
"bender1998",2005
"blackwell2007",2006
"blackwell2012",2007
"brisholm1997",2008
"burstrom1996",2009
"burstrom1998",2010
"dannehl2009",2011
"demarrais2004",2012
"denzin1989",2013
"derrida1978",2014
"douglas1993",2015
"eckardt2003",2016
"elfver2008",2017
"epstein1991",2018
"foucault1978",2019
"friedel1993",2020
"gaitanammann2005",2021
"gilchrist2000",2022
"gildonnd",2023
"golofast2003",2024
"gordon2009",2025
"gosden2005",2026
"halse2006",2027
"hamilakis1999",2028
"hardh1996",152
"heffernan1988",2029
"herva2010",2030
"hibbert1969",2031
"hicks2010",2032
"hodder2012",2033
"holtorf2001",2034
"holtorf2008",2035
"hoskins1998",2036
"humphrey2003",2037
"johnsonnd",2038
"jonsdottir1982",2039
"jonsson1997",2040
"joy2000",2041
"joyce2000",2042
"kilnernd",2043
"kopytoff1986",2044
"lamb2011",2045
"lamotta2012",2046
"latour1992",2047
"lindqvist1936",2048
"martindale2009",2049
"mcnaughton2006",2050
"meskell2004",2051
"meskell2005",2052
"michell1982",2053
"miller2000",2054
"nevett1999",2055
"novarr1986",2056
"olsen2003",2057
"olsen2010",2058
"olsen2012",2059
"ostergren1990",2060
"polkey1999",2061
"roos2003",2062
"roymans1995",2063
"shanks1998",2064
"sofaer2007",2065
"spangen2005",2066
"stewart1993",2067
"strathern1988",2068
"thompsonnd",2069
"tilley1996",2070
"valenze2006",2071
"vellinga1999",2072
"weiner1992",2073
"wilson2008",2074
"witmore2007",2075
"woolf1967",2076
"armstrong2017",2077
"boggs2016",2078
"boyd2009",2079
"cooper2012",2080
"costanza2007",2081
"crumley1993",2082
"crumley2015",2083
"ipcc2014",2084
"lane2015",2085
"nelson2016",2086
"nielsen2013",2087
"obrien2012",2088
"odlingsmee2013",2089
"riede2018",2090
"rockman2009",2091
"rockman2012",2092
"svenning2013",2093
"whitehead1998",2094
"schetelig1917",2095
"andersson2007",2096
"biddle1976",2097
"christiansen2006",2098
"dommasnes1982",2099
"easthope2004",2100
"flanders2004",2101
"geraghty1996",2102
"gonzalesmarcen2008",2103
"hall1994",2104
"hamerow2002",2105
"hurley1997",2106
"jesch1991",2107
"kelly1988",2108
"mcalister2003",2109
"milek2006",2110
"munch2003",2111
"osullivan2008",2112
"corrain1983",2113
"corrain2005",2114
"perring1981",2115
"reilly2003",2116
"simpson1999",2117
"simpson2006",2118
"stocker2003",2119
"valante2008",2120
"wallace1992",261
"wallace2000",261
"wallace2005",261
"wallace2008",2121
"andersson2000",2122
"artursson2005",2123
"bantelmann1975",2124
"beck2004",2125
"bennett2005",2126
"bjorhem1993",2127
"boozer2015",2128
"boye1992",2129
"boye1998",2130
"carlie2005",2131
"carlie2008",2132
"carstens2015",2133
"christensen1973",2134
"christensen2015",123
"eriksen2009",2135
"ethelberg2003",2136
"ford1954",2137
"fowler2017",2138
"gjerlevsen2013",2139
"gram2006",2140
"graslund1987",2141
"hakansson2012",2142
"hansen1991",2143
"harrison2011",2144
"hatt1928",2145
"heimer2009",2146
"heimer2006",2147
"herschend1993",2148
"hill1972",2149
"hvass1980",2150
"jensen1986",2151
"jensen1987",2152
"jessen2012",2153
"jessen2003",2154
"jorgensen1995",2155
"kling1984",2156
"komber2001",2157
"komber1999",2158
"krieger1944",2159
"kristensen2015",2160
"lucas2014",2161
"lucas2016",2162
"martens2005",2163
"mikkelsen2003",2164
"mimisson2016",2165
"moller2009",2166
"nielsen1980",2167
"nielsen1998",2168
"nissen1998",2169
"norlund1948",2170
"normark2009",2171
"normark2010",2172
"nylen2009",2173
"olesen1998",2174
"pagh2007",2175
"pedersen2012",2176
"petersen2010",2177
"poulsen2014",2178
"rasmussen1994",2179
"rouse1960",2180
"schietzel1981",2181
"schmidt1994",2182
"schultz2015",2183
"siemen2014",2184
"skov1994",2185
"sorensen2011",2186
"sorensen2017",2187
"sovso2013",2188
"spaulding1953",2189
"steward1954",2190
"stouman1980",2191
"tornbjerg2002",2192
"vale2017",2193
"villumsen2017",2194
"waterbolk1994",2195
"witmore2014",2196
"zimmermann2001",2197
"gale2000",246
"graslund1980",2198
"acker2007",2199
"andersen1993",2200
"aethelweard1962",2201
"bell1969",2202
"bill1991",2203
"bill2009",2204
"bill2015",2205
"bill2018",2206
"birgisson2008",2207
"bischoff1998",2208
"bonde2011",2209
"bratt2004",2210
"brookes2007",2211
"bruce2002",2212
"brucemitford1952",2213
"brucemitford1978",2214
"byock2013",2215
"cannell2011",2216
"capelle2004",2217
"carver1992",2218
"carver2000",2219
"chase1981",2220
"christensen2016",2221
"crosman1980",2222
"crumlinpedersen1991",2223
"crumlinpedersen1997",2224
"crumlinpedersen2002",2225
"daly2007",2226
"damico2015",2227
"dronkeduchatellier1908",2228
"dusse2013",2229
"engevik2011",2230
"englund1979",2231
"ericsson2005",2232
"farbregd1969",2233
"fett1936",2234
"fidjestol1994",2235
"filmersankey1990",2236
"filmersankey2001",2237
"frank1997",2238
"friisjensen1984",2239
"fritzner1973",2240
"fulk2012",2241
"goeres2015",2242
"grammaticus2005",2243
"grimes2013",2244
"hedeager1996",2245
"hedeager2000",2246
"helgesson2004",2247
"henriksen2016",2248
"holst2017",2249
"hulth2013",2250
"jonsson1923",2251
"krag1991",2252
"krag2012",2253
"larsson2011",2254
"lawson1981",2255
"leontev2017",2256
"lindow1997",2257
"ljungkvist2008",191
"lorangenda",2258
"lonnroth1986",2259
"madsen1997",2260
"malmer1966",2261
"marold2012",2262
"maryon1946",2263
"meri2002",2264
"montgomery2000",2265
"mooney2016",2266
"mundal2018",2267
"myhre1966",2268
"myrvoll2014",2269
"neidorf2016",2270
"newton1993",2271
"nicolaysenndb",2272
"nordman1987",2273
"norr1998",2274
"north2007",2275
"north2011",2276
"jorgensen1999",2277
"opedal1996",2278
"oskarsdottir1994",2279
"ostigard2015",2280
"pedersen2003",2281
"petersen1927",2282
"poel2016",2283
"pollington2008",2284
"ramskou1976",2285
"rieck1988",2286
"ringstad2004",2287
"risberg2011",2288
"sapp2000",2289
"schetelig1905",2290
"schon1999",2291
"sellevold1998",2292
"shetelig1929",2293
"skre2014",2294
"sorokin1997",2295
"spurkland2005",2296
"stefanovich2016",2297
"steinsland1991",2298
"stenvik1996",2299
"sturluson1982",2300
"sundqvist2000",2301
"sorensen2006",2302
"turvillepetre1964",2303
"varenius1992",2304
"vestergaard2007",283
"warmind1995",283
"appadurai1986a",2305
"dionysiusnd",2306
"amorosi1997",2307
"arnalds2004",2308
"atalay2012",2309
"balee2006",2310
"bolender2012",2311
"bolender2008",2312
"bourdieu1980",2313
"braje2015",2314
"braje2013",2315
"briggs2006",2316
"brownlow2006",2317
"butzer1975",2318
"caseldine2010",2319
"catlin2011",2320
"catlin2013",2321
"catlin2014",2322
"chadwick2013",2323
"chase2014",2324
"correia2013",2325
"crofts2011",2326
"cronon1991",2327
"crumley2003",2328
"crutzen2000",2329
"dasmann1976",2330
"dugmore2004",2331
"dugmore2009",2332
"earle2002",2333
"einarsson2015",2334
"ensor2003",2335
"fisher2005",2336
"fisher2009",2337
"foley2013",2338
"hicks2014",2339
"hilger2015",2340
"hill2009",2341
"hodder2004",2342
"ingold1993",2343
"johnson2012",2344
"kennett2013",2345
"klein2015",2346
"lansing2007",2347
"larkin2013",2348
"lefebvre1991",2349
"lentfer2002",2350
"lightfoot1998",2351
"logan2013",2352
"mcgovern2007",2353
"melville1990",2354
"mitchell2003",2355
"morton2013",2356
"mrozowski2006",2357
"mrozowski2011",2358
"norgaard2011",2359
"ogilvie2010",2360
"palsson2013",2361
"redman2005",2362
"reitz2012",2363
"robin2006",2364
"rull2013",2365
"steffen2011",2366
"steward1955",2367
"streeter2013",2368
"streeter2015",2369
"stump2013",2370
"thomson2006",2371
"thorarinsson1944",2372
"thorhallsdottir2013",2373
"vandenoort2013",2374
"vanderleeuw2014",2375
"wilson1989",2376
"woodbridge2012",2377
"young2007",226
"miller2012",2378
"arrhenius2009",2379
"fleischer2003",2380
"franceschi2005",2381
"gabriel1991",2382
"klaesoe2003",2383
"larsen1991",2384
"lindow2001",2385
"mackeprang1935",2386
"mango2002",254
"nielsen2001",254
"orsnes1990",254
"pesch2005",254
"petersen2005",2387
"roesdahl1977",2388
"thrane2005",254
"voss1990",254
"watt2003",254
"callan1927",2389
"brink2002",2390
"brogger1945",2391
"falk2008",2392
"gjaerder1952",2393
"gjessing1943",2394
"gotfredsen2003",2395
"grieg1937",2396
"grotowski2009",2397
"gudni1945",2398
"hauck1973",2399
"hellers2012",2400
"hultgard2008",2401
"jesch2000",2402
"johns1982",2403
"kolstrup1993",2404
"korsvoll2011",2405
"lund1974",2406
"macleod2006",2407
"maixner2004",2408
"mckinnell2004",2409
"melsom2003",2410
"meyer1999",2411
"ullerwille1985",2412
"muncknd",2413
"nordland1951",2414
"price2013",2415
"pyysiainen2004",2416
"resi2013",2417
"ritner1988",2418
"roesdahl1998",2419
"schetelig1920",2420
"thrane1998",2421
"thurston1907",2422
"weber2012",2423
"wilk2000",2424
"arrhenius1961",2425
"imer2004",94
"adams2004",2426
"arndt2007",2427
"andersen2017",2428
"bagge2016",2429
"bagge2004",2430
"bauduin2009",2431
"callmer2009",2432
"corrochano2014",2433
"curta2011",2434
"deckers2017",2435
"deckers2012",2436
"dobat2016",2437
"eisenschmidt2004",2438
"fried1994",2439
"garipzanov2008",2440
"gazzoli2011",2441
"henstra2012",2442
"ijssennaggervanderpluijm2017",2443
"jansson1997",2444
"jesch2004",2445
"juul2017",2446
"kleiminger1993",2447
"knol2001",2448
"knol1993",2449
"knol1999",2450
"kramer2000",2451
"kramer1996",2452
"baume1952",2453
"lebecq1983",2454
"lund1990",2455
"lund2003",2456
"mcleod2007",2457
"nelson2008",2458
"nicolay2014",2459
"nijdam2009",2460
"nasman2006",2461
"price2009",2462
"prummel2000",2463
"prummel2001",2464
"pohl1998",2465
"reimitz2008",2466
"reuter1991",2467
"richards2010",2468
"roesdahl1996",2469
"roesdahl1992",82
"roxburgh2013",82
"samplonius1998",82
"sindbaek2008",2470
"steuer1974",82
"tummuscheit2018",82
"urbanczyk2009",82
"wawn2002",82
"zettel1977",82
"benecke1994",2471
"bergmannnd",2472
"cluttonbrock1999",2473
"cluttonbrock2012",2474
"damm2000",2475
"davis1978",2476
"degerbol1933",2477
"driscoll2009",2478
"driscoll2007",2479
"engels2001",2480
"ewing1981",2481
"faure2009",2482
"french1988",2483
"gotfredsen2017",2484
"grigson1969",2485
"grigson1989",2486
"hatting1990",2487
"hatting1991",2488
"hatting2004",2489
"jansen1988",2490
"johansson1987",2491
"jorgensen1992",2492
"kitchener1991",2493
"knospe1988",2494
"kratochvil1973",2495
"kratochvil1976",2496
"kratochvil1977",2497
"kveiborg2007",2498
"meadow1989",2499
"mohl1961",2500
"mohl1971",2501
"mohl2010",2502
"nyegaard1998",2503
"oconnor2007",2504
"ostergaard2016",2505
"ottoni2017",2506
"petrov1992",2507
"pitakarnnop2017",2508
"rantzau2015",2509
"steineke2017",2510
"tchernov1984",2511
"tchernov1991",2512
"tomtov2009",2513
"tomtov2008",2514
"tomtov2003",2515
"neer2014",2516
"vigne2015",2517
"vigne2004",2518
"zohary1991",274
"andersen2003",2519
"andrews1997",2520
"samling1985",2521
"auch2012",2522
"barrett2007",219
"becker1979",2523
"bencard1973",2524
"bencard1974",2525
"bencard1979",2526
"bencard1970",2527
"benderjorgensen1991",2528
"benderjorgensen2004",2529
"blackmore2001",2530
"bult1988",2531
"callmer1981",2532
"callmer1984",2533
"capelle1980",2534
"croix2014b",2535
"demannd",2536
"ennen1972",2537
"feveile2010",2538
"feveile1998",2539
"frandsen1986",2540
"frandsen1987",2541
"frandsen1988",2542
"frandsen2006a",2543
"haarnagel1941",2544
"haarnagel1963",2545
"hamerow2007",2546
"hamerow2011",2547
"harris1975",2548
"helle2006",2549
"herrmann1978",2550
"herrmann1982",2551
"herschend2009",2552
"hines1994",2553
"hodges1988",2554
"hodges1996",2555
"jagodzinski1991",2556
"jankuhn1971",2557
"jankuhn1985",2558
"kuzmin2000",2559
"lucas2001",2560
"lundstrom1981",2561
"malcolm2003",2562
"milek2007",2563
"olsen1975",2564
"reynolds1977",2565
"sedov1985",2566
"siegmuller2010",2567
"stanislawski2011",2568
"steuer1980",2569
"steuer2007",2570
"stiff2001",2571
"sovso2010",2572
"ufkes2011",2573
"urbanczyk1994",2574
"urbanczyk2007",2575
"vanes2009",2576
"bredsdorff1973",2577
"mauritsen2015",141
"tornbjerg1989",141
"cluttonbrock1984",274
"adamsen2009",2578
"adriansen2003",2579
"andersen2010",2580
"asingh2001",2581
"axboe2010",2582
"bjornskov2011",2583
"voncarnapbornheim2012",2584
"christiansen2008",2585
"fabech1999",2586
"fabech1995",2587
"fischer1983",2588
"garrison2009",2589
"gregory1984",2590
"hansen2012",2591
"hardh1999",2592
"hardh2003",2593
"hedeager2001",2594
"henriksen2000",2595
"henriksen2010",2596
"henriksen2011",2597
"horsnaes2002",2598
"horsnaes2010",2599
"iversen1993",2600
"jorgensen2001",2601
"kristiansen1981",2602
"makeler2003",2603
"moesgaard2009",2604
"museumsloven2006",2605
"nielsen2012",2606
"nielsen1993",2607
"olsen2009",2608
"paulsson1999",2609
"petersen1991",2610
"rasmussen2007",2611
"sorensen1991",2612
"eds1998",2613
"thrane1991",2614
"thomas2012",2615
"ulriksen1994",2616
"ulst2012",2617
"ames2012",2618
"angelbeck2012",2619
"bican1992",2620
"brink1998",2621
"callmer1995",2622
"carballo2016",2623
"carlsson1989",2624
"christaller1933",2625
"christensen2014",2626
"crumley1976",2627
"dam2015",2628
"earle2015",2629
"fabech1998",2630
"foucault1980",2631
"foucault1997",2632
"gammeltoft2012",2633
"giddens1976",2634
"gogsigjakobsennd",2635
"helgesson1998",2636
"hirth1996",2637
"iversen2011",2638
"jorgensen1998",2639
"larsson2003",2640
"mcguire1996",2641
"myrdal2011",2642
"ramskou1970",2643
"saitta1998",2644
"skre2010",2645
"trigger2003",2646
"ulsig2011",2647
"aarissorensen2004",274
"abrams1989",2648
"aufderheide1998",2649
"barnes1994",2650
"bass1995",2651
"beard2000",2652
"brettell2012",2653
"brothwell1972",2654
"buckberry2004",2655
"buckberry2007",2656
"buckberry2010",2657
"buckberry2002",2658
"cox2000",2659
"darling2003",2660
"daux2008",2661
"ericson1985",2662
"evans2006",2663
"evans2010",2664
"evans2012",2665
"hadley1997",2666
"hadley2000",2667
"hadley2001",2668
"hadley2002",2669
"hadley2005",2670
"hall2000",2671
"hamilton2014",2672
"hedges2007",2673
"iscan1984",2674
"iscan1985",2675
"liden1994",2676
"longinelli1984",2677
"lovejoy1985",2678
"lucy2005",2679
"map2005",2680
"maresh1970",2681
"mays2000",2682
"meindl1985",2683
"montgomery2007",2684
"montgomery2009",2685
"montgomery2011",2686
"rasmussen2001",141
"tornbjerg1994",141
"adams1992",2687
"aldeias2016",2688
"arroyokalin2017",2689
"baneijea2015",2690
"barker1977",2691
"benyarku2005",2692
"berggren2003",2693
"borderie2015",2694
"borderie2019",2695
"bowsher2007",2696
"burch2011",2697
"canti2001",2698
"carver2005",2699
"carver2009",2700
"carver2012",2701
"carver2016",2702
"carver2015a",2703
"chadwick1998",2704
"clark1992",2705
"courty1989",2706
"deroo2016",2707
"doneus2005",2708
"drewett1999",2709
"fao2006",2710
"fedele1984",2711
"c2006",2712
"feveile1984",2713
"frandsen1984",2714
"french2015",2715
"friesem2017",2716
"galeazzi2016",2717
"gasche1983",2718
"ge1993",2719
"geus2018",2720
"goldberg2003",2721
"heimdahl2005",2722
"hodder1992",2723
"hodder1997",2724
"huisman2017",2725
"hummler2015",2726
"jupiter2018",2727
"karkanas2018",2728
"kimball2016",2729
"kooistrand",2730
"kraling2014",2731
"kristiansen2014",2732
"krupski2017",2733
"langohr1994",2734
"larsson2001",2735
"larsson2009",2736
"macphail2010",2737
"macphail2003",2738
"mallol2017",2739
"g2017",2740
"nicosia2013",2741
"opitz2015",2742
"pavel2012",2743
"rentzel2017",2744
"ropke2017",2745
"roskams2001",2746
"saunders2000",2747
"schiffer1987",2748
"sode2010",2749
"stoops2003",2750
"tassie2015",2751
"turney2005",2752
"valente2017",2753
"vanriel2016",2754
"vepraskas2018",2755
"verleyen2017",2756
"vince1995",2757
"weiner2010",2758
"westman1994",2759
"wouters2018",2760
"wouters2019",2761
"wouters2017",2762
"jorgensen1991",2763
"riberhus1990",2764
"posthusskulptur1993",2765
"adderley2010",2766
"akeret2001",2767
"bellens2012",2768
"ball2009",2769
"borderie2011",2770
"brown1984",2771
"bullock1985",2772
"cammas2000",2773
"cammas2001",2774
"davidson2003",2775
"devos2012",2776
"devos2009",2777
"devos2011",2778
"fechner2004",2779
"fondrillon2007",2780
"fondrillon2009",2781
"fredlund1994",2782
"french2003",2783
"gebhardt1999",2784
"goldberg2006",2785
"guelat1998",2786
"guttmann2006",2787
"jacobs2010",2788
"kaplan1992",2789
"kiden1991",2790
"kiden2006",2791
"langohr2001",2792
"langohr1976",2793
"macphail1994",2794
"macphail2001",2795
"macphail2004",195
"macphail2007",195
"madella2012",2796
"madella2005",2797
"matthews2010",2798
"nicosia2012",2799
"pape1966",2800
"pieters1990",2801
"romans1983",2802
"simpson1998",2803
"simpson2000",2804
"simpson2005",2805
"tys2010",2806
"vandewalle1961",2807
"vanes1980",2808
"vanheeringen1995",2809
"verhaeghe2005",2810
"verhulst1978",169
"vrydaghs2004",169
"vrydaghs2007",169
"wood1978",169
"wouters2012",2811
"sorensen2007",2812
"tymorsdetektor2012",2813
"watt2000a",2814
"randsborg1994",2815
"ulriksen2013",2816
"randsborg2007",2817
"portableantiquitiesscheme2012",2818
"leethorp2008",2819
"tainter1988",2820
"hegmon2008",2821
"vesteinsson2007",2822
"vesteinsson2010",2823
"mcgovern2009",2824
"church2005",2825
"trigg2009",2826
"fredskild1991",2827
"adderley2005",2828
"adderley2006",2829
"mcgovern2006",2830
"perdikaris2007",2831
"perdikaris2008",2832
"karlsson2000",2833
"mainland2005",2834
"brewington2010",2835
"meldgaard1986",2836
"vesteinsson2004",2837
"church2007",2838
"arnalds1987",2839
"sveinbjorndottir2010",2840
"mcgovern1988",2841
"arneborg2004",2842
"berkes2000",2843
"mcintosh2000",2844
"vasey1996",2845
"mikkelsen2008",2846
"barlow1997",2847
"patterson2010",2848
"meeker2002",2849
"oppenheimer2003",2850
"ogilvie2009",2851
"cantor2001",2852
"mageroy1993",50
"gullov2008",2853
"ogden2007",173
"yorkarchaeologicaltrust1998",2854
"ackermann1999",2855
"agren2007",2856
"ambrosiani2008",2857
"anundsen1985",2858
"bill2010",2859
"bird2008",2860
"brogger1916",2861
"carver1994",2862
"challis2006",2863
"chappell1986",2864
"church2011",2865
"cuslrg2013",2866
"clark2009",2867
"crutchley2010",2868
"davis2000",2869
"doneus2011",2870
"doneus2013",2871
"ekman1996",2872
"ekman2009",2873
"eliassen2009",2874
"falck2013",2875
"fleming1998",2876
"gansum1997",2877
"gansum2007",2878
"gansum2008",2879
"gansum2009",2880
"gron1998",2881
"hafsten1983",2882
"hedeager1988",2883
"henningsmoen1978",2884
"hesnard2004",2885
"hesse2010",2886
"jerpasen1993",2887
"jerpasen1996",2888
"keller1993",2889
"keller1994",2890
"kierulf2012",2891
"klakegg1991",2892
"kokalj2011",2893
"lambeck1995",2894
"lambeck2010",2895
"lisiecki2005",2896
"mangerud2011",2897
"mitrovica2010",2898
"morhange2010",2899
"myhre1994",2900
"myhre1996",1
"myhre2013",2901
"nhs2011",2902
"nicolaysennde",2903
"ostigard2009",2904
"olesen2004",2905
"otvos2000",2906
"passe2001",2907
"pirazzoli1991",2908
"persson2008",2909
"persson2011",2910
"persson2012",2911
"pirazzoli1996",2912
"pugh2004",2913
"risbol2009",2914
"simpson2012",2915
"solberg2003",2916
"sorensen1999",2917
"stabell1980",2918
"stular2012",2919
"tartaron2013",2920
"trinks2007",2921
"vestol2006",2922
"vorren2008",2923
"watts2001",2924
"wehr1999",286
"westerdahl1996",286
"woodroffe2002",286
"abulafia2011",2925
"angenendt2008",2926
"armstrong2009",2927
"arrhenius2011",2928
"augenti2010",2929
"battaglia2001",2930
"behr2014",2931
"museum2009",2932
"bougard2008",2933
"bowden2012",2934
"broodbank2013",2935
"mullerwille2007",2936
"dietrich2012",2937
"doherty1985",2938
"ekelund1994",2939
"gelichi2010",2940
"gelichi2013",2941
"gelichi2012",2942
"henning2007",2943
"henning2008",2944
"herschend1992",2945
"hill1997",2946
"horden2000",2947
"kelly2000",2948
"kocabas2008",2949
"lane2000",2950
"lebecq2000",2951
"liebeschuetz2000",2952
"loveluck2005",2953
"loveluck2007",2954
"loveluck2012",2955
"lowe2006",2956
"maldonadoramirez2011",2957
"marazzi2004",2958
"marsawa2011",2959
"mccormick1997",2960
"mccormick2007",2961
"mithen2011",2962
"mullerwille2010",2963
"nielsen1994",2964
"dwyer1981",2965
"maidin1996",2966
"osullivan2013",2967
"skre2012",2968
"soderberg2004",2969
"arbman1943",2970
"barrett1991",2971
"belk1988",2972
"bruck2004",2973
"carlsson1983",2974
"devlin2007",2975
"fowler2004",2976
"eriksson2014",2977
"gosden2004",2978
"imer2011",2979
"jones2005",2980
"keynes1983",2981
"king2004",2982
"krause1966",2983
"lemonnier2012",2984
"maixner2005",2985
"parkerpearson1999",154
"pearce2013",2986
"linder2014",2987
"stenberg2007",2988
"stenberg2008",2989
"akademiens2014",2990
"thunmarknylen1983",44
"thunmarknylen1986",44
"thunmarknylen1998",2991
"tolkien1954",44
"tollerton2011",44
"tsigaridasglorstad2012",2992
"webmoor2008",2993
"alberti2016",2994
"ambrosiani1993",2995
"aries1962",2996
"bo1967",2997
"backe1993",2998
"bantelmann1955",2999
"bloch1995",3000
"brink2012",3001
"brown2008",3002
"bruck1999",3003
"callow2006",3004
"cannon2015",3005
"capelle1987",3006
"cuijpers1999",3007
"dedet1990",3008
"eriksen2010",3009
"eriksen2015",3010
"gamble2007",3011
"gejvall1955",3012
"gell1998",3013
"gottlieb2004",3014
"grindkasa2012",3015
"haarnagel1979",3016
"hamerow2006",3017
"hamilakis2013",3018
"hansen2006",3019
"harris2010",3020
"hausfater1984",3021
"holck2008",3022
"hrdy1992",3023
"hrdy1999",3024
"jones2010",3025
"jorgensen2014",3026
"kamp2001",3027
"karsten1994",3028
"kaul2003",3029
"lally2011",3030
"lally2008",3031
"lancy2008",3032
"lillehammer1989",3033
"lillehammer2008",3034
"lillehammer2011",3035
"lunde2011",3036
"menotti2014",3037
"meskell2002",3038
"mithen2000",3039
"moore2009",3040
"mundal1987",3041
"mundal1988",3042
"murphy2014",3043
"naumann2012",3044
"nielsen1987",3045
"nielsen1986",3046
"pentikainen1990",3047
"renck2000",3048
"roslund1990",3049
"runge2009",3050
"sawyer1992",3051
"scheperhughes1992",3052
"schlabow1953",3053
"schutz2001",3054
"sellevold1987",110
"sofaerderevenski2000",3055
"tarlow2000",3056
"toedter2001",110
"ucko1969",110
"viveirosdecastro2004",110
"welinder1998",3057
"domeij1994",124
"domeij2004",3058
"shetelig1944",124
"steuer1994",124
"tomasdotterjakobsson1992",124
"tilley1994",124
"verhulst1999",3059
"wheatley1969",3060
"wheatley1971",3061
"wataghin2011",3062
"wickham2012",3063
"carver1993",3064
"willemsen2010",3065
"grimnesmal1985",3066
"landnamabok1997",3067
"andreeff2007",3068
"andren1993",26
"andren1997",3069
"arrhenius1970",3070
"bardseth2009",3071
"beck2010",3072
"bell1992",3073
"bertell2006",3074
"blanton1995",3075
"blier1987",3076
"heyerdahllarsen1995",291
"bourdieu1977",3077
"bradley2005",3078
"brendalsmo1992",3079
"carlie2006",3080
"davidson1964",3081
"davidson1968",3082
"davidson1993",3083
"decerteau1984",3084
"eriksen2011",3085
"feilberg1907",3086
"fendin2006",3087
"fredriksen2002",3088
"gardela2011",3089
"gennep1960",3090
"geschwind2005",3091
"graslund1969",3092
"gurevic1969",3093
"hagberg1937",3094
"hallans1997",3095
"heide2006",3096
"herschend1997",3097
"hillier1984",3098
"holmquistolausson1990",3099
"holmquistolausson1996",3100
"holmqvist1961",3101
"holmqvist1933",3102
"johansson1993",3103
"kaliff1997",3104
"kjos2009",3105
"komber1989",3106
"kristensen2010",3107
"kristoffersen2000",3108
"kristoffersen1999",3109
"kristoffersen2010",3110
"lakoff1980",3111
"lang1984",3112
"larrington2007",3113
"petersen1933",3114
"ramqvist1992",3115
"reynolds2009",3116
"rodsrud2007",195
"ronne2008",3117
"rundkvist2012",3118
"sander1997",3119
"schmidt1999",3120
"skov2002",3121
"soderberg2006",3122
"solheim1965",3123
"steinsland2005",3124
"stutz2006",3125
"stutz2008",3126
"stutz2010",3127
"trumbullnd",3128
"tuan1977",3129
"turner1967",3130
"turner1977",3131
"unwin2007",3132
"unwin2009",3133
"weibull1911",3134
"weibull1918",3135
"wilson1988",3136
"wylie1985",19
"dansgaard1964",3137
"eriksson2008",3138
"fischer2007",3139
"fuller2003",3140
"hillson1996",3141
"hoppe2003",3142
"ingramnd",3143
"aberg1987",3144
"birck1986",3145
"chenery2010",3146
"muldner2005",3147
"oneil1994",3148
"polet2003",3149
"privat2007",3150
"richards1998",3151
"schroeder2013",3152
"sealy2001",3153
"sealy1995",3154
"vennemann2002",3155
"voerkelius2010",3156
"white1998",3157
"lecolle1985",3158
"levinson1987",3159
"liden1995",3160
"lykoudis2007",192
"mann2003",3161
"moberg2005",3162
"montgomery2005",3163
"montgomery2010",3164
"almgren1967",3165
"ambrosiani1988",3166
"ambrosiani1995",3167
"ambrosiani1999",3168
"arwidsson1989",3169
"burenhult1984",3170
"carcopino1984",3171
"ermatinger2015",3172
"guliaev2003",3173
"hall2016",3174
"hedenstiernajonson2018",47
"jones1968",97
"lancianind",47
"lindquist1978",3175
"lindquist1984",47
"ringstedt1997",3176
"roesdahl1992a",3177
"sandberg1994",3178
"selling1940",3179
"stenberger1964",3180
"whittaker2006",3181
"carver2010",3182
"yenikapi2008",3183
"schulzedorrlamm1998",3184
"baastrup2007",3185
"baastrup2005",3186
"haberstroh2008",3187
"ramskou1950",3188
"sovso2011",3189
"ulriksen2003",272
"ulriksen2006",3190
"arrhenius1960",3191
"behmblancke1973",3192
"birkedalchristensen1991",3193
"bode1998",3194
"callmer1999",3195
"carnapbornheim1997",3196
"drescher1983",3197
"fallgren2016",3198
"feveile2014",3199
"fiedel2011",3200
"frick1993",3201
"fuglesang1985",3202
"gjedssobertelsen1991",3203
"gjedssobertelsen1992",3204
"haackolsen2005",3205
"haldenby2010",3206
"hedegaard1989",3207
"hedegaard1992",3208
"hellesolesen1992",3209
"henriksen1998",3210
"henriksen2002",3211
"hines1997",3212
"hoilundnielsen1984",3213
"hoilundnielsen1991",3214
"hoilundnielsen2011",3215
"hoilundnielsen2006",3216
"hardh2011",3217
"johansen1992",3218
"jouttijarvi2002",3219
"klindtjensen1957",3220
"lonborg1999",3221
"madsen1990",3222
"maixner2015",3223
"mclean2007",3224
"moesgaard2012",3225
"moesgaard2008",3226
"nerman1969",3227
"reichstein1975",3228
"sarauw2014",3229
"schulzedorrlamm1986",3230
"stromberg1961",3231
"trierchristiansen2017",3232
"watt1991",3233
"wahlin2014",3234
"zimmermann2015",3235
"unmarknylen1981",3236
"bremen1975",3237
"tacitus2003",3238
"ambrosiani1985",3239
"andersen2009",3240
"andersson2008b",3241
"andren1991a",3242
"anglert2006",3243
"arne1937",3244
"arrhenius1986",3245
"artelius2008",3246
"biuw1992",3247
"bland1993",3248
"bradley2000",3249
"price2008f",3250
"back2009",3251
"carlie1998",3252
"ross1994",3253
"conti1999",3254
"rosengren1997",3255
"green1995",3256
"hannestad1986",3257
"hansen1989",3258
"hansen1996",3259
"hauck1984",3260
"ruprecht1992",3261
"hellberg1967",3262
"hjarthnerholdar2008",3263
"holmqvist1972",3264
"holmqvist1969",3265
"hultgard1995",3266
"ilkjaer1990",3267
"jeppesen2004",3268
"johansen1989",3269
"johns1994",3270
"jong2001",3271
"jorgensen1994",3272
"lamm1989",3273
"lamm1999",3274
"lindeblad2007",3275
"lundqvist1997",3276
"lundstrom1988",3277
"milburn1989",3278
"montanari2001",3279
"mortensen1988",3280
"myrberg2005",276
"nilsson1992",3281
"nylen1988",3282
"nasman1993",3283
"ringtved1991",3284
"sanden2001",3285
"sawyer1985",3286
"simek1993",3287
"skovgaardpetersen1981",3288
"price2008h",3289
"staecker1999",3290
"strid1993",3291
"price2008i",3292
"sorensen2008",3293
"sorensen1985",3294
"sorensen2000b",3295
"savborg2003",3296
"theuws2001",3297
"thomsen1994",3298
"thrane1987",3299
"thrane1982",3300
"vierck1981",3301
"vikstrand1996",3302
"wes1992",3303
"widgren1998",3304
"stiegemann1999",272
"wieczorek2000",272
"st1916",3305
"croinin1997",3306
"jezek2011",3307
"macairt1983",3308
"schuldt2011",3309
"scott1978",3310
"byrne1973",3311
"warner1997",3312
"dunbabin2002",3313
"kelly2011",3314
"thiaw2011",3315
"toch2000",3316
"toch2014",3317
"mikulcice1973",3318
"machacek2013",3319
"kenny1986",3320
"kruse1995",3321
"borkovsky1954",3322
"graus1957",3323
"davidson1992",3324
"hanuliak1995",3325
"hope2010",3326
"redknap2004",3327
"hills1984",3328
"hirst1985",3329
"forexample1997",3330
"hall1978",3331
"machacek2010",3332
"kjellstrom2009",3333
"aalto2014",3334
"ahola2014a",3335
"bartlett1993",3336
"brondsted1979",3337
"buko2008",3338
"fellowsjensen2008",3339
"foote1970",3340
"gravesbrown1996",3341
"hall2007",3342
"hannestad1970",3343
"heininen2014",3344
"ingstad1977",3345
"jakobsen2015",3346
"jansson1991",3347
"kakonen1998",7
"konsa2008",3348
"laakso2014",3349
"lamm1928",7
"mcdonald2014",7
"moesgaard2011",7
"mohen1992",3350
"nerman1958",3351
"noonan1997",7
"pries2014",3352
"rahtz1983",7
"richards2005",7
"rimbertnd",7
"roesdahl2012",3353
"roslund2001",7
"sawyer1997",3354
"schalin2014",7
"sindbaek2015",7
"stockmann2015",7
"talvio2014",3355
"williams2013a",3356
"winroth2014",3357
"zak1963",3358
"zak1967",3359
"ulriksen2002",3360
"hoilundnielsen1987",3361
"barfod2016",3362
"callmer2001",3363
"christophersen2015",3364
"clark2007",3365
"costin2001",3366
"cotton1933",3367
"dobres2000",3368
"dobres2014",3369
"feveile2001c",3370
"c2006a",3371
"feveile2008",3372
"flad2007",3373
"gebers2004",3374
"henderson2000",3375
"hodges2000",3376
"holback1999",3377
"hybel2007",3378
"jacobs2016",3379
"jankuhn1983",3380
"jennings2016",3381
"jervis2016",3382
"latham2009",3383
"latour2005",3384
"leroigourhan1964",3385
"linaa2015",3386
"lonborg1992",3387
"lonborg1998",3388
"mainman2000",3389
"neiss2012",3390
"oexle1992",3391
"oldeberg1966",3392
"orfanou2018",3393
"ottaway1970",3394
"parkinson2013",3395
"pirenne1927",3396
"ramquist1992",3397
"renfrew1994",3398
"rimbert1961",3399
"sage1984",3400
"schortman2004",3401
"smith2009",3402
"smith2017",3403
"trigger1986",3404
"ur2014",293
"voncarnapbornheim1996",293
"wailes1996",293
"wickham2009",3405
"wirth1938",293
"alberti2009",3406
"andersson1997",3407
"aspock2011",3408
"effros2002",3409
"fahlander2008",3410
"fahlander2010",3411
"fahlander2013",3412
"fahlander2014",3413
"gansum2004",3414
"hastrup1985",3415
"hedjakobsson2011",3416
"holback2016",3417
"holbraad2010",3418
"holbraad2017",3419
"holloway2008",3420
"klevnas2015",3421
"klevnas2016",3422
"kummel2005",3423
"olsson2007",3424
"orchard2003",3425
"orchard2004",3426
"perabo2017",3427
"runer2014",3428
"salmond2014",3429
"stoklund2004",3430
"tesch2015",3431
"watts2013",3432
"wickholm2008",17
"wikstrom2006",17
"williams1998",17
"williams2005",3433
"henning1992",3434
"liebermann1903",3435
"ludvikovsky1978",3436
"campbell1998",3437
"klaniczay1985",3438
"mccormick2005",3439
"obrien2005",3440
"davies2010",3441
"valante2000",3442
"trestik2015",3443
"kenny1987",3444
"machacek2017",3445
"aspock2008",3446
"galuska2004",3447
"galuska2015",266
"schuldt1960",266
"mcdonough1995",266
"klaniczay1953",266
"arwidsson1942",3448
"arwidsson1954",3449
"arwidsson1983",3450
"behmblancke2003",3451
"boeheimnd",3452
"bohner1958",3453
"brucemitford1975",3454
"chaney1970",3455
"claessen1978",3456
"colgrave1992",3457
"cumontnd",3458
"dagron2003",3459
"ellmers1970",3460
"erkens2002",3461
"filmersankey1996",3462
"frazernd",3463
"funcken1977",3464
"gage1988",3465
"goodman1969",3466
"hagen1992",3467
"hanke2001",3468
"harke1992",3469
"hopetaylor1977",3470
"johansen1932",3471
"krausse1999",3472
"latte1988",3473
"lind2003",3474
"mercer1929",3475
"minkenberg2003",3476
"ullerwille1970",3477
"nielsen1996",3478
"oconnor1989",3479
"pieper1989",3480
"richards1992",3481
"service1971",3482
"siebert1999",3483
"sten1988",3484
"stepper2003",3485
"steuer2004",12
"vadstrup1997",12
"devries1956",3486
"werner1986",12
"winkelman1996",12
"anthony1990",3487
"arnold1990",3488
"burmeister2000",3489
"clarke1973",3490
"dennell1996",3491
"haak2010",3492
"james1999",3493
"kohl1995",3494
"kristiansen2017",3495
"richards1996",3496
"schiffels2016",3497
"shennan2013",3498
"trigger1984",3499
"andersen2015",3500
"andersen1984",3501
"andersen2000",3502
"andersen2001",3503
"bolander2013",3504
"borg1998",3505
"feveile2016",3506
"gabriel1988",3507
"gross1993",3508
"jacobsen2001",3509
"jantzen1998",3510
"kastholm2011",3511
"klemensen2000",3512
"knorr1938",3513
"krabath2001",3514
"madsen1999",3515
"sabo2013",3516
"skaarup2001",212
"jahrhundert1997",212
"skaarup2000",212
"timpel1987",212
"ulriksen2000",212
"voss1961",212
"wagnkilde1999",212
"wagnkilde1997",212
"beck2016",212
"bailey1984",3517
"ballard2003",3518
"bonacich1973",3519
"bradley1988",3520
"carey1997",3521
"cohen1971",3522
"collingwood1927",3523
"curtin1984",3524
"downham2009",3525
"downham2010",3526
"downham2012",3527
"edmonds2009",3528
"edmonds2014",3529
"edwards1990",3530
"freedman1960",3531
"gibbons2003",3532
"gourgouris2005",3533
"griffiths2004",3534
"james1978",3535
"jesch2008",3536
"johnson1999",3537
"johnson2004",3538
"lang1987",3539
"levi2001",3540
"markovits2002",3541
"marstrander1916",3542
"maxwell1998",3543
"mcniven2003",3544
"mcpherson1993",3545
"murray2004",3546
"nurse1985",3547
"ocorrain1978",3548
"ofloinn1987",3549
"ofloinn1998",3550
"oka2008",3551
"omeara1982",3552
"sheehan2001",3553
"sigurdsson2000",3554
"smith1927",3555
"stacey2007",77
"tan1979",77
"tan1993",77
"tsagarousianou2004",77
"wallace1987",77
"brink2006",3556
"fabech2006",3557
"herschend2006",3558
"lindqvist1941",3559
"sorensen1994b",3560
"liden1996",3561
"brink1996",3562
"albrethsen1986",3563
"amorosi1998",3564
"arneborg2000",3565
"barlow2001",3566
"berglund1986",3567
"bond1998",3568
"brewington2007",3569
"buckland1996",3570
"buckland1991",3571
"dawson2003",3572
"dennis1993",3573
"dugmore1991",3574
"dugmore2006",3575
"dugmore1994",3576
"edwards1982",3577
"kristjansson1993",3578
"krogh1974",3579
"lynnerup2000",3580
"lynnerup2003",3581
"mairs2006",3582
"mason1998",3583
"mayewski2002",3584
"mcghee1984",3585
"mcghee2002",3586
"mcgovern1979",3587
"bones1992",3588
"thomas2001",3589
"ogilvie2000",3590
"olafsdottir2001",3591
"perdikaris1999",3592
"petersen2000",3593
"schledermann2003",3594
"seaver1996",3595
"simpson2001",3596
"spufford2006",3597
"sutherland2000",3598
"vesteinsson2000",3599
"androshchuk2005",3600
"burstrom1990",3601
"callmer2004",3602
"christensen1981",3603
"christensen1997",294
"damsholt1984",3604
"dommasnes1979",3605
"dommasnes1991",3606
"ellis1943",3607
"p2008",3608
"ewing2006",3609
"gardela2009",3610
"graslund1994",3611
"gron1994",3612
"harrington2007",3613
"smith2004",3614
"holck2006",3615
"ingstad1992",3616
"jochens1996",3617
"jochens1998",3618
"jorgensen2005",3619
"larrington1999",3620
"lauritsen2003",3621
"nordberg2002",3622
"paulsen1956",3623
"andersen1922",3624
"sellevold1984",3625
"skaarup1976",3626
"stalsberg1991",3627
"stalsberg2001",3628
"stylegar2007",3629
"vangpetersen2005",3630
"bolander2017",3631
"henrikson2001",3632
"henrikson2002",3633
"jensen2011",3634
"bakka1993",3635
"bukkemoen2007",3636
"chapman1999",3637
"barndon2006",3638
"gjerpe2007",3639
"graslund1995",3640
"hanisch2000",3641
"howardjohnston1993",3642
"kristoffersen1985",3643
"lie1992",3644
"lowenborg2012",3645
"magnus1983",3646
"landbruk2008",3647
"nielsen2007",3648
"robin2002",3649
"soma2006",3650
"tringham1995",3651
"valum2011",3652
"ostigard2007",96
"anglert1989",3653
"andersson2001",3654
"berglund2017",3655
"brendalsmo2006",3656
"christie1974",3657
"ellingsen2012",3658
"eidshaug2016",3659
"forseth2017",3660
"gronnesby1998",3661
"guttormsen2002",3662
"henriksen2007",3663
"heaney1999",3664
"herschend1998",3665
"holmsen1976",3666
"jensenius2010",3667
"jensenius2018",3668
"mokkelbost2015",3669
"nordeide2006",3670
"rian1992",111
"roskaft2005",111
"sauvage2016",111
"skre1988",111
"steinsland1994",3671
"nielsen2002",3672
"aberg1995",3673
"blum2000",3674
"burton1999",3675
"frei2009",3676
"grupe1997",3677
"gustafsson2000",3678
"horwitz1992",3679
"jorkov2010",3680
"knudson2004",3681
"larsen2006",3682
"pollard2011",263
"price1992",3683
"price1994",3684
"price1998",3685
"price2007",3686
"yoder2010",3687
"sugden1982",3688
"vesteinsson2002",3689
"bjorn1943",3690
"dronke1969",3691
"dronke1997",3692
"einar1934",3693
"ol1954",3694
"bordarson1935",3695
"faulkes1987",3696
"jonsson1929",3697
"jonsson1976",3698
"palsson1972",3699
"hollander2000",3700
"hollander2002",3701
"vesteinn2003",3702
"wasko2006",3703
"zaluskastromberg1973",3704
"zaluskastromberg1986",3705
"adolfsson1995",3706
"carelli2006",3707
"arne1941",3708
"arrenhius1961",3709
"backdanielsson2001",3710
"baines1977",3711
"gardela2025",3712
"heggstad2006",3713
"ingstad1995",3714
"jesch1996",3715
"kristjansson2007",3716
"kempinski2003",3717
"kiil1960",3718
"kosman1989",3719
"kyhlberg1980",3720
"mckinnell2000",3721
"mcturknd",3722
"monsen1969",3723
"moszynski1967",3724
"motz1996",3725
"neustupny2001",3726
"nordstrom2006",3727
"raudvere2003",295
"renfrew2000",295
"resiheid2002",295
"ringquist1969",295
"wallis2000",295
"wallis2001",295
"wujewski1991",295
"arneborg2002",3728
"edvardsson2004",119
"lynnerup2007",119
"scudder2001",3729
"thorsdrapa1900",3730
"sourcesalberti2009",3731
"amundsen2014",3732
"bruck2013",3733
"carlie2004",3734
"carsten1995",3735
"cleasby1957",3736
"gansum2003",3737
"gerritsen1998",3738
"herschend2003",3739
"ingold2006",3740
"kristiansen2013",3741
"levistrauss1983",3742
"renck2008",3743
"risbolnielsen1995",3744
"thomas2015",3745
"williams2001",3746
"andrews2006",3747
"appelgren2007",3748
"appleby2013",3749
"aspeborg2007",3750
"burenhult2002",3751
"ersgard2006",3752
"hallansstenholm2012a",3753
"klevnas2013",3754
"latour1999",3755
"lundstrom2004",3756
"mejsholm2009",3757
"montell1996",3758
"nilssonstutz2003",3759
"olausson1993",3760
"olofsson2006",3761
"salmond2012",3762
"theliander2010",3763
"vinberg2015",3764
"wuopio2015",3765
"skrede2005",3766
"glorstad2013",96
"helga2001",3767
"andersen2002",3768
"sayer2009",3769
"ynglingesaga1979",3770
"alcock1991",3771
"als2006",3772
"barrett2001",3773
"bjorgo1995",3774
"blindheim1947",3775
"blindheim1976",3776
"blindheim1978",3777
"blindheim1981",3778
"bodal1998",3779
"boe1934",3780
"braathen1989",3781
"callaway1987",3782
"cessford1996",3783
"crane2002",3784
"damsholt2003",3785
"demarrais1996",3786
"enright1986",3787
"etchingham2001",3788
"fuglesang1972",3789
"goodacre2005",3790
"grahamcampbell1976",3791
"grahamcampbell1983",3792
"grahamcampbell1987",3793
"gupta1992",3794
"gustafson1900",3795
"hall2004",3796
"hammerton2004",3797
"harlow2004",3798
"hedeager1998",3799
"hedeager2005",3800
"hedeager2007",3801
"helgason2000",3802
"helgason2001",3803
"hougen2006",3804
"janes1996",3805
"jenkins1997",3806
"johansen1973",3807
"jondell1974",3808
"kaland1995",3809
"kertzner1988",3810
"larsen2001a",3811
"larsen1978",3812
"levine2004",3813
"macdermott1955",3814
"magnus1975",3815
"mahr1941",3816
"malmius2003",3817
"nieke1991",3818
"nieke1988",3819
"olsen2000",3820
"paisley2004",3821
"pedersen2010",3822
"petersen1928",3823
"ryste2005",3824
"skibstedtklaesoe1999",3825
"staecker2003",3826
"stafford1998",3827
"stenberger1958",3828
"stevenson1974",3829
"stevenson1987",3830
"stevenson1989",3831
"stoler2002",3832
"sveaasandersen1977",3833
"trenchjellicoe1999",3834
"tsigaridasglorstad2010a",3835
"vandommelen2002",3836
"whitfield2001",3837
"whitfield2004",3838
"wilson1973",3839
"nilsson2007",3840
"hennius2008",3841
"henriksen2003",256
"holme2000",256
"rundkvist2008",3842
"kristoffersen2009",96
"aqvist2006",3843
"arrhenius1990",3844
"bornaahlkvist1998",3845
"carelli2001",3846
"carlsson1979",3847
"rasmusen1999",3848
"dodgshon1980",3849
"fallgren1993",3850
"gothberg2000",3851
"gurevich1992",3852
"herschend1988",3853
"hoff1984",3854
"hoffman1975",3855
"holst2004",3856
"hvass1988",3857
"jorgensen1987",3858
"kaldalmikkelsen1999",3859
"liedgren1997",3860
"lillehammer1999",3861
"olsen1997",3862
"petersson2006",3863
"porsmose1988",3864
"rasmussen1999",3865
"riddersporre1995",3866
"ringstad1991",222
"roberts1987",222
"selinge2001",222
"sundqvist2002",3867
"thunmark1979",222
"allentoft2015",3868
"brather2004",3869
"cabana2011",3870
"childe1929",3871
"greenblatt2009",3872
"harrison2007",3873
"lazaridis2014",3874
"muller2001",3875
"patterson2012",3876
"prescott2013",3877
"price2004",3878
"shennan1989",3879
"skoglund2012",3880
"sigfusson1940",3881
"bjorn1943a",3882
"ol1934",3883
"kunz2001",3884
"larrington1991",3885
"tolkien1960",3886
"jakobsson2001",3887
"backdanielsson1968",3888
"carlsson1999",3889
"daviskimball2002",3890
"dieck1975",3891
"dillmann2006",3892
"dommasnes1978",3893
"davidson1972",3894
"davidson1996a",3895
"hedenstiernajonson2014",3896
"hernaes1984",3897
"katrin2005",3898
"kalinke1986",3899
"eldjarn2000",3900
"lokka2014",3901
"majchczack1997",3902
"nadolski1954",3903
"pestell2013",3904
"petersen1992",3905
"sauckel2013",3906
"samson1991",279
"straubhaar2002",279
"straubhaar2011",279
"strom1954",279
"svanberg2000",3907
"tolley2009",279
"riksantikvarieambetet2011",256
"henriksen2006a",256
"attar1990",3908
"benson2006",3909
"bergfjord2012",259
"frei2010a",259
"geus2004",259
"hald1950",259
"heier2009",3910
"kohn1999",259
"mannering2011",259
"morita1986",259
"rosborg2003",259
"enright1996",3911
"albarella2004",3912
"albarella2001",3913
"degerbol1948",3914
"dobney2001",3915
"enghoff2005",3916
"graslund2004",3917
"hamiltondyer2002",3918
"zmbochenski2001",3919
"hatting1998",3920
"lepiksaar1966",3921
"makowiecki2001",3922
"mlikovsky2005",3923
"muller1974",3924
"oggins2004",3925
"prummel1997",3926
"serjeantson2011",297
"tomek2000",297
"tyrberg2002",297
"vretemark2010",297
"knipper2017",3927
"arrhenius1973",3928
"bennet1987",3929
"blidmo1976",3930
"blidmo1981",3931
"bratt2009",3932
"eraesko1965",3933
"eriksson2004",3934
"oxford1967",3935
"ferenius1971",3936
"fischer2004",3937
"fischer2005",3938
"fischer2009",3939
"fischer2008",3940
"gronwall1995",3941
"gronwall2009",3942
"hauck1977",3943
"herschend1974",3944
"hoilund2000",3945
"horsnaes2008",3946
"jonsson1992",3947
"kyhlberg1985",3948
"kyhlberg1999",3949
"lallemand1965",3950
"lamm1973",3951
"lamm1972",3952
"stockholm1976",3953
"lorren1995",3954
"lotter2003",3955
"lundstrom1972",3956
"magnus2008",3957
"ostergren1981",3958
"ramqvist1983",3959
"selirand1985",3960
"sjovold1993",3961
"stjernquist1994",3962
"waller1996",3963
"eldjarn1948",3964
"eldjarn1953",3965
"gelsinger1981",3966
"gragas1980",3967
"grinderhansen2000",3968
"gulatingslovi1937",3969
"helle2001",3970
"holt1998",3971
"johannesson1969",3972
"jonsson1993",3973
"olafsson1990",3974
"risvaag2006",3975
"soga1978",3976
"soga1981",3977
"soga1994",3978
"williams2000",3979
"ostergren1989",3980
"fridriksson2000",3981
"keller2005",3982
"artifact2000",3983
"skovmann1942",3984
"capelle1968",3985
"grahamcampbell1990",3986
"grahamcampbell1981",3987
"lekberg2002",3988
"stang1984",3989
"blackburn1989",3990
"haworth1990",3991
"assmann1995",3992
"bogucki2004",3993
"duczko2000",3994
"filipowiak1958",3995
"filipowiak1992",3996
"gorecki2002",3997
"holtzmann1918",3998
"jankuhn1934",3999
"janocha1974",4000
"janowski2009",4001
"kara1991",4002
"kola1946",4003
"lowmianski1957",4004
"morawiec1954",4005
"nielsen1991",4006
"rajewski1937",4007
"ratajczyk2011",4008
"rebkowski2011",4009
"sikora2012",4010
"schulte1918",100
"wojtkowiak2013",100
"zak1957",100
"duczko1996",4011
"hennius2007",4012
"jahrehorn2014",187
"peets2010",4013
"storli2007",187
"boddington1996",4014
"geake1992",4015
"hockart1938",4016
"sherlock1992",4017
"tomicka1975",294
"andersen1985",4018
"mayor2014",4019
"regal2001",4020
"einarol1934",4021
"pedraza1991",4022
"mcguire2009",4023
"crowder2000",4024
"reimers1999",4025
"parle1995",4026
"sjovold1917",4027
"owen1994",224
"kobylinski1994",224
"halsall1996",224
"callow1995",224
"eldjarn1919",224
"townsend2000",4028
"mytum2003a",4029
"stummannhansen1996",176
"fanning2014",176
"larsen2000",176
"knudsen2007",176
"richards2007",4030
"haugen1979",176
"saxogrammaticus1996",4031
"miller1997",4032
"ambrosiani1990",4033
"barrett1997",4034
"brogger1921",4035
"bull1928",4036
"hellan2014",4037
"munch1962",4038
"reitan2011",4039
"resi1985",4040
"rolfsen1977",4041
"rundberget2007",4042
"rygh1905",4043
"rysstad1928",4044
"skar1909",45
"sperber2004",45
"steinnes1926",4045
"wenn2017",45
"wenn2016",45
"wiker2013",45
"alexandersen1998",4046
"behrensmeyer1978",4047
"binford1981",4048
"bliujiene2007",4049
"bridault1992",4050
"bronkramsey2013",4051
"carlie2002",4052
"carlie1993",4053
"degrossimazzorin2002",4054
"ewbank1964",4055
"faulkes1995",4056
"frei2013",4057
"goodman1990",4058
"grant1982",4059
"graslund2002",4060
"green1992",4061
"grimm2008",4062
"grimm2010",4063
"prummel2008",4064
"harris1931",4065
"hatting1978",4066
"hatting1985",4067
"helmer1987",4068
"henriksen2015",4069
"hillson2000",4070
"jennbert2006",26
"jorgensen2012",4071
"koudelkand",4072
"kveiborg2013",4073
"lauwerier2002",4074
"legge1992",4075
"loumand2006",4076
"magnell2012",4077
"may1985",4078
"monikander2010",4079
"morey2010",4080
"morris2008",4081
"nilsson2003",4082
"nilsson2009",4083
"noenygaard1990",4084
"park1953",4085
"payne1973",4086
"primeau2012",4087
"reimer2013",4088
"reitz1999",4089
"russell2012",4090
"schanche2000",4091
"scheuer2000",4092
"schmid1972",4093
"serjeantson1991",4094
"shipman1984",4095
"strom1985",4096
"stuartmacadam1985",4097
"ubelaker1989",4098
"vanhaasteren1974",4099
"vretemark1997",4100
"referencesanderson2013",4101
"arundale1976",4102
"arundale1981",4103
"ascough2005",4104
"ascough2006",4105
"ascough2007",4106
"ascough2009",4107
"ascough2014",4108
"austin2006",4109
"birgisson2013",4110
"bronkramsey2017",4111
"buonasera2015",4112
"coltrain2003",4113
"coulthard2010",4114
"craig1957",4115
"darwent2016",4116
"dumond1987",4117
"dumond2002",4118
"einarsson2011",4119
"fitzhugh1993",4120
"fitzhugh2004",4121
"friesen2016",4122
"gronnow2017",4123
"hajdas2014",4124
"harritt1995",4125
"smith2012",4126
"smith2014",4127
"smith2015",4128
"smith2016",4129
"heron2010",4130
"holtved1944",4131
"isaksson2010",4132
"issenmen1997",4133
"jull1996",4134
"ledger2016",4135
"linnamae1975",4136
"mangerud1972",4137
"mangerud2006",4138
"maryrousseliere1976",4139
"maryrousseliere1979",4140
"mason1990",4141
"mathiassen1927",4142
"maxwell1973",4143
"maxwell1980",4144
"maxwell1985",4145
"mccullough1989",4146
"mcghee2000",4147
"mcghee2009",4148
"mcghee1976",4149
"morrison1983",4150
"morrison1989",4151
"nilsen2017",4152
"odess1996",4153
"odess1998",4154
"odess2004",4155
"olsson1980",4156
"ostergard2004",4157
"ostergard1999",4158
"owen2002",4159
"park1994",4160
"park2004",4161
"petterson2013",4162
"possnert1997",4163
"raghavan2014",4164
"reimer2001",4165
"rogers1998",4166
"sabo1980",4167
"sabo1978",4168
"sayle2014",4169
"sayle2016",4170
"schledermann1978",4171
"schledermann1980",4172
"seersholm2016",4173
"sinding2015",4174
"sinding2017",4175
"stuiver1986",4176
"sutherland2002",4177
"tauber1979",53
"taylor1995",53
"tremayne2016",53
"arrhenius2001",4178
"magnus1997a",4179
"bjgrgo1969",4180
"gjessing1929",4181
"gjessing1934",4182
"glgrstad2010",4183
"lillios1999",4184
"magnus1999",4185
"mannering2000",4186
"munch1979",4187
"nerman1975",59
"nylen1994",4188
"petersen1905",4189
"petersen1907",4190
"ratke2006",59
"sjevold1974",59
"watt2004a",4191
"williams1966",59
"aberg1924",59
"palsson1989",4192
"nordal1933",4193
"adalbjarnarson1941",4194
"andrea2011",4195
"arnold1980",4196
"benstead2006",4197
"bjorck1995",4198
"craig2006",4199
"delrio2005",4200
"fogel1989",4201
"fuller2004",4202
"grupe1986",4203
"habicht1985",4204
"harbeck2009",4205
"huhneosterloh1997",4206
"husterplogmann2006",4207
"imhof1977",4208
"james1972",4209
"jenkins2001",4210
"konnor1980",4211
"lemke2005",4212
"marold2001",90
"jahrgang2002",90
"jonsson1944",4213
"palsson1962",4214
"arwidsson1986",4215
"jorpeland2013",4216
"bersu1966",4217
"dickinson1992",4218
"duczko1989",4219
"dundes1992",4220
"eniosova2009",4221
"fuglesang1989",4222
"gardela2017",4223
"grinsell1973",4224
"gustafson1906",4225
"hansson1938",4226
"henriksen2013",4227
"hildebrandnda",4228
"hjardar2012",4229
"harke1990",4230
"hardh1976",4231
"jagodzinski2010",4232
"kivikoski1946",4233
"lorangendb",4234
"makarov2017",4235
"mannering2017",4236
"meaney1981",4237
"melin2001",4238
"morck1900",4239
"novikova1998",4240
"olsson1986",4241
"pestell2012",4242
"petersen1917",4243
"robb2001",4244
"rudzinski2009",4245
"ryghnd",4246
"samdal1905",4247
"schnittger1920",4248
"simonsson1969",39
"stenberger1947",39
"stenberger1953",39
"stenberger1956",39
"thoren1994",39
"thunmarknylen2006",39
"wetzler2017",39
"stjerna1905",4249
"aanestad2015",4250
"barrowman2011",4251
"bond2016",4252
"brundle2003",4253
"carver2008",4254
"crawford1987",4255
"dockrill2010",4256
"forsyth2007",66
"gautier2016",66
"griffiths2010",4257
"ritchie1977",4258
"whitelock1979",4259
"worsaaend",66
"arbman1933",4260
"arbman1935",4261
"grahamcampbell1992",4262
"kleinglrtner2007",4263
"nordin1990",4264
"paulsen1937",4265
"pedersen1996",4266
"sundkvist2001",4267
"sturluson1993",4268
"soderberg2007",4269
"tesch1990",280
"tesch2007",4270
"stockholm2007",280
"askeberg1942",97
"metcalf2003",97
"hakon2008",4271
"ohs1985",4272
"baastrup2013",4273
"church2013",4274
"dugmore2010",4275
"golledge2003",4276
"gronnesby2015",4277
"klaesoe1997",4278
"myhre2000",4279
"owen2004",4280
"purcell2015",4281
"rockman2003",4282
"shetelig1927",4283
"solli1996",4284
"stenvik2001",4285
"vandenoort2011",4286
"weber1994",4287
"weber1996",4288
"westerdahl2015",4289
"aiken1986",4290
"ambrosiani2000",4291
"carpelan1992",4292
"cassel2008",4293
"cleve1930",4294
"cleve1943",4295
"cleve1978",4296
"ross2001",4297
"edgren1992",4298
"edgren2001",4299
"edgren2008",4300
"emberling1997",4301
"engman1991",4302
"entwistle2000",4303
"fahlander2007",4304
"feldt2002",4305
"gardell2001",4306
"ginters1981",4307
"ginters1984",4308
"gosden2001",4309
"gustin2010",4310
"gustin2015",4311
"hagerman2006",4312
"hall1990",4313
"hall2010",4314
"hardh1984",4315
"holmquistolausson1993",4316
"fuglesang1992",4317
"hulthen1984",4318
"hvoshchinskaja2004",4319
"jaanusson1981",4320
"jaanusson1993",4321
"jansson1988",4322
"jansson1990",4323
"jansson1994",4324
"jansson2000",4325
"kaks1969",4326
"kapchan1999",4327
"kivikoski1937",4328
"kivikoski1938",4329
"kivikoski1951",4330
"kivikoski1964",4331
"kivikoski1969",4332
"kivikoski1973",257
"krylasova2008",4333
"valdemars1995",4334
"kuzminych1996",4335
"kyhlberg1973",4336
"laulumaa2002",4337
"lehtosalohilander1982",4338
"lehtosalohilander1983",4339
"lehtosalohilander1990",4340
"lehtosalohilander1992",4341
"lehtosalohilander2000",4342
"ligi1993",4343
"lindstrom2003",4344
"malarstedt1986",4345
"markus1939",4346
"meinander1957",4347
"meinander1985",4348
"pokrovskaja2001",4349
"selling1945",4350
"selling1955",213
"sorensen1971",4351
"svanbergskane1999",4352
"taavitsainen1990",4353
"tarkiainen2008",4354
"thalin1984",4355
"uino1997",4356
"uino2006",4357
"wallerstrom2004",4358
"wells1998",4359
"wells1999",4360
"wiessner1989",4361
"young1995",4362
"wilson2009",4363
"worrell2003",4364
"downham2017c",66
"baudou1963",280
"andersson2006",4365
"bjerstaf2002",4366
"brorsson1998",4367
"carlsson1976",4368
"carlsson2008",4369
"clarke1993",4370
"dahlstrom2000",4371
"fallgren1994",4372
"gotfredsen2011",4373
"kidd1980",4374
"grandin2000",4375
"gustafsson2009",4376
"gustafsson2007",4377
"hawthorne1979",4378
"hellqvist2011",4379
"hjartnerholdar1999",4380
"hoven1991",4381
"huttu1996",4382
"jakobsson1996",4383
"jouttijarvi2005",219
"kirpichnikov2004",4384
"lindeblad1996",4385
"peets2003",4386
"pettersson2005",4387
"schmidt1977",4388
"schvindtnd",4389
"soderberg2011",4390
"soderberg2002",4391
"thomsen2005",219
"wellinder2004",4392
"aberg2006",4393
"aspinall2011",4394
"baker2013",4395
"bronkramsey2009",4396
"brown2014",4397
"hojdemodel2007",4398
"dobat2009",4399
"donat2000",4400
"gaffney2003",4401
"henning2002",4402
"herold2012",4403
"jacobsson1999",4404
"jensen1988",4405
"olesen2000",4406
"olsen1999",4407
"rindel2002",231
"roesdahl2002",231
"svanberg1999",231
"ulriksen1993",231
"abramson2016",4408
"ager2014",4409
"archibald2007",4410
"baker2011",4411
"blackburn1998",4412
"blair2013",4413
"booth1983",4414
"brookes2013",4415
"cameron1998",4416
"cameron2010",4417
"daubney2016",4418
"dobat2017",4419
"edwards1991",4420
"everson2007",4421
"haldenby2016",4422
"johnson2002",4423
"langdon1993",4424
"leonard2015",4425
"loveluck1996",4426
"macgregor2009",4427
"mcleod2006",4428
"metcalf1960",4429
"pagan1986",4430
"richards1999",4431
"richards2004",4432
"richards2013",4433
"richards2016",4434
"rogers1993",4435
"steedman1994",4436
"stevenson1904",148
"bakka1983",3
"aguilar1986",4437
"bill2007",4438
"caldwell2014",4439
"carwardine1995",4440
"clark1947",4441
"dahl2003",4442
"espinoza1992",4443
"gardiner1997",4444
"haahrkristiansen1997",4445
"hallen1994",4446
"henriksen2009",4447
"holm2012",4448
"isaksen2012",4449
"karlsson2016",4450
"kjermichaelsen1992",4451
"kristensen2007",4452
"laist2017",4453
"lowenstein1993",4454
"lundkoksvik2010",4455
"lundkoksvik2013",4456
"lundqvist1986",4457
"mclees1990",4458
"mulville2002",4459
"nasman1990",4460
"nelson1969",4461
"nilsen2014",4462
"nordahl2001",4463
"petersen1914",4464
"riddler2014",4465
"sandberg1983",4466
"seiler2001",4467
"sjovold1966",4468
"skomsvoll2012",4469
"solberg2007",4470
"stauch1994",4471
"stylegar2005",4472
"svanberg2008",4473
"szabo2008",4474
"teixeira2014",4475
"wickler2012",4476
"arne1934",4477
"arwidsson1977",4478
"graslund2008a",4479
"lindqvist1934",4480
"lloydsmith2002",4481
"madsen1996",4482
"schulzedorrlamm2010",4483
"schonback1957",4484
"schonback2002",4485
"hansen2008",4486
"sawyer1962",4487
"gould1903",4488
"biddle1992",4489
"sawyer1998",290
"ulmschneider2000",4490
"blackburn2011",4491
"blackburn1994",4492
"blackburn2001",4493
"blackburn2007",4494
"williams2007",4495
"stocker2000",4496
"foster1924",4497
"oswald1937",4498
"pelteret1980",4499
"pettersson2009",4500
"pirie1997",4501
"richards2009",148
"riley1995",4502
"rowe2008",4503
"rowlandson2005",4504
"russell2014",4505
"sheehan2014",4506
"stafford1980",4507
"stein2012",4508
"stein2013",4509
"stein2000",4510
"whitwell1992",4511
"williams2002",4512
"hurley2014",4513
"abulughod1981",4514
"adger2009",4515
"alexandre1976",4516
"alexandre1987",4517
"ahdr2004",4518
"ahdr2015",4519
"arendt1958",4520
"arnalds1992",4521
"arneborg2008",4522
"batt2015",4523
"bell1978",4524
"bergthorsson1967",4525
"bergthorsson1969",4526
"blondal1999",4527
"bradley1992",4528
"bradley2016",4529
"brazdil1995",4530
"brazdil2005",4531
"boulhosa2012",4532
"campbell2016",4533
"camenisch2016",4534
"casely2007",4535
"crumley2007",4536
"demaree2001",4537
"diaz2011",4538
"dickson1988",4539
"dugmore2005",4540
"dugmore2013",4541
"dugmore2014",4542
"einarsson1994",4543
"garciaherrera2008",4544
"gragas2001",4545
"gudmundsson1997",4546
"gudmundsson2008",4547
"hambrecht2015",4548
"harrison2013",4549
"hartman2015",4550
"hartman2016",4551
"halldorsson1978",4552
"henriksen1995",4553
"hoffmann2014",4554
"holtsmark1956",4555
"hreinsson1997",4556
"ingimundarson1995",4557
"ingimundarson2010",4558
"ingimundarson1998",4559
"ingram1978",4560
"ingram1981",4561
"johannesson1956",4562
"johannesson1974",4563
"johannesson1928",4564
"jones2008",4565
"jones2004",4566
"jones2001",4567
"jonsbok2004",4568
"kristjansson1980",4569
"kirkbride2008",4570
"lamb1965",4571
"larsen1917",4572
"royladurie1972",4573
"ludlow2010",4574
"luterbacher2016",4575
"martinvide1995",4576
"mauelshagen2014",4577
"mcgovern2013",4578
"mcgovern2014",4579
"mcturk2004",4580
"miles2014",4581
"ogilvie1982",4582
"ogilvie1984",4583
"ogilvie1986",4584
"ogilvie1991",4585
"ogilvie1992",4586
"ogilvie1998",4587
"ogilvie2001",4588
"ogilvie2005",4589
"ogilvie2008",4590
"ogilvie1997",4591
"pfister1992",4592
"pfister1998",4593
"pfister1999",4594
"pfister2017",4595
"pribyl2012",4596
"serreze2015",4597
"sigurdsson2004",4598
"smiarowski2014",4599
"smiarowski2017",4600
"stern2000",4601
"stine1994",4602
"stormnd",4603
"stora2005",4604
"streeter2012",4605
"streeter2014",4606
"mcgrew1970",4607
"teitsson1975",4608
"thorarinsson1956",4609
"thorarinsson1958",4610
"thorarinsson1967",4611
"thordarson1993",4612
"thordarson2007",4613
"thorlaksson1991",4614
"thoroddsen1914",4615
"thoroddsen1919",4616
"thorsteinsson1989",4617
"vanengelen2001",52
"vasey2001",52
"vesteinsson2005",52
"vilmundarson1972",52
"waters2016",52
"wheeler2006",52
"young2015",52
"arne1911",4618
"arbman1955",4619
"callmer2000",4620
"bhabha2004a",4621
"alper2003",4622
"arbman1939",4623
"asmus2012",4624
"bagge2009",4625
"bartels2008",4626
"bartlett1996",4627
"baumgartner2013",4628
"birkebaek1992",4629
"bolton2009",4630
"bompaire1997",4631
"brather2010",4632
"callmer1994",4633
"carelli2012",4634
"christensen2000",4635
"dobat2008",4636
"drjacobsen1942",4637
"eisenschmidt2003",4638
"filipowiak2008",4639
"gelting2007",4640
"gilomen2014",4641
"grahamcampbell1991a",4642
"hatz1974",4643
"hauptmeyer1997",4644
"henricson2006",4645
"herrmann1994",4646
"hilberg2009b",4647
"hilberg2010",4648
"hinton2008",4649
"hodges2008",4650
"hofmann1984",4651
"hybel2013",4652
"ilisch1988",4653
"jankuhn1937",4654
"jonsson1989",4655
"juraske2010",4656
"kalmring2010e",4657
"keller2008",4658
"klappauf2011",4659
"klappauf2008",4660
"leimus2007",4661
"loveluck2013",4662
"ludtke1985",4663
"ludtke2013",4664
"lund1991",4665
"makeler2005",4666
"metcalf1998",4667
"meyer1998",4668
"moesgaard2006",4669
"noonan1994",4670
"radtke2002",4671
"roesdahl2006",4672
"rundberg2000",4673
"sawyer2013",4674
"sawyer2002",4675
"scheel1940",4676
"schledermann1966",4677
"schwantes1932",4678
"gratuze2011",4679
"sindbaek2012",4680
"spuford1988",4681
"steppuhn1998",4682
"stieldorf2012",4683
"stoklund2000",4684
"tummuscheit2010",4685
"verhulst2000",4686
"wehner2007",4687
"wiechmann2002",102
"williams1997",102
"olsen1945",4688
"aberg1953",4689
"skouhansen2008",189
"norr2008",189
"alqahtani2010",4690
"askvik2009",4691
"bankier2006",4692
"batey2013",4693
"beaumont2013",4694
"bonsall2009",4695
"butler1993",4696
"curtissummers2014",4697
"fowler2010",4698
"greaves2011",4699
"halpin2008",4700
"harris2016",4701
"harris2012",4702
"mcguire2010",4703
"muldner2009",4704
"nissan1999",104
"reimann2012",104
"robb2013",104
"welander1987",104
"avdusin1988",4705
"clarke1985",4706
"crane1999",4707
"galton1971",4708
"kjellberg1946",4709
"krogh2007",4710
"lethlarsen1991",4711
"lonborg1994",4712
"monteliusnd",4713
"martensson1970",40
"possnert2015",40
"soderberg1999",40
"warnke1987",40
"hadley2015",182
"brooks1987",182
"wessexarchaeology1997",182
"bailey1980",4714
"dunwell1995",4715
"evison1969",4716
"geake2003",4717
"lang1976",4718
"richards2003",4719
"solberg1985",4720
"vandenoort1993",4721
"walsh1998",4722
"kjellberg1947",40
"bakhtin1984",4723
"cohen1995",4724
"crang1994",4725
"edensor1998",4726
"fowler1992",4727
"graver1999",4728
"hewison1987",4729
"koivusalo1998",4730
"littrell1993",4731
"maccannell1976",4732
"macdonald1997",4733
"mccaulay1999",4734
"meethan1996",4735
"mordue1998",4736
"robb1998",4737
"shurmersmith1994",4738
"silver1988",4739
"urry1990",4740
"vestfold1998",4741
"watson1994",4742
"walsh1992",4743
"wright1985",4744
"bohner1991",4745
"brown1988",4746
"bruck2006",4747
"bynum2001",4748
"davidson1978",4749
"dedekam1925",4750
"flores1996",4751
"gaimster1998",4752
"geary1978",4753
"glosecki2000",4754
"hardh2004",4755
"haselof1956",4756
"haselof1970",4757
"haselof1981",4758
"haselof1984",4759
"hoilundnielsen2002",4760
"ingold1994",4761
"ingold2000",4762
"jakobsson1999",4763
"jakobsson2003",4764
"jones1998",4765
"kalif1997",4766
"kristofersen2000",4767
"lindstrom2001",4768
"magnus2001",4769
"magnus2002",4770
"mansrud2008",4771
"meskell2003",4772
"morris1991",4773
"mullernd",4774
"mundal1974",4775
"oestigaard1999",4776
"oestigaard2000",4777
"orchard2002",4778
"raudvere2001",4779
"roe1995",156
"roth1979",156
"sofaer2006",156
"speake1980",4780
"steenstrpnd",156
"pollard2009",152
"pritsak1970",152
"hughes1995",287
"barnes2012",4781
"christensen1969",4782
"fridell2011",4783
"fuglesang1991",166
"glob1969",4784
"graslund1998",4785
"imer2009",4786
"jacobsen1932",4787
"jacobsen1935",4788
"kallstrom2007",4789
"cour1951",4790
"lerchenielse1993",4791
"lund2014",4792
"moltke1952",4793
"moltke1985",4794
"nielsen1969",4795
"oebynielsen2007",4796
"snaedal1985",4797
"stoklund1991",4798
"stoklund1994",4799
"stoklund2005",4800
"stoklund2006",4801
"stoklund2010",4802
"m2005",4803
"storm1977",4804
"bengtsson1954",287
"maccannell1992",287
"yorkarchaeologicaltrust1984",287
"bekpedersen2007",4805
"dennis1980",4806
"dennis2002",4807
"larusson1967",4808
"lucas2009",4809
"meulengrachtsorensen1983",4810
"robertsdottir2008",4811
"sveinbjarnardottir2012",4812
"arbman1941",4813
"backstreurom2016",4814
"briggs2007",4815
"brothwell1981",4816
"brotherton2007",4817
"buikstra1994",4818
"cassidy2016",4819
"durand2011",4820
"eriksson2016",4821
"gamba2014",4822
"green2008",4823
"vanhamel1934",4824
"helgessonarcini1996",4825
"keller2012",4826
"kircher2012",4827
"lampa2013",4828
"lindstreurom2011",4829
"malmstreurom2009",4830
"meindl1989",4831
"meyer2010",4832
"omrak2016",4833
"oras2016",4834
"salmela2011",4835
"sawyer2012",4836
"skoglund2013",4837
"skoglund2014",4838
"slovak2011",4839
"steinsland2011",4840
"stolpend",4841
"thalinbergman1986",4842
"vanoven2009",4843
"vianello2013",193
"wilhelmson2015",193
"yang1998",193
"crawford1999",4844
"hedenstiernajonson2000",4845
"jansson1980",4846
"kanvall1995",4847
"kjellstrom2005",4848
"kjellstrom1995",161
"nordstrom2007",4849
"rimbert1986",161
"wikborg2007",161
"anderson1909",4850
"annalsofclonmacnoisend",4851
"blindheim1984",4852
"bourke2010",4853
"brink2007",4854
"carroll1995",4855
"hennessynd",4856
"coffey1909",4857
"connolly1987",4858
"crawford1923",4859
"danielsson2015",4860
"farbregd1979",4861
"forte2005",4862
"gerace2014",4863
"gyllensvard2004",4864
"hagland2008",4865
"hall2015",4866
"haseloff1990",4867
"hedeager2015",4868
"henry1965",4869
"holtsmark1989",4870
"jesch2001",4871
"jesch2006",4872
"kelly1993",4873
"lamn2004",4874
"lowe2007",4875
"lucas1967",4876
"lucas1973",4877
"lucas1986",4878
"magnus1932",4879
"mullarkey2014",4880
"murray2012",4881
"murray2014",4882
"murray2015",4883
"murray2016",4884
"nordvig2013",4885
"carragain2010",4886
"odonoghue2011",4887
"floinn1989",4888
"floinn2013",4889
"floinn2015",4890
"omeadhra1988",4891
"ohrn2015",4892
"quast2012",4893
"rosedahl1992",4894
"ryan1989",4895
"ryan1998",4896
"solli2013",4897
"watt2005",4898
"watt2011",4899
"youngs1989",4900
"andersen2004",299
"ashby2009",4901
"bakka1965",4902
"blindheim1977",4903
"budd2004",4904
"boe1926",4905
"corrain1972",4906
"christophersen1989",4907
"de1995",4908
"etting2013",4909
"fagerland2008",4910
"gaimster1991",4911
"gronnesby2012",4912
"haseloff1979",4913
"haseloff1987",4914
"heenpettersen2013",4915
"helle1991",4916
"herje1989",4917
"herstad2012",4918
"hunter2008",4919
"jatten2006",4920
"martens1994",4921
"ofloinn1989",4922
"redmond2007",4923
"resi2005",4924
"roskaft2003",4925
"shepherd1985",4926
"skinner2012",4927
"skjevik1997",4928
"sorheim2010",4929
"stenvik1994",4930
"trotzig1984",4931
"trotzig1991",4932
"wilson1965",4933
"paulsen1933",4934
"steuer1962",4935
"filipowiak1988",4936
"betz1973",166
"bottgerniedenzu1982",166
"buisson1976",235
"eldjarn1956",4937
"hagen1950",166
"janowski2006",166
"kjaerum1990",4938
"stoodley2000",4939
"meskell1999",161
"andresen2010",4940
"baker2015",4941
"berglund2003",4942
"blackford1991",4943
"bond2001",4944
"bond1997",4945
"bradley1992a",4946
"bradley1993",4947
"conroy2008",4948
"cui2013",4949
"lorenzo2010",4950
"lorenzo2008",4951
"eiriksson2006",4952
"faust2016",4953
"folland2009",4954
"grauel2013",4955
"gray2010",4956
"haldon2016",4957
"hass1996",4958
"helama2009",4959
"hurrell1995",4960
"hurrell2010",4961
"isono2009",4962
"jones2014",4963
"krawczyk2010",4964
"lamb1982",4965
"lamb1985",4966
"larsen2008",4967
"li2016",4968
"ljungqvist2010",4969
"mcdermott2001",4970
"moy2002",4971
"neukom2014",4972
"oliva2012",4973
"randsborg1991",4974
"reimann2011",4975
"ribeiro2012",4976
"rudaya2016",4977
"ruizfernandez2016",4978
"scafetta2012",4979
"swierczynski2012",4980
"ulgen2012",4981
"vanloon1978",4982
"wanner2008",4983
"wanner2001",107
"wanner2011",107
"yan2011",107
"zhong2014",107
"magnus2004",4984
"sogness1988",4985
"haithabu2003",4986
"coupland1989",4987
"coupland2016",4988
"duczko1997",4989
"helmbrecht2004",4990
"hoilund1986",4991
"hoilund2014",4992
"holst1958",4993
"jorgensen1990",4994
"jorgensen1997",4995
"laurent1978",4996
"lebecq1986",4997
"radtke1981",4998
"schlesinger1972",4999
"schneeweiss2010",5000
"shepard2014",5001
"shepard1989",5002
"staats1974",5003
"story2003",5004
"andersen2012",5005
"berglund1982",5006
"bican2007",5007
"bican1907",5008
"biltz1969",5009
"broholm1946",5010
"broholm1949",5011
"christensen2006",5012
"dillehay1997",5013
"dix1982",5014
"garfinkel1987",5015
"harrington2000",5016
"houmarknielsen1991",5017
"hoy1995",5018
"jensen2002",5019
"jons1993",5020
"jorgensen2013",5021
"kjaer1928",5022
"knoll2013",5023
"larsen2012",5024
"nielsen1967",5025
"petersen1971",5026
"schuster2000",5027
"seir2013",179
"steensberg1974",179
"thrane1979",179
"uschmann2006",179
"williams2004",179
"duczko2007",5028
"losinski1997",5029
"jagodzinski2008",5030
"bately1980",5031
"bately2009",5032
"gaerte1929",5033
"engel1931",5034
"engel1935",5035
"tischler1902",5036
"bezzenberger1904",5037
"androshchuk2008",5038
"jagodzinski2012",5039
"cnotliwy2013",5040
"ehrlich1932",5041
"ambrosiani1994",5042
"arbman1958",5043
"carlsson1988",5044
"jankuhn1943",5045
"klim1979",5046
"steuer1979",5047
"arbman1993",5048
"berggren2004",5049
"bergstrom1941",5050
"bjorck2008",5051
"broberg1990",5052
"egenberg2003",5053
"fetisov2008",5054
"frostne2002",5055
"hennius2016",5056
"hennius2005",5057
"heron1989",5058
"hiorth1908",5059
"hjulstrom2006",5060
"hvid2016",5061
"karlsson2002",5062
"konsa2013",5063
"kupiec2015",5064
"kurzweil1998",5065
"landin2002",5066
"lindeblad1994",63
"lindstrom2014",63
"magnusson1986",5067
"neveus1974",63
"persson1994",63
"ravn2016",63
"stahre2012",63
"svenssonhennius2017",63
"villstrand1996",63
"albrectsen1976",5068
"andren1998",5069
"behre1983",5070
"bican2010",5071
"fabricius2009",5072
"hermansen1938",5073
"hjelmqvist1993",5074
"janushevich1979",5075
"kenward1995",5076
"koch2003",5077
"mikkelsen1949",5078
"moltsen1998",5079
"ocete2015",5080
"petrini2015",5081
"schiemann1953",5082
"shanahan2015",5083
"sherratt2008",5084
"smith1990",5085
"stummer1911",5086
"troelssmith1953",5087
"wamers2016",133
"winroth2012",133
"schietzel1985",5088
"pilo2008",5089
"androshchuk2004a",5090
"fabech2009",5091
"sanmark2004",5092
"ahnlund1926",5093
"ambrosiani1992",5094
"ambrosiani1996",5095
"andren1985",5096
"edgren1995",5097
"franklin1996",5098
"garizpanov2008",5099
"gustin1990",5100
"johansen2003",5101
"malmer1989",5102
"noonan1991",129
"polanyi1978",129
"ros2001",129
"rosberg2009",129
"schorske1998",129
"reimer2004",5103
"svensson2007a",5104
"hilczerowna2037",5105
"losinski1995",5106
"vonzurmuhlen1940",101
"labuda1961",101
"orosiusnd",101
"andersen2008",5107
"bandholm2012",5108
"carstens2011",5109
"christiansen1999",5110
"christiansen2005",5111
"dyggve1955",5112
"hollstein1980",5113
"holmsgaard1999",5114
"hvass1998",5115
"krogh1993",5116
"lemm2011",5117
"lindblom2011",5118
"lindblom2012",5119
"mullerwille1991",5120
"trillmich1970",172
"fanning1937",5121
"saga1943",5122
"kunz2008",5123
"dasentnd",5124
"andersson2002",5125
"armbruster2002",5126
"bihrer2012",5127
"christensen1985",5128
"claughton2011",5129
"dekowna1990",5130
"osk2009",5131
"elvestad1998",5132
"fanning1990",5133
"hagg2002",5134
"helberg1993",5135
"hepp2007",5136
"hilberg2007",5137
"hingst1955",5138
"kleingartner2007",5139
"mehler2003",5140
"molaug2010",5141
"mullerwille1968",5142
"noonan2000",5143
"olsen2004",5144
"pestell2011",5145
"pierce2009",5146
"reichstein1984",5147
"roberts2008",5148
"englert2007b",5149
"scheel1930",5150
"simek2007",5151
"sode2004",5152
"sode2002",5153
"sorheim2004",5154
"stumpel1983",5155
"jakobsson2009",5156
"tweddle1999",5157
"vogel1983",5158
"warmlander2010",5159
"wedepohl2003",5160
"zori2010",5161
"magnusson1966",5162
"jessen1958",5163
"hoilundnielsen1986",5164
"norgardjorgensen1999",5165
"neuefischer2014",5166
"siemen1990",5167
"spiong2000",168
"thuno2002",168
"williams1999",168
"bemmann1998",5168
"besteman1999",5169
"bjork1957",5170
"brandt1996",5171
"brink1997",5172
"carnapbornheim1996",5173
"egeberghansen1988",5174
"egeberghansen1996",5175
"ethelberg2000",5176
"ringtved1989",5177
"fabech1992",5178
"fenger1971",5179
"hedeager1990",5180
"helgesson2008",5181
"hoilundnielsen2005",5182
"hoilundnielsen1993",5183
"hvass1986",5184
"jarlhansen1988",5185
"jessen2008",5186
"jorgensen1988",244
"jorgensen1996",21
"kopytof1986",5187
"lund1996",5188
"lundhansen1995",5189
"madsen1995",5190
"mauritsen2009",5191
"mikkelsen1990",5192
"mortensen1988a",5193
"mortensen1991",5194
"murray1983",5195
"nasman1988",5196
"nasman1997",5197
"norbach1998",5198
"norgardjorgensen1996",5199
"rasmussen1995",5200
"reuter1997",5201
"ringtved1986",5202
"ringtved1998",5203
"sjoholm1988",5204
"steuer1982",5205
"tacitus1999",171
"ulriksen1989",180
"wenskus1961",5206
"zimmermann2005",171
"bjork1982",172
"christensen1983",5207
"christiansen1995",5208
"christiansen1996",5209
"fenger1991",5210
"fokkens1998",5211
"jorgensen1940",5212
"back1997",5213
"polanyi1963",5214
"tummuscheit2003",5215
"vestergaard1991",5216
"lysehansen2000",5217
"olausson2002",5218
"palliser2000",5219
"hodder2003",5220
"hojbjerg2006",5221
"aarseth1982",5222
"arge1991",5223
"arge2006",5224
"arge2005",5225
"arge2009",5226
"arnalds1997",5227
"bertelsen1985",5228
"bertelsen1998",5229
"buckland2008",5230
"butler2006",5231
"christiansen1990",5232
"christiansen1991",5233
"christiansen1987",5234
"dennis2000",5235
"dugmore2000",232
"dumezil1973",5236
"edvardsson2005",5237
"einarsson1963",5238
"einarsson2002",5239
"fagan2000",5240
"fjaervoll1961",5241
"fredskild1973",5242
"fridriksson1994",5243
"gerrard1991",5244
"gjerland2009",5245
"gronvold1995",5246
"grove1988",5247
"gudmundsson2001",5248
"gudmundsson2004",5249
"guttormsen1994",5250
"halstead1998",5251
"harris1988",5252
"hambrecht2006",5253
"hansen1990",5254
"hastrup1989",5255
"hermannsson1929",5256
"hitzler1979",5257
"hjalmarsson1993",5258
"holling2002",5259
"joensen1976",5260
"joensen1980",5261
"keller1989",5262
"keller1990",5263
"konstam2004",5264
"kristjansdottir2004",5265
"krivogorskaya2005",5266
"lageras2007",5267
"lambin2005",5268
"lawson2006",5269
"mcgovern1980",5270
"mcgovern1981",232
"mcgovern1986",5271
"mcgovern1994",5272
"mahler1989",5273
"mahler1988",5274
"mahler1991",5275
"mahler1990",5276
"mairs2007",5277
"marcus1980",5278
"e2003",5279
"noonan1998",5280
"nordal1952",5281
"nordal1954",5282
"norrevang1970",5283
"olsen1928",5284
"olasson1998",5285
"perdikaris1998",5286
"perdikaris2005",5287
"rieck2002",5288
"sanmark2002",5289
"schofield2007",5290
"simpson2003",5291
"skardi1970",5292
"sveinbjarnardottir1990",5293
"sveinbjarnardottir2007",5294
"sveinbjarnardottir2008",5295
"thomson2003",5296
"thomson2005",5297
"thomson2007a",5298
"vesteinsson2001",5299
"wubsmrozewicz2008",5300
"thorarinsson1970",5301
"aarsleff2005",5302
"almgren1955",5303
"ambrosiani2002",5304
"anglert1999",5305
"anglert2001",5306
"arrhenius1992",5307
"eriksson2001",5308
"gjosteinresi1979",5309
"gramstorp2000",5310
"gustafsson1968",5311
"gustin1999",5312
"hardh2007",5313
"vonheijne2004",5314
"helgesson1999",5315
"herschend1989",5316
"hjarthnerholdar2002",5317
"horby1988",5318
"jansson1978",5319
"johanssonherven2001",5320
"kresten2001",5321
"klnm1999",5322
"lennartsson1997",5323
"malmer2002",5324
"metcalf1996",5325
"mikhailov2007",5326
"mogren2005",5327
"noonan1984",5328
"riddersporre1998",5329
"ringqvist1968",5330
"rispling2004",5331
"salminen2001",5332
"samuelsson2001",5333
"schulke2008",5334
"serning1956",5335
"silvegren1999",5336
"sindbaek2001",5337
"skibstedklaeso1997",5338
"steineke2005",5339
"stenholm1976",5340
"stjernquist1995",5341
"svanberg1998",5342
"svensson2001",5343
"tegner1999",5344
"tegner2005",5345
"thilderqvist2000",5346
"thun1967",5347
"wamers1984",5348
"westergren1986",5349
"dumvillend",5350
"rau1977",5351
"ager2011",5352
"besteman2009",5353
"coupland2006",5354
"dijkstra2009",5355
"grieg1929",5356
"kilger2007",5357
"knol1998",5358
"knol2005",5359
"knol2010",5360
"sheehan2000",5361
"sheehan2011",5362
"others1971",5363
"woltering2000",143
"woolf1990",143
"cook1965",181
"westness1980",5364
"ahrens2001",5365
"chronicon2001",5366
"dyggve1942",5367
"harck2006",5368
"wesse2006",5369
"janssen2004",5370
"mcneill2004",5371
"chr2009",5372
"klemensen2001",5373
"krogh1981",5374
"lethlarsen2007",5375
"madsen1985",5376
"mcguire2008",5377
"petersen1909",5378
"staecker2005",5379
"trap1964",5380
"sicking2008",120
"woltering2002",143
"sawyer1971a",5381
"eriksen2001",5382
"davidson1979",5383
"hoekstra1940",5384
"rau1972",5385
"rives1985",5386
"south1932",5387
"bantelmann2003",5388
"besteman1997",5389
"boeles1915",5390
"borchling1938",5391
"bregman1998",5392
"ijssennagger2009",5393
"jons2013",5394
"meier2003",5395
"milis1998",5396
"nijdam2008",5397
"pritsak1981",5398
"schokker2008",5399
"siems1980",5400
"smyth1977",5401
"springer2003",5402
"theuws2009",5403
"vries2007",5404
"wood2001",220
"broadberry2010",5405
"durkin2014",5406
"fenner2005",5407
"fox1943",5408
"hellenthal2014",5409
"insley1994",5410
"johnston2014",5411
"loveluck2011",5412
"royrvik2010",183
"samuels1989",183
"thomas2006",5413
"townend2002",183
"binns1988",5414
"bjerve1980",5415
"bjorgo1982",5416
"bratrein1984",5417
"bratrein1989",5418
"bull1920",5419
"carstairs1980",5420
"eithun1994",5421
"ekrem2006",5422
"falkanger2007",5423
"fugelsoy1970",5424
"gansum2000",5425
"grimm2004",5426
"hobaek2013",5427
"hodne1976",5428
"holmback1943a",5429
"indrebo1935",5430
"iversen2014",5431
"iversen2007",5432
"jansen1943",5433
"johansen1977",5434
"hauge2007",5435
"lillehammer1994",5436
"lund1955",5437
"lund1959",5438
"lund1965",5439
"loken2001",5440
"nicolaysenndh",5441
"norbergschulz1980",5442
"olsen2005",5443
"olsen2013",5444
"patterson2005",5445
"relph1976",5446
"room2005",5447
"schutte1933",5448
"seip1934",5449
"sjovold1962",5450
"sjovold1971",5451
"solberg2002",5452
"storli2000",5453
"stormnda",5454
"stormndb",5455
"strom2007",5456
"taranger1915",301
"tuan1974",301
"urbanczyk1992",5457
"vesteinsson2013",301
"odegaard2013",301
"ahlkvist2002",5458
"bardseth2007",5459
"carlie1999",5460
"diinhoff2011",5461
"edblom2004",5462
"ericsson2001",5463
"kalmar1991",5464
"eriksson1993",5465
"frolund2007",5466
"gjerdaker2001",5467
"gjerpe2012",5468
"gollwizer2012",5469
"helgesson2002",5470
"hobaek2008",5471
"bergen2009",5472
"oslo1997",5473
"kleven2001",5474
"loken1996",5475
"martens2007",5476
"myhre1972",5477
"olsen1926",5478
"pedersen1990",5479
"petersson2010",5480
"reiss1994",5481
"reitan2009",5482
"reynolds1999",5483
"robberstad1967",5484
"rosener1995",5485
"skre1997",5486
"streiffert2005",5487
"sorrusten2012",5488
"tacitus2001",298
"wasberg1970",298
"odegaard2008",298
"oslo1991",298
"shepared2012",5489
"loog2017",5490
"mcevoy2006",5491
"melchior2008",5492
"milman2003",5493
"bowden2008",5494
"helgason2003",5495
"helgason2009",5496
"kjellstrom2007",5497
"ros2012",5498
"kjellstrom2017",5499
"wikstrom2008",5500
"wikstrom2005",5501
"tillmar2010",5502
"dupuy2001",5503
"karlsson2006",5504
"martiniano2016",5505
"nesbitt2016",5506
"roslund2014",5507
"tesch2001",5508
"vanoven2014",5509
"technology2017",5510
"walsh2014",5511
"walsh2013",5512
"walsh2016",5513
"tesch2013",5514
"hillbom1984",5515
"moorrees1963",5516
"smith1991",5517
"brooks1990",5518
"bruzek2002",5519
"novotny1982",5520
"phenice1969",5521
"evans2004",5522
"meller2012",5523
"knipper2004",5524
"maurer2012",5525
"neumann1974",5526
"asch2003",5527
"lofvendahl1990",5528
"hillson2005",5529
"schour1941",5530
"knipper2014",5531
"rohland2007",5532
"malmstrom2012",5533
"rasmussen2011",5534
"korneliussen2014",5535
"behar2012",5536
"achilli2004",5537
"dupuy2006",5538
"passarino2002",5539
"rootsi2004",5540
"auton2015",5541
"patterson2006",5542
"zeronmedina2013",5543
"hveem2001",5544
"whittington2006",5545
"donnelly2012",5546
"eiberg2008",5547
"lamason2005",5548
"soejima2007",5549
"stokowski2007",165
"aitken2013",5550
"ascough2012",5551
"biddle1985",5552
"biddle1986",5553
"bigsbynd",5554
"bonsall2007",5555
"bronkramsey2004",5556
"cook2001",5557
"cook2015",5558
"deggnd",5559
"fuller2005",5560
"hedges2004",5561
"phillips2001",5562
"phillips2014",5563
"richards2002",5564
"russell2015",5565
"sawyer1957",113
"szpak2014",113
"taylor1989",113
"dyggve1948",5566
"jorgensen2002e",5567
"jeppesen1990",5568
"glob1970",5569
"ibsen2005",5570
"junker2003",5571
"berlin2003",5572
"reichchr1995",5573
"gotlands1995",5574
"wroblewski1963",5575
"iineaa1994",5576
"bogucki2011",5577
"brather1953",5578
"fomin1987",5579
"jankowiak2015",5580
"kara2009",5581
"kiersnowski1961",5582
"kilger2006",302
"kmietowicz1994",302
"ostergren2009",302
"petrov2014",302
"rebstock2008",302
"arne1946",5583
"brady1999",5584
"fennomuyingo1997",5585
"hedenstiernajonson2001",5586
"hedenstiernajonson2002",5587
"holmquistolausson1998",5588
"liden1997",5589
"lovell1986",5590
"peterson1987",5591
"richards2001",5592
"richards2006",5593
"soloman1971",204
"trust1992",204
"birka1992",5594
"carnapbornheim2007",5595
"capitularia1980",5596
"ellmers2009",5597
"gade1993",5598
"geibig1989",5599
"grierson1986",5600
"hingst1958",5601
"hornfuglesang2000",5602
"hoven1990",5603
"jankuhn1951",5604
"jesch1998",5605
"kersten1954",5606
"kirpichnikov2001",5607
"mullerwille2006",5608
"nobbel1936",5609
"rispling1990",5610
"sawyer1987a",5611
"schaefer1956",5612
"schietzel1980",5613
"schild1991",48
"solberg1991",48
"stalsberg2008",48
"steuer1999",5614
"steuer2002",5615
"wamers1995",48
"carlson2010",5616
"poulsen1979",5617
"watt1988",244
"reich2003",5618
"valujev2005",5619
"reich2005",5620
"vonzurmuhlen1975",5621
"wroblewski2006",5622
"adger2013",5623
"appelt2009",5624
"arneborg1997",5625
"arneborg2005",5626
"barnett2015",5627
"bentley2015",5628
"boyd2011",5629
"brace2011",5630
"brody2001",5631
"buckland2009",5632
"butzer2012",5633
"codding2015",5634
"crumley1994a",5635
"cumming2008",5636
"golding2011",5637
"golding2015",5638
"gullov2004a",5639
"halstead1989",5640
"hayeursmith2016",5641
"hoegsberg2014",5642
"howard1993",5643
"ingram2008",5644
"jesch1989",5645
"kendal2011",5646
"kennett2015",5647
"kopar2009",5648
"kuijpers2014",5649
"laland2006",5650
"laland2011",5651
"laland1999",5652
"ledger2013",5653
"ledger2014",5654
"levistrauss1966",5655
"mason2007",5656
"mcgovern1991",5657
"meaks2005",5658
"mehl2017",5659
"middleton2017",5660
"moltke2015",5661
"myhre2004",5662
"nedkvitne2014",5663
"normandnd",5664
"ostergard2011",5665
"oye2004",5666
"park2005",5667
"reinton1960",5668
"riede2009",5669
"riede2011",5670
"roesdahl2016",5671
"rowleyconwy2013",5672
"rowleyconwy2011",5673
"roussell1941",5674
"sandvik2005",5675
"scott2008",5676
"scott1992",5677
"smith2011a",5678
"sveinbjarnardottir1991",5679
"svenning2015",5680
"terrel2003",5681
"thompson2013",5682
"zeder2009",5683
"zeder2015",5684
"zeder2016",54
"wiechmann1996",5685
"schulke2005",303
"andersson2015",5686
"bjorkvik1970",5687
"bjorkvik1972",5688
"blochnakkerud1987",5689
"brendalsmo2014",5690
"brinchmadsen1995",5691
"buchwald1999",5692
"dorum2004",5693
"englund2002",5694
"hauge1946",5695
"helle1974",5696
"hostmadsen1999",5697
"imsen1990",5698
"imsennd",5699
"indrelid2009",5700
"jonsbok1904",5701
"jakobsen1991",5702
"knagenhjelm2008",5703
"krag2000",5704
"loftsgarden2015",5705
"martens1978",5706
"olafsen1916",5707
"pleiner2003",5708
"ramsey2017",5709
"reinton1956",5710
"resi1992",5711
"rundberget2013",5712
"sandnes1977",5713
"simonsen2001",5714
"steinnes1930",86
"szmoniewski2010",86
"taksdal1973",86
"tveiten2012",5715
"oye1977",86
"atkinson1996",5716
"billig1995",5717
"blindheim1953",5718
"diazandreu1996",5719
"eikrem2005",5720
"eriksen1993",5721
"fairclough1992",5722
"gellner1983",5723
"gjerde2010",5724
"gjessing1928",5725
"haavardsholm2004",5726
"hesjedal2000",5727
"hobsbawm1992",5728
"hodder1984",5729
"hougen1965",5730
"harke1998",5731
"jahnsen2015",5732
"jones1996",5733
"kjorup2001",5734
"kristiansen1993",5735
"laclau2001",5736
"martens1960",5737
"munch1985",5738
"opedal1999",5739
"paxton1999",5740
"resi2000",219
"ringrose1993",5741
"schanche1989",5742
"shanks2001",5743
"shetelig1910",5744
"simonsen1967",5745
"skre1991",5746
"stenvik1980",5747
"storli1991",5748
"stylegar2009",5749
"sorheim2011",5750
"ucko1989",5751
"wineburg1991",5752
"ostigard2001",5753
"of2002",5754
"ambrosiani1972",5755
"stamnes2010",5756
"arnberg1976",5757
"brunstedt1996",5758
"carlsson1997",5759
"conyers2013",5760
"dahlin2001",5761
"hansson2004",5762
"heamagi2006",5763
"herschend1995",5764
"hermodsson2004",5765
"hjulstrom2008",5766
"holmquistolausson1987",5767
"ingelmansundberg1972",5768
"derfruhgeschichtlichen1980",5769
"lamm2011",5770
"larsson2014",5771
"lofterud1970",5772
"lohr1979",5773
"olausson1921",5774
"staecker2009",5775
"soderberg2003",5776
"trinks2008",5777
"trinks2013",5778
"viberg2011",5779
"wadstein1936",5780
"ungernd",5781
"devlet2001",5782
"london1964",5783
"fedorova2001",5784
"londonhelmbrecht2011",5785
"kommunikationsmedien2001",5786
"hoj2005",5787
"hoj2011",5788
"ostergard2008",136
"kastholm1974",136
"seid2009",136
"archaeologica2005",136
"lundhansen1973",136
"lundhansen1974",136
"lundhansen1979",136
"london2002",136
"eliade1964",5789
"vestergaard2014",5790
"arwidsson1984",5791
"abrams2001",5792
"abrams2005",5793
"ayers1985",5794
"ayers1994",5795
"callmer1989",5796
"cameron1975",5797
"dallas1964",5798
"dickinson1991",5799
"eilbracht1999",5800
"grahamcampbell1985a",5801
"grahamcampbell1994",5802
"hattatt1987",5803
"madsen1987",5804
"hinton1974",5805
"hinton1975",5806
"hinton1978",5807
"kirk1927",5808
"leahy2003",5809
"leahy1997",183
"margeson1982",5810
"margeson1996",5811
"mason1997",5812
"owencrocker2002",5813
"paterson2004",5814
"richardson1993",5815
"rieck1982",5816
"roesdahl1981",5817
"rogerson2006",5818
"speed2004",5819
"stamper2000",5820
"wallis2004",5821
"youngs2000",5822
"youngs1995",225
"jeppesen2005",5823
"mohrchristensen2009",5824
"wilken2016",5825
"birkas2016",5826
"st2008",5827
"aqvist2004",5828
"axboe1996",5829
"st1996",5830
"einarsson2008",5831
"ch2004",305
"holmqvist1961a",305
"holmqvist1964",305
"holmqvist1964a",305
"iversen2008",5832
"lindqvist1929",305
"imsen2004",86
"volundarkvida1971",5833
"voluspa1971",5834
"anderson2007",5835
"behrend1970",21
"berggren2006",5836
"boyenda",5837
"bradley1990",5838
"bruck2005",5839
"bruck2007",5840
"bardseth1998",5841
"fowler2001",5842
"fredengren2002",5843
"fuglesang2002",5844
"geisslinger1967",5845
"green1998",5846
"hauck1981",5847
"helgesson1992",5848
"herschend2001",5849
"hvid2005",5850
"iversen1986",5851
"jensen1942",5852
"kilfeather2003",5853
"kousgardsorensen1968",5854
"kousgardsorensen1978",5855
"lakoff1999",5856
"lethlarsen1984",5857
"merleauponty1962",5858
"meulengrachtsorensen1995",5859
"munksgaard1984",5860
"needham2001",5861
"nordell1991",5862
"phillips2002",5863
"rowlands1971",5864
"seremetakis1994",5865
"stutz2004",5866
"thunmarknylen1989",22
"vandenoort2006",22
"vigfussonnd",22
"warmind2004",22
"wiker2000",5867
"zachrisson1962",5868
"baatz1976",5869
"beresford1987",5870
"bican2014",5871
"boethius1931",5872
"devries1935",5873
"ericsson1992",5874
"fuglsang2015",5875
"hanson1995",5876
"haseloff1942",5877
"holtsmark1970",5878
"hopetaylor1950",5879
"jessen2011",5880
"kalmring2014a",5881
"kuhn1995",5882
"lindqvist1923",5883
"middleton2005",5884
"mikkelsen1991",5885
"nasman2001",5886
"oelmann1933",5887
"oelmann1940",5888
"olesen2015",5889
"olsen1967",5890
"palm1937",5891
"rosborn2004",5892
"ruhmann2004",5893
"sawyer1986",5894
"schafer1977",5895
"sundqvist2006",5896
"sundqvist2009",5897
"terkildsen2014",5898
"terkildsen2015",5899
"tornbjerg1997",5900
"vikstrand2004",5901
"hallstrom1913",5902
"holmquist2002",5903
"aarts2005",5904
"aarts2009",5905
"barndon2004",5906
"berg1989",5907
"berger1996",5908
"bertell2003",5909
"budd1995",5910
"christophersen1992",5911
"creighton2000",5912
"dant1999",5913
"davies1996",5914
"fitzpatrick2005",5915
"galloway2006",5916
"grierson1960",5917
"haaland2004",5918
"hall1999",5919
"haselgrove2005",5920
"hedjakobsson1999",5921
"herbert1993",5922
"hosler1995",5923
"houston2000",5924
"insoll2007",5925
"kemmers2006",5926
"klussendorf2007",5927
"kok2008",5928
"kurke1999",5929
"lightfoot1995",5930
"makeler2010",5931
"marques2007",5932
"martin1991",5933
"merleauponty1944",5934
"miller1998",5935
"mithen2008",5936
"morris1992",5937
"myrberg2010",5938
"nash1978",5939
"nick2005",5940
"oden2009",5941
"papadopoulos1999",5942
"petersson1948",5943
"przybyszewski2007",5944
"rathje2001",5945
"renfrew2009",5946
"rickman1980",5947
"seaford2004",5948
"small1995",5949
"thomsennd",5950
"vanarsdell1989",5951
"vonreden1995",5952
"white1988",5953
"wiggwolf2005",5954
"zach2005",5955
"zanker1987",83
"jane2008",225
"adalsteinsson1999",5956
"agustsson1982",5957
"birkeli1973",5958
"brink2013",5959
"byock2005",5960
"christie1982",5961
"colman1995",5962
"deetz1977",5963
"didiplomatariumislandicumnd",5964
"edwald2012",5965
"foucault1977",5966
"foucault1982",5967
"foucault1988",5968
"foucault1994",5969
"fridriksson2011",5970
"giddens1984",5971
"gilchrist2008",5972
"gilchrist2012",5973
"gullbekk2012",5974
"hall2012",5975
"hugason2000",5976
"isleifsdottir1997",5977
"islendingabok1968",5978
"jensen2013",5979
"jensenius2001",5980
"jonsson2009",5981
"jorgensen2004",5982
"karlsson2001",5983
"karras2003",5984
"karras2012",5985
"kristjansdottir2012",5986
"kristjansdottir2001",5987
"lane2001",5988
"larusson1980",5989
"loren2006",5990
"lynn1984",5991
"magnusdottir2001",5992
"nilsson1994",5993
"nordeide2013",5994
"prescott2011",5995
"jones2003",5996
"runarsdottir2006",5997
"russell2005",5998
"salonen2013",5999
"sigurdsson2008",6000
"sigurdsson2011",6001
"slupeki2007",6002
"spivak1988",6003
"stefansson2000",6004
"soland2000",6005
"young2009",6006
"zoega2002",6007
"zoega2012",6008
"zoega2010",6009
"clarke2004",6010
"sorensen1981",22
"almgren1901",6011
"ambrosiani1991",6012
"ambrosiani1973",6013
"anspach2010",6014
"beskowsjoberg1996",6015
"brucemitford1967",6016
"delaet1956",6017
"ellmers1995",6018
"falk1912",6019
"graslund2003",6020
"hedeagerkrag2004",6021
"holgersson2001",6022
"jonssonnd",6023
"kalmring2015",6024
"karlsson2011",6025
"kidd1988",6026
"sjovold1957",6027
"westphalen2002",6028
"bianchi2010",6029
"enoksen1999",6030
"fuglesang1981",6031
"fuglesang2005",6032
"gadamer1960",6033
"gilchrist2013",6034
"jacobsen1941",6035
"knutzen2005",6036
"knutzen2007",6037
"kohring2014",6038
"lager2003",6039
"ljung2016",6040
"malafouris2013",6041
"merleauponty1994",83
"moser1998",6042
"moser2005",6043
"olick1999",6044
"olsen1941",235
"petursdottir2012",6045
"robb2009",6046
"shaw2013",6047
"smestad1988",6048
"steinsland2014",6049
"stromback1969",235
"tarlow2012",6050
"thorn2002",6051
"oebynielsen2005",6052
"ambrosiani1982",6053
"arwidsson1984a",6054
"bengtzon2000",6055
"blomqvist2009",6056
"bolin2008",6057
"back2010",6058
"voncarnapbornheim2011",6059
"conolly2006",6060
"dahlin1999",6061
"odelberg1974",6062
"olausson2012",6063
"persson2002",6064
"rijksmuseumvanoudheden2010",6065
"rosen2002",6066
"price1990",6067
"stavrum1996",6068
"trinks2010",6069
"wiklund2009",163
"wahlander1997",163
"kovalenko2007",6070
"kovalenko2008",6071
"kovalenko2003",6072
"arbman2003",6073
"arne1931",6074
"blifeld1977",6075
"budur2007",6076
"bulgakova1999",6077
"camer1968",6078
"cherrman1986",6079
"devidson2008",6080
"gurevic1966",6081
"gurevic1999",6082
"herrman1982",6083
"kirpicnikov1986",6084
"kovalenko1988",6085
"kovalenko1994",6086
"kovalenko1996",6087
"kovalenko1999",6088
"kovalenko2000",6089
"kovalenko2001",6090
"kovalenko2002",6091
"kovalenko2005",6092
"kovalenko2009",6093
"kulakov1990",6094
"kulakov1994",6095
"lebedev1965",6096
"lovmjanskij1985",6097
"melnikova1994",6098
"mocja2001",6099
"musset1971",6100
"puskina1972",6101
"scavelev2007",6102
"scavelev2009",6103
"sinakov2002",6104
"smolicev1931",249
"veremejcik2007",249
"zocenko1996",249
"axelsen2014",6105
"thunmarknylen2000",6106
"wisehn1999",6107
"stalberg2000",6108
"ashmore2003",6109
"backlund2001",6110
"barnes2006",6111
"barrett2005",6112
"bradley1987",6113
"card2005",6114
"charleson1905",6115
"fanning1983",6116
"firth1986",6117
"gammeltoft2006",6118
"garrow2005",6119
"gibbon2008",6120
"griiths2006",6121
"griiths2011",6122
"hedges1983",6123
"hermann1978",6124
"hunter1986",6125
"hunter2003",6126
"jesch2005",6127
"laughlin1974",6128
"leonard2010",6129
"lucy2002",6130
"maher2009",6131
"marwick1952",6132
"marwick1970",6133
"milner2007",6134
"morris1989",6135
"nicolaisen1976",6136
"renfrew1979",6137
"ritchie1995",6138
"robertson1991",6139
"sandnes2010",6140
"semple2007",6141
"simon1987",6142
"simpson1997",6143
"wallacend",6144
"wickhamjones2001",6145
"williams2009",6146
"biddle1991",6147
"flanagan1999",6148
"elder2007",6149
"kelly1956",6150
"kelly1961",6151
"corrain1996",6152
"channing1996",6153
"wallace1967",6154
"afm1908",6155
"fellowsjensen1991",6156
"mahr1929",6157
"mckeown1956",6158
"floinn1998",6159
"hayden1998",6160
"simpson2008",6161
"lantmateriet2009",163
"ameziane2004",6162
"arwillnordbladh2001",6163
"hansson2012",6164
"peter2015",6165
"solberg1984",6166
"backdanielsson2015a",6167
"riisoy2015",6168
"wulffandersen1995",6169
"homson1995",6170
"homson2001",150
"akin1999",6171
"blackburn1997",6172
"bogucki2007",6173
"chesterkadwell2009",6174
"frier2007",6175
"kilger2011",6176
"kroll2008",6177
"kruse1988",6178
"kruse1992",144
"kuroda2008",144
"metcalf1985",144
"naismith2005",144
"pedersen2007",219
"pirie1986",144
"feveile1995",6179
"bill2006",6180
"sloane2011",6181
"halpin2001",6182
"kelly2004",6183
"kelly2010",153
"lynch2001",153
"alstrom1993",6184
"andersson1983",6185
"arrhenius1982",6186
"beronius2011",6187
"beronius2013",6188
"ekman2000",6189
"frolund2010",6190
"frolund2013",6191
"frolund2011",6192
"goldina2003",6193
"gothberg2014",6194
"hansson2001",6195
"kazanski2007",6196
"lindqvist1945",6197
"lindqvist1949",6198
"ljungkvist2013",6199
"loven2010",6200
"lucas2013",6201
"lundahl2012",6202
"nordahl1993",6203
"olausson1966",6204
"runer2006",6205
"trinks2011",6206
"vikstrand2013",6207
"aberg1947",6208
"leslie1908",153
"simpson2015",153
"hogan1910",153
"hilberg2011",6209
"aberg1998",6210
"ambrose1991",6211
"ambrose1987",6212
"arneborg1999c",6213
"barrett1995",6214
"bell2009",6215
"bell2010",6216
"bendrey2009",6217
"bentley2005",6218
"bentley2002",6219
"bowen2002",6220
"geologicalsurvey2010",6221
"bryant1996",6222
"budd2000",6223
"budd2003",6224
"burke1982",6225
"burton1996",6226
"burton1990",6227
"burton2000",6228
"burton1995",6229
"burton2003",6230
"calvin1962",6231
"cameron2007",6232
"carr1962",6233
"chisholm1982",6234
"clayton1963",6235
"coltrain2009",6236
"coplen1994",6237
"coplen1983",6238
"craig1961",6239
"daly2010",6240
"darbyshire1985",6241
"deniro1978",6242
"deniro1981",6243
"dickin1997",6244
"drury1973",6245
"dupras2007",6246
"dupras2001",6247
"eckhardt2009",6248
"elias1980",6249
"ezzo1994",6250
"ezzo1995",6251
"fuller2006",6252
"gallet1998",6253
"gonfiantini2001",6254
"halpin1993",6255
"hatch1966",6256
"hatch1967",6257
"herring1998",6258
"hobson2004",6259
"holm2000",6260
"hurley2010",6261
"iacumin1996",6262
"jim2004",6263
"kellner2007",6264
"knudson2009",6265
"koch1997",6266
"kortshack1965",6267
"lang1988",6268
"leach2009",6269
"leach2010",6270
"leethorp1991",6271
"linderholm2011",6272
"luz1985",6273
"luz1984",151
"muller2003",6274
"mcarthur2001",6275
"mccabe2007",6276
"mccormick1982",6277
"minagawa1984",6278
"muldner2011",6279
"negrel2003",6280
"nehlich2009",6281
"obrien1998",6282
"oconnor1988",6283
"odonnabhain2010",6284
"odonnabhain2011",6285
"odonnabhain2001",6286
"oconnor1982",6287
"price1985",6288
"price1986",6289
"ranson1960",6290
"read1934",6291
"schoeninger1978",6292
"schoeninger1979",6293
"schoeninger1983",6294
"schurr1998",6295
"schutkowski1999",6296
"sexton1998",6297
"shaw2009",6298
"shaw2010",6299
"sikora2010",6300
"sikora2011",6301
"sillen1989",6302
"sillen1991",6303
"sykes2006",6304
"tieszen1992",6305
"veizer1989",6306
"wallace2006",6307
"wallace1994",6308
"whipkey2000",6309
"white2000",6310
"wilson1977",6311
"wolfe2001",6312
"wright2005",209
"wright1998",209
"karkanas2010",6313
"macphail2005",195
"carter1998",195
"axboe1986",6314
"broholm1940",6315
"danielsson2007",6316
"danielsson2010",6317
"hauck1978",6318
"holmqvist1960",6319
"iversen1991a",6320
"lamm2004a",6321
"mannering2004",6322
"mannering2006",6323
"mannering2008",6324
"mellend",6325
"nasstrom1998",6326
"nasstrom2009",6327
"owencrocker2010",6328
"simek2002",6329
"stamsomunch2003",6330
"watt1999",6331
"watt2001",159
"olausson2014a",6332
"klaesoe2010",6333
"capelli2003",6334
"chinnery2006",6335
"brochmann2008",6336
"benedictow2004",6337
"russ2013",6338
"malmstrom2007",6339
"salamon2005",6340
"binladen2007",6341
"behar2007",6342
"prieto2011",6343
"core2011",6344
"helgason2007",6345
"anderson1981",6346
"andrews1999",6347
"venables2002",6348
"pfeiffer1999",6349
"meinila2001",6350
"cardoso2011",6351
"dupuy1996",6352
"richard2007",6353
"tambets2004",6354
"metspalu2006",6355
"melchior2010",6356
"dissing2007",6357
"torroni1996",6358
"zachrisson2008",6359
"derenko2007",6360
"schonberg2011",253
"brink1999",6361
"brink2000",6362
"brink2004d",6363
"dent1984",6364
"dinzelbacher1984",6365
"frandsen1999",6366
"hines1989",6367
"hoff1997",6368
"jahnkuhn1951",6369
"jerichow1997",21
"john1991",6370
"lager2001",6371
"liestol1972",6372
"lonaas2004",6373
"richards1990",6374
"rudebeck2002",21
"steinsland1995",6375
"stidsing1999",21
"wilke1999",6376
"ostmo2005",6377
"hultkrantz1991",6378
"lund2001",6379
"lenntorp2002",6380
"nasman1998",6381
"nordberg2003",6382
"grammaticus1924",6383
"sundqvist2004",6384
"vierck1979",6385
"vifot1936",6386
"ljungkvist2015c",6387
"hedenstiernajonson2009",6388
"nmd1919",6389
"habbe2004",6390
"gjellerup1973",6391
"tilley1993",6392
"bonnier1994",6393
"caillet1985",6394
"collinder1972",6395
"hansen1992",6396
"fabech1989",6397
"john1987",6398
"larsson1976",6399
"ljungkvist2004a",6400
"musset1992",6401
"nasstrom1997",6402
"olsen2002",6403
"ravn1999",21
"ritchie1993",21
"stiesdal1952",6404
"lind2004",6405
"mortensen1979",15
"zeitler1979",15
"braadmoen2013",253
"ahrland2013",6406
"aronsson1994",6407
"bell2012",6408
"emanuelsson2003",6409
"george2009",6410
"grimm2013",6411
"harding1992",6412
"harding1997",6413
"jennbert2000",6414
"karlsson2010",6415
"lagerstedt2004",6416
"liedgren1992",6417
"lindholm2013",6418
"magnell2013",6419
"myrstad1996",6420
"nyren2012",6421
"petre1980",6422
"ramqvist2007",6423
"ramqvist1993",6424
"risbol2011",6425
"serning1962",6426
"sleepersmith2009",6427
"stene2011",6428
"storli1993",6429
"sundstrom1987",6430
"svensson1998",6431
"zachrisson2010",6432
"zachrisson1974",6433
"ambrose1990",6434
"ambrose1997a",6435
"andersen1960",6436
"bandelt2006",6437
"barrett1999",6438
"barrett2000b",6439
"bocherens2003",6440
"brinkmann1999",6441
"deniro1985",6442
"eriksson2013",6443
"hagelberg1991",6444
"hemmendorff1984",6445
"holck1997",6446
"holck1983",6447
"mikkelsen2010",6448
"nei1987",6449
"opdal1998",6450
"paabo1989",6451
"ramskou1965",6452
"richards1995",6453
"rosvold2010",6454
"rudbeck2005",6455
"sandmo1985",71
"sandmo1984",71
"topf2006",71
"zachrisson2003",6456
"cardon2001",6457
"marchini2004",6458
"bodmer2008",6459
"cavallisforza1994",6460
"quintanamurci1999",6461
"conrad2006",6462
"botigue2013",6463
"ralph2013",6464
"hellenthal2008",6465
"odushlaine2010",6466
"winney2012",6467
"lawson2012",6468
"alexander2009",6469
"pirinen2013",6470
"wilson2001",6471
"wells2001",6472
"pritchard2000",6473
"bodmer1980",6474
"howie2009",6475
"wright1943",6476
"rousset2004",6477
"lawson1995",6478
"bhatia2013",296
"pritchard2001",296
"moorjani2011",296
"falush2003",296
"aikas2009",6479
"aikas2013",6480
"backman1975",6481
"berggren2010",6482
"bergman2008",6483
"brightman2012",23
"chapman2000",6484
"clavir2002",6485
"descola1992",23
"descola2013",23
"dubois1999",6486
"edvinger2006",6487
"hallstrom1932",6488
"helanderrenvall2010",6489
"hultkrantz1994",6490
"humphrey1994",6491
"hutton2001",6492
"jernsletten2006",6493
"jordan2003",23
"levy1982",6494
"lund2011",6495
"makarov1991",6496
"manker1938",6497
"manker1950",6498
"manker1957",6499
"mauss1924",6500
"melheim1999",6501
"mulk1996",6502
"mundal1996",6503
"nergard2003",6504
"okkonen2007",6505
"orsneschristensen1956",6506
"parpola2004",6507
"rindstad1997",6508
"rostad2012",6509
"serning1957",6510
"sommerseth2009",6511
"svestad2011",6512
"viveirosdecastro1998",23
"wallerstrom1995",6513
"willerslev2007",23
"zachrisson1992",6514
"havamal1971",6515
"skaldskaparmal1931",6516
"andersen1977a",6517
"binski1996",6518
"borsheim2002",6519
"bourdieu1996",6520
"boyendb",6521
"bynum1991",6522
"februar1977",6523
"cinthio1980",6524
"cinthio2002",6525
"eide1973",6526
"fett1961",6527
"fowler2011",6528
"fredriksen2006",6529
"gilchrist2005",6530
"hadley2009",6531
"hadley2011",6532
"harby1994",6533
"holloway2010",6534
"hougen1935",6535
"jeppesen1995a",6536
"kiefferolsen1993",6537
"kristoffersen2008",6538
"larsson2002",6539
"lund2003e",6540
"martensson1981",6541
"s1992",6542
"nordeide2007",6543
"rebaysalisbury2010",6544
"reynolds2011",6545
"schulke1999",6546
"serning1982",6547
"shetelig1912",6548
"thompson2004",6549
"wagnkilde2000",244
"wagnkilde2001",244
"swedishspeciesinformationcentre2014",6550
"adalsteinsson1997",6551
"bloch1992",6552
"bruun1909",6553
"bruun1910",6554
"bruun1911",6555
"buckert1983",6556
"byock1982",6557
"deheusch1985",6558
"detienne1989",6559
"dillmann1997",6560
"fridriksson2004",232
"gestsdottir2005",6561
"girard1979",6562
"hamertonkelly1987",6563
"hildebrandt1989",6564
"hubertnd",6565
"jam1943",6566
"jones1984",6567
"lucas2006",6568
"miller1998a",6569
"miller1990",6570
"monsen2004",6571
"nasstrom1996",6572
"nobis1962",6573
"nordahl1988",6574
"olsen1965",6575
"peel1999",6576
"roberts2001",6577
"robertsonnd",6578
"roesdahl1989",6579
"roussell1937",6580
"steinsland2003",6581
"thomas2005",6582
"turner1969",6583
"vangiffen1963",6584
"vondendriesch1976",205
"gudmundsdottir2015",6585
"ahlberg1978",6586
"akerstromhougen1981",6587
"althaus1993",6588
"andersson1968",6589
"andreeff2014",6590
"andren2012a",6591
"bailey1996",6592
"bailey2000",6593
"bailey1988",6594
"beck1964",6595
"bergmann1941",6596
"blindheim1972",6597
"bohner1976",6598
"bottgerniedenzu1988",6599
"calverleynd",6600
"cumont1942",6601
"devries1933",6602
"diazguardamino2015",6603
"egeler2015",6604
"ellisdavidson1950",6605
"ellisdavidson1969",6606
"ellisdavidson1988",6607
"ellmers1973",6608
"ellmers1981",6609
"ellmers1986",6610
"eshleman1983",6611
"faulkes2005",6612
"fingerlin2010",6613
"fuglesang2004",6614
"graus1977",6615
"guber2011",6616
"hauck1954",6617
"hauck1957",6618
"hauck1980",6619
"hauck1983",6620
"hauck1994",6621
"heinzle2010",6622
"holmqvist1939",6623
"holmqvist1952",6624
"hyenstrand1989",6625
"kopar2012",6626
"kreutzer1989",6627
"lang1983",6628
"lehnen1997",6629
"lindqvist1956",6630
"lindqvist1962",6631
"malzbender2001",6632
"earl2010",6633
"margeson1980",6634
"marold1972",6635
"mundal1998",6636
"neckel1983",6637
"nedoma1988",6638
"nordin1903",6639
"north2001",6640
"nylen1960",6641
"nylen2003",6642
"oehrl2006",6643
"oehrl2010",6644
"oehrl2011",6645
"oehrl2012",6646
"oehrl2013",6647
"oehrl2014",6648
"oehrl2015",6649
"oehrl2016",6650
"olrik1922",6651
"quast2009",6652
"reichert2003",6653
"reitzenstein1924",6654
"remondino2014",6655
"samson2011",6656
"schreiner2000",6657
"schreiner2004",36
"vonsee1981",36
"vonsee2009",36
"shetelig1933",36
"simonsson2012",6658
"speidel2004",6659
"stephensnd",6660
"strom1956",36
"swanstrom2010",6661
"vierck2002",6662
"weber1973",6663
"widerstrom2012",6664
"wilson1998",36
"zimmermann2012",6665
"petursdottir2007",6666
"tonning2003",6667
"aannestad2017",6668
"blindheim1963",6669
"butler1990",6670
"crenshaw1989",6671
"danielsson2012",6672
"ekengren2004",6673
"fahlander2012",6674
"fossum1996",6675
"gilchrist1999",6676
"glorstad2009",6677
"gollwitzer1997",6678
"magusnd",6679
"pantman2014",6680
"pedersen2011",6681
"petursdottir2009",6682
"prescott1998",6683
"samdal2005",6684
"svensson2003",6685
"thedeen2012",6686
"villa2011",6687
"gothberg2006",6688
"gothberg2007",6689
"fagerlund2005",6690
"gothberg2008",6691
"alstrom1996",6692
"anund1997",6693
"berggren1991",6694
"elgh1994",6695
"frolund2005",6696
"frolund2000",6697
"hedlund1992",6698
"ljungkvist2000",6699
"mattsgarden2000",6700
"rahmqvist1986",6701
"stromback1971",6702
"eckmann2004",308
"deweirdt2011",308
"marx2011",308
"skvorzov2011",308
"tilley1999",6703
"blindheim1962",6704
"crusden1965",6705
"eddadigte1971",6706
"egebjerghansen1989",6707
"engberg1995",6708
"mitchell1977",6709
"grieg1920",6710
"holmolsen1975",6711
"jansson1995",6712
"johansson1992",6713
"kyhlberg1975",6714
"lagersted1999",6715
"lampe1993",6716
"leahy1995",6717
"meulengrachtsorensen1991",6718
"motz1983",6719
"needham1967",6720
"ofloinn1994",6721
"ramskou1964",6722
"schjodt1994",6723
"aldritt2003",6724
"allison1997",6725
"arnold1999",6726
"batey1993",6727
"batey2003",6728
"beuermann2011",6729
"bjorkanbukkemoen2017",6730
"bond2007",6731
"crawford1983",6732
"crawford2013",6733
"crossleyholland1982",6734
"cussans2010",6735
"cussans2015",6736
"dietler2001",6737
"fraser2009",6738
"greenacre2007",6739
"griffiths2009",6740
"gudmundsson1993",6741
"halstead2012",6742
"harland2006",6743
"harland2012",6744
"hastorf2017",6745
"hayden2001",6746
"hedeager2012a",6747
"hermannson2011",6748
"jervis2018",6749
"jinenez2011",6750
"jones2018",6751
"madgwick2015",6752
"mainland2016",6753
"mainland2003",6754
"mccormick2002",6755
"mccormick2014",6756
"mcgovern2010",6757
"montgomery2017",6758
"morris1996",6759
"mulville1999",6760
"nicholson2010",6761
"noble2013",6762
"noddle1997",6763
"noddle1977",6764
"oconnor2010",6765
"oram2015",6766
"palsson1978",6767
"pollock2012",6768
"rackham1996",6769
"rowleyconwy1983",6770
"rowleyconwy2018",6771
"seller1986",6772
"serjeantson2007",6773
"sharples1998",6774
"sykes2010",6775
"terbraak2002",78
"woolgar2016",78
"backhouse1984",6776
"barrettnd",6777
"cohen2003",6778
"drachmann1967",6779
"gansum2002",6780
"hodges1905",6781
"idsoe2004",6782
"ilkjaer2003",6783
"lund2007",6784
"morris1983",6785
"murphy1992",6786
"mullernda",6787
"nasstrom1944",6788
"osborne2004",6789
"osullivan2000",6790
"owencrocker1919",30
"petts2003",30
"sanmark2010",6791
"semple1998",6792
"simek1983",30
"swanton1974",30
"welinder1992",30
"wellendorf2006",30
"wilson1964",30
"magnus2010",6793
"svenberg1984",6794
"berg1986",6795
"blumenschine1996",6796
"boessneck1964",6797
"bronkramsey2005",6798
"brown1960",6799
"carter2007",6800
"dahlander1916",6801
"ekman1973",6802
"ekman1974",6803
"ekman1984",6804
"fagerborg1986",6805
"graslund1996",6806
"hemmendorff2010",6807
"holm2006",6808
"holmgren1985",6809
"hultcrantz1996",6810
"insulander1956",6811
"iregren1997",6812
"jakobsson1997",6813
"lauwerier1983",6814
"lemel1999",6815
"lindeblad1997",6816
"lyman1994",6817
"magnell2004",6818
"magnell2006",6819
"nathorstnd",6820
"nordberg2006",6821
"nordenram2001",6822
"nasstrom1988",6823
"paulssonholmberg1997",6824
"payne1985",6825
"richter1982",6826
"rossdale1996",6827
"rudebeck2010",6828
"sandegren1997",6829
"sjodin1980",6830
"thilderqvist2005",6831
"vikstrand1993",6832
"wallin1990",35
"welinder2003",35
"welinder2008",35
"zeder2010",35
"karnell2012",6833
"bailey2003",6834
"capelle2003",6835
"romersdal1961",6836
"nasman1942",6837
"schnittger1912",6838
"brondsted1942",6839
"axboe2007",6840
"corsten1991",6841
"fuglesang2006",6842
"nordeide1948",6843
"ringstad1988",6844
"staecker1990",6845
"stoklund2001",6846
"strom1984",6847
"wamers1997",6848
"mainz1997",6849
"westlund1989",6850
"zeiten2002",6851
"zemitis1997",6852
"haugbui1924",6853
"islendingadrapa1973",6854
"andrea2010",6855
"beck1978",6856
"brown1981",6857
"decastro2015",6858
"descola2010",6859
"drachmann1969",6860
"fowler2013",6861
"gansum1999",6862
"geary1979",6863
"geary1986",6864
"harris1985",6865
"hastrup2013",6866
"vigfussonnda",6867
"weismantel2015",6868
"rigsthula1960",6869
"bekpedersen1943",6870
"agnarsdottir1983",6871
"bartram1991",6872
"berson2002",6873
"birch2009",6874
"buckland1985",6875
"byock2004",6876
"christensen1990",6877
"deal1985",6878
"deboer1979",6879
"donat1980",6880
"edvardsson2003",6881
"einarsson1992",6882
"eldjarn1949",6883
"eldjarn1961",6884
"eldjarn1974",6885
"erlingssonnd",6886
"evans1967",6887
"foote1977",6888
"fridriksson1997",6889
"gifford1980",6890
"gudrun2008",6891
"gronvold1980",6892
"gronlie2006",6893
"gudmundssonnd",6894
"hayden1983",6895
"hermannsaudardottir1989",6896
"hinz1989",6897
"hoffmann1964",6898
"iceland1985",6899
"ingimundarson1992",6900
"jones1944",6901
"kobylinski1997",6902
"kuna2005",6903
"lamotta1999",6904
"lange1972",6905
"meier1984",6906
"milek2010",6907
"milek2011a",6908
"milek1997",6909
"murphy1986",6910
"murray1980",6911
"nelson1999",6912
"nelson1996",6913
"oconnell1987",6914
"okelly1954",6915
"olafsdottir1974",6916
"olafsson1992",6917
"olafsson1998",6918
"olafsson2001",6919
"page1995",6920
"stead1982",6921
"stein1989",6922
"stevenson1982",6923
"takacs1968",6924
"taylor1956",6925
"tesch1993",6926
"thorlaksson2000",6927
"urbanczyk1997",6928
"urbanczyk2002",6929
"urbanczyk2001",6930
"urbanczyk2003",6931
"urbanczyk2006",6932
"pierce1998",6933
"rafnsson1977",6934
"reimer2009",6935
"roberts1943",6936
"shetelig1937",6937
"sigurgeirsson2008",232
"simms1988",6938
"snaesdottir1992",6939
"hammarberg1985",6940
"thrane1973",123
"samdal2000",6941
"moesgaard2004",206
"steinsland1990",206
"artelius2000",6942
"artelius1994",6943
"bordo2008",6944
"bourdieu1999",6945
"broome2015",6946
"hedeager2014",6947
"jansson2005",6948
"leach1958",6949
"rydh1919",6950
"rydh1936",6951
"salin1959",6952
"skoglund2005",6953
"solberg1993",6954
"sten2001",6955
"vretemark1983",6956
"wallacehadrill1962",6957
"wehlin2013",6958
"baron2014",6959
"baron2006",6960
"baron2009",6961
"beagrie1989",6962
"bielicki1991",6963
"billstrom1990",6964
"bjorlykke1982",6965
"bjorlykke1990",6966
"bjorlykke1993",6967
"blanchard2001",6968
"bode2008",6969
"bode2009",6970
"boni2000",6971
"brooks2004",6972
"capelle1976",6973
"chen2012",6974
"chernyshev2008",6975
"chugayev2010",6976
"chugayev2013",6977
"duralimuller2005",6978
"gale1992",6979
"guenettebeck2009",6980
"guy1981",6981
"homer1991",6982
"hohndorf1986",6983
"johansson1983",6984
"johansson1984",6985
"johansson1985",6986
"karakaya1988",6987
"kirnbauer2012",6988
"kramers1997",6989
"leveque1993",6990
"loveluck1998",6991
"merkel2015",6992
"mirnejad2011",6993
"nilsen1991",6994
"nriagu1983",6995
"penhallurick1986",6996
"petersen1995",6997
"pollard2008",6998
"rohl1996",6999
"rohl1998",7000
"sayre2001",7001
"shepherd1993",7002
"sjastad2011",7003
"stacey1975",7004
"stosgale2004",7005
"stosgale1997",7006
"sundblad1994",7007
"tereygeol2005",7008
"timberlake2005",7009
"trincherini2009",7010
"tylecote1992",7011
"villa2009",99
"wedepohl1978",99
"kershaw1990",149
"hadley2008",7012
"alexander1987",149
"carter1969",149
"mckinley2000",149
"budd1999",149
"benedictow1992",7013
"brothwell1998",7014
"crumlinpedersen1992",7015
"bacco2006",7016
"dunnell1999",7017
"dyke1984",7018
"gad1984",7019
"geist1978",7020
"halstead1989a",7021
"janssen2003",309
"jones1986",7022
"keller1984",309
"premo2010",309
"thorarinsson1961",309
"weiss1976",309
"abels1988",7023
"geller2005",7024
"campbell2001",7025
"rollason2000",7026
"blackburn2005",7027
"mckinley2003",7028
"avery1990",7029
"babel1975",7030
"barrat1964",7031
"bell1996",7032
"bell2000",7033
"biddulph2012",7034
"boorman2002",7035
"breuningmadsen2001",7036
"breuningmadsen2003",7037
"catt1986",7038
"courty2001",7039
"crowther1996",7040
"cruise2000",7041
"engelmark1993",7042
"engelmark2008",7043
"holden1994",7044
"kelley2010",7045
"kooistra1978",7046
"linderholm2007",7047
"linderholm2013",7048
"macphail2000",7049
"macphail2009",7050
"macphail2012",7051
"macphail1998",7052
"niblett1999",7053
"reineck1986",7054
"rentzel1999",7055
"rosenqvist1958",7056
"stoops2010",7057
"thirly2006",98
"veneman1984",98
"viklund2013",98
"wilkinson2012",98
"ipccrkpachauri2014",7058
"reckin2013",7059
"dixon2014",7060
"lee2017",7061
"farbregd2009",7062
"callanan2016",7063
"finstad2008",7064
"vedeler2013",7065
"hafner2015",7066
"kelly2013",7067
"fehrenschmitz2014",7068
"hare2012",7069
"haas2017",7070
"barbier2011",7071
"orengo2013",7072
"hjelle2015",7073
"indrelid2011",7074
"pluskowski2013",7075
"indrelid2015",7076
"beijersbergen2017",7077
"vorren1998",7078
"stene2015",7079
"benn2010",7080
"odegard2017",7081
"young2012",7082
"helama2012",7083
"linderholm2010",7084
"matthews2008",7085
"bevanger2004",7086
"kullman1994",7087
"williams2012",7088
"armit2014",7089
"mann2015",7090
"callanan2013",7091
"callanan2015",7092
"arjava2005",7093
"buntgen2017",76
"nesje2009",76
"villumsen2016",76
"hoeg2014",76
"howardjohnston1998",76
"barrett2016",76
"barth1983",76
"walloe2010",76
"majchczack2014",7094
"berger1970",7095
"hatz2001",7096
"bantelmann1967",7097
"braren1935",7098
"kersten1958",7099
"segschneider2009",7100
"majchczack1967",7101
"beseler1982",7102
"erdmann2001",7103
"jons2014",7104
"laur1959",7105
"segschneider2004",7106
"stilke2001",7107
"stumpel2009",277
"wunderlich2013",277
"jakobsson1992",7108
"wilson1996",7109
"anttonen1992",7110
"baudou1993",7111
"baylisssmith1998",7112
"bergman1995",7113
"bradley1997",7114
"douglas1966",7115
"fellman1906",7116
"gennep1909",7117
"harrison1903",7118
"helskog1999",7119
"hultkrantz1978",7120
"insoll2004",7121
"jordan2001",7122
"kleppe2006",7123
"laestadius2002",7124
"lahelma2005",7125
"mebius1968",7126
"baylisssmith2001",7127
"napolskikh1992",7128
"nordbladh1980",7129
"pettersson1957",7130
"ramqvist2002",7131
"rank1955",7132
"rydving1993",7133
"sammallahti1982",7134
"schanche1995",7135
"solem1933",7136
"taavitsainen2003",7137
"terebikhin1993",7138
"tilley1991",7139
"trubshaw1995",7140
"turner1978",7141
"uibopuu1988",7142
"wiik2000",7143
"vorren1978",7144
"gojda1991",7145
"jezek2002",7146
"ruttkay2002",7147
"takacs2002",7148
"magnusson1973",93
"edvardsson2007",7149
"oye1988",7150
"stenberger1979a",7151
"giffordgonzalez1985",7152
"stead1981",7153
"karras1988",7154
"jochens1995d",34
"gudmundsson2009a",7155
"skjelsvik1958",98
"schindler1956",277
"amundsen2004",7156
"arnalds1995",7157
"canti1999",7158
"canti2003",7159
"carr1984",7160
"hakbijl2002",7161
"hreidarsdottir2005",7162
"johnson1974",7163
"malinskybuller2011",7164
"matthews1997",7165
"mehler2002",7166
"misarti2011",7167
"roberts2003",7168
"rolfsen1980",7169
"sampietro2005",7170
"shahackgross2005",7171
"shahackgross2008",7172
"shillito2011",7173
"smith2001",7174
"snaesdottir2003",7175
"stein1983",7176
"stockton1973",7177
"sullivan2004",7178
"tani1995",7179
"terry2004",7180
"tinsley2002",7181
"vizcaino1999",7182
"vyncke2011",7183
"wandsnider1996",7184
"wilk1979",197
"zielinski1997",7185
"ingold2012",7186
"stoodley1999",7187
"andersson2008f",7188
"back2008",7189
"frioriksson2013",7190
"gunnell1995",7191
"gunnell2004",7192
"gunnell2008",7193
"harris2000",69
"hallansstenholm2010",69
"lihammer2012",69
"pentz2013",69
"philipotts1920",69
"roberts2009",69
"sjosvard1989",69
"svensson2010",69
"vikstrand2010",69
"wessman2010",26
"wessen2002",7194
"blomkvist1999",7195
"brink2005",7196
"caldwell2003",7197
"lerbom1915",7198
"nyberg1976",7199
"olsson1984",7200
"ortved1933",7201
"rafnsson1974",7202
"rosen1949",7203
"ruthstrom1988",7204
"ronnby1995",7205
"schmidtwiegand1967",7206
"schmidtwiegand1989",7207
"steffen1943",7208
"yrwing1940",7209
"ostergren1992",7210
"yrwing1951",7211
"yrwing1978",7212
"lindroth1915",258
"vangennep1909a",243
"buckley2004",7213
"armit1996",7214
"gammeltoft2004",7215
"hall2008",7216
"jay2013",7217
"jennings2005",7218
"capo1994",7219
"chiaradia2003",7220
"dangela1990",7221
"diefendorf2005",7222
"evans2009",7223
"fronval1995",7224
"keefe2007",7225
"montgomery2002",7226
"parkerpearson2005",7227
"puceat2010",7228
"raiber2009",7229
"sanchezchillon1994",7230
"sellevold1999",7231
"simpson2010a",7232
"stephan2000",7233
"toolis2008",7234
"trickett2003",7235
"vanrensburg1986",7236
"warham2012",7237
"woolf2005",7238
"pricenda",7239
"bagge1998",7240
"chenery2012",7241
"harrison2003",7242
"johansen1986",7243
"reed1998",7244
"sellevold1991",311
"sellevold1996",311
"sellevold2001",7245
"sullivan1981",311
"tauber1981",311
"vandermerwe1978",311
"balodis1940",7246
"bogucki2006",7247
"brundage1991",7248
"christoffersen1996",7249
"crumlinpedersen1989",7250
"crumlinpedersen1996",7251
"crumlinpedersen1998",7252
"ehrensvard1991",7253
"filipowiak1998",7254
"griciuviene2005",7255
"haak2004",7256
"kiaupa2000",7257
"kochkurkina1961",7258
"lang1996",7259
"lang2004",7260
"lehtosalohilander1984",7261
"limbo2004",7262
"lougas1994",7263
"magi2002",7264
"magi2004",7265
"magi2005",7266
"magi2007",7267
"magi2009",7268
"magi2013",7269
"petrenko1995",7270
"radins2006",7271
"rebkowski1998",7272
"sedov1974",7273
"shepherd1999",7274
"sindbaek2003",7275
"vijups1997",7276
"spingis2008",7277
"tvauri1998",7278
"vaitkunskiene1995",7279
"vasks2008",7280
"vassar1939",289
"vassar1975",289
"welinder2009",289
"zarina2006",289
"gramsch2007",312
"zachrisson1989",312
"kopytoff1996",1
"kristiansen1974",312
"pfisterer2008",312
"aberg1990",7281
"ambrosiani2005",7282
"ambrosiani2016",7283
"backstrom2016",7284
"blauer2013",7285
"burgman1987",7286
"fennomuyingo2000",7287
"gustin2016",7288
"harvig2014",7289
"kaislaniem2011",7290
"lama2015",7291
"leciejewicz1956",18
"lightfoot2016",18
"nironen1997",18
"pellegrini2016",18
"stolpendc",18
"tuross2017",18
"weihed2005",18
"wilhelmson2017",18
"yurtsever1980",18
"nepomniashchii2012",7292
"gaidukov1994",7293
"kuzmin1997",7294
"kuzmin2015",288
"stanislawski2000",7295
"britishgeologicalsurvey2001",7296
"raudonikas1930",288
"ravdonikas1924",288
"plokhov1996",288
"sturluson2011",7297
"ynglingatal2011",7298
"anbrosiani2007",7299
"banyterowell2005",7300
"bliujiene2008",7301
"blomkvist2005",7302
"bertasius2006",7303
"bonnellnd",7304
"creutz2003",7305
"deemant1977",7306
"ehrensvird1991",7307
"filipowiak1983",7308
"gurevitch1970",7309
"argang2000",7310
"johansen1939",7311
"khvoshchinskaya2004",7312
"lamm2009",7313
"ligi1968",7314
"ligi1995",7315
"baltica2007",7316
"magilougas1993",7317
"melnikova2007",7318
"melnikova1990",7319
"mickevicius1994",7320
"mugurevies1994",7321
"nosoy2001",7322
"nosov2005",7323
"nosov2006",7324
"opik1970",7325
"radin1998",7326
"selart2002",7327
"selirand1974",7328
"sindbek2003",7329
"spirgis2008",7330
"stubavs1966",7331
"sne1997",7332
"tamla1977",7333
"tarvel1975",7334
"tonisson1974",7335
"valtonen2007",7336
"zabiela2008",7337
"zemitis2007",269
"zulkus1991",269
"boyd1985",7338
"boyd2005",7339
"silliman2001",7340
"barrett2002",7341
"marshall2002",7342
"watt1985",7343
"naum2005",285
"kockakrenz1993",285
"bergatzky1989",285
"tvauri2001",269
"amundsen1996",7344
"auestad1992",7345
"balascio2011",7346
"binns1978",7347
"bratrein1983",7348
"bratrein1991",7349
"bratrein1995",7350
"bruun2007",7351
"evjen2008",7352
"gjessing1973",7353
"grimm1999",7354
"grimm2002",7355
"grimm2006",7356
"grydeland2001",7357
"guttormsen2005",7358
"henriksen1996",7359
"hesjedal1996",7360
"hinsch1960",7361
"hodder1979",7362
"holand1989",7363
"johansen2002",7364
"johansen1982",7365
"johansen1990",7366
"johansen1978",7367
"mathiesen1978",7368
"myhre1978",7369
"myhre1985",7370
"nilsen1998",7371
"nilsen1995",7372
"odner1985",7373
"olsen1998",7374
"olsen2001",7375
"rolfsen1974",7376
"rolfsen1990",7377
"said1993",7378
"schanche1992",7379
"simonsen1980",7380
"sobstad1980",7381
"spivak1987",7382
"spivak1990",84
"storli1985",84
"vorren1985",84
"wickler2005",84
"wik1985",84
"vanderleeuw1989",285
"c2006b",7383
"arbman1969",188
"blair1994",7384
"brink2001",7385
"cameron1988",7386
"carver1988",7387
"carver2001",7388
"carver2002",7389
"cooper1993",7390
"dubois2006",7391
"effros2003",7392
"everson2011",7393
"fabech1994",7394
"fell1956",7395
"geake1997",7396
"grahamcampbell2009",7397
"griffiths1991",7398
"gurney1986",7399
"hall1989",7400
"halsall1989",7401
"hayward2011",7402
"heide2011",7403
"heide2014",7404
"hoggett2007",7405
"ilkjaer2002",7406
"jankuhn1955",7407
"karras1990",7408
"knapp1999",7409
"larrington1996a",7410
"mcleod2013",7411
"raffield2013a",7412
"hagland2005",7413
"randsborg1999",7414
"sanmark2009",7415
"scarre2002",7416
"scragg1991",7417
"semple2010",7418
"sheppard1939",7419
"museum2012",145
"harkell2011",145
"thurston2002",7420
"tilley2006",7421
"webster1983",145
"yorke1990",145
"pedersennda",7422
"armbruster2004",7423
"bayley1992",7424
"brinchmadsen1984",7425
"feveile1994",7426
"grieg1922",7427
"hedegaard2005",233
"jouttijarvi2006",7428
"paulsen1936",7429
"pedersen2000",7430
"augenti2011",7431
"bilge2013",7432
"bowleg2008",7433
"back2018",7434
"collins2016",7435
"davis2008",7436
"diazandreu2005",7437
"evans1997",7438
"goldhahn2007",7439
"holmquist1990",7440
"holmquist1993",7441
"holmquist2001",7442
"holmquist1998",7443
"holmquist2009",7444
"inall2014",7445
"kaliff1992",7446
"laneri2007",7447
"nelson2007",7448
"olausson2001",7449
"popa2014",7450
"schietzel1963",7451
"thedeen2011",7452
"vennatro2016",7453
"yotov2016",7454
"ashede2015",46
"aagard1984",7455
"arbman1960",7456
"bjeletskij1998",7457
"capelle1962",7458
"dellepiane2009",7459
"edberg2001",7460
"eniosova2008",7461
"gingerich2014",7462
"hermon2008",7463
"jolshin2012",7464
"klindtjensen1965",7465
"neiss2005",7466
"neiss2006",7467
"neiss2009",7468
"neiss2010",7469
"puskina1998",7470
"scott2002",7471
"shearer2012",7472
"sholts2012",7473
"sholts2010",7474
"sholts2011",7475
"sotnikova1959",7476
"kastholm2008",7477
"thunmark1974",230
"wiechmann2001",230
"wolters2006a",230
"hallam2001",46
"ekengren2006",46
"rindal2004",201
"backdanielsson2008",7478
"bennett1987",7479
"carlsson2002",7480
"fabech2004",7481
"henderson1991",7482
"hjorungdal1994",7483
"hovanta1995",7484
"lagerholm2009",7485
"mays1998",7486
"rosten2007",7487
"simpson2004",7488
"sindbaek2006",7489
"smyser1965",7490
"stalsberg1987",7491
"thedeen2008",7492
"dudo1998",7493
"gragas2000",7494
"grettirssaga1974",7495
"layofharoldtransl1936",7496
"almqvist1965",7497
"almqvist1974",7498
"betzig1982",7499
"brown2009",7500
"camdennd",7501
"chagnon1988",7502
"clover1993",34
"coleman2015",7503
"colwell1988",7504
"coupland2003",7505
"debuse1999",7506
"dickemann1979",7507
"downham2014",7508
"ebel1993",7509
"ember1974",7510
"emlen1977",7511
"falys2014",7512
"forsgren2004",7513
"fuglestvedt2014",7514
"goetting2006",7515
"griskevicius2012",7516
"hill1990",7517
"hoglund1993",7518
"hudson2004",7519
"jacobsen1982",7520
"jochens1980",7521
"jochens1986",7522
"jochens1987",7523
"jochens1991",7524
"kvarnemo1996",7525
"kvarnemo1995",7526
"madsen1993",7527
"meulengrachtsorensen1980",7528
"mitani1996",58
"montgomery2008",7529
"moorad2011",58
"opdahl2003",58
"reichert2006",58
"renaud2000",7530
"sampson2006",58
"schacht2014",58
"szekely2014",58
"thedeen2009",7531
"weir2011",58
"zeitzen2008",58
"staecker2006",7532
"kure2013",7533
"lamm2003",7534
"lamm2003a",7535
"hauck1985",7536
"hauck1969",7537
"neckel1983e",7538
"larrington2014",7539
"bangnd",7540
"buggenda",7541
"dronke1989",7542
"haavardsholm1996",7543
"hauck1982",7544
"heusler1941",7545
"wilhelm1952",7546
"vanderhorst1982",7547
"horst2010",7548
"hultgard1987",7549
"johansson2013",7550
"lamm2003b",7551
"mckinnell1994",7552
"mckinnell2008",7553
"meyernd",7554
"north2003",7555
"oehrl2009",7556
"quast2002",313
"nordal1980",313
"stephensnda",313
"westphal2004",313
"williams1994",313
"musty1974",290
"saxo1931",201
"sopp1999",201
"thomsen1929",201
"blindheim1982",7557
"clarke1995",7558
"duner2006",139
"gaut2015",139
"hougen1931",139
"kielland1927",139
"maddicott1989",139
"ryghnde",139
"samson1991a",7559
"schramm1955",139
"werner1980",139
"coplen1988",263
"a2007",7560
"sjoberg1987",7561
"blindheim2008",7562
"brogger1997",7563
"chatwin1990",7564
"eisenschmidt1994",115
"gourevich1999",7565
"gunnell2000",7566
"gunnell2006",7567
"harris2009",7568
"hagg2009",7569
"jakubovskij1926",7570
"liepe1989",7571
"mckinnell2005",7572
"montgomery2004",7573
"ogden2008",7574
"page1985",7575
"petrenko1991",7576
"robbins2004",7577
"rundkvist2003",7578
"schjodt2007",7579
"schjodt2009",7580
"skre2004",7581
"steinsland1981",7582
"stern2009",7583
"tollnes1998",7584
"faulkes1989",7585
"sekundaerkilder1997",7586
"barndon1992",7587
"drescher1977",7588
"gustafsson2005",7589
"haaland1985",7590
"jouttijarvi2001",314
"krishnan1976",314
"roesdahl1993",7591
"smith1974",314
"steinsland1997",314
"webster1999",314
"feveile2002b",233
"anderson1992",7592
"balasse2002",7593
"bell2001",7594
"bethard2013",7595
"brabrand1991",7596
"buzon2013",7597
"cameron2011",7598
"cruz2011",7599
"eliason2010",7600
"ferguson2009",7601
"fornander2015",7602
"grupe2011",7603
"haak2008",7604
"hofstra1995",7605
"hunter1975",7606
"kahl2009",7607
"knudson2008",7608
"knudson2011",7609
"lambergkarlovsky1972",7610
"lane1972",7611
"magnusson1980a",7612
"moberg1981",7613
"naum2012",7614
"olsen1961",7615
"suchey2006",7616
"tung2011",7617
"turner2009",7618
"vos2005",7619
"webb1985",140
"wilson1970",140
"crumlinpedersen1988",7620
"zeitzen1997a",7621
"wenger2004",7622
"sofartsmuseums1987",7623
"baxter2008",7624
"christensen1988",7625
"cooper1978",7626
"edgren1988",7627
"elsner1992",7628
"gillespie2001",7629
"grieg1933",7630
"hejgaard2010",7631
"hojrup1983",7632
"jensen2008",7633
"sandberg2006",7634
"schwartzman2006",7635
"smolarek1969",315
"sztompka1994",315
"tesch2005",315
"zeitzen2002",315
"ostergaard2011",315
"hayeursmith2004",7636
"byejohansen2004",7637
"thunmarknylen2015",7638
"albrectsen1994",7639
"althoff1999",7640
"andersen2011",7641
"bede1968",7642
"blair2005",7643
"dulinicz2002",7644
"foote1993",7645
"gullbekk2008",7646
"keynes1991",7647
"kornerupnd",7648
"krag2003",7649
"meier2002",7650
"meulengrachtsorensen1997",7651
"meulengrachtsorensen2001",7652
"miuillermertens1999",7653
"ottodergrosse2001",7654
"pedersen2005",7655
"refskou2004",7656
"roesdahl1983",7657
"roesdahl1987",7658
"roesdahl1999",7659
"roesdahl2004",7660
"schoujorgensen1997",7661
"skovgaardpetersen1977",7662
"steinsland2008",7663
"tesch2008",7664
"wilson1966",7665
"porsteinsson1987",7666
"fangel1941",7667
"chapman1981",7668
"miller2005",7669
"nylen1987",7670
"andersson2016b",316
"cambridge2017",316
"hauptman2014",316
"aukrust1982",7671
"ayers2016",7672
"bergman2007",7673
"carrer2015",7674
"critch2018",7675
"curdy2016",7676
"norvegicum2019",7677
"finstad2018",7678
"gilck2019",7679
"grjotheim1978",7680
"gunnarsdottir2000",7681
"hollesen2018",7682
"kleiven1973",7683
"kummen1983",7684
"providoli2016",7685
"rosvold2017",7686
"savioz2016",7687
"shawnd",7688
"thun2018",7689
"timberlid2015",7690
"volken2015",7691
"younghusbandnd",7692
"shetelig1920b",7693
"miles1989",7694
"abbott2005",7695
"gilmour1988",7696
"aitken1966",7697
"aitken1962",7698
"aitken1983",7699
"anon1996",7700
"aspinall1977",7701
"barley1964",7702
"barley1981",7703
"belfiore2007",7704
"blinkhorn2013",7705
"brooks1984",7706
"bryant1977",7707
"dallas1993",7708
"dunning1959",7709
"everson1999",7710
"field1990",7711
"ford1995",7712
"froh2004",7713
"gale1995",7714
"garmonsway1972",7715
"garrigos2001",7716
"golitko2012",7717
"goodwin2013",7718
"harkel2013",7719
"hebditch1964",7720
"hurst1962",7721
"ixer1997",7722
"jordan1994",7723
"kilmurry1980",7724
"leah1994",7725
"vander1993",7726
"mainman1990",7727
"maniatis1981",7728
"maniatis1984",7729
"mccarthy1988",7730
"miles1974",7731
"nailor1984",7732
"price1975",7733
"quinn2013",7734
"rice2005",7735
"rogerson1984",7736
"rye1981",7737
"sawyer1998c",7738
"arwidson1984",7739
"arwidson1986",7740
"arwidson1989",7741
"bennike1985",7742
"bennike1993",7743
"calmer1977",7744
"deniro1988",7745
"gilbert2005",7746
"hoefs2004",7747
"jorkov2007",7748
"kanstrup2006",7749
"leethorp2003",7750
"longin1971",7751
"madsen1988",7752
"reidla2003",7753
"runge2010",7754
"schoeninger1989",7755
"sillen1998",7756
"skibstedklaesoe1997",7757
"sponheimer2006",7758
"vanklinken1999",7759
"verhulst1966",7760
"verhulst1995",7761
"walette2004",7762
"paludan1991",7763
"koch1936",7764
"steensberg1952",7765
"steensberg1973",7766
"dobat2007",7767
"meier2007",7768
"tesch1992",7769
"fangel1998",7770
"tollin1998",7771
"riddersporre2003",7772
"nedkvitne2004",185
"fritz1988",185
"back1995",7773
"gustin2011",7774
"haussig1987",7775
"martin1986",7776
"noonan1985",7777
"noonan1989",7778
"noonan2001",7779
"rispling2007",7780
"roslund1997",7781
"roslund2009",7782
"roslund2010",7783
"thordeman1926",7784
"holmquistolausson2002",7785
"johansson1997",7786
"jonsson2001",7787
"kovalev2001",7788
"kovalev2002",7789
"kovalev2005",7790
"kovalev2011",214
"landgren1998",214
"younghusband1904",7791
"of1917",7792
"jensson1929",7793
"arbman1936",7794
"arent1969",7795
"ekelund1956",7796
"ellisdavidson1967",7797
"gjeerder1964",7798
"holmavist1955",7799
"jansson1963",7800
"perkins2001",7801
"price1969",7802
"salin1913",7803
"steinsland1936",16
"agrip1929",16
"hultgard2003",16
"hudson2005",7804
"rediker1987",7805
"pennel1997",7806
"leeson2009",7807
"antony2002",7808
"hudson2007",7809
"price1991",7810
"wulfstan1976",7811
"artefacts1980",7812
"birkeland1954",72
"arcini2005a",7813
"catling2008",72
"griffiths1991a",72
"richards1989",72
"kanstrup2008",7814
"andersson1975",7815
"arcini2018",7816
"arppe2010",7817
"azmy1999",7818
"buko2013",7819
"chernykh1985",7820
"faure2004",7821
"fraser2018",7822
"hyenstrand1982",7823
"lewis2008",7824
"maldre2018",7825
"margaryan2019",7826
"peschel2014",7827
"punning1987",7828
"raukas2009",151
"ruff2012",151
"sillen1982",151
"trotter1958",7829
"tuuling2011",7830
"wea1980",7831
"woelfel2002",151
"arcini1998",34
"baillie1991",7832
"baillie2015",7833
"bolender2011",7834
"davies2015",7835
"dugmore1992",7836
"edwards2012",7837
"einarsson1988",7838
"erlendsson1995",7839
"haflidason2000",7840
"haflidason1992",7841
"hammer1980",7842
"hermannsaudardottir1988",7843
"lane2014",7844
"larsen1982",7845
"larsen1984",7846
"larsen1977",7847
"lowe2008",7848
"lowe2011",7849
"lowe2015",7850
"lowe2001",7851
"newton2008",7852
"oladottir2008",7853
"ponomareva2015",7854
"roberts2000",7855
"sigurgeirson2014",7856
"sigurgeirsson1995",7857
"sigurgeirsson2007",7858
"sigurgeirsson1998",7859
"sigurdsson1982",7860
"sveinbjarnardottir2004",7861
"theodorsson2009",7862
"theodorsson2012",7863
"vilhjalmsson1991",7864
"vinther2006",7865
"zielinski1995",7866
"palmerbrown1995",64
"vince2009",64
"andersen1982a",7867
"andersen1996",7868
"bennike1994",7869
"brather2001",7870
"burschel1994",7871
"caferro2006",7872
"christophersen1940",7873
"damgaardsorensen1991",7874
"fiorato2000",7875
"hermann1974",7876
"krueger1985",7877
"nielsen1990",7878
"petersen1989",7879
"roesdahl1975",162
"thordeman1939",162
"ahlstromarcini2005",34
"schjodt2013",34
"anderson2010",7880
"bayman2013",7881
"bentley2007",7882
"brink2014",7883
"buck1938",7884
"erikson2015",7885
"hauofa2008",7886
"heyerdahl1938",7887
"kane1997",7888
"king2003",7889
"kirch2010",7890
"kirch2012",7891
"kirch2014",7892
"kirch2007",232
"kirch1992",7893
"ljungstrom2004",7894
"ravn1993",7895
"ravn2011",7896
"ravn2018",7897
"salmond2010",7898
"schjodt2017",7899
"smith2010",7900
"spriggs2008",7901
"spriggs2016",318
"stolpendd",318
"thomas1997",318
"thomas2010",318
"wawn2000",318
"raukas1997",151
"hinton2005",7902
"hoilundnielsen1999",7903
"leigh1984",319
"clauskrag1982",7904
"ruth1988",7905
"lindkvist2003",7906
"yuhl2013",7907
"cameron2008",7908
"cameron2016",7909
"lewis2017",7910
"karras1980",7911
"larson1935",7912
"lee1936",7913
"audr2001",7914
"benraffield2017",7915
"see2012",7916
"reuter2012",7917
"blili1996",7918
"somerville2014",7919
"ch2011",7920
"michaelswanton2000",7921
"robinson1921",7922
"gothenburg2000",7923
"goodall1990",7924
"henning2012",7925
"warner2009",7926
"olsson2017",7927
"simpson2018",7928
"ch2000",7929
"lunde2012",7930
"jankowiak2016",7931
"lewis2016",7932
"ostergren2008",7933
"kankpeyeng2009",41
"laird2010",41
"bodel2005",41
"walz1977",41
"daniel1992",41
"morgan1998",41
"warren1977",41
"bodel2014",41
"ireland1952",41
"hardh2001",7934
"lamm2005",7935
"lang1995",7936
"salmo1938",7937
"skrzat2010",7938
"tarvel1982",7939
"trotter1952",7940
"anderson2002",7941
"arnold1991",7942
"dowson2006",7943
"dror2017",7944
"fridriksdottir2013",7945
"geller2017",7946
"gero1985",7947
"ghisleni2016",7948
"herget2008",7949
"jansson1992",7950
"jensen2018",7951
"jordan2009",7952
"joyce2008",7953
"knauer2001",7954
"lindqvist2004",7955
"nakhaeizadeh2014",7956
"nilssonstutz2013",7957
"norgardjorgensen1997",7958
"olausson2001a",7959
"reeder2008",7960
"sorensen1983",7961
"stolpe2019",7962
"wylie1992",7963
"dagstorp1999",7964
"mark1998",7965
"bogelund1999",7966
"naes2000",7967
"andersminde1980",7968
"okholm1996",7969
"starigardoldeburg1991",7970
"stro1984",7971
"bchin1965",7972
"albert1999",7973
"albert2002",7974
"barabasi2003",7975
"becker1999",7976
"becker2003",7977
"clarke1972",7978
"dodds2003",7979
"donat1984",7980
"c2006c",7981
"granovetter1973",7982
"herrmann2005",7983
"jacobsson2000",7984
"jons1997",7985
"lundquist2003",7986
"meier1991",7987
"ormerod2004",7988
"palmer2003",7989
"palmer2004",7990
"ravasz2003",7991
"renfrew1977",7992
"schoknecht1977",7993
"schuldt1965",7994
"schuldt1967",7995
"schuldt1981",7996
"schuldt1985",7997
"wasserman1994",7998
"watts2003",7999
"watts1998",8000
"wells2005",8001
"wietrzichowski1993",8002
"ahlen1998",8003
"aikio2006",8004
"alenius2007",8005
"alenius2011",8006
"barrett2009",8007
"carpelan1984",8008
"carpelan2003",8009
"carpelan2006",8010
"donner1986",8011
"edberg1999",8012
"fewster2006",8013
"halinen2005",8014
"herrgard2005",8015
"hiekkanen2010",8016
"huurre1983",8017
"hakkinen2010",8018
"ivars2002",8019
"jaakkola1935",8020
"karlsson1987",8021
"korpela2004",8022
"kovalev2007",8023
"kriiska2007",8024
"kumpulainen2004",8025
"kuusela2011",8026
"lehtosalohilander1985",8027
"lehtosalohilander2001",8028
"leskinen2008",8029
"masonen1989",8030
"meinander1950",8031
"moilanen2010",8032
"nordman1944",8033
"norrman1983",8034
"nunez1993",8035
"nunez1995",8036
"orrman1991",8037
"orrman1993",8038
"poutiainen2008",8039
"raninen2010",8040
"ringbom1994",8041
"roeckhansen1995",8042
"salo2000",8043
"schalin2008",8044
"spirgis2006",8045
"spiridonov1991",8046
"taavitsainen1980",8047
"taavisainen1988",8048
"taavitsainen1994",8049
"taavitsainen1999",8050
"taavitsainen2007",8051
"tomtlund2005",8052
"uino2003",8053
"maria2001",8054
"valtonen2008",8055
"viklund2002",8056
"wickholm2000",8057
"wickholm2004",8058
"kirpichnikov1985",8059
"makarov1990",8060
"makarov2009",8061
"melnikova1991",8062
"muller1987",8063
"nerman1929",8064
"nosov1992",8065
"nosov2001",8066
"ravdonikas1949",8067
"smolichev1925",8068
"sitii2006",8069
"andren2004j",8070
"beskowsjoberg1987",8071
"crumlinpedersen1995d",8072
"t1999",8073
"grahamcampbell1998j",8074
"price1989a",8075
"skaarup1972",8076
"terry1990",8077
"ludtke2001",8078
"barabas2003",8079
"brinch1991",8080
"jansson2008",8081
"hakonshetelig1917",8082
"harrison2010",8083
"russell2007",8084
"budd2014",8085
"score2010",8086
"lundraffield1989",8087
"griffiths1997",8088
"ross1983",8089
"thee1980",8090
"baker1997",8091
"khoroshev2007",8092
"kotowicz2007",8093
"macgregor1978",8094
"binns1963",8095
"booth1987",8096
"booth1997",8097
"bulock1960",8098
"clark1966",8099
"craig2010",8100
"cramp1976",8101
"kemp1996",8102
"kershaw2008",8103
"leahy2000",8104
"morris1977",8105
"morris1984",8106
"naismith2011",8107
"naylor2001",8108
"peers1943",8109
"powlesland1998",8110
"rahtz1967",8111
"schoenfelder2011",8112
"stocker2007b",8113
"thomas2003",8114
"townend2014",105
"williams1988",105
"wrathmell2012",105
"richards2014",105
"richards2015",105
"richards1983",8115
"williams1983",8116
"swanton1970",8117
"cluniesross1985",8118
"james1997",8119
"woodward2004",8120
"beskowsjoberg1987a",8121
"beltznd",8122
"clark1984",8123
"davis1983",8124
"fehring1987",8125
"fehring1995",8126
"gerrard2003",8127
"hubener1959",8128
"karlin1922",8129
"liebgott1989",8130
"lischnd",8131
"moreland1991",8132
"sorensen1989",8133
"verhaeghe1994",282
"wiessner1939",282
"desha2000",8134
"honolulu1991",8135
"dining1980",8136
"athens2017",8137
"oxfordroutledge2016",8138
"graeber2017",8139
"redknap2004b",8140
"amkreutz2004",8141
"lewis1972",8142
"mattes2016",8143
"mattes2008",8144
"comacchio1983",8145
"whitehouse1983",8146
"hooper2006",8147
"kirch1985",8148
"kristiansen1998",8149
"space2015",8150
"rainbird2015",8151
"ratnagar2001",8152
"jp2010",8153
"sherratt1993",8154
"clark2008",320
"valeri1985",320
"malarlandskapen1993",320
"wallin1993",320
"westerdahl1992",320
"jankuhn1975",8155
"ramskou1999",8156
"rundkvist2001",8157
"windgather1990",8158
"windgather2003a",8159
"sussex1997",8160
"waitznda",8161
"ramskou1963",8162
"neiss2070",167
"attwood2000",8163
"einarsson1991",8164
"blake1962",8165
"durrenburger1934",8166
"ol1939",8167
"ellison2000",8168
"finlay2011",8169
"finlay1959",8170
"kennedy1997",8171
"kunz2000a",8172
"schmeidler1917",8173
"toddnd",8174
"tschan1959",8175
"alkrenawi1999",8176
"alkrenawi2002",8177
"audur2008",8178
"barry1981",8179
"baumeister2004",8180
"betzig1995",8181
"borovsky1999",8182
"boyden2007",8183
"bragg2008",8184
"breitman2004",8185
"broude1976",8186
"caldwell1998",8187
"ross2010",8188
"daly1980",8189
"divale1976",8190
"elbedour2006",8191
"fleisher1999",8192
"fleisher2004",8193
"grossbardshechtman1993",8194
"graslund1989",8195
"henrich2012",8196
"hraundal2014",8197
"huber2011",8198
"jankowiak2008",8199
"jankowiak2005",8200
"karamagi2006",8201
"karras1992",8202
"kress2002",8203
"kolker2014",8204
"larrington2016",8205
"liwoch2007",8206
"ljungqvist2015",8207
"miller1982",8208
"norrman2000",8209
"norstein2014",8210
"odonoghue2004",8211
"omariba2007",8212
"ritchie1976",8213
"saelebakke1986",8214
"schacht2015",8215
"simek1992",8216
"sjoberg1976",8217
"sorensen1946",8218
"wyatt2009",8219
"boyes1921",8220
"grierson1959",8221
"gulibekk2005",8222
"hedeager1993",8223
"lunden1999",8224
"steinnes1936",8225
"pormksson1992",8226
"back1984",282
"karlin1923",282
"aberg1923",8227
"aija1997",8228
"ailio1922",8229
"ambrosiani1956",8230
"ambrosiani1968",8231
"arbman1932",8232
"areslatt1993",8233
"arrhenius1999",8234
"atterman1935",8235
"bennettlagerlof1978",8236
"bennett1976",8237
"blindheim1949",8238
"dreijer1966",8239
"drotz1995",8240
"ekholm1918",8241
"eniosova1998",8242
"enqvist1923",8243
"gudesen1980",8244
"hackmannd",8245
"hagberg1966",8246
"helgen1982",8247
"herteig1955",8248
"holmqvist1970",8249
"horfors1988",8250
"kivikoski1980",8251
"lind1984",8252
"lindahl1950",8253
"macgregor1997",8254
"marstrander1973",8255
"martens1969",8256
"monteliusnda",8257
"nilsson1990",8258
"odencrants1933",8259
"rasch2001",8260
"ostergaardjensen1987",8261
"petre1984b",8262
"ramqvist1998",8263
"rasmussen1989",8264
"reisborg1994",8265
"ryghndf",155
"salinnd",8266
"sarauw1923",8267
"schonbeck2002",8268
"serning1960",8269
"simonsson1972",8270
"spirgis2007",8271
"stjernquist1951",8272
"stolpe1927",8273
"tillvaxten1909",8274
"vangpetersen1991b",8275
"vedelnda",8276
"worsaaenda",8277
"bagge2010",8278
"englert2007c",8279
"callmer1976",8280
"dalton1975",8281
"elster2007",8282
"finley1973",8283
"hansen1977",8284
"jansen2015",8285
"lie1988",8286
"mikkelsen2006",8287
"mitchell1984",8288
"myrvoll1992",8289
"ostmo2011",321
"pilo1990",321
"polanyi1944",8290
"rundberget2009",321
"stenvik2003",8291
"swedberg2014",321
"wiberg1977",321
"voncarnapbornheim2007",8292
"cohen1997",8293
"fuchtbauer1971",8294
"dejong2010",8295
"kiefferolsen1997",8296
"lihammer2007",8297
"lindstrom1991",8298
"messenburg1972",8299
"milthers1916",8300
"moberg1994",8301
"naum1925",8302
"rossmann2000",8303
"safran2005",8304
"schoeninger2003",8305
"vensild1996",8306
"vonhejine2004",134
"wagnkilde1996",134
"nordal1938",8307
"sigurdur1938",8308
"christensen2012",8309
"engberg2002",8310
"rieck1992",8311
"sigurdsson2012",116
"skre2005",116
"soderberg1966",116
"olausson2009",116
"kvhaa1903",8312
"bratt1999",8313
"darvill2004",8314
"driscoll2004",8315
"meaney1995",8316
"meaney1997",8317
"olafsson1985",8318
"pantos2002",8319
"pantos2003",8320
"addyman1981",8321
"alcock1963",8322
"bayley1987",8323
"bayley1991",8324
"bayley2008",8325
"benson1911",8326
"blair1991",8327
"boni2003",8328
"clarke1998",8329
"coatsworth2002",8330
"comber2004",8331
"cowgill2009",8332
"dickens2009",8333
"cowie2012",8334
"craddock1989",8335
"daniels1988",8336
"dommasnes1987",8337
"emery2007",8338
"eremin1998",8339
"wilthew2002",8340
"garmonsway1947",8341
"gilmore1980",8342
"griffiths2007",8343
"hall2001",8344
"higham1993",8345
"hinton1990",8346
"hinton1996",8347
"hinton2000",8348
"hinton2003",8349
"hutcheson2009",8350
"kershaw2010",8351
"laing2006",8352
"loken1987",8353
"macgregor1999",8354
"mann1982",8355
"newman1993",8356
"nicholson1997",8357
"omeadhra1987",8358
"oriordain1971",8359
"owencrocker1986",8360
"paterson1997",8361
"paterson2000",8362
"pritchard1991",8363
"radley1971",8364
"seaman2013",8365
"smith1923",8366
"waltonrogers2004",8367
"taylor1987",8368
"thomas2004",8369
"thomas2008a",8370
"tweddle1986",8371
"vince2001",8372
"rogers2007",8373
"rogers2014",8374
"rogers2016",8375
"wastling2009",8376
"waterman1959",8377
"webster2012",8378
"caroline1999",8379
"blank2018",8380
"chukhina2015",8381
"davydova1999",8382
"dzhakson2002",8383
"dzhakson1986",8384
"glykou2018",8385
"gorelov1997",8386
"nv2017",8387
"gromig2019",8388
"jackson2003",8389
"jackson2009",8390
"khudoley2013",8391
"kirpichnikov1984",8392
"kirpichnikov2013",8393
"knudson2007",8394
"lalazarov2012",8395
"moiseyev2014",8396
"moisio2015",8397
"ostman2004",8398
"petrenko1985",8399
"petterson1995",57
"platonova1996",57
"raffensperger2014",57
"saarnisto1995",57
"sankina2000",57
"sauramo1929",57
"karlgoran1999",57
"subetto1998",57
"zazzo2004",57
"dunfjeldaagard2005",8400
"reymert1980",8401
"arne1909",8402
"bergstol2002",8403
"bohannan1959",8404
"brogger1928",8405
"fjellstriim1962",8406
"ell1990",8407
"gullbekk2003",185
"jasinski1998",8408
"kopytoff2000",8409
"montelius1922",8410
"niisstriim2001",8411
"ojanlatva2003",8412
"yrbyggjasaga1989",8413
"sandmo1994",8414
"kongesagaer1979",8415
"steinsland1989",8416
"steinsland1992",128
"steinsland1984",128
"stenberger1971",128
"byock1998",8417
"fox1974",8418
"palsson1986",8419
"whitelock1976",8420
"alesina1999",8421
"coffe2006",8422
"dcms2002",8423
"doosje1995",8424
"eger2010",8425
"ellemers1997",8426
"ellisdavidson1976",8427
"jans2015",8428
"stewart1991",8429
"korostelina2007",8430
"lindeman1997",8431
"lonnroth2008",8432
"lund1985",8433
"maderer2014",8434
"mcdonald2012",8435
"petta1992",8436
"putnam2006",8437
"rhee1996",8438
"sawyer1985a",8439
"schjodt2011",8440
"smith1997",8441
"sosis2006",8442
"swann2009",8443
"swann2012",8444
"tajfel1971",317
"thomas1999",317
"tropp2001",317
"whitehouse2012",317
"whitehouse2014",317
"pantos2004",8445
"holmback1933",8446
"lucas1966",8447
"bourke1993",8448
"hedeager1994",8449
"hardh1988",8450
"kruse2007",307
"lieber1989",307
"miller1986",307
"mullerboyson1987",307
"saunders1995",307
"bagerius2001",8451
"batey2012",8452
"becker2007",8453
"bickerton2015",8454
"grahamcampbell2001h",8455
"bird2000",8456
"blackmore2011",8457
"boothby2004",8458
"bychowski2018",8459
"casey2010",8460
"chagnon1992",8461
"coltrane2006",8462
"connell2000",8463
"connell2005",8464
"crawford2007",8465
"damon2006",8466
"dommasnes2008b",8467
"ember2015",8468
"enloe2017",8469
"erikson1950",8470
"pesch2018",8471
"gilligan1982",8472
"gilligan1990",8473
"gowland2001",8474
"gunnell2013",8475
"haapasalo2000",8476
"halstadmcguire2010b",8477
"handel2007",8478
"hays1982",8479
"higate2005",8480
"hinojosa2010",8481
"hollander1949",8482
"hooper2001",8483
"honwana2006",8484
"howard2000",8485
"kaland2008",8486
"kamp2015",8487
"keith2005",8488
"kimball2013",8489
"knusel2000",8490
"larrington2008",8491
"levine1990",8492
"lewissimpson2008",8493
"lillehammer2010",8494
"macinnes2016",8495
"mcguire2016",8496
"mead1934",8497
"meggitt1977",8498
"mellor2014",8499
"murphy2017",8500
"mygland2010",8501
"hencken1933",8502
"orchard2011",8503
"orme1995",8504
"perkins1972",8505
"preston2014",8506
"raninen2008",8507
"scribner1965",8508
"reynolds1991",8509
"ross2018",8510
"shimahara1970",8511
"soderberg2017",8512
"sofaer2011",8513
"solli2008",8514
"squires2013",8515
"swanton1997",8516
"underwood2006",8517
"varney2000",8518
"weinreich2009",8519
"weisner2015",8520
"weisner1977",8521
"werner1964",8522
"wessells2006",8523
"whaley2009",8524
"whitehouse2017",8525
"woolf2017",8526
"snorres1999",128
"armstrong2000",8527
"a2007a",8528
"barrett1994",8529
"binford1972",8530
"brogger1950",8531
"fuglestvedt2007",8532
"grieg1942",8533
"gunnes1976",8534
"holmsen1939",8535
"ilkjaer2000",8536
"kallhovd1994",8537
"krag1995",8538
"munch1981",8539
"munch2007",8540
"myhre1997",8541
"mollerop1957",8542
"mollerop1971",8543
"parkerpearson1982",8544
"petersen1937",8545
"ronneseth1963",8546
"ronneseth1966",8547
"sandnes1997",8548
"shanks1982",8549
"sigurdsson1993",8550
"slomann1958",8551
"sturlasson1964",8552
"stenberger1966",8553
"stenvik2005",8554
"steuer1989",8555
"storli2001",8556
"tacitus1977",8557
"titlestad1996",8558
"thompson1965",242
"appelgrennd",8559
"back2007",8560
"callmer1980",8561
"callmer1986",8562
"carpelan1980",8563
"damell1967",8564
"delort1978",8565
"edgren1999",8566
"ekbo1981",8567
"enqvist2004",8568
"enqvist2006",8569
"floderus1931",8570
"gustavsson2001",8571
"hackman1938",8572
"haggren2005",8573
"hiekkanen2001",8574
"hirviluoto1986",8575
"huurre1987",8576
"huurre1992",8577
"kivikoski1939",8578
"lang1985",8579
"ligi1994",8580
"lind2000",8581
"lind2006",8582
"lind2009",8583
"makarov2006",8584
"morris1999",8585
"raportteja2003",8586
"pimenov1965",8587
"purhonen1992",8588
"purhonen1997",8589
"ryabinin1978",8590
"ryabinin1986",8591
"saksa1985",8592
"saksa1992",8593
"schmid1942",8594
"silliman2005",8595
"stang1981",8596
"stein1998",8597
"stein1999",8598
"stein2002",8599
"syse1987",8600
"taavitsainen2004",8601
"tomantera1991",8602
"tvauri2005",8603
"zakharov2004",215
"boe2012",8604
"fjell2005",8605
"goffman1971",8606
"grieg1943",8607
"holtorf2005",8608
"rasmussen2013",8609
"anon2011",8610
"bloch1939",8611
"chin2004",8612
"dillmann1996",8613
"hall1984",8614
"hilberg2008a",49
"horton2000",8615
"klejn2009",8616
"knirk1999",8617
"mcgovern2011",8618
"mullerwille1996",8619
"nordenborgmyhre2001",8620
"nosov1998",8621
"steuer1990",8622
"vollertsen1989",8623
"ward2000",267
"wallace2001",267
"willemsen2009",267
"wynnejones2007",267
"tacitus1997",242
"batey1994",8624
"bjornskov2009",8625
"bohnet2008",8626
"bourdieu1986",8627
"brondsted1960",8628
"chartrand2006",8629
"barry2008",8630
"delhey2005",8631
"dohmen2008",8632
"freitag2008",8633
"greif1989",8634
"greif1993",8635
"greif2006",8636
"greif2012",8637
"guiso2008",8638
"haywood1995",8639
"langer2002",8640
"lookofsky2006",8641
"milgrom1990",8642
"nannestad2008",8643
"nunn2011",8644
"olson1993",8645
"ostrom2009",8646
"ozcan2011",8647
"paldam2000",8648
"putnam1993",8649
"putnam2000",8650
"raffield2009",8651
"ramskou1962",8652
"rothstein2003",8653
"rothstein2005",8654
"svendsen2004",8655
"svendsen2009",8656
"svendsen2012",8657
"sorensen1990",8658
"traunmuller2011",8659
"uslaner2002",8660
"uslaner2008",8661
"vikings1997",275
"weber2009",275
"williamson1993",275
"aegidius1977",8662
"albrectsen1941",8663
"albrectsen1970",8664
"albrectsen1984",8665
"andersen1987",8666
"andersen1998",8667
"andersen1971",8668
"andersson1972",8669
"andren1994",8670
"arentoft1984",8671
"arentoft1985",8672
"arentoft1993",8673
"arentoft1999",8674
"bartholin1976",8675
"bartholin1974",8676
"becker1982",8677
"bertelsen1991",8678
"bertelsen1992",8679
"binderup1996",8680
"bjerregaard2016",8681
"bjerregaard2017",8682
"christensen1975",8683
"christensen1977",8684
"christensen1999",8685
"christensen2017",8686
"elkjaer2001",8687
"og2001",8688
"fussel2008",8689
"amt1992",8690
"gothche1995",8691
"grandtnielsen1982",8692
"harnow2005",8693
"haupt2006",8694
"henrichsen1968",8695
"henriksen1988",8696
"henriksen2012",8697
"hoff2000",8698
"hohenberg1985",8699
"hohenberg1995",8700
"hojlundnielsen1987",8701
"jacobsen2000",8702
"jacobsson2003",8703
"jeppesen1981",8704
"johannsen1995",8705
"jorgensennda",8706
"juel2010",8707
"kousgardsorensen1969",8708
"krongaardkristensen1998",8709
"krongaardkristensen2016",8710
"langkilde2007",8711
"lauritsen1974",8712
"lauritsennd",8713
"levinnielsen1968",8714
"linaa2016",8715
"lindblom2013",8716
"lundhansen1988",8717
"lundo2012",8718
"madsen1982",8719
"mathiesen1922",8720
"mathiesen1927",8721
"mejdahl1993",8722
"moller2008",8723
"nasman1996",8724
"nielsen1984",8725
"nilsen1990",8726
"nilsson2015",8727
"norgaardjorgensen2002",8728
"nyberg1982",8729
"odman2014",8730
"olesen2014",8731
"olsen1969",8732
"pagh2016",8733
"petersen1987",8734
"porsmose1996",8735
"poulsen2015",8736
"riis1999",8737
"rindel2001",8738
"rosch2013",8739
"runge2016",8740
"runge2017",8741
"sanke2001",8742
"schorring2000",8743
"skaarup1997",8744
"skaarup2005",8745
"smed1962",8746
"sonderby1988",8747
"stenak2005",8748
"tarup1934",8749
"thrane1996",8750
"trap1957",8751
"ulriksen2016",8752
"ulriksen2014",8753
"vraengmosejensen2017",8754
"weber1958",8755
"zeeberg2000",198
"zinglersen2004",198
"callmer1990",8756
"mccormic2001a",8757
"halcrow2008",8758
"loyn1977",8759
"bakka1978",8760
"davis1992",8761
"granovetter1985",8762
"gudeman1986",8763
"gudeman2001",8764
"herschend1980",8765
"hirsch1987",8766
"lie1997",8767
"lunden1972",8768
"munksgaard1978",8769
"naumann1987",8770
"sawyer1989",8771
"wilk1996",268
"zafirovski2001",268
"adey2014",8772
"andrushko2011",8773
"beardsley1955",8774
"bergerbrant2007",8775
"binford1980",8776
"bollig1987",8777
"ceruti2004",8778
"cresswell2012",8779
"eerkens2014",8780
"font2012",8781
"frankopan2015",8782
"frei2017",8783
"frobeniusnd",8784
"frobeniusnda",8785
"garnett1945",8786
"gleirscher2004",8787
"greenblatt2010",8788
"gronenborn1999",8789
"heberle1938",8790
"helms1994",8791
"hermes2018",8792
"huntington1996",8793
"jockenhovel1980",8794
"jockenhovel1991",8795
"jockenhovel1995",8796
"jockenhovel1994",8797
"kaufmann2004",8798
"kelly1992",8799
"kelly1995",8800
"kimmig1958",8801
"kootker2016",8802
"krause1988",8803
"lee1966",8804
"ling2014",8805
"lippert2007",8806
"maixner2013",8807
"marshall2015",8808
"melheim2018",8809
"murdock1967",8810
"neaher1979",8811
"neipert2006",8812
"nerlich2009",8813
"oelze2011",8814
"pernter2007",8815
"plomp2017",8816
"podolny2005",8817
"reiter2014",8818
"reiter2015",8819
"schadelindig2003",8820
"scharlotta2018",8821
"scheeres2014",8822
"shellar2018",8823
"sjastaad1962",8824
"stewart2017",8825
"tipple2013",8826
"vandersanden1996",8827
"vandkilde2007",8828
"veblennd",8829
"welsweyrauch1988",8830
"wendrich2008",210
"white2009",210
"beck2013",8831
"blindheim1954",8832
"chase1997",8833
"enright1988",8834
"eriksen2002",8835
"gansum2018",8836
"gjerpe2016",8837
"meulengrachtsorensen2003",8838
"myhrend",8839
"nicolaysenndo",8840
"sala2008",8841
"skyllberg2008",126
"talma1993",126
"warner1987",126
"polanyi1957",268
"swedberg1992b",268
"anderson1998",8842
"asbjornsen1914",8843
"astveit2007",8844
"bangandersen2004",8845
"barth2016",8846
"bjorvand2000",8847
"bjorgo2016",8848
"callanan1906",8849
"christensen1986",8850
"christiend",8851
"vsnd",8852
"clark1975",8853
"derocher2000",8854
"domanska2006",8855
"einbu2005",8856
"finstad2010",8857
"fjellheim2005",8858
"frostatingslova1994",8859
"gibson1979",8860
"giese2013",8861
"gulatingslovi1969",8862
"hansen2005",8863
"hodder2011",8864
"hofseth1980",8865
"hoyer2015",8866
"indrelid2007",8867
"ion1989",8868
"jordhoy2013",8869
"jordhoy2005",8870
"jordhoy2012",8871
"lagaboters1979",8872
"martinsen2016",8873
"molmen1988",8874
"ryd2014",8875
"roed2014",8876
"roed2015",8877
"spiess1979",8878
"vorren1944",8879
"wammer2007",8880
"weber2007",11
"wiberg1987",11
"carlsson2012a",8881
"clareus1999",8882
"conyers2007",8883
"conyers2010",8884
"damiata2013",8885
"daniels2004",8886
"david2008",8887
"gahrn1988",8888
"goodman1993",8889
"goodman2013",8890
"grasmueck2005",8891
"hjulstrom2014",8892
"hjulstrom1920",8893
"ilisch2004",8894
"karlsson2008",8895
"larsson1987",8896
"leckebusch2003",8897
"lindqvist2000",8898
"malmer1982",8899
"neubauer2002",8900
"nordenskjoldnd",8901
"novo2010",8902
"novo2012",304
"poscetti2013",304
"stenberg2006",304
"sundquist2013",304
"viberg2012",304
"urry2007",210
"armstrong1953",8903
"bates2000",8904
"bates2007",8905
"bayer2011",8906
"benedetti2011",8907
"berendsen2000",8908
"bird2010",8909
"bird1985",8910
"bristow2003",8911
"bristow2006",8912
"brivio2000",8913
"brown1997",8914
"burke2008",8915
"butzer1982",8916
"clemmensen2010",8917
"darwin1990",8918
"declercq2012",8919
"fatimarossetti2009",8920
"smedt2011",8921
"denham2008",8922
"deroin2011",8923
"dincauze2000",8924
"doneus2008",8925
"donoghue1988",8926
"embleton1970",8927
"chng2004",8928
"fairbridge1985",8929
"fitch2005",8930
"french2005",8931
"gabler2013",8932
"gaffney2008",8933
"harari1996",8934
"hickin2009",8935
"hodgson1976",8936
"howard2008",8937
"ilves2009",8938
"ilves2012",8939
"jensen1999",8940
"jongmans2007",8941
"kneisel2008",8942
"komar1998",8943
"lasaponara1995",8944
"leopold2010",8945
"linford2006",8946
"lunt2005",8947
"luo2012",8948
"mansfield2007",8949
"mcgraw2014",8950
"mchugh1988",8951
"nau2004",8952
"neal2002",8953
"neubauer2001",8954
"neubauer2004",8955
"proschdanielsen2006",8956
"proulxmcinnis2013",8957
"ramberg2008",8958
"rapp2006",8959
"saey2013",8960
"schrott2008",8961
"short2004",8962
"siart2008",8963
"soil2006",8964
"syvitski1995",8965
"tamura2012",8966
"taylor1996",8967
"trinks2015",8968
"vandam2012",8969
"wegmann2012",8970
"weston2001",8971
"wilkinson2003",8972
"yoshiki2005",8973
"dommasnes1992",8974
"enright1995",8975
"hornfuglesang1989",8976
"kaliff2004",8977
"koktvedgaardzeiten1997b",8978
"larsson2005",8979
"rosengren2007",8980
"eriksen1991",115
"fern2012",115
"kirkup2006",115
"nasstrom1999",115
"sanmark2006",8981
"koivisto1996",8982
"leppaaho1936",8983
"sarasmo1961",8984
"sarkki1976",8985
"cleve1948",8986
"drobin1991",8987
"hirviluoto1976",8988
"honko1960",8989
"huntington1979",8990
"huurre1990",8991
"karvonen1998",8992
"keskitalo1950",8993
"kitzler2000",8994
"kivikoski1961",8995
"kivikoski1963",8996
"lehtosalohilander1988",8997
"mandel2003",8998
"oestigaard2006",8999
"paulaharju1924",9000
"purhonen1998",9001
"palsi1938",9002
"sarkkiisomaa1986",208
"sjoberg1994",208
"tarlow1999",208
"wickholm2005",208
"tacitus1960",9003
"graslund1973",9004
"randsborg1984",9005
"stjernquist1989",207
"blinkhorn1999",9006
"brather1996",9007
"c2006d",236
"filipowiak1993",236
"soren2002",236
"jankuhn1956",236
"janssen1987",236
"kirpichnikov1997",236
"ohlsson1976",236
"sawyer1977",236
"warnke1992",9008
"bjornstad2010",9009
"bjornstad2012",9010
"brandt2011",9011
"excoffier2010",9012
"flodin1989",9013
"forster2003",9014
"halinen2013",9015
"hartnup2011",9016
"hedman2015",9017
"hofreiter2001",9018
"hufthammer2011",9019
"komber1987",9020
"librado2009",9021
"loftsgarden2017",9022
"luik2015",9023
"munch1998",9024
"olivieri2014",9025
"roed2008",9026
"roed2011",9027
"roed2018",9028
"rytter1997",9029
"rytter2007",9030
"schia1986",9031
"skogland1980",87
"star2018",87
"wandeler2007",87
"marstrander1932",9032
"megaw1950",9033
"moore1900",9034
"shetelig1925",9035
"shetelig1945",9036
"shetelig1954",281
"whitelock1967",281
"wilson1974",281
"sorensen1988",125
"arnorsdottir1973",9037
"blackburn2009",9038
"bourdieu1990b",9039
"dalton1977",9040
"ed1984a",9041
"gustin1996",9042
"hedegaard2002",9043
"heijne2004",9044
"horsnaes2000",9045
"kazanskij2007",9046
"kromann1985",9047
"metcalf1997",9048
"mikkelsen2001",9049
"north1990",9050
"odeback2009",9051
"pertznd",9052
"ed1905",229
"vinsrygg1975",229
"schia1989",87
"bertran1991",9053
"cammas1994",9054
"cammas1995",9055
"cremaschi2010",9056
"fitzpatrick1993",9057
"galinie2004",9058
"loveluck2001",9059
"maixner2010",9060
"de1997",9061
"nicosia2014",9062
"schiegl1996",9063
"verslype2004",9064
"wouters2013",9065
"ballantyne1994",9066
"ballantyne1999",9067
"bauge1980",9068
"brandnd",9069
"heggstad1975",9070
"indrebo1936",9071
"jakobsen1936",9072
"mackie2002",9073
"mccullough2000",9074
"nymoen1995",9075
"nymoen1997",9076
"ogrady2008",9077
"paton2011",9078
"palsson2003",9079
"bruce1908",9080
"cant1975",9081
"cleasbynd",9082
"js1914",9083
"coolen2011",9084
"crawford1984",9085
"dodgson1972",9086
"donaldson1958",9087
"edmondstonnd",9088
"fellowsjensen1996",9089
"greignd",9090
"stewart1987",9091
"solvara2002",9092
"waugh2005",9093
"westerdahl2004",9094
"westerdahl2004a",9095
"zoega1910",9096
"peel2009",9097
"riisoy2013",9098
"ringstad2006",9099
"ritchie1997",9100
"sanmark2011",9101
"schlyternd",9102
"barabasi1999a",9103
"freke1992",281
"omgard1980",9104
"taebringmikkelsen1986",9105
"coggins1967",9106
"behrenlubchin1965",9107
"ystadtankbaten1976",9108
"brughmans1989",9109
"worldcatbuttler1991",9110
"cheng2006",9111
"krause2000",9112
"dress2007",9113
"fitzhugh2000a",9114
"forster2006",9115
"gen2008",9116
"graham2006",9117
"hage1991",9118
"isaksen2008",9119
"worldcatjohansen2004",9120
"klincewicz1998",9121
"worldcatkorte2006",9122
"labianca2006",9123
"lebecq2007",9124
"minoux1989",9125
"crossrefmizoguchi2009",9126
"batagelj2005",9127
"randall2001",9128
"randall1994",9129
"worldcatschofield2005",9130
"worldcatsindbaek2010",323
"terrell2010",323
"young2006",323
"valente2005",323
"vince2005",323
"bayley2007",9131
"bech2011",9132
"edwards1999",9133
"escher1976",9134
"higgins1966",9135
"ingstad1985",9136
"jackson2000",9137
"jackson1978",9138
"jordan1980",9139
"linderothwallace2006",9140
"ere2002",223
"morgan1975",223
"rasmussen2010",223
"roussel1941",223
"stonge2000",223
"burstom1993",229
"london1990",9141
"michelmerch1972",9142
"batey1987",9143
"brown2003",9144
"buttler1989",9145
"buttler1991",9146
"crumlinpedersen1984",9147
"driscoll2002",9148
"henry1945",9149
"henry1952",9150
"hubbard1989",9151
"khvoshchinskaya2007",9152
"lane2007",9153
"maclaren1974",9154
"mann1984",9155
"may1948",9156
"mills2007",9157
"osullivan1970",9158
"pearson2001",9159
"rollason2004",9160
"santi2005",9161
"sharples2003",9162
"sidebottom2000",9163
"wallace1981",9164
"wallace1985",9165
"pirenne1938",9166
"meier2001",9167
"cabot2004",9168
"ahlen1994",9169
"collen2011",9170
"devries1961",9171
"duwel2001",9172
"eriksson1991",9173
"gelting2000",9174
"gren2003",9175
"gustavson1995",9176
"hafstrom1962",9177
"iversen2004",9178
"kallstrom2012",9179
"krovel2001",9180
"lamm2006",9181
"lindkvist1979",9182
"ljung2001",9183
"lagaboters1915",9184
"mejsholm1954",9185
"nasman2008",9186
"nelson2013",9187
"norseng1987",9188
"peterson2007",9189
"peterson2012",9190
"stahle1969",9191
"ringstad1989",9192
"ronneseth1975",9193
"selinge1980",9194
"sturluson1995",9195
"stahle1956",9196
"stahle1958",9197
"struck1990",9198
"sundqvist2016",9199
"taranger1913",9200
"vikstrand2015",9201
"vogt2010",9202
"williams1996",9203
"winberg1985",9204
"zachrisson2002a",9205
"aitchson1994",9206
"bagge1989",9207
"ballantyne1999a",9208
"bartlett1994",9209
"brink2003",9210
"brynjulfurnd",9211
"dndiplomatariumnorvegicumnd",9212
"driscoll1998",9213
"driscoll2000",9214
"flatman2010",9215
"fornsok2012",9216
"fridriksson2004a",9217
"wollett2004",9218
"damiata2005",9219
"gelling2000",9220
"gilchrist1995",9221
"glass2011",9222
"glick2005",9223
"groenewoudt2009",9224
"gustafsson2001",9225
"hebede1968",9226
"hellquist1980",9227
"henriksen2001b",9228
"higham1992",9229
"holm2009",9230
"iversen1956",9231
"kulikowski2005",9232
"larsson1995",9233
"goff1988",9234
"liebermann1913",9235
"mehler2012",9236
"moore2005",9237
"narmo1996",9238
"oosthuizen2011",9239
"rippon2004",9240
"rygh1907",9241
"samdal2008",103
"simonsson1984",103
"staf1935",103
"stocking2000",103
"vesteinsson2011",103
"akureyri2001",103
"vestergaard1988",103
"warner1988",103
"widgren1986",103
"skorokhod2017",9242
"smolichev1926",306
"stankevich1962",306
"skorokhod2018",306
"sytyi2006",306
"heid2008",9243
"axboe1991",9244
"bakka1981",9245
"bursche2002",9246
"boe1923",9247
"cipolla1956",9248
"dyhrfjeldjohnsen2013",9249
"engeler1991",9250
"fonnesbechsandberg1985",9251
"fonnesbechsandberg1988",9252
"fonnesbechsandberg1989",9253
"frimannslund1966",9254
"gemici2015",9255
"graeber2011",9256
"guest2008",9257
"hagland1994",9258
"herschend1987",9259
"herschend1991",9260
"humphrey1985",9261
"ingham2004",9262
"innes1913",9263
"innes1914",9264
"kilger2015",9265
"klang2013",9266
"kallstrom2010",9267
"leeper1933",9268
"meikle1994",9269
"munch1956",9270
"munksgaard1956",9271
"naismith2012",9272
"painter2013",9273
"pare2013",9274
"rau2013",9275
"rovelli2012",9276
"ruthstrom1993",9277
"schacht1949",9278
"scull1990",9279
"steuer2013",9280
"stormndd",9281
"voss1955",9282
"wray1999",9283
"zelizer1994",9284
"zimmermann2003",9285
"ashby2012",9286
"blehr1973",9287
"clarke1988",9288
"donaldson1981",9289
"edwards1997",9290
"hunter1982",9291
"hunter1989",9292
"kjoshanssen1973",9293
"macgregor1983",9294
"meiri2013",9295
"morris1985",9296
"smirnova2005b",9297
"solazzo2011",9298
"sommer2009",8
"sykes2011",8
"wasser2008",8
"biggs2014",9299
"bjordal2017",9300
"bradley1991",9301
"collis1995",9302
"dumville1977",9303
"feldman1975",9304
"fulk2014",9305
"grant1986",9306
"green1965",9307
"gutsmiedlschumann2018",9308
"gothberg2018",9309
"hall2006",9310
"heaney2001",9311
"heinertz1925",9312
"hodder1976",9313
"hardh2002",9314
"ilkjaer2001",9315
"imer2010",9316
"indrebo1932",9317
"jorpeland2018",9318
"klaeber1950",9319
"klaeber2014",9320
"lindkvist2003a",9321
"ljungkvist2017",9322
"malmros1999",9323
"malone1962",9324
"neidorf2013",9325
"neidorf2014",9326
"neidorf2017",9327
"nerman1942",9328
"niles2007",9329
"nasman1999",9330
"osborn2007",9331
"ostmo2018",9332
"pilo1993",9333
"pohl2009",9334
"rau1955",9335
"reichert1987",9336
"reichert1990",9337
"rix2015",9338
"sawyer1991",9339
"schlesinger1965",9340
"schnetz1990",9341
"scull2016",9342
"seiler2018",9343
"steuer2006",9344
"sundqvist2018",9345
"svennung1974",9346
"sorensen1982",9347
"talbot1954",9348
"taranger1934",9349
"teigen2007",9350
"wikborg2018",9351
"wolfram1971",9352
"wolfram2008",9353
"wolfram2009",9354
"wolfram2011",9355
"wood1994",9356
"wood1977",9357
"aarsleff1955",233
"fuglesang1985b",233
"cunliffe2002",9358
"edwards1917",9359
"espelund2013",9360
"frank1998",9361
"harding2013",9362
"harris2003",9363
"holm2005",9364
"metcalf1995",9365
"trakadas2014",9366
"tschan2002b",65
"vosmer2014",65
"uws2004",9367
"wray2004",9368
"ahmad2006",9369
"aikawafaure2009",9370
"ankersmit2009",9371
"ashworth2007",9372
"bender1993",9373
"bender2007",9374
"m2002",9375
"bhaskar1989",9376
"binford1962",9377
"bohm2001",9378
"bohm2008",9379
"w2006",9380
"braudel1949",9381
"braziel2003",9382
"carman2002",9383
"chakrabarty2009",9384
"cheape2009",9385
"clark1936",9386
"clark1954",9387
"crossland2005",9388
"crutzen2002",9389
"dawdy2009",9390
"dixon2005",9391
"domanska2009",9392
"domanska2010",9393
"durkheim1904",9394
"dybdahl2010",9395
"eagleton2000",9396
"edgeworth2010",9397
"t2006",9398
"flannery1973",9399
"foley2005",9400
"fraiture2010",9401
"fraiture2009",9402
"fraser2000",9403
"fraser2001",9404
"fukuyama2002",9405
"gibbon1989",9406
"grosjean2007",9407
"hacking1999",9408
"haraway2008",9409
"harman2010",9410
"harrison2009",9411
"hodder1987",9412
"hodder1999",9413
"holmberg2008",9414
"holtorf2007",9415
"holtorf2011",9416
"hyenstrand1988",9417
"jenkins2004",9418
"jong2008",9419
"kirshenblattgimblett1994",9420
"kirshenblattgimblett2004",9421
"kolen2009",9422
"kotchen2007",9423
"kristiansen2002",9424
"kurin2004",9425
"labinger2001",9426
"lakatos1973",9427
"latour1993",9428
"latour2003",9429
"latour2005h",9430
"levistrauss1962",9431
"lowenthal1985",9432
"madsen1900",9433
"mason2000",9434
"moberg1977",9435
"mullerndc",9436
"mullerndd",9437
"nilsen2003",9438
"nummedal1912",9439
"nussbaum1999",9440
"naess1973",9441
"oestigaard2004",9442
"oestigaard2007",9443
"olsen1986",9444
"olwig2001",9445
"parkerpearson2006",9446
"parkin1999",9447
"partner2009",9448
"periman2006",9449
"petersennd",9450
"pickering1993",9451
"pickering1994",9452
"piotrowski2006",9453
"pollard1998",9454
"rorty1989",9455
"rose2007",9456
"ruddiman2003",9457
"ruddiman2005",9458
"samuel1994",9459
"sanden2008",9460
"schanche1983",9461
"schwandt1994",9462
"serres1995",9463
"shanks2010",9464
"skolimowski1974",9465
"skounti2009",9466
"sloterdijk2009",9467
"smail2007",9468
"snow1959",9469
"snow1966",9470
"solli1989",9471
"spiegel2009",9472
"steinberg2002",9473
"stotz2008",9474
"svestad1995",9475
"terrill2008",9476
"todorov1993",9477
"tvedt2010",9478
"waterton2006",9479
"watson1971",9480
"weisman2007",9481
"welinder1986",9482
"white1949",9483
"white1959",9484
"willey1958",9485
"wolfe2010",9486
"zalasiewicz2008",9487
"zalasiewicz2010",9488
"blindheimnd",203
"ka1999",203
"ka1995",203
"almgren1904",9489
"eibl2005",324
"ernst1989",9490
"faull1976",324
"zielonka1957",324
"zydok2004",324
"bergsveinn2007",9491
"granzweig2018",9492
"harding1977",9493
"mullerwille1987",9494
"murphy2008b",137
"pettersson1991",137
"duwel1995",137
"souers1937",235
"becker1973",9495
"keay2014",9496
"evans2015",9497
"stott2018",9498
"kjaer2018",9499
"trier2019",9500
"guyot2018",9501
"rizaldy2018",9502
"colgan2012",9503
"liu2017",9504
"meng2012",9505
"jain1997",9506
"chen2014",9507
"breiman2001",9508
"belgiu2016",9509
"strobl2009",9510
"flemming2007",9511
"rosenkranz2015",9512
"vennersdorf2017",9513
"mitchell1988",9514
"vanderwalt2014",9515
"illingworth1987",9516
"cerrillocuenca2017",9517
"schubert2017",9518
"ester1996",9519
"freeland2016",9520
"trier2009",9521
"kvamme2016",9522
"verdonck2016",9523
"lewis1995",9524
"bryant1987",9525
"guisan1999",9526
"korsgaard2004",9527
"dereu2013",9528
"riley2017",9529
"knudsen2012",9530
"jakobsen2017",9531
"andersen1992",9532
"pedregosa2011",9533
"steffensen2014",9534
"marmol2004",9535
"tsai2008",9536
"andreasen2016",9537
"french2010",9538
"grieve1992",9539
"french2018",9540
"davis2019",9541
"lambers2016",9542
"traviglia2016",9543
"lambers2019",9544
"trier2016",9545
"zingman2016",9546
"verschoofvandervaart2019",9547
"zhu2006",9548
"benediktsson1997",9549
"sevara2018",9550
"fortidsminder2018",9551
"petersen2015",9552
"biermann2016",9553
"harck1986",9554
"overgaard2016",9555
"harck1990",9556
"hoy1991",9557
"wu2016",9558
"certini2013",9559
"zhang2018",9560
"silburt2019",9561
"hanson2012",9562
"cowley2012",114
"sevara2013",114
"jonsson2007",9563
"saxe1970",137
"blochnakkerud1994",9564
"blom1991",9565
"christophersen1974",9566
"frostatingslovahagland1994",9567
"indrelid1988",9568
"jouttijarvi1991",9569
"loftsgarden2011",9570
"lyngstrom2009",174
"mjaerum2007",174
"pilo2013",174
"pilo2012",174
"pleiner1989",174
"bagge2008",9571
"brink2008ag",9572
"ekrem1998",9573
"evenstadnd",9574
"gundersen2016",9575
"gunnarsdottir1999",9576
"hoeg1996",9577
"hougen1930",9578
"jacobsen2005",9579
"jordhoy2007",9580
"larsen2009",9581
"magnus2005",9582
"moen1998",9583
"orning2008",9584
"ostrom1990",9585
"risbol2005",9586
"saetren2011",9587
"salvesen1969",9588
"sevatdal1985",9589
"solem2004",9590
"stenseth2005",9591
"ruralia2005",92
"wangen2006",92
"jorgensen1986",203
"alsleben2009",9592
"andreasson2010",9593
"behre1976",9594
"behre1978",9595
"billing1998",9596
"bjorkman2007",9597
"eggen1991",9598
"farrar1998",9599
"fredskild1971",9600
"fruergaard2005",9601
"gleason1994",9602
"greig1996",9603
"harild2007",9604
"heimdahl2009",9605
"heimdahl2010",9606
"helbaek1958",9607
"henriksen2008",9608
"hjelmqvist1963",9609
"holmboe1927",9610
"jacomet1988",9611
"jensen1979",9612
"karg2007",9613
"karg2010",9614
"karg2012",9615
"karg2002",9616
"kirleis2011",9617
"knorzer1999",9618
"kolstrup2009",9619
"korbergrohne1987",9620
"kroll1986",9621
"kroll1987",9622
"kroll2007",9623
"lageras2003",9624
"lange1997",9625
"lundquist2006",9626
"moffett2006",9627
"moltsen2005",9628
"moltsen2009",9629
"nielsen2010",9630
"pettersson2002",9631
"ramskou1974",9632
"regnell2001",9633
"strank2008",9634
"tollin2005",284
"vanderveen2005",284
"stene2014",92
"berg1983",9635
"berglund2015",9636
"bjorkbom1907",9637
"cabouret1989",9638
"emanuelsson2001",9639
"erixon1918",9640
"erixon1956",9641
"frodin1925",9642
"hellstrom1917",9643
"indrelid1994",9644
"kvamme1988",9645
"lofgren1982",9646
"marsden2005",9647
"montelius1977",9648
"nyman1952",9649
"olsson1998",9650
"prescott1995",9651
"sandnes1989",9652
"sandnes1991",9653
"schug2010",9654
"styhre2013",9655
"svensson2015",240
"wennersten2002",240
"whatmore2002",240
"asc1961",9656
"baker2010",9657
"bjornskov2013",9658
"blackburn2014",9659
"blair2014",9660
"campbell1986",9661
"congleton2015",9662
"faith2014",9663
"freudenthal1944",9664
"gillingham1989",9665
"gundlach2019",9666
"hendrickson2018",9667
"hillman2019",9668
"hobbesnd",9669
"keynes1986",9670
"konrad2012",9671
"lambert2017",9672
"lawson1984",9673
"lawson2014",9674
"leeson2007",9675
"miller2014a",9676
"mostert2014",9677
"olson1965",9678
"olson2000",9679
"ormrod2000",9680
"pelteret2014a",9681
"piano2019",9682
"powell2009",9683
"salter2015",9684
"spejlborg2016",9685
"vahabi2011",9686
"vahabi2016",9687
"wareham2012",88
"whitelock2007",88
"yorke2014b",88
"young2016",88
"young2018",88
"adam1917",9688
"grammaticus1979",9689
"bruunnd",9690
"brogger1937",9691
"isleifsson2011",9692
"keegan1987",9693
"references2006",9694
"einarsson2007",9695
"rafnsson1990",9696
"rockman2010",9697
"steele2003",9698
"sigurgeirsson2013",9699
"smith2005",9700
"sveinbjarnardottir1992",9701
"vilhjalmsson1989",325
"walter2010",325
"thorarinsson1943",325
"thorarinsson1977",325
"thordarson1909",325
"lenzen2012",9702
"frachetti2017",9703
"hoffmann2002",9704
"orton2011",9705
"gohring2016",9706
"sundby2008",9707
"opdal2010",9708
"nedkvitne2016",9709
"pauly1995",9710
"jackson2001",9711
"lotze2009",9712
"nielsen2017",9713
"arndt2003",9714
"boessenkool2009",9715
"schroeder2015",9716
"kayser2011",9717
"bradbury2013",9718
"knutsen2010",9719
"selkoe2016",9720
"hutchinson2015",9721
"bradbury2010",9722
"hemmerhansen2013",9723
"sodeland2016",9724
"berg2016",9725
"kirubakaran2016",9726
"barney2017",9727
"hilberg2014f",9728
"orton2014",9729
"nielssen2016",9730
"wickler2014",9731
"ma2012",9732
"green2009",9733
"jonsson2013",9734
"pinhasi2015",9735
"prinz2007",9736
"boessenkool2017",9737
"carpenter2013",9738
"speller2012",9739
"moss2014",9740
"olafsdottir2014",9741
"grealy2016",9742
"nikulina2016",9743
"moss2016",9744
"hoffmann2004",9745
"kirkpatrick2010",9746
"hutchinson2001",9747
"arnason2015",9748
"sorheim2016",9749
"wright2006",9750
"skjaeraasen2011",9751
"barth2017",9752
"knutsen2003",9753
"jorde2007",9754
"neuenfeldt2013",9755
"nielssen2009",9756
"schmolcke2004",9757
"barrett2015",9758
"cooper2000",9759
"star2016",9760
"schubert2014",9761
"lindgreen2012",9762
"star2011",9763
"torresen2017",9764
"li2009",9765
"mckenna2010",9766
"purcell2007",9767
"korlevic2015",73
"damgaard2015",73
"alt1998",9768
"anz1998",9769
"arcini1991",9770
"boylstone2000",9771
"brather2009",9772
"carlsson1990",9773
"duwel1987a",9774
"ebel1987",9775
"finucane2008",9776
"floderus1927",9777
"garve2011",9778
"harke2003",9779
"hoffmann1989",9780
"kattinger1999",9781
"kjellstrom2014",9782
"kunzler1999",9783
"kyhlberg1991",9784
"kyll1964",9785
"lykiardopoulos1981",9786
"malarstedt1979",9787
"milner1991",9788
"mortagua2006",9789
"onasch1981",9790
"philpott1991",9791
"pettersson1966",9792
"molina1970",9793
"ruprecht1958",9794
"salin1952",9795
"sandholm1965",9796
"g2000",9797
"staecker1997",9798
"staecker1998",9799
"staecker2000",9800
"stewart1944",9801
"stewart1946",9802
"svahnstrom1984",9803
"thunmarknylen2004",9804
"taylor2008",9805
"vukovic2009",9806
"westholm1989",9807
"wilke1931",9808
"wilson1992",9809
"yrwing1992",9810
"yrwing1994",9811
"zipp2010",9812
"abels2003",9813
"ager2008",9814
"valante1998",9815
"naismith1995",9816
"danecek2011",73
"adams1981",9817
"ayres1985",9818
"barnosky2004",9819
"binford1997",9820
"brandner1998",9821
"catton1980",9822
"cooke1931",9823
"culbert1988",9824
"dalan1997",9825
"dalton2000",9826
"diamond1968",9827
"flenley2002",9828
"flenley1984",9829
"hughes1975",9830
"jacobsen1958",9831
"jevonsnda",9832
"kirch1984",9833
"lopinot1985",9834
"mccoy1976",9835
"malthusnd",9836
"meggers1954",9837
"milner1990",9838
"mulloy1970",9839
"phillips1979",9840
"ponting1985",9841
"rees2004",9842
"rescher1978",9843
"sanders1962",9844
"sanders1963",9845
"sheets1999",9846
"steadman1989",9847
"steadman1995",9848
"steadman1994",9849
"tainter2000",121
"turner1974",121
"vanandel1990",121
"vantilburg1994",121
"banfield1974",9850
"m1962",9851
"cleland1973",9852
"corbeil2000",9853
"fitzhugh1994",9854
"harp1975",9855
"laeyendecker1993",9856
"laver1983",9857
"lee1968",9858
"maryrousseliere2002",9859
"mccartney1973",9860
"meldgaard1962",9861
"myrvoll1985",9862
"odess2000",264
"bstergard1948",264
"park1951",264
"plumet1982",264
"ellesmere2000",264
"brandt2012",299
"hardt2003",9863
"kramer1984",211
"schwank2013",211
"blackburn1986",9864
"kershaw2023",9865
"redknap2003",9866
"wallace2015",9867
"reuter1992",147
"redknap2009",147
"blackburn2006",147
"agersnaplarsen2011",211
"schovsbo2013",211
"felixnd",9868
"aspeborg2005",9869
"birddavid1999",9870
"bullough1983",9871
"burnell1999",9872
"cannon1989",9873
"chandler2010",9874
"effros1997",9875
"einsenschmidt2004",9876
"gibbon2007",9877
"halsall1995a",9878
"hamilton2006",9879
"harvey2006",9880
"thorlaksson1978",9881
"gestsdottir1998",9882
"innes2000",9883
"jochens1999",9884
"lastovicka2013",9885
"marshall1950",9886
"patterson1982",9887
"prothero2002",9888
"radin1986",9889
"shapland2012",9890
"steinunnkristjansdottir2004",9891
"stocker1993",9892
"stromback1975",9893
"zugaiar2012",9894
"geolog1947",9895
"hagberg1967",9896
"hagberg1961",9897
"holmberg1969",9898
"lamm1995",9899
"hamilton2007",9900
"hamilton1996",9901
"hamilton2008",9902
"karlsson2005",9903
"olson2004",9904
"wernerson1996",9905
"annuswer2003",9906
"annuswer2007",9907
"annuswer2002",9908
"arrhenius2011a",9909
"jorpeland2008",9910
"jorpeland2003",9911
"brereton1987",9912
"brink1987",9913
"calissendorff1966",9914
"capelle1995",9915
"carlie2009",9916
"damell2007",9917
"eliade1991",9918
"ericsson2008",9919
"fritsch2004",9920
"hedblom1958",9921
"hedman1989",9922
"holmqvist1980",9923
"hultgard1996",9924
"karlenby2007",9925
"karlsson2007",9926
"lindkvist2007",9927
"lindqvist1910",9928
"lindstromnd",9929
"hansen2011",9930
"lundholm1947",9931
"nordberg2011",9932
"nordberg2008",9933
"olsson1993",9934
"petre2011",9935
"schovsbo1987",9936
"stjernquist1962",9937
"stjernquist1967",9938
"stahle1946",9939
"vonsydow1978",9940
"wessen1923",326
"victor2005",326
"widengren1969",326
"vikstrand2011",9941
"zachrisson2009a",326
"orsnes1964",326
"ehrlich1968",121
"ambrosiani1957",9942
"arnbrosiani1981",9943
"arbmann1940",9944
"backstom2008",9945
"backstrom2003",9946
"bengtzon2001",9947
"booth2008",9948
"floden1993",9949
"friberg1998",9950
"harim2003",9951
"henkel2004",9952
"holmquistolausson1982",9953
"hyenstrand1991",9954
"icomos1993",9955
"kristiansson1996",9956
"lindqvist1928",9957
"linford2010",9958
"lyatski2004",9959
"masters1998",9960
"mellinnd",9961
"nerman1918",9962
"olsson2006",9963
"riksantikvarieambetet2007",9964
"stavrum1997",9965
"stolpende",9966
"trinks2012",9967
"trotzig1993",9968
"wahlander1998",248
"wedmark1999",248
"fridriksson2015",9969
"kershaw2015",184
"magnus2009",248
"hart1995",327
"brodersen1967",9970
"eksnd",9971
"nielsenadamsen1991",9972
"feveile1948",9973
"beretninger1997",9974
"andersen1943",9975
"andersenklindtjensennielsen1970",9976
"nielsen1943",9977
"christensen1982",9978
"lindqvist1920",9979
"beretningved1998",9980
"madsen1994",9981
"orsneschristensen1955",9982
"albrectsen1951",9983
"ottaway2004",9984
"adamsen2003",9985
"albrethsen2003",9986
"andersen1970",9987
"axboe1989",9988
"baeksted1972",9989
"christensen1928",9990
"christoffersen1987",9991
"cosack2005",9992
"ethelberg1986",9993
"grambo1999",9994
"hansen2009",9995
"hansen1995",9996
"hultgard1999",9997
"hoj2004",9998
"jennbert2002a",9999
"jensen1998",10000
"lindqvist1921",10001
"lyngstrom1989",10002
"neergaardnd",10003
"nerman1917",10004
"ravn1989",10005
"ravn2008",10006
"sparrevohn2007",10007
"steinsland2000",10008
"stoumann2009",10009
"ulriksen1999",10010
"orsnes1988",328
"sparrevohn2006",328
"sorensen1998",328
"sorensen1993",328
"arcini1999",10011
"beckra2007",10012
"bolender2007",10013
"bolender2010",10014
"braudel1972",10015
"braudel1980",10016
"bynum1995",10017
"chesson2001",10018
"daniell1997",10019
"frioriksson2001",10020
"geake1995",10021
"gejvall1960",10022
"gestsdottir2014",10023
"gilchrist2015",10024
"hadley2010",10025
"halvorsen2008",10026
"harding2005",10027
"joyce2001",10028
"karlsson2004",10029
"mejsholm2008",10030
"meskell1998",10031
"meskell2001",10032
"thorlaksson2005",10033
"rindal1996",10034
"scott2011",10035
"sellevold2004",10036
"sellevold2008",10037
"sewell2005",10038
"sewell1996",10039
"sigurosson2003",10040
"sigurosson2014",10041
"stefansson1975",10042
"stefansson1978",10043
"steffensen1943",10044
"steinberg2016",10045
"sveinbjarnardottir2001",10046
"tsaliki2008",10047
"vilhjalmsson1995",10048
"zadorario2003",10049
"zoega2014",10050
"zoega2015",10051
"zoega2007",10052
"zori2007",10053
"beckerchristensen1981",10054
"belford2017",10055
"dobat2005",10056
"dorey1969",10057
"ethelberg2012",10058
"ethelberg2017",10059
"gudeman1900",10060
"harck1998",10061
"haseloff1937",10062
"kramer1992",10063
"kramer1995",10064
"madsen2008",10065
"maluck2017",10066
"maluck2016",10067
"muller1903",10068
"nunn2009",10069
"schindel1999",55
"spring2015",55
"witte2018",55
"ambrosiani2003",10070
"arrhenius1978",10071
"berthelon2007",10072
"boytrup2013",10073
"danielsson1973",10074
"glover2003",10075
"culture1985",10076
"kingnd",10077
"malmer2010",10078
"mikkelsen2012",10079
"negmatov1999",10080
"nicholson2000",10081
"noonan1990",10082
"rezakhani2010",10083
"schumann2011",10084
"trotzig1969",10085
"witte2017",55
"vangennep1960a",27
"thorgilsson2006",27
"aschehougnd",10086
"benderjorgensen1999",10087
"bjorgo2005",10088
"bjorgo1992",10089
"harrington2008",10090
"kaland1979",10091
"lonning1976",10092
"mortensen1994",10093
"mortensen1997",10094
"martensen2006",10095
"ramstad1981",10096
"tveiten2011",10097
"warburg1974",10098
"oye1986",10099
"oye2010",10100
"beckerlfred1973",10101
"rdh2007",10102
"hauckarl1970",10103
"bertil2004",10104
"hel2011",10105
"herschendrands1996",10106
"er2001",10107
"lars2015",10108
"lars2012",10109
"lars1998",10110
"lars2004",10111
"erle1994",10112
"vist1925",10113
"edith1966",10114
"martensir1988",10115
"sig2011",10116
"bernhard1913",10117
"von2000",10118
"derberg2005",10119
"stephenseorgend",10120
"sund2002",91
"thunarknlnlena2006",91
"klevnas2007",26
"rundkvist2007",10121
"rundkvist2006",10122
"randers1981",10123
"ramstad2011",10124
"roesdahl1978",328
"beckmanthoor2002",10125
"bolin1999",10126
"damell1971",10127
"damell1999",10128
"damell2000",10129
"dybecknd",10130
"florin1963",10131
"forssander1933",10132
"gumaeliusnd",10133
"gothberg1998",10134
"hammar1983",10135
"hauptmanwahlgren2002",10136
"jensen1997",10137
"jonsson1986",10138
"lindqvist1912",10139
"oldeberg1974",10140
"schnell1963",10141
"sundqvist1993",10142
"vonsydow1926",10143
"thedeen2003",329
"wahlfisknd",329
"welinder1990",329
"weiler1999",329
"wigren1987",329
"bjelland2006",10144
"carty2005",10145
"jansson1962",10146
"jeffrey2005",10147
"kitzlerahfeldt2002",10148
"kitzlerahfeldt2008",10149
"kitzlerahfeldt2009",10150
"manneke1984",10151
"mahl1990",292
"oehrl2008",292
"sileniuslarsen2009",292
"snaedal2002",292
"snaedal2005",292
"walderhaug1998",292
"widerstrom2002",292
"bildsteine1941",292
"dating2006",292
"andreeff2012a",10152
"backdanielsson2009",10153
"goldhahn2008",10154
"hoilundnielsen2009",10155
"lindgren2008",10156
"oestigaard2013",10157
"thate2009",10158
"thedeen2010",10159
"wessman2007",10160
"jefrey2005",10161
"clarke2001",10162
"dietler1996",10163
"erlendsson2009",10164
"gestsdottir2001",10165
"ottir1989",10166
"olafsson1979",10167
"palsdottir2008",10168
"rosenswig2007",10169
"roussell1943",252
"stenberger1943",252
"wiessner2001",252
"samnordiskruntextdatabas2005",10170
"andersson2013",10171
"baug2007",10172
"belmont2011",10173
"bjorck2009",10174
"drobin1986",10175
"ek1993",10176
"elfwendahl2001",10177
"elfwendahl1993",10178
"gumaeliusnda",10179
"hallgren2004",10180
"hallgren2005",10181
"hansson1997",10182
"hedblom1996",10183
"hermodsson2009",10184
"junkelmann1997",10185
"kresten1996",10186
"kresten1998",10187
"kresten1994",10188
"lamm2008",10189
"lantmateriet2013",10190
"larsson2012",10191
"lindalv1980",10192
"lundhansen2011",10193
"lothman2004",10194
"mellquistdanielson2011",10195
"myrdal2003",10196
"nilsson1988",10197
"olausson2000",10198
"persson1997",10199
"pettersson1977",10200
"pettersson1980",10201
"rinnman2013",10202
"zachrisson2013",10203
"kermode1907",235
"bratt2011",10204
"eilersgaardchristensen2011",10205
"berg1968",10206
"berglund1991",10207
"bertelsen1979",10208
"bertelsen1995",10209
"bertelsen2005a",10210
"boserup1965",10211
"boserup1981",10212
"brush1987",10213
"vries1974",10214
"hasund1919",10215
"hasund1924",10216
"helle1995",10217
"holm1995",10218
"holm2005a",10219
"holmsen1961",10220
"holmsen1940",10221
"iversen1997",10222
"jirlow1970",10223
"lerche1994",10224
"lunden2004",10225
"martens2009",10226
"munch1966",10227
"myrdal1985",10228
"stockholm1997",10229
"myrdal1999",10230
"orrman2003",10231
"porsmose1981",10232
"porsmose1987",10233
"ramskou1981",10234
"ramskou1975",10235
"sandnes1978",10236
"schmidtsabo2001",10237
"schmidtsabo2005",10238
"steensberg1956",10239
"svartkristiansen2005",10240
"svartkristiansen2006",10241
"valensendstad1964",10242
"oye2003",10243
"oye2005",10244
"bergen2011",238
"zachrisson2006",238
"bergstol2003",238
"villages1968",238
"amorosi1996",10245
"andersen1997",10246
"arneborg1993",10247
"christiansen1997",10248
"degerbol1929",10249
"degerbol1936",10250
"degerbol1941",10251
"andrew2009",10252
"einarsson1984",10253
"einarssonbjarni2011",10254
"gardarsdottir2008",10255
"gerstenberger1997",10256
"guy2010",10257
"gwiazda2005",10258
"johannesson1946",10259
"jonsson1930",10260
"kamenov2008",10261
"krahl2010",10262
"ljungqvist2005",10263
"mcgovern2001",10264
"miksic2013",10265
"norlund1930",10266
"oomen2002",10267
"outridge2003",10268
"palsdottir2010",10269
"robinson2004",10270
"roussell1936",10271
"seaver2009",10272
"sinclair2007",10273
"smiarowski2009",10274
"smiarowski2013",10275
"stefansson1993",51
"sveinbjornsdottir2004",51
"whitehouse1998",51
"borsheim2001",10276
"clover1986",10277
"coleman2014",10278
"conkey1984",10279
"gero1991",10280
"hofseth1999",10281
"heernes1984",10282
"jochens2002",10283
"kershaw1989",10284
"laqueur1990",10285
"mortensen2004",10286
"mundal2014",10287
"njalssoga1975",10288
"riisoy2016",5
"sanmark2014",5
"sigurdardottir2002",5
"sigurdsson2010",5
"jorgensen1997a",234
"zachrisson2004a",28
"cluniesross1998",10289
"ryan1987",10290
"wilson1955b",10291
"mulk1997",243
"jons1997a",10292
"thunmarknylen2006a",230
"ljungkvist2011a",191
"ulriksen2011a",10293
"robberstad1937",10294
"hagland1978",239
"dyrhaug1981",239
"rigsantikvarensarkaeologiskesekretariat1987",10295
"suchodolski2002",147
"bulska1996",285
"dennis1980a",239
"killock2008",72
"murphy2008",10296
"goody1986",10297
"christensenetal1992",10298
"hungrvaka2002",184
"kjalnesingasaga1959",184
"gulathinglaw1994",19
"ibnfadlan2012",19
"price2006c",10299
"pricemortimer2014",91
"neiss2007",230
"askvikresi1984",10300
"waterbolk1990",10301
"kalmring2010f",49
"kalmring2010g",49
"tomasson1996",119
"simek2006",10302
"westerdahl2010",10303
"strinngolm2007",249
"christensen1991b",10304
"larsensorensen2005",10305
"andersenetal1985",10306
"sikora2013",100
"eriksenetal2009",10307
"hafsaas2007",10308
"esverwers1980",220
"gerrets2012",220
"skre2007b",220
"egebjerghansen1992",155
"egilssaga1888",155
"edvardsson2005b",10309
"edvardssonmcgovern2007",10310
"macgregoretal1999",10311
"magery1958",10312
"magnusson1886",10313
"alenstampetersson1952",10314
"baastruppetersen2010",10315
"baastrup1990",10316
"petersen1940a",10317
"jensenmoller2009",10318
"wilson1960b",10319
"nielsen2002b",10320
"boguckijagodzinski2012",100
"kulakov2005",10321
"kleemann1939b",251
"stankus1995b",289
"forssander1943",10322
"feveile2006a",10323
"riddersporre1989",185
"andersen2009a",185
"fidjestol1994a",239
"gurevich1963",251
"thunmarknylen1995a",251
"junker2003a",251
"kulakov1994a",251
"capelle2003a",207
"ambrosiani1996a",167
"plather2011",167
"ljungkvist2008a",10324
"steuer2002a",157
"pedersen2014a",157
"zachrisson2009",38
"wessen1940",38
"skre2013",10325
"billig1995a",10326
"hate1996",201
"feveile2010a",256
"paterson2002",143
"reimer2013a",116
"stamsomunch1970",10327
"skibstedklaesoe1999",203
"segschneider2016",277
"myrberg2008a",83
"hammarberg1989",276
"harrison2014a",10328
"simms1998",10329
"leciejewicz1962",101
"leciejewicz1979",101
"riabinin1994a",288
"ostigard1985",154
"solberg1985a",154
"zachrisson2011a",10330
"zachrisson2012a",10331
"thorarinsson1981",119
"jankowiak2012",266
"larsson2004a",91
"orton1993",64
"jones2003a",64
"warmind1995a",10332
"christensen1983a",170
"boivin2000",265
"vanhouts1999",265
"sofaerderevenski2000a",265
"tringham1994",265
"brinchpetersen2006",216
"harck1997",10333
"ahlinsundman2012",161
"adamofbremen1959",134
"sawyer2006",249
"dersarkissian2013",253
"mulk1991",243
"kitzlerahfeldt2012",36
"stummannhansen2003",10334
"price2008b",10335
"smallwood2007",10336
"downham2017",10337
"braconi2005",10338
"hadley2016a",10339
"worldhealthorganization2018",10340
"addyman1969",10341
"addyman1972",10342
"ballinsmith1994",8
"wallerstrom1997",81
"ostmo2000",81
"fridriksdottir1991",10343
"brondsted1962",147
"adamsgilmour2010",64
"baeksted1952",10344
"snaedalbrink1984",10345
"morris1892",27
"grandtnielsen1974",198
"norgardjorgensen2011",14
"latour1984",10346
"ofloinn2001",10347
"birkedahlchristensen1924",10348
"henriksen1982",10349
"rispling2000",10350
"mollerhansen2000",10351
"roesdahl1986",10352
"wamers1997a",10353
"back1963",10354
"helgesson1987",10355
"jorgensen1980",10356
"jorgensen1980a",10357
"wilson1960a",1
"brondsted1924a",10358
"christiansen1948",10359
"christensen1992a",10360
"klaesoe1994",10361
"klaesoe1995",10362
"klaesoe2002",10363
"kleingartner2010",10364
"mullerwille2005",10365
"odell1959",10366
"schulke1992",10367
"sindbaek2012a",10368
"steuer2010",178
"lundhansen1987",178
"vraengmosejensen2008",178
"mullerwille1978a",178
"ocorrain2001",75
"norderang2004a",10369
"denooy2005",10370
"snorristurluson1964",109
"larsson1873",10371
"carroll2014",10372
"coleman2014a",10373
"henriksen2013a",10374
"leahy1997a",225
"fischer2008a",189
"arents2010a",168
"voncarnapbornheim2007a",49
"christensen1991a",170
"jacobsen1942a",170
"ambrosiani1994a",164
"holmquist2015",164
"jeppesen1988",164
"risberg1997",164
"vickers1975",164
"hardh2001a",167
"nielsen1999",234
"iaea2006",209
"fagerlund1993a",308
"hammarberg1976",206
"gansum1998",291
"andersen1970a",206
"englert2009",14
"ambrose1999",119
"robinson2006",274
"norrman2008a",10375
"karnell2012a",10376
"jansson2007",188
"macane2001",269
"vonamira1933",10377
"pestell2003",10378
"hanks1989",10379
"knappett2008a",10380
"rhiel1996",10381
"dahlback1984",10382
"lundqvist1997a",10383
"jensen1995",10384
"faulkes1998",10385
"ingold1988",190
"pahlsson1984",243
"hauksson1972",10386
"roberts2005",10387
"bjorklund2015",10388
"bjorklund2014",10389
"ilumae2016",165
"zoega2013",10390
"mauritsen1982",277
"richards2000a",173
"gunther2015",193
"blifeld1977a",306
"hellesolesen1992a",130
"snorristurluson1997",15
"rcahms2011",150
"mullermertens1999",10391
"grahamcampbell1995a",281
"rogerson1995",10392
"wademartins1980",10393
"williams1979",10394
"emery2007a",10395
"hall1989a",10396
"dodd2003",10397
"cunliffe1977",10398
"audouy2009",10399
"king1978",10400
"carver1978",10401
"coggins1983",10402
"tylor2005",10403
"carver1981",10404
"mahony1982",10405
"gardiner1990",10406
"rogerson1984a",10407
"hurst1983",79
"dalwood1992",79
"mainman2000a",79
"loveluck2007a",79
"gould1967",79
"schoknecht1977a",10408
"herrmann2005a",10409
"andersson1994",221
"tacitus1999a",10410
"jorgensen2009a",10411
"lundborg2006a",167
"lynnerup2014a",54
"price2005a",10412
"skre2011c",268
"ahlback1990",10413
"hansen1979",10414
"andren1957",10415
"anglert1993",10416
"asad1993",10417
"backdanielsson1999",10418
"bergner1987",10419
"beskow1964",10420
"bostrem1995",10421
"dentz2000",10422
"dillman1997",10423
"duczko1993",10424
"edsman1967",10425
"eisenhofer1950",10426
"fehn1958",10427
"gallen1957",10428
"gjerlow1960",10429
"helander1974",10430
"helander1993",10431
"holmberg1991",10432
"hultgard1992",10433
"tregren1989",10434
"jansson1998",10435
"arkeologisk1981",10436
"holmbick1933",10437
"johansson1965",10438
"olsen1993",10439
"klackenberg1992",10440
"kousgardsorensen1989",10441
"lindgren1987",10442
"molland1976",10443
"nilsson1987",10444
"norberg1958",10445
"nasstrem1996",10446
"rentzhog1987",10447
"smith1987",10448
"steinsland1986",10449
"steinsland1998",10450
"strembick1935",10451
"sundqvist1998",10452
"sverdrup1942",10453
"sederberg2001",10454
"ullen1983",330
"wessen1929",330
"miiller1991",330
"wikman1957",330
"devries1970",330
"fran2006",10455
"arwillnordbladh2005",10456
"fernstal2004",10457
"grislund2002",10458
"grislund2005",10459
"gustavson2000",10460
"vanhouts2001",10461
"lykke2003",10462
"mckinnell2003",10463
"vonmiiller1956",10464
"sundgvist1998",10465
"sundqvist2005",10466
"ortnamnslexikon2003",10467
"sorlin2001",10468
"widmark1995",10469
"barndon1995",10470
"bjornstad2003",10471
"burford1972",10472
"brelstord1949",10473
"brown1995",10474
"childs1991",10475
"childs2005",10476
"cline1937",10477
"davidson1982",10478
"delcourt1957",10479
"dommasnes1997",10480
"englund1999",10481
"espclund2004",10482
"forbe1969",10483
"janson1969",10484
"gjeerdcr1949",10485
"jacobsen2003",10486
"hermundstad1995",10487
"hesio1984",10488
"hines2003",10489
"kriger1999",10490
"maret1980",10491
"marte2002",10492
"mcnaughton1988",10493
"miillerwille1977",10494
"nodanskog2003",10495
"odner1969",10496
"pleiner1969",10497
"raudvere2004",10498
"oldeberg1943",10499
"randers1988",10500
"reid1995",10501
"roesdal1980",10502
"rundberget2002",10503
"sasson1983",10504
"schmidt1997",10505
"sjolsvold1949",10506
"stigum1971",10507
"tveiten2005",271
"todnem1999",271
"vannoten1972",271
"wertime1980",271
"anonym1901",10508
"arne1905",10509
"artelius1993",10510
"artelius2003",10511
"barraud1994",10512
"berger1966",10513
"birkeli1938",10514
"colpe1987",10515
"connelid1993",10516
"furingsten1986",10517
"geels1985",10518
"grislund2001",10519
"hansson1998",10520
"koepping1987",10521
"moberg1950",10522
"nyalssaga1981",10523
"nyalssaga2002",10524
"webernd",10525
"selinge1986",10526
"shepherd1987",10527
"stremberg1993",10528
"sarlvik1976",10529
"trotzig2000",10530
"turner1982",10531
"almgren1900",10532
"1919",273
"birkeli1944",273
"levistrauss1952",273
"sahlstrem1951",273
"selinge1997",273
"kristiansen1984",276
"armstrong1917",10533
"batey1988",10534
"fowler1963",10535
"freke2002",10536
"hudson1998",10537
"jones1971",10538
"kermode1994",10539
"kruse2017",10540
"laing1987",10541
"g1983",10542
"megaw1938",10543
"miller1999",10544
"morris1980",10545
"muhr2002",10546
"corrain2008",247
"olsen1954",247
"oriordain1973",247
"riordain1949",247
"rhysnd",247
"abbott2008",10547
"horizon2008",10548
"andersen1994",10549
"andren2012",10550
"arrhenius2013",10551
"axboe1999",10552
"axboe2001",10553
"axboe2005",10554
"baillie1994",10555
"baillie1995",10556
"baillie1997",10557
"baillie1999",10558
"baillie2001",10559
"baillie2006",10560
"baillie2008",10561
"baillie2010",10562
"barbante2012",10563
"barnish1992",10564
"behre1996",10565
"berglund1996",10566
"bernhardsson2007",10567
"bork1998",10568
"bosley1989",10569
"briffa1990",10570
"briffa1992",10571
"buckland1997",10572
"doreler1992",10573
"doreler2012",10574
"dull2001",10575
"dull2010",10576
"eggum2007",10577
"fehr2011",10578
"gelling1969",10579
"graslund2009",10580
"grattan2007",10581
"grudd2006",10582
"grudd2002",10583
"gunnel2013",10584
"vulnerabilityhalsall2003",10585
"jansen2000",10586
"kaul2004",10587
"keys1999",10588
"kutterolf2008",10589
"lowenborg2010",10590
"nasman2012",10591
"nerman1963",10592
"oppenheimer2011",10593
"pentikainen1989",10594
"rampino1988",10595
"rigby2004",10596
"salzer2007",10597
"stenberger1933",10598
"stenberger1955",10599
"stothers1984",10600
"stothers1983",10601
"textor2003",10602
"torrence2002",10603
"traufetter2004",10604
"vervruggen1996",10605
"vitaliano1968",310
"welinder1975",310
"wylie1989",310
"vulnerabilityzachrisson2010",310
"zerefos2007",310
"kuhl1999",299
"harris2006a",10606
"harris2006b",226
"kintigh2014a",226
"jensen1993a",10607
"jensen1993b",10608
"petersen1993a",272
"petersen1993b",171
"petersen1993c",51
"mullerwille2001a",99
"mullerwille2004b",129
"price2012b",10609
"thomas2000b",10610
"thomas2008c",182
"ambrose1993a",90
"ambrose1993b",204
"barrett2004a",263
"barrett2004b",90
"barrett2004c",73
"barrett2004d",29
"price2010a",26
"barrett2008a",10611
"solli2002a",23
"price2002a",162
"lund2013a",17
"sorensen2001a",37
"duczko2004a",70
"gustin2004a",43
"helms1993a",155
"price2016a",10612
"svanberg2003a",70
"zachrisson1994a",17
"bradley2000a",10613
"byock2001a",70
"hedenstiernajonson2006a",157
"jorgensen2003a",10614
"linderholm2008a",263
"montgomery2003a",140
"olsen2003a",110
"arwillnordbladh2007a",10615
"gansum2004a",17
"hodges2012a",65
"nielsen1997a",15
"zachrisson2004b",10616
"arwillnordbladh1998a",10617
"christensen1991c",172
"christensen2015a",10618
"dobat2008a",49
"fabech1998b",10619
"gansum2004b",243
"hedeager1992a",70
"kleiminger1993a",10620
"loveluck2006a",62
"lund2008a",10621
"mcnicol1997a",28
"norlund1948a",141
"pedersen2010a",29
"arne1932a",61
"baastrup2012a",1
"barrett2008b",10622
"budd2000a",134
"downham2007a",70
"franklin1996a",129
"gardela2011a",10623
"geary1994a",10624
"gosden1998a",17
"grahamcampbell2001a",10625
"graslund2001a",10626
"hardh1976a",128
"hedeager1999a",10627
"hedeager1999b",10628
"jansson1984a",1
"jesch2015a",47
"jorgensen2008a",10629
"simpson2005a",75
"skre2008a",229
"williams2011a",10630
"wilson2008a",10631
"andersen1995a",10632
"artelius2013a",10633
"ashby2011a",62
"barrett2007a",190
"bergstol2004a",10634
"biddle2001a",70
"biddle1992a",10635
"bill2013a",125
"bradley2003a",70
"brink2004a",216
"buko2008a",10636
"carver1998a",12
"chenery2014a",140
"christensen2010a",10637
"christensen2010b",33
"christensen1991d",254
"duczko1985a",10638
"faure1986a",10639
"foote1970a",10640
"gardela2012a",137
"gardela2009a",10641
"geijer1938a",9
"graslund1992a",33
"hadley2002a",10642
"hedeager2005a",29
"hillerdal2009a",138
"hines1997a",146
"iversen2007a",301
"jorgensen2014a",158
"kilger2008a",10643
"krogh2007a",10644
"kyhlberg1980a",295
"larsson2009a",240
"leslie2015a",113
"lonnroth1997a",10645
"milek2012a",93
"montgomery2006a",209
"nasman2003a",62
"naumann2014a",253
"nilsson2003a",196
"nylen1994a",46
"olsen2012a",199
"pedersen2003a",10646
"pedersen1996a",280
"pedersen1999",300
"pilo2018a",11
"price2019b",47
"price2013a",10647
"price1989",10648
"raffield2016b",148
"richards2003a",75
"richards2002a",113
"roesdahl2006a",102
"rundkvist2008a",26
"sawyer1992a",207
"scudder2000a",10649
"skre2007a",10650
"solli1999a",60
"stylegar2007a",10651
"stylegar2005a",37
"thomas1996a",10652
"trinks2007a",286
"williams2016a",2
"williams2003a",112
"wilson2008b",10653
"adams2004a",252
"alberti2009a",23
"ambrosiani2002a",300
"amundsen2015a",11
"andersen1998a",198
"andersson2004a",109
"arbman1980a",156
"ashby2014a",10654
"bakka1993a",10655
"bradley2003b",61
"brink1998a",180
"brink1996a",10656
"brink2005a",258
"brogger1916a",99
"bryant1996a",10657
"buckley2010a",106
"callanan2013a",76
"callmer2008a",215
"callmer1984a",10658
"callmer2001a",10659
"carver1992a",37
"christensen2008a",60
"christensen2007a",172
"clark2007a",293
"crawford1987a",75
"degerbol1948a",196
"dickinson1992a",39
"drescher1983a",229
"duczko1997a",10660
"edgren1995a",129
"einarsson1994a",52
"eriksen2015a",66
"fabech1991a",196
"fabech1995a",131
"fabech1992a",21
"fahlander2008a",11
"forster2004a",150
"frei2009a",133
"frolund2007a",298
"gansum2004c",26
"glorstad2008a",158
"glosecki1989a",156
"grahamcampbell2011a",275
"graslund2007a",10661
"graslund1992b",68
"graslund2004a",297
"green1998a",32
"grimes2013a",283
"gustin2004b",1
"hagg1984a",159
"hall2014a",173
"hall2004a",29
"hardh2007a",300
"harke1997a",10662
"harrison2008a",135
"hauck1977a",257
"hedegaard2007a",300
"hedenstiernajonson2006b",94
"helgason2000a",29
"hilberg2010a",102
"jakobsson2003a",156
"jankuhn1937a",102
"jansson1984b",1
"johansen1973a",29
"jones2012a",106
"jones2008a",52
"jorgensen2003b",13
"jorgensen1988a",228
"jorgensen2002a",155
"kaland1995a",181
"kiefferolsen1993a",10663
"kilger2008b",199
"klindtjensen1975a",10664
"kyhlberg1980b",10665
"larsen2004a",186
"larsson1997a",60
"lee2008a",106
"li2010a",106
"lie1991a",62
"ljungberg1938a",28
"lucas2008a",27
"macphail2003a",118
"macphail2007a",118
"madsen1991a",198
"malmer1966a",283
"mannering2010a",60
"marold2012a",283
"melchior2008a",71
"muller2003a",210
"mullerwille1977a",154
"myhre1992a",242
"myhre2003a",32
"myhre2003b",10666
"myhre1994a",286
"myrberg2008b",216
"nasstrom2001a",180
"nelson2012a",262
"nelson1991a",70
"nielsen1986a",158
"nielsen1991a",197
"olsen2003b",242
"olsen2000a",29
"pedersen2008a",10667
"pedersen2006a",10668
"petersen1951a",10669
"petersen2005a",254
"price2000a",70
"price1985a",151
"quast2009a",36
"roesdahl2014a",10670
"roesdahl1977a",170
"roslund2010a",215
"rundkvist2010a",2
"rundkvist2003a",10671
"samson1991b",139
"sanmark2010a",30
"sawyer1050",32
"sawyer1962a",182
"schneider2015a",106
"semple2013a",216
"sindbaek2012b",165
"skre2007c",10672
"skre2007d",172
"skre2007e",160
"soderberg2000a",300
"sorensen1997a",60
"speake1980a",156
"storli2006a",74
"thomas2012a",131
"vesteinsson2004a",252
"warnke1992a",236
"wawn2000a",10673
"white2000a",151
"williams2015a",2
"williams2005a",17
"williams2005b",208
"williams2001a",2
"williams2004a",10674
"zachrisson2004c",38
"zachrisson1997a",10675
"zachrisson1984a",215
"zachrisson2010a",10676
"zachrisson2003a",71
"larsen2001t",29
"akerstromhougen1981a",10677
"alenius2011a",215
"ambrose1993c",134
"ambrosiani1984a",81
"ambrosiani1985a",13
"ambrosiani1991a",10678
"amundsen2001a",96
"andersen1995b",260
"andersen1995c",10679
"andersen1991a",37
"andersen2010a",131
"andersen1984a",10680
"anderson1907a",104
"andersson2008a",237
"andersson1998a",67
"andersson1995a",10681
"andersson2011a",61
"andersson2005a",10682
"andersson2005b",31
"andersson1999a",10683
"andersson2003a",16
"andersson2007a",160
"andersson2000a",10684
"andersson2000b",221
"andersson2006a",14
"andren2004a",112
"andren1997a",248
"andren2006",10685
"androshchuk2012a",9
"anglert2006a",33
"arne1932b",189
"arneborg2000a",54
"arrhenius1985a",10686
"arrhenius1997a",10687
"arrhenius1997b",67
"arrhenius1995a",4
"arrhenius1973a",257
"artelius1999a",56
"artelius1999b",56
"arwidsson1942a",157
"ashby2013a",8
"backdanielsson2010a",67
"bakka1971a",221
"bakka1973a",80
"bakka1976a",81
"barndon2005b",10688
"barrett2003a",160
"bately2007a",74
"bately2007b",32
"batey1993a",78
"bayley2008a",146
"bekpedersen2009a",135
"benderjorgensen1987a",246
"benderjorgensen1995a",237
"bergstol2008a",177
"besteman2004a",143
"blake1962a",10689
"bogucki2007a",217
"bradley1993a",107
"bradley1990a",145
"brather2012a",168
"brink1992a",258
"brink2012a",165
"brink2012b",165
"brink2007a",2
"brink2013a",10690
"brink1999a",10691
"brink1990a",35
"brogger1917a",94
"brogger1917b",94
"brogger1945a",31
"bruck2006a",10
"brunstedt1996a",4
"buckland1990a",85
"buckland2008a",54
"budd2004a",142
"callmer1992a",10692
"callmer1991a",74
"callmer1998a",180
"callmer1977a",160
"callmer1981a",214
"callmer2000b",214
"callmer1994a",112
"carlsson1983a",258
"carver1995a",10693
"chappell1986a",125
"christensen2013a",10694
"christensen2008b",10695
"christensen2008c",170
"christensen2010c",4
"christensen2004a",10696
"christensen2004b",10697
"christensen2007b",175
"christensen1983b",228
"christensen1983c",207
"christophersen1982a",10698
"church2007a",50
"craig1957a",263
"crawford1999a",135
"crawford2006a",150
"curta2007a",74
"curta2006a",218
"dobat2010a",33
"doneus2011a",248
"doneus2013a",125
"downham2012a",75
"dugmore2007a",50
"dugmore2012a",227
"edgren1995b",217
"edmonds2009a",146
"edwards2012a",227
"ellmers1995a",157
"ellmers1995b",112
"enghoff2003a",262
"eriksen2013a",80
"eriksen1993a",177
"fehring1995a",282
"feveile2009a",10699
"fischer2004a",238
"fridriksson2004b",205
"fry2006a",90
"fuglesang1991a",250
"gansum1996a",186
"gansum2004d",10700
"gardela2013b",10701
"gardela2012c",10702
"gardela2015a",194
"gardela2018a",10703
"gardela2016c",10704
"gardela2009b",10705
"gjerpe2005a",31
"glob1969a",250
"grahamcampbell1980a",10706
"grahamcampbell1994a",225
"grahamcampbell2009a",146
"graslund2007b",138
"graslund2001b",19
"graslund2008b",24
"graslund2008c",189
"graslund1995b",25
"graslund1998a",10707
"grierson1986a",218
"hadley2000a",173
"hadley2000b",148
"hall1990a",138
"hall1999a",83
"halsall1998a",184
"hansen2015a",87
"hansen2017c",73
"hansen1989a",228
"hansen2005a",284
"hardh2003a",65
"harris2016a",24
"harrison2015a",10708
"harrison2014b",226
"harrison2013a",10709
"harrison2010a",10710
"harrison2010b",10711
"harrison2007a",150
"harrison2008b",10712
"haseloff1981a",241
"hauck1978a",10713
"hedeager2004a",158
"hedeager1999c",10714
"hedenstiernajonson2014a",10715
"hedges2007a",192
"helama2017a",10716
"helberg2010a",85
"henning2007a",118
"henriksen2015a",196
"hernaes1984a",193
"herschend1992a",10717
"herschend1997a",15
"hjelle2015a",108
"hobsbawm1983a",177
"hodges2008a",267
"hoeg2014a",108
"hoilundnielsen1999b",233
"holmquistolausson1998a",204
"holmqvist1951a",241
"holst1110",173
"holst2013a",55
"holt1998a",239
"holt1998b",181
"hugason2000a",93
"imer2011a",250
"imer2011b",250
"ingstad1982a",177
"islendingabok1968a",184
"jacobsen1941a",16
"jakobsson2003b",10718
"jansson1984c",24
"jansson1985a",3
"jansson1985b",9
"jansson1985c",9
"jansson1997a",204
"jensen2004a",13
"jensen2004b",31
"jensen2006a",178
"jensen1986a",89
"jensen1992a",131
"jensen1993c",130
"jeppesen2010a",272
"jesch2009a",74
"jesch2009b",3
"jesch1991a",207
"jessen2012a",89
"jessen2012b",96
"jones1997a",10719
"jones2013a",274
"jones2009a",25
"jones2012b",10720
"jones2005a",44
"jones2005b",284
"jonsson2003a",10721
"jorgensen2002b",67
"jorgensen1995a",89
"jorgensen1992a",65
"jorgensen1998a",181
"jorgensen1994a",38
"joyce2000a",199
"kennedy2011a",122
"kleingartner2013a",10722
"kleingartner2014a",43
"klos2009a",24
"komber1999a",89
"kovalev2002a",9
"kristiansen1999a",46
"kristoffersen2004a",10723
"kristoffersen2010a",19
"krogh1982a",120
"kyhlberg1973a",214
"lambeck2010a",125
"larsen2007a",127
"larsen2011a",211
"larsson1990a",241
"larsson2006a",127
"larsson2006c",33
"lee2008b",27
"lehtosalohilander1982a",217
"leimus2007a",269
"leontev2017a",10724
"lewis2015a",226
"lie1952a",241
"ligi1993a",138
"lillehammer1999a",222
"ljungkvist2008b",190
"ljungqvist2010a",133
"lonnroth1982a",258
"lovejoy1985a",140
"lowe2008a",227
"lucas2008b",51
"lucy2002a",31
"ludowici2010a",122
"luhmlund1961",188
"lund2006a",220
"lund2008b",94
"lund2003a",10725
"lundborg1972a",255
"macphail1994a",169
"magnus1997",234
"magnusson1983a",135
"mann2003a",192
"marold2001a",181
"mccormick2012a",122
"mcgovern2009a",135
"mcgovern2013a",133
"meier2001a",194
"meskell2005a",199
"mikkelsen1994a",284
"mikkelsen1998a",127
"mikkelsen2008a",130
"mjaerum2012a",80
"moesgaard2008a",10726
"muldner2007a",192
"murray1983a",171
"murray1983b",228
"myhre1992b",186
"myhre1992d",158
"myhre1987a",10727
"myhre1993a",175
"myhre1980a",175
"myhre1997a",32
"naismith2012a",218
"nasman1989a",13
"nasman2000a",275
"nasman1984a",257
"naum2012a",114
"neckel1983a",10728
"negrel2003a",209
"nelson1999a",202
"nelson2012b",53
"nielsen1998a",89
"nielsen2001a",130
"nielsen1994a",122
"nielsen2002a",234
"nielsen2002c",10729
"nielsen1990a",162
"nordeide2011a",10730
"oehrl2011a",10731
"oehrl2013a",10732
"olesen2004a",114
"olsen2009a",111
"olsen2001a",108
"olsson2004a",163
"osullivan2008a",261
"others1998",13
"oye2001a",262
"oye2002a",221
"oye2009a",54
"oye2009b",10733
"oye2010a",221
"pagan1986a",148
"pedersen2009b",162
"pedersen2014c",10
"pedersen2015a",130
"pedersen2008b",5
"pedersen2001a",10734
"pedersen2003b",180
"pedersen2011a",10
"perdikaris2008a",50
"perdikaris2008b",120
"petersen1919b",142
"petre1993a",160
"petursdottir2009a",10
"pilo2007a",234
"pirenne1927a",118
"price2000b",10735
"price2008c",296
"price2018e",10736
"price2008d",202
"raghavan2014a",53
"ramskou1976a",10737
"rasmussen2014a",250
"rasmussen1992",228
"raudvere2003a",10738
"reynolds1994a",127
"richards1998a",10739
"richards1996a",287
"roberts2003a",197
"roberts2000a",227
"roesdahl2014b",231
"roesdahl2003a",48
"roesdahl2005a",202
"roesdahl2005b",37
"roesdahl1996a",10740
"roesdahl1981a",202
"rolfsen1980a",218
"roskaft2005a",242
"roslund2001a",194
"rundkvist2007a",10741
"salin1904a",10742
"sanmark2013b",92
"sawyer2000c",109
"sawyer1988a",109
"sawyer2003a",10743
"sawyer2003b",10744
"sawyer2002a",109
"sawyer1987",24
"schetelig1912a",175
"schneidhofer2017b",126
"sealy2001a",192
"shanks1998a",83
"shetelig1940a",175
"shetelig1944a",142
"sigfusson1940a",25
"sigurdsson2008a",253
"sigurdsson2011a",93
"simek1993a",10745
"simpson2002a",261
"simpson2002b",120
"sindbaek2011b",10746
"sindbaek2014d",10747
"sindbaek2012c",108
"skre2008b",118
"skre2010a",122
"skre2004a",112
"smith2007a",10748
"smith2009a",10749
"smith2011",216
"smith2001a",197
"soderberg2006a",14
"soderberg2002a",191
"soderberg2003a",126
"soderberg1996a",163
"solli1999b",25
"solli1996a",3
"solli1996b",177
"solli2008a",10750
"solli2008b",245
"sorensen2017a",114
"sorensen1991a",131
"sorensen1999a",171
"staecker2001a",10751
"staecker2009a",194
"steinsland1994a",271
"steinsland2013",10752
"stene2011a",190
"stene2015a",92
"stenvik2001a",3
"steuer1997a",142
"steward1955a",245
"stolpe1912a",159
"stolpe1912b",91
"stylegar2010a",95
"sundqvist2014a",191
"svensson2009c",10753
"svensson2006a",80
"svensson2013a",190
"svensson2008a",240
"sykes2010a",78
"tesch2007a",280
"tesch2007b",93
"theliander2005a",28
"thomas1991a",10754
"thomas2006a",183
"thomsen2005a",14
"thomson2007",227
"thrane1987a",225
"thunmarknylen1995b",194
"turner2007a",10755
"vesteinsson2016a",10756
"vesteinsson2007a",50
"vesteinsson2007b",205
"vesteinsson2004b",205
"vesteinsson2001a",205
"vestergaard2007a",202
"wagner2001a",99
"wallander1989a",154
"waller1996a",257
"walsh2014a",108
"wamers1985a",142
"wamers1999a",241
"watt1999a",159
"watt1999b",159
"wells1999a",138
"white1988a",25
"wickholm2008a",217
"wideen1955a",28
"widgren1998a",120
"wilkinson2003a",245
"williams2011b",146
"williams2007a",4
"williams2002a",218
"wilson2006a",43
"wilson2006b",206
"wilson2007a",217
"wilson2007b",210
"wilson2008c",199
"wilson2008d",197
"wilson1998a",245
"wilson1996b",245
"zachrisson2002",80
"zachrisson2011b",4
"zachrisson2009b",38
"zachrisson2014c",196
"zachrisson2008a",10
"zori2013a",78
