"node_id","community_id"
"aannestad2018",1
"heenpettersen2018",2
"heenpettersen2019",3
"lund2016",4
"moen2020",5
"ambrosiani2015",6
"croix2015",7
"vonholstein2014",8
"warmlander2015",9
"lund2019",10
"solli2018",11
"dobat2006",12
"fabech2013",13
"gustafsson2011a",14
"larsson2007",15
"price2006",16
"fahlander2016",17
"price2018b",18
"eriksen2013",19
"andren2013a",20
"lund2004",21
"lund2005",21
"lund2008",22
"lund2017",23
"lund2020",24
"raffield2018",25
"williams2016",26
"zoega2017",27
"andren2013",28
"glorstad2012",29
"lund2010",30
"lund2013",31
"lund2015",23
"skre2019",32
"jessen2016",33
"price2014d",34
"magnell2010",35
"oehrl2017",36
"price2008a",37
"zachrisson2014a",38
"gardela2018",39
"gustafsson2016",40
"raffield2019",41
"androshchuk2018",42
"bill2017a",43
"burstrom2015",44
"glorstad2017",45
"odeback2018",46
"edberg2019",47
"kalmring2010",48
"voncarnapbornheim2014",49
"dugmore2012",50
"frei2015",51
"hartman2017",52
"hayeursmith2018a",53
"jackson2018",54
"tummuscheit2019",55
"artelius2013",56
"fahlander2018",17
"price2019",57
"raffield2016",58
"glorstad2015",59
"arwillnordbladh2013",60
"arwillnordbladh2013a",61
"ashby2015",62
"hennius2018",63
"perry2016",64
"sindbaek2017",65
"griffiths2019",66
"arwillnordbladh2012",67
"backdanielsson2016",68
"price2014",69
"barrett2010",70
"naumann2014",71
"price2014a",72
"star2017",73
"baug2019",74
"montgomery2014",75
"pilo2018",76
"downham2016",77
"mainland2018",78
"sindbaek2016",79
"amundsen2017",80
"bergstol2004",81
"croix2019",82
"kemmers2011",83
"nielsen2011",84
"baug2017",85
"loftsgarden2019",86
"rosvold2019",87
"svendsen2019",88
"beck2018",89
"grupe2013",90
"zachrisson2017a",91
"stene2017",92
"kristjansdottir2015",93
"bill2016",94
"bill2017",95
"fredriksen2014",96
"gullbekk2014",97
"macphail2013",98
"pedersen2015",99
"williams2014",26
"gardela2015",100
"jagodzinski2014",101
"hilberg2016",102
"sanmark2013",103
"harris2017",104
"richards2018",105
"anchukaitis2017",106
"helama2017",107
"pilo2020",108
"zachrisson2017",109
"eriksen2017",110
"ellingsen2019",111
"price2010",112
"jarman2018",113
"stott2019",114
"ulriksen2018",115
"pedersen2019",116
"sindbaek2018",117
"wouters2016",118
"dugmore2007",119
"keller2016",120
"tainter2006",121
"carver2015",122
"runge2018",123
"domeijlundborg2012",124
"schneidhofer2017",125
"tonning2020",126
"barrett2008",70
"beck2017",127
"spangen2009",128
"hillerdal2010",129
"christiansen2019",130
"dobat2013",131
"baug2015",132
"henriksen2017",133
"price2012",134
"milek2012",135
"kastholm2016",136
"toplak2018",137
"gustin2017",138
"pedersen2017",139
"peschel2017",140
"christensen2018",141
"heenpettersen2014",142
"ijssennagger2015",143
"kershaw2017",144
"raffield2014",145
"rogers2020",146
"williams2015",147
"hadley2018",148
"mcleod2011",149
"leonard2011",150
"price2020",151
"hrnjic2018",152
"kelly2015",153
"barndon2018",154
"lund2006",155
"hedeager2010",156
"kalmring2018",157
"eriksen2016",158
"mannering2013",159
"osullivan2015",160
"hedenstiernajonson2015",161
"price2011",162
"kalmring2012",163
"kalmring2017",164
"krzewinska2018",165
"helmbrecht2012",166
"oehrl2019",36
"sindbaek2014",167
"hilberg2018",168
"devos2013",169
"holst2013",170
"holst2014",171
"jessen2014",172
"buckberry2014",173
"tveiten2017",174
"bonde2016",175
"glorstad2014",176
"jahnsen2016",177
"baastrup2014",178
"henriksen2014",179
"borake2018",180
"hilberg2014",181
"hadley2016",182
"kershaw2016",183
"vesteinsson2016",184
"poulsen2011",185
"bill2012",186
"gustavsson2015",187
"androshchuk2010",188
"graslund2011",189
"lindholm2016",190
"ljungkvist2018",191
"chenery2014",192
"hedenstiernajonson2017",193
"toplak2015",194
"macphail2016",195
"gotfredsen2014",196
"milek2013",197
"runge2018a",198
"burstrom2014",199
"abrams2012",200
"pedersen2006",201
"roesdahl2011",202
"skre2011b",203
"linderholm2008",204
"lucas2007",205
"pedersen2009a",206
"rosengren2010",207
"wickholm2006",208
"knudson2012",209
"reiter2019",210
"tummuscheit2014",211
"feveile2017",212
"roslund2013",213
"roslund2015",214
"roslund2017",215
"sanmark2013a",216
"raninen2014",217
"skre2017",218
"skre2011a",219
"ijssennagger2013",220
"oye2014",221
"fallgren2008",222
"sutherland2015",223
"halstadmcguire2010",224
"kershaw2009",225
"catlin2016",226
"schmid2017",227
"holst2010",228
"sindbaek2011",229
"ljungkvist2015",191
"neiss2016",230
"goodchild2017",231
"vesteinsson2012",232
"sindbaek2011a",233
"aannestad2018a",1
"rundkvist2010",234
"staecker2004a",235
"sindbaek2007",236
"strand2011",237
"oye2016",238
"price2016",151
"gullbekk2011",239
"svensson2018",240
"andren2000",241
"storli2010c",242
"mulk2007",243
"naum2004",244
"solli2011",245
"becket2013",246
"steinforth2018",247
"trinks2014",248
"kovalenko2013",249
"imer2014",250
"ibsen2010",251
"harrison2016",106
"zori2013",252
"krzewinska2015",253
"christensen2013",254
"artelius2005",255
"feveile2012",256
"fischer2011",257
"myrberg2008",258
"frei2012",259
"benderjorgensen2012",260
"boyd2013",261
"arneborg2012",262
"pollard2012",263
"sutherland2009",264
"arwillnordbladh2008b",265
"fontaine2017",266
"sindbaek2013a",267
"skre2016",268
"arwillnordbladh2007",265
"magi2011",269
"becker2012",270
"barndon2005a",271
"ashby2015a",62
"feveile2011",272
"artelius2004a",273
"bitzthorsen2018",274
"svendsen2016",275
"myrberg2009",276
"majchczack2018",277
"skre2011",278
"gardela2013a",279
"gustafsson2011",280
"steinforth2015",281
"roslund2005",282
"bill2020",283
"rohdesloth2012",284
"naum2007",285
"draganits2015",286
"halewood2001",287
"pentz2009",254
"croix2021",82
"nosov2018",288
"magi2016",289
"perry2019",290
"lundborg2006",124
"lia2004",291
"croix2016",7
"gardela2014",7
"wicker2013",292
"kitzlerahfeldt2013",292
"croix2019a",293
"feveile2015",212
"gardela2013",294
"gardela2008",295
"price2005",295
"andren2006b",29
"leslie2015",296
"frei2012a",259
"gotfredsen2014a",297
"iversen2013",298
"gardela2018b",39
"hillerdal2009",129
"hayeursmith2013",52
"tummuscheit2012",299
"hedeager2003",156
"hennius2018a",63
"hardh2010",300
"iversen2015",301
"jankowiak2018",302
"jorgensen2010",303
"rundkvist2015",304
"kastholm2015",136
"jorgensen2009",305
"skorokhod2020",306
"sheehan2013",307
"ljungkvist2011",308
"sanmark2008",30
"richards2011",149
"lynnerup2014",309
"graslund2012a",76
"price2015",310
"price2014b",69
"price2014c",311
"myrberg2009a",312
"kalmring2016",18
"raffield2017",58
"kitzlerahfeld2015a",313
"pedersen2016b",139
"pedersen2009",314
"ravn2012",315
"price2018a",316
"raffield2016a",317
"price2018c",318
"pluskowski2010",319
"raffield2019a",41
"price2018d",320
"skre2017b",321
"price2019a",57
"andersson2008",322
"sindbaek2007a",236
"sindbaek2013",323
"semple2013",103
"toplak2017",324
"vesteinsson2014",325
"zachrisson2014",326
"williams2014a",327
"ulriksen2011",328
"zachrisson2004",329
"andren2002b",330
"aannestad2015",331
"ambrosiani2013",6
"andersson2004",332
"andersson2016",333
"andren2002",21
"andren2004",15
"androshchuk2013",334
"androshchuk2014",335
"androshchuk2012",336
"androshchuk2016",337
"arents2010",49
"armbruster2010",338
"artelius2007",17
"arwillnordbladh1998",339
"ashby2014",340
"backdanielsson2007",341
"ed2012",342
"barth1969",343
"e2014",344
"bergstol2008",345
"bhabha1994",346
"bjerg2013",347
"bogucki2012",348
"brather2013",349
"brink2011",350
"buntgen2016",351
"cannell2016",352
"clarke2017",353
"croix2012",354
"crumlinpedersen2010",355
"diamond2005",356
"dobat2014",123
"domeijlundborg2004",357
"englert2015",358
"eriksen1994",81
"feveile2009",359
"forster2009",360
"frog2014",361
"gardela2012",362
"gerds2015",363
"gjerpe2017",364
"grahamcampbell2013",365
"grahamcampbell2011",366
"graslund2007",367
"graslund2018",368
"griffiths2003",147
"hadley2013",149
"hall2014",369
"hallansstenholm2012",17
"hardh2016",152
"harrison2015",370
"harrison2014",371
"hedjakobsson2003",372
"hedeager2004",23
"hedeager2011",17
"hedenstiernajonson2006",161
"hedenstiernajonson2012",373
"helmbrecht2011",166
"hilberg2013",374
"n2017",375
"hodges2012",376
"ingvardson2012",377
"jennbert2015",378
"jensen2010",379
"jesch2015",380
"jones1997",381
"kalmring2013",382
"kershaw2013",383
"lemm2014",116
"lia2002",384
"ljungkvist2006",385
"loe2014",386
"lund2009",23
"merkel2016",152
"moen2011",387
"moen2019",388
"moesgaard2015",389
"myhre2015",390
"naum2008",391
"opedal2010",95
"oye2013",392
"paterson2014",393
"pedersen2004",201
"pedersen2014",394
"pedersen2016",139
"pilo2005",395
"price2000",34
"price2002",23
"price2001",396
"price2008",397
"price2018",398
"raja2018",399
"rasmussen2014",211
"richards2012",400
"roesdahl2014",401
"roslund2007",213
"russel2014",402
"said1978",403
"sanmark2017",404
"schietzel2014",49
"schultze2008",405
"skre2008",97
"soderberg2005",116
"solli2002",406
"staecker2004",407
"stanislawski2013",408
"stidsing2014",116
"svanberg2003",409
"thate2007",17
"toplak2016",137
"tummuscheit2011",211
"turner2006",410
"wallace2016",411
"wickham2005",412
"williams2020",413
"zachrisson2011",414
"andren2014",415
"christiansen2014",416
"dobat2010",49
"gardela2016",417
"gjerde2009",418
"glorstad2010",419
"graslund2010",26
"gustafsson2013",40
"smith2013",420
"lemm2013",421
"morawiec2009",422
"nordeide2011",423
"rundkvist2011",26
"rostad2016",424
"sindbaek2009",425
"sveinbjarnardottir2016",426
"williams2010",26
"ambrosiani2001",161
"graslund1984",6
"hraundal2013",427
"ilisch1990",6
"jansson1986",428
"jansson1987",16
"jansson1989",6
"wikander1978",6
"aannestad2016",429
"andren2011",430
"baastrup2012",431
"baastrup2010",432
"bagge1991",433
"bakka1963",434
"bakka1961",435
"bakka1971",436
"blackburn2002",437
"blindheim1973",438
"blindheim1999",439
"blindheim1995",440
"boe1940",441
"callmer1992",442
"callmer2008",443
"cramp1997",444
"downham2008",445
"dumville2008",446
"ekengren2009",447
"gaut2001",448
"gaut2011",449
"geber1991",450
"gosden1999",23
"grahamcampbell2000",451
"gustin2004",452
"hahn2013",1
"hedeager2002",21
"hedeager1992",1
"helms1993",176
"heyerdahllarsen1981",1
"hines1984",1
"hodder1982",1
"hodder1986",1
"hagg1974",453
"jansson1984",454
"vidar2010",1
"krag1994",1
"kristiansen2005",1
"maran2012",1
"marstrander1963",1
"mauss1950",1
"mikkelsen2002",1
"myhre1992",455
"croinin1989",1
"pedersen2008",1
"peets2012",1
"petersen1940",1
"raven2005",1
"rogers2006",1
"simonsen1981",1
"skaare1963",1
"skaare1976",1
"solli1995",1
"thomas1991",1
"waller1982",1
"wamers1985",1
"wamers2011",1
"williams2008",1
"wilson2006",1
"amundsen2001",456
"amundsen2011",457
"amundsen2015",458
"amundsen2007",459
"apel2001",460
"apel2005",461
"aronsson1991",462
"askeladden2015",463
"bakka1973",464
"bakka1976",465
"barth1976",466
"barth1996",467
"baudou1987",468
"bergman2016",469
"bergsland1992",470
"bergstol1997",471
"bergstol2009",472
"bjorn1934",473
"boaz1997",474
"bolstad1980",475
"braseth2014",476
"brendalsmo2003",477
"brogger1942",478
"bull2002",479
"byggstoyl2012",480
"damm2010",481
"fjellheim1999",482
"fjellheim2012",483
"forsberg2005",484
"fossum2006",485
"fredriksen1983",486
"fuglesang1980",235
"fuglestvedt2006",487
"gjerde2016",488
"gjessing1945",489
"grandell1986",490
"grimbe2013",491
"gustafson1988",492
"gustavsen2014",493
"hagen1946",494
"hagstrom2010",495
"hallgren2008",496
"hansen2004",497
"hansen2014",498
"hedman2003",499
"helstad2001",500
"hildre2012",501
"hole2013",502
"holm1991",503
"holm2016",504
"holseng2004",505
"hougen1947",506
"indreko1956",507
"jenkins2008",508
"johansen1981",509
"kleppe1977",510
"lannerbro1976",511
"marstrander1977",512
"mathiesen2005",513
"melheim2015",514
"mikkelsen1994",515
"mikkelsen1975",516
"mjaerum2012",517
"mulk1994",518
"myhre1962",519
"norell1987",520
"nou2007",521
"nyland2016",522
"odner1983",81
"odner2000",523
"ojala2009",524
"olsen1985",525
"olsen1991",526
"pareli1991",527
"prescott2009",528
"schanche1985",529
"scheen1979",530
"serning1966",531
"sjurseike1994",532
"skandfer1996",533
"skjolsvold1980",534
"skjolsvold1981",535
"skjolsvold1984",536
"smith2006",537
"soborg1988",538
"solberg1986",80
"sommerseth2011",80
"spangberg2014",80
"spangen2010",80
"stene2010",80
"stenvik1988",80
"svensson2006",539
"swensen2017",80
"trigger2006",80
"vorren1965",80
"wegraeus1971",80
"zachrisson1997",81
"zachrisson2015",80
"abrams2004",183
"phil2010",200
"fanning1994",200
"sheehan1998",540
"sheehan2009",541
"omeadhra1979",542
"blackburn1981",200
"glorstad1987",200
"grahamcampbell1984",543
"jensen1968",200
"davidson1962",23
"grinsell1961",544
"bjorn1940",545
"kovalev2004",546
"arbman1940",115
"arne1914",6
"bearman2014",6
"anonymous2012",200
"ljung2010",547
"lang2001",548
"cohen2004",200
"jesch2002",149
"whaley2004",200
"tweddle1995",200
"coatsworth2008",200
"grahamcampbell1980",549
"wamers2009",66
"grahamcampbell2007",200
"brunning2013",550
"sonderso2005",551
"stenalt1960",552
"kolindsund1936",553
"luhm1903",554
"androshchuk2001",555
"androshchuk2002",556
"androshchuk2003",557
"androshchuk2009",558
"androshchuk2004",559
"appadurai1937",560
"arbman1937",561
"arrhenius1985",59
"bazelmans1999",562
"bergman1976",563
"behmer1939",564
"behrend1936",565
"brondsted1936",115
"chase1979",566
"colmo1953",567
"cross1914",568
"falk1914",569
"gameson2001",570
"gansum1991",571
"geibig1992",572
"grahamcampbell1968",573
"gurevich1968",574
"habbe2005",575
"hakonarherdibreids1991",576
"harke2000",577
"jacobsen1942",578
"nasman1991",579
"jorgensen1966",580
"lavrsen1960",581
"mauss1980",582
"menghin1980",583
"mullerwille1978",584
"mullerwille1984",21
"mullerwille1980",585
"north1980",586
"nasman1989",587
"ostergren1976",588
"olsson1975",589
"owencrocker1966",590
"ornes1966",591
"paulsen1953",592
"pedersen1995",593
"pedersen1997",115
"pedersen2002",594
"peirce1919",595
"petersen1919",21
"rydbeck1932",596
"schulzedorrlamm1987",597
"handelderwikingerzeitzwischennordundwesteuropaaufgrundarchaologischerzeugnisse1987",598
"klaesoe2005",188
"smidt1991",188
"stocklund1985",188
"strid1961",188
"stromberg1946",188
"svanberg1995",188
"thunmarknylen1995",188
"thunmarknylen2001",188
"bergman2005",188
"thalinbergman2000",188
"theuws2000",188
"turvillepetre1960",188
"wamers1930",599
"whitelock1955",188
"willemsen2004",600
"wilson1955",601
"wrenn1958",188
"zachrisson1984",602
"zachrisson2012",80
"ammann2007",603
"ammann2003",604
"anchukaitis2014",605
"anchukaitis2012",606
"anchukaitis2010",607
"anchukaitis2013",608
"anchukaitis2006",609
"andreuhayles2011",610
"andronova2000",611
"autin2015",612
"biondi1999",613
"bowman1997",614
"bradley2001",615
"breitenmoser2012",616
"briffa1993",617
"briffa1994",618
"briffa1995",619
"briffa2000",620
"briffa1996",621
"briffa1998",622
"briffa2011",623
"briffa2013",624
"briffa2004",625
"briffa2002",626
"brohan2012",627
"buckley2010",628
"buntgen2006",629
"buntgen2013",630
"buntgen2011",631
"buntgen2014",632
"campbell2007",633
"coledai2013",634
"cook1990",635
"cook1987",636
"cook2010",637
"cook1994",638
"cook1995",639
"cook2013",640
"cook1999",641
"cowtan2014",642
"crowley2000",643
"crowley2008",644
"darrigo2011",645
"darrigo2003",646
"darrigo1992",647
"darrigo2004",648
"darrigo2013",649
"darrigo2008",650
"darrigo2015",651
"darrigo2009",652
"darrigo2006",653
"davi2003",654
"delaygue2011",655
"doradolinan2012",656
"edwards2007",657
"emilegeay2013",658
"esper2013",659
"esper2002",660
"esper2014",661
"esper2010",662
"esper2007",663
"esper2012",664
"esper2016",665
"esper2015",666
"esper2005",667
"estrada2013",668
"evans2013",669
"evans2002",670
"evans2001",671
"frank2007",672
"frank2010",673
"fritts1976",674
"fritts1991",675
"gallant2013",676
"gao2008",677
"gao2006",678
"gennaretti2014",679
"gershunov1998",680
"gillett2012",681
"goosse2016",682
"grinsted2004",683
"hakim2016",684
"harris2013",685
"haurwitz1981",686
"hegerl2014",687
"hegerl2007",688
"hegerl2003",689
"hegerl1997",690
"hegerl2006",691
"hegerl2011",692
"helama2014",693
"hughes2002",694
"hughes1994",695
"hughes1999",696
"jacoby1995",697
"jacoby2000",698
"jones2013",699
"jones2009",700
"jones2012",701
"jull2014",702
"kaplan2011",703
"kaufman2014",704
"keigwin2003",705
"kennedy2011",706
"klesse2015",707
"lavigne2013",708
"lean2006",709
"lee2008",710
"lehner2012",711
"lewis2015",712
"li2010",713
"linderholm2015",714
"luckman2005",715
"ludlow2013",716
"mann1998",717
"mann2012",718
"mann2002",719
"mann2013",720
"mann2005",721
"mann2007",722
"mann2008",723
"mann2009",724
"massondelmotte2013",725
"matskovsky2016",726
"matskovsky2014",727
"matthews2005",728
"mccarroll2013",729
"mccarroll2002",730
"mcgregor2015",731
"mckay2014",732
"meehl2004",733
"meko1997",734
"melvin2008",735
"melvin2004",736
"michaelson1987",737
"morice2012",738
"muscheler2007",739
"naulier2015",740
"ogurtsov2016",741
"oman2005",742
"ortega2015",743
"pausata2015",744
"payette2007",745
"pederson2014",746
"phipps2013",747
"plummer2012",748
"pongratz2008",749
"raspopov2008",750
"rimbu2003",751
"rind1999",752
"rind2004",753
"robock2000",754
"rutherford2003",755
"rydval2017",756
"schmidt2010",757
"schmidt2014",758
"schmidt2012",759
"schneider2009",760
"schneider2015",761
"schneider2001",762
"schurer2013",763
"schurer2014",764
"schweingruber1993",765
"schweingruber1978",766
"seager2008",767
"seager2007",768
"shindell2009",769
"shindell2014",770
"shindell2015",771
"shindell2004",772
"shindell2001",773
"shindell2003",774
"sigl2015",775
"smerdon2010",776
"smerdon2008",777
"smerdon2011",778
"smerdon2016",779
"solomon2011",780
"st2014",781
"george2013",782
"steiger2014",783
"steinhilber2009",784
"stenchikov2006",785
"stoffel2015",786
"vonstorch2004",787
"stott2010",106
"stott2009",106
"stott1998",106
"stuiver1993",106
"sundqvist2014",106
"swingedouw2010",106
"szeicz1995",106
"tierney2015",106
"tingley2015",106
"tingley2012",106
"tingley2010",106
"tingley2013",106
"torrence1998",106
"touchan2014",106
"trenberth1984",106
"verosub2008",106
"vieira2010",106
"wagner2001",106
"wagner2005",106
"wang2015",106
"waple2002",106
"wiles2014",106
"wilson2016",106
"wilson2010",106
"wilson2007",106
"wilson2014",106
"wise2015",106
"youngblut2008",106
"zanchettin2012",106
"zhang2016",106
"zorita2003",106
"zwiers2000",106
"ivakin2001",42
"kjellstrom2012",42
"kjellstrom2013",788
"koktvedgaardzeiten1997",207
"kovalenko2006",789
"stolpe1992",42
"nerman1935",200
"helms1988",790
"andren1999",791
"andren2007",792
"back2012",793
"bandmann1951",794
"baudou1989",795
"berend2007",796
"blomkvist1998",797
"blomkvist2002",798
"brendalsmo1994",799
"brink1992",800
"ross2002",801
"diiwel1985",802
"dyggve1952",803
"fabech1991",804
"fehring1991",805
"gotfredsen1988",806
"graslund1992",807
"graslund2001",17
"graslund1993",808
"gren1989",809
"hallansstenholm2006",20
"hedeager1999",21
"hellstrom1996",810
"hernaes1999",811
"hildebrandt1985",812
"hultgard1997",813
"iregren1989",814
"janson1998",815
"jeppesen1991",816
"johannsen1981",817
"johansen1997",818
"krautheimer1942",819
"larsson2004",166
"liden1969",820
"ljungberg1938",821
"mcnicol1997",822
"meckseper1982",823
"nielsen1997",824
"nielsen2005",228
"nordahl1996",28
"olsen1966",15
"olsen1972",28
"rydh1969",825
"sandnes1987",28
"skre1995",28
"sondergaard1972",28
"stamsomunch1991",28
"sundqvist2007",28
"svensson2012",256
"theliander2003",28
"theliander2005",826
"vibemuller1991",28
"vikstrand2001",28
"devries1957",28
"wallander1994",28
"wideen1955",827
"zachrisson1963",28
"strand2010",237
"barber1991",237
"benderjorgensen1986",237
"benderjorgensen1987",237
"benderjorgensen1992",246
"benderjorgensen1995",828
"costin1991",237
"geijer1938",829
"geijer1980",237
"geijer1972",237
"gleba2008",237
"hald1980",237
"hedeagerkrag1994",830
"herlihy1964",237
"hagg1983",204
"hagg1984",237
"hagg1985",237
"hagg1986",831
"hagg1991",237
"ingstad1980",237
"michel2010",237
"martensson2007",237
"martensson2000",237
"pedersen1998",832
"waltonrogers1996",833
"waltonrogers2007",834
"kovalenko2012",42
"geibig1991",188
"zachrisson1998",21
"hookernd",835
"jay2006",836
"kalland2000",837
"kosiba2007",838
"lynnerup1998",839
"mcgovern1985",840
"mcgovern2000",841
"mcgovern1996",842
"mcgovern2005",843
"mcgovern2004",844
"muldner2007",845
"mohl1982",846
"adalsteinsson1990",847
"alexandersen2003",848
"arneborg1990",849
"balslevjorgensen2001",850
"barret2005",851
"bruun1928",262
"commisso2006",262
"commisso2007",262
"enghoff2003",852
"fricke1995",853
"gullov2012",262
"hebsgaard2009",262
"vebaek1992",262
"vebaek1993",262
"oye2001",854
"nelson2003",262
"nelson2012",855
"olafsson2006",262
"privat2002",263
"reitsema2010",262
"schweger1998",262
"simpson2002",262
"simpson2007",262
"edvardsson2012",262
"sveinbjornsdottir2010",262
"vebaek1991",262
"alberti2013",856
"andersson1998",857
"andren1989",858
"arrhenius1962",859
"arrhenius1994",860
"arrhenius1997",15
"arrhenius1932",861
"arwillnordbladh2011",862
"backdanielsson2010",26
"berg2007",863
"bergqvist1999",864
"bragg1997",865
"brink2008",866
"christensen2008",867
"christensen2009",868
"christensen2010",869
"gillespie2008",870
"gilman2010",871
"graslund2005",872
"graslund2008",873
"gronvik2008",874
"hagberg1976",875
"helmbrecht2007",876
"hjorungdal1991",877
"hardh2008",219
"jansson1996",878
"jensen2004",879
"johansson2008",67
"jorgensen2002",228
"jorgensen2008",880
"kuper1988",67
"larsson1997",881
"lassen2003",882
"lundstrom1995",883
"ljungkvist2005",67
"lundgren2007",67
"malmberg2009",67
"malmberg2010",67
"mannering2010",884
"martinson1956",67
"mauss1934",885
"nasstrom2001",67
"raudvere2008",67
"ringkvist1969",67
"roberts1999",67
"silvers2009",67
"solli1999",886
"sonne2010",887
"steinsland2007",67
"stolpe1912",888
"sorensen1997",889
"thomson1997",60
"vikingatidens1995",60
"weiner1985",23
"williams2011",890
"schulzedorrlamm1995",188
"almgern1914",891
"anderson1983",892
"andersson1990",893
"andersson1995",894
"andersson2011",17
"arne1932",67
"arrhenius1976",895
"bradley2002",265
"bradley2003",896
"burstrom2012",897
"chapman1997",898
"chapman1977",899
"chapman2006",900
"climo2002",901
"connerton1989",20
"delvin2007",61
"dommasnes2006",61
"dommasnes2008",261
"duczko1985",902
"jansson1985",161
"jennbert2011",61
"jensen2003",61
"jones2007",20
"kaliff1999",61
"kaliff2001",903
"knappett2012",61
"kokowski2010",61
"tsamis2010",61
"lowenthal1999",61
"vonmuller1958",61
"nora1989",61
"nugent2012",60
"renfrew2004",61
"rowlands1993",904
"rowlands1999",61
"sjogren2003",61
"vandyke2003",61
"williams2003",147
"aqvist1996",20
"artelius1996",20
"baudou2004",905
"bolin2004",906
"bratt2008",907
"burstrom1989",20
"chippendale1983",908
"gosden1994",909
"gustavson1986",20
"lonnroth1977",265
"olivier1999",910
"pollard2002",20
"sawyer2000",911
"shanks1987",912
"stromberg1968",20
"widholm2006",20
"williams2006",26
"zachrisson1994",228
"pagesk2013",913
"aberg1921",914
"adamavbremen1984",915
"ambrosiani1964",916
"andersson1992",917
"andersson1989",918
"arend1978",919
"axelsson1993",920
"baer1998",921
"baines1989",922
"berg1987",923
"bergman1948",924
"berlo1983",925
"bjurstrom1996",926
"blair1989",927
"brondsted1920",928
"bugge1953",929
"carlqvist1977",930
"carlsson1985",931
"christiansson1959",932
"christophersen1982",933
"claesson1982",934
"clanchy1979",935
"crocker1982",936
"danbolt1989",937
"ekblad1997",938
"elgh1987",939
"vonfriesen1913",940
"fuglesang1978",941
"odense1981",942
"svardstrom1962",943
"goody1977",944
"graslund1985",945
"gronvik1981",946
"gronvik1985",947
"gurevich1985",948
"gustavson1988",949
"hagenfeldt1996",950
"hallencreutz1982",951
"haseloff1981",952
"hedeager1997",124
"herschend1994",953
"hildebrandnd",954
"holmback1943",955
"holmqvist1951",956
"holtsmark1960",957
"hubler1996",958
"hyenstrand1974",959
"johansson1996",960
"kallstrom1992",961
"klindtjensen1975",962
"kristoffersen1995",963
"kyhlberg1983",964
"lager1995",965
"lagman1990",966
"larsson1990",967
"fornvannen1997",968
"lindblad1992",969
"lindell1994",970
"lindkvist1988",971
"lindqvist1931",972
"lindstrom1992",973
"lonnroth1982",974
"marcus1992",975
"meijer1992",976
"moltke1974",977
"mostrom1998",978
"miillernd",979
"og1911",980
"ol1900",981
"olason1989",982
"ong1982",235
"orsnes1966",983
"orsnes1969",984
"owe1995",985
"palm1992",986
"peterson1994",987
"petre1984",988
"petre1993",989
"philippa1977",990
"ragnesten1978",991
"randsborg1980",992
"russell1994",993
"salberger1978",994
"salin1904",995
"sandahl1996",996
"sawyer1988",997
"sawyer1993",998
"schuck1935",999
"segelberg1983",1000
"shetelig1909",1001
"sjoberg1985",1002
"snorres1997",1003
"soderberg1905",1004
"soderqvist1993",1005
"strid1987",1006
"sundqvist1996",1007
"svardstrom1936",1008
"svenbro1975",1009
"thrainsson1994",1010
"varenius1998",1011
"wamers1999",1012
"wijkander1983",241
"williams1990",241
"wilson1995",1013
"wilson1994",241
"zanker1988",241
"runinskrifter1984",241
"garlandthomson2002",67
"aarissorensen1988",1014
"aarissorensen2007",1015
"ambrosiani1981",1016
"arneborg1998",1017
"ashby2011",1018
"ashby2013",1019
"smith1995",1020
"barrett2011",1021
"bately2007",1022
"bencard1990",1023
"blaut1993",1024
"buchwald2006",1025
"buckley2011",1026
"buckley2009",1027
"buckley2014",1028
"callmer2002",1029
"sachensymposium2001",1030
"callmer2003",1031
"childe1950",1032
"clarke1991",1033
"coupland2010",1034
"coupland2011",1035
"cowgill2004",1036
"feveile2001",1037
"feveile2006",1038
"fleming2009",1039
"galloway1981",1040
"henderson2005",1041
"hodges1982",43
"hull2008",1042
"jantzen2013",1043
"keller2010",1044
"kirby2013",1045
"knappett2008",1046
"lie1991",1047
"ling2013",1048
"loveluck2006",1049
"madsen1984",1050
"madsen2004",1051
"madsen2014",1052
"mahler2007",62
"mainman1999",62
"mattingly2013",62
"miksic2000",62
"muller2012",62
"nasman2000",62
"nasman2003",203
"nesje2012",1053
"rau2010",62
"renfrew2008",62
"riddler2003",62
"rieck2006",62
"roesdahl2003",62
"lewissimpson2000",62
"roesdahl2001",62
"schyman2012",62
"sinclair2012",62
"skov1997",62
"skov1999",62
"skov2006",62
"skov2010",62
"skre2007",62
"smirnova2002",62
"stephan1994",62
"stewart2013",62
"strohalm2010",62
"taylor2012",117
"theuws2004",62
"trigger2008",62
"ulbricht1978",62
"vandoorn2014",62
"verhulst1994",62
"weber1995",62
"wigh2001",62
"yoffee2005",62
"boric2008",60
"goransson1999",60
"hirdman1988",60
"joyce2005",60
"muckenberger2012",60
"nasstrom1986",60
"vikingatidens1995a",60
"almgren1905",1054
"arbman1945",255
"artelius1999",1055
"artelius2002",255
"berger1979",255
"ross1998",255
"edsman1987",255
"fors2002",255
"halbwachs1952",255
"jennbert1977",255
"lundborg1972",1056
"moon1987",255
"napier1992",255
"rappaport1999",1057
"rolston1987",255
"sahlstrom1948",255
"strom1967",255
"turner1983",255
"thomas1985",255
"vedelnd",1058
"wikstrom1993",255
"janson2009",61
"bergqvist1997",60
"alberti2014",1059
"am2013",1060
"backdanielsson2012",1061
"barad2003",1062
"barad2007",1063
"burstrom1994",1064
"ccby2016",1065
"ekholm1950",1066
"fowler2015",68
"graslund1991",241
"jonsson2015",68
"klos2009",68
"koster2014",68
"lager2002",68
"larsson2010",68
"lindeberg2009",68
"mitchell2005",68
"munn1986",68
"nielsen1941",68
"peterson2006",68
"dictionary2016",68
"runtextdatabas2015",68
"saol1998",68
"sjoborgnd",68
"brink1981",68
"hobsbawm1983",265
"jennbert2004",255
"wamers1987",1067
"frick1992",1068
"aatsleff2010",1069
"aberg1936",1070
"albrethsen2002",1071
"brandt2002",1072
"johansen1987",1073
"fraenkelschoorl1978",1074
"garipzanov1980",1075
"grahamcampbell1991",1076
"hyvass1986",1077
"jensen2006",1078
"jorgensen2003",116
"jorgensen2006",1079
"klingenberg1984",1080
"lennarrson1983",1081
"longley1975",1082
"macgregor1993",1083
"moesgaard2010",1084
"monge2003",1085
"nielsen2006",1086
"nielsen2004",1087
"olsen1981",1088
"olsen1977",123
"ryan1997",1089
"rygh2003",1090
"ulriksen1970",1091
"vandoorn2011",1092
"arneborg2003",1093
"arrhenius1995",1094
"ashby2006",1095
"smith1993",1096
"barrett2003",1097
"besteman2004",1098
"biddle2001",1099
"bolin1953",1100
"brettell2000",1101
"brooks1971",1102
"burstrom1993",1103
"byock2001",1104
"carver1990",1105
"carver1995",1106
"clover1988",1107
"coupland1998",1108
"crumlinpedersen1995",1109
"crumlinpedersen2007",1110
"dahljensen1998",1111
"dansgaard1975",1112
"downham2007",1113
"duczko2004",1114
"dumville2002",1115
"dyer2002",1116
"earle1997",1117
"edwards2005",1118
"englert2007",1119
"etchingham1996",1120
"etchingham2007",1121
"forenbaher2005",1122
"fossier1999",1123
"grahamcampbell1975",1124
"hadley2006",263
"halsall2003",1125
"hannon2005",1126
"hansen2000",1127
"haywood1999",1128
"heinsohn2003",1129
"hernaes1997",1130
"hill1981",1131
"hill2001",1132
"hills2003",1133
"hodges2006",1134
"hodges1983",1135
"holm1986",1136
"hunter2007",1137
"johnson2001",1138
"jonsson1911",1139
"karlsson1997",1140
"keegan2004",1141
"keynes1997",1142
"kristoffersen2004",1143
"kuhn1977",1144
"lund1989",1145
"magi1999",1146
"slavi1997",1147
"mccormick2001",1148
"michelli1993",1149
"minorsky1958",1150
"montgomery2006",1151
"montgomery2003",1152
"morris1998",70
"mullerwille1994",70
"myhre1987",1153
"myhre1993",70
"nelson1991",1154
"nelson1997",70
"nondier2002",70
"croinin1995",70
"oppenheimer2007",70
"owen1999",70
"paterson2001",70
"pirenne1939",70
"reuter1985",70
"richards2000",70
"ridel2007",70
"roesdahl1991",70
"santiagoirizarry2008",70
"sawyer1982",70
"scholz1970",70
"simek2004",70
"skre2001",70
"small1973",70
"stefansson2003",70
"vesteinsson2006",232
"wallace2003",70
"warner1976",70
"weber1992",70
"westerdahl2008",70
"wicker1998",70
"woolf2007",70
"wormald1982",70
"runicdictionary2016",68
"samnordiskruntextdatabas2016",68
"nilsson1996",241
"moltke1942",1155
"aughdal1979",1156
"baug2011",85
"baug2013",1157
"bergstrom2007",1158
"brodshaug1950",1159
"campbell1939",1160
"carelli1997",1161
"cederlund1964",1162
"christophersen1999",1163
"ek1962",1164
"fisher2004",1165
"forster2004",1166
"friisnd",1167
"granlund1956",1168
"grenne2008",1169
"gron1939",1170
"gron1942",1171
"hamilton1956",1172
"helberg2010",132
"helle1982",1173
"jensen1990",1174
"kaland1987",1175
"kristiansen2009",132
"processing2009",132
"kristensen1999",132
"molaug1982",132
"keysernd",132
"magnusnd",132
"petersen1951",1176
"reiersen1999",132
"resi1979",132
"rnregestanorvegica1989",132
"roesdahl1980",132
"sindbaek2005",43
"skaarup2009",132
"skjolsvold1961",45
"smith1999",1177
"steensberg1964",132
"steuer1987",278
"tengesdal2010",132
"vangstad2003",132
"viklund2007",132
"visted1975",132
"weber1984",1178
"weber1989",1179
"weber1999",132
"oye2002",1180
"oye2009",132
"bockman1997",1181
"gjerpe2005",1182
"glorstad2008",154
"gudmundsdottir2003",154
"hufthammer2016",154
"harke2014",154
"iversen1999",1183
"jezek2015",154
"kristoffersen2006",154
"meling2014",154
"metcalf1991",154
"moberg1992",1184
"mullerwille1977",1185
"ohlhaver1939",154
"roberts2015",154
"ronne2002",1186
"sauvage2005",154
"straume1984",1187
"wallander1989",1188
"ostigard2006",154
"fuglesang1986",241
"larsen1989",241
"andersson2005",161
"artelius2010",17
"borgeaud1987",1189
"boyend",56
"burke1989",56
"edmonds1999",56
"fernholm1982",56
"gosden1998",56
"hansson1991",56
"hemmendorff1980",56
"stenholm2004",56
"jennbert1991",56
"lindqvist2010",17
"lundborg2007",56
"nagy1976",56
"olson1968",56
"rudbeck1978",56
"stromberg2005",56
"zuesse1987",56
"ayliffe1990",1190
"balasse2003",1191
"batey1998",1192
"becker1998",1193
"becker2011",1194
"behre2008",1195
"benecke1982",1196
"bentley2006",259
"bosl2006",1197
"butzler1986",1198
"buzon2010",1199
"clementz2001",1200
"doppler2010",1201
"drouet2005",1202
"elsner1989",1203
"frei2011",1204
"fricke1998",1205
"fry2006",1206
"grupe2009",1207
"grupe2010",1208
"grupe2012",1209
"heinrich1987",1210
"heinrich2006",1211
"huster1983",1212
"jacomet2010",1213
"koch2007",1214
"kohn1996",151
"kohn2002",1215
"layman2007",1216
"leethorp1989",270
"lepiksaar1977",1217
"mewis2004",270
"miller2010",270
"mullerwille2002",1218
"newsome2004",1219
"oconnor2004",1220
"phillips2003",1221
"pieper1995",270
"reichstein1991",270
"reichstein1966",270
"rozanski1992",270
"schmolcke2006",1222
"schoeninger1984",270
"sjogren2009",259
"smed2002",270
"stephan2008",270
"stevens2006",270
"surge2005",270
"taastrom1999",270
"tieszen1991",270
"vogel1989",270
"vogel2002",270
"vonlehmann1986",270
"west2010",270
"dommasnes1976",224
"stylegar2010",1223
"stylegar2014",154
"straume1986",1224
"tarlow2016",26
"oye1985",154
"bmasstrom2001",56
"lindqvist2012",56
"adams1991",1225
"arnold2012",1226
"bailey1990",1227
"bailey2015",1228
"bailey2007",1229
"beck2014",1230
"becker1966",1231
"becker1971",1232
"berggren2009",1233
"bille2016",1234
"bloch1977",1235
"boivin2008",1236
"bowker2005",1237
"cobb2012",1238
"delanda2006",1239
"delanda2016",1240
"deleuze2005",1241
"edgeworth2012",1242
"eisenschmidt2013",1243
"ejstrud2000",1244
"fahlander2003",1245
"felding2013",1246
"fundfortidsminder2017",1247
"gell1992",1248
"gerritsen1999",1249
"gerritsen2008",1250
"gosden2015",1251
"gramsch1996",1252
"hamilakis2017",1253
"hansen2015",1254
"harris1989",1255
"holst1999",1256
"holtorf1998",1257
"holtorf2002",1258
"hvass1983",1259
"hvass1985",228
"ingold2010",1260
"jensen2005",1261
"joy2009",44
"larsen2007",1262
"laursen2017",1263
"lucas2005",1264
"lucas2008",1265
"lucas2012",1266
"mcanany2009",1267
"mikkelsen1998",228
"sekretariat1997",1268
"mikkelsen2016",1269
"moller2010",1270
"mud2014",1271
"muller1906",1272
"munn1992",1273
"nasman1987",127
"nativ2017",127
"olivier2011",127
"olsen1968",127
"pauketat2005",127
"pearson1994",127
"reynolds1994",1274
"rosenberg2010",127
"shennan1993",127
"slotsogkulturstyrelsen2017",127
"sorensen2015",127
"thomas1996",1275
"tornbjerg1998",1276
"tringham2000",127
"vanoyen2015",127
"villumsen2013",127
"witmore2013",127
"zimmermann1998",127
"anckers1993",265
"andersson1999",1277
"brown1991",265
"cassel2004",1278
"cnattingius1930",265
"foxhall2000",1279
"gilchrist2004",265
"jonsson2003",1280
"kallen2004",1281
"moberg1987",280
"olivier2004",1282
"palm2004",265
"ralph2005",265
"vandyke2003b",1283
"wessen1958",265
"widmark1993",265
"askvik1990",1284
"askvik2008",203
"askvik2014",1285
"bakmark2014",1286
"bazelmans2009",1287
"berglund1995",1288
"bos2005",1289
"bratrein1994",1290
"buchwald2005",203
"callmer1991",1291
"callmer1998",1292
"callmer2007",1293
"coupland2002",1294
"crosby1987",1295
"curta2007",1296
"delvaux2017",1297
"downham2011",66
"eldorhagen2001",1298
"ellis1969",1299
"ellmers1985",1300
"etchingham2014",1301
"feveile2000",43
"gardner2007",1302
"gaunt2000",1303
"hald1991",1304
"hansen2017a",1305
"hines1999",1306
"hodges2001",1307
"holand2003",1308
"holberg2015",1309
"holm2015",1310
"iversen2018",1311
"jansen2001",1312
"jellema1955",1313
"jesch2009",1314
"kars1983",85
"knol2017",1315
"koht1919",1316
"krol2006",1317
"lebecq1990",1318
"lebecq1999",1319
"ljungkvist2009",1320
"lonaas2001",1321
"moore1978",1322
"moore1983",1323
"myrvoll1991",85
"nasman1986",1324
"nicolay2005",1325
"nicolay2017",1326
"nilsen2016",1327
"corrain1998",1328
"pilo2011a",85
"resi1990",203
"resi2008",203
"roesdahl1995",1329
"schreiner1928",1330
"sheehan2008",74
"sitzmann2008",1331
"sjovold1974",1332
"skre2018",1333
"sode2017",74
"stenvik1997",1334
"storli2006",1335
"svennung1967",74
"walther2004",74
"wickham2008",74
"wilson1985",74
"wood1983",1336
"plogmann2006",270
"bonde1994",1337
"brogger1917",95
"dybwad1908",95
"johansen2016",95
"kluwernd",95
"mullerwille1970",1338
"paasche2010",95
"grahamcampbell2004",1339
"thomsen2009",1340
"aud1996",1341
"aud1997",1342
"wamers2005",1343
"lennarrsson1999",1344
"brondsted1924",1345
"skovmand1942",1346
"wamers1991",1347
"lennartsson1999",1348
"andersen1995",1349
"brucemitford2005",1350
"roth2002",1351
"wamers1994a",224
"aud1992",1352
"aarsleff2008",1353
"adamsen1997",1354
"albrethsen2008",1355
"lindahl1984",1356
"thorvildsen1957",1357
"bradley1998",1358
"ambrosiani1984",1359
"bergstel1997",81
"bergsvik2001",81
"boaz1999",81
"skre1998",201
"strade1997",81
"solberg2000",59
"storli1994",81
"sorensen1979",81
"shetelig1917",1360
"norseng2010",95
"allmae2011",151
"andersen1991",1361
"axboe1995",1362
"baillie1982",1363
"baillie1973",1364
"bjorkvik1999",1365
"bonde1995",1366
"bonde1997",1367
"bonde2005",1368
"bonde2007",1369
"bonde1993",1370
"bonde1982",21
"bonde2009",1371
"brathen1982",1372
"brogger1951",1373
"brucemitford1964",1374
"carver1998",186
"christensen1995",1375
"christensen1993",1376
"christensen2003",1377
"christensen2007",1378
"christensen1994",1379
"christensen1998",1380
"eckstein1977",1381
"euforgen2009",1382
"evison2008",1383
"faegri1954",1384
"filmersankey1992",1385
"grieg1928",1386
"hines1992",1387
"hines1993",1388
"holand2001",74
"hulten1971",1389
"hutchinson1994",1390
"kaennel1995",1391
"lorangend",1392
"marsden1996",1393
"mullerwille1974",1394
"mullerwille1995",1395
"myhre1980",1396
"myhre1998",1397
"myking2011",1398
"naess1969",1399
"nasman1984",175
"nerman1948",175
"nordenborgmyhre2004",175
"opedal1998",175
"opedal2005",175
"peets2013",151
"reiersen2009",175
"roesdahl1994",175
"schetelig1902",175
"schetelig1906",175
"schetelig1912",1400
"shetelig1940",1401
"sorensen2001",1402
"sylvester2009",175
"vadstrup1994",175
"mcleod2014",74
"roesdahl2005",1403
"verhulst2002",74
"vinsrygg1979",74
"andersen1988",1404
"smith2007",3
"barret2006",1405
"barret2000",1406
"blackburn2008",97
"brink2008b",72
"brooks1979",147
"buckland1990",1407
"carver2004",1408
"crumlinpederson1995",1409
"downham2000",3
"forsyth1995",1410
"grahamcampbell1995",1411
"grahamcampbell1998",281
"grahamcampbell2001",144
"grahamcampbell2003",1412
"gudmundsson1965",1413
"hermannsaudardotir1991",1414
"hines1996",3
"howlet1999",1415
"metcalf2007",1416
"roesdahl2003b",1417
"myhre2003",1418
"paasche2006",1419
"ralston1997",1420
"randsborg1995",1421
"randsborg2000",1422
"smyth1984",1423
"wamers1998a",66
"weber1991",1424
"whitelock1961",1425
"mierow1915",74
"andersen1989",1426
"benderjorgensen2005",1427
"christiansen2004",1428
"cooke2002",1429
"cooke2005",1430
"damgardsorensen1998",1431
"dybdahl1990",1432
"eldjarn1988",1433
"eldjarn1990",260
"elstad2002",260
"elstad2004",260
"hoeghnd",260
"kastholm2009",260
"kaup1996",260
"kjellmo1996",260
"kvamme2004",260
"lightfoot1996",260
"lightfoot1997",260
"myhre2002",1434
"martensson2006",260
"norgard1999",21
"olsennd",260
"olufsennd",260
"rabben2002",1435
"traetteberg1999",260
"franckenwelz2003",260
"westerdahl1995",260
"amundsen2003",81
"alfsen1979",85
"baug2002",1436
"birkedahl1997",1437
"birkedahl2000",1438
"bl1923",85
"christophersen1991",203
"crawford2002",85
"gestsson1959",85
"morcken1964",85
"nielssen2014",1439
"nymoen2011",85
"pilo2007",272
"risbol1994",45
"schou2007",45
"schon1995",1440
"sigurdsson1999",1441
"jones1999",1442
"bill2013",43
"callmer1977",45
"gansum1995",43
"hinsch1945",1443
"hjardar2011",43
"hougen1993",43
"jankuhn1986",1444
"karageorghis1999",43
"kilger2008",1445
"kleingartner2014",1446
"larsen2011",1447
"martens1988",1448
"oye2011",43
"pedersen2001",43
"rispling2008",43
"ros2009",43
"sperber1996",1449
"steuer1997",1450
"wiker2006",43
"bender2002",260
"rasteicher2008",260
"brather1992",186
"capelle1978",1451
"capelle2000",186
"daly2011",186
"geary1994",1452
"holck2009",34
"krogh1982",1453
"kummel2009",186
"larsen2004",1454
"marstrander1986",186
"mullerwille1976",115
"mullerwille1992",186
"nicolaysennda",1455
"randsborg1998",1456
"roesdahl2008",1457
"sigurdsson2003",186
"steinsland2002",186
"vanhaperen2010",186
"berg2015",1458
"anderson1907",246
"becket2010",246
"curle1982",1459
"dickson2000",246
"edlin1973",246
"fentz1992",246
"grahamcampbell2002",281
"grieg1940",1460
"grieve1923",246
"harman1981",246
"loder1935",246
"morgan2012",246
"mcneillnd",246
"ottaway1992",1461
"allerton2007",1462
"barthes1971",1463
"barthes1986",1464
"bellamy2012",1465
"bender1998",1466
"blackwell2007",1467
"blackwell2012",1468
"brisholm1997",1469
"burstrom1996",1470
"burstrom1998",1471
"dannehl2009",1472
"demarrais2004",1473
"denzin1989",1474
"derrida1978",1475
"douglas1993",1476
"eckardt2003",1477
"elfver2008",1478
"epstein1991",1479
"foucault1978",1480
"friedel1993",1481
"gaitanammann2005",1482
"gilchrist2000",1483
"gildonnd",1484
"golofast2003",1485
"gordon2009",1486
"gosden2005",23
"halse2006",1487
"hamilakis1999",1488
"hardh1996",152
"heffernan1988",1489
"herva2010",1490
"hibbert1969",1491
"hicks2010",1492
"hodder2012",1493
"holtorf2001",1494
"holtorf2008",1495
"hoskins1998",23
"humphrey2003",1496
"johnsonnd",1497
"jonsdottir1982",1498
"jonsson1997",1499
"joy2000",1500
"joyce2000",1501
"kilnernd",1502
"kopytoff1986",23
"lamb2011",1503
"lamotta2012",1504
"latour1992",1505
"lindqvist1936",1506
"martindale2009",1507
"mcnaughton2006",1508
"meskell2004",1509
"meskell2005",1510
"michell1982",1511
"miller2000",1512
"nevett1999",1513
"novarr1986",1514
"olsen2003",1515
"olsen2010",1516
"olsen2012",1517
"ostergren1990",1518
"polkey1999",1519
"roos2003",1520
"roymans1995",199
"shanks1998",199
"sofaer2007",199
"spangen2005",1521
"stewart1993",199
"strathern1988",199
"thompsonnd",199
"tilley1996",199
"valenze2006",199
"vellinga1999",199
"weiner1992",59
"wilson2008",1522
"witmore2007",199
"woolf1967",199
"armstrong2017",1523
"boggs2016",1524
"boyd2009",261
"cooper2012",1525
"costanza2007",1526
"crumley1993",1527
"crumley2015",1528
"ipcc2014",1529
"lane2015",1530
"nelson2016",1531
"nielsen2013",1532
"obrien2012",1533
"odlingsmee2013",1534
"riede2018",1535
"rockman2009",1536
"rockman2012",1537
"svenning2013",1538
"whitehead1998",1539
"schetelig1917",1540
"andersson2007",261
"biddle1976",261
"christiansen2006",261
"dommasnes1982",224
"easthope2004",261
"flanders2004",261
"geraghty1996",1541
"gonzalesmarcen2008",261
"hall1994",261
"hamerow2002",228
"hurley1997",1542
"jesch1991",34
"kelly1988",1543
"mcalister2003",261
"milek2006",1544
"munch2003",1545
"osullivan2008",1546
"corrain1983",261
"corrain2005",261
"perring1981",1547
"reilly2003",261
"simpson1999",1548
"simpson2006",261
"stocker2003",1549
"valante2008",1550
"wallace1992",261
"wallace2000",261
"wallace2005",261
"wallace2008",1551
"andersson2000",280
"artursson2005",1552
"bantelmann1975",1553
"beck2004",1554
"bennett2005",1555
"bjorhem1993",1556
"boozer2015",1557
"boye1992",1558
"boye1998",1559
"carlie2005",1560
"carlie2008",1561
"carstens2015",1562
"christensen1973",1563
"christensen2015",123
"eriksen2009",1564
"ethelberg2003",228
"ford1954",1565
"fowler2017",1566
"gjerlevsen2013",1567
"gram2006",1568
"graslund1987",1569
"hakansson2012",1570
"hansen1991",1571
"harrison2011",1572
"hatt1928",1573
"heimer2009",1574
"heimer2006",1575
"herschend1993",1576
"hill1972",1577
"hvass1980",1578
"jensen1986",1579
"jensen1987",1580
"jessen2012",1581
"jessen2003",1582
"jorgensen1995",1583
"kling1984",1584
"komber2001",1585
"komber1999",1586
"krieger1944",1587
"kristensen2015",1588
"lucas2014",1589
"lucas2016",1590
"martens2005",1591
"mikkelsen2003",1592
"mimisson2016",1593
"moller2009",1594
"nielsen1980",1595
"nielsen1998",1596
"nissen1998",1597
"norlund1948",1598
"normark2009",1599
"normark2010",1600
"nylen2009",1601
"olesen1998",1602
"pagh2007",1603
"pedersen2012",1604
"petersen2010",1605
"poulsen2014",1606
"rasmussen1994",1607
"rouse1960",1608
"schietzel1981",49
"schmidt1994",1609
"schultz2015",1610
"siemen2014",1611
"skov1994",1612
"sorensen2011",1613
"sorensen2017",89
"sovso2013",89
"spaulding1953",89
"steward1954",89
"stouman1980",89
"tornbjerg2002",89
"vale2017",89
"villumsen2017",89
"waterbolk1994",89
"witmore2014",89
"zimmermann2001",89
"gale2000",246
"graslund1980",161
"acker2007",1614
"andersen1993",1615
"aethelweard1962",1616
"bell1969",1617
"bill1991",1618
"bill2009",1619
"bill2015",1620
"bill2018",1621
"birgisson2008",1622
"bischoff1998",1623
"bonde2011",1624
"bratt2004",1625
"brookes2007",1626
"bruce2002",1627
"brucemitford1952",1628
"brucemitford1978",1629
"byock2013",1630
"cannell2011",1631
"capelle2004",1632
"carver1992",1633
"carver2000",1634
"chase1981",1635
"christensen2016",1636
"crosman1980",1637
"crumlinpedersen1991",1638
"crumlinpedersen1997",1639
"crumlinpedersen2002",1640
"daly2007",1641
"damico2015",1642
"dronkeduchatellier1908",1643
"dusse2013",1644
"engevik2011",1645
"englund1979",1646
"ericsson2005",1647
"farbregd1969",1648
"fett1936",1649
"fidjestol1994",1650
"filmersankey1990",1651
"filmersankey2001",1652
"frank1997",1653
"friisjensen1984",1654
"fritzner1973",1655
"fulk2012",1656
"goeres2015",1657
"grammaticus2005",1658
"grimes2013",1659
"hedeager1996",1660
"hedeager2000",1661
"helgesson2004",1662
"henriksen2016",1663
"holst2017",1664
"hulth2013",1665
"jonsson1923",1666
"krag1991",1667
"krag2012",1668
"larsson2011",1669
"lawson1981",1670
"leontev2017",1671
"lindow1997",1672
"ljungkvist2008",191
"lorangenda",1673
"lonnroth1986",1674
"madsen1997",1675
"malmer1966",1676
"marold2012",1677
"maryon1946",1678
"meri2002",1679
"montgomery2000",1680
"mooney2016",1681
"mundal2018",1682
"myhre1966",1683
"myrvoll2014",1684
"neidorf2016",1685
"newton1993",1686
"nicolaysenndb",1687
"nordman1987",1688
"norr1998",1689
"north2007",1690
"north2011",1691
"jorgensen1999",1692
"opedal1996",1693
"oskarsdottir1994",1694
"ostigard2015",1695
"pedersen2003",1696
"petersen1927",1697
"poel2016",1698
"pollington2008",1699
"ramskou1976",1700
"rieck1988",1701
"ringstad2004",1702
"risberg2011",1703
"sapp2000",283
"schetelig1905",283
"schon1999",283
"sellevold1998",283
"shetelig1929",283
"skre2014",283
"sorokin1997",283
"spurkland2005",283
"stefanovich2016",283
"steinsland1991",283
"stenvik1996",283
"sturluson1982",283
"sundqvist2000",1704
"sorensen2006",283
"turvillepetre1964",283
"varenius1992",1705
"vestergaard2007",283
"warmind1995",283
"appadurai1986a",23
"dionysiusnd",199
"amorosi1997",1706
"arnalds2004",1707
"atalay2012",1708
"balee2006",1709
"bolender2012",1710
"bolender2008",1711
"bourdieu1980",1712
"braje2015",1713
"braje2013",1714
"briggs2006",1715
"brownlow2006",1716
"butzer1975",1717
"caseldine2010",1718
"catlin2011",1719
"catlin2013",1720
"catlin2014",1721
"chadwick2013",1722
"chase2014",1723
"correia2013",1724
"crofts2011",1725
"cronon1991",1726
"crumley2003",1727
"crutzen2000",1728
"dasmann1976",1729
"dugmore2004",232
"dugmore2009",1730
"earle2002",1731
"einarsson2015",1732
"ensor2003",1733
"fisher2005",1734
"fisher2009",1735
"foley2013",1736
"hicks2014",1737
"hilger2015",1738
"hill2009",1739
"hodder2004",1740
"ingold1993",23
"johnson2012",1741
"kennett2013",1742
"klein2015",1743
"lansing2007",1744
"larkin2013",1745
"lefebvre1991",1746
"lentfer2002",1747
"lightfoot1998",1748
"logan2013",1749
"mcgovern2007",1750
"melville1990",1751
"mitchell2003",1752
"morton2013",1753
"mrozowski2006",1754
"mrozowski2011",1755
"norgaard2011",1756
"ogilvie2010",1757
"palsson2013",1758
"redman2005",1759
"reitz2012",226
"robin2006",226
"rull2013",226
"steffen2011",226
"steward1955",226
"streeter2013",226
"streeter2015",226
"stump2013",226
"thomson2006",226
"thorarinsson1944",1760
"thorhallsdottir2013",226
"vandenoort2013",226
"vanderleeuw2014",226
"wilson1989",226
"woodbridge2012",226
"young2007",226
"miller2012",1761
"arrhenius2009",254
"fleischer2003",254
"franceschi2005",254
"gabriel1991",254
"klaesoe2003",254
"larsen1991",254
"lindow2001",254
"mackeprang1935",254
"mango2002",254
"nielsen2001",254
"orsnes1990",254
"pesch2005",254
"petersen2005",1762
"roesdahl1977",1763
"thrane2005",254
"voss1990",254
"watt2003",254
"callan1927",1764
"brink2002",228
"brogger1945",1765
"falk2008",1766
"gjaerder1952",1767
"gjessing1943",1768
"gotfredsen2003",1769
"grieg1937",1770
"grotowski2009",1771
"gudni1945",1772
"hauck1973",1773
"hellers2012",1774
"hultgard2008",1775
"jesch2000",1776
"johns1982",1777
"kolstrup1993",1778
"korsvoll2011",1779
"lund1974",1780
"macleod2006",1781
"maixner2004",94
"mckinnell2004",94
"melsom2003",1782
"meyer1999",94
"ullerwille1985",94
"muncknd",94
"nordland1951",94
"price2013",72
"pyysiainen2004",94
"resi2013",94
"ritner1988",94
"roesdahl1998",94
"schetelig1920",1783
"thrane1998",94
"thurston1907",94
"weber2012",94
"wilk2000",94
"arrhenius1961",207
"imer2004",94
"adams2004",1784
"arndt2007",1785
"andersen2017",1786
"bagge2016",1787
"bagge2004",1788
"bauduin2009",1789
"callmer2009",1790
"corrochano2014",1791
"curta2011",1792
"deckers2017",1793
"deckers2012",82
"dobat2016",82
"eisenschmidt2004",82
"fried1994",82
"garipzanov2008",82
"gazzoli2011",82
"henstra2012",1794
"ijssennaggervanderpluijm2017",82
"jansson1997",1795
"jesch2004",82
"juul2017",82
"kleiminger1993",1796
"knol2001",82
"knol1993",82
"knol1999",82
"kramer2000",82
"kramer1996",82
"baume1952",82
"lebecq1983",82
"lund1990",82
"lund2003",21
"mcleod2007",82
"nelson2008",82
"nicolay2014",82
"nijdam2009",82
"nasman2006",116
"price2009",82
"prummel2000",82
"prummel2001",82
"pohl1998",82
"reimitz2008",82
"reuter1991",82
"richards2010",82
"roesdahl1996",1797
"roesdahl1992",82
"roxburgh2013",82
"samplonius1998",82
"sindbaek2008",116
"steuer1974",82
"tummuscheit2018",82
"urbanczyk2009",82
"wawn2002",82
"zettel1977",82
"benecke1994",1798
"bergmannnd",1799
"cluttonbrock1999",1800
"cluttonbrock2012",1801
"damm2000",1802
"davis1978",1803
"degerbol1933",1804
"driscoll2009",1805
"driscoll2007",1806
"engels2001",1807
"ewing1981",1808
"faure2009",1809
"french1988",1810
"gotfredsen2017",1811
"grigson1969",1812
"grigson1989",1813
"hatting1990",1814
"hatting1991",1815
"hatting2004",1816
"jansen1988",1817
"johansson1987",1818
"jorgensen1992",116
"kitchener1991",1819
"knospe1988",1820
"kratochvil1973",1821
"kratochvil1976",1822
"kratochvil1977",1823
"kveiborg2007",1824
"meadow1989",1825
"mohl1961",1826
"mohl1971",1827
"mohl2010",1828
"nyegaard1998",1829
"oconnor2007",1830
"ostergaard2016",274
"ottoni2017",274
"petrov1992",274
"pitakarnnop2017",274
"rantzau2015",274
"steineke2017",274
"tchernov1984",274
"tchernov1991",274
"tomtov2009",274
"tomtov2008",274
"tomtov2003",274
"neer2014",274
"vigne2015",274
"vigne2004",274
"zohary1991",274
"andersen2003",1831
"andrews1997",1832
"samling1985",1833
"auch2012",1834
"barrett2007",219
"becker1979",1835
"bencard1973",1836
"bencard1974",1837
"bencard1979",1838
"bencard1970",1839
"benderjorgensen1991",1840
"benderjorgensen2004",1841
"blackmore2001",1842
"bult1988",1843
"callmer1981",1844
"callmer1984",1845
"capelle1980",1846
"croix2014b",1847
"demannd",1848
"ennen1972",1849
"feveile2010",1850
"feveile1998",1851
"frandsen1986",1852
"frandsen1987",1853
"frandsen1988",1854
"frandsen2006a",1855
"haarnagel1941",1856
"haarnagel1963",1857
"hamerow2007",1858
"hamerow2011",1859
"harris1975",1860
"helle2006",1861
"herrmann1978",1862
"herrmann1982",1863
"herschend2009",161
"hines1994",1864
"hodges1988",1865
"hodges1996",1866
"jagodzinski1991",1867
"jankuhn1971",1868
"jankuhn1985",1869
"kuzmin2000",1870
"lucas2001",1871
"lundstrom1981",1872
"malcolm2003",1873
"milek2007",1874
"olsen1975",1875
"reynolds1977",1876
"sedov1985",1877
"siegmuller2010",1878
"stanislawski2011",1879
"steuer1980",1880
"steuer2007",1881
"stiff2001",1882
"sovso2010",1883
"ufkes2011",1884
"urbanczyk1994",1885
"urbanczyk2007",1886
"vanes2009",1887
"bredsdorff1973",141
"mauritsen2015",141
"tornbjerg1989",141
"cluttonbrock1984",274
"adamsen2009",1888
"adriansen2003",1889
"andersen2010",1890
"asingh2001",1891
"axboe2010",1892
"bjornskov2011",1893
"voncarnapbornheim2012",1894
"christiansen2008",1895
"fabech1999",1896
"fabech1995",1897
"fischer1983",256
"garrison2009",1898
"gregory1984",1899
"hansen2012",1900
"hardh1999",1901
"hardh2003",1902
"hedeager2001",1903
"henriksen2000",1904
"henriksen2010",1905
"henriksen2011",1906
"horsnaes2002",1907
"horsnaes2010",1908
"iversen1993",1909
"jorgensen2001",1910
"kristiansen1981",1911
"makeler2003",1912
"moesgaard2009",1913
"museumsloven2006",1914
"nielsen2012",1915
"nielsen1993",131
"olsen2009",131
"paulsson1999",256
"petersen1991",1916
"rasmussen2007",131
"sorensen1991",1917
"eds1998",131
"thrane1991",131
"thomas2012",1918
"ulriksen1994",131
"ulst2012",131
"ames2012",1919
"angelbeck2012",1920
"bican1992",1921
"brink1998",1922
"callmer1995",1923
"carballo2016",1924
"carlsson1989",1925
"christaller1933",1926
"christensen2014",1927
"crumley1976",1928
"dam2015",1929
"earle2015",180
"fabech1998",21
"foucault1980",180
"foucault1997",180
"gammeltoft2012",1930
"giddens1976",180
"gogsigjakobsennd",180
"helgesson1998",180
"hirth1996",180
"iversen2011",1931
"jorgensen1998",180
"larsson2003",180
"mcguire1996",180
"myrdal2011",180
"ramskou1970",180
"saitta1998",180
"skre2010",1932
"trigger2003",1933
"ulsig2011",180
"aarissorensen2004",274
"abrams1989",1934
"aufderheide1998",1935
"barnes1994",1936
"bass1995",1937
"beard2000",1938
"brettell2012",1939
"brothwell1972",1940
"buckberry2004",1941
"buckberry2007",1942
"buckberry2010",1943
"buckberry2002",1944
"cox2000",1945
"darling2003",263
"daux2008",1946
"ericson1985",1947
"evans2006",1948
"evans2010",263
"evans2012",1949
"hadley1997",1950
"hadley2000",183
"hadley2001",1951
"hadley2002",1952
"hadley2005",1953
"hall2000",173
"hamilton2014",173
"hedges2007",1954
"iscan1984",173
"iscan1985",173
"liden1994",173
"longinelli1984",1955
"lovejoy1985",1956
"lucy2005",173
"map2005",173
"maresh1970",173
"mays2000",173
"meindl1985",173
"montgomery2007",173
"montgomery2009",173
"montgomery2011",173
"rasmussen2001",141
"tornbjerg1994",141
"adams1992",1957
"aldeias2016",1958
"arroyokalin2017",1959
"baneijea2015",1960
"barker1977",1961
"benyarku2005",1962
"berggren2003",1963
"borderie2015",1964
"borderie2019",1965
"bowsher2007",1966
"burch2011",1967
"canti2001",1968
"carver2005",1969
"carver2009",1970
"carver2012",1971
"carver2016",1972
"carver2015a",1973
"chadwick1998",1974
"clark1992",1975
"courty1989",195
"deroo2016",1976
"doneus2005",1977
"drewett1999",1978
"fao2006",1979
"fedele1984",1980
"c2006",1981
"feveile1984",1982
"frandsen1984",1983
"french2015",1984
"friesem2017",1985
"galeazzi2016",1986
"gasche1983",1987
"ge1993",1988
"geus2018",1989
"goldberg2003",1990
"heimdahl2005",1991
"hodder1992",1992
"hodder1997",1993
"huisman2017",1994
"hummler2015",1995
"jupiter2018",1996
"karkanas2018",1997
"kimball2016",1998
"kooistrand",1999
"kraling2014",2000
"kristiansen2014",2001
"krupski2017",2002
"langohr1994",2003
"larsson2001",2004
"larsson2009",2005
"macphail2010",195
"macphail2003",2006
"mallol2017",2007
"g2017",2008
"nicosia2013",2009
"opitz2015",2010
"pavel2012",2011
"rentzel2017",2012
"ropke2017",2013
"roskams2001",2014
"saunders2000",2015
"schiffer1987",2016
"sode2010",2017
"stoops2003",2018
"tassie2015",2019
"turney2005",2020
"valente2017",2021
"vanriel2016",2022
"vepraskas2018",2023
"verleyen2017",2024
"vince1995",2025
"weiner2010",2026
"westman1994",2027
"wouters2018",2028
"wouters2019",2029
"wouters2017",2030
"jorgensen1991",2031
"riberhus1990",2032
"posthusskulptur1993",2033
"adderley2010",2034
"akeret2001",2035
"bellens2012",2036
"ball2009",2037
"borderie2011",2038
"brown1984",2039
"bullock1985",2040
"cammas2000",2041
"cammas2001",2042
"davidson2003",2043
"devos2012",2044
"devos2009",2045
"devos2011",2046
"fechner2004",2047
"fondrillon2007",2048
"fondrillon2009",2049
"fredlund1994",2050
"french2003",2051
"gebhardt1999",2052
"goldberg2006",195
"guelat1998",2053
"guttmann2006",2054
"jacobs2010",2055
"kaplan1992",2056
"kiden1991",2057
"kiden2006",169
"langohr2001",169
"langohr1976",169
"macphail1994",2058
"macphail2001",195
"macphail2004",195
"macphail2007",195
"madella2012",169
"madella2005",169
"matthews2010",169
"nicosia2012",2059
"pape1966",169
"pieters1990",169
"romans1983",169
"simpson1998",169
"simpson2000",169
"simpson2005",2060
"tys2010",2061
"vandewalle1961",169
"vanes1980",169
"vanheeringen1995",169
"verhaeghe2005",2062
"verhulst1978",169
"vrydaghs2004",169
"vrydaghs2007",169
"wood1978",169
"wouters2012",2063
"sorensen2007",131
"tymorsdetektor2012",131
"watt2000a",2064
"randsborg1994",131
"ulriksen2013",131
"randsborg2007",131
"portableantiquitiesscheme2012",131
"leethorp2008",173
"tainter1988",2065
"hegmon2008",2066
"vesteinsson2007",2067
"vesteinsson2010",232
"mcgovern2009",2068
"church2005",2069
"trigg2009",2070
"fredskild1991",2071
"adderley2005",2072
"adderley2006",2073
"mcgovern2006",2074
"perdikaris2007",2075
"perdikaris2008",2076
"karlsson2000",2077
"mainland2005",2078
"brewington2010",2079
"meldgaard1986",2080
"vesteinsson2004",50
"church2007",2081
"arnalds1987",50
"sveinbjorndottir2010",50
"mcgovern1988",50
"arneborg2004",50
"berkes2000",50
"mcintosh2000",50
"vasey1996",50
"mikkelsen2008",50
"barlow1997",50
"patterson2010",50
"meeker2002",50
"oppenheimer2003",50
"ogilvie2009",2082
"cantor2001",50
"mageroy1993",50
"gullov2008",2083
"ogden2007",173
"yorkarchaeologicaltrust1998",2084
"ackermann1999",2085
"agren2007",2086
"ambrosiani2008",2087
"anundsen1985",2088
"bill2010",2089
"bird2008",2090
"brogger1916",2091
"carver1994",2092
"challis2006",2093
"chappell1986",2094
"church2011",2095
"cuslrg2013",2096
"clark2009",2097
"crutchley2010",2098
"davis2000",2099
"doneus2011",2100
"doneus2013",2101
"ekman1996",2102
"ekman2009",2103
"eliassen2009",2104
"falck2013",2105
"fleming1998",2106
"gansum1997",2107
"gansum2007",2108
"gansum2008",2109
"gansum2009",2110
"gron1998",2111
"hafsten1983",2112
"hedeager1988",2113
"henningsmoen1978",2114
"hesnard2004",2115
"hesse2010",2116
"jerpasen1993",2117
"jerpasen1996",2118
"keller1993",2119
"keller1994",2120
"kierulf2012",2121
"klakegg1991",2122
"kokalj2011",2123
"lambeck1995",2124
"lambeck2010",2125
"lisiecki2005",2126
"mangerud2011",2127
"mitrovica2010",2128
"morhange2010",2129
"myhre1994",2130
"myhre1996",1
"myhre2013",2131
"nhs2011",2132
"nicolaysennde",2133
"ostigard2009",2134
"olesen2004",2135
"otvos2000",2136
"passe2001",2137
"pirazzoli1991",2138
"persson2008",286
"persson2011",286
"persson2012",286
"pirazzoli1996",286
"pugh2004",286
"risbol2009",286
"simpson2012",286
"solberg2003",2139
"sorensen1999",286
"stabell1980",286
"stular2012",286
"tartaron2013",286
"trinks2007",2140
"vestol2006",286
"vorren2008",286
"watts2001",286
"wehr1999",286
"westerdahl1996",286
"woodroffe2002",286
"abulafia2011",2141
"angenendt2008",2142
"armstrong2009",2143
"arrhenius2011",2144
"augenti2010",2145
"battaglia2001",2146
"behr2014",2147
"museum2009",2148
"bougard2008",2149
"bowden2012",2150
"broodbank2013",2151
"mullerwille2007",2152
"dietrich2012",2153
"doherty1985",2154
"ekelund1994",2155
"gelichi2010",2156
"gelichi2013",2157
"gelichi2012",2158
"henning2007",2159
"henning2008",2160
"herschend1992",2161
"hill1997",2162
"horden2000",2163
"kelly2000",2164
"kocabas2008",2165
"lane2000",2166
"lebecq2000",2167
"liebeschuetz2000",2168
"loveluck2005",2169
"loveluck2007",2170
"loveluck2012",2171
"lowe2006",2172
"maldonadoramirez2011",2173
"marazzi2004",2174
"marsawa2011",2175
"mccormick1997",2176
"mccormick2007",2177
"mithen2011",2178
"mullerwille2010",2179
"nielsen1994",2180
"dwyer1981",122
"maidin1996",122
"osullivan2013",122
"skre2012",122
"soderberg2004",122
"arbman1943",161
"barrett1991",2181
"belk1988",44
"bruck2004",44
"carlsson1983",2182
"devlin2007",2183
"fowler2004",23
"eriksson2014",44
"gosden2004",2184
"imer2011",44
"jones2005",2185
"keynes1983",2186
"king2004",44
"krause1966",44
"lemonnier2012",44
"maixner2005",2187
"parkerpearson1999",154
"pearce2013",44
"linder2014",44
"stenberg2007",44
"stenberg2008",44
"akademiens2014",44
"thunmarknylen1983",44
"thunmarknylen1986",44
"thunmarknylen1998",2188
"tolkien1954",44
"tollerton2011",44
"tsigaridasglorstad2012",2189
"webmoor2008",2190
"alberti2016",2191
"ambrosiani1993",2192
"aries1962",2193
"bo1967",2194
"backe1993",2195
"bantelmann1955",2196
"bloch1995",2197
"brink2012",2198
"brown2008",2199
"bruck1999",2200
"callow2006",2201
"cannon2015",2202
"capelle1987",2203
"cuijpers1999",2204
"dedet1990",2205
"eriksen2010",2206
"eriksen2015",2207
"gamble2007",2208
"gejvall1955",2209
"gell1998",2210
"gottlieb2004",2211
"grindkasa2012",2212
"haarnagel1979",2213
"hamerow2006",2214
"hamilakis2013",2215
"hansen2006",2216
"harris2010",2217
"hausfater1984",2218
"holck2008",2219
"hrdy1992",2220
"hrdy1999",2221
"jones2010",2222
"jorgensen2014",2223
"kamp2001",2224
"karsten1994",2225
"kaul2003",2226
"lally2011",2227
"lally2008",2228
"lancy2008",2229
"lillehammer1989",2230
"lillehammer2008",2231
"lillehammer2011",110
"lunde2011",2232
"menotti2014",110
"meskell2002",110
"mithen2000",110
"moore2009",110
"mundal1987",2233
"mundal1988",2234
"murphy2014",110
"naumann2012",110
"nielsen1987",110
"nielsen1986",2235
"pentikainen1990",110
"renck2000",2236
"roslund1990",110
"runge2009",110
"sawyer1992",2237
"scheperhughes1992",110
"schlabow1953",110
"schutz2001",110
"sellevold1987",110
"sofaerderevenski2000",2238
"tarlow2000",2239
"toedter2001",110
"ucko1969",110
"viveirosdecastro2004",110
"welinder1998",2240
"domeij1994",124
"domeij2004",2241
"shetelig1944",124
"steuer1994",124
"tomasdotterjakobsson1992",124
"tilley1994",124
"verhulst1999",122
"wheatley1969",122
"wheatley1971",122
"wataghin2011",122
"wickham2012",122
"carver1993",122
"willemsen2010",122
"grimnesmal1985",2242
"landnamabok1997",2243
"andreeff2007",2244
"andren1993",26
"andren1997",2245
"arrhenius1970",2246
"bardseth2009",2247
"beck2010",2248
"bell1992",2249
"bertell2006",2250
"blanton1995",2251
"blier1987",2252
"heyerdahllarsen1995",291
"bourdieu1977",2253
"bradley2005",2254
"brendalsmo1992",2255
"carlie2006",2256
"davidson1964",2257
"davidson1968",2258
"davidson1993",2259
"decerteau1984",2260
"eriksen2011",2261
"feilberg1907",2262
"fendin2006",2263
"fredriksen2002",2264
"gardela2011",137
"gennep1960",2265
"geschwind2005",2266
"graslund1969",2267
"gurevic1969",2268
"hagberg1937",2269
"hallans1997",2270
"heide2006",2271
"herschend1997",2272
"hillier1984",2273
"holmquistolausson1990",2274
"holmquistolausson1996",2275
"holmqvist1961",2276
"holmqvist1933",2277
"johansson1993",2278
"kaliff1997",2279
"kjos2009",2280
"komber1989",2281
"kristensen2010",96
"kristoffersen2000",2282
"kristoffersen1999",2283
"kristoffersen2010",96
"lakoff1980",2284
"lang1984",176
"larrington2007",19
"petersen1933",19
"ramqvist1992",2285
"reynolds2009",137
"rodsrud2007",195
"ronne2008",19
"rundkvist2012",2286
"sander1997",19
"schmidt1999",2287
"skov2002",19
"soderberg2006",2288
"solheim1965",19
"steinsland2005",23
"stutz2006",2289
"stutz2008",19
"stutz2010",19
"trumbullnd",19
"tuan1977",19
"turner1967",19
"turner1977",2290
"unwin2007",19
"unwin2009",19
"weibull1911",2291
"weibull1918",19
"wilson1988",2292
"wylie1985",19
"dansgaard1964",151
"eriksson2008",192
"fischer2007",192
"fuller2003",263
"hillson1996",192
"hoppe2003",192
"ingramnd",192
"aberg1987",2293
"birck1986",192
"chenery2010",2294
"muldner2005",192
"oneil1994",192
"polet2003",192
"privat2007",192
"richards1998",176
"schroeder2013",192
"sealy2001",204
"sealy1995",263
"vennemann2002",192
"voerkelius2010",259
"white1998",2295
"lecolle1985",192
"levinson1987",263
"liden1995",192
"lykoudis2007",192
"mann2003",2296
"moberg2005",2297
"montgomery2005",263
"montgomery2010",104
"almgren1967",2298
"ambrosiani1988",2299
"ambrosiani1995",2300
"ambrosiani1999",203
"arwidsson1989",2301
"burenhult1984",47
"carcopino1984",47
"ermatinger2015",47
"guliaev2003",47
"hall2016",2302
"hedenstiernajonson2018",47
"jones1968",97
"lancianind",47
"lindquist1978",2303
"lindquist1984",47
"ringstedt1997",2304
"roesdahl1992a",21
"sandberg1994",2305
"selling1940",2306
"stenberger1964",2307
"whittaker2006",2308
"carver2010",122
"yenikapi2008",122
"schulzedorrlamm1998",272
"baastrup2007",272
"baastrup2005",272
"haberstroh2008",272
"ramskou1950",272
"sovso2011",272
"ulriksen2003",272
"ulriksen2006",2309
"arrhenius1960",292
"behmblancke1973",2310
"birkedalchristensen1991",2311
"bode1998",2312
"callmer1999",2313
"carnapbornheim1997",2314
"drescher1983",2315
"fallgren2016",2316
"feveile2014",2317
"fiedel2011",2318
"frick1993",2319
"fuglesang1985",2320
"gjedssobertelsen1991",2321
"gjedssobertelsen1992",2322
"haackolsen2005",2323
"haldenby2010",2324
"hedegaard1989",2325
"hedegaard1992",2326
"hellesolesen1992",2327
"henriksen1998",2328
"henriksen2002",2329
"hines1997",2330
"hoilundnielsen1984",2331
"hoilundnielsen1991",233
"hoilundnielsen2011",2332
"hoilundnielsen2006",2333
"hardh2011",2334
"johansen1992",2335
"jouttijarvi2002",65
"klindtjensen1957",2336
"lonborg1999",2337
"madsen1990",130
"maixner2015",130
"mclean2007",130
"moesgaard2012",130
"moesgaard2008",130
"nerman1969",59
"reichstein1975",130
"sarauw2014",130
"schulzedorrlamm1986",130
"stromberg1961",2338
"trierchristiansen2017",130
"watt1991",2339
"wahlin2014",130
"zimmermann2015",130
"unmarknylen1981",2340
"bremen1975",2341
"tacitus2003",2342
"ambrosiani1985",2343
"andersen2009",2344
"andersson2008b",2345
"andren1991a",2346
"anglert2006",2347
"arne1937",2348
"arrhenius1986",2349
"artelius2008",2350
"biuw1992",2351
"bland1993",2352
"bradley2000",2353
"price2008f",2354
"back2009",2355
"carlie1998",2356
"ross1994",2357
"conti1999",2358
"rosengren1997",2359
"green1995",2360
"hannestad1986",2361
"hansen1989",2362
"hansen1996",2363
"hauck1984",2364
"ruprecht1992",2365
"hellberg1967",2366
"hjarthnerholdar2008",2367
"holmqvist1972",2368
"holmqvist1969",2369
"hultgard1995",2370
"ilkjaer1990",15
"jeppesen2004",2371
"johansen1989",2372
"johns1994",2373
"jong2001",2374
"jorgensen1994",130
"lamm1989",2375
"lamm1999",2376
"lindeblad2007",2377
"lundqvist1997",2378
"lundstrom1988",2379
"milburn1989",2380
"montanari2001",2381
"mortensen1988",2382
"myrberg2005",276
"nilsson1992",2383
"nylen1988",2384
"nasman1993",2385
"ringtved1991",2386
"sanden2001",2387
"sawyer1985",2388
"simek1993",2389
"skovgaardpetersen1981",2390
"price2008h",2391
"staecker1999",137
"strid1993",2392
"price2008i",2393
"sorensen2008",2394
"sorensen1985",2395
"sorensen2000b",2396
"savborg2003",13
"theuws2001",13
"thomsen1994",13
"thrane1987",13
"thrane1982",13
"vierck1981",2397
"vikstrand1996",13
"wes1992",13
"widgren1998",13
"stiegemann1999",272
"wieczorek2000",272
"st1916",2398
"croinin1997",2399
"jezek2011",2400
"macairt1983",2401
"schuldt2011",2402
"scott1978",2403
"byrne1973",2404
"warner1997",2405
"dunbabin2002",2406
"kelly2011",2407
"thiaw2011",2408
"toch2000",2409
"toch2014",2410
"mikulcice1973",2411
"machacek2013",2412
"kenny1986",2413
"kruse1995",2414
"borkovsky1954",2415
"graus1957",2416
"davidson1992",2417
"hanuliak1995",2418
"hope2010",2419
"redknap2004",2420
"hills1984",2421
"hirst1985",2422
"forexample1997",2423
"hall1978",2424
"machacek2010",266
"kjellstrom2009",2425
"aalto2014",7
"ahola2014a",7
"bartlett1993",7
"brondsted1979",7
"buko2008",2426
"fellowsjensen2008",7
"foote1970",2427
"gravesbrown1996",7
"hall2007",2428
"hannestad1970",7
"heininen2014",7
"ingstad1977",7
"jakobsen2015",7
"jansson1991",7
"kakonen1998",7
"konsa2008",2429
"laakso2014",7
"lamm1928",7
"mcdonald2014",7
"moesgaard2011",7
"mohen1992",7
"nerman1958",2430
"noonan1997",7
"pries2014",7
"rahtz1983",7
"richards2005",7
"rimbertnd",7
"roesdahl2012",7
"roslund2001",7
"sawyer1997",7
"schalin2014",7
"sindbaek2015",7
"stockmann2015",7
"talvio2014",7
"williams2013a",7
"winroth2014",7
"zak1963",7
"zak1967",7
"ulriksen2002",130
"hoilundnielsen1987",130
"barfod2016",2431
"callmer2001",2432
"christophersen2015",2433
"clark2007",2434
"costin2001",2435
"cotton1933",2436
"dobres2000",285
"dobres2014",2437
"feveile2001c",233
"c2006a",2438
"feveile2008",2439
"flad2007",2440
"gebers2004",2441
"henderson2000",2442
"hodges2000",2443
"holback1999",2444
"hybel2007",2445
"jacobs2016",2446
"jankuhn1983",2447
"jennings2016",2448
"jervis2016",2449
"latham2009",2450
"latour2005",2451
"leroigourhan1964",2452
"linaa2015",2453
"lonborg1992",2454
"lonborg1998",2455
"mainman2000",144
"neiss2012",2456
"oexle1992",2457
"oldeberg1966",2458
"orfanou2018",2459
"ottaway1970",2460
"parkinson2013",2461
"pirenne1927",293
"ramquist1992",293
"renfrew1994",293
"rimbert1961",293
"sage1984",293
"schortman2004",293
"smith2009",293
"smith2017",2462
"trigger1986",293
"ur2014",293
"voncarnapbornheim1996",293
"wailes1996",293
"wickham2009",2463
"wirth1938",293
"alberti2009",17
"andersson1997",17
"aspock2011",17
"effros2002",2464
"fahlander2008",2465
"fahlander2010",17
"fahlander2013",17
"fahlander2014",17
"gansum2004",2466
"hastrup1985",2467
"hedjakobsson2011",17
"holback2016",17
"holbraad2010",2468
"holbraad2017",2469
"holloway2008",17
"klevnas2015",2470
"klevnas2016",17
"kummel2005",17
"olsson2007",17
"orchard2003",2471
"orchard2004",2472
"perabo2017",2473
"runer2014",17
"salmond2014",2474
"stoklund2004",17
"tesch2015",17
"watts2013",17
"wickholm2008",17
"wikstrom2006",17
"williams1998",17
"williams2005",2475
"henning1992",266
"liebermann1903",266
"ludvikovsky1978",266
"campbell1998",266
"klaniczay1985",266
"mccormick2005",266
"obrien2005",266
"davies2010",266
"valante2000",266
"trestik2015",266
"kenny1987",266
"machacek2017",266
"aspock2008",2476
"galuska2004",266
"galuska2015",266
"schuldt1960",266
"mcdonough1995",266
"klaniczay1953",266
"arwidsson1942",2477
"arwidsson1954",2478
"arwidsson1983",2479
"behmblancke2003",2480
"boeheimnd",2481
"bohner1958",2482
"brucemitford1975",2483
"chaney1970",2484
"claessen1978",2485
"colgrave1992",2486
"cumontnd",2487
"dagron2003",2488
"ellmers1970",2489
"erkens2002",2490
"filmersankey1996",2491
"frazernd",2492
"funcken1977",2493
"gage1988",2494
"goodman1969",2495
"hagen1992",2496
"hanke2001",2497
"harke1992",12
"hopetaylor1977",2498
"johansen1932",12
"krausse1999",12
"latte1988",12
"lind2003",12
"mercer1929",12
"minkenberg2003",12
"ullerwille1970",12
"nielsen1996",12
"oconnor1989",2499
"pieper1989",12
"richards1992",12
"service1971",12
"siebert1999",12
"sten1988",2500
"stepper2003",12
"steuer2004",12
"vadstrup1997",12
"devries1956",2501
"werner1986",12
"winkelman1996",12
"anthony1990",2502
"arnold1990",2503
"burmeister2000",2504
"clarke1973",2505
"dennell1996",2506
"haak2010",2507
"james1999",2508
"kohl1995",2509
"kristiansen2017",2510
"richards1996",2511
"schiffels2016",2512
"shennan2013",2513
"trigger1984",2514
"andersen2015",212
"andersen1984",212
"andersen2000",212
"andersen2001",212
"bolander2013",212
"borg1998",212
"feveile2016",212
"gabriel1988",212
"gross1993",212
"jacobsen2001",212
"jantzen1998",212
"kastholm2011",212
"klemensen2000",212
"knorr1938",212
"krabath2001",212
"madsen1999",212
"sabo2013",212
"skaarup2001",212
"jahrhundert1997",212
"skaarup2000",212
"timpel1987",212
"ulriksen2000",212
"voss1961",212
"wagnkilde1999",212
"wagnkilde1997",212
"beck2016",212
"bailey1984",2515
"ballard2003",2516
"bonacich1973",2517
"bradley1988",2518
"carey1997",2519
"cohen1971",2520
"collingwood1927",2521
"curtin1984",2522
"downham2009",2523
"downham2010",2524
"downham2012",2525
"edmonds2009",2526
"edmonds2014",2527
"edwards1990",2528
"freedman1960",2529
"gibbons2003",2530
"gourgouris2005",2531
"griffiths2004",2532
"james1978",2533
"jesch2008",2534
"johnson1999",2535
"johnson2004",2536
"lang1987",2537
"levi2001",2538
"markovits2002",77
"marstrander1916",77
"maxwell1998",77
"mcniven2003",77
"mcpherson1993",77
"murray2004",77
"nurse1985",77
"ocorrain1978",77
"ofloinn1987",77
"ofloinn1998",77
"oka2008",77
"omeara1982",77
"sheehan2001",2539
"sigurdsson2000",77
"smith1927",77
"stacey2007",77
"tan1979",77
"tan1993",77
"tsagarousianou2004",77
"wallace1987",77
"brink2006",13
"fabech2006",2540
"herschend2006",72
"lindqvist1941",235
"sorensen1994b",2541
"liden1996",13
"brink1996",2542
"albrethsen1986",2543
"amorosi1998",2544
"arneborg2000",2545
"barlow2001",2546
"berglund1986",2547
"bond1998",2548
"brewington2007",2549
"buckland1996",2550
"buckland1991",2551
"dawson2003",2552
"dennis1993",2553
"dugmore1991",2554
"dugmore2006",2555
"dugmore1994",2556
"edwards1982",2557
"kristjansson1993",2558
"krogh1974",2559
"lynnerup2000",2560
"lynnerup2003",2561
"mairs2006",2562
"mason1998",2563
"mayewski2002",119
"mcghee1984",2564
"mcghee2002",119
"mcgovern1979",119
"bones1992",119
"thomas2001",119
"ogilvie2000",119
"olafsdottir2001",119
"perdikaris1999",119
"petersen2000",119
"schledermann2003",2565
"seaver1996",119
"simpson2001",119
"spufford2006",119
"sutherland2000",2566
"vesteinsson2000",2567
"androshchuk2005",2568
"burstrom1990",2569
"callmer2004",2570
"christensen1981",2571
"christensen1997",294
"damsholt1984",2572
"dommasnes1979",2573
"dommasnes1991",2574
"ellis1943",2575
"p2008",2576
"ewing2006",2577
"gardela2009",2578
"graslund1994",189
"gron1994",2579
"harrington2007",2580
"smith2004",2581
"holck2006",37
"ingstad1992",2582
"jochens1996",2583
"jochens1998",34
"jorgensen2005",2584
"larrington1999",2585
"lauritsen2003",2586
"nordberg2002",2587
"paulsen1956",2588
"andersen1922",2589
"sellevold1984",2590
"skaarup1976",115
"stalsberg1991",2591
"stalsberg2001",2592
"stylegar2007",115
"vangpetersen2005",2593
"bolander2017",2594
"henrikson2001",2595
"henrikson2002",2596
"jensen2011",2597
"bakka1993",96
"bukkemoen2007",2598
"chapman1999",96
"barndon2006",2599
"gjerpe2007",96
"graslund1995",2600
"hanisch2000",96
"howardjohnston1993",2601
"kristoffersen1985",96
"lie1992",96
"lowenborg2012",2602
"magnus1983",96
"landbruk2008",96
"nielsen2007",2603
"robin2002",96
"soma2006",96
"tringham1995",96
"valum2011",96
"ostigard2007",96
"anglert1989",111
"andersson2001",111
"berglund2017",2604
"brendalsmo2006",111
"christie1974",111
"ellingsen2012",2605
"eidshaug2016",111
"forseth2017",111
"gronnesby1998",111
"guttormsen2002",111
"henriksen2007",111
"heaney1999",111
"herschend1998",126
"holmsen1976",111
"jensenius2010",111
"jensenius2018",2606
"mokkelbost2015",111
"nordeide2006",111
"rian1992",111
"roskaft2005",111
"sauvage2016",111
"skre1988",111
"steinsland1994",2607
"nielsen2002",2608
"aberg1995",2609
"blum2000",2610
"burton1999",2611
"frei2009",259
"grupe1997",2612
"gustafsson2000",2613
"horwitz1992",2614
"jorkov2010",2615
"knudson2004",2616
"larsen2006",2617
"pollard2011",263
"price1992",2618
"price1994",2619
"price1998",2620
"price2007",2621
"yoder2010",2622
"sugden1982",119
"vesteinsson2002",232
"bjorn1943",2623
"dronke1969",2624
"dronke1997",2625
"einar1934",2626
"ol1954",2627
"bordarson1935",2628
"faulkes1987",2629
"jonsson1929",2630
"jonsson1976",295
"palsson1972",295
"hollander2000",295
"hollander2002",295
"vesteinn2003",295
"wasko2006",295
"zaluskastromberg1973",2631
"zaluskastromberg1986",295
"adolfsson1995",295
"carelli2006",295
"arne1941",295
"arrenhius1961",295
"backdanielsson2001",295
"baines1977",295
"gardela2025",295
"heggstad2006",295
"ingstad1995",295
"jesch1996",295
"kristjansson2007",295
"kempinski2003",295
"kiil1960",295
"kosman1989",295
"kyhlberg1980",2632
"mckinnell2000",295
"mcturknd",295
"monsen1969",295
"moszynski1967",295
"motz1996",295
"neustupny2001",295
"nordstrom2006",295
"raudvere2003",295
"renfrew2000",295
"resiheid2002",295
"ringquist1969",295
"wallis2000",295
"wallis2001",295
"wujewski1991",295
"arneborg2002",119
"edvardsson2004",119
"lynnerup2007",119
"scudder2001",2633
"thorsdrapa1900",2634
"sourcesalberti2009",158
"amundsen2014",158
"bruck2013",2635
"carlie2004",158
"carsten1995",158
"cleasby1957",158
"gansum2003",158
"gerritsen1998",158
"herschend2003",2636
"ingold2006",158
"kristiansen2013",158
"levistrauss1983",158
"renck2008",158
"risbolnielsen1995",158
"thomas2015",158
"williams2001",158
"andrews2006",2637
"appelgren2007",2638
"appleby2013",2639
"aspeborg2007",2640
"burenhult2002",2641
"ersgard2006",2642
"hallansstenholm2012a",2643
"klevnas2013",2644
"latour1999",2645
"lundstrom2004",2646
"mejsholm2009",2647
"montell1996",2648
"nilssonstutz2003",137
"olausson1993",2649
"olofsson2006",2650
"salmond2012",2651
"theliander2010",2652
"vinberg2015",2653
"wuopio2015",2654
"skrede2005",2655
"glorstad2013",96
"helga2001",176
"andersen2002",2656
"sayer2009",2657
"ynglingesaga1979",2658
"alcock1991",2659
"als2006",2660
"barrett2001",2661
"bjorgo1995",2662
"blindheim1947",2663
"blindheim1976",2664
"blindheim1978",2665
"blindheim1981",2666
"bodal1998",2667
"boe1934",2668
"braathen1989",2669
"callaway1987",2670
"cessford1996",2671
"crane2002",2672
"damsholt2003",2673
"demarrais1996",2674
"enright1986",2675
"etchingham2001",2676
"fuglesang1972",2677
"goodacre2005",2678
"grahamcampbell1976",2679
"grahamcampbell1983",2680
"grahamcampbell1987",2681
"gupta1992",2682
"gustafson1900",2683
"hall2004",2684
"hammerton2004",2685
"harlow2004",2686
"hedeager1998",2687
"hedeager2005",2688
"hedeager2007",2689
"helgason2000",66
"helgason2001",2690
"hougen2006",2691
"janes1996",29
"jenkins1997",29
"johansen1973",2692
"jondell1974",29
"kaland1995",29
"kertzner1988",29
"larsen2001a",2693
"larsen1978",29
"levine2004",29
"macdermott1955",29
"magnus1975",29
"mahr1941",29
"malmius2003",29
"nieke1991",29
"nieke1988",29
"olsen2000",2694
"paisley2004",29
"pedersen2010",2695
"petersen1928",29
"ryste2005",23
"skibstedtklaesoe1999",29
"staecker2003",29
"stafford1998",29
"stenberger1958",2696
"stevenson1974",29
"stevenson1987",29
"stevenson1989",29
"stoler2002",29
"sveaasandersen1977",29
"trenchjellicoe1999",29
"tsigaridasglorstad2010a",29
"vandommelen2002",29
"whitfield2001",29
"whitfield2004",29
"wilson1973",29
"nilsson2007",2697
"hennius2008",256
"henriksen2003",256
"holme2000",256
"rundkvist2008",2698
"kristoffersen2009",96
"aqvist2006",2699
"arrhenius1990",2700
"bornaahlkvist1998",2701
"carelli2001",65
"carlsson1979",222
"rasmusen1999",222
"dodgshon1980",222
"fallgren1993",222
"gothberg2000",222
"gurevich1992",222
"herschend1988",222
"hoff1984",222
"hoffman1975",222
"holst2004",228
"hvass1988",228
"jorgensen1987",222
"kaldalmikkelsen1999",222
"liedgren1997",222
"lillehammer1999",161
"olsen1997",2702
"petersson2006",2703
"porsmose1988",2704
"rasmussen1999",222
"riddersporre1995",222
"ringstad1991",222
"roberts1987",222
"selinge2001",222
"sundqvist2002",2705
"thunmark1979",222
"allentoft2015",2706
"brather2004",203
"cabana2011",2707
"childe1929",2708
"greenblatt2009",2709
"harrison2007",2710
"lazaridis2014",2711
"muller2001",2712
"patterson2012",2713
"prescott2013",2714
"price2004",2715
"shennan1989",285
"skoglund2012",2716
"sigfusson1940",2717
"bjorn1943a",2718
"ol1934",2719
"kunz2001",2720
"larrington1991",2721
"tolkien1960",2722
"jakobsson2001",2723
"backdanielsson1968",2724
"carlsson1999",2725
"daviskimball2002",2726
"dieck1975",2727
"dillmann2006",2728
"dommasnes1978",2729
"davidson1972",2730
"davidson1996a",2731
"hedenstiernajonson2014",2732
"hernaes1984",2733
"katrin2005",279
"kalinke1986",279
"eldjarn2000",37
"lokka2014",279
"majchczack1997",279
"nadolski1954",279
"pestell2013",2734
"petersen1992",279
"sauckel2013",279
"samson1991",279
"straubhaar2002",279
"straubhaar2011",279
"strom1954",279
"svanberg2000",2735
"tolley2009",279
"riksantikvarieambetet2011",256
"henriksen2006a",256
"attar1990",259
"benson2006",259
"bergfjord2012",259
"frei2010a",259
"geus2004",259
"hald1950",259
"heier2009",259
"kohn1999",259
"mannering2011",259
"morita1986",259
"rosborg2003",259
"enright1996",2736
"albarella2004",297
"albarella2001",297
"degerbol1948",297
"dobney2001",297
"enghoff2005",297
"graslund2004",2737
"hamiltondyer2002",297
"zmbochenski2001",297
"hatting1998",297
"lepiksaar1966",297
"makowiecki2001",297
"mlikovsky2005",297
"muller1974",297
"oggins2004",297
"prummel1997",297
"serjeantson2011",297
"tomek2000",297
"tyrberg2002",297
"vretemark2010",297
"knipper2017",2738
"arrhenius1973",2739
"bennet1987",2740
"blidmo1976",2741
"blidmo1981",2742
"bratt2009",2743
"eraesko1965",2744
"eriksson2004",2745
"oxford1967",2746
"ferenius1971",2747
"fischer2004",2748
"fischer2005",2749
"fischer2009",2750
"fischer2008",189
"gronwall1995",2751
"gronwall2009",2752
"hauck1977",2753
"herschend1974",2754
"hoilund2000",2755
"horsnaes2008",2756
"jonsson1992",2757
"kyhlberg1985",257
"kyhlberg1999",257
"lallemand1965",257
"lamm1973",189
"lamm1972",257
"stockholm1976",257
"lorren1995",257
"lotter2003",257
"lundstrom1972",257
"magnus2008",257
"ostergren1981",257
"ramqvist1983",257
"selirand1985",257
"sjovold1993",257
"stjernquist1994",257
"waller1996",2758
"eldjarn1948",2759
"eldjarn1953",2760
"gelsinger1981",2761
"gragas1980",2762
"grinderhansen2000",239
"gulatingslovi1937",239
"helle2001",239
"holt1998",2763
"johannesson1969",239
"jonsson1993",239
"olafsson1990",239
"risvaag2006",239
"soga1978",239
"soga1981",239
"soga1994",239
"williams2000",239
"ostergren1989",2764
"fridriksson2000",2765
"keller2005",176
"artifact2000",176
"skovmann1942",176
"capelle1968",2766
"grahamcampbell1990",2767
"grahamcampbell1981",176
"lekberg2002",176
"stang1984",176
"blackburn1989",239
"haworth1990",239
"assmann1995",2768
"bogucki2004",2769
"duczko2000",2770
"filipowiak1958",2771
"filipowiak1992",100
"gorecki2002",100
"holtzmann1918",100
"jankuhn1934",100
"janocha1974",100
"janowski2009",100
"kara1991",100
"kola1946",100
"lowmianski1957",100
"morawiec1954",100
"nielsen1991",2772
"rajewski1937",100
"ratajczyk2011",100
"rebkowski2011",100
"sikora2012",100
"schulte1918",100
"wojtkowiak2013",100
"zak1957",100
"duczko1996",2773
"hennius2007",2774
"jahrehorn2014",187
"peets2010",151
"storli2007",187
"boddington1996",2775
"geake1992",137
"hockart1938",2776
"sherlock1992",2777
"tomicka1975",294
"andersen1985",2778
"mayor2014",2779
"regal2001",2780
"einarol1934",2781
"pedraza1991",224
"mcguire2009",224
"crowder2000",224
"reimers1999",224
"parle1995",224
"sjovold1917",224
"owen1994",224
"kobylinski1994",224
"halsall1996",224
"callow1995",224
"eldjarn1919",224
"townsend2000",176
"mytum2003a",176
"stummannhansen1996",176
"fanning2014",176
"larsen2000",176
"knudsen2007",176
"richards2007",2782
"haugen1979",176
"saxogrammaticus1996",2783
"miller1997",2784
"ambrosiani1990",2785
"barrett1997",45
"brogger1921",45
"bull1928",45
"hellan2014",45
"munch1962",45
"reitan2011",45
"resi1985",45
"rolfsen1977",45
"rundberget2007",2786
"rygh1905",45
"rysstad1928",45
"skar1909",45
"sperber2004",45
"steinnes1926",2787
"wenn2017",45
"wenn2016",45
"wiker2013",45
"alexandersen1998",2788
"behrensmeyer1978",2789
"binford1981",2790
"bliujiene2007",2791
"bridault1992",2792
"bronkramsey2013",2793
"carlie2002",2794
"carlie1993",2795
"degrossimazzorin2002",2796
"ewbank1964",2797
"faulkes1995",2798
"frei2013",2799
"goodman1990",2800
"grant1982",2801
"graslund2002",2802
"green1992",2803
"grimm2008",2804
"grimm2010",2805
"prummel2008",2806
"harris1931",2807
"hatting1978",2808
"hatting1985",2809
"helmer1987",2810
"henriksen2015",116
"hillson2000",2811
"jennbert2006",26
"jorgensen2012",2812
"koudelkand",2813
"kveiborg2013",2814
"lauwerier2002",2815
"legge1992",2816
"loumand2006",2817
"magnell2012",2818
"may1985",2819
"monikander2010",2820
"morey2010",2821
"morris2008",2822
"nilsson2003",2823
"nilsson2009",2824
"noenygaard1990",2825
"park1953",196
"payne1973",196
"primeau2012",196
"reimer2013",2826
"reitz1999",196
"russell2012",196
"schanche2000",2827
"scheuer2000",196
"schmid1972",196
"serjeantson1991",196
"shipman1984",196
"strom1985",196
"stuartmacadam1985",196
"ubelaker1989",196
"vanhaasteren1974",196
"vretemark1997",196
"referencesanderson2013",2828
"arundale1976",2829
"arundale1981",2830
"ascough2005",2831
"ascough2006",2832
"ascough2007",2833
"ascough2009",2834
"ascough2014",2835
"austin2006",2836
"birgisson2013",2837
"bronkramsey2017",2838
"buonasera2015",2839
"coltrain2003",2840
"coulthard2010",2841
"craig1957",2842
"darwent2016",2843
"dumond1987",2844
"dumond2002",2845
"einarsson2011",2846
"fitzhugh1993",2847
"fitzhugh2004",2848
"friesen2016",2849
"gronnow2017",2850
"hajdas2014",2851
"harritt1995",2852
"smith2012",2853
"smith2014",2854
"smith2015",2855
"smith2016",2856
"heron2010",2857
"holtved1944",2858
"isaksson2010",2859
"issenmen1997",2860
"jull1996",2861
"ledger2016",2862
"linnamae1975",2863
"mangerud1972",2864
"mangerud2006",2865
"maryrousseliere1976",2866
"maryrousseliere1979",2867
"mason1990",2868
"mathiassen1927",2869
"maxwell1973",2870
"maxwell1980",2871
"maxwell1985",2872
"mccullough1989",2873
"mcghee2000",2874
"mcghee2009",2875
"mcghee1976",2876
"morrison1983",2877
"morrison1989",2878
"nilsen2017",2879
"odess1996",2880
"odess1998",2881
"odess2004",2882
"olsson1980",2883
"ostergard2004",2884
"ostergard1999",53
"owen2002",53
"park1994",53
"park2004",2885
"petterson2013",53
"possnert1997",53
"raghavan2014",2886
"reimer2001",53
"rogers1998",2887
"sabo1980",53
"sabo1978",2888
"sayle2014",53
"sayle2016",53
"schledermann1978",53
"schledermann1980",223
"seersholm2016",53
"sinding2015",53
"sinding2017",53
"stuiver1986",53
"sutherland2002",2889
"tauber1979",53
"taylor1995",53
"tremayne2016",53
"arrhenius2001",59
"magnus1997a",2890
"bjgrgo1969",59
"gjessing1929",59
"gjessing1934",2891
"glgrstad2010",59
"lillios1999",2892
"magnus1999",59
"mannering2000",59
"munch1979",59
"nerman1975",59
"nylen1994",2893
"petersen1905",167
"petersen1907",2894
"ratke2006",59
"sjevold1974",59
"watt2004a",2895
"williams1966",59
"aberg1924",59
"palsson1989",2896
"nordal1933",2897
"adalbjarnarson1941",2898
"andrea2011",2899
"arnold1980",2900
"benstead2006",2901
"bjorck1995",2902
"craig2006",90
"delrio2005",90
"fogel1989",90
"fuller2004",90
"grupe1986",90
"habicht1985",90
"harbeck2009",90
"huhneosterloh1997",90
"husterplogmann2006",90
"imhof1977",90
"james1972",90
"jenkins2001",90
"konnor1980",90
"lemke2005",90
"marold2001",90
"jahrgang2002",90
"jonsson1944",2903
"palsson1962",2904
"arwidsson1986",2905
"jorpeland2013",2906
"bersu1966",37
"dickinson1992",2907
"duczko1989",2908
"dundes1992",39
"eniosova2009",39
"fuglesang1989",39
"gardela2017",39
"grinsell1973",39
"gustafson1906",39
"hansson1938",39
"henriksen2013",39
"hildebrandnda",39
"hjardar2012",39
"harke1990",39
"hardh1976",39
"jagodzinski2010",39
"kivikoski1946",39
"lorangendb",39
"makarov2017",39
"mannering2017",39
"meaney1981",39
"melin2001",39
"morck1900",39
"novikova1998",39
"olsson1986",39
"pestell2012",39
"petersen1917",39
"robb2001",39
"rudzinski2009",39
"ryghnd",39
"samdal1905",39
"schnittger1920",39
"simonsson1969",39
"stenberger1947",39
"stenberger1953",39
"stenberger1956",39
"thoren1994",39
"thunmarknylen2006",39
"wetzler2017",39
"stjerna1905",2909
"aanestad2015",66
"barrowman2011",66
"bond2016",66
"brundle2003",66
"carver2008",2910
"crawford1987",2911
"dockrill2010",2912
"forsyth2007",66
"gautier2016",66
"griffiths2010",2913
"ritchie1977",2914
"whitelock1979",183
"worsaaend",66
"arbman1933",280
"arbman1935",280
"grahamcampbell1992",2915
"kleinglrtner2007",280
"nordin1990",280
"paulsen1937",280
"pedersen1996",2916
"sundkvist2001",280
"sturluson1993",280
"soderberg2007",280
"tesch1990",280
"tesch2007",2917
"stockholm2007",280
"askeberg1942",97
"metcalf2003",97
"hakon2008",3
"ohs1985",3
"baastrup2013",49
"church2013",3
"dugmore2010",2918
"golledge2003",3
"gronnesby2015",3
"klaesoe1997",3
"myhre2000",3
"owen2004",3
"purcell2015",2919
"rockman2003",2920
"shetelig1927",3
"solli1996",2921
"stenvik2001",2922
"vandenoort2011",3
"weber1994",2923
"weber1996",2924
"westerdahl2015",3
"aiken1986",2925
"ambrosiani2000",2926
"carpelan1992",2927
"cassel2008",2928
"cleve1930",2929
"cleve1943",2930
"cleve1978",2931
"ross2001",2932
"edgren1992",2933
"edgren2001",2934
"edgren2008",2935
"emberling1997",2936
"engman1991",2937
"entwistle2000",2938
"fahlander2007",2939
"feldt2002",2940
"gardell2001",2941
"ginters1981",2942
"ginters1984",2943
"gosden2001",2944
"gustin2010",2945
"gustin2015",2946
"hagerman2006",2947
"hall1990",2948
"hall2010",2949
"hardh1984",2950
"holmquistolausson1993",2951
"fuglesang1992",2952
"hulthen1984",2953
"hvoshchinskaja2004",2954
"jaanusson1981",2955
"jaanusson1993",2956
"jansson1988",2957
"jansson1990",2958
"jansson1994",2959
"jansson2000",2960
"kaks1969",2961
"kapchan1999",2962
"kivikoski1937",2963
"kivikoski1938",2964
"kivikoski1951",2965
"kivikoski1964",2966
"kivikoski1969",2967
"kivikoski1973",257
"krylasova2008",2968
"valdemars1995",2969
"kuzminych1996",2970
"kyhlberg1973",2971
"laulumaa2002",2972
"lehtosalohilander1982",2973
"lehtosalohilander1983",2974
"lehtosalohilander1990",2975
"lehtosalohilander1992",138
"lehtosalohilander2000",2976
"ligi1993",2977
"lindstrom2003",138
"malarstedt1986",138
"markus1939",138
"meinander1957",138
"meinander1985",138
"pokrovskaja2001",2978
"selling1945",138
"selling1955",213
"sorensen1971",138
"svanbergskane1999",231
"taavitsainen1990",2979
"tarkiainen2008",138
"thalin1984",138
"uino1997",2980
"uino2006",2981
"wallerstrom2004",138
"wells1998",138
"wells1999",2982
"wiessner1989",282
"young1995",2983
"wilson2009",2984
"worrell2003",2985
"downham2017c",66
"baudou1963",280
"andersson2006",204
"bjerstaf2002",2986
"brorsson1998",2987
"carlsson1976",2988
"carlsson2008",2989
"clarke1993",2990
"dahlstrom2000",2991
"fallgren1994",2992
"gotfredsen2011",2993
"kidd1980",2994
"grandin2000",14
"gustafsson2009",14
"gustafsson2007",14
"hawthorne1979",2995
"hellqvist2011",14
"hjartnerholdar1999",14
"hoven1991",14
"huttu1996",14
"jakobsson1996",14
"jouttijarvi2005",219
"kirpichnikov2004",167
"lindeblad1996",14
"peets2003",14
"pettersson2005",40
"schmidt1977",172
"schvindtnd",14
"soderberg2011",14
"soderberg2002",2996
"thomsen2005",219
"wellinder2004",14
"aberg2006",14
"aspinall2011",231
"baker2013",2997
"bronkramsey2009",231
"brown2014",231
"hojdemodel2007",231
"dobat2009",231
"donat2000",231
"gaffney2003",231
"henning2002",231
"herold2012",231
"jacobsson1999",231
"jensen1988",231
"olesen2000",231
"olsen1999",231
"rindel2002",231
"roesdahl2002",231
"svanberg1999",231
"ulriksen1993",231
"abramson2016",2998
"ager2014",2999
"archibald2007",147
"baker2011",3000
"blackburn1998",3001
"blair2013",3002
"booth1983",3003
"brookes2013",148
"cameron1998",148
"cameron2010",148
"daubney2016",148
"dobat2017",3004
"edwards1991",3005
"everson2007",148
"haldenby2016",3006
"johnson2002",148
"langdon1993",148
"leonard2015",148
"loveluck1996",148
"macgregor2009",148
"mcleod2006",3007
"metcalf1960",148
"pagan1986",3008
"richards1999",148
"richards2004",148
"richards2013",3009
"richards2016",3010
"rogers1993",3011
"steedman1994",148
"stevenson1904",148
"bakka1983",3
"aguilar1986",3012
"bill2007",3013
"caldwell2014",3014
"carwardine1995",3015
"clark1947",3016
"dahl2003",3017
"espinoza1992",3018
"gardiner1997",3019
"haahrkristiansen1997",3020
"hallen1994",3021
"henriksen2009",3022
"holm2012",3023
"isaksen2012",3024
"karlsson2016",3025
"kjermichaelsen1992",3026
"kristensen2007",3027
"laist2017",3028
"lowenstein1993",3029
"lundkoksvik2010",3030
"lundkoksvik2013",3031
"lundqvist1986",3032
"mclees1990",3033
"mulville2002",3034
"nasman1990",3035
"nelson1969",3036
"nilsen2014",3037
"nordahl2001",3038
"petersen1914",3039
"riddler2014",3040
"sandberg1983",3041
"seiler2001",3042
"sjovold1966",3043
"skomsvoll2012",3044
"solberg2007",3045
"stauch1994",3046
"stylegar2005",3047
"svanberg2008",3048
"szabo2008",3049
"teixeira2014",3050
"wickler2012",3051
"arne1934",3052
"arwidsson1977",3053
"graslund2008a",189
"lindqvist1934",189
"lloydsmith2002",189
"madsen1996",189
"schulzedorrlamm2010",189
"schonback1957",189
"schonback2002",189
"hansen2008",3054
"sawyer1962",3055
"gould1903",3056
"biddle1992",3057
"sawyer1998",290
"ulmschneider2000",3058
"blackburn2011",144
"blackburn1994",3059
"blackburn2001",3060
"blackburn2007",144
"williams2007",144
"stocker2000",3061
"foster1924",182
"oswald1937",182
"pelteret1980",182
"pettersson2009",182
"pirie1997",182
"richards2009",148
"riley1995",182
"rowe2008",3062
"rowlandson2005",182
"russell2014",182
"sheehan2014",182
"stafford1980",182
"stein2012",182
"stein2013",182
"stein2000",3063
"whitwell1992",182
"williams2002",3064
"hurley2014",182
"abulughod1981",3065
"adger2009",3066
"alexandre1976",3067
"alexandre1987",3068
"ahdr2004",3069
"ahdr2015",3070
"arendt1958",3071
"arnalds1992",3072
"arneborg2008",3073
"batt2015",3074
"bell1978",3075
"bergthorsson1967",3076
"bergthorsson1969",3077
"blondal1999",3078
"bradley1992",3079
"bradley2016",3080
"brazdil1995",3081
"brazdil2005",3082
"boulhosa2012",3083
"campbell2016",3084
"camenisch2016",3085
"casely2007",3086
"crumley2007",3087
"demaree2001",3088
"diaz2011",3089
"dickson1988",3090
"dugmore2005",3091
"dugmore2013",3092
"dugmore2014",3093
"einarsson1994",3094
"garciaherrera2008",3095
"gragas2001",3096
"gudmundsson1997",3097
"gudmundsson2008",3098
"hambrecht2015",3099
"harrison2013",3100
"hartman2015",3101
"hartman2016",3102
"halldorsson1978",3103
"henriksen1995",3104
"hoffmann2014",3105
"holtsmark1956",3106
"hreinsson1997",3107
"ingimundarson1995",3108
"ingimundarson2010",3109
"ingimundarson1998",3110
"ingram1978",3111
"ingram1981",3112
"johannesson1956",3113
"johannesson1974",3114
"johannesson1928",3115
"jones2008",3116
"jones2004",3117
"jones2001",3118
"jonsbok2004",3119
"kristjansson1980",3120
"kirkbride2008",3121
"lamb1965",3122
"larsen1917",3123
"royladurie1972",3124
"ludlow2010",3125
"luterbacher2016",3126
"martinvide1995",3127
"mauelshagen2014",3128
"mcgovern2013",3129
"mcgovern2014",3130
"mcturk2004",3131
"miles2014",3132
"ogilvie1982",3133
"ogilvie1984",3134
"ogilvie1986",3135
"ogilvie1991",3136
"ogilvie1992",3137
"ogilvie1998",3138
"ogilvie2001",3139
"ogilvie2005",3140
"ogilvie2008",52
"ogilvie1997",52
"pfister1992",52
"pfister1998",52
"pfister1999",52
"pfister2017",52
"pribyl2012",52
"serreze2015",52
"sigurdsson2004",52
"smiarowski2014",52
"smiarowski2017",52
"stern2000",52
"stine1994",52
"stormnd",52
"stora2005",52
"streeter2012",52
"streeter2014",52
"mcgrew1970",52
"teitsson1975",52
"thorarinsson1956",52
"thorarinsson1958",52
"thorarinsson1967",52
"thordarson1993",52
"thordarson2007",52
"thorlaksson1991",52
"thoroddsen1914",52
"thoroddsen1919",52
"thorsteinsson1989",52
"vanengelen2001",52
"vasey2001",52
"vesteinsson2005",52
"vilmundarson1972",52
"waters2016",52
"wheeler2006",52
"young2015",52
"arne1911",138
"arbman1955",138
"callmer2000",3141
"bhabha2004a",3142
"alper2003",3143
"arbman1939",3144
"asmus2012",3145
"bagge2009",3146
"bartels2008",3147
"bartlett1996",3148
"baumgartner2013",3149
"birkebaek1992",3150
"bolton2009",3151
"bompaire1997",3152
"brather2010",3153
"callmer1994",3154
"carelli2012",3155
"christensen2000",3156
"dobat2008",3157
"drjacobsen1942",3158
"eisenschmidt2003",3159
"filipowiak2008",3160
"gelting2007",3161
"gilomen2014",3162
"grahamcampbell1991a",3163
"hatz1974",3164
"hauptmeyer1997",3165
"henricson2006",3166
"herrmann1994",3167
"hilberg2009b",49
"hilberg2010",49
"hinton2008",3168
"hodges2008",3169
"hofmann1984",3170
"hybel2013",3171
"ilisch1988",3172
"jankuhn1937",3173
"jonsson1989",3174
"juraske2010",3175
"kalmring2010e",3176
"keller2008",3177
"klappauf2011",3178
"klappauf2008",3179
"leimus2007",3180
"loveluck2013",3181
"ludtke1985",3182
"ludtke2013",3183
"lund1991",3184
"makeler2005",3185
"metcalf1998",3186
"meyer1998",3187
"moesgaard2006",3188
"noonan1994",3189
"radtke2002",102
"roesdahl2006",3190
"rundberg2000",102
"sawyer2013",102
"sawyer2002",102
"scheel1940",102
"schledermann1966",102
"schwantes1932",102
"gratuze2011",102
"sindbaek2012",3191
"spuford1988",102
"steppuhn1998",3192
"stieldorf2012",102
"stoklund2000",102
"tummuscheit2010",102
"verhulst2000",102
"wehner2007",102
"wiechmann2002",102
"williams1997",102
"olsen1945",189
"aberg1953",3193
"skouhansen2008",189
"norr2008",189
"alqahtani2010",104
"askvik2009",104
"bankier2006",104
"batey2013",104
"beaumont2013",104
"bonsall2009",104
"butler1993",104
"curtissummers2014",104
"fowler2010",3194
"greaves2011",104
"halpin2008",3195
"harris2016",104
"harris2012",104
"mcguire2010",104
"muldner2009",104
"nissan1999",104
"reimann2012",104
"robb2013",104
"welander1987",104
"avdusin1988",40
"clarke1985",40
"crane1999",40
"galton1971",40
"kjellberg1946",40
"krogh2007",3196
"lethlarsen1991",40
"lonborg1994",40
"monteliusnd",40
"martensson1970",40
"possnert2015",40
"soderberg1999",40
"warnke1987",40
"hadley2015",182
"brooks1987",182
"wessexarchaeology1997",182
"bailey1980",3197
"dunwell1995",3198
"evison1969",149
"geake2003",3199
"lang1976",3200
"richards2003",3201
"solberg1985",3202
"vandenoort1993",201
"walsh1998",3203
"kjellberg1947",40
"bakhtin1984",3204
"cohen1995",3205
"crang1994",3206
"edensor1998",3207
"fowler1992",3208
"graver1999",3209
"hewison1987",3210
"koivusalo1998",287
"littrell1993",287
"maccannell1976",287
"macdonald1997",287
"mccaulay1999",287
"meethan1996",287
"mordue1998",287
"robb1998",287
"shurmersmith1994",287
"silver1988",287
"urry1990",287
"vestfold1998",287
"watson1994",287
"walsh1992",3211
"wright1985",287
"bohner1991",3212
"brown1988",156
"bruck2006",3213
"bynum2001",156
"davidson1978",156
"dedekam1925",156
"flores1996",156
"gaimster1998",156
"geary1978",156
"glosecki2000",156
"hardh2004",156
"haselof1956",156
"haselof1970",156
"haselof1981",156
"haselof1984",156
"hoilundnielsen2002",156
"ingold1994",156
"ingold2000",23
"jakobsson1999",156
"jakobsson2003",3214
"jones1998",3215
"kalif1997",156
"kristofersen2000",156
"lindstrom2001",156
"magnus2001",3216
"magnus2002",156
"mansrud2008",156
"meskell2003",156
"morris1991",156
"mullernd",156
"mundal1974",156
"oestigaard1999",156
"oestigaard2000",156
"orchard2002",156
"raudvere2001",156
"roe1995",156
"roth1979",156
"sofaer2006",156
"speake1980",3217
"steenstrpnd",156
"pollard2009",152
"pritsak1970",152
"hughes1995",287
"barnes2012",3218
"christensen1969",3219
"fridell2011",3220
"fuglesang1991",166
"glob1969",3221
"graslund1998",3222
"imer2009",3223
"jacobsen1932",250
"jacobsen1935",250
"kallstrom2007",250
"cour1951",3224
"lerchenielse1993",250
"lund2014",250
"moltke1952",250
"moltke1985",3225
"nielsen1969",250
"oebynielsen2007",250
"snaedal1985",250
"stoklund1991",21
"stoklund1994",250
"stoklund2005",250
"stoklund2006",250
"stoklund2010",250
"m2005",250
"storm1977",3226
"bengtsson1954",287
"maccannell1992",287
"yorkarchaeologicaltrust1984",287
"bekpedersen2007",3227
"dennis1980",3228
"dennis2002",3229
"larusson1967",232
"lucas2009",3230
"meulengrachtsorensen1983",3231
"robertsdottir2008",3232
"sveinbjarnardottir2012",3233
"arbman1941",3234
"backstreurom2016",3235
"briggs2007",3236
"brothwell1981",3237
"brotherton2007",3238
"buikstra1994",151
"cassidy2016",3239
"durand2011",3240
"eriksson2016",3241
"gamba2014",3242
"green2008",3243
"vanhamel1934",3244
"helgessonarcini1996",3245
"keller2012",3246
"kircher2012",3247
"lampa2013",3248
"lindstreurom2011",193
"malmstreurom2009",193
"meindl1989",193
"meyer2010",193
"omrak2016",193
"oras2016",151
"salmela2011",193
"sawyer2012",193
"skoglund2013",193
"skoglund2014",193
"slovak2011",193
"steinsland2011",193
"stolpend",193
"thalinbergman1986",193
"vanoven2009",193
"vianello2013",193
"wilhelmson2015",193
"yang1998",193
"crawford1999",161
"hedenstiernajonson2000",3249
"jansson1980",161
"kanvall1995",3250
"kjellstrom2005",3251
"kjellstrom1995",161
"nordstrom2007",3252
"rimbert1986",161
"wikborg2007",161
"anderson1909",3253
"annalsofclonmacnoisend",3254
"blindheim1984",3255
"bourke2010",3256
"brink2007",139
"carroll1995",3257
"hennessynd",3258
"coffey1909",3259
"connolly1987",3260
"crawford1923",3261
"danielsson2015",3262
"farbregd1979",3263
"forte2005",3264
"gerace2014",3265
"gyllensvard2004",3266
"hagland2008",3267
"hall2015",3268
"haseloff1990",3269
"hedeager2015",3270
"henry1965",3271
"holtsmark1989",3272
"jesch2001",3273
"jesch2006",3274
"kelly1993",3275
"lamn2004",3276
"lowe2007",3277
"lucas1967",3278
"lucas1973",3279
"lucas1986",3280
"magnus1932",3281
"mullarkey2014",3282
"murray2012",3283
"murray2014",3284
"murray2015",3285
"murray2016",3286
"nordvig2013",3287
"carragain2010",2
"odonoghue2011",2
"floinn1989",3288
"floinn2013",2
"floinn2015",2
"omeadhra1988",2
"ohrn2015",2
"quast2012",2
"rosedahl1992",2
"ryan1989",3289
"ryan1998",2
"solli2013",2
"watt2005",2
"watt2011",2
"youngs1989",3290
"andersen2004",299
"ashby2009",3291
"bakka1965",3292
"blindheim1977",3293
"budd2004",3294
"boe1926",3295
"corrain1972",3296
"christophersen1989",203
"de1995",3297
"etting2013",3298
"fagerland2008",3299
"gaimster1991",3300
"gronnesby2012",3301
"haseloff1979",3302
"haseloff1987",3303
"heenpettersen2013",3304
"helle1991",3305
"herje1989",3306
"herstad2012",3307
"hunter2008",203
"jatten2006",142
"martens1994",142
"ofloinn1989",142
"redmond2007",3308
"resi2005",142
"roskaft2003",142
"shepherd1985",142
"skinner2012",142
"skjevik1997",142
"sorheim2010",142
"stenvik1994",142
"trotzig1984",142
"trotzig1991",142
"wilson1965",149
"paulsen1933",3309
"steuer1962",3310
"filipowiak1988",3311
"betz1973",166
"bottgerniedenzu1982",166
"buisson1976",235
"eldjarn1956",3312
"hagen1950",166
"janowski2006",166
"kjaerum1990",3313
"stoodley2000",3314
"meskell1999",161
"andresen2010",3315
"baker2015",3316
"berglund2003",3317
"blackford1991",3318
"bond2001",3319
"bond1997",3320
"bradley1992a",3321
"bradley1993",3322
"conroy2008",3323
"cui2013",3324
"lorenzo2010",3325
"lorenzo2008",3326
"eiriksson2006",3327
"faust2016",3328
"folland2009",3329
"grauel2013",3330
"gray2010",3331
"haldon2016",3332
"hass1996",3333
"helama2009",3334
"hurrell1995",3335
"hurrell2010",3336
"isono2009",3337
"jones2014",3338
"krawczyk2010",3339
"lamb1982",3340
"lamb1985",3341
"larsen2008",3342
"li2016",3343
"ljungqvist2010",3344
"mcdermott2001",107
"moy2002",107
"neukom2014",107
"oliva2012",107
"randsborg1991",107
"reimann2011",107
"ribeiro2012",107
"rudaya2016",107
"ruizfernandez2016",107
"scafetta2012",107
"swierczynski2012",107
"ulgen2012",107
"vanloon1978",107
"wanner2008",107
"wanner2001",107
"wanner2011",107
"yan2011",107
"zhong2014",107
"magnus2004",2
"sogness1988",142
"haithabu2003",3345
"coupland1989",3346
"coupland2016",3347
"duczko1997",3348
"helmbrecht2004",3349
"hoilund1986",3350
"hoilund2014",3351
"holst1958",3352
"jorgensen1990",167
"jorgensen1997",168
"laurent1978",168
"lebecq1986",168
"radtke1981",168
"schlesinger1972",168
"schneeweiss2010",168
"shepard2014",168
"shepard1989",168
"staats1974",168
"story2003",168
"andersen2012",3353
"berglund1982",3354
"bican2007",3355
"bican1907",3356
"biltz1969",3357
"broholm1946",3358
"broholm1949",3359
"christensen2006",3360
"dillehay1997",179
"dix1982",179
"garfinkel1987",179
"harrington2000",179
"houmarknielsen1991",179
"hoy1995",179
"jensen2002",179
"jons1993",179
"jorgensen2013",179
"kjaer1928",179
"knoll2013",179
"larsen2012",3361
"nielsen1967",179
"petersen1971",179
"schuster2000",179
"seir2013",179
"steensberg1974",179
"thrane1979",179
"uschmann2006",179
"williams2004",179
"duczko2007",3362
"losinski1997",3363
"jagodzinski2008",3364
"bately1980",3365
"bately2009",3366
"gaerte1929",3367
"engel1931",101
"engel1935",101
"tischler1902",101
"bezzenberger1904",101
"androshchuk2008",101
"jagodzinski2012",101
"cnotliwy2013",101
"ehrlich1932",101
"ambrosiani1994",233
"arbman1958",101
"carlsson1988",101
"jankuhn1943",3368
"klim1979",101
"steuer1979",101
"arbman1993",63
"berggren2004",63
"bergstrom1941",63
"bjorck2008",63
"broberg1990",63
"egenberg2003",63
"fetisov2008",63
"frostne2002",63
"hennius2016",63
"hennius2005",3369
"heron1989",63
"hiorth1908",63
"hjulstrom2006",63
"hvid2016",63
"karlsson2002",63
"konsa2013",63
"kupiec2015",63
"kurzweil1998",63
"landin2002",63
"lindeblad1994",63
"lindstrom2014",63
"magnusson1986",3370
"neveus1974",63
"persson1994",63
"ravn2016",63
"stahre2012",63
"svenssonhennius2017",63
"villstrand1996",63
"albrectsen1976",3371
"andren1998",3372
"behre1983",3373
"bican2010",3374
"fabricius2009",3375
"hermansen1938",133
"hjelmqvist1993",133
"janushevich1979",133
"kenward1995",3376
"koch2003",133
"mikkelsen1949",133
"moltsen1998",133
"ocete2015",133
"petrini2015",133
"schiemann1953",133
"shanahan2015",133
"sherratt2008",133
"smith1990",133
"stummer1911",133
"troelssmith1953",133
"wamers2016",133
"winroth2012",133
"schietzel1985",129
"pilo2008",129
"androshchuk2004a",129
"fabech2009",129
"sanmark2004",207
"ahnlund1926",129
"ambrosiani1992",129
"ambrosiani1996",129
"andren1985",129
"edgren1995",3377
"franklin1996",3378
"garizpanov2008",129
"gustin1990",129
"johansen2003",3379
"malmer1989",129
"noonan1991",129
"polanyi1978",129
"ros2001",129
"rosberg2009",129
"schorske1998",129
"reimer2004",3380
"svensson2007a",3381
"hilczerowna2037",101
"losinski1995",101
"vonzurmuhlen1940",101
"labuda1961",101
"orosiusnd",101
"andersen2008",172
"bandholm2012",172
"carstens2011",172
"christiansen1999",172
"christiansen2005",172
"dyggve1955",172
"hollstein1980",172
"holmsgaard1999",172
"hvass1998",172
"krogh1993",172
"lemm2011",3382
"lindblom2011",172
"lindblom2012",172
"mullerwille1991",172
"trillmich1970",172
"fanning1937",3383
"saga1943",3384
"kunz2008",3385
"dasentnd",3386
"andersson2002",3387
"armbruster2002",3388
"bihrer2012",3389
"christensen1985",3390
"claughton2011",3391
"dekowna1990",3392
"osk2009",3393
"elvestad1998",3394
"fanning1990",3395
"hagg2002",3396
"helberg1993",3397
"hepp2007",3398
"hilberg2007",3399
"hingst1955",3400
"kleingartner2007",3401
"mehler2003",3402
"molaug2010",3403
"mullerwille1968",3404
"noonan2000",3405
"olsen2004",3406
"pestell2011",3407
"pierce2009",3408
"reichstein1984",3409
"roberts2008",3410
"englert2007b",181
"scheel1930",181
"simek2007",181
"sode2004",181
"sode2002",181
"sorheim2004",181
"stumpel1983",181
"jakobsson2009",181
"tweddle1999",181
"vogel1983",181
"warmlander2010",181
"wedepohl2003",181
"zori2010",223
"magnusson1966",181
"jessen1958",168
"hoilundnielsen1986",168
"norgardjorgensen1999",3411
"neuefischer2014",168
"siemen1990",168
"spiong2000",168
"thuno2002",168
"williams1999",168
"bemmann1998",3412
"besteman1999",3413
"bjork1957",3414
"brandt1996",3415
"brink1997",3416
"carnapbornheim1996",3417
"egeberghansen1988",3418
"egeberghansen1996",3419
"ethelberg2000",3420
"ringtved1989",3421
"fabech1992",3422
"fenger1971",3423
"hedeager1990",3424
"helgesson2008",3425
"hoilundnielsen2005",3426
"hoilundnielsen1993",3427
"hvass1986",3428
"jarlhansen1988",3429
"jessen2008",3430
"jorgensen1988",244
"jorgensen1996",21
"kopytof1986",3431
"lund1996",171
"lundhansen1995",171
"madsen1995",3432
"mauritsen2009",171
"mikkelsen1990",171
"mortensen1988a",171
"mortensen1991",171
"murray1983",3433
"nasman1988",3434
"nasman1997",171
"norbach1998",174
"norgardjorgensen1996",171
"rasmussen1995",171
"reuter1997",171
"ringtved1986",171
"ringtved1998",171
"sjoholm1988",171
"steuer1982",171
"tacitus1999",171
"ulriksen1989",180
"wenskus1961",3435
"zimmermann2005",171
"bjork1982",172
"christensen1983",3436
"christiansen1995",228
"christiansen1996",3437
"fenger1991",3438
"fokkens1998",228
"jorgensen1940",228
"back1997",203
"polanyi1963",3439
"tummuscheit2003",233
"vestergaard1991",3440
"lysehansen2000",181
"olausson2002",3441
"palliser2000",3442
"hodder2003",3443
"hojbjerg2006",3444
"aarseth1982",3445
"arge1991",3446
"arge2006",3447
"arge2005",3448
"arge2009",3449
"arnalds1997",3450
"bertelsen1985",3451
"bertelsen1998",3452
"buckland2008",3453
"butler2006",3454
"christiansen1990",3455
"christiansen1991",3456
"christiansen1987",3457
"dennis2000",3458
"dugmore2000",232
"dumezil1973",3459
"edvardsson2005",3460
"einarsson1963",3461
"einarsson2002",3462
"fagan2000",3463
"fjaervoll1961",3464
"fredskild1973",3465
"fridriksson1994",3466
"gerrard1991",3467
"gjerland2009",3468
"gronvold1995",3469
"grove1988",3470
"gudmundsson2001",3471
"gudmundsson2004",3472
"guttormsen1994",3473
"halstead1998",3474
"harris1988",3475
"hambrecht2006",3476
"hansen1990",3477
"hastrup1989",3478
"hermannsson1929",3479
"hitzler1979",3480
"hjalmarsson1993",3481
"holling2002",3482
"joensen1976",3483
"joensen1980",3484
"keller1989",3485
"keller1990",3486
"konstam2004",3487
"kristjansdottir2004",3488
"krivogorskaya2005",3489
"lageras2007",3490
"lambin2005",3491
"lawson2006",3492
"mcgovern1980",3493
"mcgovern1981",232
"mcgovern1986",3494
"mcgovern1994",3495
"mahler1989",3496
"mahler1988",3497
"mahler1991",3498
"mahler1990",3499
"mairs2007",3500
"marcus1980",3501
"e2003",3502
"noonan1998",3503
"nordal1952",3504
"nordal1954",3505
"norrevang1970",3506
"olsen1928",3507
"olasson1998",3508
"perdikaris1998",3509
"perdikaris2005",120
"rieck2002",120
"sanmark2002",3510
"schofield2007",120
"simpson2003",120
"skardi1970",120
"sveinbjarnardottir1990",120
"sveinbjarnardottir2007",120
"sveinbjarnardottir2008",120
"thomson2003",120
"thomson2005",120
"thomson2007a",120
"vesteinsson2001",120
"wubsmrozewicz2008",120
"thorarinsson1970",120
"aarsleff2005",3511
"almgren1955",167
"ambrosiani2002",203
"anglert1999",3512
"anglert2001",3513
"arrhenius1992",3514
"eriksson2001",3515
"gjosteinresi1979",3516
"gramstorp2000",3517
"gustafsson1968",3518
"gustin1999",3519
"hardh2007",144
"vonheijne2004",3520
"helgesson1999",3521
"herschend1989",3522
"hjarthnerholdar2002",3523
"horby1988",3524
"jansson1978",3525
"johanssonherven2001",3526
"kresten2001",3527
"klnm1999",3528
"lennartsson1997",3529
"malmer2002",3530
"metcalf1996",3531
"mikhailov2007",3532
"mogren2005",3533
"noonan1984",3534
"riddersporre1998",3535
"ringqvist1968",3536
"rispling2004",3537
"salminen2001",300
"samuelsson2001",300
"schulke2008",300
"serning1956",3538
"silvegren1999",300
"sindbaek2001",3539
"skibstedklaeso1997",300
"steineke2005",300
"stenholm1976",300
"stjernquist1995",300
"svanberg1998",3540
"svensson2001",300
"tegner1999",300
"tegner2005",300
"thilderqvist2000",300
"thun1967",300
"wamers1984",3541
"westergren1986",300
"dumvillend",143
"rau1977",143
"ager2011",143
"besteman2009",143
"coupland2006",143
"dijkstra2009",143
"grieg1929",143
"kilger2007",143
"knol1998",143
"knol2005",143
"knol2010",143
"sheehan2000",143
"sheehan2011",143
"others1971",143
"woltering2000",143
"woolf1990",143
"cook1965",181
"westness1980",3542
"ahrens2001",3543
"chronicon2001",3544
"dyggve1942",3545
"harck2006",3546
"wesse2006",3547
"janssen2004",3548
"mcneill2004",3549
"chr2009",170
"klemensen2001",170
"krogh1981",170
"lethlarsen2007",170
"madsen1985",170
"mcguire2008",170
"petersen1909",170
"staecker2005",170
"trap1964",3550
"sicking2008",120
"woltering2002",143
"sawyer1971a",3551
"eriksen2001",3552
"davidson1979",3553
"hoekstra1940",3554
"rau1972",3555
"rives1985",3556
"south1932",3557
"bantelmann2003",3558
"besteman1997",3559
"boeles1915",3560
"borchling1938",220
"bregman1998",220
"ijssennagger2009",220
"jons2013",220
"meier2003",220
"milis1998",220
"nijdam2008",220
"pritsak1981",220
"schokker2008",220
"siems1980",220
"smyth1977",220
"springer2003",220
"theuws2009",220
"vries2007",220
"wood2001",220
"broadberry2010",183
"durkin2014",183
"fenner2005",183
"fox1943",183
"hellenthal2014",3561
"insley1994",183
"johnston2014",183
"loveluck2011",183
"royrvik2010",183
"samuels1989",183
"thomas2006",3562
"townend2002",183
"binns1988",3563
"bjerve1980",3564
"bjorgo1982",3565
"bratrein1984",3566
"bratrein1989",3567
"bull1920",3568
"carstairs1980",3569
"eithun1994",3570
"ekrem2006",3571
"falkanger2007",3572
"fugelsoy1970",3573
"gansum2000",3574
"grimm2004",3575
"hobaek2013",3576
"hodne1976",3577
"holmback1943a",3578
"indrebo1935",3579
"iversen2014",3580
"iversen2007",3581
"jansen1943",3582
"johansen1977",3583
"hauge2007",3584
"lillehammer1994",3585
"lund1955",3586
"lund1959",3587
"lund1965",3588
"loken2001",301
"nicolaysenndh",301
"norbergschulz1980",301
"olsen2005",3589
"olsen2013",301
"patterson2005",301
"relph1976",301
"room2005",301
"schutte1933",301
"seip1934",301
"sjovold1962",301
"sjovold1971",301
"solberg2002",301
"storli2000",3590
"stormnda",301
"stormndb",3591
"strom2007",301
"taranger1915",301
"tuan1974",301
"urbanczyk1992",3592
"vesteinsson2013",301
"odegaard2013",301
"ahlkvist2002",3593
"bardseth2007",3594
"carlie1999",3595
"diinhoff2011",3596
"edblom2004",3597
"ericsson2001",3598
"kalmar1991",3599
"eriksson1993",3600
"frolund2007",3601
"gjerdaker2001",3602
"gjerpe2012",3603
"gollwizer2012",3604
"helgesson2002",3605
"hobaek2008",3606
"bergen2009",3607
"oslo1997",3608
"kleven2001",3609
"loken1996",298
"martens2007",298
"myhre1972",298
"olsen1926",298
"pedersen1990",298
"petersson2010",298
"reiss1994",298
"reitan2009",298
"reynolds1999",298
"robberstad1967",298
"rosener1995",298
"skre1997",298
"streiffert2005",298
"sorrusten2012",298
"tacitus2001",298
"wasberg1970",298
"odegaard2008",298
"oslo1991",298
"shepared2012",3610
"loog2017",3611
"mcevoy2006",3612
"melchior2008",3613
"milman2003",3614
"bowden2008",3615
"helgason2003",3616
"helgason2009",3617
"kjellstrom2007",3618
"ros2012",3619
"kjellstrom2017",3620
"wikstrom2008",3621
"wikstrom2005",3622
"tillmar2010",3623
"dupuy2001",3624
"karlsson2006",3625
"martiniano2016",3626
"nesbitt2016",3627
"roslund2014",3628
"tesch2001",3629
"vanoven2014",3630
"technology2017",3631
"walsh2014",3632
"walsh2013",3633
"walsh2016",3634
"tesch2013",3635
"hillbom1984",3636
"moorrees1963",3637
"smith1991",3638
"brooks1990",3639
"bruzek2002",3640
"novotny1982",3641
"phenice1969",3642
"evans2004",3643
"meller2012",3644
"knipper2004",3645
"maurer2012",3646
"neumann1974",3647
"asch2003",3648
"lofvendahl1990",3649
"hillson2005",3650
"schour1941",3651
"knipper2014",3652
"rohland2007",3653
"malmstrom2012",3654
"rasmussen2011",165
"korneliussen2014",165
"behar2012",165
"achilli2004",165
"dupuy2006",165
"passarino2002",3655
"rootsi2004",165
"auton2015",165
"patterson2006",3656
"zeronmedina2013",165
"hveem2001",165
"whittington2006",165
"donnelly2012",165
"eiberg2008",165
"lamason2005",165
"soejima2007",165
"stokowski2007",165
"aitken2013",3657
"ascough2012",113
"biddle1985",113
"biddle1986",113
"bigsbynd",113
"bonsall2007",113
"bronkramsey2004",113
"cook2001",113
"cook2015",113
"deggnd",113
"fuller2005",113
"hedges2004",113
"phillips2001",113
"phillips2014",113
"richards2002",3658
"russell2015",113
"sawyer1957",113
"szpak2014",113
"taylor1989",113
"dyggve1948",170
"jorgensen2002e",23
"jeppesen1990",170
"glob1970",170
"ibsen2005",251
"junker2003",251
"berlin2003",251
"reichchr1995",251
"gotlands1995",251
"wroblewski1963",251
"iineaa1994",251
"bogucki2011",302
"brather1953",302
"fomin1987",302
"jankowiak2015",302
"kara2009",302
"kiersnowski1961",302
"kilger2006",302
"kmietowicz1994",302
"ostergren2009",302
"petrov2014",302
"rebstock2008",302
"arne1946",204
"brady1999",204
"fennomuyingo1997",204
"hedenstiernajonson2001",204
"hedenstiernajonson2002",204
"holmquistolausson1998",3659
"liden1997",204
"lovell1986",3660
"peterson1987",204
"richards2001",3661
"richards2006",3662
"soloman1971",204
"trust1992",204
"birka1992",3663
"carnapbornheim2007",3664
"capitularia1980",3665
"ellmers2009",3666
"gade1993",3667
"geibig1989",3668
"grierson1986",48
"hingst1958",48
"hornfuglesang2000",48
"hoven1990",48
"jankuhn1951",48
"jesch1998",48
"kersten1954",48
"kirpichnikov2001",48
"mullerwille2006",48
"nobbel1936",48
"rispling1990",48
"sawyer1987a",48
"schaefer1956",48
"schietzel1980",48
"schild1991",48
"solberg1991",48
"stalsberg2008",48
"steuer1999",203
"steuer2002",3669
"wamers1995",48
"carlson2010",3670
"poulsen1979",3671
"watt1988",244
"reich2003",251
"valujev2005",251
"reich2005",251
"vonzurmuhlen1975",251
"wroblewski2006",3672
"adger2013",3673
"appelt2009",3674
"arneborg1997",3675
"arneborg2005",3676
"barnett2015",3677
"bentley2015",3678
"boyd2011",3679
"brace2011",3680
"brody2001",3681
"buckland2009",3682
"butzer2012",3683
"codding2015",3684
"crumley1994a",3685
"cumming2008",3686
"golding2011",3687
"golding2015",3688
"gullov2004a",3689
"halstead1989",3690
"hayeursmith2016",3691
"hoegsberg2014",3692
"howard1993",3693
"ingram2008",3694
"jesch1989",3695
"kendal2011",3696
"kennett2015",3697
"kopar2009",3698
"kuijpers2014",3699
"laland2006",3700
"laland2011",3701
"laland1999",3702
"ledger2013",3703
"ledger2014",3704
"levistrauss1966",3705
"mason2007",3706
"mcgovern1991",3707
"meaks2005",3708
"mehl2017",3709
"middleton2017",3710
"moltke2015",3711
"myhre2004",3712
"nedkvitne2014",3713
"normandnd",3714
"ostergard2011",3715
"oye2004",3716
"park2005",3717
"reinton1960",3718
"riede2009",54
"riede2011",54
"roesdahl2016",3719
"rowleyconwy2013",54
"rowleyconwy2011",54
"roussell1941",54
"sandvik2005",54
"scott2008",54
"scott1992",54
"smith2011a",3720
"sveinbjarnardottir1991",54
"svenning2015",54
"terrel2003",54
"thompson2013",54
"zeder2009",54
"zeder2015",54
"zeder2016",54
"wiechmann1996",144
"schulke2005",303
"andersson2015",3721
"bjorkvik1970",3722
"bjorkvik1972",174
"blochnakkerud1987",3723
"brendalsmo2014",3724
"brinchmadsen1995",3725
"buchwald1999",3726
"dorum2004",3727
"englund2002",3728
"hauge1946",174
"helle1974",174
"hostmadsen1999",86
"imsen1990",86
"imsennd",86
"indrelid2009",86
"jonsbok1904",86
"jakobsen1991",86
"knagenhjelm2008",3729
"krag2000",86
"loftsgarden2015",174
"martens1978",86
"olafsen1916",86
"pleiner2003",86
"ramsey2017",3730
"reinton1956",86
"resi1992",86
"rundberget2013",3731
"sandnes1977",86
"simonsen2001",86
"steinnes1930",86
"szmoniewski2010",86
"taksdal1973",86
"tveiten2012",3732
"oye1977",86
"atkinson1996",3733
"billig1995",3734
"blindheim1953",3735
"diazandreu1996",3736
"eikrem2005",3737
"eriksen1993",3738
"fairclough1992",3739
"gellner1983",3740
"gjerde2010",3741
"gjessing1928",3742
"haavardsholm2004",3743
"hesjedal2000",3744
"hobsbawm1992",3745
"hodder1984",3746
"hougen1965",3747
"harke1998",3748
"jahnsen2015",3749
"jones1996",3750
"kjorup2001",3751
"kristiansen1993",3752
"laclau2001",3753
"martens1960",3754
"munch1985",65
"opedal1999",3755
"paxton1999",177
"resi2000",219
"ringrose1993",177
"schanche1989",177
"shanks2001",177
"shetelig1910",177
"simonsen1967",177
"skre1991",177
"stenvik1980",177
"storli1991",3756
"stylegar2009",177
"sorheim2011",177
"ucko1989",177
"wineburg1991",177
"ostigard2001",177
"of2002",3757
"ambrosiani1972",3758
"stamnes2010",3759
"arnberg1976",3760
"brunstedt1996",3761
"carlsson1997",3762
"conyers2013",3763
"dahlin2001",3764
"hansson2004",3765
"heamagi2006",3766
"herschend1995",3767
"hermodsson2004",3768
"hjulstrom2008",3769
"holmquistolausson1987",3770
"ingelmansundberg1972",3771
"derfruhgeschichtlichen1980",3772
"lamm2011",3773
"larsson2014",3774
"lofterud1970",3775
"lohr1979",164
"olausson1921",164
"staecker2009",65
"soderberg2003",164
"trinks2008",3776
"trinks2013",164
"viberg2011",164
"wadstein1936",164
"ungernd",164
"devlet2001",136
"london1964",136
"fedorova2001",136
"londonhelmbrecht2011",136
"kommunikationsmedien2001",136
"hoj2005",136
"hoj2011",136
"ostergard2008",136
"kastholm1974",136
"seid2009",136
"archaeologica2005",136
"lundhansen1973",136
"lundhansen1974",136
"lundhansen1979",136
"london2002",136
"eliade1964",3777
"vestergaard2014",3778
"arwidsson1984",3779
"abrams2001",149
"abrams2005",3780
"ayers1985",3781
"ayers1994",3782
"callmer1989",282
"cameron1975",3783
"dallas1964",3784
"dickinson1991",3785
"eilbracht1999",3786
"grahamcampbell1985a",3787
"grahamcampbell1994",3788
"hattatt1987",3789
"madsen1987",3790
"hinton1974",3791
"hinton1975",225
"hinton1978",225
"kirk1927",225
"leahy2003",225
"leahy1997",183
"margeson1982",225
"margeson1996",225
"mason1997",225
"owencrocker2002",225
"paterson2004",225
"richardson1993",225
"rieck1982",3792
"roesdahl1981",3793
"rogerson2006",225
"speed2004",3794
"stamper2000",225
"wallis2004",225
"youngs2000",225
"youngs1995",225
"jeppesen2005",164
"mohrchristensen2009",164
"wilken2016",164
"birkas2016",164
"st2008",305
"aqvist2004",305
"axboe1996",305
"st1996",305
"einarsson2008",3795
"ch2004",305
"holmqvist1961a",305
"holmqvist1964",305
"holmqvist1964a",305
"iversen2008",3796
"lindqvist1929",305
"imsen2004",86
"volundarkvida1971",3797
"voluspa1971",3798
"anderson2007",3799
"behrend1970",21
"berggren2006",3800
"boyenda",3801
"bradley1990",3802
"bruck2005",3803
"bruck2007",3804
"bardseth1998",3805
"fowler2001",3806
"fredengren2002",3807
"fuglesang2002",22
"geisslinger1967",22
"green1998",3808
"hauck1981",3809
"helgesson1992",22
"herschend2001",3810
"hvid2005",22
"iversen1986",22
"jensen1942",22
"kilfeather2003",22
"kousgardsorensen1968",22
"kousgardsorensen1978",22
"lakoff1999",3811
"lethlarsen1984",3812
"merleauponty1962",3813
"meulengrachtsorensen1995",22
"munksgaard1984",3814
"needham2001",22
"nordell1991",22
"phillips2002",22
"rowlands1971",3815
"seremetakis1994",22
"stutz2004",3816
"thunmarknylen1989",22
"vandenoort2006",22
"vigfussonnd",22
"warmind2004",22
"wiker2000",3817
"zachrisson1962",3818
"baatz1976",3819
"beresford1987",3820
"bican2014",3821
"boethius1931",3822
"devries1935",3823
"ericsson1992",3824
"fuglsang2015",3825
"hanson1995",3826
"haseloff1942",3827
"holtsmark1970",3828
"hopetaylor1950",3829
"jessen2011",3830
"kalmring2014a",3831
"kuhn1995",3832
"lindqvist1923",3833
"middleton2005",3834
"mikkelsen1991",3835
"nasman2001",3836
"oelmann1933",3837
"oelmann1940",33
"olesen2015",33
"olsen1967",33
"palm1937",33
"rosborn2004",33
"ruhmann2004",33
"sawyer1986",33
"schafer1977",33
"sundqvist2006",33
"sundqvist2009",33
"terkildsen2014",33
"terkildsen2015",33
"tornbjerg1997",3838
"vikstrand2004",33
"hallstrom1913",3839
"holmquist2002",3840
"aarts2005",3841
"aarts2009",3842
"barndon2004",3843
"berg1989",3844
"berger1996",3845
"bertell2003",3846
"budd1995",3847
"christophersen1992",3848
"creighton2000",3849
"dant1999",3850
"davies1996",3851
"fitzpatrick2005",3852
"galloway2006",3853
"grierson1960",3854
"haaland2004",3855
"hall1999",3856
"haselgrove2005",3857
"hedjakobsson1999",3858
"herbert1993",3859
"hosler1995",3860
"houston2000",3861
"insoll2007",3862
"kemmers2006",3863
"klussendorf2007",3864
"kok2008",3865
"kurke1999",3866
"lightfoot1995",3867
"makeler2010",3868
"marques2007",3869
"martin1991",3870
"merleauponty1944",3871
"miller1998",3872
"mithen2008",3873
"morris1992",3874
"myrberg2010",3875
"nash1978",3876
"nick2005",3877
"oden2009",3878
"papadopoulos1999",83
"petersson1948",83
"przybyszewski2007",83
"rathje2001",83
"renfrew2009",83
"rickman1980",83
"seaford2004",83
"small1995",83
"thomsennd",83
"vanarsdell1989",83
"vonreden1995",83
"white1988",83
"wiggwolf2005",83
"zach2005",83
"zanker1987",83
"jane2008",225
"adalsteinsson1999",3879
"agustsson1982",3880
"birkeli1973",3881
"brink2013",3882
"byock2005",3883
"christie1982",3884
"colman1995",3885
"deetz1977",3886
"didiplomatariumislandicumnd",3887
"edwald2012",3888
"foucault1977",3889
"foucault1982",3890
"foucault1988",3891
"foucault1994",3892
"fridriksson2011",3893
"giddens1984",3894
"gilchrist2008",3895
"gilchrist2012",3896
"gullbekk2012",3897
"hall2012",3898
"hugason2000",3899
"isleifsdottir1997",3900
"islendingabok1968",3901
"jensen2013",3902
"jensenius2001",3903
"jonsson2009",3904
"jorgensen2004",3905
"karlsson2001",3906
"karras2003",3907
"karras2012",3908
"kristjansdottir2012",3909
"kristjansdottir2001",3910
"lane2001",3911
"larusson1980",3912
"loren2006",3913
"lynn1984",3914
"magnusdottir2001",3915
"nilsson1994",93
"nordeide2013",93
"prescott2011",93
"jones2003",93
"runarsdottir2006",93
"russell2005",93
"salonen2013",93
"sigurdsson2008",3916
"sigurdsson2011",3917
"slupeki2007",93
"spivak1988",93
"stefansson2000",93
"soland2000",93
"young2009",3918
"zoega2002",93
"zoega2012",93
"zoega2010",93
"clarke2004",3919
"sorensen1981",22
"almgren1901",3920
"ambrosiani1991",3921
"ambrosiani1973",3922
"anspach2010",3923
"beskowsjoberg1996",3924
"brucemitford1967",3925
"delaet1956",157
"ellmers1995",3926
"falk1912",157
"graslund2003",157
"hedeagerkrag2004",157
"holgersson2001",157
"jonssonnd",157
"kalmring2015",157
"karlsson2011",157
"kidd1988",157
"sjovold1957",157
"westphalen2002",49
"bianchi2010",3927
"enoksen1999",3928
"fuglesang1981",3929
"fuglesang2005",3930
"gadamer1960",3931
"gilchrist2013",3932
"jacobsen1941",3933
"knutzen2005",3934
"knutzen2007",3935
"kohring2014",24
"lager2003",3936
"ljung2016",3937
"malafouris2013",24
"merleauponty1994",83
"moser1998",24
"moser2005",24
"olick1999",24
"olsen1941",235
"petursdottir2012",24
"robb2009",24
"shaw2013",24
"smestad1988",24
"steinsland2014",24
"stromback1969",235
"tarlow2012",24
"thorn2002",24
"oebynielsen2005",24
"ambrosiani1982",3938
"arwidsson1984a",3939
"bengtzon2000",163
"blomqvist2009",163
"bolin2008",163
"back2010",163
"voncarnapbornheim2011",163
"conolly2006",163
"dahlin1999",163
"odelberg1974",163
"olausson2012",163
"persson2002",163
"rijksmuseumvanoudheden2010",163
"rosen2002",163
"price1990",163
"stavrum1996",163
"trinks2010",3940
"wiklund2009",163
"wahlander1997",163
"kovalenko2007",3941
"kovalenko2008",3942
"kovalenko2003",3943
"arbman2003",3944
"arne1931",3945
"blifeld1977",306
"budur2007",3946
"bulgakova1999",3947
"camer1968",3948
"cherrman1986",3949
"devidson2008",3950
"gurevic1966",3951
"gurevic1999",3952
"herrman1982",3953
"kirpicnikov1986",3954
"kovalenko1988",3955
"kovalenko1994",3956
"kovalenko1996",3957
"kovalenko1999",3958
"kovalenko2000",3959
"kovalenko2001",249
"kovalenko2002",249
"kovalenko2005",249
"kovalenko2009",249
"kulakov1990",249
"kulakov1994",3960
"lebedev1965",249
"lovmjanskij1985",249
"melnikova1994",249
"mocja2001",249
"musset1971",249
"puskina1972",249
"scavelev2007",249
"scavelev2009",249
"sinakov2002",249
"smolicev1931",249
"veremejcik2007",249
"zocenko1996",249
"axelsen2014",157
"thunmarknylen2000",157
"wisehn1999",157
"stalberg2000",3961
"ashmore2003",3962
"backlund2001",3963
"barnes2006",3964
"barrett2005",3965
"bradley1987",3966
"card2005",3967
"charleson1905",3968
"fanning1983",3969
"firth1986",3970
"gammeltoft2006",3971
"garrow2005",3972
"gibbon2008",3973
"griiths2006",3974
"griiths2011",3975
"hedges1983",3976
"hermann1978",3977
"hunter1986",3978
"hunter2003",3979
"jesch2005",3980
"laughlin1974",3981
"leonard2010",3982
"lucy2002",3983
"maher2009",3984
"marwick1952",3985
"marwick1970",150
"milner2007",3986
"morris1989",150
"nicolaisen1976",150
"renfrew1979",150
"ritchie1995",150
"robertson1991",150
"sandnes2010",150
"semple2007",150
"simon1987",150
"simpson1997",150
"wallacend",150
"wickhamjones2001",150
"williams2009",150
"biddle1991",3987
"flanagan1999",3988
"elder2007",3989
"kelly1956",3990
"kelly1961",3991
"corrain1996",3992
"channing1996",153
"wallace1967",153
"afm1908",153
"fellowsjensen1991",153
"mahr1929",153
"mckeown1956",153
"floinn1998",153
"hayden1998",153
"simpson2008",153
"lantmateriet2009",163
"ameziane2004",3993
"arwillnordbladh2001",3994
"hansson2012",3995
"peter2015",3996
"solberg1984",3997
"backdanielsson2015a",3998
"riisoy2015",3999
"wulffandersen1995",136
"homson1995",150
"homson2001",150
"akin1999",144
"blackburn1997",144
"bogucki2007",144
"chesterkadwell2009",144
"frier2007",144
"kilger2011",144
"kroll2008",144
"kruse1988",4000
"kruse1992",144
"kuroda2008",144
"metcalf1985",144
"naismith2005",144
"pedersen2007",219
"pirie1986",144
"feveile1995",153
"bill2006",153
"sloane2011",153
"halpin2001",153
"kelly2004",153
"kelly2010",153
"lynch2001",153
"alstrom1993",4001
"andersson1983",4002
"arrhenius1982",4003
"beronius2011",4004
"beronius2013",4005
"ekman2000",4006
"frolund2010",4007
"frolund2013",4008
"frolund2011",4009
"goldina2003",4010
"gothberg2014",4011
"hansson2001",4012
"kazanski2007",4013
"lindqvist1945",191
"lindqvist1949",191
"ljungkvist2013",126
"loven2010",191
"lucas2013",191
"lundahl2012",191
"nordahl1993",191
"olausson1966",191
"runer2006",191
"trinks2011",191
"vikstrand2013",191
"aberg1947",191
"leslie1908",153
"simpson2015",153
"hogan1910",153
"hilberg2011",49
"aberg1998",4014
"ambrose1991",4015
"ambrose1987",4016
"arneborg1999c",4017
"barrett1995",4018
"bell2009",4019
"bell2010",4020
"bendrey2009",4021
"bentley2005",4022
"bentley2002",4023
"bowen2002",4024
"geologicalsurvey2010",4025
"bryant1996",4026
"budd2000",4027
"budd2003",4028
"burke1982",4029
"burton1996",4030
"burton1990",4031
"burton2000",4032
"burton1995",4033
"burton2003",4034
"calvin1962",4035
"cameron2007",4036
"carr1962",4037
"chisholm1982",4038
"clayton1963",4039
"coltrain2009",4040
"coplen1994",4041
"coplen1983",4042
"craig1961",4043
"daly2010",4044
"darbyshire1985",4045
"deniro1978",4046
"deniro1981",4047
"dickin1997",4048
"drury1973",4049
"dupras2007",4050
"dupras2001",4051
"eckhardt2009",4052
"elias1980",4053
"ezzo1994",4054
"ezzo1995",4055
"fuller2006",4056
"gallet1998",4057
"gonfiantini2001",4058
"halpin1993",4059
"hatch1966",4060
"hatch1967",4061
"herring1998",4062
"hobson2004",4063
"holm2000",4064
"hurley2010",4065
"iacumin1996",4066
"jim2004",4067
"kellner2007",4068
"knudson2009",4069
"koch1997",4070
"kortshack1965",4071
"lang1988",4072
"leach2009",4073
"leach2010",4074
"leethorp1991",4075
"linderholm2011",4076
"luz1985",151
"luz1984",151
"muller2003",4077
"mcarthur2001",4078
"mccabe2007",4079
"mccormick1982",4080
"minagawa1984",4081
"muldner2011",4082
"negrel2003",4083
"nehlich2009",4084
"obrien1998",4085
"oconnor1988",4086
"odonnabhain2010",4087
"odonnabhain2011",4088
"odonnabhain2001",4089
"oconnor1982",4090
"price1985",4091
"price1986",4092
"ranson1960",4093
"read1934",4094
"schoeninger1978",4095
"schoeninger1979",4096
"schoeninger1983",4097
"schurr1998",4098
"schutkowski1999",4099
"sexton1998",209
"shaw2009",209
"shaw2010",209
"sikora2010",209
"sikora2011",209
"sillen1989",209
"sillen1991",209
"sykes2006",209
"tieszen1992",209
"veizer1989",4100
"wallace2006",4101
"wallace1994",209
"whipkey2000",209
"white2000",209
"wilson1977",209
"wolfe2001",209
"wright2005",209
"wright1998",209
"karkanas2010",4102
"macphail2005",195
"carter1998",195
"axboe1986",159
"broholm1940",159
"danielsson2007",4103
"danielsson2010",159
"hauck1978",4104
"holmqvist1960",159
"iversen1991a",201
"lamm2004a",159
"mannering2004",159
"mannering2006",159
"mannering2008",159
"mellend",159
"nasstrom1998",159
"nasstrom2009",159
"owencrocker2010",159
"simek2002",159
"stamsomunch2003",159
"watt1999",4105
"watt2001",159
"olausson2014a",191
"klaesoe2010",4106
"capelli2003",4107
"chinnery2006",4108
"brochmann2008",4109
"benedictow2004",4110
"russ2013",4111
"malmstrom2007",4112
"salamon2005",4113
"binladen2007",4114
"behar2007",4115
"prieto2011",4116
"core2011",253
"helgason2007",4117
"anderson1981",253
"andrews1999",4118
"venables2002",253
"pfeiffer1999",253
"meinila2001",253
"cardoso2011",253
"dupuy1996",253
"richard2007",253
"tambets2004",253
"metspalu2006",253
"melchior2010",253
"dissing2007",4119
"torroni1996",253
"zachrisson2008",253
"derenko2007",253
"schonberg2011",253
"brink1999",4120
"brink2000",4121
"brink2004d",28
"dent1984",4122
"dinzelbacher1984",4123
"frandsen1999",4124
"hines1989",4125
"hoff1997",4126
"jahnkuhn1951",4127
"jerichow1997",21
"john1991",4128
"lager2001",4129
"liestol1972",4130
"lonaas2004",4131
"richards1990",4132
"rudebeck2002",21
"steinsland1995",4133
"stidsing1999",21
"wilke1999",4134
"ostmo2005",4135
"hultkrantz1991",15
"lund2001",15
"lenntorp2002",15
"nasman1998",4136
"nordberg2003",4137
"grammaticus1924",15
"sundqvist2004",15
"vierck1979",13
"vifot1936",4138
"ljungkvist2015c",4139
"hedenstiernajonson2009",4140
"nmd1919",4141
"habbe2004",4142
"gjellerup1973",4143
"tilley1993",4144
"bonnier1994",4145
"caillet1985",4146
"collinder1972",4147
"hansen1992",4148
"fabech1989",4149
"john1987",4150
"larsson1976",4151
"ljungkvist2004a",4152
"musset1992",4153
"nasstrom1997",4154
"olsen2002",4155
"ravn1999",21
"ritchie1993",21
"stiesdal1952",4156
"lind2004",4157
"mortensen1979",15
"zeitler1979",15
"braadmoen2013",253
"ahrland2013",4158
"aronsson1994",4159
"bell2012",4160
"emanuelsson2003",4161
"george2009",4162
"grimm2013",4163
"harding1992",4164
"harding1997",4165
"jennbert2000",4166
"karlsson2010",4167
"lagerstedt2004",4168
"liedgren1992",190
"lindholm2013",4169
"magnell2013",190
"myrstad1996",190
"nyren2012",190
"petre1980",190
"ramqvist2007",4170
"ramqvist1993",190
"risbol2011",4171
"serning1962",190
"sleepersmith2009",190
"stene2011",4172
"storli1993",190
"sundstrom1987",190
"svensson1998",190
"zachrisson2010",4173
"zachrisson1974",190
"ambrose1990",4174
"ambrose1997a",4175
"andersen1960",4176
"bandelt2006",4177
"barrett1999",4178
"barrett2000b",4179
"bocherens2003",4180
"brinkmann1999",4181
"deniro1985",71
"eriksson2013",71
"hagelberg1991",71
"hemmendorff1984",71
"holck1997",71
"holck1983",71
"mikkelsen2010",71
"nei1987",71
"opdal1998",71
"paabo1989",71
"ramskou1965",71
"richards1995",71
"rosvold2010",71
"rudbeck2005",71
"sandmo1985",71
"sandmo1984",71
"topf2006",71
"zachrisson2003",16
"cardon2001",4182
"marchini2004",4183
"bodmer2008",4184
"cavallisforza1994",4185
"quintanamurci1999",4186
"conrad2006",4187
"botigue2013",4188
"ralph2013",4189
"hellenthal2008",296
"odushlaine2010",296
"winney2012",296
"lawson2012",296
"alexander2009",296
"pirinen2013",296
"wilson2001",296
"wells2001",296
"pritchard2000",296
"bodmer1980",296
"howie2009",296
"wright1943",296
"rousset2004",296
"lawson1995",296
"bhatia2013",296
"pritchard2001",296
"moorjani2011",296
"falush2003",296
"aikas2009",4190
"aikas2013",4191
"backman1975",4192
"berggren2010",4193
"bergman2008",190
"brightman2012",23
"chapman2000",4194
"clavir2002",4195
"descola1992",23
"descola2013",23
"dubois1999",4196
"edvinger2006",4197
"hallstrom1932",4198
"helanderrenvall2010",4199
"hultkrantz1994",4200
"humphrey1994",4201
"hutton2001",4202
"jernsletten2006",4203
"jordan2003",23
"levy1982",4204
"lund2011",4205
"makarov1991",4206
"manker1938",4207
"manker1950",4208
"manker1957",4209
"mauss1924",4210
"melheim1999",4211
"mulk1996",4212
"mundal1996",4213
"nergard2003",4214
"okkonen2007",4215
"orsneschristensen1956",4216
"parpola2004",4217
"rindstad1997",4218
"rostad2012",139
"serning1957",4219
"sommerseth2009",4220
"svestad2011",4221
"viveirosdecastro1998",23
"wallerstrom1995",4222
"willerslev2007",23
"zachrisson1992",4223
"havamal1971",4224
"skaldskaparmal1931",4225
"andersen1977a",4226
"binski1996",4227
"borsheim2002",115
"bourdieu1996",4228
"boyendb",4229
"bynum1991",4230
"februar1977",4231
"cinthio1980",4232
"cinthio2002",4233
"eide1973",4234
"fett1961",4235
"fowler2011",4236
"fredriksen2006",4237
"gilchrist2005",4238
"hadley2009",31
"hadley2011",4239
"harby1994",31
"holloway2010",4240
"hougen1935",31
"jeppesen1995a",31
"kiefferolsen1993",4241
"kristoffersen2008",4242
"larsson2002",31
"lund2003e",31
"martensson1981",31
"s1992",31
"nordeide2007",31
"rebaysalisbury2010",31
"reynolds2011",4243
"schulke1999",4244
"serning1982",31
"shetelig1912",4245
"thompson2004",31
"wagnkilde2000",244
"wagnkilde2001",244
"swedishspeciesinformationcentre2014",190
"adalsteinsson1997",4246
"bloch1992",4247
"bruun1909",4248
"bruun1910",4249
"bruun1911",4250
"buckert1983",4251
"byock1982",4252
"deheusch1985",4253
"detienne1989",4254
"dillmann1997",4255
"fridriksson2004",232
"gestsdottir2005",205
"girard1979",205
"hamertonkelly1987",205
"hildebrandt1989",4256
"hubertnd",205
"jam1943",205
"jones1984",4257
"lucas2006",205
"miller1998a",205
"miller1990",4258
"monsen2004",205
"nasstrom1996",4259
"nobis1962",205
"nordahl1988",252
"olsen1965",205
"peel1999",205
"roberts2001",4260
"robertsonnd",205
"roesdahl1989",126
"roussell1937",205
"steinsland2003",2
"thomas2005",147
"turner1969",4261
"vangiffen1963",205
"vondendriesch1976",205
"gudmundsdottir2015",4262
"ahlberg1978",4263
"akerstromhougen1981",4264
"althaus1993",4265
"andersson1968",4266
"andreeff2014",4267
"andren2012a",4268
"bailey1996",4269
"bailey2000",4270
"bailey1988",4271
"beck1964",4272
"bergmann1941",4273
"blindheim1972",4274
"bohner1976",4275
"bottgerniedenzu1988",4276
"calverleynd",4277
"cumont1942",4278
"devries1933",4279
"diazguardamino2015",4280
"egeler2015",4281
"ellisdavidson1950",4282
"ellisdavidson1969",4283
"ellisdavidson1988",4284
"ellmers1973",4285
"ellmers1981",4286
"ellmers1986",4287
"eshleman1983",4288
"faulkes2005",4289
"fingerlin2010",4290
"fuglesang2004",36
"graus1977",36
"guber2011",36
"hauck1954",36
"hauck1957",36
"hauck1980",36
"hauck1983",36
"hauck1994",36
"heinzle2010",36
"holmqvist1939",36
"holmqvist1952",36
"hyenstrand1989",36
"kopar2012",36
"kreutzer1989",4291
"lang1983",36
"lehnen1997",4292
"lindqvist1956",4293
"lindqvist1962",36
"malzbender2001",4294
"earl2010",4295
"margeson1980",36
"marold1972",4296
"mundal1998",36
"neckel1983",4297
"nedoma1988",36
"nordin1903",4298
"north2001",36
"nylen1960",4299
"nylen2003",36
"oehrl2006",36
"oehrl2010",4300
"oehrl2011",4301
"oehrl2012",36
"oehrl2013",4302
"oehrl2014",36
"oehrl2015",36
"oehrl2016",36
"olrik1922",36
"quast2009",4303
"reichert2003",36
"reitzenstein1924",36
"remondino2014",4304
"samson2011",4305
"schreiner2000",36
"schreiner2004",36
"vonsee1981",36
"vonsee2009",36
"shetelig1933",36
"simonsson2012",4306
"speidel2004",4307
"stephensnd",4308
"strom1956",36
"swanstrom2010",4309
"vierck2002",4310
"weber1973",4311
"widerstrom2012",4312
"wilson1998",36
"zimmermann2012",4313
"petursdottir2007",4314
"tonning2003",4315
"aannestad2017",4316
"blindheim1963",4317
"butler1990",4318
"crenshaw1989",4319
"danielsson2012",4320
"ekengren2004",4321
"fahlander2012",10
"fossum1996",4322
"gilchrist1999",10
"glorstad2009",10
"gollwitzer1997",10
"magusnd",10
"pantman2014",4323
"pedersen2011",4324
"petursdottir2009",4325
"prescott1998",10
"samdal2005",10
"svensson2003",10
"thedeen2012",10
"villa2011",10
"gothberg2006",4326
"gothberg2007",308
"fagerlund2005",308
"gothberg2008",308
"alstrom1996",308
"anund1997",308
"berggren1991",308
"elgh1994",308
"frolund2005",308
"frolund2000",308
"hedlund1992",308
"ljungkvist2000",308
"mattsgarden2000",308
"rahmqvist1986",308
"stromback1971",308
"eckmann2004",308
"deweirdt2011",308
"marx2011",308
"skvorzov2011",308
"tilley1999",4327
"blindheim1962",4328
"crusden1965",4329
"eddadigte1971",4330
"egebjerghansen1989",155
"engberg1995",155
"mitchell1977",155
"grieg1920",155
"holmolsen1975",155
"jansson1995",155
"johansson1992",155
"kyhlberg1975",155
"lagersted1999",155
"lampe1993",155
"leahy1995",155
"meulengrachtsorensen1991",4331
"motz1983",4332
"needham1967",155
"ofloinn1994",155
"ramskou1964",155
"schjodt1994",4333
"aldritt2003",252
"allison1997",4334
"arnold1999",4335
"batey1993",4336
"batey2003",4337
"beuermann2011",4338
"bjorkanbukkemoen2017",4339
"bond2007",4340
"crawford1983",4341
"crawford2013",4342
"crossleyholland1982",4343
"cussans2010",4344
"cussans2015",4345
"dietler2001",252
"fraser2009",4346
"greenacre2007",4347
"griffiths2009",4348
"gudmundsson1993",4349
"halstead2012",4350
"harland2006",4351
"harland2012",4352
"hastorf2017",4353
"hayden2001",252
"hedeager2012a",4354
"hermannson2011",4355
"jervis2018",4356
"jinenez2011",4357
"jones2018",4358
"madgwick2015",4359
"mainland2016",4360
"mainland2003",4361
"mccormick2002",4362
"mccormick2014",4363
"mcgovern2010",4364
"montgomery2017",4365
"morris1996",4366
"mulville1999",78
"nicholson2010",78
"noble2013",78
"noddle1997",78
"noddle1977",78
"oconnor2010",78
"oram2015",78
"palsson1978",4367
"pollock2012",78
"rackham1996",78
"rowleyconwy1983",78
"rowleyconwy2018",78
"seller1986",78
"serjeantson2007",78
"sharples1998",78
"sykes2010",8
"terbraak2002",78
"woolgar2016",78
"backhouse1984",30
"barrettnd",30
"cohen2003",30
"drachmann1967",30
"gansum2002",30
"hodges1905",30
"idsoe2004",30
"ilkjaer2003",30
"lund2007",30
"morris1983",4368
"murphy1992",30
"mullernda",30
"nasstrom1944",30
"osborne2004",30
"osullivan2000",30
"owencrocker1919",30
"petts2003",30
"sanmark2010",4369
"semple1998",4370
"simek1983",30
"swanton1974",30
"welinder1992",30
"wellendorf2006",30
"wilson1964",30
"magnus2010",10
"svenberg1984",4371
"berg1986",4372
"blumenschine1996",4373
"boessneck1964",4374
"bronkramsey2005",4375
"brown1960",4376
"carter2007",4377
"dahlander1916",4378
"ekman1973",4379
"ekman1974",4380
"ekman1984",4381
"fagerborg1986",4382
"graslund1996",4383
"hemmendorff2010",4384
"holm2006",4385
"holmgren1985",4386
"hultcrantz1996",4387
"insulander1956",4388
"iregren1997",4389
"jakobsson1997",4390
"lauwerier1983",4391
"lemel1999",4392
"lindeblad1997",4393
"lyman1994",4394
"magnell2004",4395
"magnell2006",35
"nathorstnd",35
"nordberg2006",35
"nordenram2001",35
"nasstrom1988",35
"paulssonholmberg1997",35
"payne1985",35
"richter1982",35
"rossdale1996",35
"rudebeck2010",35
"sandegren1997",35
"sjodin1980",35
"thilderqvist2005",35
"vikstrand1993",35
"wallin1990",35
"welinder2003",35
"welinder2008",35
"zeder2010",35
"karnell2012",4396
"bailey2003",4397
"capelle2003",207
"romersdal1961",4398
"nasman1942",4399
"schnittger1912",4400
"brondsted1942",4401
"axboe2007",206
"corsten1991",206
"fuglesang2006",206
"nordeide1948",206
"ringstad1988",206
"staecker1990",206
"stoklund2001",206
"strom1984",206
"wamers1997",4402
"mainz1997",206
"westlund1989",206
"zeiten2002",206
"zemitis1997",206
"haugbui1924",4403
"islendingadrapa1973",4404
"andrea2010",4405
"beck1978",4406
"brown1981",4407
"decastro2015",4408
"descola2010",4409
"drachmann1969",4410
"fowler2013",4411
"gansum1999",4412
"geary1979",4413
"geary1986",4414
"harris1985",4415
"hastrup2013",4416
"vigfussonnda",4417
"weismantel2015",4418
"rigsthula1960",4419
"bekpedersen1943",4420
"agnarsdottir1983",4421
"bartram1991",4422
"berson2002",4423
"birch2009",4424
"buckland1985",4425
"byock2004",4426
"christensen1990",4427
"deal1985",4428
"deboer1979",4429
"donat1980",4430
"edvardsson2003",4431
"einarsson1992",4432
"eldjarn1949",4433
"eldjarn1961",4434
"eldjarn1974",4435
"erlingssonnd",4436
"evans1967",4437
"foote1977",4438
"fridriksson1997",4439
"gifford1980",4440
"gudrun2008",4441
"gronvold1980",4442
"gronlie2006",4443
"gudmundssonnd",4444
"hayden1983",4445
"hermannsaudardottir1989",4446
"hinz1989",4447
"hoffmann1964",4448
"iceland1985",4449
"ingimundarson1992",4450
"jones1944",4451
"kobylinski1997",4452
"kuna2005",4453
"lamotta1999",4454
"lange1972",4455
"meier1984",4456
"milek2010",4457
"milek2011a",4458
"milek1997",4459
"murphy1986",4460
"murray1980",4461
"nelson1999",4462
"nelson1996",4463
"oconnell1987",4464
"okelly1954",4465
"olafsdottir1974",4466
"olafsson1992",4467
"olafsson1998",4468
"olafsson2001",4469
"page1995",4470
"stead1982",4471
"stein1989",4472
"stevenson1982",4473
"takacs1968",4474
"taylor1956",4475
"tesch1993",4476
"thorlaksson2000",4477
"urbanczyk1997",4478
"urbanczyk2002",4479
"urbanczyk2001",4480
"urbanczyk2003",4481
"urbanczyk2006",4482
"pierce1998",4483
"rafnsson1977",4484
"reimer2009",4485
"roberts1943",4486
"shetelig1937",4487
"sigurgeirsson2008",232
"simms1988",4488
"snaesdottir1992",4489
"hammarberg1985",206
"thrane1973",123
"samdal2000",206
"moesgaard2004",206
"steinsland1990",206
"artelius2000",4490
"artelius1994",4491
"bordo2008",4492
"bourdieu1999",4493
"broome2015",4494
"hedeager2014",4495
"jansson2005",4496
"leach1958",4
"rydh1919",4
"rydh1936",139
"salin1959",4
"skoglund2005",4
"solberg1993",4
"sten2001",4
"vretemark1983",4
"wallacehadrill1962",4
"wehlin2013",4
"baron2014",4497
"baron2006",4498
"baron2009",4499
"beagrie1989",4500
"bielicki1991",4501
"billstrom1990",4502
"bjorlykke1982",4503
"bjorlykke1990",4504
"bjorlykke1993",4505
"blanchard2001",4506
"bode2008",4507
"bode2009",4508
"boni2000",4509
"brooks2004",4510
"capelle1976",4511
"chen2012",4512
"chernyshev2008",4513
"chugayev2010",4514
"chugayev2013",4515
"duralimuller2005",4516
"gale1992",4517
"guenettebeck2009",4518
"guy1981",4519
"homer1991",4520
"hohndorf1986",4521
"johansson1983",4522
"johansson1984",4523
"johansson1985",4524
"karakaya1988",4525
"kirnbauer2012",4526
"kramers1997",4527
"leveque1993",4528
"loveluck1998",4529
"merkel2015",4530
"mirnejad2011",4531
"nilsen1991",4532
"nriagu1983",4533
"penhallurick1986",4534
"petersen1995",99
"pollard2008",99
"rohl1996",99
"rohl1998",99
"sayre2001",99
"shepherd1993",99
"sjastad2011",99
"stacey1975",4535
"stosgale2004",99
"stosgale1997",99
"sundblad1994",99
"tereygeol2005",99
"timberlake2005",99
"trincherini2009",99
"tylecote1992",99
"villa2009",99
"wedepohl1978",99
"kershaw1990",149
"hadley2008",4536
"alexander1987",149
"carter1969",149
"mckinley2000",149
"budd1999",149
"benedictow1992",309
"brothwell1998",309
"crumlinpedersen1992",309
"bacco2006",309
"dunnell1999",309
"dyke1984",309
"gad1984",309
"geist1978",309
"halstead1989a",309
"janssen2003",309
"jones1986",223
"keller1984",309
"premo2010",309
"thorarinsson1961",309
"weiss1976",309
"abels1988",4537
"geller2005",149
"campbell2001",149
"rollason2000",149
"blackburn2005",4538
"mckinley2003",149
"avery1990",4539
"babel1975",4540
"barrat1964",4541
"bell1996",4542
"bell2000",4543
"biddulph2012",4544
"boorman2002",4545
"breuningmadsen2001",4546
"breuningmadsen2003",4547
"catt1986",4548
"courty2001",4549
"crowther1996",4550
"cruise2000",4551
"engelmark1993",4552
"engelmark2008",4553
"holden1994",98
"kelley2010",98
"kooistra1978",98
"linderholm2007",98
"linderholm2013",98
"macphail2000",98
"macphail2009",98
"macphail2012",98
"macphail1998",98
"niblett1999",98
"reineck1986",98
"rentzel1999",98
"rosenqvist1958",98
"stoops2010",98
"thirly2006",98
"veneman1984",98
"viklund2013",98
"wilkinson2012",98
"ipccrkpachauri2014",4554
"reckin2013",4555
"dixon2014",4556
"lee2017",4557
"farbregd2009",4558
"callanan2016",4559
"finstad2008",4560
"vedeler2013",76
"hafner2015",76
"kelly2013",76
"fehrenschmitz2014",76
"hare2012",76
"haas2017",76
"barbier2011",76
"orengo2013",76
"hjelle2015",76
"indrelid2011",76
"pluskowski2013",76
"indrelid2015",76
"beijersbergen2017",76
"vorren1998",76
"stene2015",76
"benn2010",76
"odegard2017",76
"young2012",76
"helama2012",76
"linderholm2010",76
"matthews2008",76
"bevanger2004",76
"kullman1994",76
"williams2012",76
"armit2014",76
"mann2015",76
"callanan2013",4561
"callanan2015",76
"arjava2005",76
"buntgen2017",76
"nesje2009",76
"villumsen2016",76
"hoeg2014",76
"howardjohnston1998",76
"barrett2016",76
"barth1983",76
"walloe2010",76
"majchczack2014",277
"berger1970",277
"hatz2001",277
"bantelmann1967",277
"braren1935",277
"kersten1958",277
"segschneider2009",4562
"majchczack1967",277
"beseler1982",277
"erdmann2001",277
"jons2014",277
"laur1959",277
"segschneider2004",277
"stilke2001",277
"stumpel2009",277
"wunderlich2013",277
"jakobsson1992",4563
"wilson1996",4564
"anttonen1992",4565
"baudou1993",4566
"baylisssmith1998",4567
"bergman1995",4568
"bradley1997",4569
"douglas1966",4570
"fellman1906",4571
"gennep1909",4572
"harrison1903",4573
"helskog1999",4574
"hultkrantz1978",4575
"insoll2004",4576
"jordan2001",4577
"kleppe2006",4578
"laestadius2002",4579
"lahelma2005",4580
"mebius1968",4581
"baylisssmith2001",4582
"napolskikh1992",4583
"nordbladh1980",4584
"pettersson1957",4585
"ramqvist2002",243
"rank1955",243
"rydving1993",243
"sammallahti1982",243
"schanche1995",243
"solem1933",243
"taavitsainen2003",243
"terebikhin1993",243
"tilley1991",243
"trubshaw1995",243
"turner1978",243
"uibopuu1988",243
"wiik2000",243
"vorren1978",243
"gojda1991",4586
"jezek2002",4587
"ruttkay2002",4588
"takacs2002",135
"magnusson1973",93
"edvardsson2007",135
"oye1988",4589
"stenberger1979a",135
"giffordgonzalez1985",135
"stead1981",4590
"karras1988",4591
"jochens1995d",34
"gudmundsson2009a",135
"skjelsvik1958",98
"schindler1956",277
"amundsen2004",4592
"arnalds1995",4593
"canti1999",4594
"canti2003",4595
"carr1984",4596
"hakbijl2002",4597
"hreidarsdottir2005",4598
"johnson1974",4599
"malinskybuller2011",4600
"matthews1997",4601
"mehler2002",4602
"misarti2011",4603
"roberts2003",4604
"rolfsen1980",4605
"sampietro2005",197
"shahackgross2005",197
"shahackgross2008",197
"shillito2011",197
"smith2001",4606
"snaesdottir2003",197
"stein1983",197
"stockton1973",197
"sullivan2004",197
"tani1995",197
"terry2004",197
"tinsley2002",197
"vizcaino1999",197
"vyncke2011",197
"wandsnider1996",197
"wilk1979",197
"zielinski1997",4607
"ingold2012",4608
"stoodley1999",4609
"andersson2008f",69
"back2008",69
"frioriksson2013",69
"gunnell1995",37
"gunnell2004",69
"gunnell2008",69
"harris2000",69
"hallansstenholm2010",69
"lihammer2012",69
"pentz2013",69
"philipotts1920",69
"roberts2009",69
"sjosvard1989",69
"svensson2010",69
"vikstrand2010",69
"wessman2010",26
"wessen2002",4610
"blomkvist1999",4611
"brink2005",4612
"caldwell2003",4613
"lerbom1915",258
"nyberg1976",258
"olsson1984",258
"ortved1933",258
"rafnsson1974",258
"rosen1949",258
"ruthstrom1988",258
"ronnby1995",258
"schmidtwiegand1967",258
"schmidtwiegand1989",258
"steffen1943",4614
"yrwing1940",258
"ostergren1992",258
"yrwing1951",258
"yrwing1978",258
"lindroth1915",258
"vangennep1909a",243
"buckley2004",4615
"armit1996",4616
"gammeltoft2004",4617
"hall2008",4618
"jay2013",4619
"jennings2005",4620
"capo1994",4621
"chiaradia2003",4622
"dangela1990",4623
"diefendorf2005",4624
"evans2009",4625
"fronval1995",4626
"keefe2007",4627
"montgomery2002",75
"parkerpearson2005",75
"puceat2010",75
"raiber2009",75
"sanchezchillon1994",75
"sellevold1999",75
"simpson2010a",75
"stephan2000",75
"toolis2008",75
"trickett2003",75
"vanrensburg1986",75
"warham2012",75
"woolf2005",75
"pricenda",4628
"bagge1998",311
"chenery2012",4629
"harrison2003",311
"johansen1986",311
"reed1998",311
"sellevold1991",311
"sellevold1996",311
"sellevold2001",4630
"sullivan1981",311
"tauber1981",311
"vandermerwe1978",311
"balodis1940",4631
"bogucki2006",4632
"brundage1991",4633
"christoffersen1996",4634
"crumlinpedersen1989",4635
"crumlinpedersen1996",4636
"crumlinpedersen1998",4637
"ehrensvard1991",4638
"filipowiak1998",4639
"griciuviene2005",4640
"haak2004",4641
"kiaupa2000",4642
"kochkurkina1961",4643
"lang1996",4644
"lang2004",4645
"lehtosalohilander1984",4646
"limbo2004",4647
"lougas1994",4648
"magi2002",4649
"magi2004",4650
"magi2005",4651
"magi2007",289
"magi2009",289
"magi2013",289
"petrenko1995",289
"radins2006",289
"rebkowski1998",289
"sedov1974",289
"shepherd1999",289
"sindbaek2003",289
"vijups1997",289
"spingis2008",289
"tvauri1998",289
"vaitkunskiene1995",289
"vasks2008",289
"vassar1939",289
"vassar1975",289
"welinder2009",289
"zarina2006",289
"gramsch2007",312
"zachrisson1989",312
"kopytoff1996",1
"kristiansen1974",312
"pfisterer2008",312
"aberg1990",18
"ambrosiani2005",18
"ambrosiani2016",18
"backstrom2016",18
"blauer2013",18
"burgman1987",18
"fennomuyingo2000",18
"gustin2016",18
"harvig2014",18
"kaislaniem2011",18
"lama2015",18
"leciejewicz1956",18
"lightfoot2016",18
"nironen1997",18
"pellegrini2016",18
"stolpendc",18
"tuross2017",18
"weihed2005",18
"wilhelmson2017",18
"yurtsever1980",18
"nepomniashchii2012",288
"gaidukov1994",288
"kuzmin1997",288
"kuzmin2015",288
"stanislawski2000",285
"britishgeologicalsurvey2001",75
"raudonikas1930",288
"ravdonikas1924",288
"plokhov1996",288
"sturluson2011",4652
"ynglingatal2011",4653
"anbrosiani2007",4654
"banyterowell2005",4655
"bliujiene2008",4656
"blomkvist2005",4657
"bertasius2006",4658
"bonnellnd",4659
"creutz2003",4660
"deemant1977",4661
"ehrensvird1991",4662
"filipowiak1983",4663
"gurevitch1970",4664
"argang2000",4665
"johansen1939",4666
"khvoshchinskaya2004",4667
"lamm2009",4668
"ligi1968",4669
"ligi1995",4670
"baltica2007",4671
"magilougas1993",4672
"melnikova2007",4673
"melnikova1990",4674
"mickevicius1994",4675
"mugurevies1994",4676
"nosoy2001",4677
"nosov2005",4678
"nosov2006",269
"opik1970",269
"radin1998",269
"selart2002",269
"selirand1974",269
"sindbek2003",269
"spirgis2008",269
"stubavs1966",269
"sne1997",269
"tamla1977",269
"tarvel1975",269
"tonisson1974",269
"valtonen2007",269
"zabiela2008",269
"zemitis2007",269
"zulkus1991",269
"boyd1985",285
"boyd2005",285
"silliman2001",285
"barrett2002",285
"marshall2002",285
"watt1985",4679
"naum2005",285
"kockakrenz1993",285
"bergatzky1989",285
"tvauri2001",269
"amundsen1996",4680
"auestad1992",4681
"balascio2011",4682
"binns1978",4683
"bratrein1983",4684
"bratrein1991",4685
"bratrein1995",4686
"bruun2007",4687
"evjen2008",4688
"gjessing1973",4689
"grimm1999",4690
"grimm2002",4691
"grimm2006",4692
"grydeland2001",4693
"guttormsen2005",4694
"henriksen1996",4695
"hesjedal1996",4696
"hinsch1960",4697
"hodder1979",4698
"holand1989",4699
"johansen2002",4700
"johansen1982",4701
"johansen1990",4702
"johansen1978",4703
"mathiesen1978",4704
"myhre1978",84
"myhre1985",84
"nilsen1998",84
"nilsen1995",84
"odner1985",84
"olsen1998",84
"olsen2001",84
"rolfsen1974",84
"rolfsen1990",84
"said1993",84
"schanche1992",84
"simonsen1980",84
"sobstad1980",84
"spivak1987",84
"spivak1990",84
"storli1985",84
"vorren1985",84
"wickler2005",84
"wik1985",84
"vanderleeuw1989",285
"c2006b",4705
"arbman1969",188
"blair1994",4706
"brink2001",4707
"cameron1988",4708
"carver1988",4709
"carver2001",4710
"carver2002",4711
"cooper1993",4712
"dubois2006",4713
"effros2003",4714
"everson2011",4715
"fabech1994",4716
"fell1956",4717
"geake1997",4718
"grahamcampbell2009",4719
"griffiths1991",72
"gurney1986",145
"hall1989",145
"halsall1989",145
"hayward2011",145
"heide2011",145
"heide2014",145
"hoggett2007",4720
"ilkjaer2002",65
"jankuhn1955",145
"karras1990",4721
"knapp1999",145
"larrington1996a",4722
"mcleod2013",145
"raffield2013a",72
"hagland2005",145
"randsborg1999",145
"sanmark2009",4723
"scarre2002",145
"scragg1991",145
"semple2010",4724
"sheppard1939",145
"museum2012",145
"harkell2011",145
"thurston2002",4725
"tilley2006",4726
"webster1983",145
"yorke1990",145
"pedersennda",4727
"armbruster2004",139
"bayley1992",223
"brinchmadsen1984",233
"feveile1994",4728
"grieg1922",4729
"hedegaard2005",233
"jouttijarvi2006",203
"paulsen1936",139
"pedersen2000",139
"augenti2011",4730
"bilge2013",4731
"bowleg2008",4732
"back2018",4733
"collins2016",4734
"davis2008",4735
"diazandreu2005",4736
"evans1997",4737
"goldhahn2007",4738
"holmquist1990",46
"holmquist1993",46
"holmquist2001",46
"holmquist1998",46
"holmquist2009",4739
"inall2014",46
"kaliff1992",46
"laneri2007",46
"nelson2007",46
"olausson2001",46
"popa2014",46
"schietzel1963",46
"thedeen2011",46
"vennatro2016",46
"yotov2016",46
"ashede2015",46
"aagard1984",4740
"arbman1960",4741
"bjeletskij1998",4742
"capelle1962",4743
"dellepiane2009",4744
"edberg2001",4745
"eniosova2008",4746
"gingerich2014",4747
"hermon2008",4748
"jolshin2012",230
"klindtjensen1965",230
"neiss2005",230
"neiss2006",230
"neiss2009",230
"neiss2010",230
"puskina1998",230
"scott2002",230
"shearer2012",230
"sholts2012",230
"sholts2010",230
"sholts2011",230
"sotnikova1959",230
"kastholm2008",230
"thunmark1974",230
"wiechmann2001",230
"wolters2006a",230
"hallam2001",46
"ekengren2006",46
"rindal2004",201
"backdanielsson2008",4749
"bennett1987",37
"carlsson2002",4750
"fabech2004",4751
"henderson1991",4752
"hjorungdal1994",160
"hovanta1995",160
"lagerholm2009",160
"mays1998",4753
"rosten2007",160
"simpson2004",160
"sindbaek2006",4754
"smyser1965",160
"stalsberg1987",5
"thedeen2008",160
"dudo1998",4755
"gragas2000",4756
"grettirssaga1974",4757
"layofharoldtransl1936",4758
"almqvist1965",4759
"almqvist1974",4760
"betzig1982",58
"brown2009",58
"camdennd",58
"chagnon1988",58
"clover1993",34
"coleman2015",4761
"colwell1988",58
"coupland2003",58
"debuse1999",58
"dickemann1979",58
"downham2014",58
"ebel1993",58
"ember1974",58
"emlen1977",58
"falys2014",4762
"forsgren2004",58
"fuglestvedt2014",58
"goetting2006",58
"griskevicius2012",58
"hill1990",58
"hoglund1993",58
"hudson2004",58
"jacobsen1982",58
"jochens1980",58
"jochens1986",58
"jochens1987",58
"jochens1991",58
"kvarnemo1996",58
"kvarnemo1995",58
"madsen1993",58
"meulengrachtsorensen1980",58
"mitani1996",58
"montgomery2008",4763
"moorad2011",58
"opdahl2003",58
"reichert2006",58
"renaud2000",4764
"sampson2006",58
"schacht2014",58
"szekely2014",58
"thedeen2009",4765
"weir2011",58
"zeitzen2008",58
"staecker2006",4766
"kure2013",4767
"lamm2003",4768
"lamm2003a",4769
"hauck1985",4770
"hauck1969",4771
"neckel1983e",4772
"larrington2014",4773
"bangnd",4774
"buggenda",4775
"dronke1989",4776
"haavardsholm1996",4777
"hauck1982",4778
"heusler1941",4779
"wilhelm1952",4780
"vanderhorst1982",313
"horst2010",313
"hultgard1987",313
"johansson2013",313
"lamm2003b",313
"mckinnell1994",313
"mckinnell2008",313
"meyernd",313
"north2003",313
"oehrl2009",313
"quast2002",313
"nordal1980",313
"stephensnda",313
"westphal2004",313
"williams1994",313
"musty1974",290
"saxo1931",201
"sopp1999",201
"thomsen1929",201
"blindheim1982",139
"clarke1995",4781
"duner2006",139
"gaut2015",139
"hougen1931",139
"kielland1927",139
"maddicott1989",139
"ryghnde",139
"samson1991a",147
"schramm1955",139
"werner1980",139
"coplen1988",263
"a2007",49
"sjoberg1987",37
"blindheim2008",4782
"brogger1997",4783
"chatwin1990",4784
"eisenschmidt1994",115
"gourevich1999",4785
"gunnell2000",4786
"gunnell2006",4787
"harris2009",4788
"hagg2009",4789
"jakubovskij1926",4790
"liepe1989",4791
"mckinnell2005",4792
"montgomery2004",112
"ogden2008",112
"page1985",112
"petrenko1991",112
"robbins2004",37
"rundkvist2003",4793
"schjodt2007",112
"schjodt2009",112
"skre2004",4794
"steinsland1981",112
"stern2009",112
"tollnes1998",112
"faulkes1989",4795
"sekundaerkilder1997",314
"barndon1992",314
"drescher1977",314
"gustafsson2005",314
"haaland1985",314
"jouttijarvi2001",314
"krishnan1976",314
"roesdahl1993",4796
"smith1974",314
"steinsland1997",314
"webster1999",314
"feveile2002b",233
"anderson1992",4797
"balasse2002",4798
"bell2001",4799
"bethard2013",4800
"brabrand1991",4801
"buzon2013",4802
"cameron2011",4803
"cruz2011",4804
"eliason2010",4805
"ferguson2009",4806
"fornander2015",4807
"grupe2011",140
"haak2008",4808
"hofstra1995",140
"hunter1975",140
"kahl2009",4809
"knudson2008",140
"knudson2011",140
"lambergkarlovsky1972",140
"lane1972",140
"magnusson1980a",140
"moberg1981",140
"naum2012",4810
"olsen1961",140
"suchey2006",140
"tung2011",140
"turner2009",140
"vos2005",140
"webb1985",140
"wilson1970",140
"crumlinpedersen1988",4811
"zeitzen1997a",4812
"wenger2004",315
"sofartsmuseums1987",315
"baxter2008",315
"christensen1988",315
"cooper1978",315
"edgren1988",315
"elsner1992",315
"gillespie2001",315
"grieg1933",315
"hejgaard2010",315
"hojrup1983",315
"jensen2008",315
"sandberg2006",315
"schwartzman2006",315
"smolarek1969",315
"sztompka1994",315
"tesch2005",315
"zeitzen2002",315
"ostergaard2011",315
"hayeursmith2004",160
"byejohansen2004",160
"thunmarknylen2015",160
"albrectsen1994",4813
"althoff1999",4814
"andersen2011",4815
"bede1968",4816
"blair2005",4817
"dulinicz2002",4818
"foote1993",4819
"gullbekk2008",4820
"keynes1991",4821
"kornerupnd",4822
"krag2003",4823
"meier2002",4824
"meulengrachtsorensen1997",4825
"meulengrachtsorensen2001",4826
"miuillermertens1999",4827
"ottodergrosse2001",4828
"pedersen2005",4829
"refskou2004",4830
"roesdahl1983",4831
"roesdahl1987",4832
"roesdahl1999",4833
"roesdahl2004",202
"schoujorgensen1997",202
"skovgaardpetersen1977",202
"steinsland2008",202
"tesch2008",202
"wilson1966",202
"porsteinsson1987",202
"fangel1941",185
"chapman1981",112
"miller2005",112
"nylen1987",112
"andersson2016b",316
"cambridge2017",316
"hauptman2014",316
"aukrust1982",4834
"ayers2016",4835
"bergman2007",4836
"carrer2015",4837
"critch2018",4838
"curdy2016",4839
"norvegicum2019",4840
"finstad2018",4841
"gilck2019",4842
"grjotheim1978",108
"gunnarsdottir2000",108
"hollesen2018",108
"kleiven1973",108
"kummen1983",108
"providoli2016",108
"rosvold2017",108
"savioz2016",108
"shawnd",108
"thun2018",108
"timberlid2015",108
"volken2015",108
"younghusbandnd",108
"shetelig1920b",167
"miles1989",4843
"abbott2005",4844
"gilmour1988",4845
"aitken1966",4846
"aitken1962",4847
"aitken1983",4848
"anon1996",4849
"aspinall1977",4850
"barley1964",4851
"barley1981",4852
"belfiore2007",4853
"blinkhorn2013",4854
"brooks1984",4855
"bryant1977",4856
"dallas1993",4857
"dunning1959",4858
"everson1999",4859
"field1990",4860
"ford1995",4861
"froh2004",4862
"gale1995",4863
"garmonsway1972",4864
"garrigos2001",4865
"golitko2012",4866
"goodwin2013",4867
"harkel2013",4868
"hebditch1964",4869
"hurst1962",4870
"ixer1997",4871
"jordan1994",4872
"kilmurry1980",64
"leah1994",64
"vander1993",64
"mainman1990",64
"maniatis1981",64
"maniatis1984",64
"mccarthy1988",64
"miles1974",64
"nailor1984",64
"price1975",64
"quinn2013",64
"rice2005",64
"rogerson1984",4873
"rye1981",64
"sawyer1998c",64
"arwidson1984",4874
"arwidson1986",4875
"arwidson1989",4876
"bennike1985",4877
"bennike1993",4878
"calmer1977",4879
"deniro1988",4880
"gilbert2005",4881
"hoefs2004",4882
"jorkov2007",4883
"kanstrup2006",4884
"leethorp2003",4885
"longin1971",4886
"madsen1988",4887
"reidla2003",4888
"runge2010",4889
"schoeninger1989",4890
"sillen1998",4891
"skibstedklaesoe1997",4892
"sponheimer2006",4893
"vanklinken1999",4894
"verhulst1966",185
"verhulst1995",185
"walette2004",185
"paludan1991",185
"koch1936",185
"steensberg1952",185
"steensberg1973",185
"dobat2007",185
"meier2007",185
"tesch1992",185
"fangel1998",185
"tollin1998",185
"riddersporre2003",185
"nedkvitne2004",185
"fritz1988",185
"back1995",4895
"gustin2011",4896
"haussig1987",214
"martin1986",4897
"noonan1985",214
"noonan1989",214
"noonan2001",214
"rispling2007",214
"roslund1997",214
"roslund2009",214
"roslund2010",4898
"thordeman1926",214
"holmquistolausson2002",214
"johansson1997",214
"jonsson2001",214
"kovalev2001",214
"kovalev2002",214
"kovalev2005",214
"kovalev2011",214
"landgren1998",214
"younghusband1904",108
"of1917",16
"jensson1929",16
"arbman1936",16
"arent1969",16
"ekelund1956",16
"ellisdavidson1967",16
"gjeerder1964",16
"holmavist1955",16
"jansson1963",4899
"perkins2001",16
"price1969",4900
"salin1913",4901
"steinsland1936",16
"agrip1929",16
"hultgard2003",16
"hudson2005",4902
"rediker1987",72
"pennel1997",72
"leeson2009",72
"antony2002",72
"hudson2007",72
"price1991",72
"wulfstan1976",72
"artefacts1980",72
"birkeland1954",72
"arcini2005a",69
"catling2008",72
"griffiths1991a",72
"richards1989",72
"kanstrup2008",69
"andersson1975",4903
"arcini2018",4904
"arppe2010",4905
"azmy1999",4906
"buko2013",4907
"chernykh1985",4908
"faure2004",4909
"fraser2018",4910
"hyenstrand1982",4911
"lewis2008",4912
"maldre2018",4913
"margaryan2019",4914
"peschel2014",4915
"punning1987",4916
"raukas2009",151
"ruff2012",151
"sillen1982",151
"trotter1958",4917
"tuuling2011",4918
"wea1980",4919
"woelfel2002",151
"arcini1998",34
"baillie1991",4920
"baillie2015",4921
"bolender2011",4922
"davies2015",4923
"dugmore1992",4924
"edwards2012",4925
"einarsson1988",4926
"erlendsson1995",4927
"haflidason2000",4928
"haflidason1992",4929
"hammer1980",4930
"hermannsaudardottir1988",4931
"lane2014",4932
"larsen1982",4933
"larsen1984",4934
"larsen1977",4935
"lowe2008",4936
"lowe2011",4937
"lowe2015",4938
"lowe2001",4939
"newton2008",4940
"oladottir2008",227
"ponomareva2015",227
"roberts2000",252
"sigurgeirson2014",227
"sigurgeirsson1995",227
"sigurgeirsson2007",227
"sigurgeirsson1998",227
"sigurdsson1982",227
"sveinbjarnardottir2004",227
"theodorsson2009",227
"theodorsson2012",227
"vilhjalmsson1991",227
"vinther2006",227
"zielinski1995",227
"palmerbrown1995",64
"vince2009",64
"andersen1982a",162
"andersen1996",162
"bennike1994",162
"brather2001",162
"burschel1994",162
"caferro2006",162
"christophersen1940",162
"damgaardsorensen1991",162
"fiorato2000",162
"hermann1974",162
"krueger1985",162
"nielsen1990",4941
"petersen1989",162
"roesdahl1975",162
"thordeman1939",162
"ahlstromarcini2005",34
"schjodt2013",34
"anderson2010",4942
"bayman2013",4943
"bentley2007",4944
"brink2014",4945
"buck1938",4946
"erikson2015",4947
"hauofa2008",4948
"heyerdahl1938",318
"kane1997",318
"king2003",318
"kirch2010",318
"kirch2012",318
"kirch2014",318
"kirch2007",232
"kirch1992",318
"ljungstrom2004",318
"ravn1993",318
"ravn2011",318
"ravn2018",318
"salmond2010",318
"schjodt2017",318
"smith2010",4949
"spriggs2008",318
"spriggs2016",318
"stolpendd",318
"thomas1997",318
"thomas2010",318
"wawn2000",318
"raukas1997",151
"hinton2005",4950
"hoilundnielsen1999",4951
"leigh1984",319
"clauskrag1982",4952
"ruth1988",4953
"lindkvist2003",41
"yuhl2013",41
"cameron2008",41
"cameron2016",41
"lewis2017",41
"karras1980",41
"larson1935",41
"lee1936",41
"audr2001",41
"benraffield2017",41
"see2012",41
"reuter2012",41
"blili1996",41
"somerville2014",41
"ch2011",41
"michaelswanton2000",41
"robinson1921",41
"gothenburg2000",41
"goodall1990",41
"henning2012",41
"warner2009",41
"olsson2017",41
"simpson2018",41
"ch2000",41
"lunde2012",41
"jankowiak2016",41
"lewis2016",41
"ostergren2008",41
"kankpeyeng2009",41
"laird2010",41
"bodel2005",41
"walz1977",41
"daniel1992",41
"morgan1998",41
"warren1977",41
"bodel2014",41
"ireland1952",41
"hardh2001",4954
"lamm2005",4955
"lang1995",4956
"salmo1938",4957
"skrzat2010",4958
"tarvel1982",4959
"trotter1952",4960
"anderson2002",4961
"arnold1991",4962
"dowson2006",4963
"dror2017",4964
"fridriksdottir2013",4965
"geller2017",4966
"gero1985",4967
"ghisleni2016",4968
"herget2008",4969
"jansson1992",4970
"jensen2018",4971
"jordan2009",4972
"joyce2008",4973
"knauer2001",4974
"lindqvist2004",4975
"nakhaeizadeh2014",4976
"nilssonstutz2013",4977
"norgardjorgensen1997",4978
"olausson2001a",4979
"reeder2008",4980
"sorensen1983",4981
"stolpe2019",4982
"wylie1992",4983
"dagstorp1999",4984
"mark1998",4985
"bogelund1999",4986
"naes2000",4987
"andersminde1980",4988
"okholm1996",4989
"starigardoldeburg1991",4990
"stro1984",4991
"bchin1965",4992
"albert1999",4993
"albert2002",4994
"barabasi2003",4995
"becker1999",4996
"becker2003",4997
"clarke1972",4998
"dodds2003",4999
"donat1984",5000
"c2006c",5001
"granovetter1973",5002
"herrmann2005",5003
"jacobsson2000",5004
"jons1997",211
"lundquist2003",5005
"meier1991",5006
"ormerod2004",5007
"palmer2003",5008
"palmer2004",5009
"ravasz2003",5010
"renfrew1977",5011
"schoknecht1977",5012
"schuldt1965",5013
"schuldt1967",5014
"schuldt1981",5015
"schuldt1985",5016
"wasserman1994",5017
"watts2003",5018
"watts1998",5019
"wells2005",5020
"wietrzichowski1993",5021
"ahlen1998",5022
"aikio2006",5023
"alenius2007",5024
"alenius2011",5025
"barrett2009",5026
"carpelan1984",5027
"carpelan2003",5028
"carpelan2006",5029
"donner1986",5030
"edberg1999",5031
"fewster2006",5032
"halinen2005",5033
"herrgard2005",5034
"hiekkanen2010",5035
"huurre1983",5036
"hakkinen2010",5037
"ivars2002",5038
"jaakkola1935",5039
"karlsson1987",5040
"korpela2004",5041
"kovalev2007",5042
"kriiska2007",5043
"kumpulainen2004",5044
"kuusela2011",5045
"lehtosalohilander1985",5046
"lehtosalohilander2001",5047
"leskinen2008",5048
"masonen1989",5049
"meinander1950",5050
"moilanen2010",5051
"nordman1944",5052
"norrman1983",5053
"nunez1993",5054
"nunez1995",5055
"orrman1991",5056
"orrman1993",5057
"poutiainen2008",5058
"raninen2010",5059
"ringbom1994",5060
"roeckhansen1995",5061
"salo2000",5062
"schalin2008",217
"spirgis2006",217
"spiridonov1991",5063
"taavitsainen1980",217
"taavisainen1988",217
"taavitsainen1994",217
"taavitsainen1999",217
"taavitsainen2007",217
"tomtlund2005",217
"uino2003",217
"maria2001",217
"valtonen2008",217
"viklund2002",217
"wickholm2000",217
"wickholm2004",217
"kirpichnikov1985",5064
"makarov1990",5065
"makarov2009",5066
"melnikova1991",5067
"muller1987",137
"nerman1929",5068
"nosov1992",5069
"nosov2001",267
"ravdonikas1949",5070
"smolichev1925",306
"sitii2006",306
"andren2004j",37
"beskowsjoberg1987",37
"crumlinpedersen1995d",37
"t1999",37
"grahamcampbell1998j",281
"price1989a",5071
"skaarup1972",37
"terry1990",37
"ludtke2001",5072
"barabas2003",5073
"brinch1991",167
"jansson2008",167
"hakonshetelig1917",167
"harrison2010",252
"russell2007",5074
"budd2014",5075
"score2010",5076
"lundraffield1989",5077
"griffiths1997",281
"ross1983",5078
"thee1980",5079
"baker1997",5080
"khoroshev2007",5081
"kotowicz2007",5082
"macgregor1978",5083
"binns1963",5084
"booth1987",5085
"booth1997",5086
"bulock1960",5087
"clark1966",5088
"craig2010",5089
"cramp1976",105
"kemp1996",105
"kershaw2008",105
"leahy2000",105
"morris1977",105
"morris1984",105
"naismith2011",105
"naylor2001",105
"peers1943",105
"powlesland1998",105
"rahtz1967",105
"schoenfelder2011",105
"stocker2007b",105
"thomas2003",105
"townend2014",105
"williams1988",105
"wrathmell2012",105
"richards2014",105
"richards2015",105
"richards1983",5090
"williams1983",5091
"swanton1970",5092
"cluniesross1985",5093
"james1997",5094
"woodward2004",5095
"beskowsjoberg1987a",5096
"beltznd",282
"clark1984",282
"davis1983",282
"fehring1987",282
"fehring1995",137
"gerrard2003",282
"hubener1959",282
"karlin1922",282
"liebgott1989",282
"lischnd",282
"moreland1991",282
"sorensen1989",282
"verhaeghe1994",282
"wiessner1939",282
"desha2000",5097
"honolulu1991",5098
"dining1980",5099
"athens2017",5100
"oxfordroutledge2016",5101
"graeber2017",5102
"redknap2004b",5103
"amkreutz2004",320
"lewis1972",320
"mattes2016",320
"mattes2008",320
"comacchio1983",320
"whitehouse1983",320
"hooper2006",320
"kirch1985",320
"kristiansen1998",320
"space2015",320
"rainbird2015",320
"ratnagar2001",320
"jp2010",320
"sherratt1993",320
"clark2008",320
"valeri1985",320
"malarlandskapen1993",320
"wallin1993",320
"westerdahl1992",320
"jankuhn1975",167
"ramskou1999",167
"rundkvist2001",167
"windgather1990",167
"windgather2003a",167
"sussex1997",5104
"waitznda",5105
"ramskou1963",167
"neiss2070",167
"attwood2000",5106
"einarsson1991",5107
"blake1962",5108
"durrenburger1934",5109
"ol1939",5110
"ellison2000",5111
"finlay2011",5112
"finlay1959",5113
"kennedy1997",5114
"kunz2000a",5115
"schmeidler1917",5116
"toddnd",5117
"tschan1959",5118
"alkrenawi1999",5119
"alkrenawi2002",5120
"audur2008",5121
"barry1981",5122
"baumeister2004",5123
"betzig1995",5124
"borovsky1999",5125
"boyden2007",5126
"bragg2008",5127
"breitman2004",5128
"broude1976",5129
"caldwell1998",5130
"ross2010",5131
"daly1980",5132
"divale1976",5133
"elbedour2006",5134
"fleisher1999",5135
"fleisher2004",5136
"grossbardshechtman1993",5137
"graslund1989",5138
"henrich2012",5139
"hraundal2014",5140
"huber2011",5141
"jankowiak2008",5142
"jankowiak2005",5143
"karamagi2006",5144
"karras1992",5145
"kress2002",5146
"kolker2014",5147
"larrington2016",5148
"liwoch2007",5149
"ljungqvist2015",5150
"miller1982",5151
"norrman2000",5152
"norstein2014",25
"odonoghue2004",5153
"omariba2007",25
"ritchie1976",25
"saelebakke1986",25
"schacht2015",25
"simek1992",25
"sjoberg1976",25
"sorensen1946",25
"wyatt2009",25
"boyes1921",5154
"grierson1959",5155
"gulibekk2005",5156
"hedeager1993",5157
"lunden1999",5158
"steinnes1936",5159
"pormksson1992",268
"back1984",282
"karlin1923",282
"aberg1923",5160
"aija1997",5161
"ailio1922",5162
"ambrosiani1956",5163
"ambrosiani1968",5164
"arbman1932",5165
"areslatt1993",5166
"arrhenius1999",5167
"atterman1935",5168
"bennettlagerlof1978",5169
"bennett1976",5170
"blindheim1949",5171
"dreijer1966",5172
"drotz1995",5173
"ekholm1918",5174
"eniosova1998",5175
"enqvist1923",5176
"gudesen1980",5177
"hackmannd",5178
"hagberg1966",5179
"helgen1982",5180
"herteig1955",5181
"holmqvist1970",5182
"horfors1988",5183
"kivikoski1980",5184
"lind1984",5185
"lindahl1950",5186
"macgregor1997",5187
"marstrander1973",5188
"martens1969",5189
"monteliusnda",5190
"nilsson1990",5191
"odencrants1933",5192
"rasch2001",5193
"ostergaardjensen1987",5194
"petre1984b",5195
"ramqvist1998",5196
"rasmussen1989",5197
"reisborg1994",234
"ryghndf",155
"salinnd",234
"sarauw1923",234
"schonbeck2002",234
"serning1960",234
"simonsson1972",234
"spirgis2007",234
"stjernquist1951",234
"stolpe1927",234
"tillvaxten1909",234
"vangpetersen1991b",234
"vedelnda",234
"worsaaenda",234
"bagge2010",321
"englert2007c",321
"callmer1976",321
"dalton1975",321
"elster2007",321
"finley1973",321
"hansen1977",5198
"jansen2015",321
"lie1988",5199
"mikkelsen2006",321
"mitchell1984",5200
"myrvoll1992",321
"ostmo2011",321
"pilo1990",321
"polanyi1944",268
"rundberget2009",321
"stenvik2003",5201
"swedberg2014",321
"wiberg1977",321
"voncarnapbornheim2007",134
"cohen1997",134
"fuchtbauer1971",134
"dejong2010",134
"kiefferolsen1997",134
"lihammer2007",5202
"lindstrom1991",134
"messenburg1972",134
"milthers1916",134
"moberg1994",134
"naum1925",134
"rossmann2000",134
"safran2005",134
"schoeninger2003",134
"vensild1996",134
"vonhejine2004",134
"wagnkilde1996",134
"nordal1938",25
"sigurdur1938",25
"christensen2012",116
"engberg2002",116
"rieck1992",116
"sigurdsson2012",116
"skre2005",116
"soderberg1966",116
"olausson2009",116
"kvhaa1903",234
"bratt1999",5203
"darvill2004",5204
"driscoll2004",5205
"meaney1995",5206
"meaney1997",5207
"olafsson1985",5208
"pantos2002",5209
"pantos2003",5210
"addyman1981",5211
"alcock1963",5212
"bayley1987",5213
"bayley1991",5214
"bayley2008",5215
"benson1911",5216
"blair1991",5217
"boni2003",5218
"clarke1998",5219
"coatsworth2002",5220
"comber2004",5221
"cowgill2009",5222
"dickens2009",5223
"cowie2012",5224
"craddock1989",5225
"daniels1988",5226
"dommasnes1987",5227
"emery2007",5228
"eremin1998",5229
"wilthew2002",5230
"garmonsway1947",5231
"gilmore1980",5232
"griffiths2007",5233
"hall2001",5234
"higham1993",5235
"hinton1990",5236
"hinton1996",5237
"hinton2000",5238
"hinton2003",5239
"hutcheson2009",5240
"kershaw2010",5241
"laing2006",5242
"loken1987",5243
"macgregor1999",5244
"mann1982",5245
"newman1993",5246
"nicholson1997",5247
"omeadhra1987",5248
"oriordain1971",5249
"owencrocker1986",5250
"paterson1997",5251
"paterson2000",5252
"pritchard1991",5253
"radley1971",146
"seaman2013",146
"smith1923",146
"waltonrogers2004",5254
"taylor1987",146
"thomas2004",146
"thomas2008a",146
"tweddle1986",146
"vince2001",5255
"rogers2007",146
"rogers2014",146
"rogers2016",146
"wastling2009",146
"waterman1959",146
"webster2012",146
"caroline1999",57
"blank2018",57
"chukhina2015",57
"davydova1999",57
"dzhakson2002",57
"dzhakson1986",57
"glykou2018",57
"gorelov1997",57
"nv2017",57
"gromig2019",57
"jackson2003",57
"jackson2009",57
"khudoley2013",57
"kirpichnikov1984",57
"kirpichnikov2013",57
"knudson2007",57
"lalazarov2012",57
"moiseyev2014",57
"moisio2015",57
"ostman2004",57
"petrenko1985",57
"petterson1995",57
"platonova1996",57
"raffensperger2014",57
"saarnisto1995",57
"sankina2000",57
"sauramo1929",57
"karlgoran1999",57
"subetto1998",57
"zazzo2004",57
"dunfjeldaagard2005",5256
"reymert1980",5257
"arne1909",5258
"bergstol2002",128
"bohannan1959",128
"brogger1928",128
"fjellstriim1962",128
"ell1990",128
"gullbekk2003",185
"jasinski1998",128
"kopytoff2000",128
"montelius1922",128
"niisstriim2001",128
"ojanlatva2003",128
"yrbyggjasaga1989",128
"sandmo1994",128
"kongesagaer1979",128
"steinsland1989",128
"steinsland1992",128
"steinsland1984",128
"stenberger1971",128
"byock1998",5259
"fox1974",5260
"palsson1986",5261
"whitelock1976",5262
"alesina1999",5263
"coffe2006",5264
"dcms2002",5265
"doosje1995",5266
"eger2010",5267
"ellemers1997",5268
"ellisdavidson1976",5269
"jans2015",5270
"stewart1991",5271
"korostelina2007",5272
"lindeman1997",317
"lonnroth2008",317
"lund1985",317
"maderer2014",317
"mcdonald2012",317
"petta1992",317
"putnam2006",317
"rhee1996",317
"sawyer1985a",317
"schjodt2011",317
"smith1997",317
"sosis2006",317
"swann2009",317
"swann2012",317
"tajfel1971",317
"thomas1999",317
"tropp2001",317
"whitehouse2012",317
"whitehouse2014",317
"pantos2004",5273
"holmback1933",5274
"lucas1966",307
"bourke1993",307
"hedeager1994",5275
"hardh1988",307
"kruse2007",307
"lieber1989",307
"miller1986",307
"mullerboyson1987",307
"saunders1995",307
"bagerius2001",5276
"batey2012",5277
"becker2007",5278
"bickerton2015",5279
"grahamcampbell2001h",5280
"bird2000",5281
"blackmore2011",5282
"boothby2004",5283
"bychowski2018",5284
"casey2010",5285
"chagnon1992",5286
"coltrane2006",5287
"connell2000",5288
"connell2005",5289
"crawford2007",5290
"damon2006",5291
"dommasnes2008b",5292
"ember2015",5293
"enloe2017",5294
"erikson1950",5295
"pesch2018",5296
"gilligan1982",5297
"gilligan1990",5298
"gowland2001",5299
"gunnell2013",5300
"haapasalo2000",5301
"halstadmcguire2010b",5302
"handel2007",5303
"hays1982",5304
"higate2005",5305
"hinojosa2010",5306
"hollander1949",5307
"hooper2001",5308
"honwana2006",5309
"howard2000",5310
"kaland2008",5311
"kamp2015",5312
"keith2005",5313
"kimball2013",5314
"knusel2000",5315
"larrington2008",5316
"levine1990",5317
"lewissimpson2008",5318
"lillehammer2010",5319
"macinnes2016",5320
"mcguire2016",5321
"mead1934",5322
"meggitt1977",5323
"mellor2014",5324
"murphy2017",5325
"mygland2010",5326
"hencken1933",5327
"orchard2011",5328
"orme1995",5329
"perkins1972",5330
"preston2014",5331
"raninen2008",5332
"scribner1965",5333
"reynolds1991",5334
"ross2018",5335
"shimahara1970",5336
"soderberg2017",5337
"sofaer2011",5338
"solli2008",5339
"squires2013",5340
"swanton1997",5341
"underwood2006",5342
"varney2000",5343
"weinreich2009",5344
"weisner2015",5345
"weisner1977",5346
"werner1964",5347
"wessells2006",5348
"whaley2009",5349
"whitehouse2017",5350
"woolf2017",5351
"snorres1999",128
"armstrong2000",5352
"a2007a",5353
"barrett1994",5354
"binford1972",5355
"brogger1950",5356
"fuglestvedt2007",5357
"grieg1942",5358
"gunnes1976",5359
"holmsen1939",5360
"ilkjaer2000",5361
"kallhovd1994",5362
"krag1995",5363
"munch1981",5364
"munch2007",5365
"myhre1997",5366
"mollerop1957",5367
"mollerop1971",242
"parkerpearson1982",242
"petersen1937",242
"ronneseth1963",242
"ronneseth1966",242
"sandnes1997",5368
"shanks1982",242
"sigurdsson1993",242
"slomann1958",242
"sturlasson1964",242
"stenberger1966",242
"stenvik2005",242
"steuer1989",242
"storli2001",5369
"tacitus1977",242
"titlestad1996",242
"thompson1965",242
"appelgrennd",5370
"back2007",5371
"callmer1980",5372
"callmer1986",5373
"carpelan1980",5374
"damell1967",5375
"delort1978",5376
"edgren1999",5377
"ekbo1981",5378
"enqvist2004",5379
"enqvist2006",5380
"floderus1931",5381
"gustavsson2001",5382
"hackman1938",5383
"haggren2005",5384
"hiekkanen2001",5385
"hirviluoto1986",5386
"huurre1987",5387
"huurre1992",5388
"kivikoski1939",5389
"lang1985",5390
"ligi1994",5391
"lind2000",5392
"lind2006",5393
"lind2009",5394
"makarov2006",5395
"morris1999",5396
"raportteja2003",5397
"pimenov1965",5398
"purhonen1992",5399
"purhonen1997",215
"ryabinin1978",215
"ryabinin1986",215
"saksa1985",215
"saksa1992",215
"schmid1942",215
"silliman2005",215
"stang1981",215
"stein1998",215
"stein1999",215
"stein2002",5400
"syse1987",215
"taavitsainen2004",215
"tomantera1991",215
"tvauri2005",215
"zakharov2004",215
"boe2012",5401
"fjell2005",5402
"goffman1971",5403
"grieg1943",126
"holtorf2005",5404
"rasmussen2013",211
"anon2011",267
"bloch1939",267
"chin2004",267
"dillmann1996",267
"hall1984",267
"hilberg2008a",49
"horton2000",5405
"klejn2009",267
"knirk1999",267
"mcgovern2011",267
"mullerwille1996",267
"nordenborgmyhre2001",267
"nosov1998",267
"steuer1990",267
"vollertsen1989",267
"ward2000",267
"wallace2001",267
"willemsen2009",267
"wynnejones2007",267
"tacitus1997",242
"batey1994",5406
"bjornskov2009",5407
"bohnet2008",5408
"bourdieu1986",5409
"brondsted1960",5410
"chartrand2006",5411
"barry2008",5412
"delhey2005",5413
"dohmen2008",5414
"freitag2008",5415
"greif1989",5416
"greif1993",5417
"greif2006",5418
"greif2012",5419
"guiso2008",5420
"haywood1995",5421
"langer2002",5422
"lookofsky2006",5423
"milgrom1990",5424
"nannestad2008",5425
"nunn2011",5426
"olson1993",5427
"ostrom2009",5428
"ozcan2011",275
"paldam2000",275
"putnam1993",5429
"putnam2000",275
"raffield2009",275
"ramskou1962",275
"rothstein2003",275
"rothstein2005",275
"svendsen2004",275
"svendsen2009",275
"svendsen2012",275
"sorensen1990",275
"traunmuller2011",275
"uslaner2002",275
"uslaner2008",275
"vikings1997",275
"weber2009",275
"williamson1993",275
"aegidius1977",5430
"albrectsen1941",5431
"albrectsen1970",5432
"albrectsen1984",5433
"andersen1987",5434
"andersen1998",5435
"andersen1971",5436
"andersson1972",5437
"andren1994",5438
"arentoft1984",5439
"arentoft1985",5440
"arentoft1993",5441
"arentoft1999",5442
"bartholin1976",5443
"bartholin1974",5444
"becker1982",5445
"bertelsen1991",5446
"bertelsen1992",5447
"binderup1996",5448
"bjerregaard2016",5449
"bjerregaard2017",5450
"christensen1975",5451
"christensen1977",5452
"christensen1999",5453
"christensen2017",5454
"elkjaer2001",5455
"og2001",5456
"fussel2008",5457
"amt1992",5458
"gothche1995",5459
"grandtnielsen1982",5460
"harnow2005",5461
"haupt2006",5462
"henrichsen1968",5463
"henriksen1988",5464
"henriksen2012",5465
"hoff2000",5466
"hohenberg1985",5467
"hohenberg1995",5468
"hojlundnielsen1987",5469
"jacobsen2000",5470
"jacobsson2003",5471
"jeppesen1981",5472
"johannsen1995",5473
"jorgensennda",5474
"juel2010",5475
"kousgardsorensen1969",5476
"krongaardkristensen1998",5477
"krongaardkristensen2016",5478
"langkilde2007",5479
"lauritsen1974",5480
"lauritsennd",5481
"levinnielsen1968",5482
"linaa2016",5483
"lindblom2013",5484
"lundhansen1988",5485
"lundo2012",5486
"madsen1982",5487
"mathiesen1922",5488
"mathiesen1927",5489
"mejdahl1993",5490
"moller2008",5491
"nasman1996",5492
"nielsen1984",5493
"nilsen1990",5494
"nilsson2015",5495
"norgaardjorgensen2002",5496
"nyberg1982",5497
"odman2014",5498
"olesen2014",5499
"olsen1969",5500
"pagh2016",5501
"petersen1987",5502
"porsmose1996",5503
"poulsen2015",5504
"riis1999",5505
"rindel2001",5506
"rosch2013",5507
"runge2016",5508
"runge2017",198
"sanke2001",5509
"schorring2000",198
"skaarup1997",198
"skaarup2005",198
"smed1962",198
"sonderby1988",198
"stenak2005",198
"tarup1934",198
"thrane1996",198
"trap1957",198
"ulriksen2016",198
"ulriksen2014",198
"vraengmosejensen2017",198
"weber1958",198
"zeeberg2000",198
"zinglersen2004",198
"callmer1990",5510
"mccormic2001a",5511
"halcrow2008",5512
"loyn1977",5513
"bakka1978",268
"davis1992",268
"granovetter1985",268
"gudeman1986",268
"gudeman2001",268
"herschend1980",268
"hirsch1987",268
"lie1997",268
"lunden1972",268
"munksgaard1978",268
"naumann1987",268
"sawyer1989",268
"wilk1996",268
"zafirovski2001",268
"adey2014",5514
"andrushko2011",5515
"beardsley1955",5516
"bergerbrant2007",5517
"binford1980",5518
"bollig1987",5519
"ceruti2004",5520
"cresswell2012",5521
"eerkens2014",5522
"font2012",5523
"frankopan2015",5524
"frei2017",5525
"frobeniusnd",5526
"frobeniusnda",5527
"garnett1945",5528
"gleirscher2004",5529
"greenblatt2010",5530
"gronenborn1999",5531
"heberle1938",5532
"helms1994",5533
"hermes2018",5534
"huntington1996",5535
"jockenhovel1980",5536
"jockenhovel1991",5537
"jockenhovel1995",5538
"jockenhovel1994",5539
"kaufmann2004",5540
"kelly1992",5541
"kelly1995",5542
"kimmig1958",5543
"kootker2016",5544
"krause1988",5545
"lee1966",5546
"ling2014",5547
"lippert2007",5548
"maixner2013",5549
"marshall2015",5550
"melheim2018",5551
"murdock1967",5552
"neaher1979",5553
"neipert2006",5554
"nerlich2009",5555
"oelze2011",5556
"pernter2007",5557
"plomp2017",5558
"podolny2005",210
"reiter2014",210
"reiter2015",210
"schadelindig2003",210
"scharlotta2018",210
"scheeres2014",210
"shellar2018",210
"sjastaad1962",210
"stewart2017",210
"tipple2013",210
"vandersanden1996",210
"vandkilde2007",210
"veblennd",210
"welsweyrauch1988",210
"wendrich2008",210
"white2009",210
"beck2013",126
"blindheim1954",126
"chase1997",126
"enright1988",126
"eriksen2002",126
"gansum2018",5559
"gjerpe2016",126
"meulengrachtsorensen2003",126
"myhrend",126
"nicolaysenndo",126
"sala2008",126
"skyllberg2008",126
"talma1993",126
"warner1987",126
"polanyi1957",268
"swedberg1992b",268
"anderson1998",5560
"asbjornsen1914",5561
"astveit2007",5562
"bangandersen2004",5563
"barth2016",5564
"bjorvand2000",5565
"bjorgo2016",5566
"callanan1906",5567
"christensen1986",5568
"christiend",5569
"vsnd",5570
"clark1975",5571
"derocher2000",5572
"domanska2006",5573
"einbu2005",5574
"finstad2010",5575
"fjellheim2005",5576
"frostatingslova1994",5577
"gibson1979",5578
"giese2013",5579
"gulatingslovi1969",5580
"hansen2005",5581
"hodder2011",5582
"hofseth1980",5583
"hoyer2015",11
"indrelid2007",11
"ion1989",11
"jordhoy2013",11
"jordhoy2005",11
"jordhoy2012",11
"lagaboters1979",11
"martinsen2016",11
"molmen1988",11
"ryd2014",11
"roed2014",5584
"roed2015",11
"spiess1979",11
"vorren1944",11
"wammer2007",11
"weber2007",11
"wiberg1987",11
"carlsson2012a",5585
"clareus1999",5586
"conyers2007",5587
"conyers2010",5588
"damiata2013",5589
"daniels2004",5590
"david2008",304
"gahrn1988",304
"goodman1993",304
"goodman2013",304
"grasmueck2005",304
"hjulstrom2014",304
"hjulstrom1920",304
"ilisch2004",304
"karlsson2008",304
"larsson1987",304
"leckebusch2003",5591
"lindqvist2000",304
"malmer1982",304
"neubauer2002",5592
"nordenskjoldnd",304
"novo2010",304
"novo2012",304
"poscetti2013",304
"stenberg2006",304
"sundquist2013",304
"viberg2012",304
"urry2007",210
"armstrong1953",5593
"bates2000",5594
"bates2007",5595
"bayer2011",5596
"benedetti2011",5597
"berendsen2000",5598
"bird2010",5599
"bird1985",5600
"bristow2003",5601
"bristow2006",5602
"brivio2000",5603
"brown1997",5604
"burke2008",5605
"butzer1982",5606
"clemmensen2010",5607
"darwin1990",5608
"declercq2012",5609
"fatimarossetti2009",5610
"smedt2011",5611
"denham2008",5612
"deroin2011",5613
"dincauze2000",5614
"doneus2008",5615
"donoghue1988",5616
"embleton1970",5617
"chng2004",5618
"fairbridge1985",5619
"fitch2005",5620
"french2005",5621
"gabler2013",5622
"gaffney2008",5623
"harari1996",5624
"hickin2009",5625
"hodgson1976",5626
"howard2008",5627
"ilves2009",5628
"ilves2012",5629
"jensen1999",5630
"jongmans2007",5631
"kneisel2008",5632
"komar1998",5633
"lasaponara1995",5634
"leopold2010",5635
"linford2006",5636
"lunt2005",5637
"luo2012",5638
"mansfield2007",5639
"mcgraw2014",5640
"mchugh1988",5641
"nau2004",5642
"neal2002",5643
"neubauer2001",5644
"neubauer2004",5645
"proschdanielsen2006",5646
"proulxmcinnis2013",5647
"ramberg2008",5648
"rapp2006",5649
"saey2013",125
"schrott2008",125
"short2004",125
"siart2008",125
"soil2006",125
"syvitski1995",125
"tamura2012",125
"taylor1996",125
"trinks2015",125
"vandam2012",125
"wegmann2012",125
"weston2001",125
"wilkinson2003",125
"yoshiki2005",125
"dommasnes1992",207
"enright1995",207
"hornfuglesang1989",207
"kaliff2004",207
"koktvedgaardzeiten1997b",207
"larsson2005",207
"rosengren2007",207
"eriksen1991",115
"fern2012",115
"kirkup2006",115
"nasstrom1999",115
"sanmark2006",5650
"koivisto1996",5651
"leppaaho1936",5652
"sarasmo1961",5653
"sarkki1976",5654
"cleve1948",5655
"drobin1991",5656
"hirviluoto1976",5657
"honko1960",208
"huntington1979",208
"huurre1990",208
"karvonen1998",208
"keskitalo1950",208
"kitzler2000",208
"kivikoski1961",208
"kivikoski1963",208
"lehtosalohilander1988",208
"mandel2003",208
"oestigaard2006",208
"paulaharju1924",208
"purhonen1998",208
"palsi1938",208
"sarkkiisomaa1986",208
"sjoberg1994",208
"tarlow1999",208
"wickholm2005",208
"tacitus1960",207
"graslund1973",207
"randsborg1984",207
"stjernquist1989",207
"blinkhorn1999",236
"brather1996",236
"c2006d",236
"filipowiak1993",236
"soren2002",236
"jankuhn1956",236
"janssen1987",236
"kirpichnikov1997",236
"ohlsson1976",236
"sawyer1977",236
"warnke1992",5658
"bjornstad2010",5659
"bjornstad2012",5660
"brandt2011",5661
"excoffier2010",5662
"flodin1989",5663
"forster2003",5664
"halinen2013",5665
"hartnup2011",5666
"hedman2015",5667
"hofreiter2001",87
"hufthammer2011",87
"komber1987",87
"librado2009",87
"loftsgarden2017",87
"luik2015",87
"munch1998",87
"olivieri2014",87
"roed2008",87
"roed2011",87
"roed2018",87
"rytter1997",87
"rytter2007",87
"schia1986",87
"skogland1980",87
"star2018",87
"wandeler2007",87
"marstrander1932",281
"megaw1950",281
"moore1900",281
"shetelig1925",281
"shetelig1945",281
"shetelig1954",281
"whitelock1967",281
"wilson1974",281
"sorensen1988",125
"arnorsdottir1973",5668
"blackburn2009",229
"bourdieu1990b",229
"dalton1977",229
"ed1984a",229
"gustin1996",229
"hedegaard2002",229
"heijne2004",229
"horsnaes2000",229
"kazanskij2007",229
"kromann1985",229
"metcalf1997",229
"mikkelsen2001",229
"north1990",5669
"odeback2009",229
"pertznd",229
"ed1905",229
"vinsrygg1975",229
"schia1989",87
"bertran1991",118
"cammas1994",118
"cammas1995",118
"cremaschi2010",118
"fitzpatrick1993",118
"galinie2004",118
"loveluck2001",118
"maixner2010",118
"de1997",118
"nicosia2014",118
"schiegl1996",118
"verslype2004",118
"wouters2013",118
"ballantyne1994",5670
"ballantyne1999",5671
"bauge1980",5672
"brandnd",5673
"heggstad1975",5674
"indrebo1936",5675
"jakobsen1936",5676
"mackie2002",5677
"mccullough2000",5678
"nymoen1995",5679
"nymoen1997",5680
"ogrady2008",5681
"paton2011",5682
"palsson2003",5683
"bruce1908",5684
"cant1975",5685
"cleasbynd",5686
"js1914",5687
"coolen2011",5688
"crawford1984",5689
"dodgson1972",5690
"donaldson1958",5691
"edmondstonnd",5692
"fellowsjensen1996",216
"greignd",216
"stewart1987",216
"solvara2002",216
"waugh2005",216
"westerdahl2004",216
"westerdahl2004a",216
"zoega1910",216
"peel2009",216
"riisoy2013",216
"ringstad2006",216
"ritchie1997",216
"sanmark2011",216
"schlyternd",216
"barabasi1999a",5693
"freke1992",281
"omgard1980",5694
"taebringmikkelsen1986",5695
"coggins1967",5696
"behrenlubchin1965",5697
"ystadtankbaten1976",5698
"brughmans1989",5699
"worldcatbuttler1991",5700
"cheng2006",5701
"krause2000",5702
"dress2007",5703
"fitzhugh2000a",264
"forster2006",5704
"gen2008",5705
"graham2006",323
"hage1991",323
"isaksen2008",323
"worldcatjohansen2004",323
"klincewicz1998",323
"worldcatkorte2006",323
"labianca2006",323
"lebecq2007",323
"minoux1989",323
"crossrefmizoguchi2009",323
"batagelj2005",323
"randall2001",323
"randall1994",323
"worldcatschofield2005",323
"worldcatsindbaek2010",323
"terrell2010",323
"young2006",323
"valente2005",323
"vince2005",323
"bayley2007",223
"bech2011",223
"edwards1999",223
"escher1976",223
"higgins1966",223
"ingstad1985",223
"jackson2000",223
"jackson1978",223
"jordan1980",223
"linderothwallace2006",223
"ere2002",223
"morgan1975",223
"rasmussen2010",223
"roussel1941",223
"stonge2000",223
"burstom1993",229
"london1990",5706
"michelmerch1972",5707
"batey1987",5708
"brown2003",5709
"buttler1989",5710
"buttler1991",5711
"crumlinpedersen1984",5712
"driscoll2002",5713
"henry1945",5714
"henry1952",5715
"hubbard1989",5716
"khvoshchinskaya2007",5717
"lane2007",5718
"maclaren1974",5719
"mann1984",5720
"may1948",5721
"mills2007",5722
"osullivan1970",5723
"pearson2001",5724
"rollason2004",5725
"santi2005",5726
"sharples2003",5727
"sidebottom2000",5728
"wallace1981",5729
"wallace1985",5730
"pirenne1938",118
"meier2001",5731
"cabot2004",5732
"ahlen1994",5733
"collen2011",5734
"devries1961",5735
"duwel2001",5736
"eriksson1991",5737
"gelting2000",5738
"gren2003",5739
"gustavson1995",5740
"hafstrom1962",5741
"iversen2004",5742
"kallstrom2012",5743
"krovel2001",5744
"lamm2006",5745
"lindkvist1979",5746
"ljung2001",5747
"lagaboters1915",174
"mejsholm1954",5748
"nasman2008",5749
"nelson2013",5750
"norseng1987",5751
"peterson2007",5752
"peterson2012",5753
"stahle1969",109
"ringstad1989",109
"ronneseth1975",5754
"selinge1980",109
"sturluson1995",109
"stahle1956",109
"stahle1958",109
"struck1990",109
"sundqvist2016",5755
"taranger1913",109
"vikstrand2015",109
"vogt2010",109
"williams1996",109
"winberg1985",109
"zachrisson2002a",109
"aitchson1994",5756
"bagge1989",5757
"ballantyne1999a",5758
"bartlett1994",5759
"brink2003",5760
"brynjulfurnd",5761
"dndiplomatariumnorvegicumnd",103
"driscoll1998",103
"driscoll2000",103
"flatman2010",103
"fornsok2012",103
"fridriksson2004a",103
"wollett2004",103
"damiata2005",103
"gelling2000",103
"gilchrist1995",103
"glass2011",103
"glick2005",103
"groenewoudt2009",103
"gustafsson2001",103
"hebede1968",103
"hellquist1980",103
"henriksen2001b",103
"higham1992",103
"holm2009",5762
"iversen1956",103
"kulikowski2005",103
"larsson1995",103
"goff1988",103
"liebermann1913",103
"mehler2012",103
"moore2005",103
"narmo1996",174
"oosthuizen2011",103
"rippon2004",103
"rygh1907",103
"samdal2008",103
"simonsson1984",103
"staf1935",103
"stocking2000",103
"vesteinsson2011",103
"akureyri2001",103
"vestergaard1988",103
"warner1988",103
"widgren1986",103
"skorokhod2017",306
"smolichev1926",306
"stankevich1962",306
"skorokhod2018",306
"sytyi2006",306
"heid2008",5763
"axboe1991",5764
"bakka1981",5765
"bursche2002",5766
"boe1923",5767
"cipolla1956",5768
"dyhrfjeldjohnsen2013",5769
"engeler1991",5770
"fonnesbechsandberg1985",5771
"fonnesbechsandberg1988",5772
"fonnesbechsandberg1989",5773
"frimannslund1966",5774
"gemici2015",5775
"graeber2011",5776
"guest2008",5777
"hagland1994",5778
"herschend1987",5779
"herschend1991",5780
"humphrey1985",5781
"ingham2004",5782
"innes1913",5783
"innes1914",5784
"kilger2015",5785
"klang2013",5786
"kallstrom2010",5787
"leeper1933",5788
"meikle1994",5789
"munch1956",5790
"munksgaard1956",5791
"naismith2012",5792
"painter2013",5793
"pare2013",5794
"rau2013",5795
"rovelli2012",5796
"ruthstrom1993",5797
"schacht1949",218
"scull1990",218
"steuer2013",218
"stormndd",218
"voss1955",218
"wray1999",218
"zelizer1994",218
"zimmermann2003",5798
"ashby2012",8
"blehr1973",8
"clarke1988",8
"donaldson1981",8
"edwards1997",8
"hunter1982",8
"hunter1989",8
"kjoshanssen1973",8
"macgregor1983",8
"meiri2013",8
"morris1985",8
"smirnova2005b",8
"solazzo2011",8
"sommer2009",8
"sykes2011",8
"wasser2008",8
"biggs2014",5799
"bjordal2017",5800
"bradley1991",5801
"collis1995",5802
"dumville1977",5803
"feldman1975",5804
"fulk2014",5805
"grant1986",5806
"green1965",5807
"gutsmiedlschumann2018",5808
"gothberg2018",5809
"hall2006",5810
"heaney2001",5811
"heinertz1925",5812
"hodder1976",5813
"hardh2002",5814
"ilkjaer2001",5815
"imer2010",5816
"indrebo1932",5817
"jorpeland2018",5818
"klaeber1950",5819
"klaeber2014",5820
"lindkvist2003a",5821
"ljungkvist2017",5822
"malmros1999",5823
"malone1962",5824
"neidorf2013",5825
"neidorf2014",5826
"neidorf2017",5827
"nerman1942",5828
"niles2007",5829
"nasman1999",5830
"osborn2007",5831
"ostmo2018",5832
"pilo1993",5833
"pohl2009",5834
"rau1955",5835
"reichert1987",5836
"reichert1990",5837
"rix2015",5838
"sawyer1991",5839
"schlesinger1965",5840
"schnetz1990",5841
"scull2016",5842
"seiler2018",5843
"steuer2006",5844
"sundqvist2018",5845
"svennung1974",5846
"sorensen1982",5847
"talbot1954",32
"taranger1934",32
"teigen2007",32
"wikborg2018",32
"wolfram1971",32
"wolfram2008",32
"wolfram2009",32
"wolfram2011",32
"wood1994",32
"wood1977",32
"aarsleff1955",233
"fuglesang1985b",233
"cunliffe2002",65
"edwards1917",65
"espelund2013",65
"frank1998",65
"harding2013",65
"harris2003",65
"holm2005",65
"metcalf1995",65
"trakadas2014",65
"tschan2002b",65
"vosmer2014",65
"uws2004",218
"wray2004",218
"ahmad2006",5848
"aikawafaure2009",5849
"ankersmit2009",5850
"ashworth2007",5851
"bender1993",5852
"bender2007",5853
"m2002",5854
"bhaskar1989",5855
"binford1962",5856
"bohm2001",5857
"bohm2008",5858
"w2006",5859
"braudel1949",5860
"braziel2003",5861
"carman2002",5862
"chakrabarty2009",5863
"cheape2009",5864
"clark1936",5865
"clark1954",5866
"crossland2005",5867
"crutzen2002",5868
"dawdy2009",5869
"dixon2005",5870
"domanska2009",5871
"domanska2010",5872
"durkheim1904",5873
"dybdahl2010",5874
"eagleton2000",5875
"edgeworth2010",5876
"t2006",5877
"flannery1973",5878
"foley2005",5879
"fraiture2010",5880
"fraiture2009",5881
"fraser2000",5882
"fraser2001",5883
"fukuyama2002",5884
"gibbon1989",5885
"grosjean2007",5886
"hacking1999",5887
"haraway2008",5888
"harman2010",5889
"harrison2009",5890
"hodder1987",5891
"hodder1999",5892
"holmberg2008",5893
"holtorf2007",5894
"holtorf2011",5895
"hyenstrand1988",5896
"jenkins2004",5897
"jong2008",5898
"kirshenblattgimblett1994",5899
"kirshenblattgimblett2004",5900
"kolen2009",5901
"kotchen2007",5902
"kristiansen2002",5903
"kurin2004",5904
"labinger2001",5905
"lakatos1973",5906
"latour1993",5907
"latour2003",5908
"latour2005h",5909
"levistrauss1962",5910
"lowenthal1985",5911
"madsen1900",5912
"mason2000",5913
"moberg1977",5914
"mullerndc",5915
"mullerndd",5916
"nilsen2003",5917
"nummedal1912",5918
"nussbaum1999",5919
"naess1973",5920
"oestigaard2004",5921
"oestigaard2007",5922
"olsen1986",5923
"olwig2001",5924
"parkerpearson2006",5925
"parkin1999",5926
"partner2009",5927
"periman2006",5928
"petersennd",5929
"pickering1993",5930
"pickering1994",5931
"piotrowski2006",5932
"pollard1998",5933
"rorty1989",5934
"rose2007",5935
"ruddiman2003",5936
"ruddiman2005",5937
"samuel1994",5938
"sanden2008",5939
"schanche1983",5940
"schwandt1994",5941
"serres1995",5942
"shanks2010",5943
"skolimowski1974",5944
"skounti2009",5945
"sloterdijk2009",5946
"smail2007",5947
"snow1959",5948
"snow1966",5949
"solli1989",5950
"spiegel2009",5951
"steinberg2002",5952
"stotz2008",5953
"svestad1995",5954
"terrill2008",5955
"todorov1993",5956
"tvedt2010",5957
"waterton2006",245
"watson1971",245
"weisman2007",245
"welinder1986",245
"white1949",245
"white1959",245
"willey1958",245
"wolfe2010",245
"zalasiewicz2008",245
"zalasiewicz2010",245
"blindheimnd",203
"ka1999",203
"ka1995",203
"almgren1904",5958
"eibl2005",324
"ernst1989",5959
"faull1976",324
"zielonka1957",324
"zydok2004",324
"bergsveinn2007",32
"granzweig2018",32
"harding1977",137
"mullerwille1987",137
"murphy2008b",137
"pettersson1991",137
"duwel1995",137
"souers1937",235
"becker1973",5960
"keay2014",5961
"evans2015",5962
"stott2018",5963
"kjaer2018",5964
"trier2019",5965
"guyot2018",5966
"rizaldy2018",5967
"colgan2012",5968
"liu2017",5969
"meng2012",5970
"jain1997",5971
"chen2014",5972
"breiman2001",5973
"belgiu2016",5974
"strobl2009",5975
"flemming2007",5976
"rosenkranz2015",5977
"vennersdorf2017",5978
"mitchell1988",5979
"vanderwalt2014",5980
"illingworth1987",5981
"cerrillocuenca2017",5982
"schubert2017",5983
"ester1996",5984
"freeland2016",5985
"trier2009",5986
"kvamme2016",5987
"verdonck2016",5988
"lewis1995",5989
"bryant1987",5990
"guisan1999",5991
"korsgaard2004",5992
"dereu2013",5993
"riley2017",5994
"knudsen2012",5995
"jakobsen2017",5996
"andersen1992",5997
"pedregosa2011",5998
"steffensen2014",5999
"marmol2004",6000
"tsai2008",6001
"andreasen2016",6002
"french2010",6003
"grieve1992",6004
"french2018",6005
"davis2019",6006
"lambers2016",6007
"traviglia2016",6008
"lambers2019",6009
"trier2016",6010
"zingman2016",6011
"verschoofvandervaart2019",6012
"zhu2006",6013
"benediktsson1997",114
"sevara2018",114
"fortidsminder2018",114
"petersen2015",114
"biermann2016",114
"harck1986",114
"overgaard2016",114
"harck1990",114
"hoy1991",114
"wu2016",114
"certini2013",114
"zhang2018",114
"silburt2019",114
"hanson2012",114
"cowley2012",114
"sevara2013",114
"jonsson2007",6014
"saxe1970",137
"blochnakkerud1994",174
"blom1991",174
"christophersen1974",174
"frostatingslovahagland1994",174
"indrelid1988",174
"jouttijarvi1991",174
"loftsgarden2011",174
"lyngstrom2009",174
"mjaerum2007",174
"pilo2013",174
"pilo2012",174
"pleiner1989",174
"bagge2008",6015
"brink2008ag",6016
"ekrem1998",6017
"evenstadnd",6018
"gundersen2016",6019
"gunnarsdottir1999",6020
"hoeg1996",6021
"hougen1930",92
"jacobsen2005",92
"jordhoy2007",92
"larsen2009",92
"magnus2005",92
"moen1998",92
"orning2008",92
"ostrom1990",92
"risbol2005",92
"saetren2011",92
"salvesen1969",92
"sevatdal1985",92
"solem2004",92
"stenseth2005",92
"ruralia2005",92
"wangen2006",92
"jorgensen1986",203
"alsleben2009",6022
"andreasson2010",6023
"behre1976",6024
"behre1978",6025
"billing1998",6026
"bjorkman2007",6027
"eggen1991",6028
"farrar1998",6029
"fredskild1971",6030
"fruergaard2005",6031
"gleason1994",6032
"greig1996",6033
"harild2007",6034
"heimdahl2009",6035
"heimdahl2010",6036
"helbaek1958",6037
"henriksen2008",6038
"hjelmqvist1963",6039
"holmboe1927",6040
"jacomet1988",6041
"jensen1979",6042
"karg2007",6043
"karg2010",6044
"karg2012",6045
"karg2002",6046
"kirleis2011",6047
"knorzer1999",6048
"kolstrup2009",6049
"korbergrohne1987",6050
"kroll1986",284
"kroll1987",284
"kroll2007",284
"lageras2003",284
"lange1997",284
"lundquist2006",284
"moffett2006",284
"moltsen2005",284
"moltsen2009",284
"nielsen2010",284
"pettersson2002",284
"ramskou1974",284
"regnell2001",284
"strank2008",284
"tollin2005",284
"vanderveen2005",284
"stene2014",92
"berg1983",6051
"berglund2015",6052
"bjorkbom1907",6053
"cabouret1989",6054
"emanuelsson2001",6055
"erixon1918",6056
"erixon1956",6057
"frodin1925",240
"hellstrom1917",240
"indrelid1994",240
"kvamme1988",240
"lofgren1982",240
"marsden2005",240
"montelius1977",240
"nyman1952",240
"olsson1998",240
"prescott1995",240
"sandnes1989",240
"sandnes1991",240
"schug2010",240
"styhre2013",240
"svensson2015",240
"wennersten2002",240
"whatmore2002",240
"asc1961",6058
"baker2010",6059
"bjornskov2013",6060
"blackburn2014",6061
"blair2014",6062
"campbell1986",6063
"congleton2015",6064
"faith2014",6065
"freudenthal1944",6066
"gillingham1989",6067
"gundlach2019",6068
"hendrickson2018",6069
"hillman2019",6070
"hobbesnd",6071
"keynes1986",6072
"konrad2012",6073
"lambert2017",6074
"lawson1984",6075
"lawson2014",88
"leeson2007",88
"miller2014a",88
"mostert2014",88
"olson1965",88
"olson2000",88
"ormrod2000",88
"pelteret2014a",88
"piano2019",88
"powell2009",88
"salter2015",88
"spejlborg2016",88
"vahabi2011",88
"vahabi2016",88
"wareham2012",88
"whitelock2007",88
"yorke2014b",88
"young2016",88
"young2018",88
"adam1917",325
"grammaticus1979",325
"bruunnd",325
"brogger1937",325
"isleifsson2011",325
"keegan1987",325
"references2006",325
"einarsson2007",325
"rafnsson1990",325
"rockman2010",325
"steele2003",325
"sigurgeirsson2013",325
"smith2005",325
"sveinbjarnardottir1992",325
"vilhjalmsson1989",325
"walter2010",325
"thorarinsson1943",325
"thorarinsson1977",325
"thordarson1909",325
"lenzen2012",6076
"frachetti2017",6077
"hoffmann2002",6078
"orton2011",6079
"gohring2016",6080
"sundby2008",6081
"opdal2010",6082
"nedkvitne2016",6083
"pauly1995",6084
"jackson2001",6085
"lotze2009",6086
"nielsen2017",6087
"arndt2003",6088
"boessenkool2009",6089
"schroeder2015",6090
"kayser2011",6091
"bradbury2013",6092
"knutsen2010",6093
"selkoe2016",6094
"hutchinson2015",6095
"bradbury2010",6096
"hemmerhansen2013",6097
"sodeland2016",6098
"berg2016",6099
"kirubakaran2016",6100
"barney2017",6101
"hilberg2014f",6102
"orton2014",6103
"nielssen2016",6104
"wickler2014",6105
"ma2012",6106
"green2009",6107
"jonsson2013",6108
"pinhasi2015",6109
"prinz2007",6110
"boessenkool2017",6111
"carpenter2013",6112
"speller2012",6113
"moss2014",6114
"olafsdottir2014",6115
"grealy2016",6116
"nikulina2016",6117
"moss2016",6118
"hoffmann2004",6119
"kirkpatrick2010",6120
"hutchinson2001",6121
"arnason2015",6122
"sorheim2016",6123
"wright2006",6124
"skjaeraasen2011",6125
"barth2017",6126
"knutsen2003",6127
"jorde2007",73
"neuenfeldt2013",73
"nielssen2009",73
"schmolcke2004",73
"barrett2015",73
"cooper2000",73
"star2016",73
"schubert2014",73
"lindgreen2012",73
"star2011",73
"torresen2017",73
"li2009",73
"mckenna2010",73
"purcell2007",73
"korlevic2015",73
"damgaard2015",73
"alt1998",6128
"anz1998",6129
"arcini1991",6130
"boylstone2000",6131
"brather2009",6132
"carlsson1990",6133
"duwel1987a",6134
"ebel1987",6135
"finucane2008",6136
"floderus1927",6137
"garve2011",6138
"harke2003",6139
"hoffmann1989",6140
"kattinger1999",6141
"kjellstrom2014",6142
"kunzler1999",6143
"kyhlberg1991",6144
"kyll1964",6145
"lykiardopoulos1981",6146
"malarstedt1979",6147
"milner1991",6148
"mortagua2006",6149
"onasch1981",6150
"philpott1991",6151
"pettersson1966",6152
"molina1970",6153
"ruprecht1958",6154
"salin1952",6155
"sandholm1965",6156
"g2000",6157
"staecker1997",6158
"staecker1998",6159
"staecker2000",6160
"stewart1944",6161
"stewart1946",194
"svahnstrom1984",194
"thunmarknylen2004",194
"taylor2008",194
"vukovic2009",194
"westholm1989",194
"wilke1931",194
"wilson1992",194
"yrwing1992",194
"yrwing1994",194
"zipp2010",194
"abels2003",147
"ager2008",147
"valante1998",147
"naismith1995",147
"danecek2011",73
"adams1981",6162
"ayres1985",6163
"barnosky2004",6164
"binford1997",6165
"brandner1998",6166
"catton1980",6167
"cooke1931",6168
"culbert1988",6169
"dalan1997",6170
"dalton2000",6171
"diamond1968",6172
"flenley2002",6173
"flenley1984",6174
"hughes1975",6175
"jacobsen1958",6176
"jevonsnda",6177
"kirch1984",6178
"lopinot1985",6179
"mccoy1976",6180
"malthusnd",121
"meggers1954",121
"milner1990",121
"mulloy1970",121
"phillips1979",121
"ponting1985",121
"rees2004",121
"rescher1978",121
"sanders1962",121
"sanders1963",121
"sheets1999",121
"steadman1989",121
"steadman1995",121
"steadman1994",121
"tainter2000",121
"turner1974",121
"vanandel1990",121
"vantilburg1994",121
"banfield1974",264
"m1962",264
"cleland1973",264
"corbeil2000",264
"fitzhugh1994",264
"harp1975",264
"laeyendecker1993",264
"laver1983",264
"lee1968",264
"maryrousseliere2002",264
"mccartney1973",264
"meldgaard1962",264
"myrvoll1985",264
"odess2000",264
"bstergard1948",264
"park1951",264
"plumet1982",264
"ellesmere2000",264
"brandt2012",299
"hardt2003",6181
"kramer1984",211
"schwank2013",211
"blackburn1986",147
"kershaw2023",147
"redknap2003",147
"wallace2015",147
"reuter1992",147
"redknap2009",147
"blackburn2006",147
"agersnaplarsen2011",211
"schovsbo2013",211
"felixnd",6182
"aspeborg2005",6183
"birddavid1999",6184
"bullough1983",6185
"burnell1999",6186
"cannon1989",6187
"chandler2010",6188
"effros1997",6189
"einsenschmidt2004",6190
"gibbon2007",6191
"halsall1995a",6192
"hamilton2006",6193
"harvey2006",6194
"thorlaksson1978",6195
"gestsdottir1998",184
"innes2000",184
"jochens1999",184
"lastovicka2013",184
"marshall1950",184
"patterson1982",184
"prothero2002",184
"radin1986",184
"shapland2012",184
"steinunnkristjansdottir2004",184
"stocker1993",184
"stromback1975",184
"zugaiar2012",184
"geolog1947",6196
"hagberg1967",6197
"hagberg1961",6198
"holmberg1969",6199
"lamm1995",6200
"hamilton2007",6201
"hamilton1996",6202
"hamilton2008",6203
"karlsson2005",6204
"olson2004",6205
"wernerson1996",6206
"annuswer2003",6207
"annuswer2007",6208
"annuswer2002",6209
"arrhenius2011a",6210
"jorpeland2008",6211
"jorpeland2003",6212
"brereton1987",6213
"brink1987",6214
"calissendorff1966",6215
"capelle1995",6216
"carlie2009",6217
"damell2007",6218
"eliade1991",6219
"ericsson2008",6220
"fritsch2004",6221
"hedblom1958",6222
"hedman1989",6223
"holmqvist1980",6224
"hultgard1996",6225
"karlenby2007",6226
"karlsson2007",6227
"lindkvist2007",326
"lindqvist1910",326
"lindstromnd",326
"hansen2011",326
"lundholm1947",326
"nordberg2011",326
"nordberg2008",326
"olsson1993",326
"petre2011",326
"schovsbo1987",326
"stjernquist1962",326
"stjernquist1967",326
"stahle1946",326
"vonsydow1978",326
"wessen1923",326
"victor2005",326
"widengren1969",326
"vikstrand2011",6228
"zachrisson2009a",326
"orsnes1964",326
"ehrlich1968",121
"ambrosiani1957",6229
"arnbrosiani1981",6230
"arbmann1940",6231
"backstom2008",6232
"backstrom2003",6233
"bengtzon2001",6234
"booth2008",6235
"floden1993",6236
"friberg1998",6237
"harim2003",6238
"henkel2004",6239
"holmquistolausson1982",6240
"hyenstrand1991",6241
"icomos1993",248
"kristiansson1996",248
"lindqvist1928",248
"linford2010",248
"lyatski2004",248
"masters1998",248
"mellinnd",248
"nerman1918",248
"olsson2006",248
"riksantikvarieambetet2007",248
"stavrum1997",248
"stolpende",248
"trinks2012",248
"trotzig1993",248
"wahlander1998",248
"wedmark1999",248
"fridriksson2015",184
"kershaw2015",184
"magnus2009",248
"hart1995",327
"brodersen1967",6242
"eksnd",6243
"nielsenadamsen1991",6244
"feveile1948",6245
"beretninger1997",6246
"andersen1943",6247
"andersenklindtjensennielsen1970",6248
"nielsen1943",6249
"christensen1982",6250
"lindqvist1920",6251
"beretningved1998",6252
"madsen1994",6253
"orsneschristensen1955",6254
"albrectsen1951",6255
"ottaway2004",6256
"adamsen2003",6257
"albrethsen2003",6258
"andersen1970",6259
"axboe1989",6260
"baeksted1972",6261
"christensen1928",6262
"christoffersen1987",6263
"cosack2005",6264
"ethelberg1986",6265
"grambo1999",6266
"hansen2009",6267
"hansen1995",6268
"hultgard1999",328
"hoj2004",328
"jennbert2002a",328
"jensen1998",328
"lindqvist1921",328
"lyngstrom1989",328
"neergaardnd",328
"nerman1917",328
"ravn1989",328
"ravn2008",328
"sparrevohn2007",328
"steinsland2000",328
"stoumann2009",328
"ulriksen1999",328
"orsnes1988",328
"sparrevohn2006",328
"sorensen1998",328
"sorensen1993",328
"arcini1999",6269
"beckra2007",6270
"bolender2007",6271
"bolender2010",6272
"braudel1972",6273
"braudel1980",6274
"bynum1995",6275
"chesson2001",6276
"daniell1997",6277
"frioriksson2001",6278
"geake1995",6279
"gejvall1960",6280
"gestsdottir2014",6281
"gilchrist2015",6282
"hadley2010",6283
"halvorsen2008",6284
"harding2005",6285
"joyce2001",6286
"karlsson2004",6287
"mejsholm2008",6288
"meskell1998",6289
"meskell2001",6290
"thorlaksson2005",6291
"rindal1996",6292
"scott2011",6293
"sellevold2004",6294
"sellevold2008",6295
"sewell2005",6296
"sewell1996",6297
"sigurosson2003",27
"sigurosson2014",27
"stefansson1975",27
"stefansson1978",27
"steffensen1943",27
"steinberg2016",27
"sveinbjarnardottir2001",27
"tsaliki2008",27
"vilhjalmsson1995",27
"zadorario2003",27
"zoega2014",27
"zoega2015",27
"zoega2007",27
"zori2007",27
"beckerchristensen1981",6298
"belford2017",6299
"dobat2005",55
"dorey1969",55
"ethelberg2012",55
"ethelberg2017",55
"gudeman1900",55
"harck1998",55
"haseloff1937",55
"kramer1992",55
"kramer1995",55
"madsen2008",55
"maluck2017",55
"maluck2016",55
"muller1903",55
"nunn2009",55
"schindel1999",55
"spring2015",55
"witte2018",55
"ambrosiani2003",6300
"arrhenius1978",6301
"berthelon2007",9
"boytrup2013",9
"danielsson1973",9
"glover2003",9
"culture1985",9
"kingnd",9
"malmer2010",9
"mikkelsen2012",9
"negmatov1999",9
"nicholson2000",9
"noonan1990",9
"rezakhani2010",9
"schumann2011",9
"trotzig1969",9
"witte2017",55
"vangennep1960a",27
"thorgilsson2006",27
"aschehougnd",6302
"benderjorgensen1999",221
"bjorgo2005",221
"bjorgo1992",221
"harrington2008",221
"kaland1979",221
"lonning1976",221
"mortensen1994",221
"mortensen1997",221
"martensen2006",221
"ramstad1981",221
"tveiten2011",221
"warburg1974",221
"oye1986",221
"oye2010",6303
"beckerlfred1973",6304
"rdh2007",6305
"hauckarl1970",6306
"bertil2004",6307
"hel2011",6308
"herschendrands1996",6309
"er2001",91
"lars2015",91
"lars2012",91
"lars1998",91
"lars2004",91
"erle1994",91
"vist1925",91
"edith1966",91
"martensir1988",91
"sig2011",91
"bernhard1913",91
"von2000",91
"derberg2005",91
"stephenseorgend",91
"sund2002",91
"thunarknlnlena2006",91
"klevnas2007",26
"rundkvist2007",6310
"rundkvist2006",6311
"randers1981",6312
"ramstad2011",221
"roesdahl1978",328
"beckmanthoor2002",6313
"bolin1999",6314
"damell1971",6315
"damell1999",6316
"damell2000",6317
"dybecknd",329
"florin1963",329
"forssander1933",329
"gumaeliusnd",329
"gothberg1998",329
"hammar1983",329
"hauptmanwahlgren2002",329
"jensen1997",329
"jonsson1986",329
"lindqvist1912",329
"oldeberg1974",329
"schnell1963",329
"sundqvist1993",329
"vonsydow1926",329
"thedeen2003",329
"wahlfisknd",329
"welinder1990",329
"weiler1999",329
"wigren1987",329
"bjelland2006",292
"carty2005",292
"jansson1962",292
"jeffrey2005",6318
"kitzlerahfeldt2002",292
"kitzlerahfeldt2008",292
"kitzlerahfeldt2009",292
"manneke1984",292
"mahl1990",292
"oehrl2008",292
"sileniuslarsen2009",292
"snaedal2002",292
"snaedal2005",292
"walderhaug1998",292
"widerstrom2002",292
"bildsteine1941",292
"dating2006",292
"andreeff2012a",6319
"backdanielsson2009",6320
"goldhahn2008",6321
"hoilundnielsen2009",6322
"lindgren2008",6323
"oestigaard2013",6324
"thate2009",6325
"thedeen2010",26
"wessman2007",26
"jefrey2005",6326
"clarke2001",252
"dietler1996",252
"erlendsson2009",252
"gestsdottir2001",252
"ottir1989",252
"olafsson1979",252
"palsdottir2008",252
"rosenswig2007",252
"roussell1943",252
"stenberger1943",252
"wiessner2001",252
"samnordiskruntextdatabas2005",292
"andersson2013",6327
"baug2007",6328
"belmont2011",6329
"bjorck2009",6330
"drobin1986",6331
"ek1993",6332
"elfwendahl2001",6333
"elfwendahl1993",6334
"gumaeliusnda",6335
"hallgren2004",6336
"hallgren2005",6337
"hansson1997",6338
"hedblom1996",6339
"hermodsson2009",6340
"junkelmann1997",6341
"kresten1996",6342
"kresten1998",6343
"kresten1994",6344
"lamm2008",6345
"lantmateriet2013",6346
"larsson2012",6347
"lindalv1980",38
"lundhansen2011",38
"lothman2004",38
"mellquistdanielson2011",38
"myrdal2003",38
"nilsson1988",38
"olausson2000",38
"persson1997",38
"pettersson1977",38
"pettersson1980",38
"rinnman2013",38
"zachrisson2013",38
"kermode1907",235
"bratt2011",38
"eilersgaardchristensen2011",38
"berg1968",6348
"berglund1991",6349
"bertelsen1979",6350
"bertelsen1995",6351
"bertelsen2005a",6352
"boserup1965",6353
"boserup1981",6354
"brush1987",6355
"vries1974",6356
"hasund1919",6357
"hasund1924",6358
"helle1995",6359
"holm1995",6360
"holm2005a",6361
"holmsen1961",6362
"holmsen1940",6363
"iversen1997",6364
"jirlow1970",6365
"lerche1994",6366
"lunden2004",6367
"martens2009",6368
"munch1966",6369
"myrdal1985",6370
"stockholm1997",6371
"myrdal1999",6372
"orrman2003",238
"porsmose1981",238
"porsmose1987",238
"ramskou1981",238
"ramskou1975",238
"sandnes1978",238
"schmidtsabo2001",238
"schmidtsabo2005",238
"steensberg1956",238
"svartkristiansen2005",238
"svartkristiansen2006",238
"valensendstad1964",238
"oye2003",238
"oye2005",238
"bergen2011",238
"zachrisson2006",238
"bergstol2003",238
"villages1968",238
"amorosi1996",6373
"andersen1997",6374
"arneborg1993",6375
"christiansen1997",6376
"degerbol1929",6377
"degerbol1936",6378
"degerbol1941",6379
"andrew2009",6380
"einarsson1984",6381
"einarssonbjarni2011",6382
"gardarsdottir2008",6383
"gerstenberger1997",6384
"guy2010",6385
"gwiazda2005",6386
"johannesson1946",6387
"jonsson1930",6388
"kamenov2008",6389
"krahl2010",51
"ljungqvist2005",51
"mcgovern2001",51
"miksic2013",51
"norlund1930",51
"oomen2002",51
"outridge2003",51
"palsdottir2010",51
"robinson2004",51
"roussell1936",51
"seaver2009",51
"sinclair2007",51
"smiarowski2009",51
"smiarowski2013",51
"stefansson1993",51
"sveinbjornsdottir2004",51
"whitehouse1998",51
"borsheim2001",5
"clover1986",5
"coleman2014",5
"conkey1984",5
"gero1991",5
"hofseth1999",5
"heernes1984",5
"jochens2002",5
"kershaw1989",5
"laqueur1990",5
"mortensen2004",5
"mundal2014",5
"njalssoga1975",5
"riisoy2016",5
"sanmark2014",5
"sigurdardottir2002",5
"sigurdsson2010",5
"jorgensen1997a",234
"zachrisson2004a",28
"cluniesross1998",6390
"ryan1987",6391
"wilson1955b",6392
"mulk1997",243
"jons1997a",6393
"thunmarknylen2006a",230
"ljungkvist2011a",191
"ulriksen2011a",136
"robberstad1937",239
"hagland1978",239
"dyrhaug1981",239
"rigsantikvarensarkaeologiskesekretariat1987",6394
"suchodolski2002",147
"bulska1996",285
"dennis1980a",239
"killock2008",72
"murphy2008",69
"goody1986",241
"christensenetal1992",6395
"hungrvaka2002",184
"kjalnesingasaga1959",184
"gulathinglaw1994",19
"ibnfadlan2012",19
"price2006c",109
"pricemortimer2014",91
"neiss2007",230
"askvikresi1984",74
"waterbolk1990",170
"kalmring2010f",49
"kalmring2010g",49
"tomasson1996",119
"simek2006",6396
"westerdahl2010",164
"strinngolm2007",249
"christensen1991b",6397
"larsensorensen2005",6398
"andersenetal1985",6399
"sikora2013",100
"eriksenetal2009",170
"hafsaas2007",170
"esverwers1980",220
"gerrets2012",220
"skre2007b",220
"egebjerghansen1992",155
"egilssaga1888",155
"edvardsson2005b",135
"edvardssonmcgovern2007",135
"macgregoretal1999",135
"magery1958",135
"magnusson1886",135
"alenstampetersson1952",6400
"baastruppetersen2010",6401
"baastrup1990",6402
"petersen1940a",6403
"jensenmoller2009",6404
"wilson1960b",6405
"nielsen2002b",6406
"boguckijagodzinski2012",100
"kulakov2005",251
"kleemann1939b",251
"stankus1995b",289
"forssander1943",6407
"feveile2006a",6408
"riddersporre1989",185
"andersen2009a",185
"fidjestol1994a",239
"gurevich1963",251
"thunmarknylen1995a",251
"junker2003a",251
"kulakov1994a",251
"capelle2003a",207
"ambrosiani1996a",167
"plather2011",167
"ljungkvist2008a",157
"steuer2002a",157
"pedersen2014a",157
"zachrisson2009",38
"wessen1940",38
"skre2013",139
"billig1995a",177
"hate1996",201
"feveile2010a",256
"paterson2002",143
"reimer2013a",116
"stamsomunch1970",6409
"skibstedklaesoe1999",203
"segschneider2016",277
"myrberg2008a",83
"hammarberg1989",276
"harrison2014a",6410
"simms1998",135
"leciejewicz1962",101
"leciejewicz1979",101
"riabinin1994a",288
"ostigard1985",154
"solberg1985a",154
"zachrisson2011a",164
"zachrisson2012a",164
"thorarinsson1981",119
"jankowiak2012",266
"larsson2004a",91
"orton1993",64
"jones2003a",64
"warmind1995a",112
"christensen1983a",170
"boivin2000",265
"vanhouts1999",265
"sofaerderevenski2000a",265
"tringham1994",265
"brinchpetersen2006",216
"harck1997",6411
"ahlinsundman2012",161
"adamofbremen1959",134
"sawyer2006",249
"dersarkissian2013",253
"mulk1991",243
"kitzlerahfeldt2012",36
"stummannhansen2003",160
"price2008b",37
"smallwood2007",6412
"downham2017",6413
"braconi2005",6414
"hadley2016a",6415
"worldhealthorganization2018",6416
"addyman1969",6417
"addyman1972",6418
"ballinsmith1994",8
"wallerstrom1997",81
"ostmo2000",81
"fridriksdottir1991",13
"brondsted1962",147
"adamsgilmour2010",64
"baeksted1952",241
"snaedalbrink1984",241
"morris1892",27
"grandtnielsen1974",198
"norgardjorgensen2011",14
"latour1984",6419
"ofloinn2001",6420
"birkedahlchristensen1924",6421
"henriksen1982",6422
"rispling2000",6423
"mollerhansen2000",6424
"roesdahl1986",6425
"wamers1997a",6426
"back1963",6427
"helgesson1987",178
"jorgensen1980",178
"jorgensen1980a",178
"wilson1960a",1
"brondsted1924a",178
"christiansen1948",178
"christensen1992a",178
"klaesoe1994",178
"klaesoe1995",178
"klaesoe2002",178
"kleingartner2010",178
"mullerwille2005",178
"odell1959",178
"schulke1992",178
"sindbaek2012a",178
"steuer2010",178
"lundhansen1987",178
"vraengmosejensen2008",178
"mullerwille1978a",178
"ocorrain2001",75
"norderang2004a",6428
"denooy2005",6429
"snorristurluson1964",109
"larsson1873",6430
"carroll2014",6431
"coleman2014a",25
"henriksen2013a",6432
"leahy1997a",225
"fischer2008a",189
"arents2010a",168
"voncarnapbornheim2007a",49
"christensen1991a",170
"jacobsen1942a",170
"ambrosiani1994a",164
"holmquist2015",164
"jeppesen1988",164
"risberg1997",164
"vickers1975",164
"hardh2001a",167
"nielsen1999",234
"iaea2006",209
"fagerlund1993a",308
"hammarberg1976",206
"gansum1998",291
"andersen1970a",206
"englert2009",14
"ambrose1999",119
"robinson2006",274
"norrman2008a",25
"karnell2012a",6433
"jansson2007",188
"macane2001",269
"vonamira1933",194
"pestell2003",236
"hanks1989",241
"knappett2008a",199
"rhiel1996",199
"dahlback1984",191
"lundqvist1997a",236
"jensen1995",202
"faulkes1998",6434
"ingold1988",190
"pahlsson1984",243
"hauksson1972",6435
"roberts2005",135
"bjorklund2015",6436
"bjorklund2014",6437
"ilumae2016",165
"zoega2013",227
"mauritsen1982",277
"richards2000a",173
"gunther2015",193
"blifeld1977a",306
"hellesolesen1992a",130
"snorristurluson1997",15
"rcahms2011",150
"mullermertens1999",202
"grahamcampbell1995a",281
"rogerson1995",6438
"wademartins1980",6439
"williams1979",79
"emery2007a",79
"hall1989a",79
"dodd2003",79
"cunliffe1977",79
"audouy2009",79
"king1978",79
"carver1978",79
"coggins1983",79
"tylor2005",79
"carver1981",79
"mahony1982",79
"gardiner1990",79
"rogerson1984a",79
"hurst1983",79
"dalwood1992",79
"mainman2000a",79
"loveluck2007a",79
"gould1967",79
"schoknecht1977a",236
"herrmann2005a",236
"andersson1994",221
"tacitus1999a",6440
"jorgensen2009a",32
"lundborg2006a",167
"lynnerup2014a",54
"price2005a",6441
"skre2011c",268
"ahlback1990",6442
"hansen1979",6443
"andren1957",6444
"anglert1993",6445
"asad1993",6446
"backdanielsson1999",6447
"bergner1987",6448
"beskow1964",6449
"bostrem1995",6450
"dentz2000",6451
"dillman1997",6452
"duczko1993",6453
"edsman1967",6454
"eisenhofer1950",6455
"fehn1958",6456
"gallen1957",6457
"gjerlow1960",6458
"helander1974",6459
"helander1993",6460
"holmberg1991",6461
"hultgard1992",6462
"tregren1989",6463
"jansson1998",6464
"arkeologisk1981",6465
"holmbick1933",6466
"johansson1965",6467
"olsen1993",6468
"klackenberg1992",6469
"kousgardsorensen1989",330
"lindgren1987",330
"molland1976",330
"nilsson1987",330
"norberg1958",330
"nasstrem1996",330
"rentzhog1987",330
"smith1987",330
"steinsland1986",330
"steinsland1998",330
"strembick1935",330
"sundqvist1998",330
"sverdrup1942",330
"sederberg2001",330
"ullen1983",330
"wessen1929",330
"miiller1991",330
"wikman1957",330
"devries1970",330
"fran2006",6470
"arwillnordbladh2005",6471
"fernstal2004",6472
"grislund2002",6473
"grislund2005",6474
"gustavson2000",6475
"vanhouts2001",6476
"lykke2003",6477
"mckinnell2003",6478
"vonmiiller1956",6479
"sundgvist1998",6480
"sundqvist2005",6481
"ortnamnslexikon2003",6482
"sorlin2001",265
"widmark1995",265
"barndon1995",6483
"bjornstad2003",6484
"burford1972",6485
"brelstord1949",6486
"brown1995",6487
"childs1991",6488
"childs2005",6489
"cline1937",6490
"davidson1982",6491
"delcourt1957",6492
"dommasnes1997",6493
"englund1999",6494
"espclund2004",6495
"forbe1969",6496
"janson1969",6497
"gjeerdcr1949",6498
"jacobsen2003",6499
"hermundstad1995",6500
"hesio1984",6501
"hines2003",6502
"kriger1999",6503
"maret1980",6504
"marte2002",6505
"mcnaughton1988",6506
"miillerwille1977",271
"nodanskog2003",271
"odner1969",271
"pleiner1969",271
"raudvere2004",271
"oldeberg1943",271
"randers1988",271
"reid1995",271
"roesdal1980",271
"rundberget2002",271
"sasson1983",271
"schmidt1997",271
"sjolsvold1949",271
"stigum1971",271
"tveiten2005",271
"todnem1999",271
"vannoten1972",271
"wertime1980",271
"anonym1901",6507
"arne1905",6508
"artelius1993",6509
"artelius2003",6510
"barraud1994",6511
"berger1966",6512
"birkeli1938",6513
"colpe1987",6514
"connelid1993",6515
"furingsten1986",6516
"geels1985",6517
"grislund2001",273
"hansson1998",273
"koepping1987",273
"moberg1950",273
"nyalssaga1981",273
"nyalssaga2002",273
"webernd",273
"selinge1986",273
"shepherd1987",273
"stremberg1993",273
"sarlvik1976",273
"trotzig2000",273
"turner1982",273
"almgren1900",273
"1919",273
"birkeli1944",273
"levistrauss1952",273
"sahlstrem1951",273
"selinge1997",273
"kristiansen1984",276
"armstrong1917",247
"batey1988",247
"fowler1963",247
"freke2002",247
"hudson1998",247
"jones1971",247
"kermode1994",247
"kruse2017",247
"laing1987",247
"g1983",247
"megaw1938",247
"miller1999",247
"morris1980",247
"muhr2002",247
"corrain2008",247
"olsen1954",247
"oriordain1973",247
"riordain1949",247
"rhysnd",247
"abbott2008",6518
"horizon2008",6519
"andersen1994",6520
"andren2012",6521
"arrhenius2013",6522
"axboe1999",6523
"axboe2001",6524
"axboe2005",6525
"baillie1994",6526
"baillie1995",6527
"baillie1997",6528
"baillie1999",6529
"baillie2001",6530
"baillie2006",6531
"baillie2008",6532
"baillie2010",6533
"barbante2012",6534
"barnish1992",6535
"behre1996",6536
"berglund1996",6537
"bernhardsson2007",6538
"bork1998",6539
"bosley1989",6540
"briffa1990",6541
"briffa1992",6542
"buckland1997",6543
"doreler1992",6544
"doreler2012",6545
"dull2001",6546
"dull2010",6547
"eggum2007",6548
"fehr2011",6549
"gelling1969",6550
"graslund2009",6551
"grattan2007",6552
"grudd2006",6553
"grudd2002",6554
"gunnel2013",6555
"vulnerabilityhalsall2003",6556
"jansen2000",6557
"kaul2004",6558
"keys1999",6559
"kutterolf2008",6560
"lowenborg2010",6561
"nasman2012",6562
"nerman1963",310
"oppenheimer2011",310
"pentikainen1989",310
"rampino1988",310
"rigby2004",310
"salzer2007",310
"stenberger1933",310
"stenberger1955",310
"stothers1984",310
"stothers1983",310
"textor2003",310
"torrence2002",310
"traufetter2004",310
"vervruggen1996",310
"vitaliano1968",310
"welinder1975",310
"wylie1989",310
"vulnerabilityzachrisson2010",310
"zerefos2007",310
"kuhl1999",299
"harris2006a",112
"harris2006b",226
"kintigh2014a",226
"jensen1993a",74
"jensen1993b",6563
"petersen1993a",272
"petersen1993b",171
"petersen1993c",51
"mullerwille2001a",99
"mullerwille2004b",129
"price2012b",6564
"thomas2000b",149
"thomas2008c",182
"ambrose1993a",90
"ambrose1993b",204
"barrett2004a",263
"barrett2004b",90
"barrett2004c",73
"barrett2004d",29
"price2010a",26
"barrett2008a",6565
"solli2002a",23
"price2002a",162
"lund2013a",17
"sorensen2001a",37
"duczko2004a",70
"gustin2004a",43
"helms1993a",155
"price2016a",6566
"svanberg2003a",70
"zachrisson1994a",17
"bradley2000a",4
"byock2001a",70
"hedenstiernajonson2006a",157
"jorgensen2003a",4
"linderholm2008a",263
"montgomery2003a",140
"olsen2003a",110
"arwillnordbladh2007a",26
"gansum2004a",17
"hodges2012a",65
"nielsen1997a",15
"zachrisson2004b",13
"arwillnordbladh1998a",10
"christensen1991c",172
"christensen2015a",33
"dobat2008a",49
"fabech1998b",6567
"gansum2004b",243
"hedeager1992a",70
"kleiminger1993a",31
"loveluck2006a",62
"lund2008a",6568
"mcnicol1997a",28
"norlund1948a",141
"pedersen2010a",29
"arne1932a",61
"baastrup2012a",1
"barrett2008b",74
"budd2000a",134
"downham2007a",70
"franklin1996a",129
"gardela2011a",194
"geary1994a",4
"gosden1998a",17
"grahamcampbell2001a",6569
"graslund2001a",25
"hardh1976a",128
"hedeager1999a",6570
"hedeager1999b",60
"jansson1984a",1
"jesch2015a",47
"jorgensen2008a",13
"simpson2005a",75
"skre2008a",229
"williams2011a",60
"wilson2008a",146
"andersen1995a",6571
"artelius2013a",6572
"ashby2011a",62
"barrett2007a",190
"bergstol2004a",80
"biddle2001a",70
"biddle1992a",160
"bill2013a",125
"bradley2003a",70
"brink2004a",216
"buko2008a",7
"carver1998a",12
"chenery2014a",140
"christensen2010a",60
"christensen2010b",33
"christensen1991d",254
"duczko1985a",6573
"faure1986a",259
"foote1970a",7
"gardela2012a",137
"gardela2009a",135
"geijer1938a",9
"graslund1992a",33
"hadley2002a",6574
"hedeager2005a",29
"hillerdal2009a",138
"hines1997a",146
"iversen2007a",301
"jorgensen2014a",158
"kilger2008a",4
"krogh2007a",202
"kyhlberg1980a",295
"larsson2009a",240
"leslie2015a",113
"lonnroth1997a",7
"milek2012a",93
"montgomery2006a",209
"nasman2003a",62
"naumann2014a",253
"nilsson2003a",196
"nylen1994a",46
"olsen2012a",199
"pedersen2003a",6575
"pedersen1996a",280
"pedersen1999",300
"pilo2018a",11
"price2019b",47
"price2013a",151
"price1989",6576
"raffield2016b",148
"richards2003a",75
"richards2002a",113
"roesdahl2006a",102
"rundkvist2008a",26
"sawyer1992a",207
"scudder2000a",6577
"skre2007a",131
"solli1999a",60
"stylegar2007a",10
"stylegar2005a",37
"thomas1996a",24
"trinks2007a",286
"williams2016a",2
"williams2003a",112
"wilson2008b",160
"adams2004a",252
"alberti2009a",23
"ambrosiani2002a",300
"amundsen2015a",11
"andersen1998a",198
"andersson2004a",109
"arbman1980a",156
"ashby2014a",26
"bakka1993a",6578
"bradley2003b",61
"brink1998a",180
"brink1996a",218
"brink2005a",258
"brogger1916a",99
"bryant1996a",6579
"buckley2010a",106
"callanan2013a",76
"callmer2008a",215
"callmer1984a",236
"callmer2001a",32
"carver1992a",37
"christensen2008a",60
"christensen2007a",172
"clark2007a",293
"crawford1987a",75
"degerbol1948a",196
"dickinson1992a",39
"drescher1983a",229
"duczko1997a",135
"edgren1995a",129
"einarsson1994a",52
"eriksen2015a",66
"fabech1991a",196
"fabech1995a",131
"fabech1992a",21
"fahlander2008a",11
"forster2004a",150
"frei2009a",133
"frolund2007a",298
"gansum2004c",26
"glorstad2008a",158
"glosecki1989a",156
"grahamcampbell2011a",275
"graslund2007a",6580
"graslund1992b",68
"graslund2004a",297
"green1998a",32
"grimes2013a",283
"gustin2004b",1
"hagg1984a",159
"hall2014a",173
"hall2004a",29
"hardh2007a",300
"harke1997a",160
"harrison2008a",135
"hauck1977a",257
"hedegaard2007a",300
"hedenstiernajonson2006b",94
"helgason2000a",29
"hilberg2010a",102
"jakobsson2003a",156
"jankuhn1937a",102
"jansson1984b",1
"johansen1973a",29
"jones2012a",106
"jones2008a",52
"jorgensen2003b",13
"jorgensen1988a",228
"jorgensen2002a",155
"kaland1995a",181
"kiefferolsen1993a",31
"kilger2008b",199
"klindtjensen1975a",245
"kyhlberg1980b",218
"larsen2004a",186
"larsson1997a",60
"lee2008a",106
"li2010a",106
"lie1991a",62
"ljungberg1938a",28
"lucas2008a",27
"macphail2003a",118
"macphail2007a",118
"madsen1991a",198
"malmer1966a",283
"mannering2010a",60
"marold2012a",283
"melchior2008a",71
"muller2003a",210
"mullerwille1977a",154
"myhre1992a",242
"myhre2003a",32
"myhre2003b",6581
"myhre1994a",286
"myrberg2008b",216
"nasstrom2001a",180
"nelson2012a",262
"nelson1991a",70
"nielsen1986a",158
"nielsen1991a",197
"olsen2003b",242
"olsen2000a",29
"pedersen2008a",218
"pedersen2006a",202
"petersen1951a",142
"petersen2005a",254
"price2000a",70
"price1985a",151
"quast2009a",36
"roesdahl2014a",89
"roesdahl1977a",170
"roslund2010a",215
"rundkvist2010a",2
"rundkvist2003a",6582
"samson1991b",139
"sanmark2010a",30
"sawyer1050",32
"sawyer1962a",182
"schneider2015a",106
"semple2013a",216
"sindbaek2012b",165
"skre2007c",191
"skre2007d",172
"skre2007e",160
"soderberg2000a",300
"sorensen1997a",60
"speake1980a",156
"storli2006a",74
"thomas2012a",131
"vesteinsson2004a",252
"warnke1992a",236
"wawn2000a",6583
"white2000a",151
"williams2015a",2
"williams2005a",17
"williams2005b",208
"williams2001a",2
"williams2004a",6584
"zachrisson2004c",38
"zachrisson1997a",80
"zachrisson1984a",215
"zachrisson2010a",218
"zachrisson2003a",71
"larsen2001t",29
"akerstromhougen1981a",4
"alenius2011a",215
"ambrose1993c",134
"ambrosiani1984a",81
"ambrosiani1985a",13
"ambrosiani1991a",236
"amundsen2001a",96
"andersen1995b",260
"andersen1995c",175
"andersen1991a",37
"andersen2010a",131
"andersen1984a",202
"anderson1907a",104
"andersson2008a",237
"andersson1998a",67
"andersson1995a",6585
"andersson2011a",61
"andersson2005a",6586
"andersson2005b",31
"andersson1999a",6587
"andersson2003a",16
"andersson2007a",160
"andersson2000a",89
"andersson2000b",221
"andersson2006a",14
"andren2004a",112
"andren1997a",248
"andren2006",6588
"androshchuk2012a",9
"anglert2006a",33
"arne1932b",189
"arneborg2000a",54
"arrhenius1985a",175
"arrhenius1997a",265
"arrhenius1997b",67
"arrhenius1995a",4
"arrhenius1973a",257
"artelius1999a",56
"artelius1999b",56
"arwidsson1942a",157
"ashby2013a",8
"backdanielsson2010a",67
"bakka1971a",221
"bakka1973a",80
"bakka1976a",81
"barndon2005b",10
"barrett2003a",160
"bately2007a",74
"bately2007b",32
"batey1993a",78
"bayley2008a",146
"bekpedersen2009a",135
"benderjorgensen1987a",246
"benderjorgensen1995a",237
"bergstol2008a",177
"besteman2004a",143
"blake1962a",6589
"bogucki2007a",217
"bradley1993a",107
"bradley1990a",145
"brather2012a",168
"brink1992a",258
"brink2012a",165
"brink2012b",165
"brink2007a",2
"brink2013a",218
"brink1999a",6590
"brink1990a",35
"brogger1917a",94
"brogger1917b",94
"brogger1945a",31
"bruck2006a",10
"brunstedt1996a",4
"buckland1990a",85
"buckland2008a",54
"budd2004a",142
"callmer1992a",6591
"callmer1991a",74
"callmer1998a",180
"callmer1977a",160
"callmer1981a",214
"callmer2000b",214
"callmer1994a",112
"carlsson1983a",258
"carver1995a",6592
"chappell1986a",125
"christensen2013a",6593
"christensen2008b",89
"christensen2008c",170
"christensen2010c",4
"christensen2004a",175
"christensen2004b",202
"christensen2007b",175
"christensen1983b",228
"christensen1983c",207
"christophersen1982a",241
"church2007a",50
"craig1957a",263
"crawford1999a",135
"crawford2006a",150
"curta2007a",74
"curta2006a",218
"dobat2010a",33
"doneus2011a",248
"doneus2013a",125
"downham2012a",75
"dugmore2007a",50
"dugmore2012a",227
"edgren1995b",217
"edmonds2009a",146
"edwards2012a",227
"ellmers1995a",157
"ellmers1995b",112
"enghoff2003a",262
"eriksen2013a",80
"eriksen1993a",177
"fehring1995a",282
"feveile2009a",6594
"fischer2004a",238
"fridriksson2004b",205
"fry2006a",90
"fuglesang1991a",250
"gansum1996a",186
"gansum2004d",6595
"gardela2013b",194
"gardela2012c",6596
"gardela2015a",194
"gardela2018a",6597
"gardela2016c",26
"gardela2009b",136
"gjerpe2005a",31
"glob1969a",250
"grahamcampbell1980a",6598
"grahamcampbell1994a",225
"grahamcampbell2009a",146
"graslund2007b",138
"graslund2001b",19
"graslund2008b",24
"graslund2008c",189
"graslund1995b",25
"graslund1998a",6599
"grierson1986a",218
"hadley2000a",173
"hadley2000b",148
"hall1990a",138
"hall1999a",83
"halsall1998a",184
"hansen2015a",87
"hansen2017c",73
"hansen1989a",228
"hansen2005a",284
"hardh2003a",65
"harris2016a",24
"harrison2015a",6600
"harrison2014b",226
"harrison2013a",6601
"harrison2010a",6602
"harrison2010b",245
"harrison2007a",150
"harrison2008b",6603
"haseloff1981a",241
"hauck1978a",6604
"hedeager2004a",158
"hedeager1999c",6605
"hedenstiernajonson2014a",6606
"hedges2007a",192
"helama2017a",6607
"helberg2010a",85
"henning2007a",118
"henriksen2015a",196
"hernaes1984a",193
"herschend1992a",6608
"herschend1997a",15
"hjelle2015a",108
"hobsbawm1983a",177
"hodges2008a",267
"hoeg2014a",108
"hoilundnielsen1999b",233
"holmquistolausson1998a",204
"holmqvist1951a",241
"holst1110",173
"holst2013a",55
"holt1998a",239
"holt1998b",181
"hugason2000a",93
"imer2011a",250
"imer2011b",250
"ingstad1982a",177
"islendingabok1968a",184
"jacobsen1941a",16
"jakobsson2003b",6609
"jansson1984c",24
"jansson1985a",3
"jansson1985b",9
"jansson1985c",9
"jansson1997a",204
"jensen2004a",13
"jensen2004b",31
"jensen2006a",178
"jensen1986a",89
"jensen1992a",131
"jensen1993c",130
"jeppesen2010a",272
"jesch2009a",74
"jesch2009b",3
"jesch1991a",207
"jessen2012a",89
"jessen2012b",96
"jones1997a",6610
"jones2013a",274
"jones2009a",25
"jones2012b",6611
"jones2005a",44
"jones2005b",284
"jonsson2003a",6612
"jorgensen2002b",67
"jorgensen1995a",89
"jorgensen1992a",65
"jorgensen1998a",181
"jorgensen1994a",38
"joyce2000a",199
"kennedy2011a",122
"kleingartner2013a",6613
"kleingartner2014a",43
"klos2009a",24
"komber1999a",89
"kovalev2002a",9
"kristiansen1999a",46
"kristoffersen2004a",6614
"kristoffersen2010a",19
"krogh1982a",120
"kyhlberg1973a",214
"lambeck2010a",125
"larsen2007a",127
"larsen2011a",211
"larsson1990a",241
"larsson2006a",127
"larsson2006c",33
"lee2008b",27
"lehtosalohilander1982a",217
"leimus2007a",269
"leontev2017a",6615
"lewis2015a",226
"lie1952a",241
"ligi1993a",138
"lillehammer1999a",222
"ljungkvist2008b",190
"ljungqvist2010a",133
"lonnroth1982a",258
"lovejoy1985a",140
"lowe2008a",227
"lucas2008b",51
"lucy2002a",31
"ludowici2010a",122
"luhmlund1961",188
"lund2006a",220
"lund2008b",94
"lund2003a",6616
"lundborg1972a",255
"macphail1994a",169
"magnus1997",234
"magnusson1983a",135
"mann2003a",192
"marold2001a",181
"mccormick2012a",122
"mcgovern2009a",135
"mcgovern2013a",133
"meier2001a",194
"meskell2005a",199
"mikkelsen1994a",284
"mikkelsen1998a",127
"mikkelsen2008a",130
"mjaerum2012a",80
"moesgaard2008a",202
"muldner2007a",192
"murray1983a",171
"murray1983b",228
"myhre1992b",186
"myhre1992d",158
"myhre1987a",6617
"myhre1993a",175
"myhre1980a",175
"myhre1997a",32
"naismith2012a",218
"nasman1989a",13
"nasman2000a",275
"nasman1984a",257
"naum2012a",114
"neckel1983a",6618
"negrel2003a",209
"nelson1999a",202
"nelson2012b",53
"nielsen1998a",89
"nielsen2001a",130
"nielsen1994a",122
"nielsen2002a",234
"nielsen2002c",236
"nielsen1990a",162
"nordeide2011a",6619
"oehrl2011a",6620
"oehrl2013a",6621
"olesen2004a",114
"olsen2009a",111
"olsen2001a",108
"olsson2004a",163
"osullivan2008a",261
"others1998",13
"oye2001a",262
"oye2002a",221
"oye2009a",54
"oye2009b",6622
"oye2010a",221
"pagan1986a",148
"pedersen2009b",162
"pedersen2014c",10
"pedersen2015a",130
"pedersen2008b",5
"pedersen2001a",6623
"pedersen2003b",180
"pedersen2011a",10
"perdikaris2008a",50
"perdikaris2008b",120
"petersen1919b",142
"petre1993a",160
"petursdottir2009a",10
"pilo2007a",234
"pirenne1927a",118
"price2000b",151
"price2008c",296
"price2018e",6624
"price2008d",202
"raghavan2014a",53
"ramskou1976a",254
"rasmussen2014a",250
"rasmussen1992",228
"raudvere2003a",6625
"reynolds1994a",127
"richards1998a",69
"richards1996a",287
"roberts2003a",197
"roberts2000a",227
"roesdahl2014b",231
"roesdahl2003a",48
"roesdahl2005a",202
"roesdahl2005b",37
"roesdahl1996a",6626
"roesdahl1981a",202
"rolfsen1980a",218
"roskaft2005a",242
"roslund2001a",194
"rundkvist2007a",6627
"salin1904a",6628
"sanmark2013b",92
"sawyer2000c",109
"sawyer1988a",109
"sawyer2003a",6629
"sawyer2003b",6630
"sawyer2002a",109
"sawyer1987",24
"schetelig1912a",175
"schneidhofer2017b",126
"sealy2001a",192
"shanks1998a",83
"shetelig1940a",175
"shetelig1944a",142
"sigfusson1940a",25
"sigurdsson2008a",253
"sigurdsson2011a",93
"simek1993a",6631
"simpson2002a",261
"simpson2002b",120
"sindbaek2011b",6632
"sindbaek2014d",6633
"sindbaek2012c",108
"skre2008b",118
"skre2010a",122
"skre2004a",112
"smith2007a",6634
"smith2009a",245
"smith2011",216
"smith2001a",197
"soderberg2006a",14
"soderberg2002a",191
"soderberg2003a",126
"soderberg1996a",163
"solli1999b",25
"solli1996a",3
"solli1996b",177
"solli2008a",245
"solli2008b",245
"sorensen2017a",114
"sorensen1991a",131
"sorensen1999a",171
"staecker2001a",6635
"staecker2009a",194
"steinsland1994a",271
"steinsland2013",6636
"stene2011a",190
"stene2015a",92
"stenvik2001a",3
"steuer1997a",142
"steward1955a",245
"stolpe1912a",159
"stolpe1912b",91
"stylegar2010a",95
"sundqvist2014a",191
"svensson2009c",6637
"svensson2006a",80
"svensson2013a",190
"svensson2008a",240
"sykes2010a",78
"tesch2007a",280
"tesch2007b",93
"theliander2005a",28
"thomas1991a",6638
"thomas2006a",183
"thomsen2005a",14
"thomson2007",227
"thrane1987a",225
"thunmarknylen1995b",194
"turner2007a",6639
"vesteinsson2016a",6640
"vesteinsson2007a",50
"vesteinsson2007b",205
"vesteinsson2004b",205
"vesteinsson2001a",205
"vestergaard2007a",202
"wagner2001a",99
"wallander1989a",154
"waller1996a",257
"walsh2014a",108
"wamers1985a",142
"wamers1999a",241
"watt1999a",159
"watt1999b",159
"wells1999a",138
"white1988a",25
"wickholm2008a",217
"wideen1955a",28
"widgren1998a",120
"wilkinson2003a",245
"williams2011b",146
"williams2007a",4
"williams2002a",218
"wilson2006a",43
"wilson2006b",206
"wilson2007a",217
"wilson2007b",210
"wilson2008c",199
"wilson2008d",197
"wilson1998a",245
"wilson1996b",245
"zachrisson2002",80
"zachrisson2011b",4
"zachrisson2009b",38
"zachrisson2014c",196
"zachrisson2008a",10
"zori2013a",78
