"node_id","community_id"
"aannestad2018",1
"heenpettersen2018",2
"heenpettersen2019",3
"lund2016",4
"moen2020",5
"ambrosiani2015",6
"croix2015",7
"vonholstein2014",8
"warmlander2015",9
"lund2019",10
"solli2018",11
"dobat2006",12
"fabech2013",13
"gustafsson2011a",14
"larsson2007",15
"price2006",16
"fahlander2016",17
"price2018b",18
"eriksen2013",19
"andren2013a",20
"lund2004",21
"lund2005",21
"lund2008",22
"lund2017",23
"lund2020",24
"raffield2018",25
"williams2016",26
"zoega2017",27
"andren2013",28
"glorstad2012",29
"lund2010",30
"lund2013",31
"lund2015",23
"skre2019",32
"jessen2016",33
"price2014d",34
"magnell2010",35
"oehrl2017",36
"price2008a",37
"zachrisson2014a",38
"gardela2018",39
"gustafsson2016",40
"raffield2019",41
"androshchuk2018",42
"bill2017a",43
"burstrom2015",44
"glorstad2017",45
"odeback2018",46
"edberg2019",42
"kalmring2010",47
"voncarnapbornheim2014",48
"dugmore2012",49
"frei2015",50
"hartman2017",51
"hayeursmith2018a",52
"jackson2018",53
"tummuscheit2019",54
"artelius2013",55
"fahlander2018",17
"price2019",56
"raffield2016",57
"glorstad2015",58
"arwillnordbladh2013",59
"arwillnordbladh2013a",60
"ashby2015",61
"hennius2018",62
"perry2016",63
"sindbaek2017",64
"griffiths2019",65
"arwillnordbladh2012",66
"backdanielsson2016",67
"price2014",68
"barrett2010",69
"naumann2014",70
"price2014a",71
"star2017",72
"baug2019",73
"montgomery2014",74
"pilo2018",75
"downham2016",76
"mainland2018",77
"sindbaek2016",78
"amundsen2017",79
"bergstol2004",80
"croix2019",81
"kemmers2011",82
"nielsen2011",83
"baug2017",84
"loftsgarden2019",85
"rosvold2019",86
"svendsen2019",87
"beck2018",88
"grupe2013",89
"zachrisson2017a",90
"stene2017",91
"kristjansdottir2015",92
"bill2016",93
"bill2017",94
"fredriksen2014",95
"gullbekk2014",96
"macphail2013",97
"pedersen2015",98
"williams2014",26
"gardela2015",99
"jagodzinski2014",100
"hilberg2016",101
"sanmark2013",102
"harris2017",103
"richards2018",104
"anchukaitis2017",105
"helama2017",106
"pilo2020",107
"zachrisson2017",108
"eriksen2017",109
"ellingsen2019",110
"price2010",111
"jarman2018",112
"stott2019",113
"ulriksen2018",114
"pedersen2019",115
"sindbaek2018",61
"wouters2016",116
"dugmore2007",117
"keller2016",118
"tainter2006",119
"carver2015",120
"runge2018",121
"domeijlundborg2012",122
"schneidhofer2017",123
"tonning2020",124
"barrett2008",69
"beck2017",125
"spangen2009",126
"hillerdal2010",127
"christiansen2019",128
"dobat2013",129
"baug2015",130
"henriksen2017",131
"price2012",132
"milek2012",133
"kastholm2016",134
"toplak2018",135
"gustin2017",136
"pedersen2017",137
"peschel2017",138
"christensen2018",139
"heenpettersen2014",140
"ijssennagger2015",141
"kershaw2017",142
"raffield2014",143
"rogers2020",144
"williams2015",145
"hadley2018",146
"mcleod2011",147
"leonard2011",148
"price2020",149
"hrnjic2018",150
"kelly2015",151
"barndon2018",152
"lund2006",153
"hedeager2010",154
"kalmring2018",155
"eriksen2016",156
"mannering2013",157
"osullivan2015",158
"hedenstiernajonson2015",159
"price2011",160
"kalmring2012",161
"kalmring2017",162
"krzewinska2018",163
"helmbrecht2012",164
"oehrl2019",36
"sindbaek2014",165
"hilberg2018",166
"devos2013",167
"holst2013",168
"holst2014",169
"jessen2014",170
"buckberry2014",171
"tveiten2017",172
"bonde2016",173
"glorstad2014",174
"jahnsen2016",175
"baastrup2014",176
"henriksen2014",177
"borake2018",178
"hilberg2014",179
"hadley2016",180
"kershaw2016",181
"vesteinsson2016",182
"poulsen2011",183
"bill2012",184
"gustavsson2015",185
"androshchuk2010",186
"graslund2011",187
"lindholm2016",188
"ljungkvist2018",189
"chenery2014",190
"hedenstiernajonson2017",191
"toplak2015",192
"macphail2016",193
"gotfredsen2014",194
"milek2013",195
"runge2018a",196
"burstrom2014",197
"abrams2012",198
"pedersen2006",199
"roesdahl2011",200
"skre2011b",201
"linderholm2008",202
"lucas2007",203
"pedersen2009a",204
"rosengren2010",205
"wickholm2006",206
"knudson2012",207
"reiter2019",208
"tummuscheit2014",209
"feveile2017",210
"roslund2013",211
"roslund2015",212
"roslund2017",213
"sanmark2013a",214
"raninen2014",215
"skre2017",216
"skre2011a",201
"ijssennagger2013",217
"oye2014",218
"fallgren2008",219
"sutherland2015",220
"halstadmcguire2010",221
"kershaw2009",222
"catlin2016",223
"schmid2017",224
"holst2010",225
"sindbaek2011",226
"ljungkvist2015",189
"neiss2016",227
"goodchild2017",228
"vesteinsson2012",229
"sindbaek2011a",230
"aannestad2018a",1
"rundkvist2010",231
"staecker2004a",164
"sindbaek2007",232
"strand2011",233
"oye2016",234
"price2016",149
"gullbekk2011",235
"svensson2018",236
"andren2000",237
"storli2010c",238
"mulk2007",239
"naum2004",240
"solli2011",241
"becket2013",242
"steinforth2018",243
"trinks2014",244
"kovalenko2013",245
"imer2014",246
"ibsen2010",247
"harrison2016",105
"zori2013",248
"krzewinska2015",249
"christensen2013",250
"artelius2005",251
"feveile2012",252
"fischer2011",253
"myrberg2008",254
"frei2012",255
"benderjorgensen2012",256
"boyd2013",257
"arneborg2012",258
"pollard2012",259
"sutherland2009",260
"arwillnordbladh2008b",261
"fontaine2017",262
"sindbaek2013a",263
"skre2016",264
"arwillnordbladh2007",261
"magi2011",265
"becker2012",266
"barndon2005a",267
"ashby2015a",61
"feveile2011",268
"artelius2004a",269
"bitzthorsen2018",270
"svendsen2016",271
"myrberg2009",272
"majchczack2018",273
"skre2011",43
"gardela2013a",39
"gustafsson2011",274
"steinforth2015",275
"roslund2005",276
"bill2020",277
"rohdesloth2012",278
"naum2007",240
"draganits2015",279
"halewood2001",280
"pentz2009",250
"croix2021",81
"nosov2018",281
"magi2016",282
"perry2019",283
"lundborg2006",122
"lia2004",284
"croix2016",7
"gardela2014",7
"wicker2013",285
"kitzlerahfeldt2013",285
"croix2019a",286
"feveile2015",210
"gardela2013",287
"gardela2008",288
"price2005",288
"andren2006b",29
"leslie2015",289
"frei2012a",255
"gotfredsen2014a",290
"iversen2013",291
"gardela2018b",39
"hillerdal2009",127
"hayeursmith2013",51
"tummuscheit2012",48
"hedeager2003",154
"hennius2018a",62
"hardh2010",292
"iversen2015",293
"jankowiak2018",294
"jorgensen2010",115
"rundkvist2015",295
"kastholm2015",134
"jorgensen2009",296
"skorokhod2020",297
"sheehan2013",298
"ljungkvist2011",299
"sanmark2008",30
"richards2011",147
"lynnerup2014",300
"graslund2012a",75
"price2015",301
"price2014b",68
"price2014c",302
"myrberg2009a",303
"kalmring2016",18
"raffield2017",57
"kitzlerahfeld2015a",304
"pedersen2016b",137
"pedersen2009",305
"ravn2012",306
"price2018a",18
"raffield2016a",307
"price2018c",308
"pluskowski2010",309
"raffield2019a",41
"price2018d",310
"skre2017b",311
"price2019a",56
"andersson2008",312
"sindbaek2007a",232
"sindbaek2013",313
"semple2013",102
"toplak2017",135
"vesteinsson2014",314
"zachrisson2014",315
"williams2014a",316
"ulriksen2011",317
"zachrisson2004",318
"andren2002b",319
"aannestad2015",320
"ambrosiani2013",6
"andersson2004",321
"andersson2016",18
"andren2002",21
"andren2004",15
"androshchuk2013",9
"androshchuk2014",46
"androshchuk2012",322
"androshchuk2016",323
"arents2010",48
"armbruster2010",14
"artelius2007",17
"arwillnordbladh1998",324
"ashby2014",325
"backdanielsson2007",10
"ed2012",76
"barth1969",326
"e2014",327
"bergstol2008",91
"bhabha1994",328
"bjerg2013",329
"bogucki2012",100
"brather2013",330
"brink2011",331
"buntgen2016",107
"cannell2016",332
"clarke2017",333
"croix2012",334
"crumlinpedersen2010",64
"diamond2005",49
"dobat2014",121
"domeijlundborg2004",22
"englert2015",64
"eriksen1994",80
"feveile2009",335
"forster2009",130
"frog2014",336
"gardela2012",68
"gerds2015",337
"gjerpe2017",5
"grahamcampbell2013",338
"grahamcampbell2011",339
"graslund2007",108
"graslund2018",340
"griffiths2003",145
"hadley2013",147
"hall2014",341
"hallansstenholm2012",17
"hardh2016",150
"harrison2015",46
"harrison2014",103
"hedjakobsson2003",152
"hedeager2004",23
"hedeager2011",17
"hedenstiernajonson2006",159
"hedenstiernajonson2012",161
"helmbrecht2011",164
"hilberg2013",166
"n2017",342
"hodges2012",343
"ingvardson2012",132
"jennbert2015",26
"jensen2010",344
"jesch2015",64
"jones1997",175
"kalmring2013",179
"kershaw2013",180
"lemm2014",115
"lia2002",31
"ljungkvist2006",46
"loe2014",46
"lund2009",23
"merkel2016",150
"moen2011",345
"moen2019",10
"moesgaard2015",346
"myhre2015",124
"naum2008",347
"opedal2010",94
"oye2013",348
"paterson2014",158
"pedersen2004",199
"pedersen2014",46
"pedersen2016",137
"pilo2005",95
"price2000",34
"price2002",23
"price2001",127
"price2008",31
"price2018",349
"raja2018",350
"rasmussen2014",209
"richards2012",180
"roesdahl2014",210
"roslund2007",211
"russel2014",146
"said1978",83
"sanmark2017",351
"schietzel2014",48
"schultze2008",179
"skre2008",96
"soderberg2005",115
"solli2002",134
"staecker2004",22
"stanislawski2013",352
"stidsing2014",115
"svanberg2003",353
"thate2007",17
"toplak2016",135
"tummuscheit2011",209
"turner2006",143
"wallace2016",354
"wickham2005",64
"williams2020",355
"zachrisson2011",189
"andren2014",36
"christiansen2014",128
"dobat2010",48
"gardela2016",356
"gjerde2009",357
"glorstad2010",10
"graslund2010",26
"gustafsson2013",40
"smith2013",358
"lemm2013",228
"morawiec2009",99
"nordeide2011",2
"rundkvist2011",26
"rostad2016",73
"sindbaek2009",128
"sveinbjarnardottir2016",224
"williams2010",26
"ambrosiani2001",159
"graslund1984",6
"hraundal2013",9
"ilisch1990",6
"jansson1986",359
"jansson1987",16
"jansson1989",6
"wikander1978",6
"aannestad2016",1
"andren2011",1
"baastrup2012",360
"baastrup2010",1
"bagge1991",1
"bakka1963",1
"bakka1961",1
"bakka1971",1
"blackburn2002",1
"blindheim1973",153
"blindheim1999",1
"blindheim1995",19
"boe1940",1
"callmer1992",37
"callmer2008",1
"cramp1997",1
"downham2008",1
"dumville2008",1
"ekengren2009",1
"gaut2001",1
"gaut2011",1
"geber1991",1
"gosden1999",23
"grahamcampbell2000",1
"gustin2004",66
"hahn2013",1
"hedeager2002",21
"hedeager1992",1
"helms1993",174
"heyerdahllarsen1981",1
"hines1984",1
"hodder1982",1
"hodder1986",1
"hagg1974",1
"jansson1984",155
"vidar2010",1
"krag1994",1
"kristiansen2005",1
"maran2012",1
"marstrander1963",1
"mauss1950",1
"mikkelsen2002",1
"myhre1992",175
"croinin1989",1
"pedersen2008",1
"peets2012",1
"petersen1940",1
"raven2005",1
"rogers2006",1
"simonsen1981",1
"skaare1963",1
"skaare1976",1
"solli1995",1
"thomas1991",1
"waller1982",1
"wamers1985",1
"wamers2011",1
"williams2008",1
"wilson2006",1
"amundsen2001",361
"amundsen2011",362
"amundsen2015",363
"amundsen2007",236
"apel2001",364
"apel2005",365
"aronsson1991",366
"askeladden2015",367
"bakka1973",165
"bakka1976",368
"barth1976",369
"barth1996",86
"baudou1987",370
"bergman2016",371
"bergsland1992",372
"bergstol1997",91
"bergstol2009",373
"bjorn1934",374
"boaz1997",375
"bolstad1980",376
"braseth2014",377
"brendalsmo2003",378
"brogger1942",379
"bull2002",380
"byggstoyl2012",381
"damm2010",382
"fjellheim1999",383
"fjellheim2012",384
"forsberg2005",385
"fossum2006",386
"fredriksen1983",387
"fuglesang1980",164
"fuglestvedt2006",388
"gjerde2016",389
"gjessing1945",390
"grandell1986",391
"grimbe2013",392
"gustafson1988",393
"gustavsen2014",394
"hagen1946",395
"hagstrom2010",396
"hallgren2008",397
"hansen2004",126
"hansen2014",398
"hedman2003",399
"helstad2001",79
"hildre2012",79
"hole2013",79
"holm1991",79
"holm2016",79
"holseng2004",79
"hougen1947",236
"indreko1956",79
"jenkins2008",79
"johansen1981",79
"kleppe1977",79
"lannerbro1976",79
"marstrander1977",79
"mathiesen2005",79
"melheim2015",79
"mikkelsen1994",11
"mikkelsen1975",79
"mjaerum2012",95
"mulk1994",79
"myhre1962",79
"norell1987",79
"nou2007",79
"nyland2016",79
"odner1983",80
"odner2000",79
"ojala2009",79
"olsen1985",79
"olsen1991",79
"pareli1991",79
"prescott2009",79
"schanche1985",79
"scheen1979",79
"serning1966",79
"sjurseike1994",79
"skandfer1996",79
"skjolsvold1980",91
"skjolsvold1981",79
"skjolsvold1984",79
"smith2006",400
"soborg1988",79
"solberg1986",79
"sommerseth2011",79
"spangberg2014",79
"spangen2010",79
"stene2010",79
"stenvik1988",79
"svensson2006",178
"swensen2017",79
"trigger2006",79
"vorren1965",79
"wegraeus1971",79
"zachrisson1997",80
"zachrisson2015",79
"abrams2004",181
"phil2010",198
"fanning1994",198
"sheehan1998",69
"sheehan2009",142
"omeadhra1979",401
"blackburn1981",198
"glorstad1987",198
"grahamcampbell1984",402
"jensen1968",198
"davidson1962",23
"grinsell1961",403
"bjorn1940",404
"kovalev2004",212
"arbman1940",114
"arne1914",6
"bearman2014",6
"anonymous2012",198
"ljung2010",64
"lang2001",171
"cohen2004",198
"jesch2002",147
"whaley2004",198
"tweddle1995",198
"coatsworth2008",198
"grahamcampbell1980",222
"wamers2009",65
"grahamcampbell2007",198
"brunning2013",405
"sonderso2005",406
"stenalt1960",407
"kolindsund1936",408
"luhm1903",186
"androshchuk2001",186
"androshchuk2002",143
"androshchuk2003",186
"androshchuk2009",186
"androshchuk2004",186
"appadurai1937",409
"arbman1937",162
"arrhenius1985",58
"bazelmans1999",186
"bergman1976",186
"behmer1939",186
"behrend1936",186
"brondsted1936",114
"chase1979",186
"colmo1953",186
"cross1914",186
"falk1914",186
"gameson2001",186
"gansum1991",186
"geibig1992",186
"grahamcampbell1968",186
"gurevich1968",186
"habbe2005",22
"hakonarherdibreids1991",186
"harke2000",186
"jacobsen1942",246
"nasman1991",186
"jorgensen1966",4
"lavrsen1960",186
"mauss1980",186
"menghin1980",186
"mullerwille1978",173
"mullerwille1984",21
"mullerwille1980",186
"north1980",186
"nasman1989",186
"ostergren1976",410
"olsson1975",186
"owencrocker1966",186
"ornes1966",186
"paulsen1953",227
"pedersen1995",186
"pedersen1997",114
"pedersen2002",99
"peirce1919",411
"petersen1919",21
"rydbeck1932",186
"schulzedorrlamm1987",186
"handelderwikingerzeitzwischennordundwesteuropaaufgrundarchaologischerzeugnisse1987",186
"klaesoe2005",186
"smidt1991",186
"stocklund1985",186
"strid1961",186
"stromberg1946",186
"svanberg1995",186
"thunmarknylen1995",186
"thunmarknylen2001",186
"bergman2005",186
"thalinbergman2000",186
"theuws2000",186
"turvillepetre1960",186
"wamers1930",173
"whitelock1955",186
"willemsen2004",141
"wilson1955",412
"wrenn1958",186
"zachrisson1984",126
"zachrisson2012",79
"ammann2007",413
"ammann2003",414
"anchukaitis2014",415
"anchukaitis2012",416
"anchukaitis2010",417
"anchukaitis2013",418
"anchukaitis2006",419
"andreuhayles2011",420
"andronova2000",421
"autin2015",422
"biondi1999",423
"bowman1997",424
"bradley2001",425
"breitenmoser2012",426
"briffa1993",427
"briffa1994",428
"briffa1995",429
"briffa2000",430
"briffa1996",431
"briffa1998",432
"briffa2011",433
"briffa2013",434
"briffa2004",435
"briffa2002",436
"brohan2012",437
"buckley2010",8
"buntgen2006",438
"buntgen2013",439
"buntgen2011",440
"buntgen2014",441
"campbell2007",442
"coledai2013",443
"cook1990",444
"cook1987",445
"cook2010",446
"cook1994",447
"cook1995",448
"cook2013",449
"cook1999",450
"cowtan2014",451
"crowley2000",452
"crowley2008",453
"darrigo2011",454
"darrigo2003",455
"darrigo1992",456
"darrigo2004",457
"darrigo2013",458
"darrigo2008",459
"darrigo2015",460
"darrigo2009",461
"darrigo2006",462
"davi2003",463
"delaygue2011",464
"doradolinan2012",465
"edwards2007",466
"emilegeay2013",467
"esper2013",468
"esper2002",469
"esper2014",470
"esper2010",471
"esper2007",472
"esper2012",473
"esper2016",474
"esper2015",475
"esper2005",476
"estrada2013",477
"evans2013",478
"evans2002",479
"evans2001",480
"frank2007",481
"frank2010",482
"fritts1976",483
"fritts1991",484
"gallant2013",485
"gao2008",486
"gao2006",487
"gennaretti2014",488
"gershunov1998",489
"gillett2012",490
"goosse2016",491
"grinsted2004",492
"hakim2016",493
"harris2013",494
"haurwitz1981",495
"hegerl2014",496
"hegerl2007",497
"hegerl2003",498
"hegerl1997",499
"hegerl2006",500
"hegerl2011",501
"helama2014",502
"hughes2002",503
"hughes1994",504
"hughes1999",505
"jacoby1995",506
"jacoby2000",507
"jones2013",508
"jones2009",509
"jones2012",70
"jull2014",510
"kaplan2011",511
"kaufman2014",512
"keigwin2003",513
"kennedy2011",514
"klesse2015",515
"lavigne2013",516
"lean2006",517
"lee2008",249
"lehner2012",518
"lewis2015",519
"li2010",191
"linderholm2015",520
"luckman2005",521
"ludlow2013",522
"mann1998",523
"mann2012",524
"mann2002",105
"mann2013",105
"mann2005",105
"mann2007",105
"mann2008",105
"mann2009",105
"massondelmotte2013",105
"matskovsky2016",105
"matskovsky2014",105
"matthews2005",105
"mccarroll2013",105
"mccarroll2002",105
"mcgregor2015",105
"mckay2014",105
"meehl2004",105
"meko1997",105
"melvin2008",105
"melvin2004",105
"michaelson1987",105
"morice2012",105
"muscheler2007",105
"naulier2015",105
"ogurtsov2016",105
"oman2005",105
"ortega2015",105
"pausata2015",105
"payette2007",105
"pederson2014",105
"phipps2013",105
"plummer2012",105
"pongratz2008",105
"raspopov2008",105
"rimbu2003",105
"rind1999",105
"rind2004",105
"robock2000",105
"rutherford2003",105
"rydval2017",105
"schmidt2010",105
"schmidt2014",105
"schmidt2012",105
"schneider2009",105
"schneider2015",525
"schneider2001",105
"schurer2013",105
"schurer2014",105
"schweingruber1993",105
"schweingruber1978",105
"seager2008",105
"seager2007",105
"shindell2009",105
"shindell2014",105
"shindell2015",105
"shindell2004",105
"shindell2001",105
"shindell2003",105
"sigl2015",105
"smerdon2010",105
"smerdon2008",105
"smerdon2011",105
"smerdon2016",105
"solomon2011",105
"st2014",105
"george2013",105
"steiger2014",105
"steinhilber2009",105
"stenchikov2006",105
"stoffel2015",105
"vonstorch2004",105
"stott2010",105
"stott2009",105
"stott1998",105
"stuiver1993",105
"sundqvist2014",105
"swingedouw2010",105
"szeicz1995",105
"tierney2015",105
"tingley2015",105
"tingley2012",105
"tingley2010",105
"tingley2013",105
"torrence1998",105
"touchan2014",105
"trenberth1984",105
"verosub2008",105
"vieira2010",105
"wagner2001",105
"wagner2005",105
"wang2015",105
"waple2002",105
"wiles2014",105
"wilson2016",105
"wilson2010",105
"wilson2007",105
"wilson2014",105
"wise2015",105
"youngblut2008",105
"zanchettin2012",105
"zhang2016",105
"zorita2003",105
"zwiers2000",105
"ivakin2001",42
"kjellstrom2012",42
"kjellstrom2013",191
"koktvedgaardzeiten1997",205
"kovalenko2006",245
"stolpe1992",42
"nerman1935",198
"helms1988",526
"andren1999",527
"andren2007",28
"back2012",158
"bandmann1951",28
"baudou1989",156
"berend2007",28
"blomkvist1998",28
"blomkvist2002",28
"brendalsmo1994",28
"brink1992",28
"ross2002",35
"diiwel1985",28
"dyggve1952",28
"fabech1991",528
"fehring1991",28
"gotfredsen1988",28
"graslund1992",529
"graslund2001",17
"graslund1993",28
"gren1989",28
"hallansstenholm2006",20
"hedeager1999",21
"hellstrom1996",28
"hernaes1999",28
"hildebrandt1985",28
"hultgard1997",28
"iregren1989",28
"janson1998",35
"jeppesen1991",162
"johannsen1981",28
"johansen1997",67
"krautheimer1942",28
"larsson2004",164
"liden1969",28
"ljungberg1938",530
"mcnicol1997",531
"meckseper1982",28
"nielsen1997",219
"nielsen2005",225
"nordahl1996",28
"olsen1966",15
"olsen1972",28
"rydh1969",532
"sandnes1987",28
"skre1995",28
"sondergaard1972",28
"stamsomunch1991",28
"sundqvist2007",28
"svensson2012",252
"theliander2003",28
"theliander2005",31
"vibemuller1991",28
"vikstrand2001",28
"devries1957",28
"wallander1994",28
"wideen1955",533
"zachrisson1963",28
"strand2010",233
"barber1991",233
"benderjorgensen1986",233
"benderjorgensen1987",233
"benderjorgensen1992",242
"benderjorgensen1995",168
"costin1991",233
"geijer1938",534
"geijer1980",233
"geijer1972",233
"gleba2008",233
"hald1980",233
"hedeagerkrag1994",535
"herlihy1964",233
"hagg1983",202
"hagg1984",233
"hagg1985",233
"hagg1986",536
"hagg1991",233
"ingstad1980",233
"michel2010",233
"martensson2007",233
"martensson2000",233
"pedersen1998",537
"waltonrogers1996",257
"waltonrogers2007",256
"kovalenko2012",42
"geibig1991",186
"zachrisson1998",21
"hookernd",258
"jay2006",190
"kalland2000",258
"kosiba2007",149
"lynnerup1998",258
"mcgovern1985",49
"mcgovern2000",49
"mcgovern1996",49
"mcgovern2005",258
"mcgovern2004",258
"muldner2007",171
"mohl1982",258
"adalsteinsson1990",258
"alexandersen2003",258
"arneborg1990",258
"balslevjorgensen2001",258
"barret2005",258
"bruun1928",258
"commisso2006",258
"commisso2007",258
"enghoff2003",538
"fricke1995",171
"gullov2012",258
"hebsgaard2009",258
"vebaek1992",258
"vebaek1993",258
"oye2001",539
"nelson2003",258
"nelson2012",540
"olafsson2006",258
"privat2002",259
"reitsema2010",258
"schweger1998",258
"simpson2002",258
"simpson2007",258
"edvardsson2012",258
"sveinbjornsdottir2010",258
"vebaek1991",258
"alberti2013",59
"andersson1998",35
"andren1989",153
"arrhenius1962",60
"arrhenius1994",59
"arrhenius1997",15
"arrhenius1932",66
"arwillnordbladh2011",66
"backdanielsson2010",26
"berg2007",66
"bergqvist1999",59
"bragg1997",59
"brink2008",24
"christensen2008",170
"christensen2009",59
"christensen2010",110
"gillespie2008",66
"gilman2010",66
"graslund2005",66
"graslund2008",66
"gronvik2008",66
"hagberg1976",66
"helmbrecht2007",165
"hjorungdal1991",66
"hardh2008",201
"jansson1996",60
"jensen2004",134
"johansson2008",66
"jorgensen2002",225
"jorgensen2008",140
"kuper1988",66
"larsson1997",541
"lassen2003",59
"lundstrom1995",60
"ljungkvist2005",66
"lundgren2007",66
"malmberg2009",66
"malmberg2010",66
"mannering2010",157
"martinson1956",66
"mauss1934",60
"nasstrom2001",66
"raudvere2008",66
"ringkvist1969",66
"roberts1999",66
"silvers2009",66
"solli1999",542
"sonne2010",59
"steinsland2007",66
"stolpe1912",37
"sorensen1997",261
"thomson1997",59
"vikingatidens1995",59
"weiner1985",23
"williams2011",142
"schulzedorrlamm1995",186
"almgern1914",60
"anderson1983",60
"andersson1990",60
"andersson1995",60
"andersson2011",17
"arne1932",66
"arrhenius1976",162
"bradley2002",261
"bradley2003",106
"burstrom2012",60
"chapman1997",60
"chapman1977",60
"chapman2006",154
"climo2002",60
"connerton1989",20
"delvin2007",60
"dommasnes2006",60
"dommasnes2008",257
"duczko1985",543
"jansson1985",159
"jennbert2011",60
"jensen2003",60
"jones2007",20
"kaliff1999",60
"kaliff2001",265
"knappett2012",60
"kokowski2010",60
"tsamis2010",60
"lowenthal1999",60
"vonmuller1958",60
"nora1989",60
"nugent2012",59
"renfrew2004",60
"rowlands1993",239
"rowlands1999",60
"sjogren2003",60
"vandyke2003",60
"williams2003",145
"aqvist1996",20
"artelius1996",20
"baudou2004",544
"bolin2004",5
"bratt2008",545
"burstrom1989",20
"chippendale1983",546
"gosden1994",547
"gustavson1986",20
"lonnroth1977",261
"olivier1999",548
"pollard2002",20
"sawyer2000",183
"shanks1987",175
"stromberg1968",20
"widholm2006",20
"williams2006",26
"zachrisson1994",225
"pagesk2013",549
"aberg1921",550
"adamavbremen1984",551
"ambrosiani1964",552
"andersson1992",89
"andersson1989",553
"arend1978",554
"axelsson1993",555
"baer1998",556
"baines1989",557
"berg1987",558
"bergman1948",559
"berlo1983",560
"bjurstrom1996",561
"blair1989",562
"brondsted1920",563
"bugge1953",564
"carlqvist1977",565
"carlsson1985",566
"christiansson1959",567
"christophersen1982",568
"claesson1982",569
"clanchy1979",570
"crocker1982",571
"danbolt1989",572
"ekblad1997",573
"elgh1987",574
"vonfriesen1913",575
"fuglesang1978",576
"odense1981",577
"svardstrom1962",578
"goody1977",579
"graslund1985",580
"gronvik1981",581
"gronvik1985",582
"gurevich1985",108
"gustavson1988",583
"hagenfeldt1996",584
"hallencreutz1982",585
"haseloff1981",154
"hedeager1997",122
"herschend1994",24
"hildebrandnd",586
"holmback1943",587
"holmqvist1951",154
"holtsmark1960",588
"hubler1996",589
"hyenstrand1974",590
"johansson1996",591
"kallstrom1992",592
"klindtjensen1975",593
"kristoffersen1995",93
"kyhlberg1983",594
"lager1995",595
"lagman1990",596
"larsson1990",24
"fornvannen1997",597
"lindblad1992",598
"lindell1994",599
"lindkvist1988",600
"lindqvist1931",601
"lindstrom1992",237
"lonnroth1982",237
"marcus1992",237
"meijer1992",237
"moltke1974",237
"mostrom1998",237
"miillernd",237
"og1911",237
"ol1900",237
"olason1989",237
"ong1982",164
"orsnes1966",165
"orsnes1969",237
"owe1995",237
"palm1992",237
"peterson1994",237
"petre1984",189
"petre1993",237
"philippa1977",237
"ragnesten1978",237
"randsborg1980",183
"russell1994",237
"salberger1978",237
"salin1904",237
"sandahl1996",237
"sawyer1988",183
"sawyer1993",237
"schuck1935",237
"segelberg1983",237
"shetelig1909",237
"sjoberg1985",602
"snorres1997",237
"soderberg1905",237
"soderqvist1993",237
"strid1987",237
"sundqvist1996",237
"svardstrom1936",237
"svenbro1975",237
"thrainsson1994",237
"varenius1998",237
"wamers1999",603
"wijkander1983",237
"williams1990",237
"wilson1995",90
"wilson1994",237
"zanker1988",237
"runinskrifter1984",237
"garlandthomson2002",66
"aarissorensen1988",61
"aarissorensen2007",61
"ambrosiani1981",61
"arneborg1998",61
"ashby2011",604
"ashby2013",61
"smith1995",61
"barrett2011",61
"bately2007",61
"bencard1990",61
"blaut1993",61
"buchwald2006",61
"buckley2011",61
"buckley2009",61
"buckley2014",61
"callmer2002",61
"sachensymposium2001",61
"callmer2003",61
"childe1950",61
"clarke1991",61
"coupland2010",61
"coupland2011",61
"cowgill2004",61
"feveile2001",61
"feveile2006",61
"fleming2009",61
"galloway1981",61
"henderson2005",61
"hodges1982",43
"hull2008",61
"jantzen2013",61
"keller2010",61
"kirby2013",61
"knappett2008",61
"lie1991",264
"ling2013",61
"loveluck2006",605
"madsen1984",61
"madsen2004",61
"madsen2014",61
"mahler2007",61
"mainman1999",61
"mattingly2013",61
"miksic2000",61
"muller2012",61
"nasman2000",61
"nasman2003",201
"nesje2012",61
"rau2010",61
"renfrew2008",61
"riddler2003",61
"rieck2006",61
"roesdahl2003",61
"lewissimpson2000",61
"roesdahl2001",61
"schyman2012",61
"sinclair2012",61
"skov1997",61
"skov1999",61
"skov2006",61
"skov2010",61
"skre2007",61
"smirnova2002",61
"stephan1994",61
"stewart2013",61
"strohalm2010",61
"taylor2012",61
"theuws2004",61
"trigger2008",61
"ulbricht1978",61
"vandoorn2014",61
"verhulst1994",61
"weber1995",61
"wigh2001",61
"yoffee2005",61
"boric2008",59
"goransson1999",59
"hirdman1988",59
"joyce2005",59
"muckenberger2012",59
"nasstrom1986",59
"vikingatidens1995a",59
"almgren1905",606
"arbman1945",251
"artelius1999",109
"artelius2002",251
"berger1979",251
"ross1998",251
"edsman1987",251
"fors2002",251
"halbwachs1952",251
"jennbert1977",251
"lundborg1972",55
"moon1987",251
"napier1992",251
"rappaport1999",30
"rolston1987",251
"sahlstrom1948",251
"strom1967",251
"turner1983",251
"thomas1985",251
"vedelnd",269
"wikstrom1993",251
"janson2009",60
"bergqvist1997",59
"alberti2014",67
"am2013",607
"backdanielsson2012",608
"barad2003",236
"barad2007",67
"burstrom1994",67
"ccby2016",67
"ekholm1950",67
"fowler2015",67
"graslund1991",237
"jonsson2015",67
"klos2009",67
"koster2014",67
"lager2002",67
"larsson2010",67
"lindeberg2009",67
"mitchell2005",67
"munn1986",67
"nielsen1941",67
"peterson2006",67
"dictionary2016",67
"runtextdatabas2015",67
"saol1998",67
"sjoborgnd",67
"brink1981",67
"hobsbawm1983",261
"jennbert2004",251
"wamers1987",609
"frick1992",610
"aatsleff2010",611
"aberg1936",612
"albrethsen2002",613
"brandt2002",614
"johansen1987",615
"fraenkelschoorl1978",616
"garipzanov1980",617
"grahamcampbell1991",618
"hyvass1986",619
"jensen2006",165
"jorgensen2003",115
"jorgensen2006",148
"klingenberg1984",620
"lennarrson1983",621
"longley1975",622
"macgregor1993",623
"moesgaard2010",624
"monge2003",625
"nielsen2006",626
"nielsen2004",627
"olsen1981",628
"olsen1977",121
"ryan1997",629
"rygh2003",630
"ulriksen1970",631
"vandoorn2011",8
"arneborg2003",69
"arrhenius1995",69
"ashby2006",69
"smith1993",69
"barrett2003",69
"besteman2004",69
"biddle2001",180
"bolin1953",69
"brettell2000",69
"brooks1971",69
"burstrom1993",69
"byock2001",632
"carver1990",69
"carver1995",173
"clover1988",69
"coupland1998",69
"crumlinpedersen1995",37
"crumlinpedersen2007",633
"dahljensen1998",69
"dansgaard1975",69
"downham2007",634
"duczko2004",635
"dumville2002",69
"dyer2002",69
"earle1997",69
"edwards2005",69
"englert2007",69
"etchingham1996",69
"etchingham2007",69
"forenbaher2005",69
"fossier1999",69
"grahamcampbell1975",69
"hadley2006",259
"halsall2003",69
"hannon2005",69
"hansen2000",69
"haywood1999",69
"heinsohn2003",69
"hernaes1997",69
"hill1981",69
"hill2001",69
"hills2003",69
"hodges2006",69
"hodges1983",69
"holm1986",69
"hunter2007",69
"johnson2001",69
"jonsson1911",69
"karlsson1997",69
"keegan2004",69
"keynes1997",69
"kristoffersen2004",636
"kuhn1977",69
"lund1989",69
"magi1999",69
"slavi1997",637
"mccormick2001",226
"michelli1993",69
"minorsky1958",69
"montgomery2006",69
"montgomery2003",68
"morris1998",69
"mullerwille1994",69
"myhre1987",169
"myhre1993",69
"nelson1991",180
"nelson1997",69
"nondier2002",69
"croinin1995",69
"oppenheimer2007",69
"owen1999",69
"paterson2001",69
"pirenne1939",69
"reuter1985",69
"richards2000",69
"ridel2007",69
"roesdahl1991",69
"santiagoirizarry2008",69
"sawyer1982",69
"scholz1970",69
"simek2004",69
"skre2001",69
"small1973",69
"stefansson2003",69
"vesteinsson2006",229
"wallace2003",69
"warner1976",69
"weber1992",69
"westerdahl2008",69
"wicker1998",69
"woolf2007",69
"wormald1982",69
"runicdictionary2016",67
"samnordiskruntextdatabas2016",67
"nilsson1996",237
"moltke1942",246
"aughdal1979",130
"baug2011",84
"baug2013",638
"bergstrom2007",38
"brodshaug1950",130
"campbell1939",130
"carelli1997",130
"cederlund1964",130
"christophersen1999",130
"ek1962",130
"fisher2004",130
"forster2004",130
"friisnd",130
"granlund1956",130
"grenne2008",130
"gron1939",130
"gron1942",130
"hamilton1956",179
"helberg2010",130
"helle1982",86
"jensen1990",250
"kaland1987",639
"kristiansen2009",130
"processing2009",130
"kristensen1999",130
"molaug1982",130
"keysernd",130
"magnusnd",130
"petersen1951",153
"reiersen1999",130
"resi1979",130
"rnregestanorvegica1989",130
"roesdahl1980",130
"sindbaek2005",43
"skaarup2009",130
"skjolsvold1961",45
"smith1999",214
"steensberg1964",130
"steuer1987",43
"tengesdal2010",130
"vangstad2003",130
"viklund2007",130
"visted1975",130
"weber1984",234
"weber1989",85
"weber1999",130
"oye2002",85
"oye2009",130
"bockman1997",152
"gjerpe2005",152
"glorstad2008",152
"gudmundsdottir2003",152
"hufthammer2016",152
"harke2014",152
"iversen1999",5
"jezek2015",152
"kristoffersen2006",152
"meling2014",152
"metcalf1991",152
"moberg1992",640
"mullerwille1977",30
"ohlhaver1939",152
"roberts2015",152
"ronne2002",153
"sauvage2005",152
"straume1984",641
"wallander1989",642
"ostigard2006",152
"fuglesang1986",237
"larsen1989",237
"andersson2005",159
"artelius2010",17
"borgeaud1987",55
"boyend",55
"burke1989",55
"edmonds1999",55
"fernholm1982",55
"gosden1998",55
"hansson1991",55
"hemmendorff1980",55
"stenholm2004",55
"jennbert1991",55
"lindqvist2010",17
"lundborg2007",55
"nagy1976",55
"olson1968",55
"rudbeck1978",55
"stromberg2005",55
"zuesse1987",55
"ayliffe1990",266
"balasse2003",266
"batey1998",643
"becker1998",266
"becker2011",89
"behre2008",266
"benecke1982",266
"bentley2006",255
"bosl2006",266
"butzler1986",266
"buzon2010",266
"clementz2001",266
"doppler2010",89
"drouet2005",266
"elsner1989",266
"frei2011",190
"fricke1998",266
"fry2006",266
"grupe2009",89
"grupe2010",89
"grupe2012",266
"heinrich1987",644
"heinrich2006",89
"huster1983",266
"jacomet2010",266
"koch2007",266
"kohn1996",149
"kohn2002",266
"layman2007",266
"leethorp1989",266
"lepiksaar1977",645
"mewis2004",266
"miller2010",266
"mullerwille2002",89
"newsome2004",89
"oconnor2004",270
"phillips2003",89
"pieper1995",266
"reichstein1991",266
"reichstein1966",266
"rozanski1992",266
"schmolcke2006",646
"schoeninger1984",266
"sjogren2009",255
"smed2002",266
"stephan2008",266
"stevens2006",266
"surge2005",266
"taastrom1999",266
"tieszen1991",266
"vogel1989",266
"vogel2002",266
"vonlehmann1986",266
"west2010",266
"dommasnes1976",221
"stylegar2010",10
"stylegar2014",152
"straume1986",647
"tarlow2016",26
"oye1985",152
"bmasstrom2001",55
"lindqvist2012",55
"adams1991",648
"arnold2012",649
"bailey1990",650
"bailey2015",651
"bailey2007",652
"beck2014",653
"becker1966",654
"becker1971",655
"berggren2009",656
"bille2016",657
"bloch1977",125
"boivin2008",125
"bowker2005",125
"cobb2012",125
"delanda2006",125
"delanda2016",125
"deleuze2005",125
"edgeworth2012",125
"eisenschmidt2013",125
"ejstrud2000",125
"fahlander2003",125
"felding2013",125
"fundfortidsminder2017",125
"gell1992",125
"gerritsen1999",658
"gerritsen2008",125
"gosden2015",125
"gramsch1996",125
"hamilakis2017",125
"hansen2015",125
"harris1989",659
"holst1999",125
"holtorf1998",125
"holtorf2002",95
"hvass1983",125
"hvass1985",225
"ingold2010",125
"jensen2005",125
"joy2009",44
"larsen2007",172
"laursen2017",125
"lucas2005",125
"lucas2008",248
"lucas2012",125
"mcanany2009",125
"mikkelsen1998",225
"sekretariat1997",125
"mikkelsen2016",125
"moller2010",125
"mud2014",125
"muller1906",125
"munn1992",125
"nasman1987",125
"nativ2017",125
"olivier2011",125
"olsen1968",125
"pauketat2005",125
"pearson1994",125
"reynolds1994",226
"rosenberg2010",125
"shennan1993",125
"slotsogkulturstyrelsen2017",125
"sorensen2015",125
"thomas1996",660
"tornbjerg1998",168
"tringham2000",125
"vanoyen2015",125
"villumsen2013",125
"witmore2013",125
"zimmermann1998",125
"anckers1993",261
"andersson1999",14
"brown1991",261
"cassel2004",261
"cnattingius1930",261
"foxhall2000",261
"gilchrist2004",261
"jonsson2003",212
"kallen2004",261
"moberg1987",274
"olivier2004",661
"palm2004",261
"ralph2005",261
"vandyke2003b",261
"wessen1958",261
"widmark1993",261
"askvik1990",73
"askvik2008",201
"askvik2014",73
"bakmark2014",73
"bazelmans2009",662
"berglund1995",238
"bos2005",73
"bratrein1994",238
"buchwald2005",201
"callmer1991",37
"callmer1998",663
"callmer2007",226
"coupland2002",73
"crosby1987",73
"curta2007",171
"delvaux2017",73
"downham2011",65
"eldorhagen2001",226
"ellis1969",664
"ellmers1985",665
"etchingham2014",666
"feveile2000",43
"gardner2007",73
"gaunt2000",73
"hald1991",73
"hansen2017a",86
"hines1999",73
"hodges2001",73
"holand2003",73
"holberg2015",73
"holm2015",667
"iversen2018",73
"jansen2001",73
"jellema1955",73
"jesch2009",191
"kars1983",84
"knol2017",73
"koht1919",73
"krol2006",73
"lebecq1990",73
"lebecq1999",73
"ljungkvist2009",64
"lonaas2001",73
"moore1978",73
"moore1983",73
"myrvoll1991",84
"nasman1986",73
"nicolay2005",217
"nicolay2017",668
"nilsen2016",669
"corrain1998",74
"pilo2011a",84
"resi1990",201
"resi2008",201
"roesdahl1995",73
"schreiner1928",73
"sheehan2008",73
"sitzmann2008",670
"sjovold1974",671
"skre2018",672
"sode2017",73
"stenvik1997",172
"storli2006",83
"svennung1967",73
"walther2004",73
"wickham2008",73
"wilson1985",73
"wood1983",166
"plogmann2006",266
"bonde1994",155
"brogger1917",94
"dybwad1908",94
"johansen2016",94
"kluwernd",94
"mullerwille1970",37
"paasche2010",94
"grahamcampbell2004",146
"thomsen2009",673
"aud1996",674
"aud1997",675
"wamers2005",176
"lennarrsson1999",176
"brondsted1924",176
"skovmand1942",126
"wamers1991",176
"lennartsson1999",176
"andersen1995",168
"brucemitford2005",166
"roth2002",176
"wamers1994a",221
"aud1992",176
"aarsleff2008",176
"adamsen1997",176
"albrethsen2008",176
"lindahl1984",176
"thorvildsen1957",176
"bradley1998",261
"ambrosiani1984",35
"bergstel1997",80
"bergsvik2001",80
"boaz1999",80
"skre1998",199
"strade1997",80
"solberg2000",58
"storli1994",80
"sorensen1979",80
"shetelig1917",173
"norseng2010",94
"allmae2011",149
"andersen1991",173
"axboe1995",151
"baillie1982",173
"baillie1973",173
"bjorkvik1999",173
"bonde1995",173
"bonde1997",173
"bonde2005",173
"bonde2007",173
"bonde1993",93
"bonde1982",21
"bonde2009",676
"brathen1982",173
"brogger1951",677
"brucemitford1964",173
"carver1998",184
"christensen1995",173
"christensen1993",173
"christensen2003",173
"christensen2007",33
"christensen1994",173
"christensen1998",173
"eckstein1977",179
"euforgen2009",173
"evison2008",173
"faegri1954",173
"filmersankey1992",173
"grieg1928",47
"hines1992",173
"hines1993",173
"holand2001",73
"hulten1971",173
"hutchinson1994",173
"kaennel1995",173
"lorangend",173
"marsden1996",173
"mullerwille1974",173
"mullerwille1995",173
"myhre1980",95
"myhre1998",140
"myking2011",173
"naess1969",173
"nasman1984",173
"nerman1948",173
"nordenborgmyhre2004",173
"opedal1998",173
"opedal2005",173
"peets2013",149
"reiersen2009",173
"roesdahl1994",173
"schetelig1902",173
"schetelig1906",173
"schetelig1912",678
"shetelig1940",243
"sorensen2001",31
"sylvester2009",173
"vadstrup1994",173
"mcleod2014",73
"roesdahl2005",179
"verhulst2002",73
"vinsrygg1979",73
"andersen1988",679
"smith2007",3
"barret2006",680
"barret2000",77
"blackburn2008",96
"brink2008b",71
"brooks1979",145
"buckland1990",681
"carver2004",682
"crumlinpederson1995",103
"downham2000",3
"forsyth1995",683
"grahamcampbell1995",684
"grahamcampbell1998",275
"grahamcampbell2001",142
"grahamcampbell2003",685
"gudmundsson1965",686
"hermannsaudardotir1991",687
"hines1996",3
"howlet1999",688
"metcalf2007",264
"roesdahl2003b",689
"myhre2003",124
"paasche2006",690
"ralston1997",691
"randsborg1995",692
"randsborg2000",693
"smyth1984",694
"wamers1998a",65
"weber1991",8
"whitelock1961",146
"mierow1915",73
"andersen1989",256
"benderjorgensen2005",218
"christiansen2004",256
"cooke2002",256
"cooke2005",256
"damgardsorensen1998",256
"dybdahl1990",256
"eldjarn1988",256
"eldjarn1990",256
"elstad2002",256
"elstad2004",256
"hoeghnd",256
"kastholm2009",256
"kaup1996",256
"kjellmo1996",256
"kvamme2004",256
"lightfoot1996",256
"lightfoot1997",256
"myhre2002",95
"martensson2006",256
"norgard1999",21
"olsennd",256
"olufsennd",256
"rabben2002",218
"traetteberg1999",256
"franckenwelz2003",256
"westerdahl1995",256
"amundsen2003",80
"alfsen1979",84
"baug2002",218
"birkedahl1997",695
"birkedahl2000",696
"bl1923",84
"christophersen1991",201
"crawford2002",84
"gestsson1959",84
"morcken1964",84
"nielssen2014",697
"nymoen2011",84
"pilo2007",268
"risbol1994",45
"schou2007",45
"schon1995",179
"sigurdsson1999",698
"jones1999",10
"bill2013",43
"callmer1977",45
"gansum1995",43
"hinsch1945",699
"hjardar2011",43
"hougen1993",43
"jankuhn1986",131
"karageorghis1999",43
"kilger2008",226
"kleingartner2014",166
"larsen2011",234
"martens1988",91
"oye2011",43
"pedersen2001",43
"rispling2008",43
"ros2009",43
"sperber1996",700
"steuer1997",100
"wiker2006",43
"bender2002",256
"rasteicher2008",256
"brather1992",184
"capelle1978",31
"capelle2000",184
"daly2011",184
"geary1994",261
"holck2009",34
"krogh1982",4
"kummel2009",184
"larsen2004",172
"marstrander1986",184
"mullerwille1976",114
"mullerwille1992",184
"nicolaysennda",37
"randsborg1998",701
"roesdahl2008",170
"sigurdsson2003",184
"steinsland2002",184
"vanhaperen2010",184
"berg2015",702
"anderson1907",242
"becket2010",242
"curle1982",8
"dickson2000",242
"edlin1973",242
"fentz1992",242
"grahamcampbell2002",275
"grieg1940",703
"grieve1923",242
"harman1981",242
"loder1935",242
"morgan2012",242
"mcneillnd",242
"ottaway1992",704
"allerton2007",705
"barthes1971",706
"barthes1986",707
"bellamy2012",708
"bender1998",709
"blackwell2007",710
"blackwell2012",2
"brisholm1997",711
"burstrom1996",206
"burstrom1998",712
"dannehl2009",713
"demarrais2004",714
"denzin1989",715
"derrida1978",716
"douglas1993",717
"eckardt2003",718
"elfver2008",719
"epstein1991",720
"foucault1978",197
"friedel1993",197
"gaitanammann2005",197
"gilchrist2000",197
"gildonnd",197
"golofast2003",197
"gordon2009",197
"gosden2005",23
"halse2006",197
"hamilakis1999",197
"hardh1996",150
"heffernan1988",197
"herva2010",197
"hibbert1969",197
"hicks2010",197
"hodder2012",95
"holtorf2001",197
"holtorf2008",197
"hoskins1998",23
"humphrey2003",197
"johnsonnd",197
"jonsdottir1982",197
"jonsson1997",197
"joy2000",197
"joyce2000",261
"kilnernd",197
"kopytoff1986",23
"lamb2011",197
"lamotta2012",197
"latour1992",197
"lindqvist1936",197
"martindale2009",197
"mcnaughton2006",197
"meskell2004",197
"meskell2005",721
"michell1982",197
"miller2000",197
"nevett1999",197
"novarr1986",197
"olsen2003",722
"olsen2010",156
"olsen2012",106
"ostergren1990",254
"polkey1999",197
"roos2003",197
"roymans1995",197
"shanks1998",197
"sofaer2007",197
"spangen2005",22
"stewart1993",197
"strathern1988",197
"thompsonnd",197
"tilley1996",197
"valenze2006",197
"vellinga1999",197
"weiner1992",58
"wilson2008",243
"witmore2007",197
"woolf1967",197
"armstrong2017",723
"boggs2016",724
"boyd2009",257
"cooper2012",725
"costanza2007",726
"crumley1993",727
"crumley2015",178
"ipcc2014",728
"lane2015",729
"nelson2016",730
"nielsen2013",731
"obrien2012",732
"odlingsmee2013",733
"riede2018",734
"rockman2009",735
"rockman2012",736
"svenning2013",737
"whitehead1998",190
"schetelig1917",93
"andersson2007",257
"biddle1976",257
"christiansen2006",257
"dommasnes1982",221
"easthope2004",257
"flanders2004",257
"geraghty1996",151
"gonzalesmarcen2008",257
"hall1994",257
"hamerow2002",225
"hurley1997",738
"jesch1991",34
"kelly1988",76
"mcalister2003",257
"milek2006",248
"munch2003",157
"osullivan2008",739
"corrain1983",257
"corrain2005",257
"perring1981",63
"reilly2003",257
"simpson1999",151
"simpson2006",257
"stocker2003",143
"valante2008",76
"wallace1992",257
"wallace2000",257
"wallace2005",257
"wallace2008",74
"andersson2000",274
"artursson2005",740
"bantelmann1975",741
"beck2004",742
"bennett2005",743
"bjorhem1993",14
"boozer2015",744
"boye1992",745
"boye1998",746
"carlie2005",747
"carlie2008",748
"carstens2015",110
"christensen1973",749
"christensen2015",121
"eriksen2009",183
"ethelberg2003",225
"ford1954",750
"fowler2017",751
"gjerlevsen2013",88
"gram2006",88
"graslund1987",88
"hakansson2012",88
"hansen1991",88
"harrison2011",88
"hatt1928",88
"heimer2009",88
"heimer2006",88
"herschend1993",110
"hill1972",88
"hvass1980",170
"jensen1986",752
"jensen1987",88
"jessen2012",33
"jessen2003",88
"jorgensen1995",30
"kling1984",88
"komber2001",88
"komber1999",124
"krieger1944",88
"kristensen2015",88
"lucas2014",88
"lucas2016",88
"martens2005",218
"mikkelsen2003",88
"mimisson2016",88
"moller2009",88
"nielsen1980",170
"nielsen1998",132
"nissen1998",88
"norlund1948",170
"normark2009",88
"normark2010",88
"nylen2009",88
"olesen1998",88
"pagh2007",88
"pedersen2012",88
"petersen2010",88
"poulsen2014",88
"rasmussen1994",88
"rouse1960",88
"schietzel1981",48
"schmidt1994",753
"schultz2015",88
"siemen2014",88
"skov1994",33
"sorensen2011",170
"sorensen2017",88
"sovso2013",88
"spaulding1953",88
"steward1954",88
"stouman1980",88
"tornbjerg2002",88
"vale2017",88
"villumsen2017",88
"waterbolk1994",88
"witmore2014",88
"zimmermann2001",88
"gale2000",242
"graslund1980",159
"acker2007",754
"andersen1993",31
"aethelweard1962",755
"bell1969",756
"bill1991",757
"bill2009",758
"bill2015",759
"bill2018",760
"birgisson2008",761
"bischoff1998",762
"bonde2011",763
"bratt2004",764
"brookes2007",765
"bruce2002",766
"brucemitford1952",767
"brucemitford1978",768
"byock2013",769
"cannell2011",97
"capelle2004",157
"carver1992",262
"carver2000",12
"chase1981",770
"christensen2016",124
"crosman1980",771
"crumlinpedersen1991",772
"crumlinpedersen1997",47
"crumlinpedersen2002",773
"daly2007",774
"damico2015",775
"dronkeduchatellier1908",776
"dusse2013",777
"engevik2011",778
"englund1979",779
"ericsson2005",780
"farbregd1969",781
"fett1936",782
"fidjestol1994",783
"filmersankey1990",784
"filmersankey2001",785
"frank1997",786
"friisjensen1984",787
"fritzner1973",788
"fulk2012",789
"goeres2015",790
"grammaticus2005",791
"grimes2013",74
"hedeager1996",792
"hedeager2000",95
"helgesson2004",793
"henriksen2016",794
"holst2017",277
"hulth2013",277
"jonsson1923",277
"krag1991",277
"krag2012",277
"larsson2011",277
"lawson1981",277
"leontev2017",277
"lindow1997",277
"ljungkvist2008",189
"lorangenda",795
"lonnroth1986",277
"madsen1997",277
"malmer1966",226
"marold2012",90
"maryon1946",277
"meri2002",277
"montgomery2000",37
"mooney2016",277
"mundal2018",277
"myhre1966",277
"myrvoll2014",277
"neidorf2016",277
"newton1993",277
"nicolaysenndb",277
"nordman1987",277
"norr1998",277
"north2007",277
"north2011",277
"jorgensen1999",796
"opedal1996",277
"oskarsdottir1994",277
"ostigard2015",277
"pedersen2003",277
"petersen1927",277
"poel2016",277
"pollington2008",277
"ramskou1976",128
"rieck1988",277
"ringstad2004",277
"risberg2011",277
"sapp2000",277
"schetelig1905",277
"schon1999",277
"sellevold1998",277
"shetelig1929",277
"skre2014",277
"sorokin1997",277
"spurkland2005",277
"stefanovich2016",277
"steinsland1991",277
"stenvik1996",277
"sturluson1982",277
"sundqvist2000",797
"sorensen2006",277
"turvillepetre1964",277
"varenius1992",36
"vestergaard2007",277
"warmind1995",277
"appadurai1986a",23
"dionysiusnd",197
"amorosi1997",798
"arnalds2004",799
"atalay2012",800
"balee2006",801
"bolender2012",802
"bolender2008",803
"bourdieu1980",238
"braje2015",804
"braje2013",805
"briggs2006",806
"brownlow2006",807
"butzer1975",808
"caseldine2010",809
"catlin2011",810
"catlin2013",811
"catlin2014",812
"chadwick2013",813
"chase2014",814
"correia2013",223
"crofts2011",223
"cronon1991",223
"crumley2003",223
"crutzen2000",223
"dasmann1976",223
"dugmore2004",229
"dugmore2009",815
"earle2002",223
"einarsson2015",223
"ensor2003",223
"fisher2005",223
"fisher2009",223
"foley2013",223
"hicks2014",223
"hilger2015",223
"hill2009",223
"hodder2004",223
"ingold1993",23
"johnson2012",223
"kennett2013",223
"klein2015",223
"lansing2007",223
"larkin2013",223
"lefebvre1991",223
"lentfer2002",223
"lightfoot1998",223
"logan2013",223
"mcgovern2007",49
"melville1990",223
"mitchell2003",223
"morton2013",223
"mrozowski2006",223
"mrozowski2011",223
"norgaard2011",223
"ogilvie2010",223
"palsson2013",223
"redman2005",223
"reitz2012",223
"robin2006",223
"rull2013",223
"steffen2011",223
"steward1955",223
"streeter2013",223
"streeter2015",223
"stump2013",223
"thomson2006",223
"thorarinsson1944",816
"thorhallsdottir2013",223
"vandenoort2013",223
"vanderleeuw2014",223
"wilson1989",223
"woodbridge2012",223
"young2007",223
"miller2012",817
"arrhenius2009",250
"fleischer2003",250
"franceschi2005",250
"gabriel1991",250
"klaesoe2003",250
"larsen1991",250
"lindow2001",250
"mackeprang1935",250
"mango2002",250
"nielsen2001",250
"orsnes1990",250
"pesch2005",250
"petersen2005",818
"roesdahl1977",14
"thrane2005",250
"voss1990",250
"watt2003",250
"callan1927",93
"brink2002",225
"brogger1945",93
"falk2008",93
"gjaerder1952",93
"gjessing1943",93
"gotfredsen2003",194
"grieg1937",93
"grotowski2009",93
"gudni1945",93
"hauck1973",93
"hellers2012",93
"hultgard2008",77
"jesch2000",93
"johns1982",93
"kolstrup1993",93
"korsvoll2011",93
"lund1974",93
"macleod2006",93
"maixner2004",93
"mckinnell2004",93
"melsom2003",31
"meyer1999",93
"ullerwille1985",93
"muncknd",93
"nordland1951",93
"price2013",71
"pyysiainen2004",93
"resi2013",93
"ritner1988",93
"roesdahl1998",93
"schetelig1920",819
"thrane1998",93
"thurston1907",93
"weber2012",93
"wilk2000",93
"arrhenius1961",205
"imer2004",93
"adams2004",820
"arndt2007",81
"andersen2017",821
"bagge2016",81
"bagge2004",81
"bauduin2009",81
"callmer2009",81
"corrochano2014",81
"curta2011",81
"deckers2017",81
"deckers2012",81
"dobat2016",81
"eisenschmidt2004",81
"fried1994",81
"garipzanov2008",81
"gazzoli2011",81
"henstra2012",81
"ijssennaggervanderpluijm2017",81
"jansson1997",822
"jesch2004",81
"juul2017",81
"kleiminger1993",823
"knol2001",81
"knol1993",81
"knol1999",81
"kramer2000",81
"kramer1996",81
"baume1952",81
"lebecq1983",81
"lund1990",81
"lund2003",21
"mcleod2007",81
"nelson2008",81
"nicolay2014",81
"nijdam2009",81
"nasman2006",115
"price2009",81
"prummel2000",81
"prummel2001",81
"pohl1998",81
"reimitz2008",81
"reuter1991",81
"richards2010",81
"roesdahl1996",226
"roesdahl1992",81
"roxburgh2013",81
"samplonius1998",81
"sindbaek2008",115
"steuer1974",81
"tummuscheit2018",81
"urbanczyk2009",81
"wawn2002",81
"zettel1977",81
"benecke1994",270
"bergmannnd",270
"cluttonbrock1999",270
"cluttonbrock2012",270
"damm2000",270
"davis1978",270
"degerbol1933",270
"driscoll2009",270
"driscoll2007",270
"engels2001",270
"ewing1981",270
"faure2009",270
"french1988",270
"gotfredsen2017",270
"grigson1969",270
"grigson1989",270
"hatting1990",270
"hatting1991",270
"hatting2004",270
"jansen1988",270
"johansson1987",270
"jorgensen1992",115
"kitchener1991",270
"knospe1988",270
"kratochvil1973",270
"kratochvil1976",270
"kratochvil1977",270
"kveiborg2007",270
"meadow1989",270
"mohl1961",270
"mohl1971",270
"mohl2010",270
"nyegaard1998",270
"oconnor2007",270
"ostergaard2016",270
"ottoni2017",270
"petrov1992",270
"pitakarnnop2017",270
"rantzau2015",270
"steineke2017",270
"tchernov1984",270
"tchernov1991",270
"tomtov2009",270
"tomtov2008",270
"tomtov2003",270
"neer2014",270
"vigne2015",270
"vigne2004",270
"zohary1991",270
"andersen2003",824
"andrews1997",825
"samling1985",826
"auch2012",827
"barrett2007",201
"becker1979",828
"bencard1973",829
"bencard1974",830
"bencard1979",831
"bencard1970",832
"benderjorgensen1991",833
"benderjorgensen2004",834
"blackmore2001",835
"bult1988",836
"callmer1981",837
"callmer1984",838
"capelle1980",839
"croix2014b",840
"demannd",841
"ennen1972",842
"feveile2010",843
"feveile1998",844
"frandsen1986",845
"frandsen1987",846
"frandsen1988",847
"frandsen2006a",848
"haarnagel1941",849
"haarnagel1963",850
"hamerow2007",851
"hamerow2011",852
"harris1975",853
"helle2006",86
"herrmann1978",854
"herrmann1982",100
"herschend2009",159
"hines1994",855
"hodges1988",856
"hodges1996",857
"jagodzinski1991",858
"jankuhn1971",859
"jankuhn1985",860
"kuzmin2000",861
"lucas2001",862
"lundstrom1981",863
"malcolm2003",864
"milek2007",116
"olsen1975",865
"reynolds1977",866
"sedov1985",867
"siegmuller2010",109
"stanislawski2011",868
"steuer1980",869
"steuer2007",870
"stiff2001",871
"sovso2010",7
"ufkes2011",7
"urbanczyk1994",7
"urbanczyk2007",7
"vanes2009",7
"bredsdorff1973",139
"mauritsen2015",139
"tornbjerg1989",139
"cluttonbrock1984",270
"adamsen2009",872
"adriansen2003",129
"andersen2010",170
"asingh2001",129
"axboe2010",129
"bjornskov2011",129
"voncarnapbornheim2012",129
"christiansen2008",129
"fabech1999",129
"fabech1995",178
"fischer1983",252
"garrison2009",129
"gregory1984",129
"hansen2012",129
"hardh1999",129
"hardh2003",129
"hedeager2001",24
"henriksen2000",129
"henriksen2010",129
"henriksen2011",210
"horsnaes2002",129
"horsnaes2010",873
"iversen1993",129
"jorgensen2001",178
"kristiansen1981",129
"makeler2003",129
"moesgaard2009",129
"museumsloven2006",129
"nielsen2012",129
"nielsen1993",129
"olsen2009",129
"paulsson1999",252
"petersen1991",128
"rasmussen2007",129
"sorensen1991",874
"eds1998",129
"thrane1991",129
"thomas2012",875
"ulriksen1994",129
"ulst2012",129
"ames2012",178
"angelbeck2012",178
"bican1992",178
"brink1998",254
"callmer1995",264
"carballo2016",178
"carlsson1989",876
"christaller1933",178
"christensen2014",178
"crumley1976",178
"dam2015",178
"earle2015",178
"fabech1998",21
"foucault1980",178
"foucault1997",178
"gammeltoft2012",228
"giddens1976",178
"gogsigjakobsennd",178
"helgesson1998",178
"hirth1996",178
"iversen2011",877
"jorgensen1998",178
"larsson2003",178
"mcguire1996",178
"myrdal2011",178
"ramskou1970",178
"saitta1998",178
"skre2010",878
"trigger2003",879
"ulsig2011",178
"aarissorensen2004",270
"abrams1989",171
"aufderheide1998",171
"barnes1994",148
"bass1995",171
"beard2000",171
"brettell2012",171
"brothwell1972",171
"buckberry2004",171
"buckberry2007",171
"buckberry2010",171
"buckberry2002",171
"cox2000",171
"darling2003",259
"daux2008",190
"ericson1985",138
"evans2006",190
"evans2010",259
"evans2012",171
"hadley1997",171
"hadley2000",181
"hadley2001",171
"hadley2002",880
"hadley2005",171
"hall2000",171
"hamilton2014",171
"hedges2007",70
"iscan1984",171
"iscan1985",171
"liden1994",171
"longinelli1984",190
"lovejoy1985",191
"lucy2005",171
"map2005",171
"maresh1970",171
"mays2000",171
"meindl1985",171
"montgomery2007",171
"montgomery2009",171
"montgomery2011",171
"rasmussen2001",139
"tornbjerg1994",139
"adams1992",881
"aldeias2016",882
"arroyokalin2017",883
"baneijea2015",884
"barker1977",885
"benyarku2005",886
"berggren2003",887
"borderie2015",888
"borderie2019",889
"bowsher2007",890
"burch2011",891
"canti2001",892
"carver2005",111
"carver2009",893
"carver2012",894
"carver2016",895
"carver2015a",896
"chadwick1998",897
"clark1992",898
"courty1989",193
"deroo2016",899
"doneus2005",900
"drewett1999",901
"fao2006",902
"fedele1984",903
"c2006",904
"feveile1984",905
"frandsen1984",906
"french2015",907
"friesem2017",908
"galeazzi2016",909
"gasche1983",910
"ge1993",167
"geus2018",911
"goldberg2003",912
"heimdahl2005",913
"hodder1992",914
"hodder1997",915
"huisman2017",916
"hummler2015",917
"jupiter2018",918
"karkanas2018",97
"kimball2016",919
"kooistrand",920
"kraling2014",921
"kristiansen2014",922
"krupski2017",923
"langohr1994",167
"larsson2001",924
"larsson2009",925
"macphail2010",193
"macphail2003",97
"mallol2017",926
"g2017",927
"nicosia2013",116
"opitz2015",928
"pavel2012",929
"rentzel2017",930
"ropke2017",931
"roskams2001",932
"saunders2000",933
"schiffer1987",195
"sode2010",934
"stoops2003",116
"tassie2015",935
"turney2005",936
"valente2017",937
"vanriel2016",938
"vepraskas2018",939
"verleyen2017",940
"vince1995",941
"weiner2010",97
"westman1994",942
"wouters2018",943
"wouters2019",944
"wouters2017",945
"jorgensen1991",7
"riberhus1990",7
"posthusskulptur1993",7
"adderley2010",167
"akeret2001",167
"bellens2012",116
"ball2009",167
"borderie2011",116
"brown1984",167
"bullock1985",116
"cammas2000",167
"cammas2001",167
"davidson2003",167
"devos2012",167
"devos2009",116
"devos2011",116
"fechner2004",167
"fondrillon2007",167
"fondrillon2009",116
"fredlund1994",167
"french2003",116
"gebhardt1999",116
"goldberg2006",193
"guelat1998",167
"guttmann2006",167
"jacobs2010",167
"kaplan1992",167
"kiden1991",167
"kiden2006",167
"langohr2001",167
"langohr1976",167
"macphail1994",97
"macphail2001",193
"macphail2004",193
"macphail2007",193
"madella2012",167
"madella2005",167
"matthews2010",167
"nicosia2012",116
"pape1966",167
"pieters1990",167
"romans1983",167
"simpson1998",167
"simpson2000",167
"simpson2005",946
"tys2010",116
"vandewalle1961",167
"vanes1980",167
"vanheeringen1995",167
"verhaeghe2005",116
"verhulst1978",167
"vrydaghs2004",167
"vrydaghs2007",167
"wood1978",167
"wouters2012",116
"sorensen2007",129
"tymorsdetektor2012",129
"watt2000a",128
"randsborg1994",129
"ulriksen2013",129
"randsborg2007",129
"portableantiquitiesscheme2012",129
"leethorp2008",171
"tainter1988",947
"hegmon2008",49
"vesteinsson2007",948
"vesteinsson2010",229
"mcgovern2009",49
"church2005",49
"trigg2009",949
"fredskild1991",49
"adderley2005",49
"adderley2006",950
"mcgovern2006",49
"perdikaris2007",50
"perdikaris2008",951
"karlsson2000",49
"mainland2005",49
"brewington2010",49
"meldgaard1986",49
"vesteinsson2004",49
"church2007",224
"arnalds1987",49
"sveinbjorndottir2010",49
"mcgovern1988",49
"arneborg2004",49
"berkes2000",49
"mcintosh2000",49
"vasey1996",49
"mikkelsen2008",49
"barlow1997",49
"patterson2010",49
"meeker2002",49
"oppenheimer2003",49
"ogilvie2009",952
"cantor2001",49
"mageroy1993",49
"gullov2008",953
"ogden2007",171
"yorkarchaeologicaltrust1998",280
"ackermann1999",954
"agren2007",955
"ambrosiani2008",956
"anundsen1985",957
"bill2010",87
"bird2008",958
"brogger1916",959
"carver1994",960
"challis2006",961
"chappell1986",962
"church2011",963
"cuslrg2013",964
"clark2009",965
"crutchley2010",966
"davis2000",967
"doneus2011",968
"doneus2013",969
"ekman1996",970
"ekman2009",279
"eliassen2009",279
"falck2013",279
"fleming1998",279
"gansum1997",279
"gansum2007",279
"gansum2008",110
"gansum2009",279
"gron1998",279
"hafsten1983",279
"hedeager1988",279
"henningsmoen1978",279
"hesnard2004",279
"hesse2010",279
"jerpasen1993",279
"jerpasen1996",279
"keller1993",279
"keller1994",279
"kierulf2012",279
"klakegg1991",279
"kokalj2011",279
"lambeck1995",279
"lambeck2010",279
"lisiecki2005",279
"mangerud2011",279
"mitrovica2010",279
"morhange2010",279
"myhre1994",175
"myhre1996",1
"myhre2013",279
"nhs2011",279
"nicolaysennde",279
"ostigard2009",279
"olesen2004",279
"otvos2000",279
"passe2001",279
"pirazzoli1991",279
"persson2008",279
"persson2011",279
"persson2012",279
"pirazzoli1996",279
"pugh2004",279
"risbol2009",279
"simpson2012",279
"solberg2003",95
"sorensen1999",279
"stabell1980",279
"stular2012",279
"tartaron2013",279
"trinks2007",161
"vestol2006",279
"vorren2008",279
"watts2001",279
"wehr1999",279
"westerdahl1996",279
"woodroffe2002",279
"abulafia2011",971
"angenendt2008",972
"armstrong2009",973
"arrhenius2011",120
"augenti2010",120
"battaglia2001",120
"behr2014",120
"museum2009",120
"bougard2008",120
"bowden2012",120
"broodbank2013",120
"mullerwille2007",120
"dietrich2012",120
"doherty1985",120
"ekelund1994",120
"gelichi2010",120
"gelichi2013",120
"gelichi2012",120
"henning2007",120
"henning2008",120
"herschend1992",120
"hill1997",120
"horden2000",120
"kelly2000",120
"kocabas2008",120
"lane2000",120
"lebecq2000",120
"liebeschuetz2000",120
"loveluck2005",120
"loveluck2007",146
"loveluck2012",120
"lowe2006",120
"maldonadoramirez2011",120
"marazzi2004",120
"marsawa2011",120
"mccormick1997",120
"mccormick2007",974
"mithen2011",120
"mullerwille2010",120
"nielsen1994",183
"dwyer1981",120
"maidin1996",120
"osullivan2013",120
"skre2012",120
"soderberg2004",120
"arbman1943",159
"barrett1991",4
"belk1988",44
"bruck2004",44
"carlsson1983",975
"devlin2007",148
"fowler2004",23
"eriksson2014",44
"gosden2004",127
"imer2011",44
"jones2005",128
"keynes1983",976
"king2004",44
"krause1966",44
"lemonnier2012",44
"maixner2005",128
"parkerpearson1999",152
"pearce2013",44
"linder2014",44
"stenberg2007",44
"stenberg2008",44
"akademiens2014",44
"thunmarknylen1983",44
"thunmarknylen1986",44
"thunmarknylen1998",37
"tolkien1954",44
"tollerton2011",44
"tsigaridasglorstad2012",977
"webmoor2008",95
"alberti2016",109
"ambrosiani1993",127
"aries1962",109
"bo1967",109
"backe1993",12
"bantelmann1955",109
"bloch1995",156
"brink2012",978
"brown2008",109
"bruck1999",156
"callow2006",979
"cannon2015",109
"capelle1987",156
"cuijpers1999",109
"dedet1990",109
"eriksen2010",95
"eriksen2015",156
"gamble2007",109
"gejvall1955",109
"gell1998",109
"gottlieb2004",109
"grindkasa2012",156
"haarnagel1979",169
"hamerow2006",203
"hamilakis2013",4
"hansen2006",109
"harris2010",109
"hausfater1984",109
"holck2008",109
"hrdy1992",109
"hrdy1999",109
"jones2010",109
"jorgensen2014",162
"kamp2001",109
"karsten1994",30
"kaul2003",21
"lally2011",109
"lally2008",109
"lancy2008",109
"lillehammer1989",109
"lillehammer2008",109
"lillehammer2011",109
"lunde2011",980
"menotti2014",109
"meskell2002",109
"mithen2000",109
"moore2009",109
"mundal1987",981
"mundal1988",982
"murphy2014",109
"naumann2012",109
"nielsen1987",109
"nielsen1986",983
"pentikainen1990",109
"renck2000",156
"roslund1990",109
"runge2009",109
"sawyer1992",984
"scheperhughes1992",109
"schlabow1953",109
"schutz2001",109
"sellevold1987",109
"sofaerderevenski2000",985
"tarlow2000",986
"toedter2001",109
"ucko1969",109
"viveirosdecastro2004",109
"welinder1998",987
"domeij1994",122
"domeij2004",22
"shetelig1944",122
"steuer1994",122
"tomasdotterjakobsson1992",122
"tilley1994",122
"verhulst1999",120
"wheatley1969",120
"wheatley1971",120
"wataghin2011",120
"wickham2012",120
"carver1993",120
"willemsen2010",120
"grimnesmal1985",19
"landnamabok1997",19
"andreeff2007",19
"andren1993",26
"andren1997",19
"arrhenius1970",126
"bardseth2009",19
"beck2010",19
"bell1992",988
"bertell2006",19
"blanton1995",19
"blier1987",156
"heyerdahllarsen1995",284
"bourdieu1977",95
"bradley2005",989
"brendalsmo1992",31
"carlie2006",203
"davidson1964",19
"davidson1968",19
"davidson1993",19
"decerteau1984",19
"eriksen2011",19
"feilberg1907",19
"fendin2006",19
"fredriksen2002",31
"gardela2011",135
"gennep1960",19
"geschwind2005",19
"graslund1969",19
"gurevic1969",19
"hagberg1937",206
"hallans1997",19
"heide2006",204
"herschend1997",110
"hillier1984",19
"holmquistolausson1990",47
"holmquistolausson1996",19
"holmqvist1961",19
"holmqvist1933",19
"johansson1993",19
"kaliff1997",154
"kjos2009",19
"komber1989",19
"kristensen2010",95
"kristoffersen2000",19
"kristoffersen1999",19
"kristoffersen2010",95
"lakoff1980",31
"lang1984",174
"larrington2007",19
"petersen1933",19
"ramqvist1992",156
"reynolds2009",135
"rodsrud2007",193
"ronne2008",19
"rundkvist2012",26
"sander1997",19
"schmidt1999",33
"skov2002",19
"soderberg2006",162
"solheim1965",19
"steinsland2005",23
"stutz2006",990
"stutz2008",19
"stutz2010",19
"trumbullnd",19
"tuan1977",19
"turner1967",19
"turner1977",269
"unwin2007",19
"unwin2009",19
"weibull1911",200
"weibull1918",19
"wilson1988",156
"wylie1985",19
"dansgaard1964",149
"eriksson2008",190
"fischer2007",190
"fuller2003",259
"hillson1996",190
"hoppe2003",190
"ingramnd",190
"aberg1987",132
"birck1986",190
"chenery2010",991
"muldner2005",190
"oneil1994",190
"polet2003",190
"privat2007",190
"richards1998",174
"schroeder2013",190
"sealy2001",202
"sealy1995",259
"vennemann2002",190
"voerkelius2010",255
"white1998",50
"lecolle1985",190
"levinson1987",259
"liden1995",190
"lykoudis2007",190
"mann2003",119
"moberg2005",992
"montgomery2005",259
"montgomery2010",103
"almgren1967",7
"ambrosiani1988",161
"ambrosiani1995",161
"ambrosiani1999",201
"arwidsson1989",204
"burenhult1984",42
"carcopino1984",42
"ermatinger2015",42
"guliaev2003",42
"hall2016",993
"hedenstiernajonson2018",42
"jones1968",96
"lancianind",42
"lindquist1978",994
"lindquist1984",42
"ringstedt1997",995
"roesdahl1992a",21
"sandberg1994",996
"selling1940",997
"stenberger1964",998
"whittaker2006",999
"carver2010",120
"yenikapi2008",120
"schulzedorrlamm1998",268
"baastrup2007",268
"baastrup2005",268
"haberstroh2008",268
"ramskou1950",268
"sovso2011",268
"ulriksen2003",268
"ulriksen2006",1000
"arrhenius1960",285
"behmblancke1973",128
"birkedalchristensen1991",128
"bode1998",128
"callmer1999",222
"carnapbornheim1997",128
"drescher1983",165
"fallgren2016",128
"feveile2014",210
"fiedel2011",128
"frick1993",128
"fuglesang1985",128
"gjedssobertelsen1991",128
"gjedssobertelsen1992",128
"haackolsen2005",128
"haldenby2010",128
"hedegaard1989",128
"hedegaard1992",128
"hellesolesen1992",128
"henriksen1998",128
"henriksen2002",128
"hines1997",31
"hoilundnielsen1984",128
"hoilundnielsen1991",230
"hoilundnielsen2011",128
"hoilundnielsen2006",127
"hardh2011",128
"johansen1992",128
"jouttijarvi2002",64
"klindtjensen1957",128
"lonborg1999",128
"madsen1990",128
"maixner2015",128
"mclean2007",128
"moesgaard2012",128
"moesgaard2008",128
"nerman1969",58
"reichstein1975",128
"sarauw2014",128
"schulzedorrlamm1986",128
"stromberg1961",1001
"trierchristiansen2017",128
"watt1991",1002
"wahlin2014",128
"zimmermann2015",128
"unmarknylen1981",1003
"bremen1975",1004
"tacitus2003",1005
"ambrosiani1985",161
"andersen2009",170
"andersson2008b",1006
"andren1991a",1007
"anglert2006",1008
"arne1937",1009
"arrhenius1986",1010
"artelius2008",1011
"biuw1992",1012
"bland1993",1013
"bradley2000",30
"price2008f",13
"back2009",127
"carlie1998",13
"ross1994",1014
"conti1999",13
"rosengren1997",13
"green1995",13
"hannestad1986",13
"hansen1989",13
"hansen1996",169
"hauck1984",1015
"ruprecht1992",13
"hellberg1967",13
"hjarthnerholdar2008",13
"holmqvist1972",13
"holmqvist1969",13
"hultgard1995",13
"ilkjaer1990",15
"jeppesen2004",168
"johansen1989",13
"johns1994",13
"jong2001",13
"jorgensen1994",128
"lamm1989",13
"lamm1999",13
"lindeblad2007",13
"lundqvist1997",203
"lundstrom1988",13
"milburn1989",13
"montanari2001",13
"mortensen1988",13
"myrberg2005",272
"nilsson1992",13
"nylen1988",13
"nasman1993",13
"ringtved1991",13
"sanden2001",13
"sawyer1985",13
"simek1993",22
"skovgaardpetersen1981",13
"price2008h",14
"staecker1999",135
"strid1993",13
"price2008i",13
"sorensen2008",13
"sorensen1985",13
"sorensen2000b",261
"savborg2003",13
"theuws2001",13
"thomsen1994",13
"thrane1987",13
"thrane1982",13
"vierck1981",36
"vikstrand1996",13
"wes1992",13
"widgren1998",13
"stiegemann1999",268
"wieczorek2000",268
"st1916",262
"croinin1997",262
"jezek2011",262
"macairt1983",1016
"schuldt2011",262
"scott1978",262
"byrne1973",262
"warner1997",262
"dunbabin2002",262
"kelly2011",262
"thiaw2011",262
"toch2000",262
"toch2014",262
"mikulcice1973",262
"machacek2013",262
"kenny1986",262
"kruse1995",262
"borkovsky1954",262
"graus1957",262
"davidson1992",1017
"hanuliak1995",262
"hope2010",262
"redknap2004",262
"hills1984",262
"hirst1985",1018
"forexample1997",262
"hall1978",262
"machacek2010",262
"kjellstrom2009",1019
"aalto2014",7
"ahola2014a",7
"bartlett1993",7
"brondsted1979",7
"buko2008",182
"fellowsjensen2008",7
"foote1970",108
"gravesbrown1996",7
"hall2007",7
"hannestad1970",7
"heininen2014",7
"ingstad1977",7
"jakobsen2015",7
"jansson1991",7
"kakonen1998",7
"konsa2008",7
"laakso2014",7
"lamm1928",7
"mcdonald2014",7
"moesgaard2011",7
"mohen1992",7
"nerman1958",7
"noonan1997",7
"pries2014",7
"rahtz1983",7
"richards2005",7
"rimbertnd",7
"roesdahl2012",7
"roslund2001",7
"sawyer1997",7
"schalin2014",7
"sindbaek2015",7
"stockmann2015",7
"talvio2014",7
"williams2013a",7
"winroth2014",7
"zak1963",7
"zak1967",7
"ulriksen2002",128
"hoilundnielsen1987",128
"barfod2016",1020
"callmer2001",1021
"christophersen2015",1022
"clark2007",46
"costin2001",1023
"cotton1933",1024
"dobres2000",240
"dobres2014",1025
"feveile2001c",230
"c2006a",1026
"feveile2008",1027
"flad2007",1028
"gebers2004",1029
"henderson2000",1030
"hodges2000",1031
"holback1999",1032
"hybel2007",1033
"jacobs2016",1034
"jankuhn1983",1035
"jennings2016",1036
"jervis2016",1037
"latham2009",1038
"latour2005",226
"leroigourhan1964",1039
"linaa2015",1040
"lonborg1992",1041
"lonborg1998",1042
"mainman2000",142
"neiss2012",1043
"oexle1992",1044
"oldeberg1966",1045
"orfanou2018",1046
"ottaway1970",1047
"parkinson2013",1048
"pirenne1927",286
"ramquist1992",286
"renfrew1994",286
"rimbert1961",286
"sage1984",286
"schortman2004",286
"smith2009",286
"smith2017",1049
"trigger1986",286
"ur2014",286
"voncarnapbornheim1996",286
"wailes1996",286
"wickham2009",1050
"wirth1938",286
"alberti2009",17
"andersson1997",17
"aspock2011",17
"effros2002",1051
"fahlander2008",1052
"fahlander2010",17
"fahlander2013",17
"fahlander2014",17
"gansum2004",153
"hastrup1985",1053
"hedjakobsson2011",17
"holback2016",17
"holbraad2010",1054
"holbraad2017",1055
"holloway2008",17
"klevnas2015",26
"klevnas2016",17
"kummel2005",17
"olsson2007",17
"orchard2003",1056
"orchard2004",1057
"perabo2017",1058
"runer2014",17
"salmond2014",1059
"stoklund2004",17
"tesch2015",17
"watts2013",17
"wickholm2008",17
"wikstrom2006",17
"williams1998",17
"williams2005",1060
"henning1992",262
"liebermann1903",262
"ludvikovsky1978",262
"campbell1998",262
"klaniczay1985",262
"mccormick2005",262
"obrien2005",262
"davies2010",262
"valante2000",262
"trestik2015",262
"kenny1987",262
"machacek2017",262
"aspock2008",134
"galuska2004",262
"galuska2015",262
"schuldt1960",262
"mcdonough1995",262
"klaniczay1953",262
"arwidsson1942",1061
"arwidsson1954",1062
"arwidsson1983",22
"behmblancke2003",12
"boeheimnd",12
"bohner1958",12
"brucemitford1975",1063
"chaney1970",12
"claessen1978",12
"colgrave1992",12
"cumontnd",12
"dagron2003",12
"ellmers1970",36
"erkens2002",12
"filmersankey1996",12
"frazernd",12
"funcken1977",12
"gage1988",12
"goodman1969",12
"hagen1992",12
"hanke2001",12
"harke1992",12
"hopetaylor1977",168
"johansen1932",12
"krausse1999",12
"latte1988",12
"lind2003",12
"mercer1929",12
"minkenberg2003",12
"ullerwille1970",12
"nielsen1996",12
"oconnor1989",1064
"pieper1989",12
"richards1992",12
"service1971",12
"siebert1999",12
"sten1988",149
"stepper2003",12
"steuer2004",12
"vadstrup1997",12
"devries1956",1065
"werner1986",12
"winkelman1996",12
"anthony1990",1066
"arnold1990",1067
"burmeister2000",138
"clarke1973",1068
"dennell1996",175
"haak2010",249
"james1999",148
"kohl1995",175
"kristiansen2017",1069
"richards1996",70
"schiffels2016",1070
"shennan2013",75
"trigger1984",175
"andersen2015",210
"andersen1984",210
"andersen2000",210
"andersen2001",210
"bolander2013",210
"borg1998",210
"feveile2016",210
"gabriel1988",210
"gross1993",210
"jacobsen2001",210
"jantzen1998",210
"kastholm2011",210
"klemensen2000",210
"knorr1938",210
"krabath2001",210
"madsen1999",210
"sabo2013",210
"skaarup2001",210
"jahrhundert1997",210
"skaarup2000",210
"timpel1987",210
"ulriksen2000",210
"voss1961",210
"wagnkilde1999",210
"wagnkilde1997",210
"beck2016",210
"bailey1984",76
"ballard2003",76
"bonacich1973",76
"bradley1988",76
"carey1997",76
"cohen1971",76
"collingwood1927",76
"curtin1984",76
"downham2009",243
"downham2010",76
"downham2012",76
"edmonds2009",76
"edmonds2014",76
"edwards1990",76
"freedman1960",76
"gibbons2003",76
"gourgouris2005",76
"griffiths2004",76
"james1978",76
"jesch2008",76
"johnson1999",76
"johnson2004",76
"lang1987",76
"levi2001",76
"markovits2002",76
"marstrander1916",76
"maxwell1998",76
"mcniven2003",76
"mcpherson1993",76
"murray2004",76
"nurse1985",76
"ocorrain1978",76
"ofloinn1987",76
"ofloinn1998",76
"oka2008",76
"omeara1982",76
"sheehan2001",1071
"sigurdsson2000",76
"smith1927",76
"stacey2007",76
"tan1979",76
"tan1993",76
"tsagarousianou2004",76
"wallace1987",76
"brink2006",13
"fabech2006",158
"herschend2006",71
"lindqvist1941",164
"sorensen1994b",124
"liden1996",13
"brink1996",124
"albrethsen1986",117
"amorosi1998",117
"arneborg2000",117
"barlow2001",117
"berglund1986",117
"bond1998",117
"brewington2007",117
"buckland1996",117
"buckland1991",117
"dawson2003",117
"dennis1993",117
"dugmore1991",117
"dugmore2006",117
"dugmore1994",1072
"edwards1982",117
"kristjansson1993",117
"krogh1974",117
"lynnerup2000",117
"lynnerup2003",117
"mairs2006",117
"mason1998",1073
"mayewski2002",117
"mcghee1984",260
"mcghee2002",117
"mcgovern1979",117
"bones1992",117
"thomas2001",117
"ogilvie2000",117
"olafsdottir2001",117
"perdikaris1999",117
"petersen2000",117
"schledermann2003",1074
"seaver1996",117
"simpson2001",117
"spufford2006",117
"sutherland2000",260
"vesteinsson2000",182
"androshchuk2005",37
"burstrom1990",14
"callmer2004",5
"christensen1981",1075
"christensen1997",287
"damsholt1984",1076
"dommasnes1979",175
"dommasnes1991",1077
"ellis1943",1078
"p2008",1079
"ewing2006",1080
"gardela2009",1081
"graslund1994",187
"gron1994",134
"harrington2007",1082
"smith2004",158
"holck2006",37
"ingstad1992",175
"jochens1996",1083
"jochens1998",34
"jorgensen2005",33
"larrington1999",1084
"lauritsen2003",134
"nordberg2002",206
"paulsen1956",99
"andersen1922",1085
"sellevold1984",157
"skaarup1976",114
"stalsberg1991",1086
"stalsberg2001",1087
"stylegar2007",114
"vangpetersen2005",134
"bolander2017",210
"henrikson2001",210
"henrikson2002",210
"jensen2011",210
"bakka1993",95
"bukkemoen2007",1088
"chapman1999",95
"barndon2006",1089
"gjerpe2007",95
"graslund1995",10
"hanisch2000",95
"howardjohnston1993",1090
"kristoffersen1985",95
"lie1992",95
"lowenborg2012",108
"magnus1983",95
"landbruk2008",95
"nielsen2007",169
"robin2002",95
"soma2006",95
"tringham1995",95
"valum2011",95
"ostigard2007",95
"anglert1989",110
"andersson2001",110
"berglund2017",1091
"brendalsmo2006",110
"christie1974",110
"ellingsen2012",140
"eidshaug2016",110
"forseth2017",110
"gronnesby1998",110
"guttormsen2002",110
"henriksen2007",110
"heaney1999",110
"herschend1998",124
"holmsen1976",110
"jensenius2010",110
"jensenius2018",1092
"mokkelbost2015",110
"nordeide2006",110
"rian1992",110
"roskaft2005",110
"sauvage2016",110
"skre1988",110
"steinsland1994",261
"nielsen2002",210
"aberg1995",1093
"blum2000",1094
"burton1999",1095
"frei2009",255
"grupe1997",89
"gustafsson2000",14
"horwitz1992",194
"jorkov2010",68
"knudson2004",138
"larsen2006",127
"pollard2011",259
"price1992",1096
"price1994",1097
"price1998",68
"price2007",1098
"yoder2010",68
"sugden1982",117
"vesteinsson2002",229
"bjorn1943",288
"dronke1969",288
"dronke1997",288
"einar1934",288
"ol1954",288
"bordarson1935",288
"faulkes1987",288
"jonsson1929",288
"jonsson1976",288
"palsson1972",288
"hollander2000",288
"hollander2002",288
"vesteinn2003",288
"wasko2006",288
"zaluskastromberg1973",288
"zaluskastromberg1986",288
"adolfsson1995",288
"carelli2006",288
"arne1941",288
"arrenhius1961",288
"backdanielsson2001",288
"baines1977",288
"gardela2025",288
"heggstad2006",288
"ingstad1995",288
"jesch1996",288
"kristjansson2007",288
"kempinski2003",288
"kiil1960",288
"kosman1989",288
"kyhlberg1980",1099
"mckinnell2000",288
"mcturknd",288
"monsen1969",288
"moszynski1967",288
"motz1996",288
"neustupny2001",288
"nordstrom2006",288
"raudvere2003",288
"renfrew2000",288
"resiheid2002",288
"ringquist1969",288
"wallis2000",288
"wallis2001",288
"wujewski1991",288
"arneborg2002",117
"edvardsson2004",117
"lynnerup2007",117
"scudder2001",156
"thorsdrapa1900",156
"sourcesalberti2009",156
"amundsen2014",156
"bruck2013",46
"carlie2004",156
"carsten1995",156
"cleasby1957",156
"gansum2003",156
"gerritsen1998",156
"herschend2003",219
"ingold2006",156
"kristiansen2013",156
"levistrauss1983",156
"renck2008",156
"risbolnielsen1995",156
"thomas2015",156
"williams2001",156
"andrews2006",17
"appelgren2007",17
"appleby2013",17
"aspeborg2007",17
"burenhult2002",17
"ersgard2006",17
"hallansstenholm2012a",17
"klevnas2013",17
"latour1999",17
"lundstrom2004",17
"mejsholm2009",1100
"montell1996",17
"nilssonstutz2003",135
"olausson1993",161
"olofsson2006",17
"salmond2012",17
"theliander2010",17
"vinberg2015",17
"wuopio2015",17
"skrede2005",1101
"glorstad2013",95
"helga2001",174
"andersen2002",1102
"sayer2009",68
"ynglingesaga1979",29
"alcock1991",29
"als2006",29
"barrett2001",74
"bjorgo1995",29
"blindheim1947",29
"blindheim1976",29
"blindheim1978",29
"blindheim1981",111
"bodal1998",29
"boe1934",29
"braathen1989",29
"callaway1987",29
"cessford1996",29
"crane2002",29
"damsholt2003",29
"demarrais1996",29
"enright1986",29
"etchingham2001",29
"fuglesang1972",29
"goodacre2005",8
"grahamcampbell1976",29
"grahamcampbell1983",29
"grahamcampbell1987",29
"gupta1992",29
"gustafson1900",29
"hall2004",1103
"hammerton2004",29
"harlow2004",29
"hedeager1998",29
"hedeager2005",154
"hedeager2007",29
"helgason2000",65
"helgason2001",70
"hougen2006",29
"janes1996",29
"jenkins1997",29
"johansen1973",172
"jondell1974",29
"kaland1995",29
"kertzner1988",29
"larsen2001a",224
"larsen1978",29
"levine2004",29
"macdermott1955",29
"magnus1975",29
"mahr1941",29
"malmius2003",29
"nieke1991",29
"nieke1988",29
"olsen2000",83
"paisley2004",29
"pedersen2010",4
"petersen1928",29
"ryste2005",23
"skibstedtklaesoe1999",29
"staecker2003",29
"stafford1998",29
"stenberger1958",204
"stevenson1974",29
"stevenson1987",29
"stevenson1989",29
"stoler2002",29
"sveaasandersen1977",29
"trenchjellicoe1999",29
"tsigaridasglorstad2010a",29
"vandommelen2002",29
"whitfield2001",29
"whitfield2004",29
"wilson1973",29
"nilsson2007",17
"hennius2008",252
"henriksen2003",252
"holme2000",252
"rundkvist2008",1104
"kristoffersen2009",95
"aqvist2006",219
"arrhenius1990",162
"bornaahlkvist1998",219
"carelli2001",64
"carlsson1979",219
"rasmusen1999",219
"dodgshon1980",219
"fallgren1993",219
"gothberg2000",219
"gurevich1992",219
"herschend1988",219
"hoff1984",219
"hoffman1975",219
"holst2004",225
"hvass1988",225
"jorgensen1987",219
"kaldalmikkelsen1999",219
"liedgren1997",219
"lillehammer1999",159
"olsen1997",175
"petersson2006",1105
"porsmose1988",183
"rasmussen1999",219
"riddersporre1995",219
"ringstad1991",219
"roberts1987",219
"selinge2001",219
"sundqvist2002",108
"thunmark1979",219
"allentoft2015",1106
"brather2004",201
"cabana2011",1107
"childe1929",146
"greenblatt2009",1108
"harrison2007",68
"lazaridis2014",191
"muller2001",1109
"patterson2012",191
"prescott2013",175
"price2004",74
"shennan1989",240
"skoglund2012",1110
"sigfusson1940",1111
"bjorn1943a",1112
"ol1934",1113
"kunz2001",1114
"larrington1991",1115
"tolkien1960",1116
"jakobsson2001",1117
"backdanielsson1968",1118
"carlsson1999",1119
"daviskimball2002",1120
"dieck1975",1121
"dillmann2006",1122
"dommasnes1978",1123
"davidson1972",1124
"davidson1996a",1125
"hedenstiernajonson2014",191
"hernaes1984",1126
"katrin2005",39
"kalinke1986",39
"eldjarn2000",37
"lokka2014",39
"majchczack1997",39
"nadolski1954",39
"pestell2013",104
"petersen1992",39
"sauckel2013",39
"samson1991",39
"straubhaar2002",39
"straubhaar2011",39
"strom1954",39
"svanberg2000",1127
"tolley2009",39
"riksantikvarieambetet2011",252
"henriksen2006a",252
"attar1990",255
"benson2006",255
"bergfjord2012",255
"frei2010a",255
"geus2004",255
"hald1950",255
"heier2009",255
"kohn1999",255
"mannering2011",255
"morita1986",255
"rosborg2003",255
"enright1996",1128
"albarella2004",290
"albarella2001",290
"degerbol1948",290
"dobney2001",290
"enghoff2005",290
"graslund2004",194
"hamiltondyer2002",290
"zmbochenski2001",290
"hatting1998",290
"lepiksaar1966",290
"makowiecki2001",290
"mlikovsky2005",290
"muller1974",290
"oggins2004",290
"prummel1997",290
"serjeantson2011",290
"tomek2000",290
"tyrberg2002",290
"vretemark2010",290
"knipper2017",1129
"arrhenius1973",226
"bennet1987",253
"blidmo1976",253
"blidmo1981",253
"bratt2009",291
"eraesko1965",253
"eriksson2004",253
"oxford1967",1130
"ferenius1971",253
"fischer2004",253
"fischer2005",253
"fischer2009",253
"fischer2008",187
"gronwall1995",253
"gronwall2009",253
"hauck1977",153
"herschend1974",253
"hoilund2000",253
"horsnaes2008",253
"jonsson1992",253
"kyhlberg1985",253
"kyhlberg1999",253
"lallemand1965",253
"lamm1973",187
"lamm1972",253
"stockholm1976",253
"lorren1995",253
"lotter2003",253
"lundstrom1972",253
"magnus2008",253
"ostergren1981",253
"ramqvist1983",253
"selirand1985",253
"sjovold1993",253
"stjernquist1994",253
"waller1996",1131
"eldjarn1948",235
"eldjarn1953",235
"gelsinger1981",248
"gragas1980",235
"grinderhansen2000",235
"gulatingslovi1937",235
"helle2001",235
"holt1998",1132
"johannesson1969",235
"jonsson1993",235
"olafsson1990",235
"risvaag2006",235
"soga1978",235
"soga1981",235
"soga1994",235
"williams2000",235
"ostergren1989",82
"fridriksson2000",1133
"keller2005",174
"artifact2000",174
"skovmann1942",174
"capelle1968",222
"grahamcampbell1990",243
"grahamcampbell1981",174
"lekberg2002",174
"stang1984",174
"blackburn1989",235
"haworth1990",235
"assmann1995",24
"bogucki2004",99
"duczko2000",100
"filipowiak1958",99
"filipowiak1992",99
"gorecki2002",99
"holtzmann1918",99
"jankuhn1934",99
"janocha1974",99
"janowski2009",99
"kara1991",99
"kola1946",99
"lowmianski1957",99
"morawiec1954",99
"nielsen1991",126
"rajewski1937",99
"ratajczyk2011",99
"rebkowski2011",99
"sikora2012",99
"schulte1918",99
"wojtkowiak2013",99
"zak1957",99
"duczko1996",1134
"hennius2007",1135
"jahrehorn2014",185
"peets2010",149
"storli2007",185
"boddington1996",1136
"geake1992",135
"hockart1938",1137
"sherlock1992",1138
"tomicka1975",287
"andersen1985",54
"mayor2014",1139
"regal2001",1140
"einarol1934",1141
"pedraza1991",221
"mcguire2009",221
"crowder2000",221
"reimers1999",221
"parle1995",221
"sjovold1917",221
"owen1994",221
"kobylinski1994",221
"halsall1996",221
"callow1995",221
"eldjarn1919",221
"townsend2000",174
"mytum2003a",174
"stummannhansen1996",174
"fanning2014",174
"larsen2000",174
"knudsen2007",174
"richards2007",249
"haugen1979",174
"saxogrammaticus1996",1142
"miller1997",1143
"ambrosiani1990",244
"barrett1997",45
"brogger1921",45
"bull1928",45
"hellan2014",45
"munch1962",45
"reitan2011",45
"resi1985",45
"rolfsen1977",45
"rundberget2007",172
"rygh1905",45
"rysstad1928",45
"skar1909",45
"sperber2004",45
"steinnes1926",1144
"wenn2017",45
"wenn2016",45
"wiker2013",45
"alexandersen1998",194
"behrensmeyer1978",35
"binford1981",194
"bliujiene2007",194
"bridault1992",194
"bronkramsey2013",177
"carlie2002",194
"carlie1993",194
"degrossimazzorin2002",194
"ewbank1964",194
"faulkes1995",194
"frei2013",194
"goodman1990",194
"grant1982",194
"graslund2002",108
"green1992",194
"grimm2008",194
"grimm2010",194
"prummel2008",194
"harris1931",194
"hatting1978",194
"hatting1985",194
"helmer1987",194
"henriksen2015",115
"hillson2000",194
"jennbert2006",26
"jorgensen2012",1145
"koudelkand",194
"kveiborg2013",194
"lauwerier2002",194
"legge1992",194
"loumand2006",194
"magnell2012",38
"may1985",194
"monikander2010",194
"morey2010",194
"morris2008",194
"nilsson2003",33
"nilsson2009",194
"noenygaard1990",35
"park1953",194
"payne1973",194
"primeau2012",194
"reimer2013",228
"reitz1999",194
"russell2012",194
"schanche2000",126
"scheuer2000",194
"schmid1972",194
"serjeantson1991",194
"shipman1984",194
"strom1985",194
"stuartmacadam1985",194
"ubelaker1989",194
"vanhaasteren1974",194
"vretemark1997",194
"referencesanderson2013",1146
"arundale1976",260
"arundale1981",1147
"ascough2005",1148
"ascough2006",1149
"ascough2007",1150
"ascough2009",1151
"ascough2014",1152
"austin2006",1153
"birgisson2013",1154
"bronkramsey2017",1155
"buonasera2015",1156
"coltrain2003",1157
"coulthard2010",52
"craig1957",52
"darwent2016",52
"dumond1987",52
"dumond2002",52
"einarsson2011",52
"fitzhugh1993",52
"fitzhugh2004",52
"friesen2016",52
"gronnow2017",52
"hajdas2014",52
"harritt1995",52
"smith2012",52
"smith2014",52
"smith2015",52
"smith2016",52
"heron2010",52
"holtved1944",52
"isaksson2010",52
"issenmen1997",52
"jull1996",52
"ledger2016",52
"linnamae1975",52
"mangerud1972",52
"mangerud2006",52
"maryrousseliere1976",52
"maryrousseliere1979",52
"mason1990",52
"mathiassen1927",52
"maxwell1973",220
"maxwell1980",260
"maxwell1985",260
"mccullough1989",220
"mcghee2000",220
"mcghee2009",52
"mcghee1976",52
"morrison1983",143
"morrison1989",148
"nilsen2017",52
"odess1996",52
"odess1998",220
"odess2004",260
"olsson1980",52
"ostergard2004",1158
"ostergard1999",52
"owen2002",52
"park1994",52
"park2004",260
"petterson2013",52
"possnert1997",52
"raghavan2014",191
"reimer2001",52
"rogers1998",260
"sabo1980",52
"sabo1978",260
"sayle2014",52
"sayle2016",52
"schledermann1978",52
"schledermann1980",220
"seersholm2016",52
"sinding2015",52
"sinding2017",52
"stuiver1986",52
"sutherland2002",260
"tauber1979",52
"taylor1995",52
"tremayne2016",52
"arrhenius2001",58
"magnus1997a",1159
"bjgrgo1969",58
"gjessing1929",58
"gjessing1934",1160
"glgrstad2010",58
"lillios1999",46
"magnus1999",58
"mannering2000",58
"munch1979",58
"nerman1975",58
"nylen1994",90
"petersen1905",165
"petersen1907",140
"ratke2006",58
"sjevold1974",58
"watt2004a",157
"williams1966",58
"aberg1924",58
"palsson1989",9
"nordal1933",1161
"adalbjarnarson1941",1162
"andrea2011",89
"arnold1980",89
"benstead2006",89
"bjorck1995",89
"craig2006",89
"delrio2005",89
"fogel1989",89
"fuller2004",89
"grupe1986",89
"habicht1985",89
"harbeck2009",89
"huhneosterloh1997",89
"husterplogmann2006",89
"imhof1977",89
"james1972",89
"jenkins2001",89
"konnor1980",89
"lemke2005",89
"marold2001",89
"jahrgang2002",89
"jonsson1944",39
"palsson1962",39
"arwidsson1986",39
"jorpeland2013",39
"bersu1966",37
"dickinson1992",189
"duczko1989",39
"dundes1992",39
"eniosova2009",39
"fuglesang1989",39
"gardela2017",39
"grinsell1973",39
"gustafson1906",39
"hansson1938",39
"henriksen2013",39
"hildebrandnda",39
"hjardar2012",39
"harke1990",39
"hardh1976",39
"jagodzinski2010",39
"kivikoski1946",39
"lorangendb",39
"makarov2017",39
"mannering2017",39
"meaney1981",39
"melin2001",39
"morck1900",39
"novikova1998",39
"olsson1986",39
"pestell2012",39
"petersen1917",39
"robb2001",39
"rudzinski2009",39
"ryghnd",39
"samdal1905",39
"schnittger1920",39
"simonsson1969",39
"stenberger1947",39
"stenberger1953",39
"stenberger1956",39
"thoren1994",39
"thunmarknylen2006",39
"wetzler2017",39
"stjerna1905",1163
"aanestad2015",65
"barrowman2011",65
"bond2016",65
"brundle2003",65
"carver2008",1164
"crawford1987",140
"dockrill2010",77
"forsyth2007",65
"gautier2016",65
"griffiths2010",243
"ritchie1977",148
"whitelock1979",181
"worsaaend",65
"arbman1933",274
"arbman1935",274
"grahamcampbell1992",243
"kleinglrtner2007",274
"nordin1990",274
"paulsen1937",274
"pedersen1996",1165
"sundkvist2001",274
"sturluson1993",274
"soderberg2007",274
"tesch1990",274
"tesch2007",1166
"stockholm2007",274
"askeberg1942",96
"metcalf2003",96
"hakon2008",3
"ohs1985",3
"baastrup2013",48
"church2013",3
"dugmore2010",1167
"golledge2003",3
"gronnesby2015",3
"klaesoe1997",3
"myhre2000",3
"owen2004",3
"purcell2015",180
"rockman2003",1168
"shetelig1927",3
"solli1996",75
"stenvik2001",140
"vandenoort2011",3
"weber1994",8
"weber1996",140
"westerdahl2015",3
"aiken1986",1169
"ambrosiani2000",1170
"carpelan1992",1171
"cassel2008",1172
"cleve1930",1173
"cleve1943",1174
"cleve1978",1175
"ross2001",136
"edgren1992",136
"edgren2001",136
"edgren2008",1176
"emberling1997",1177
"engman1991",136
"entwistle2000",136
"fahlander2007",136
"feldt2002",136
"gardell2001",136
"ginters1981",136
"ginters1984",136
"gosden2001",1178
"gustin2010",136
"gustin2015",136
"hagerman2006",136
"hall1990",131
"hall2010",136
"hardh1984",222
"holmquistolausson1993",161
"fuglesang1992",136
"hulthen1984",136
"hvoshchinskaja2004",136
"jaanusson1981",136
"jaanusson1993",136
"jansson1988",136
"jansson1990",136
"jansson1994",136
"jansson2000",265
"kaks1969",1179
"kapchan1999",136
"kivikoski1937",1180
"kivikoski1938",136
"kivikoski1951",136
"kivikoski1964",136
"kivikoski1969",136
"kivikoski1973",253
"krylasova2008",136
"valdemars1995",136
"kuzminych1996",136
"kyhlberg1973",136
"laulumaa2002",136
"lehtosalohilander1982",136
"lehtosalohilander1983",136
"lehtosalohilander1990",1181
"lehtosalohilander1992",136
"lehtosalohilander2000",1182
"ligi1993",1183
"lindstrom2003",136
"malarstedt1986",136
"markus1939",136
"meinander1957",136
"meinander1985",136
"pokrovskaja2001",1184
"selling1945",136
"selling1955",211
"sorensen1971",136
"svanbergskane1999",228
"taavitsainen1990",1185
"tarkiainen2008",136
"thalin1984",136
"uino1997",1186
"uino2006",1187
"wallerstrom2004",136
"wells1998",136
"wells1999",1188
"wiessner1989",276
"young1995",222
"wilson2009",243
"worrell2003",1189
"downham2017c",65
"baudou1963",274
"andersson2006",202
"bjerstaf2002",14
"brorsson1998",14
"carlsson1976",14
"carlsson2008",138
"clarke1993",14
"dahlstrom2000",14
"fallgren1994",1190
"gotfredsen2011",14
"kidd1980",14
"grandin2000",14
"gustafsson2009",14
"gustafsson2007",14
"hawthorne1979",1191
"hellqvist2011",14
"hjartnerholdar1999",14
"hoven1991",14
"huttu1996",14
"jakobsson1996",14
"jouttijarvi2005",201
"kirpichnikov2004",165
"lindeblad1996",14
"peets2003",14
"pettersson2005",40
"schmidt1977",170
"schvindtnd",14
"soderberg2011",14
"soderberg2002",234
"thomsen2005",201
"wellinder2004",14
"aberg2006",14
"aspinall2011",228
"baker2013",146
"bronkramsey2009",228
"brown2014",228
"hojdemodel2007",228
"dobat2009",228
"donat2000",228
"gaffney2003",228
"henning2002",228
"herold2012",228
"jacobsson1999",228
"jensen1988",228
"olesen2000",228
"olsen1999",228
"rindel2002",228
"roesdahl2002",228
"svanberg1999",228
"ulriksen1993",228
"abramson2016",180
"ager2014",146
"archibald2007",145
"baker2011",146
"blackburn1998",146
"blair2013",146
"booth1983",104
"brookes2013",146
"cameron1998",146
"cameron2010",146
"daubney2016",146
"dobat2017",1192
"edwards1991",180
"everson2007",146
"haldenby2016",104
"johnson2002",146
"langdon1993",146
"leonard2015",146
"loveluck1996",146
"macgregor2009",146
"mcleod2006",180
"metcalf1960",146
"pagan1986",112
"richards1999",146
"richards2004",146
"richards2013",104
"richards2016",104
"rogers1993",104
"steedman1994",146
"stevenson1904",146
"bakka1983",3
"aguilar1986",1193
"bill2007",1194
"caldwell2014",1195
"carwardine1995",1196
"clark1947",1197
"dahl2003",1198
"espinoza1992",1199
"gardiner1997",1200
"haahrkristiansen1997",1201
"hallen1994",1202
"henriksen2009",1203
"holm2012",188
"isaksen2012",1204
"karlsson2016",1205
"kjermichaelsen1992",1206
"kristensen2007",1207
"laist2017",1208
"lowenstein1993",62
"lundkoksvik2010",62
"lundkoksvik2013",62
"lundqvist1986",62
"mclees1990",62
"mulville2002",62
"nasman1990",62
"nelson1969",62
"nilsen2014",62
"nordahl2001",183
"petersen1914",62
"riddler2014",62
"sandberg1983",62
"seiler2001",62
"sjovold1966",62
"skomsvoll2012",62
"solberg2007",62
"stauch1994",62
"stylegar2005",83
"svanberg2008",62
"szabo2008",62
"teixeira2014",62
"wickler2012",62
"arne1934",1209
"arwidsson1977",155
"graslund2008a",187
"lindqvist1934",187
"lloydsmith2002",187
"madsen1996",187
"schulzedorrlamm2010",187
"schonback1957",187
"schonback2002",187
"hansen2008",1210
"sawyer1962",226
"gould1903",180
"biddle1992",112
"sawyer1998",283
"ulmschneider2000",180
"blackburn2011",142
"blackburn1994",180
"blackburn2001",50
"blackburn2007",142
"williams2007",142
"stocker2000",63
"foster1924",180
"oswald1937",180
"pelteret1980",180
"pettersson2009",180
"pirie1997",180
"richards2009",146
"riley1995",180
"rowe2008",63
"rowlandson2005",180
"russell2014",180
"sheehan2014",180
"stafford1980",180
"stein2012",180
"stein2013",180
"stein2000",104
"whitwell1992",180
"williams2002",1211
"hurley2014",180
"abulughod1981",1212
"adger2009",1213
"alexandre1976",1214
"alexandre1987",1215
"ahdr2004",51
"ahdr2015",51
"arendt1958",51
"arnalds1992",51
"arneborg2008",51
"batt2015",51
"bell1978",51
"bergthorsson1967",51
"bergthorsson1969",51
"blondal1999",51
"bradley1992",51
"bradley2016",51
"brazdil1995",51
"brazdil2005",51
"boulhosa2012",51
"campbell2016",51
"camenisch2016",51
"casely2007",51
"crumley2007",51
"demaree2001",51
"diaz2011",51
"dickson1988",51
"dugmore2005",51
"dugmore2013",51
"dugmore2014",51
"einarsson1994",1216
"garciaherrera2008",51
"gragas2001",51
"gudmundsson1997",51
"gudmundsson2008",51
"hambrecht2015",51
"harrison2013",51
"hartman2015",51
"hartman2016",51
"halldorsson1978",51
"henriksen1995",51
"hoffmann2014",51
"holtsmark1956",51
"hreinsson1997",51
"ingimundarson1995",51
"ingimundarson2010",51
"ingimundarson1998",51
"ingram1978",51
"ingram1981",51
"johannesson1956",51
"johannesson1974",51
"johannesson1928",51
"jones2008",83
"jones2004",51
"jones2001",106
"jonsbok2004",51
"kristjansson1980",51
"kirkbride2008",51
"lamb1965",51
"larsen1917",51
"royladurie1972",51
"ludlow2010",51
"luterbacher2016",51
"martinvide1995",51
"mauelshagen2014",51
"mcgovern2013",51
"mcgovern2014",51
"mcturk2004",1217
"miles2014",51
"ogilvie1982",51
"ogilvie1984",51
"ogilvie1986",51
"ogilvie1991",51
"ogilvie1992",51
"ogilvie1998",51
"ogilvie2001",51
"ogilvie2005",51
"ogilvie2008",51
"ogilvie1997",51
"pfister1992",51
"pfister1998",51
"pfister1999",51
"pfister2017",51
"pribyl2012",51
"serreze2015",51
"sigurdsson2004",51
"smiarowski2014",51
"smiarowski2017",51
"stern2000",51
"stine1994",51
"stormnd",51
"stora2005",51
"streeter2012",51
"streeter2014",51
"mcgrew1970",51
"teitsson1975",51
"thorarinsson1956",51
"thorarinsson1958",51
"thorarinsson1967",51
"thordarson1993",51
"thordarson2007",51
"thorlaksson1991",51
"thoroddsen1914",51
"thoroddsen1919",51
"thorsteinsson1989",51
"vanengelen2001",51
"vasey2001",51
"vesteinsson2005",51
"vilmundarson1972",51
"waters2016",51
"wheeler2006",51
"young2015",51
"arne1911",136
"arbman1955",136
"callmer2000",1218
"bhabha2004a",1219
"alper2003",1220
"arbman1939",161
"asmus2012",1221
"bagge2009",1222
"bartels2008",1223
"bartlett1996",1224
"baumgartner2013",1225
"birkebaek1992",1226
"bolton2009",101
"bompaire1997",101
"brather2010",101
"callmer1994",166
"carelli2012",101
"christensen2000",101
"dobat2008",26
"drjacobsen1942",101
"eisenschmidt2003",101
"filipowiak2008",101
"gelting2007",101
"gilomen2014",101
"grahamcampbell1991a",101
"hatz1974",101
"hauptmeyer1997",101
"henricson2006",101
"herrmann1994",101
"hilberg2009b",48
"hilberg2010",48
"hinton2008",101
"hodges2008",101
"hofmann1984",101
"hybel2013",101
"ilisch1988",101
"jankuhn1937",100
"jonsson1989",101
"juraske2010",101
"kalmring2010e",161
"keller2008",101
"klappauf2011",101
"klappauf2008",101
"leimus2007",101
"loveluck2013",101
"ludtke1985",101
"ludtke2013",101
"lund1991",200
"makeler2005",101
"metcalf1998",101
"meyer1998",101
"moesgaard2006",101
"noonan1994",101
"radtke2002",101
"roesdahl2006",200
"rundberg2000",101
"sawyer2013",101
"sawyer2002",101
"scheel1940",101
"schledermann1966",101
"schwantes1932",101
"gratuze2011",101
"sindbaek2012",1227
"spuford1988",101
"steppuhn1998",1228
"stieldorf2012",101
"stoklund2000",101
"tummuscheit2010",101
"verhulst2000",101
"wehner2007",101
"wiechmann2002",101
"williams1997",101
"olsen1945",187
"aberg1953",189
"skouhansen2008",187
"norr2008",187
"alqahtani2010",103
"askvik2009",103
"bankier2006",103
"batey2013",103
"beaumont2013",103
"bonsall2009",103
"butler1993",103
"curtissummers2014",103
"fowler2010",31
"greaves2011",103
"halpin2008",1229
"harris2016",103
"harris2012",103
"mcguire2010",103
"muldner2009",103
"nissan1999",103
"reimann2012",103
"robb2013",103
"welander1987",103
"avdusin1988",40
"clarke1985",40
"crane1999",40
"galton1971",40
"kjellberg1946",40
"krogh2007",1230
"lethlarsen1991",40
"lonborg1994",40
"monteliusnd",40
"martensson1970",40
"possnert2015",40
"soderberg1999",40
"warnke1987",40
"hadley2015",180
"brooks1987",180
"wessexarchaeology1997",180
"bailey1980",36
"dunwell1995",74
"evison1969",147
"geake2003",31
"lang1976",143
"richards2003",1231
"solberg1985",218
"vandenoort1993",199
"walsh1998",21
"kjellberg1947",40
"bakhtin1984",280
"cohen1995",280
"crang1994",280
"edensor1998",280
"fowler1992",280
"graver1999",280
"hewison1987",280
"koivusalo1998",280
"littrell1993",280
"maccannell1976",280
"macdonald1997",280
"mccaulay1999",280
"meethan1996",280
"mordue1998",280
"robb1998",280
"shurmersmith1994",280
"silver1988",280
"urry1990",280
"vestfold1998",280
"watson1994",280
"walsh1992",151
"wright1985",280
"bohner1991",154
"brown1988",154
"bruck2006",31
"bynum2001",154
"davidson1978",154
"dedekam1925",154
"flores1996",154
"gaimster1998",154
"geary1978",154
"glosecki2000",154
"hardh2004",154
"haselof1956",154
"haselof1970",154
"haselof1981",154
"haselof1984",154
"hoilundnielsen2002",154
"ingold1994",154
"ingold2000",23
"jakobsson1999",154
"jakobsson2003",153
"jones1998",24
"kalif1997",154
"kristofersen2000",154
"lindstrom2001",154
"magnus2001",1232
"magnus2002",154
"mansrud2008",154
"meskell2003",154
"morris1991",154
"mullernd",154
"mundal1974",154
"oestigaard1999",154
"oestigaard2000",154
"orchard2002",154
"raudvere2001",154
"roe1995",154
"roth1979",154
"sofaer2006",154
"speake1980",1233
"steenstrpnd",154
"pollard2009",150
"pritsak1970",150
"hughes1995",280
"barnes2012",246
"christensen1969",246
"fridell2011",246
"fuglesang1991",164
"glob1969",1234
"graslund1998",246
"imer2009",246
"jacobsen1932",246
"jacobsen1935",246
"kallstrom2007",246
"cour1951",54
"lerchenielse1993",246
"lund2014",246
"moltke1952",246
"moltke1985",200
"nielsen1969",246
"oebynielsen2007",246
"snaedal1985",246
"stoklund1991",21
"stoklund1994",246
"stoklund2005",246
"stoklund2006",246
"stoklund2010",246
"m2005",246
"storm1977",1235
"bengtsson1954",280
"maccannell1992",280
"yorkarchaeologicaltrust1984",280
"bekpedersen2007",1236
"dennis1980",1237
"dennis2002",1238
"larusson1967",229
"lucas2009",182
"meulengrachtsorensen1983",1239
"robertsdottir2008",179
"sveinbjarnardottir2012",224
"arbman1941",191
"backstreurom2016",191
"briggs2007",191
"brothwell1981",191
"brotherton2007",191
"buikstra1994",149
"cassidy2016",191
"durand2011",191
"eriksson2016",191
"gamba2014",191
"green2008",191
"vanhamel1934",191
"helgessonarcini1996",191
"keller2012",191
"kircher2012",191
"lampa2013",191
"lindstreurom2011",191
"malmstreurom2009",191
"meindl1989",191
"meyer2010",191
"omrak2016",191
"oras2016",149
"salmela2011",191
"sawyer2012",191
"skoglund2013",191
"skoglund2014",191
"slovak2011",191
"steinsland2011",191
"stolpend",191
"thalinbergman1986",191
"vanoven2009",191
"vianello2013",191
"wilhelmson2015",191
"yang1998",191
"crawford1999",159
"hedenstiernajonson2000",161
"jansson1980",159
"kanvall1995",1240
"kjellstrom2005",149
"kjellstrom1995",159
"nordstrom2007",38
"rimbert1986",159
"wikborg2007",159
"anderson1909",2
"annalsofclonmacnoisend",2
"blindheim1984",2
"bourke2010",2
"brink2007",137
"carroll1995",2
"hennessynd",2
"coffey1909",2
"connolly1987",2
"crawford1923",1241
"danielsson2015",26
"farbregd1979",140
"forte2005",140
"gerace2014",2
"gyllensvard2004",2
"hagland2008",140
"hall2015",2
"haseloff1990",2
"hedeager2015",2
"henry1965",2
"holtsmark1989",2
"jesch2001",1242
"jesch2006",1243
"kelly1993",2
"lamn2004",2
"lowe2007",2
"lucas1967",2
"lucas1973",2
"lucas1986",2
"magnus1932",2
"mullarkey2014",2
"murray2012",2
"murray2014",2
"murray2015",2
"murray2016",2
"nordvig2013",2
"carragain2010",2
"odonoghue2011",2
"floinn1989",140
"floinn2013",2
"floinn2015",2
"omeadhra1988",2
"ohrn2015",2
"quast2012",2
"rosedahl1992",2
"ryan1989",1244
"ryan1998",2
"solli2013",2
"watt2005",2
"watt2011",2
"youngs1989",140
"andersen2004",48
"ashby2009",8
"bakka1965",140
"blindheim1977",140
"budd2004",138
"boe1926",140
"corrain1972",140
"christophersen1989",201
"de1995",140
"etting2013",140
"fagerland2008",140
"gaimster1991",140
"gronnesby2012",140
"haseloff1979",140
"haseloff1987",140
"heenpettersen2013",140
"helle1991",140
"herje1989",140
"herstad2012",140
"hunter2008",201
"jatten2006",140
"martens1994",140
"ofloinn1989",140
"redmond2007",112
"resi2005",140
"roskaft2003",140
"shepherd1985",140
"skinner2012",140
"skjevik1997",140
"sorheim2010",140
"stenvik1994",140
"trotzig1984",140
"trotzig1991",140
"wilson1965",147
"paulsen1933",100
"steuer1962",100
"filipowiak1988",100
"betz1973",164
"bottgerniedenzu1982",164
"buisson1976",164
"eldjarn1956",200
"hagen1950",164
"janowski2006",164
"kjaerum1990",134
"stoodley2000",1245
"meskell1999",159
"andresen2010",106
"baker2015",106
"berglund2003",106
"blackford1991",106
"bond2001",106
"bond1997",106
"bradley1992a",106
"bradley1993",4
"conroy2008",106
"cui2013",106
"lorenzo2010",106
"lorenzo2008",106
"eiriksson2006",106
"faust2016",106
"folland2009",106
"grauel2013",106
"gray2010",106
"haldon2016",106
"hass1996",106
"helama2009",106
"hurrell1995",106
"hurrell2010",106
"isono2009",106
"jones2014",106
"krawczyk2010",106
"lamb1982",106
"lamb1985",106
"larsen2008",106
"li2016",106
"ljungqvist2010",106
"mcdermott2001",106
"moy2002",106
"neukom2014",106
"oliva2012",106
"randsborg1991",106
"reimann2011",106
"ribeiro2012",106
"rudaya2016",106
"ruizfernandez2016",106
"scafetta2012",106
"swierczynski2012",106
"ulgen2012",106
"vanloon1978",106
"wanner2008",106
"wanner2001",106
"wanner2011",106
"yan2011",106
"zhong2014",106
"magnus2004",2
"sogness1988",140
"haithabu2003",166
"coupland1989",166
"coupland2016",166
"duczko1997",100
"helmbrecht2004",166
"hoilund1986",166
"hoilund2014",166
"holst1958",166
"jorgensen1990",165
"jorgensen1997",166
"laurent1978",166
"lebecq1986",166
"radtke1981",166
"schlesinger1972",166
"schneeweiss2010",166
"shepard2014",166
"shepard1989",166
"staats1974",166
"story2003",166
"andersen2012",177
"berglund1982",177
"bican2007",177
"bican1907",177
"biltz1969",177
"broholm1946",177
"broholm1949",177
"christensen2006",183
"dillehay1997",177
"dix1982",177
"garfinkel1987",177
"harrington2000",177
"houmarknielsen1991",177
"hoy1995",177
"jensen2002",177
"jons1993",177
"jorgensen2013",177
"kjaer1928",177
"knoll2013",177
"larsen2012",50
"nielsen1967",177
"petersen1971",177
"schuster2000",177
"seir2013",177
"steensberg1974",177
"thrane1979",177
"uschmann2006",177
"williams2004",177
"duczko2007",100
"losinski1997",100
"jagodzinski2008",100
"bately1980",100
"bately2009",1246
"gaerte1929",100
"engel1931",100
"engel1935",100
"tischler1902",100
"bezzenberger1904",100
"androshchuk2008",100
"jagodzinski2012",100
"cnotliwy2013",100
"ehrlich1932",100
"ambrosiani1994",230
"arbman1958",100
"carlsson1988",100
"jankuhn1943",179
"klim1979",100
"steuer1979",100
"arbman1993",62
"berggren2004",62
"bergstrom1941",62
"bjorck2008",62
"broberg1990",62
"egenberg2003",62
"fetisov2008",62
"frostne2002",62
"hennius2016",62
"hennius2005",188
"heron1989",62
"hiorth1908",62
"hjulstrom2006",62
"hvid2016",62
"karlsson2002",62
"konsa2013",62
"kupiec2015",62
"kurzweil1998",62
"landin2002",62
"lindeblad1994",62
"lindstrom2014",62
"magnusson1986",85
"neveus1974",62
"persson1994",62
"ravn2016",62
"stahre2012",62
"svenssonhennius2017",62
"villstrand1996",62
"albrectsen1976",131
"andren1998",82
"behre1983",1247
"bican2010",162
"fabricius2009",131
"hermansen1938",131
"hjelmqvist1993",131
"janushevich1979",131
"kenward1995",1248
"koch2003",131
"mikkelsen1949",131
"moltsen1998",131
"ocete2015",131
"petrini2015",131
"schiemann1953",131
"shanahan2015",131
"sherratt2008",131
"smith1990",131
"stummer1911",131
"troelssmith1953",131
"wamers2016",131
"winroth2012",131
"schietzel1985",127
"pilo2008",127
"androshchuk2004a",127
"fabech2009",127
"sanmark2004",205
"ahnlund1926",127
"ambrosiani1992",127
"ambrosiani1996",127
"andren1985",127
"edgren1995",265
"franklin1996",1249
"garizpanov2008",127
"gustin1990",127
"johansen2003",83
"malmer1989",127
"noonan1991",127
"polanyi1978",127
"ros2001",127
"rosberg2009",127
"schorske1998",127
"reimer2004",62
"svensson2007a",91
"hilczerowna2037",100
"losinski1995",100
"vonzurmuhlen1940",100
"labuda1961",100
"orosiusnd",100
"andersen2008",170
"bandholm2012",170
"carstens2011",170
"christiansen1999",170
"christiansen2005",170
"dyggve1955",170
"hollstein1980",170
"holmsgaard1999",170
"hvass1998",170
"krogh1993",170
"lemm2011",33
"lindblom2011",170
"lindblom2012",170
"mullerwille1991",170
"trillmich1970",170
"fanning1937",179
"saga1943",179
"kunz2008",179
"dasentnd",179
"andersson2002",234
"armbruster2002",179
"bihrer2012",179
"christensen1985",179
"claughton2011",179
"dekowna1990",179
"osk2009",179
"elvestad1998",179
"fanning1990",179
"hagg2002",1250
"helberg1993",179
"hepp2007",179
"hilberg2007",179
"hingst1955",179
"kleingartner2007",222
"mehler2003",179
"molaug2010",179
"mullerwille1968",179
"noonan2000",179
"olsen2004",179
"pestell2011",179
"pierce2009",50
"reichstein1984",179
"roberts2008",179
"englert2007b",179
"scheel1930",179
"simek2007",179
"sode2004",179
"sode2002",179
"sorheim2004",179
"stumpel1983",179
"jakobsson2009",179
"tweddle1999",179
"vogel1983",179
"warmlander2010",179
"wedepohl2003",179
"zori2010",220
"magnusson1966",179
"jessen1958",166
"hoilundnielsen1986",166
"norgardjorgensen1999",21
"neuefischer2014",166
"siemen1990",166
"spiong2000",166
"thuno2002",166
"williams1999",166
"bemmann1998",169
"besteman1999",169
"bjork1957",169
"brandt1996",169
"brink1997",1251
"carnapbornheim1996",169
"egeberghansen1988",169
"egeberghansen1996",169
"ethelberg2000",169
"ringtved1989",169
"fabech1992",169
"fenger1971",169
"hedeager1990",183
"helgesson2008",169
"hoilundnielsen2005",169
"hoilundnielsen1993",169
"hvass1986",169
"jarlhansen1988",169
"jessen2008",169
"jorgensen1988",240
"jorgensen1996",21
"kopytof1986",169
"lund1996",169
"lundhansen1995",169
"madsen1995",162
"mauritsen2009",169
"mikkelsen1990",169
"mortensen1988a",169
"mortensen1991",169
"murray1983",260
"nasman1988",238
"nasman1997",169
"norbach1998",172
"norgardjorgensen1996",169
"rasmussen1995",169
"reuter1997",169
"ringtved1986",169
"ringtved1998",169
"sjoholm1988",169
"steuer1982",169
"tacitus1999",169
"ulriksen1989",178
"wenskus1961",1252
"zimmermann2005",169
"bjork1982",170
"christensen1983",1253
"christiansen1995",225
"christiansen1996",1254
"fenger1991",238
"fokkens1998",225
"jorgensen1940",225
"back1997",201
"polanyi1963",264
"tummuscheit2003",230
"vestergaard1991",226
"lysehansen2000",179
"olausson2002",47
"palliser2000",87
"hodder2003",127
"hojbjerg2006",127
"aarseth1982",1255
"arge1991",1256
"arge2006",1257
"arge2005",1258
"arge2009",1259
"arnalds1997",1260
"bertelsen1985",1261
"bertelsen1998",1262
"buckland2008",1263
"butler2006",1264
"christiansen1990",1265
"christiansen1991",1266
"christiansen1987",1267
"dennis2000",1268
"dugmore2000",229
"dumezil1973",1269
"edvardsson2005",1270
"einarsson1963",1271
"einarsson2002",1272
"fagan2000",1273
"fjaervoll1961",1274
"fredskild1973",1275
"fridriksson1994",77
"gerrard1991",1276
"gjerland2009",182
"gronvold1995",50
"grove1988",1277
"gudmundsson2001",1278
"gudmundsson2004",118
"guttormsen1994",118
"halstead1998",118
"harris1988",118
"hambrecht2006",118
"hansen1990",118
"hastrup1989",118
"hermannsson1929",118
"hitzler1979",118
"hjalmarsson1993",118
"holling2002",118
"joensen1976",118
"joensen1980",118
"keller1989",1279
"keller1990",118
"konstam2004",118
"kristjansdottir2004",1280
"krivogorskaya2005",118
"lageras2007",118
"lambin2005",118
"lawson2006",118
"mcgovern1980",1281
"mcgovern1981",229
"mcgovern1986",118
"mcgovern1994",1282
"mahler1989",118
"mahler1988",118
"mahler1991",118
"mahler1990",118
"mairs2007",118
"marcus1980",118
"e2003",118
"noonan1998",118
"nordal1952",118
"nordal1954",118
"norrevang1970",118
"olsen1928",118
"olasson1998",118
"perdikaris1998",118
"perdikaris2005",118
"rieck2002",118
"sanmark2002",1283
"schofield2007",118
"simpson2003",118
"skardi1970",118
"sveinbjarnardottir1990",118
"sveinbjarnardottir2007",118
"sveinbjarnardottir2008",118
"thomson2003",118
"thomson2005",118
"thomson2007a",118
"vesteinsson2001",118
"wubsmrozewicz2008",118
"thorarinsson1970",118
"aarsleff2005",292
"almgren1955",165
"ambrosiani2002",201
"anglert1999",292
"anglert2001",292
"arrhenius1992",292
"eriksson2001",292
"gjosteinresi1979",292
"gramstorp2000",292
"gustafsson1968",292
"gustin1999",292
"hardh2007",142
"vonheijne2004",226
"helgesson1999",292
"herschend1989",226
"hjarthnerholdar2002",1284
"horby1988",292
"jansson1978",292
"johanssonherven2001",292
"kresten2001",292
"klnm1999",292
"lennartsson1997",292
"malmer2002",292
"metcalf1996",226
"mikhailov2007",292
"mogren2005",292
"noonan1984",212
"riddersporre1998",292
"ringqvist1968",292
"rispling2004",212
"salminen2001",292
"samuelsson2001",292
"schulke2008",292
"serning1956",126
"silvegren1999",292
"sindbaek2001",1285
"skibstedklaeso1997",292
"steineke2005",292
"stenholm1976",292
"stjernquist1995",292
"svanberg1998",222
"svensson2001",292
"tegner1999",292
"tegner2005",292
"thilderqvist2000",292
"thun1967",292
"wamers1984",176
"westergren1986",292
"dumvillend",141
"rau1977",141
"ager2011",141
"besteman2009",141
"coupland2006",141
"dijkstra2009",141
"grieg1929",141
"kilger2007",141
"knol1998",141
"knol2005",141
"knol2010",141
"sheehan2000",141
"sheehan2011",141
"others1971",141
"woltering2000",141
"woolf1990",141
"cook1965",179
"westness1980",74
"ahrens2001",168
"chronicon2001",168
"dyggve1942",168
"harck2006",168
"wesse2006",1286
"janssen2004",168
"mcneill2004",168
"chr2009",168
"klemensen2001",168
"krogh1981",168
"lethlarsen2007",168
"madsen1985",168
"mcguire2008",168
"petersen1909",168
"staecker2005",168
"trap1964",200
"sicking2008",118
"woltering2002",141
"sawyer1971a",104
"eriksen2001",175
"davidson1979",217
"hoekstra1940",217
"rau1972",217
"rives1985",217
"south1932",217
"bantelmann2003",217
"besteman1997",217
"boeles1915",217
"borchling1938",217
"bregman1998",217
"ijssennagger2009",217
"jons2013",217
"meier2003",217
"milis1998",217
"nijdam2008",217
"pritsak1981",217
"schokker2008",217
"siems1980",217
"smyth1977",217
"springer2003",217
"theuws2009",217
"vries2007",217
"wood2001",217
"broadberry2010",181
"durkin2014",181
"fenner2005",181
"fox1943",181
"hellenthal2014",289
"insley1994",181
"johnston2014",181
"loveluck2011",181
"royrvik2010",181
"samuels1989",181
"thomas2006",222
"townend2002",181
"binns1988",293
"bjerve1980",293
"bjorgo1982",293
"bratrein1984",293
"bratrein1989",293
"bull1920",293
"carstairs1980",293
"eithun1994",1287
"ekrem2006",91
"falkanger2007",293
"fugelsoy1970",293
"gansum2000",293
"grimm2004",293
"hobaek2013",293
"hodne1976",293
"holmback1943a",293
"indrebo1935",293
"iversen2014",293
"iversen2007",183
"jansen1943",293
"johansen1977",293
"hauge2007",293
"lillehammer1994",293
"lund1955",293
"lund1959",293
"lund1965",293
"loken2001",293
"nicolaysenndh",293
"norbergschulz1980",293
"olsen2005",238
"olsen2013",293
"patterson2005",293
"relph1976",293
"room2005",293
"schutte1933",293
"seip1934",293
"sjovold1962",293
"sjovold1971",293
"solberg2002",293
"storli2000",238
"stormnda",293
"stormndb",1288
"strom2007",293
"taranger1915",293
"tuan1974",293
"urbanczyk1992",238
"vesteinsson2013",293
"odegaard2013",293
"ahlkvist2002",291
"bardseth2007",291
"carlie1999",291
"diinhoff2011",291
"edblom2004",291
"ericsson2001",291
"kalmar1991",291
"eriksson1993",291
"frolund2007",189
"gjerdaker2001",291
"gjerpe2012",291
"gollwizer2012",291
"helgesson2002",1289
"hobaek2008",291
"bergen2009",291
"oslo1997",291
"kleven2001",291
"loken1996",291
"martens2007",291
"myhre1972",291
"olsen1926",291
"pedersen1990",291
"petersson2010",291
"reiss1994",291
"reitan2009",291
"reynolds1999",291
"robberstad1967",291
"rosener1995",291
"skre1997",291
"streiffert2005",291
"sorrusten2012",291
"tacitus2001",291
"wasberg1970",291
"odegaard2008",291
"oslo1991",291
"shepared2012",111
"loog2017",163
"mcevoy2006",163
"melchior2008",249
"milman2003",163
"bowden2008",249
"helgason2003",70
"helgason2009",70
"kjellstrom2007",163
"ros2012",163
"kjellstrom2017",163
"wikstrom2008",163
"wikstrom2005",163
"tillmar2010",249
"dupuy2001",163
"karlsson2006",163
"martiniano2016",163
"nesbitt2016",163
"roslund2014",163
"tesch2001",163
"vanoven2014",163
"technology2017",163
"walsh2014",163
"walsh2013",163
"walsh2016",163
"tesch2013",163
"hillbom1984",163
"moorrees1963",163
"smith1991",163
"brooks1990",163
"bruzek2002",163
"novotny1982",163
"phenice1969",163
"evans2004",1290
"meller2012",163
"knipper2004",163
"maurer2012",163
"neumann1974",163
"asch2003",163
"lofvendahl1990",1291
"hillson2005",163
"schour1941",163
"knipper2014",1292
"rohland2007",249
"malmstrom2012",70
"rasmussen2011",163
"korneliussen2014",163
"behar2012",163
"achilli2004",163
"dupuy2006",163
"passarino2002",70
"rootsi2004",163
"auton2015",163
"patterson2006",1293
"zeronmedina2013",163
"hveem2001",163
"whittington2006",163
"donnelly2012",163
"eiberg2008",163
"lamason2005",163
"soejima2007",163
"stokowski2007",163
"aitken2013",112
"ascough2012",112
"biddle1985",112
"biddle1986",112
"bigsbynd",112
"bonsall2007",112
"bronkramsey2004",112
"cook2001",112
"cook2015",112
"deggnd",112
"fuller2005",112
"hedges2004",112
"phillips2001",112
"phillips2014",112
"richards2002",1294
"russell2015",112
"sawyer1957",112
"szpak2014",112
"taylor1989",112
"dyggve1948",168
"jorgensen2002e",23
"jeppesen1990",168
"glob1970",168
"ibsen2005",247
"junker2003",247
"berlin2003",247
"reichchr1995",247
"gotlands1995",247
"wroblewski1963",247
"iineaa1994",247
"bogucki2011",294
"brather1953",294
"fomin1987",294
"jankowiak2015",294
"kara2009",294
"kiersnowski1961",294
"kilger2006",294
"kmietowicz1994",294
"ostergren2009",294
"petrov2014",294
"rebstock2008",294
"arne1946",202
"brady1999",202
"fennomuyingo1997",202
"hedenstiernajonson2001",202
"hedenstiernajonson2002",202
"holmquistolausson1998",155
"liden1997",202
"lovell1986",70
"peterson1987",202
"richards2001",1295
"richards2006",1296
"soloman1971",202
"trust1992",202
"birka1992",47
"carnapbornheim2007",47
"capitularia1980",47
"ellmers2009",47
"gade1993",47
"geibig1989",47
"grierson1986",47
"hingst1958",47
"hornfuglesang2000",47
"hoven1990",47
"jankuhn1951",47
"jesch1998",47
"kersten1954",47
"kirpichnikov2001",47
"mullerwille2006",47
"nobbel1936",47
"rispling1990",47
"sawyer1987a",47
"schaefer1956",47
"schietzel1980",47
"schild1991",47
"solberg1991",47
"stalsberg2008",47
"steuer1999",201
"steuer2002",155
"wamers1995",47
"carlson2010",143
"poulsen1979",183
"watt1988",240
"reich2003",247
"valujev2005",247
"reich2005",247
"vonzurmuhlen1975",247
"wroblewski2006",265
"adger2013",1297
"appelt2009",1298
"arneborg1997",1299
"arneborg2005",1300
"barnett2015",1301
"bentley2015",1302
"boyd2011",1303
"brace2011",1304
"brody2001",1305
"buckland2009",1306
"butzer2012",1307
"codding2015",53
"crumley1994a",53
"cumming2008",53
"golding2011",53
"golding2015",53
"gullov2004a",53
"halstead1989",53
"hayeursmith2016",53
"hoegsberg2014",53
"howard1993",53
"ingram2008",53
"jesch1989",53
"kendal2011",53
"kennett2015",53
"kopar2009",53
"kuijpers2014",53
"laland2006",53
"laland2011",53
"laland1999",53
"ledger2013",53
"ledger2014",53
"levistrauss1966",1308
"mason2007",53
"mcgovern1991",53
"meaks2005",53
"mehl2017",53
"middleton2017",53
"moltke2015",53
"myhre2004",53
"nedkvitne2014",53
"normandnd",53
"ostergard2011",53
"oye2004",53
"park2005",53
"reinton1960",53
"riede2009",53
"riede2011",53
"roesdahl2016",1309
"rowleyconwy2013",53
"rowleyconwy2011",53
"roussell1941",53
"sandvik2005",53
"scott2008",53
"scott1992",53
"smith2011a",1310
"sveinbjarnardottir1991",53
"svenning2015",53
"terrel2003",53
"thompson2013",53
"zeder2009",53
"zeder2015",53
"zeder2016",53
"wiechmann1996",142
"schulke2005",115
"andersson2015",85
"bjorkvik1970",85
"bjorkvik1972",172
"blochnakkerud1987",85
"brendalsmo2014",85
"brinchmadsen1995",85
"buchwald1999",85
"dorum2004",85
"englund2002",85
"hauge1946",172
"helle1974",172
"hostmadsen1999",85
"imsen1990",85
"imsennd",85
"indrelid2009",85
"jonsbok1904",85
"jakobsen1991",85
"knagenhjelm2008",1311
"krag2000",85
"loftsgarden2015",172
"martens1978",85
"olafsen1916",85
"pleiner2003",85
"ramsey2017",107
"reinton1956",85
"resi1992",85
"rundberget2013",234
"sandnes1977",85
"simonsen2001",85
"steinnes1930",85
"szmoniewski2010",85
"taksdal1973",85
"tveiten2012",234
"oye1977",85
"atkinson1996",175
"billig1995",175
"blindheim1953",175
"diazandreu1996",175
"eikrem2005",175
"eriksen1993",126
"fairclough1992",175
"gellner1983",175
"gjerde2010",175
"gjessing1928",175
"haavardsholm2004",175
"hesjedal2000",175
"hobsbawm1992",175
"hodder1984",175
"hougen1965",175
"harke1998",175
"jahnsen2015",175
"jones1996",175
"kjorup2001",175
"kristiansen1993",175
"laclau2001",175
"martens1960",175
"munch1985",64
"opedal1999",175
"paxton1999",175
"resi2000",201
"ringrose1993",175
"schanche1989",175
"shanks2001",175
"shetelig1910",175
"simonsen1967",175
"skre1991",175
"stenvik1980",175
"storli1991",126
"stylegar2009",175
"sorheim2011",175
"ucko1989",175
"wineburg1991",175
"ostigard2001",175
"of2002",162
"ambrosiani1972",162
"stamnes2010",162
"arnberg1976",162
"brunstedt1996",162
"carlsson1997",162
"conyers2013",295
"dahlin2001",161
"hansson2004",161
"heamagi2006",161
"herschend1995",162
"hermodsson2004",161
"hjulstrom2008",162
"holmquistolausson1987",162
"ingelmansundberg1972",162
"derfruhgeschichtlichen1980",162
"lamm2011",162
"larsson2014",162
"lofterud1970",161
"lohr1979",162
"olausson1921",162
"staecker2009",64
"soderberg2003",162
"trinks2008",161
"trinks2013",162
"viberg2011",162
"wadstein1936",162
"ungernd",162
"devlet2001",134
"london1964",134
"fedorova2001",134
"londonhelmbrecht2011",134
"kommunikationsmedien2001",134
"hoj2005",134
"hoj2011",134
"ostergard2008",134
"kastholm1974",134
"seid2009",134
"archaeologica2005",134
"lundhansen1973",134
"lundhansen1974",134
"lundhansen1979",134
"london2002",134
"eliade1964",1312
"vestergaard2014",134
"arwidsson1984",222
"abrams2001",147
"abrams2005",222
"ayers1985",222
"ayers1994",222
"callmer1989",276
"cameron1975",222
"dallas1964",222
"dickinson1991",222
"eilbracht1999",222
"grahamcampbell1985a",222
"grahamcampbell1994",249
"hattatt1987",222
"madsen1987",222
"hinton1974",222
"hinton1975",222
"hinton1978",222
"kirk1927",222
"leahy2003",222
"leahy1997",181
"margeson1982",222
"margeson1996",222
"mason1997",222
"owencrocker2002",222
"paterson2004",222
"richardson1993",222
"rieck1982",1313
"roesdahl1981",1314
"rogerson2006",222
"speed2004",138
"stamper2000",222
"wallis2004",222
"youngs2000",222
"youngs1995",222
"jeppesen2005",162
"mohrchristensen2009",162
"wilken2016",162
"birkas2016",162
"st2008",296
"aqvist2004",296
"axboe1996",296
"st1996",296
"einarsson2008",1315
"ch2004",296
"holmqvist1961a",296
"holmqvist1964",296
"holmqvist1964a",296
"iversen2008",1316
"lindqvist1929",296
"imsen2004",85
"volundarkvida1971",22
"voluspa1971",22
"anderson2007",22
"behrend1970",21
"berggren2006",22
"boyenda",153
"bradley1990",30
"bruck2005",22
"bruck2007",31
"bardseth1998",22
"fowler2001",22
"fredengren2002",22
"fuglesang2002",22
"geisslinger1967",22
"green1998",143
"hauck1981",36
"helgesson1992",22
"herschend2001",1317
"hvid2005",22
"iversen1986",22
"jensen1942",22
"kilfeather2003",22
"kousgardsorensen1968",22
"kousgardsorensen1978",22
"lakoff1999",31
"lethlarsen1984",153
"merleauponty1962",31
"meulengrachtsorensen1995",22
"munksgaard1984",153
"needham2001",22
"nordell1991",22
"phillips2002",22
"rowlands1971",267
"seremetakis1994",22
"stutz2004",1318
"thunmarknylen1989",22
"vandenoort2006",22
"vigfussonnd",22
"warmind2004",22
"wiker2000",21
"zachrisson1962",153
"baatz1976",33
"beresford1987",1319
"bican2014",33
"boethius1931",33
"devries1935",33
"ericsson1992",33
"fuglsang2015",33
"hanson1995",33
"haseloff1942",33
"holtsmark1970",33
"hopetaylor1950",33
"jessen2011",33
"kalmring2014a",33
"kuhn1995",33
"lindqvist1923",33
"middleton2005",33
"mikkelsen1991",33
"nasman2001",33
"oelmann1933",33
"oelmann1940",33
"olesen2015",33
"olsen1967",33
"palm1937",33
"rosborn2004",33
"ruhmann2004",33
"sawyer1986",33
"schafer1977",33
"sundqvist2006",33
"sundqvist2009",33
"terkildsen2014",33
"terkildsen2015",33
"tornbjerg1997",1320
"vikstrand2004",33
"hallstrom1913",161
"holmquist2002",161
"aarts2005",82
"aarts2009",82
"barndon2004",267
"berg1989",82
"berger1996",82
"bertell2003",82
"budd1995",267
"christophersen1992",82
"creighton2000",82
"dant1999",82
"davies1996",82
"fitzpatrick2005",82
"galloway2006",82
"grierson1960",82
"haaland2004",267
"hall1999",249
"haselgrove2005",82
"hedjakobsson1999",82
"herbert1993",267
"hosler1995",82
"houston2000",82
"insoll2007",82
"kemmers2006",82
"klussendorf2007",82
"kok2008",82
"kurke1999",82
"lightfoot1995",82
"makeler2010",82
"marques2007",82
"martin1991",82
"merleauponty1944",82
"miller1998",82
"mithen2008",82
"morris1992",182
"myrberg2010",82
"nash1978",82
"nick2005",82
"oden2009",82
"papadopoulos1999",82
"petersson1948",82
"przybyszewski2007",82
"rathje2001",82
"renfrew2009",82
"rickman1980",82
"seaford2004",82
"small1995",82
"thomsennd",82
"vanarsdell1989",82
"vonreden1995",82
"white1988",82
"wiggwolf2005",82
"zach2005",82
"zanker1987",82
"jane2008",222
"adalsteinsson1999",92
"agustsson1982",92
"birkeli1973",92
"brink2013",92
"byock2005",92
"christie1982",92
"colman1995",92
"deetz1977",92
"didiplomatariumislandicumnd",92
"edwald2012",92
"foucault1977",92
"foucault1982",92
"foucault1988",92
"foucault1994",92
"fridriksson2011",182
"giddens1984",92
"gilchrist2008",92
"gilchrist2012",1321
"gullbekk2012",92
"hall2012",92
"hugason2000",1322
"isleifsdottir1997",92
"islendingabok1968",92
"jensen2013",92
"jensenius2001",92
"jonsson2009",92
"jorgensen2004",92
"karlsson2001",92
"karras2003",92
"karras2012",92
"kristjansdottir2012",92
"kristjansdottir2001",92
"lane2001",92
"larusson1980",92
"loren2006",92
"lynn1984",92
"magnusdottir2001",92
"nilsson1994",92
"nordeide2013",92
"prescott2011",92
"jones2003",92
"runarsdottir2006",92
"russell2005",92
"salonen2013",92
"sigurdsson2008",10
"sigurdsson2011",249
"slupeki2007",92
"spivak1988",92
"stefansson2000",92
"soland2000",92
"young2009",63
"zoega2002",92
"zoega2012",92
"zoega2010",92
"clarke2004",38
"sorensen1981",22
"almgren1901",155
"ambrosiani1991",161
"ambrosiani1973",161
"anspach2010",1323
"beskowsjoberg1996",155
"brucemitford1967",155
"delaet1956",155
"ellmers1995",1324
"falk1912",155
"graslund2003",155
"hedeagerkrag2004",155
"holgersson2001",155
"jonssonnd",155
"kalmring2015",155
"karlsson2011",155
"kidd1988",155
"sjovold1957",155
"westphalen2002",48
"bianchi2010",24
"enoksen1999",24
"fuglesang1981",24
"fuglesang2005",24
"gadamer1960",24
"gilchrist2013",4
"jacobsen1941",24
"knutzen2005",24
"knutzen2007",24
"kohring2014",24
"lager2003",278
"ljung2016",108
"malafouris2013",24
"merleauponty1994",82
"moser1998",24
"moser2005",24
"olick1999",24
"olsen1941",164
"petursdottir2012",24
"robb2009",24
"shaw2013",24
"smestad1988",24
"steinsland2014",24
"stromback1969",164
"tarlow2012",24
"thorn2002",24
"oebynielsen2005",24
"ambrosiani1982",161
"arwidsson1984a",1325
"bengtzon2000",161
"blomqvist2009",161
"bolin2008",161
"back2010",161
"voncarnapbornheim2011",161
"conolly2006",161
"dahlin1999",161
"odelberg1974",161
"olausson2012",161
"persson2002",161
"rijksmuseumvanoudheden2010",161
"rosen2002",161
"price1990",161
"stavrum1996",161
"trinks2010",244
"wiklund2009",161
"wahlander1997",161
"kovalenko2007",245
"kovalenko2008",245
"kovalenko2003",245
"arbman2003",245
"arne1931",245
"blifeld1977",297
"budur2007",245
"bulgakova1999",245
"camer1968",245
"cherrman1986",245
"devidson2008",245
"gurevic1966",245
"gurevic1999",245
"herrman1982",245
"kirpicnikov1986",245
"kovalenko1988",245
"kovalenko1994",245
"kovalenko1996",245
"kovalenko1999",245
"kovalenko2000",245
"kovalenko2001",245
"kovalenko2002",245
"kovalenko2005",245
"kovalenko2009",245
"kulakov1990",245
"kulakov1994",265
"lebedev1965",245
"lovmjanskij1985",245
"melnikova1994",245
"mocja2001",245
"musset1971",245
"puskina1972",245
"scavelev2007",245
"scavelev2009",245
"sinakov2002",245
"smolicev1931",245
"veremejcik2007",245
"zocenko1996",245
"axelsen2014",155
"thunmarknylen2000",155
"wisehn1999",155
"stalberg2000",244
"ashmore2003",148
"backlund2001",148
"barnes2006",148
"barrett2005",148
"bradley1987",1326
"card2005",148
"charleson1905",148
"fanning1983",148
"firth1986",148
"gammeltoft2006",148
"garrow2005",148
"gibbon2008",148
"griiths2006",148
"griiths2011",148
"hedges1983",148
"hermann1978",148
"hunter1986",148
"hunter2003",148
"jesch2005",148
"laughlin1974",148
"leonard2010",148
"lucy2002",148
"maher2009",148
"marwick1952",148
"marwick1970",148
"milner2007",70
"morris1989",148
"nicolaisen1976",148
"renfrew1979",148
"ritchie1995",148
"robertson1991",148
"sandnes2010",148
"semple2007",148
"simon1987",148
"simpson1997",148
"wallacend",148
"wickhamjones2001",148
"williams2009",148
"biddle1991",151
"flanagan1999",151
"elder2007",151
"kelly1956",151
"kelly1961",151
"corrain1996",151
"channing1996",151
"wallace1967",151
"afm1908",151
"fellowsjensen1991",151
"mahr1929",151
"mckeown1956",151
"floinn1998",151
"hayden1998",151
"simpson2008",151
"lantmateriet2009",161
"ameziane2004",134
"arwillnordbladh2001",134
"hansson2012",134
"peter2015",1327
"solberg1984",134
"backdanielsson2015a",26
"riisoy2015",134
"wulffandersen1995",134
"homson1995",148
"homson2001",148
"akin1999",142
"blackburn1997",142
"bogucki2007",142
"chesterkadwell2009",142
"frier2007",142
"kilger2011",142
"kroll2008",142
"kruse1988",1328
"kruse1992",142
"kuroda2008",142
"metcalf1985",142
"naismith2005",142
"pedersen2007",201
"pirie1986",142
"feveile1995",151
"bill2006",151
"sloane2011",151
"halpin2001",151
"kelly2004",151
"kelly2010",151
"lynch2001",151
"alstrom1993",189
"andersson1983",189
"arrhenius1982",189
"beronius2011",189
"beronius2013",189
"ekman2000",189
"frolund2010",189
"frolund2013",189
"frolund2011",189
"goldina2003",189
"gothberg2014",189
"hansson2001",189
"kazanski2007",189
"lindqvist1945",189
"lindqvist1949",189
"ljungkvist2013",124
"loven2010",189
"lucas2013",189
"lundahl2012",189
"nordahl1993",189
"olausson1966",189
"runer2006",189
"trinks2011",189
"vikstrand2013",189
"aberg1947",189
"leslie1908",151
"simpson2015",151
"hogan1910",151
"hilberg2011",48
"aberg1998",1329
"ambrose1991",1330
"ambrose1987",1331
"arneborg1999c",1332
"barrett1995",1333
"bell2009",1334
"bell2010",1335
"bendrey2009",1336
"bentley2005",1337
"bentley2002",138
"bowen2002",1338
"geologicalsurvey2010",1339
"bryant1996",1340
"budd2000",1341
"budd2003",1342
"burke1982",1343
"burton1996",1344
"burton1990",1345
"burton2000",1346
"burton1995",1347
"burton2003",1348
"calvin1962",1349
"cameron2007",1350
"carr1962",1351
"chisholm1982",1352
"clayton1963",1353
"coltrain2009",1354
"coplen1994",1355
"coplen1983",1356
"craig1961",1357
"daly2010",1358
"darbyshire1985",1359
"deniro1978",1360
"deniro1981",1361
"dickin1997",1362
"drury1973",1363
"dupras2007",1364
"dupras2001",1365
"eckhardt2009",1366
"elias1980",1367
"ezzo1994",1368
"ezzo1995",1369
"fuller2006",1370
"gallet1998",1371
"gonfiantini2001",1372
"halpin1993",1373
"hatch1966",207
"hatch1967",207
"herring1998",207
"hobson2004",207
"holm2000",207
"hurley2010",1374
"iacumin1996",207
"jim2004",207
"kellner2007",207
"knudson2009",207
"koch1997",207
"kortshack1965",207
"lang1988",207
"leach2009",138
"leach2010",207
"leethorp1991",207
"linderholm2011",207
"luz1985",149
"luz1984",149
"muller2003",157
"mcarthur2001",207
"mccabe2007",207
"mccormick1982",207
"minagawa1984",207
"muldner2011",1375
"negrel2003",1376
"nehlich2009",1377
"obrien1998",207
"oconnor1988",207
"odonnabhain2010",207
"odonnabhain2011",207
"odonnabhain2001",207
"oconnor1982",207
"price1985",207
"price1986",207
"ranson1960",207
"read1934",207
"schoeninger1978",207
"schoeninger1979",207
"schoeninger1983",207
"schurr1998",207
"schutkowski1999",207
"sexton1998",207
"shaw2009",207
"shaw2010",207
"sikora2010",207
"sikora2011",207
"sillen1989",207
"sillen1991",207
"sykes2006",207
"tieszen1992",207
"veizer1989",132
"wallace2006",260
"wallace1994",207
"whipkey2000",207
"white2000",207
"wilson1977",207
"wolfe2001",207
"wright2005",207
"wright1998",207
"karkanas2010",97
"macphail2005",193
"carter1998",193
"axboe1986",157
"broholm1940",157
"danielsson2007",10
"danielsson2010",157
"hauck1978",1378
"holmqvist1960",157
"iversen1991a",199
"lamm2004a",157
"mannering2004",157
"mannering2006",157
"mannering2008",157
"mellend",157
"nasstrom1998",157
"nasstrom2009",157
"owencrocker2010",157
"simek2002",157
"stamsomunch2003",157
"watt1999",1379
"watt2001",157
"olausson2014a",189
"klaesoe2010",249
"capelli2003",289
"chinnery2006",249
"brochmann2008",249
"benedictow2004",107
"russ2013",249
"malmstrom2007",249
"salamon2005",249
"binladen2007",249
"behar2007",249
"prieto2011",249
"core2011",249
"helgason2007",70
"anderson1981",249
"andrews1999",70
"venables2002",249
"pfeiffer1999",249
"meinila2001",249
"cardoso2011",249
"dupuy1996",249
"richard2007",249
"tambets2004",249
"metspalu2006",249
"melchior2010",249
"dissing2007",70
"torroni1996",249
"zachrisson2008",249
"derenko2007",249
"schonberg2011",249
"brink1999",183
"brink2000",1380
"brink2004d",28
"dent1984",21
"dinzelbacher1984",21
"frandsen1999",21
"hines1989",21
"hoff1997",278
"jahnkuhn1951",21
"jerichow1997",21
"john1991",21
"lager2001",21
"liestol1972",21
"lonaas2004",21
"richards1990",21
"rudebeck2002",21
"steinsland1995",21
"stidsing1999",21
"wilke1999",21
"ostmo2005",21
"hultkrantz1991",15
"lund2001",15
"lenntorp2002",15
"nasman1998",1381
"nordberg2003",206
"grammaticus1924",15
"sundqvist2004",15
"vierck1979",13
"vifot1936",38
"ljungkvist2015c",1382
"hedenstiernajonson2009",1383
"nmd1919",21
"habbe2004",21
"gjellerup1973",21
"tilley1993",21
"bonnier1994",21
"caillet1985",21
"collinder1972",21
"hansen1992",21
"fabech1989",21
"john1987",21
"larsson1976",21
"ljungkvist2004a",21
"musset1992",1384
"nasstrom1997",21
"olsen2002",83
"ravn1999",21
"ritchie1993",21
"stiesdal1952",21
"lind2004",1385
"mortensen1979",15
"zeitler1979",15
"braadmoen2013",249
"ahrland2013",188
"aronsson1994",188
"bell2012",188
"emanuelsson2003",236
"george2009",188
"grimm2013",188
"harding1992",188
"harding1997",188
"jennbert2000",188
"karlsson2010",188
"lagerstedt2004",188
"liedgren1992",188
"lindholm2013",236
"magnell2013",188
"myrstad1996",188
"nyren2012",188
"petre1980",188
"ramqvist2007",38
"ramqvist1993",188
"risbol2011",236
"serning1962",188
"sleepersmith2009",188
"stene2011",91
"storli1993",188
"sundstrom1987",188
"svensson1998",188
"zachrisson2010",108
"zachrisson1974",188
"ambrose1990",70
"ambrose1997a",132
"andersen1960",31
"bandelt2006",70
"barrett1999",1386
"barrett2000b",70
"bocherens2003",70
"brinkmann1999",70
"deniro1985",70
"eriksson2013",70
"hagelberg1991",70
"hemmendorff1984",70
"holck1997",70
"holck1983",70
"mikkelsen2010",70
"nei1987",70
"opdal1998",70
"paabo1989",70
"ramskou1965",70
"richards1995",70
"rosvold2010",70
"rudbeck2005",70
"sandmo1985",70
"sandmo1984",70
"topf2006",70
"zachrisson2003",16
"cardon2001",289
"marchini2004",289
"bodmer2008",289
"cavallisforza1994",289
"quintanamurci1999",289
"conrad2006",289
"botigue2013",289
"ralph2013",289
"hellenthal2008",289
"odushlaine2010",289
"winney2012",289
"lawson2012",289
"alexander2009",289
"pirinen2013",289
"wilson2001",289
"wells2001",289
"pritchard2000",289
"bodmer1980",289
"howie2009",289
"wright1943",289
"rousset2004",289
"lawson1995",289
"bhatia2013",289
"pritchard2001",289
"moorjani2011",289
"falush2003",289
"aikas2009",1387
"aikas2013",1388
"backman1975",239
"berggren2010",1389
"bergman2008",188
"brightman2012",23
"chapman2000",126
"clavir2002",1390
"descola1992",23
"descola2013",23
"dubois1999",111
"edvinger2006",1391
"hallstrom1932",1392
"helanderrenvall2010",1393
"hultkrantz1994",1394
"humphrey1994",23
"hutton2001",23
"jernsletten2006",23
"jordan2003",23
"levy1982",30
"lund2011",264
"makarov1991",126
"manker1938",23
"manker1950",23
"manker1957",239
"mauss1924",30
"melheim1999",30
"mulk1996",126
"mundal1996",23
"nergard2003",23
"okkonen2007",23
"orsneschristensen1956",23
"parpola2004",23
"rindstad1997",23
"rostad2012",137
"serning1957",23
"sommerseth2009",8
"svestad2011",23
"viveirosdecastro1998",23
"wallerstrom1995",1395
"willerslev2007",23
"zachrisson1992",23
"havamal1971",31
"skaldskaparmal1931",31
"andersen1977a",31
"binski1996",31
"borsheim2002",114
"bourdieu1996",31
"boyendb",31
"bynum1991",31
"februar1977",31
"cinthio1980",31
"cinthio2002",31
"eide1973",31
"fett1961",31
"fowler2011",31
"fredriksen2006",31
"gilchrist2005",1396
"hadley2009",31
"hadley2011",1397
"harby1994",31
"holloway2010",27
"hougen1935",31
"jeppesen1995a",31
"kiefferolsen1993",27
"kristoffersen2008",26
"larsson2002",31
"lund2003e",31
"martensson1981",31
"s1992",31
"nordeide2007",31
"rebaysalisbury2010",31
"reynolds2011",143
"schulke1999",10
"serning1982",31
"shetelig1912",111
"thompson2004",31
"wagnkilde2000",240
"wagnkilde2001",240
"swedishspeciesinformationcentre2014",188
"adalsteinsson1997",203
"bloch1992",203
"bruun1909",203
"bruun1910",203
"bruun1911",203
"buckert1983",203
"byock1982",203
"deheusch1985",203
"detienne1989",203
"dillmann1997",203
"fridriksson2004",229
"gestsdottir2005",203
"girard1979",203
"hamertonkelly1987",203
"hildebrandt1989",35
"hubertnd",203
"jam1943",203
"jones1984",138
"lucas2006",203
"miller1998a",203
"miller1990",1398
"monsen2004",203
"nasstrom1996",35
"nobis1962",203
"nordahl1988",248
"olsen1965",203
"peel1999",203
"roberts2001",50
"robertsonnd",203
"roesdahl1989",124
"roussell1937",203
"steinsland2003",2
"thomas2005",145
"turner1969",239
"vangiffen1963",203
"vondendriesch1976",203
"gudmundsdottir2015",36
"ahlberg1978",1399
"akerstromhougen1981",1400
"althaus1993",36
"andersson1968",36
"andreeff2014",36
"andren2012a",36
"bailey1996",36
"bailey2000",36
"bailey1988",36
"beck1964",36
"bergmann1941",1401
"blindheim1972",36
"bohner1976",36
"bottgerniedenzu1988",1402
"calverleynd",36
"cumont1942",36
"devries1933",36
"diazguardamino2015",1403
"egeler2015",36
"ellisdavidson1950",36
"ellisdavidson1969",36
"ellisdavidson1988",36
"ellmers1973",1404
"ellmers1981",36
"ellmers1986",36
"eshleman1983",36
"faulkes2005",1405
"fingerlin2010",36
"fuglesang2004",36
"graus1977",36
"guber2011",36
"hauck1954",36
"hauck1957",36
"hauck1980",36
"hauck1983",36
"hauck1994",36
"heinzle2010",36
"holmqvist1939",36
"holmqvist1952",36
"hyenstrand1989",36
"kopar2012",36
"kreutzer1989",1406
"lang1983",36
"lehnen1997",1407
"lindqvist1956",1408
"lindqvist1962",36
"malzbender2001",1409
"earl2010",1410
"margeson1980",36
"marold1972",1411
"mundal1998",36
"neckel1983",1412
"nedoma1988",36
"nordin1903",1413
"north2001",36
"nylen1960",1414
"nylen2003",36
"oehrl2006",36
"oehrl2010",1415
"oehrl2011",1416
"oehrl2012",36
"oehrl2013",1417
"oehrl2014",36
"oehrl2015",36
"oehrl2016",36
"olrik1922",36
"quast2009",138
"reichert2003",36
"reitzenstein1924",36
"remondino2014",1418
"samson2011",1419
"schreiner2000",36
"schreiner2004",36
"vonsee1981",36
"vonsee2009",36
"shetelig1933",36
"simonsson2012",1420
"speidel2004",1421
"stephensnd",1422
"strom1956",36
"swanstrom2010",1423
"vierck2002",1424
"weber1973",1425
"widerstrom2012",1426
"wilson1998",36
"zimmermann2012",1427
"petursdottir2007",10
"tonning2003",10
"aannestad2017",10
"blindheim1963",267
"butler1990",1428
"crenshaw1989",10
"danielsson2012",10
"ekengren2004",10
"fahlander2012",10
"fossum1996",91
"gilchrist1999",10
"glorstad2009",10
"gollwitzer1997",10
"magusnd",10
"pantman2014",1429
"pedersen2011",1430
"petursdottir2009",68
"prescott1998",10
"samdal2005",10
"svensson2003",10
"thedeen2012",10
"villa2011",10
"gothberg2006",299
"gothberg2007",299
"fagerlund2005",299
"gothberg2008",299
"alstrom1996",299
"anund1997",299
"berggren1991",299
"elgh1994",299
"frolund2005",299
"frolund2000",299
"hedlund1992",299
"ljungkvist2000",299
"mattsgarden2000",299
"rahmqvist1986",299
"stromback1971",299
"eckmann2004",299
"deweirdt2011",299
"marx2011",299
"skvorzov2011",299
"tilley1999",30
"blindheim1962",153
"crusden1965",153
"eddadigte1971",153
"egebjerghansen1989",153
"engberg1995",153
"mitchell1977",153
"grieg1920",153
"holmolsen1975",153
"jansson1995",153
"johansson1992",153
"kyhlberg1975",153
"lagersted1999",153
"lampe1993",153
"leahy1995",153
"meulengrachtsorensen1991",200
"motz1983",267
"needham1967",153
"ofloinn1994",153
"ramskou1964",153
"schjodt1994",267
"aldritt2003",248
"allison1997",77
"arnold1999",77
"batey1993",74
"batey2003",77
"beuermann2011",77
"bjorkanbukkemoen2017",77
"bond2007",77
"crawford1983",77
"crawford2013",77
"crossleyholland1982",77
"cussans2010",77
"cussans2015",77
"dietler2001",248
"fraser2009",77
"greenacre2007",77
"griffiths2009",77
"gudmundsson1993",77
"halstead2012",77
"harland2006",77
"harland2012",1431
"hastorf2017",77
"hayden2001",248
"hedeager2012a",158
"hermannson2011",77
"jervis2018",77
"jinenez2011",77
"jones2018",77
"madgwick2015",77
"mainland2016",77
"mainland2003",77
"mccormick2002",77
"mccormick2014",77
"mcgovern2010",77
"montgomery2017",77
"morris1996",77
"mulville1999",77
"nicholson2010",77
"noble2013",77
"noddle1997",77
"noddle1977",77
"oconnor2010",77
"oram2015",77
"palsson1978",1432
"pollock2012",77
"rackham1996",77
"rowleyconwy1983",77
"rowleyconwy2018",77
"seller1986",77
"serjeantson2007",77
"sharples1998",77
"sykes2010",8
"terbraak2002",77
"woolgar2016",77
"backhouse1984",30
"barrettnd",30
"cohen2003",30
"drachmann1967",30
"gansum2002",30
"hodges1905",30
"idsoe2004",30
"ilkjaer2003",30
"lund2007",30
"morris1983",143
"murphy1992",30
"mullernda",30
"nasstrom1944",30
"osborne2004",30
"osullivan2000",30
"owencrocker1919",30
"petts2003",30
"sanmark2010",214
"semple1998",143
"simek1983",30
"swanton1974",30
"welinder1992",30
"wellendorf2006",30
"wilson1964",30
"magnus2010",10
"svenberg1984",35
"berg1986",35
"blumenschine1996",35
"boessneck1964",35
"bronkramsey2005",35
"brown1960",35
"carter2007",35
"dahlander1916",35
"ekman1973",35
"ekman1974",35
"ekman1984",35
"fagerborg1986",35
"graslund1996",35
"hemmendorff2010",35
"holm2006",35
"holmgren1985",35
"hultcrantz1996",35
"insulander1956",35
"iregren1997",35
"jakobsson1997",35
"lauwerier1983",35
"lemel1999",35
"lindeblad1997",35
"lyman1994",35
"magnell2004",35
"magnell2006",35
"nathorstnd",35
"nordberg2006",35
"nordenram2001",35
"nasstrom1988",35
"paulssonholmberg1997",35
"payne1985",35
"richter1982",35
"rossdale1996",35
"rudebeck2010",35
"sandegren1997",35
"sjodin1980",35
"thilderqvist2005",35
"vikstrand1993",35
"wallin1990",35
"welinder2003",35
"welinder2008",35
"zeder2010",35
"karnell2012",1433
"bailey2003",1434
"capelle2003",205
"romersdal1961",204
"nasman1942",204
"schnittger1912",204
"brondsted1942",204
"axboe2007",204
"corsten1991",204
"fuglesang2006",204
"nordeide1948",204
"ringstad1988",204
"staecker1990",204
"stoklund2001",204
"strom1984",204
"wamers1997",200
"mainz1997",204
"westlund1989",204
"zeiten2002",204
"zemitis1997",204
"haugbui1924",1435
"islendingadrapa1973",1436
"andrea2010",278
"beck1978",23
"brown1981",182
"decastro2015",23
"descola2010",23
"drachmann1969",23
"fowler2013",23
"gansum1999",23
"geary1979",23
"geary1986",23
"harris1985",23
"hastrup2013",23
"vigfussonnda",23
"weismantel2015",23
"rigsthula1960",1437
"bekpedersen1943",1438
"agnarsdottir1983",1439
"bartram1991",1440
"berson2002",1441
"birch2009",1442
"buckland1985",195
"byock2004",1443
"christensen1990",1444
"deal1985",1445
"deboer1979",1446
"donat1980",1447
"edvardsson2003",1448
"einarsson1992",1449
"eldjarn1949",1450
"eldjarn1961",1451
"eldjarn1974",1452
"erlingssonnd",1453
"evans1967",195
"foote1977",1454
"fridriksson1997",1455
"gifford1980",1456
"gudrun2008",1457
"gronvold1980",195
"gronlie2006",1458
"gudmundssonnd",1459
"hayden1983",1460
"hermannsaudardottir1989",1461
"hinz1989",1462
"hoffmann1964",218
"iceland1985",1463
"ingimundarson1992",133
"jones1944",133
"kobylinski1997",133
"kuna2005",133
"lamotta1999",195
"lange1972",195
"meier1984",133
"milek2010",133
"milek2011a",133
"milek1997",133
"murphy1986",195
"murray1980",133
"nelson1999",133
"nelson1996",195
"oconnell1987",133
"okelly1954",133
"olafsdottir1974",133
"olafsson1992",133
"olafsson1998",133
"olafsson2001",133
"page1995",265
"stead1982",195
"stein1989",133
"stevenson1982",195
"takacs1968",133
"taylor1956",133
"tesch1993",133
"thorlaksson2000",133
"urbanczyk1997",133
"urbanczyk2002",133
"urbanczyk2001",133
"urbanczyk2003",133
"urbanczyk2006",133
"pierce1998",195
"rafnsson1977",133
"reimer2009",133
"roberts1943",133
"shetelig1937",195
"sigurgeirsson2008",229
"simms1988",133
"snaesdottir1992",133
"hammarberg1985",204
"thrane1973",121
"samdal2000",204
"moesgaard2004",204
"steinsland1990",204
"artelius2000",4
"artelius1994",4
"bordo2008",4
"bourdieu1999",4
"broome2015",4
"hedeager2014",4
"jansson2005",4
"leach1958",4
"rydh1919",4
"rydh1936",137
"salin1959",4
"skoglund2005",4
"solberg1993",4
"sten2001",4
"vretemark1983",4
"wallacehadrill1962",4
"wehlin2013",4
"baron2014",1464
"baron2006",1465
"baron2009",1466
"beagrie1989",1467
"bielicki1991",98
"billstrom1990",98
"bjorlykke1982",98
"bjorlykke1990",98
"bjorlykke1993",98
"blanchard2001",98
"bode2008",98
"bode2009",98
"boni2000",98
"brooks2004",98
"capelle1976",98
"chen2012",98
"chernyshev2008",98
"chugayev2010",98
"chugayev2013",98
"duralimuller2005",98
"gale1992",98
"guenettebeck2009",98
"guy1981",98
"homer1991",98
"hohndorf1986",98
"johansson1983",98
"johansson1984",98
"johansson1985",98
"karakaya1988",98
"kirnbauer2012",98
"kramers1997",98
"leveque1993",98
"loveluck1998",98
"merkel2015",98
"mirnejad2011",98
"nilsen1991",98
"nriagu1983",98
"penhallurick1986",98
"petersen1995",98
"pollard2008",98
"rohl1996",98
"rohl1998",98
"sayre2001",98
"shepherd1993",98
"sjastad2011",98
"stacey1975",50
"stosgale2004",98
"stosgale1997",98
"sundblad1994",98
"tereygeol2005",98
"timberlake2005",98
"trincherini2009",98
"tylecote1992",98
"villa2009",98
"wedepohl1978",98
"kershaw1990",147
"hadley2008",158
"alexander1987",147
"carter1969",147
"mckinley2000",147
"budd1999",147
"benedictow1992",300
"brothwell1998",300
"crumlinpedersen1992",300
"bacco2006",300
"dunnell1999",300
"dyke1984",300
"gad1984",300
"geist1978",300
"halstead1989a",300
"janssen2003",300
"jones1986",220
"keller1984",300
"premo2010",300
"thorarinsson1961",300
"weiss1976",300
"abels1988",1468
"geller2005",147
"campbell2001",147
"rollason2000",147
"blackburn2005",50
"mckinley2003",147
"avery1990",97
"babel1975",97
"barrat1964",97
"bell1996",97
"bell2000",97
"biddulph2012",97
"boorman2002",97
"breuningmadsen2001",97
"breuningmadsen2003",97
"catt1986",97
"courty2001",97
"crowther1996",97
"cruise2000",97
"engelmark1993",97
"engelmark2008",97
"holden1994",97
"kelley2010",97
"kooistra1978",97
"linderholm2007",97
"linderholm2013",97
"macphail2000",97
"macphail2009",97
"macphail2012",97
"macphail1998",97
"niblett1999",97
"reineck1986",97
"rentzel1999",97
"rosenqvist1958",97
"stoops2010",97
"thirly2006",97
"veneman1984",97
"viklund2013",97
"wilkinson2012",97
"ipccrkpachauri2014",75
"reckin2013",75
"dixon2014",75
"lee2017",75
"farbregd2009",75
"callanan2016",75
"finstad2008",75
"vedeler2013",75
"hafner2015",75
"kelly2013",75
"fehrenschmitz2014",75
"hare2012",75
"haas2017",75
"barbier2011",75
"orengo2013",75
"hjelle2015",75
"indrelid2011",75
"pluskowski2013",75
"indrelid2015",75
"beijersbergen2017",75
"vorren1998",75
"stene2015",75
"benn2010",75
"odegard2017",75
"young2012",75
"helama2012",75
"linderholm2010",75
"matthews2008",75
"bevanger2004",75
"kullman1994",75
"williams2012",75
"armit2014",75
"mann2015",75
"callanan2013",107
"callanan2015",75
"arjava2005",75
"buntgen2017",75
"nesje2009",75
"villumsen2016",75
"hoeg2014",75
"howardjohnston1998",75
"barrett2016",75
"barth1983",75
"walloe2010",75
"majchczack2014",273
"berger1970",273
"hatz2001",273
"bantelmann1967",273
"braren1935",273
"kersten1958",273
"segschneider2009",1469
"majchczack1967",273
"beseler1982",273
"erdmann2001",273
"jons2014",273
"laur1959",273
"segschneider2004",273
"stilke2001",273
"stumpel2009",273
"wunderlich2013",273
"jakobsson1992",46
"wilson1996",263
"anttonen1992",239
"baudou1993",239
"baylisssmith1998",239
"bergman1995",239
"bradley1997",239
"douglas1966",239
"fellman1906",239
"gennep1909",239
"harrison1903",239
"helskog1999",239
"hultkrantz1978",239
"insoll2004",239
"jordan2001",239
"kleppe2006",239
"laestadius2002",239
"lahelma2005",239
"mebius1968",239
"baylisssmith2001",239
"napolskikh1992",239
"nordbladh1980",239
"pettersson1957",239
"ramqvist2002",239
"rank1955",239
"rydving1993",239
"sammallahti1982",239
"schanche1995",239
"solem1933",239
"taavitsainen2003",239
"terebikhin1993",239
"tilley1991",239
"trubshaw1995",239
"turner1978",239
"uibopuu1988",239
"wiik2000",239
"vorren1978",239
"gojda1991",133
"jezek2002",133
"ruttkay2002",133
"takacs2002",133
"magnusson1973",92
"edvardsson2007",133
"oye1988",218
"stenberger1979a",133
"giffordgonzalez1985",133
"stead1981",195
"karras1988",182
"jochens1995d",34
"gudmundsson2009a",133
"skjelsvik1958",97
"schindler1956",273
"amundsen2004",195
"arnalds1995",195
"canti1999",195
"canti2003",116
"carr1984",195
"hakbijl2002",195
"hreidarsdottir2005",195
"johnson1974",195
"malinskybuller2011",195
"matthews1997",116
"mehler2002",195
"misarti2011",195
"roberts2003",1470
"rolfsen1980",195
"sampietro2005",195
"shahackgross2005",195
"shahackgross2008",195
"shillito2011",195
"smith2001",63
"snaesdottir2003",195
"stein1983",195
"stockton1973",195
"sullivan2004",195
"tani1995",195
"terry2004",195
"tinsley2002",195
"vizcaino1999",195
"vyncke2011",195
"wandsnider1996",195
"wilk1979",195
"zielinski1997",224
"ingold2012",11
"stoodley1999",1471
"andersson2008f",68
"back2008",68
"frioriksson2013",68
"gunnell1995",37
"gunnell2004",68
"gunnell2008",68
"harris2000",68
"hallansstenholm2010",68
"lihammer2012",68
"pentz2013",68
"philipotts1920",68
"roberts2009",68
"sjosvard1989",68
"svensson2010",68
"vikstrand2010",68
"wessman2010",26
"wessen2002",254
"blomkvist1999",254
"brink2005",38
"caldwell2003",254
"lerbom1915",254
"nyberg1976",254
"olsson1984",254
"ortved1933",254
"rafnsson1974",254
"rosen1949",254
"ruthstrom1988",254
"ronnby1995",254
"schmidtwiegand1967",254
"schmidtwiegand1989",254
"steffen1943",27
"yrwing1940",254
"ostergren1992",254
"yrwing1951",254
"yrwing1978",254
"lindroth1915",254
"vangennep1909a",239
"buckley2004",74
"armit1996",74
"gammeltoft2004",74
"hall2008",74
"jay2013",74
"jennings2005",74
"capo1994",74
"chiaradia2003",74
"dangela1990",74
"diefendorf2005",74
"evans2009",74
"fronval1995",74
"keefe2007",74
"montgomery2002",74
"parkerpearson2005",74
"puceat2010",74
"raiber2009",74
"sanchezchillon1994",74
"sellevold1999",74
"simpson2010a",74
"stephan2000",74
"toolis2008",74
"trickett2003",74
"vanrensburg1986",74
"warham2012",74
"woolf2005",74
"pricenda",1472
"bagge1998",302
"chenery2012",149
"harrison2003",302
"johansen1986",302
"reed1998",302
"sellevold1991",302
"sellevold1996",302
"sellevold2001",27
"sullivan1981",302
"tauber1981",302
"vandermerwe1978",302
"balodis1940",282
"bogucki2006",282
"brundage1991",282
"christoffersen1996",282
"crumlinpedersen1989",282
"crumlinpedersen1996",282
"crumlinpedersen1998",282
"ehrensvard1991",282
"filipowiak1998",282
"griciuviene2005",282
"haak2004",282
"kiaupa2000",282
"kochkurkina1961",282
"lang1996",282
"lang2004",282
"lehtosalohilander1984",282
"limbo2004",282
"lougas1994",282
"magi2002",282
"magi2004",282
"magi2005",282
"magi2007",282
"magi2009",282
"magi2013",282
"petrenko1995",282
"radins2006",282
"rebkowski1998",282
"sedov1974",282
"shepherd1999",282
"sindbaek2003",282
"vijups1997",282
"spingis2008",282
"tvauri1998",282
"vaitkunskiene1995",282
"vasks2008",282
"vassar1939",282
"vassar1975",282
"welinder2009",282
"zarina2006",282
"gramsch2007",303
"zachrisson1989",303
"kopytoff1996",1
"kristiansen1974",303
"pfisterer2008",303
"aberg1990",18
"ambrosiani2005",18
"ambrosiani2016",18
"backstrom2016",18
"blauer2013",18
"burgman1987",18
"fennomuyingo2000",18
"gustin2016",18
"harvig2014",18
"kaislaniem2011",18
"lama2015",18
"leciejewicz1956",18
"lightfoot2016",18
"nironen1997",18
"pellegrini2016",18
"stolpendc",18
"tuross2017",18
"weihed2005",18
"wilhelmson2017",18
"yurtsever1980",18
"nepomniashchii2012",281
"gaidukov1994",281
"kuzmin1997",281
"kuzmin2015",281
"stanislawski2000",240
"britishgeologicalsurvey2001",74
"raudonikas1930",281
"ravdonikas1924",281
"plokhov1996",281
"sturluson2011",265
"ynglingatal2011",265
"anbrosiani2007",265
"banyterowell2005",265
"bliujiene2008",265
"blomkvist2005",1473
"bertasius2006",265
"bonnellnd",265
"creutz2003",265
"deemant1977",265
"ehrensvird1991",265
"filipowiak1983",265
"gurevitch1970",265
"argang2000",265
"johansen1939",265
"khvoshchinskaya2004",265
"lamm2009",265
"ligi1968",265
"ligi1995",265
"baltica2007",265
"magilougas1993",265
"melnikova2007",265
"melnikova1990",265
"mickevicius1994",265
"mugurevies1994",265
"nosoy2001",265
"nosov2005",265
"nosov2006",265
"opik1970",265
"radin1998",265
"selart2002",265
"selirand1974",265
"sindbek2003",265
"spirgis2008",265
"stubavs1966",265
"sne1997",265
"tamla1977",265
"tarvel1975",265
"tonisson1974",265
"valtonen2007",265
"zabiela2008",265
"zemitis2007",265
"zulkus1991",265
"boyd1985",240
"boyd2005",240
"silliman2001",240
"barrett2002",240
"marshall2002",240
"watt1985",132
"naum2005",240
"kockakrenz1993",240
"bergatzky1989",240
"tvauri2001",265
"amundsen1996",83
"auestad1992",83
"balascio2011",83
"binns1978",83
"bratrein1983",83
"bratrein1991",83
"bratrein1995",83
"bruun2007",83
"evjen2008",83
"gjessing1973",83
"grimm1999",83
"grimm2002",83
"grimm2006",83
"grydeland2001",83
"guttormsen2005",83
"henriksen1996",83
"hesjedal1996",83
"hinsch1960",83
"hodder1979",83
"holand1989",83
"johansen2002",83
"johansen1982",83
"johansen1990",83
"johansen1978",83
"mathiesen1978",83
"myhre1978",83
"myhre1985",83
"nilsen1998",83
"nilsen1995",83
"odner1985",83
"olsen1998",83
"olsen2001",83
"rolfsen1974",83
"rolfsen1990",83
"said1993",83
"schanche1992",83
"simonsen1980",83
"sobstad1980",83
"spivak1987",83
"spivak1990",83
"storli1985",83
"vorren1985",83
"wickler2005",83
"wik1985",83
"vanderleeuw1989",240
"c2006b",143
"arbman1969",186
"blair1994",143
"brink2001",143
"cameron1988",143
"carver1988",143
"carver2001",200
"carver2002",111
"cooper1993",143
"dubois2006",143
"effros2003",143
"everson2011",143
"fabech1994",143
"fell1956",143
"geake1997",1474
"grahamcampbell2009",143
"griffiths1991",71
"gurney1986",143
"hall1989",143
"halsall1989",143
"hayward2011",143
"heide2011",143
"heide2014",143
"hoggett2007",182
"ilkjaer2002",64
"jankuhn1955",143
"karras1990",1475
"knapp1999",143
"larrington1996a",5
"mcleod2013",143
"raffield2013a",71
"hagland2005",143
"randsborg1999",143
"sanmark2009",214
"scarre2002",143
"scragg1991",143
"semple2010",214
"sheppard1939",143
"museum2012",143
"harkell2011",143
"thurston2002",1476
"tilley2006",1477
"webster1983",143
"yorke1990",143
"pedersennda",1478
"armbruster2004",137
"bayley1992",220
"brinchmadsen1984",230
"feveile1994",1479
"grieg1922",267
"hedegaard2005",230
"jouttijarvi2006",201
"paulsen1936",137
"pedersen2000",137
"augenti2011",46
"bilge2013",46
"bowleg2008",46
"back2018",46
"collins2016",46
"davis2008",46
"diazandreu2005",46
"evans1997",1480
"goldhahn2007",46
"holmquist1990",46
"holmquist1993",46
"holmquist2001",46
"holmquist1998",46
"holmquist2009",1481
"inall2014",46
"kaliff1992",46
"laneri2007",46
"nelson2007",46
"olausson2001",46
"popa2014",46
"schietzel1963",46
"thedeen2011",46
"vennatro2016",46
"yotov2016",46
"ashede2015",46
"aagard1984",227
"arbman1960",227
"bjeletskij1998",227
"capelle1962",227
"dellepiane2009",227
"edberg2001",227
"eniosova2008",227
"gingerich2014",227
"hermon2008",227
"jolshin2012",227
"klindtjensen1965",227
"neiss2005",227
"neiss2006",227
"neiss2009",227
"neiss2010",227
"puskina1998",227
"scott2002",227
"shearer2012",227
"sholts2012",227
"sholts2010",227
"sholts2011",227
"sotnikova1959",227
"kastholm2008",227
"thunmark1974",227
"wiechmann2001",227
"wolters2006a",227
"hallam2001",46
"ekengren2006",46
"rindal2004",199
"backdanielsson2008",158
"bennett1987",37
"carlsson2002",158
"fabech2004",158
"henderson1991",158
"hjorungdal1994",158
"hovanta1995",158
"lagerholm2009",158
"mays1998",149
"rosten2007",158
"simpson2004",158
"sindbaek2006",1482
"smyser1965",158
"stalsberg1987",5
"thedeen2008",158
"dudo1998",57
"gragas2000",57
"grettirssaga1974",57
"layofharoldtransl1936",57
"almqvist1965",1483
"almqvist1974",1484
"betzig1982",57
"brown2009",57
"camdennd",57
"chagnon1988",57
"clover1993",34
"coleman2015",1485
"colwell1988",57
"coupland2003",57
"debuse1999",57
"dickemann1979",57
"downham2014",57
"ebel1993",57
"ember1974",57
"emlen1977",57
"falys2014",1486
"forsgren2004",57
"fuglestvedt2014",57
"goetting2006",57
"griskevicius2012",57
"hill1990",57
"hoglund1993",57
"hudson2004",57
"jacobsen1982",57
"jochens1980",57
"jochens1986",57
"jochens1987",57
"jochens1991",57
"kvarnemo1996",57
"kvarnemo1995",57
"madsen1993",57
"meulengrachtsorensen1980",57
"mitani1996",57
"montgomery2008",1487
"moorad2011",57
"opdahl2003",57
"reichert2006",57
"renaud2000",263
"sampson2006",57
"schacht2014",57
"szekely2014",57
"thedeen2009",1488
"weir2011",57
"zeitzen2008",57
"staecker2006",1489
"kure2013",1490
"lamm2003",1491
"lamm2003a",1492
"hauck1985",1493
"hauck1969",1494
"neckel1983e",1495
"larrington2014",1496
"bangnd",1497
"buggenda",1498
"dronke1989",1499
"haavardsholm1996",1500
"hauck1982",1501
"heusler1941",1502
"wilhelm1952",1503
"vanderhorst1982",304
"horst2010",304
"hultgard1987",304
"johansson2013",304
"lamm2003b",304
"mckinnell1994",304
"mckinnell2008",304
"meyernd",304
"north2003",304
"oehrl2009",304
"quast2002",304
"nordal1980",304
"stephensnda",304
"westphal2004",304
"williams1994",304
"musty1974",283
"saxo1931",199
"sopp1999",199
"thomsen1929",199
"blindheim1982",137
"clarke1995",116
"duner2006",137
"gaut2015",137
"hougen1931",137
"kielland1927",137
"maddicott1989",137
"ryghnde",137
"samson1991a",145
"schramm1955",137
"werner1980",137
"coplen1988",259
"a2007",48
"sjoberg1987",37
"blindheim2008",111
"brogger1997",111
"chatwin1990",111
"eisenschmidt1994",114
"gourevich1999",111
"gunnell2000",111
"gunnell2006",111
"harris2009",1504
"hagg2009",111
"jakubovskij1926",111
"liepe1989",111
"mckinnell2005",111
"montgomery2004",111
"ogden2008",111
"page1985",111
"petrenko1991",111
"robbins2004",37
"rundkvist2003",1505
"schjodt2007",111
"schjodt2009",111
"skre2004",200
"steinsland1981",111
"stern2009",111
"tollnes1998",111
"faulkes1989",1506
"sekundaerkilder1997",305
"barndon1992",305
"drescher1977",305
"gustafsson2005",305
"haaland1985",305
"jouttijarvi2001",305
"krishnan1976",305
"roesdahl1993",54
"smith1974",305
"steinsland1997",305
"webster1999",305
"feveile2002b",230
"anderson1992",138
"balasse2002",138
"bell2001",138
"bethard2013",138
"brabrand1991",138
"buzon2013",138
"cameron2011",138
"cruz2011",138
"eliason2010",138
"ferguson2009",138
"fornander2015",138
"grupe2011",138
"haak2008",1507
"hofstra1995",138
"hunter1975",138
"kahl2009",149
"knudson2008",138
"knudson2011",138
"lambergkarlovsky1972",138
"lane1972",138
"magnusson1980a",138
"moberg1981",138
"naum2012",132
"olsen1961",138
"suchey2006",138
"tung2011",138
"turner2009",138
"vos2005",138
"webb1985",138
"wilson1970",138
"crumlinpedersen1988",306
"zeitzen1997a",306
"wenger2004",306
"sofartsmuseums1987",306
"baxter2008",306
"christensen1988",306
"cooper1978",306
"edgren1988",306
"elsner1992",306
"gillespie2001",306
"grieg1933",306
"hejgaard2010",306
"hojrup1983",306
"jensen2008",306
"sandberg2006",306
"schwartzman2006",306
"smolarek1969",306
"sztompka1994",306
"tesch2005",306
"zeitzen2002",306
"ostergaard2011",306
"hayeursmith2004",158
"byejohansen2004",158
"thunmarknylen2015",158
"albrectsen1994",200
"althoff1999",200
"andersen2011",200
"bede1968",200
"blair2005",200
"dulinicz2002",200
"foote1993",200
"gullbekk2008",1508
"keynes1991",200
"kornerupnd",200
"krag2003",200
"meier2002",200
"meulengrachtsorensen1997",200
"meulengrachtsorensen2001",200
"miuillermertens1999",200
"ottodergrosse2001",200
"pedersen2005",200
"refskou2004",200
"roesdahl1983",200
"roesdahl1987",200
"roesdahl1999",200
"roesdahl2004",200
"schoujorgensen1997",200
"skovgaardpetersen1977",200
"steinsland2008",200
"tesch2008",200
"wilson1966",200
"porsteinsson1987",200
"fangel1941",183
"chapman1981",111
"miller2005",111
"nylen1987",111
"andersson2016b",18
"cambridge2017",18
"hauptman2014",18
"aukrust1982",107
"ayers2016",107
"bergman2007",107
"carrer2015",107
"critch2018",107
"curdy2016",107
"norvegicum2019",107
"finstad2018",107
"gilck2019",107
"grjotheim1978",107
"gunnarsdottir2000",107
"hollesen2018",107
"kleiven1973",107
"kummen1983",107
"providoli2016",107
"rosvold2017",107
"savioz2016",107
"shawnd",107
"thun2018",107
"timberlid2015",107
"volken2015",107
"younghusbandnd",107
"shetelig1920b",165
"miles1989",63
"abbott2005",63
"gilmour1988",63
"aitken1966",63
"aitken1962",63
"aitken1983",63
"anon1996",63
"aspinall1977",63
"barley1964",63
"barley1981",63
"belfiore2007",63
"blinkhorn2013",63
"brooks1984",63
"bryant1977",63
"dallas1993",63
"dunning1959",63
"everson1999",63
"field1990",63
"ford1995",63
"froh2004",63
"gale1995",63
"garmonsway1972",87
"garrigos2001",63
"golitko2012",63
"goodwin2013",63
"harkel2013",63
"hebditch1964",63
"hurst1962",63
"ixer1997",63
"jordan1994",63
"kilmurry1980",63
"leah1994",63
"vander1993",63
"mainman1990",63
"maniatis1981",63
"maniatis1984",63
"mccarthy1988",63
"miles1974",63
"nailor1984",63
"price1975",63
"quinn2013",63
"rice2005",63
"rogerson1984",1509
"rye1981",63
"sawyer1998c",63
"arwidson1984",68
"arwidson1986",68
"arwidson1989",68
"bennike1985",68
"bennike1993",68
"calmer1977",68
"deniro1988",68
"gilbert2005",1510
"hoefs2004",68
"jorkov2007",68
"kanstrup2006",68
"leethorp2003",1511
"longin1971",68
"madsen1988",68
"reidla2003",68
"runge2010",68
"schoeninger1989",68
"sillen1998",149
"skibstedklaesoe1997",68
"sponheimer2006",68
"vanklinken1999",68
"verhulst1966",183
"verhulst1995",183
"walette2004",183
"paludan1991",183
"koch1936",183
"steensberg1952",183
"steensberg1973",183
"dobat2007",183
"meier2007",183
"tesch1992",183
"fangel1998",183
"tollin1998",183
"riddersporre2003",183
"nedkvitne2004",183
"fritz1988",183
"back1995",212
"gustin2011",212
"haussig1987",212
"martin1986",1512
"noonan1985",212
"noonan1989",212
"noonan2001",212
"rispling2007",212
"roslund1997",212
"roslund2009",212
"roslund2010",1513
"thordeman1926",212
"holmquistolausson2002",212
"johansson1997",212
"jonsson2001",212
"kovalev2001",212
"kovalev2002",212
"kovalev2005",212
"kovalev2011",212
"landgren1998",212
"younghusband1904",107
"of1917",16
"jensson1929",16
"arbman1936",16
"arent1969",16
"ekelund1956",16
"ellisdavidson1967",16
"gjeerder1964",16
"holmavist1955",16
"jansson1963",307
"perkins2001",16
"price1969",1514
"salin1913",90
"steinsland1936",16
"agrip1929",16
"hultgard2003",16
"hudson2005",1515
"rediker1987",71
"pennel1997",71
"leeson2009",71
"antony2002",71
"hudson2007",71
"price1991",71
"wulfstan1976",71
"artefacts1980",71
"birkeland1954",71
"arcini2005a",68
"catling2008",71
"griffiths1991a",71
"richards1989",71
"kanstrup2008",68
"andersson1975",149
"arcini2018",149
"arppe2010",149
"azmy1999",149
"buko2013",149
"chernykh1985",149
"faure2004",132
"fraser2018",149
"hyenstrand1982",149
"lewis2008",1516
"maldre2018",149
"margaryan2019",149
"peschel2014",149
"punning1987",149
"raukas2009",149
"ruff2012",149
"sillen1982",149
"trotter1958",149
"tuuling2011",149
"wea1980",149
"woelfel2002",149
"arcini1998",34
"baillie1991",224
"baillie2015",224
"bolender2011",224
"davies2015",224
"dugmore1992",224
"edwards2012",271
"einarsson1988",224
"erlendsson1995",224
"haflidason2000",224
"haflidason1992",224
"hammer1980",224
"hermannsaudardottir1988",224
"lane2014",224
"larsen1982",224
"larsen1984",224
"larsen1977",224
"lowe2008",1517
"lowe2011",224
"lowe2015",224
"lowe2001",224
"newton2008",224
"oladottir2008",224
"ponomareva2015",224
"roberts2000",248
"sigurgeirson2014",224
"sigurgeirsson1995",224
"sigurgeirsson2007",224
"sigurgeirsson1998",224
"sigurdsson1982",224
"sveinbjarnardottir2004",224
"theodorsson2009",224
"theodorsson2012",224
"vilhjalmsson1991",224
"vinther2006",224
"zielinski1995",224
"palmerbrown1995",63
"vince2009",63
"andersen1982a",160
"andersen1996",160
"bennike1994",160
"brather2001",160
"burschel1994",160
"caferro2006",160
"christophersen1940",160
"damgaardsorensen1991",160
"fiorato2000",160
"hermann1974",160
"krueger1985",160
"nielsen1990",278
"petersen1989",160
"roesdahl1975",160
"thordeman1939",160
"ahlstromarcini2005",34
"schjodt2013",34
"anderson2010",308
"bayman2013",308
"bentley2007",308
"brink2014",308
"buck1938",308
"erikson2015",308
"hauofa2008",308
"heyerdahl1938",308
"kane1997",308
"king2003",308
"kirch2010",308
"kirch2012",308
"kirch2014",308
"kirch2007",229
"kirch1992",308
"ljungstrom2004",308
"ravn1993",308
"ravn2011",308
"ravn2018",308
"salmond2010",308
"schjodt2017",308
"smith2010",1518
"spriggs2008",308
"spriggs2016",308
"stolpendd",308
"thomas1997",308
"thomas2010",308
"wawn2000",308
"raukas1997",149
"hinton2005",104
"hoilundnielsen1999",1519
"leigh1984",309
"clauskrag1982",41
"ruth1988",41
"lindkvist2003",41
"yuhl2013",41
"cameron2008",41
"cameron2016",41
"lewis2017",41
"karras1980",41
"larson1935",41
"lee1936",41
"audr2001",41
"benraffield2017",41
"see2012",41
"reuter2012",41
"blili1996",41
"somerville2014",41
"ch2011",41
"michaelswanton2000",41
"robinson1921",41
"gothenburg2000",41
"goodall1990",41
"henning2012",41
"warner2009",41
"olsson2017",41
"simpson2018",41
"ch2000",41
"lunde2012",41
"jankowiak2016",41
"lewis2016",41
"ostergren2008",41
"kankpeyeng2009",41
"laird2010",41
"bodel2005",41
"walz1977",41
"daniel1992",41
"morgan1998",41
"warren1977",41
"bodel2014",41
"ireland1952",41
"hardh2001",149
"lamm2005",149
"lang1995",149
"salmo1938",149
"skrzat2010",149
"tarvel1982",149
"trotter1952",149
"anderson2002",1520
"arnold1991",1521
"dowson2006",1522
"dror2017",1523
"fridriksdottir2013",56
"geller2017",56
"gero1985",56
"ghisleni2016",56
"herget2008",56
"jansson1992",56
"jensen2018",56
"jordan2009",56
"joyce2008",56
"knauer2001",56
"lindqvist2004",56
"nakhaeizadeh2014",56
"nilssonstutz2013",56
"norgardjorgensen1997",56
"olausson2001a",56
"reeder2008",56
"sorensen1983",56
"stolpe2019",56
"wylie1992",56
"dagstorp1999",1524
"mark1998",1525
"bogelund1999",1526
"naes2000",1527
"andersminde1980",1528
"okholm1996",1529
"starigardoldeburg1991",1530
"stro1984",1531
"bchin1965",1532
"albert1999",232
"albert2002",232
"barabasi2003",232
"becker1999",232
"becker2003",232
"clarke1972",1533
"dodds2003",232
"donat1984",232
"c2006c",232
"granovetter1973",232
"herrmann2005",232
"jacobsson2000",232
"jons1997",209
"lundquist2003",232
"meier1991",232
"ormerod2004",232
"palmer2003",232
"palmer2004",232
"ravasz2003",232
"renfrew1977",232
"schoknecht1977",232
"schuldt1965",232
"schuldt1967",232
"schuldt1981",232
"schuldt1985",232
"wasserman1994",232
"watts2003",232
"watts1998",232
"wells2005",232
"wietrzichowski1993",232
"ahlen1998",1534
"aikio2006",1535
"alenius2007",1536
"alenius2011",1537
"barrett2009",1538
"carpelan1984",1539
"carpelan2003",215
"carpelan2006",1540
"donner1986",215
"edberg1999",215
"fewster2006",215
"halinen2005",215
"herrgard2005",215
"hiekkanen2010",215
"huurre1983",215
"hakkinen2010",215
"ivars2002",215
"jaakkola1935",215
"karlsson1987",215
"korpela2004",215
"kovalev2007",215
"kriiska2007",215
"kumpulainen2004",215
"kuusela2011",215
"lehtosalohilander1985",215
"lehtosalohilander2001",215
"leskinen2008",215
"masonen1989",215
"meinander1950",215
"moilanen2010",215
"nordman1944",215
"norrman1983",215
"nunez1993",215
"nunez1995",215
"orrman1991",215
"orrman1993",215
"poutiainen2008",215
"raninen2010",215
"ringbom1994",215
"roeckhansen1995",215
"salo2000",215
"schalin2008",215
"spirgis2006",215
"spiridonov1991",213
"taavitsainen1980",215
"taavisainen1988",215
"taavitsainen1994",215
"taavitsainen1999",215
"taavitsainen2007",215
"tomtlund2005",215
"uino2003",215
"maria2001",215
"valtonen2008",215
"viklund2002",215
"wickholm2000",215
"wickholm2004",215
"kirpichnikov1985",232
"makarov1990",213
"makarov2009",213
"melnikova1991",213
"muller1987",135
"nerman1929",1541
"nosov1992",126
"nosov2001",263
"ravdonikas1949",56
"smolichev1925",297
"sitii2006",297
"andren2004j",37
"beskowsjoberg1987",37
"crumlinpedersen1995d",37
"t1999",37
"grahamcampbell1998j",275
"price1989a",132
"skaarup1972",37
"terry1990",37
"ludtke2001",232
"barabas2003",232
"brinch1991",165
"jansson2008",165
"hakonshetelig1917",165
"harrison2010",248
"russell2007",1542
"budd2014",1543
"score2010",1544
"lundraffield1989",1545
"griffiths1997",275
"ross1983",57
"thee1980",1546
"baker1997",57
"khoroshev2007",1547
"kotowicz2007",1548
"macgregor1978",104
"binns1963",104
"booth1987",104
"booth1997",104
"bulock1960",104
"clark1966",104
"craig2010",104
"cramp1976",104
"kemp1996",104
"kershaw2008",104
"leahy2000",104
"morris1977",104
"morris1984",104
"naismith2011",104
"naylor2001",104
"peers1943",104
"powlesland1998",104
"rahtz1967",104
"schoenfelder2011",104
"stocker2007b",104
"thomas2003",104
"townend2014",104
"williams1988",104
"wrathmell2012",104
"richards2014",104
"richards2015",104
"richards1983",57
"williams1983",57
"swanton1970",57
"cluniesross1985",57
"james1997",1549
"woodward2004",57
"beskowsjoberg1987a",1550
"beltznd",276
"clark1984",276
"davis1983",276
"fehring1987",276
"fehring1995",135
"gerrard2003",276
"hubener1959",276
"karlin1922",276
"liebgott1989",276
"lischnd",276
"moreland1991",276
"sorensen1989",276
"verhaeghe1994",276
"wiessner1939",276
"desha2000",310
"honolulu1991",310
"dining1980",310
"athens2017",310
"oxfordroutledge2016",310
"graeber2017",310
"redknap2004b",310
"amkreutz2004",310
"lewis1972",310
"mattes2016",310
"mattes2008",310
"comacchio1983",310
"whitehouse1983",310
"hooper2006",310
"kirch1985",310
"kristiansen1998",310
"space2015",310
"rainbird2015",310
"ratnagar2001",310
"jp2010",310
"sherratt1993",310
"clark2008",310
"valeri1985",310
"malarlandskapen1993",310
"wallin1993",310
"westerdahl1992",310
"jankuhn1975",165
"ramskou1999",165
"rundkvist2001",165
"windgather1990",165
"windgather2003a",165
"sussex1997",57
"waitznda",57
"ramskou1963",165
"neiss2070",165
"attwood2000",1551
"einarsson1991",1552
"blake1962",1553
"durrenburger1934",1554
"ol1939",1555
"ellison2000",1556
"finlay2011",1557
"finlay1959",25
"kennedy1997",25
"kunz2000a",1558
"schmeidler1917",25
"toddnd",1559
"tschan1959",1560
"alkrenawi1999",25
"alkrenawi2002",25
"audur2008",25
"barry1981",25
"baumeister2004",25
"betzig1995",25
"borovsky1999",25
"boyden2007",25
"bragg2008",25
"breitman2004",25
"broude1976",25
"caldwell1998",25
"ross2010",25
"daly1980",25
"divale1976",25
"elbedour2006",25
"fleisher1999",25
"fleisher2004",25
"grossbardshechtman1993",25
"graslund1989",25
"henrich2012",25
"hraundal2014",1561
"huber2011",25
"jankowiak2008",25
"jankowiak2005",25
"karamagi2006",25
"karras1992",25
"kress2002",25
"kolker2014",25
"larrington2016",1562
"liwoch2007",25
"ljungqvist2015",25
"miller1982",25
"norrman2000",1563
"norstein2014",25
"odonoghue2004",1564
"omariba2007",25
"ritchie1976",25
"saelebakke1986",25
"schacht2015",25
"simek1992",25
"sjoberg1976",25
"sorensen1946",25
"wyatt2009",25
"boyes1921",1565
"grierson1959",1566
"gulibekk2005",1567
"hedeager1993",226
"lunden1999",1568
"steinnes1936",264
"pormksson1992",264
"back1984",276
"karlin1923",276
"aberg1923",1569
"aija1997",1570
"ailio1922",1571
"ambrosiani1956",1572
"ambrosiani1968",231
"arbman1932",231
"areslatt1993",231
"arrhenius1999",231
"atterman1935",231
"bennettlagerlof1978",231
"bennett1976",231
"blindheim1949",231
"dreijer1966",231
"drotz1995",231
"ekholm1918",231
"eniosova1998",231
"enqvist1923",231
"gudesen1980",231
"hackmannd",231
"hagberg1966",231
"helgen1982",231
"herteig1955",231
"holmqvist1970",231
"horfors1988",231
"kivikoski1980",231
"lind1984",231
"lindahl1950",231
"macgregor1997",231
"marstrander1973",231
"martens1969",231
"monteliusnda",231
"nilsson1990",231
"odencrants1933",231
"rasch2001",231
"ostergaardjensen1987",231
"petre1984b",231
"ramqvist1998",231
"rasmussen1989",231
"reisborg1994",231
"ryghndf",153
"salinnd",231
"sarauw1923",231
"schonbeck2002",231
"serning1960",231
"simonsson1972",231
"spirgis2007",231
"stjernquist1951",231
"stolpe1927",231
"tillvaxten1909",231
"vangpetersen1991b",231
"vedelnda",231
"worsaaenda",231
"bagge2010",311
"englert2007c",311
"callmer1976",311
"dalton1975",311
"elster2007",311
"finley1973",311
"hansen1977",278
"jansen2015",311
"lie1988",1573
"mikkelsen2006",311
"mitchell1984",260
"myrvoll1992",311
"ostmo2011",311
"pilo1990",311
"polanyi1944",264
"rundberget2009",311
"stenvik2003",1574
"swedberg2014",311
"wiberg1977",311
"voncarnapbornheim2007",132
"cohen1997",132
"fuchtbauer1971",132
"dejong2010",132
"kiefferolsen1997",132
"lihammer2007",1575
"lindstrom1991",132
"messenburg1972",132
"milthers1916",132
"moberg1994",132
"naum1925",132
"rossmann2000",132
"safran2005",132
"schoeninger2003",132
"vensild1996",132
"vonhejine2004",132
"wagnkilde1996",132
"nordal1938",25
"sigurdur1938",25
"christensen2012",115
"engberg2002",115
"rieck1992",115
"sigurdsson2012",115
"skre2005",115
"soderberg1966",115
"olausson2009",115
"kvhaa1903",231
"bratt1999",1576
"darvill2004",1577
"driscoll2004",1578
"meaney1995",1579
"meaney1997",102
"olafsson1985",238
"pantos2002",102
"pantos2003",102
"addyman1981",1580
"alcock1963",1581
"bayley1987",1582
"bayley1991",1583
"bayley2008",1584
"benson1911",1585
"blair1991",1586
"boni2003",144
"clarke1998",144
"coatsworth2002",144
"comber2004",144
"cowgill2009",144
"dickens2009",144
"cowie2012",144
"craddock1989",144
"daniels1988",144
"dommasnes1987",144
"emery2007",144
"eremin1998",144
"wilthew2002",144
"garmonsway1947",144
"gilmore1980",144
"griffiths2007",144
"hall2001",144
"higham1993",144
"hinton1990",144
"hinton1996",144
"hinton2000",144
"hinton2003",144
"hutcheson2009",144
"kershaw2010",144
"laing2006",144
"loken1987",144
"macgregor1999",144
"mann1982",144
"newman1993",144
"nicholson1997",1587
"omeadhra1987",144
"oriordain1971",78
"owencrocker1986",144
"paterson1997",144
"paterson2000",144
"pritchard1991",144
"radley1971",144
"seaman2013",144
"smith1923",144
"waltonrogers2004",260
"taylor1987",144
"thomas2004",144
"thomas2008a",144
"tweddle1986",144
"vince2001",78
"rogers2007",144
"rogers2014",144
"rogers2016",144
"wastling2009",144
"waterman1959",144
"webster2012",144
"caroline1999",56
"blank2018",56
"chukhina2015",56
"davydova1999",56
"dzhakson2002",56
"dzhakson1986",56
"glykou2018",56
"gorelov1997",56
"nv2017",56
"gromig2019",56
"jackson2003",56
"jackson2009",56
"khudoley2013",56
"kirpichnikov1984",56
"kirpichnikov2013",56
"knudson2007",56
"lalazarov2012",56
"moiseyev2014",56
"moisio2015",56
"ostman2004",56
"petrenko1985",56
"petterson1995",56
"platonova1996",56
"raffensperger2014",56
"saarnisto1995",56
"sankina2000",56
"sauramo1929",56
"karlgoran1999",56
"subetto1998",56
"zazzo2004",56
"dunfjeldaagard2005",126
"reymert1980",126
"arne1909",126
"bergstol2002",126
"bohannan1959",126
"brogger1928",126
"fjellstriim1962",126
"ell1990",126
"gullbekk2003",183
"jasinski1998",126
"kopytoff2000",126
"montelius1922",126
"niisstriim2001",126
"ojanlatva2003",126
"yrbyggjasaga1989",126
"sandmo1994",126
"kongesagaer1979",126
"steinsland1989",126
"steinsland1992",126
"steinsland1984",126
"stenberger1971",126
"byock1998",307
"fox1974",1588
"palsson1986",307
"whitelock1976",307
"alesina1999",307
"coffe2006",307
"dcms2002",307
"doosje1995",307
"eger2010",307
"ellemers1997",307
"ellisdavidson1976",307
"jans2015",307
"stewart1991",307
"korostelina2007",307
"lindeman1997",307
"lonnroth2008",307
"lund1985",307
"maderer2014",307
"mcdonald2012",307
"petta1992",307
"putnam2006",307
"rhee1996",307
"sawyer1985a",307
"schjodt2011",307
"smith1997",307
"sosis2006",307
"swann2009",307
"swann2012",307
"tajfel1971",307
"thomas1999",307
"tropp2001",307
"whitehouse2012",307
"whitehouse2014",307
"pantos2004",238
"holmback1933",214
"lucas1966",298
"bourke1993",298
"hedeager1994",1589
"hardh1988",298
"kruse2007",298
"lieber1989",298
"miller1986",298
"mullerboyson1987",298
"saunders1995",298
"bagerius2001",1590
"batey2012",1591
"becker2007",1592
"bickerton2015",1593
"grahamcampbell2001h",1594
"bird2000",1595
"blackmore2011",1596
"boothby2004",1597
"bychowski2018",1598
"casey2010",1599
"chagnon1992",1600
"coltrane2006",1601
"connell2000",1602
"connell2005",1603
"crawford2007",1604
"damon2006",1605
"dommasnes2008b",1606
"ember2015",1607
"enloe2017",1608
"erikson1950",1609
"pesch2018",1610
"gilligan1982",1611
"gilligan1990",1612
"gowland2001",1613
"gunnell2013",1614
"haapasalo2000",1615
"halstadmcguire2010b",1616
"handel2007",1617
"hays1982",1618
"higate2005",1619
"hinojosa2010",1620
"hollander1949",1621
"hooper2001",1622
"honwana2006",1623
"howard2000",1624
"kaland2008",1625
"kamp2015",1626
"keith2005",1627
"kimball2013",1628
"knusel2000",1629
"larrington2008",1630
"levine1990",1631
"lewissimpson2008",1632
"lillehammer2010",1633
"macinnes2016",1634
"mcguire2016",1635
"mead1934",1636
"meggitt1977",1637
"mellor2014",1638
"murphy2017",1639
"mygland2010",1640
"hencken1933",1641
"orchard2011",1642
"orme1995",1643
"perkins1972",1644
"preston2014",1645
"raninen2008",1646
"scribner1965",1647
"reynolds1991",1648
"ross2018",1649
"shimahara1970",1650
"soderberg2017",1651
"sofaer2011",1652
"solli2008",1653
"squires2013",1654
"swanton1997",1655
"underwood2006",1656
"varney2000",1657
"weinreich2009",1658
"weisner2015",1659
"weisner1977",1660
"werner1964",1661
"wessells2006",1662
"whaley2009",1663
"whitehouse2017",1664
"woolf2017",1665
"snorres1999",126
"armstrong2000",102
"a2007a",238
"barrett1994",238
"binford1972",1666
"brogger1950",238
"fuglestvedt2007",238
"grieg1942",238
"gunnes1976",238
"holmsen1939",238
"ilkjaer2000",216
"kallhovd1994",238
"krag1995",238
"munch1981",238
"munch2007",238
"myhre1997",238
"mollerop1957",238
"mollerop1971",238
"parkerpearson1982",238
"petersen1937",238
"ronneseth1963",238
"ronneseth1966",238
"sandnes1997",214
"shanks1982",238
"sigurdsson1993",238
"slomann1958",238
"sturlasson1964",238
"stenberger1966",238
"stenvik2005",238
"steuer1989",238
"storli2001",102
"tacitus1977",238
"titlestad1996",238
"thompson1965",238
"appelgrennd",213
"back2007",213
"callmer1980",213
"callmer1986",213
"carpelan1980",213
"damell1967",213
"delort1978",213
"edgren1999",213
"ekbo1981",213
"enqvist2004",213
"enqvist2006",213
"floderus1931",213
"gustavsson2001",213
"hackman1938",213
"haggren2005",213
"hiekkanen2001",213
"hirviluoto1986",213
"huurre1987",213
"huurre1992",213
"kivikoski1939",213
"lang1985",213
"ligi1994",213
"lind2000",213
"lind2006",213
"lind2009",213
"makarov2006",213
"morris1999",213
"raportteja2003",213
"pimenov1965",213
"purhonen1992",213
"purhonen1997",213
"ryabinin1978",213
"ryabinin1986",213
"saksa1985",213
"saksa1992",213
"schmid1942",213
"silliman2005",213
"stang1981",213
"stein1998",213
"stein1999",213
"stein2002",1667
"syse1987",213
"taavitsainen2004",213
"tomantera1991",213
"tvauri2005",213
"zakharov2004",213
"boe2012",90
"fjell2005",11
"goffman1971",1668
"grieg1943",124
"holtorf2005",1669
"rasmussen2013",209
"anon2011",263
"bloch1939",263
"chin2004",263
"dillmann1996",263
"hall1984",263
"hilberg2008a",48
"horton2000",50
"klejn2009",263
"knirk1999",263
"mcgovern2011",263
"mullerwille1996",263
"nordenborgmyhre2001",263
"nosov1998",263
"steuer1990",263
"vollertsen1989",263
"ward2000",263
"wallace2001",263
"willemsen2009",263
"wynnejones2007",263
"tacitus1997",238
"batey1994",271
"bjornskov2009",271
"bohnet2008",271
"bourdieu1986",271
"brondsted1960",271
"chartrand2006",271
"barry2008",271
"delhey2005",271
"dohmen2008",271
"freitag2008",271
"greif1989",271
"greif1993",271
"greif2006",271
"greif2012",271
"guiso2008",271
"haywood1995",271
"langer2002",271
"lookofsky2006",271
"milgrom1990",271
"nannestad2008",271
"nunn2011",271
"olson1993",271
"ostrom2009",271
"ozcan2011",271
"paldam2000",271
"putnam1993",87
"putnam2000",271
"raffield2009",271
"ramskou1962",271
"rothstein2003",271
"rothstein2005",271
"svendsen2004",271
"svendsen2009",271
"svendsen2012",271
"sorensen1990",271
"traunmuller2011",271
"uslaner2002",271
"uslaner2008",271
"vikings1997",271
"weber2009",271
"williamson1993",271
"aegidius1977",1670
"albrectsen1941",1671
"albrectsen1970",1672
"albrectsen1984",1673
"andersen1987",1674
"andersen1998",54
"andersen1971",1675
"andersson1972",1676
"andren1994",1677
"arentoft1984",1678
"arentoft1985",1679
"arentoft1993",1680
"arentoft1999",1681
"bartholin1976",1682
"bartholin1974",1683
"becker1982",1684
"bertelsen1991",1685
"bertelsen1992",1686
"binderup1996",1687
"bjerregaard2016",1688
"bjerregaard2017",1689
"christensen1975",1690
"christensen1977",1691
"christensen1999",1692
"christensen2017",1693
"elkjaer2001",1694
"og2001",1695
"fussel2008",1696
"amt1992",1697
"gothche1995",1698
"grandtnielsen1982",1699
"harnow2005",1700
"haupt2006",1701
"henrichsen1968",1702
"henriksen1988",1703
"henriksen2012",1704
"hoff2000",1705
"hohenberg1985",1706
"hohenberg1995",1707
"hojlundnielsen1987",1708
"jacobsen2000",1709
"jacobsson2003",1710
"jeppesen1981",1711
"johannsen1995",1712
"jorgensennda",1713
"juel2010",196
"kousgardsorensen1969",196
"krongaardkristensen1998",196
"krongaardkristensen2016",196
"langkilde2007",196
"lauritsen1974",196
"lauritsennd",196
"levinnielsen1968",196
"linaa2016",196
"lindblom2013",196
"lundhansen1988",196
"lundo2012",196
"madsen1982",196
"mathiesen1922",196
"mathiesen1927",196
"mejdahl1993",196
"moller2008",196
"nasman1996",196
"nielsen1984",196
"nilsen1990",196
"nilsson2015",196
"norgaardjorgensen2002",196
"nyberg1982",196
"odman2014",196
"olesen2014",196
"olsen1969",196
"pagh2016",196
"petersen1987",196
"porsmose1996",196
"poulsen2015",196
"riis1999",196
"rindel2001",196
"rosch2013",196
"runge2016",196
"runge2017",196
"sanke2001",78
"schorring2000",196
"skaarup1997",196
"skaarup2005",196
"smed1962",196
"sonderby1988",196
"stenak2005",196
"tarup1934",196
"thrane1996",196
"trap1957",196
"ulriksen2016",196
"ulriksen2014",196
"vraengmosejensen2017",196
"weber1958",196
"zeeberg2000",196
"zinglersen2004",196
"callmer1990",1714
"mccormic2001a",1715
"halcrow2008",1716
"loyn1977",243
"bakka1978",264
"davis1992",264
"granovetter1985",264
"gudeman1986",264
"gudeman2001",264
"herschend1980",264
"hirsch1987",264
"lie1997",264
"lunden1972",264
"munksgaard1978",264
"naumann1987",264
"sawyer1989",264
"wilk1996",264
"zafirovski2001",264
"adey2014",1717
"andrushko2011",1718
"beardsley1955",1719
"bergerbrant2007",1720
"binford1980",1721
"bollig1987",1722
"ceruti2004",1723
"cresswell2012",1724
"eerkens2014",1725
"font2012",1726
"frankopan2015",1727
"frei2017",208
"frobeniusnd",208
"frobeniusnda",208
"garnett1945",208
"gleirscher2004",208
"greenblatt2010",208
"gronenborn1999",208
"heberle1938",208
"helms1994",208
"hermes2018",208
"huntington1996",208
"jockenhovel1980",208
"jockenhovel1991",208
"jockenhovel1995",208
"jockenhovel1994",208
"kaufmann2004",208
"kelly1992",208
"kelly1995",208
"kimmig1958",208
"kootker2016",208
"krause1988",208
"lee1966",208
"ling2014",208
"lippert2007",208
"maixner2013",208
"marshall2015",208
"melheim2018",208
"murdock1967",208
"neaher1979",208
"neipert2006",208
"nerlich2009",208
"oelze2011",208
"pernter2007",208
"plomp2017",208
"podolny2005",208
"reiter2014",208
"reiter2015",208
"schadelindig2003",208
"scharlotta2018",208
"scheeres2014",208
"shellar2018",208
"sjastaad1962",208
"stewart2017",208
"tipple2013",208
"vandersanden1996",208
"vandkilde2007",208
"veblennd",208
"welsweyrauch1988",208
"wendrich2008",208
"white2009",208
"beck2013",124
"blindheim1954",124
"chase1997",124
"enright1988",124
"eriksen2002",124
"gansum2018",1728
"gjerpe2016",124
"meulengrachtsorensen2003",124
"myhrend",124
"nicolaysenndo",124
"sala2008",124
"skyllberg2008",124
"talma1993",124
"warner1987",124
"polanyi1957",264
"swedberg1992b",264
"anderson1998",11
"asbjornsen1914",11
"astveit2007",1729
"bangandersen2004",11
"barth2016",11
"bjorvand2000",1730
"bjorgo2016",11
"callanan1906",91
"christensen1986",86
"christiend",11
"vsnd",11
"clark1975",11
"derocher2000",11
"domanska2006",1731
"einbu2005",11
"finstad2010",91
"fjellheim2005",11
"frostatingslova1994",11
"gibson1979",11
"giese2013",11
"gulatingslovi1969",11
"hansen2005",86
"hodder2011",11
"hofseth1980",91
"hoyer2015",11
"indrelid2007",11
"ion1989",11
"jordhoy2013",11
"jordhoy2005",11
"jordhoy2012",11
"lagaboters1979",11
"martinsen2016",11
"molmen1988",11
"ryd2014",11
"roed2014",86
"roed2015",11
"spiess1979",11
"vorren1944",11
"wammer2007",11
"weber2007",11
"wiberg1987",11
"carlsson2012a",295
"clareus1999",295
"conyers2007",295
"conyers2010",295
"damiata2013",295
"daniels2004",295
"david2008",295
"gahrn1988",295
"goodman1993",295
"goodman2013",295
"grasmueck2005",295
"hjulstrom2014",295
"hjulstrom1920",295
"ilisch2004",295
"karlsson2008",295
"larsson1987",295
"leckebusch2003",1732
"lindqvist2000",295
"malmer1982",295
"neubauer2002",244
"nordenskjoldnd",295
"novo2010",295
"novo2012",295
"poscetti2013",295
"stenberg2006",295
"sundquist2013",295
"viberg2012",295
"urry2007",208
"armstrong1953",1733
"bates2000",1734
"bates2007",1735
"bayer2011",1736
"benedetti2011",1737
"berendsen2000",1738
"bird2010",1739
"bird1985",1740
"bristow2003",1741
"bristow2006",1742
"brivio2000",1743
"brown1997",1744
"burke2008",1745
"butzer1982",1746
"clemmensen2010",1747
"darwin1990",1748
"declercq2012",1749
"fatimarossetti2009",1750
"smedt2011",1751
"denham2008",1752
"deroin2011",1753
"dincauze2000",1754
"doneus2008",1755
"donoghue1988",123
"embleton1970",123
"chng2004",123
"fairbridge1985",123
"fitch2005",123
"french2005",123
"gabler2013",123
"gaffney2008",123
"harari1996",123
"hickin2009",123
"hodgson1976",123
"howard2008",123
"ilves2009",123
"ilves2012",123
"jensen1999",123
"jongmans2007",123
"kneisel2008",123
"komar1998",123
"lasaponara1995",123
"leopold2010",123
"linford2006",123
"lunt2005",123
"luo2012",123
"mansfield2007",123
"mcgraw2014",123
"mchugh1988",123
"nau2004",123
"neal2002",123
"neubauer2001",123
"neubauer2004",123
"proschdanielsen2006",123
"proulxmcinnis2013",123
"ramberg2008",123
"rapp2006",123
"saey2013",123
"schrott2008",123
"short2004",123
"siart2008",123
"soil2006",123
"syvitski1995",123
"tamura2012",123
"taylor1996",123
"trinks2015",123
"vandam2012",123
"wegmann2012",123
"weston2001",123
"wilkinson2003",123
"yoshiki2005",123
"dommasnes1992",205
"enright1995",205
"hornfuglesang1989",205
"kaliff2004",205
"koktvedgaardzeiten1997b",205
"larsson2005",205
"rosengren2007",205
"eriksen1991",114
"fern2012",114
"kirkup2006",114
"nasstrom1999",114
"sanmark2006",214
"koivisto1996",206
"leppaaho1936",206
"sarasmo1961",206
"sarkki1976",206
"cleve1948",206
"drobin1991",38
"hirviluoto1976",206
"honko1960",206
"huntington1979",206
"huurre1990",206
"karvonen1998",206
"keskitalo1950",206
"kitzler2000",206
"kivikoski1961",206
"kivikoski1963",206
"lehtosalohilander1988",206
"mandel2003",206
"oestigaard2006",206
"paulaharju1924",206
"purhonen1998",206
"palsi1938",206
"sarkkiisomaa1986",206
"sjoberg1994",206
"tarlow1999",206
"wickholm2005",206
"tacitus1960",205
"graslund1973",205
"randsborg1984",205
"stjernquist1989",205
"blinkhorn1999",232
"brather1996",232
"c2006d",232
"filipowiak1993",232
"soren2002",232
"jankuhn1956",232
"janssen1987",232
"kirpichnikov1997",232
"ohlsson1976",232
"sawyer1977",232
"warnke1992",226
"bjornstad2010",86
"bjornstad2012",86
"brandt2011",86
"excoffier2010",86
"flodin1989",86
"forster2003",86
"halinen2013",86
"hartnup2011",86
"hedman2015",86
"hofreiter2001",86
"hufthammer2011",86
"komber1987",86
"librado2009",86
"loftsgarden2017",86
"luik2015",86
"munch1998",86
"olivieri2014",86
"roed2008",86
"roed2011",86
"roed2018",86
"rytter1997",86
"rytter2007",86
"schia1986",86
"skogland1980",86
"star2018",86
"wandeler2007",86
"marstrander1932",275
"megaw1950",275
"moore1900",275
"shetelig1925",275
"shetelig1945",275
"shetelig1954",275
"whitelock1967",275
"wilson1974",275
"sorensen1988",123
"arnorsdottir1973",226
"blackburn2009",226
"bourdieu1990b",226
"dalton1977",226
"ed1984a",226
"gustin1996",226
"hedegaard2002",226
"heijne2004",226
"horsnaes2000",226
"kazanskij2007",226
"kromann1985",226
"metcalf1997",226
"mikkelsen2001",226
"north1990",87
"odeback2009",226
"pertznd",226
"ed1905",226
"vinsrygg1975",226
"schia1989",86
"bertran1991",116
"cammas1994",116
"cammas1995",116
"cremaschi2010",116
"fitzpatrick1993",116
"galinie2004",116
"loveluck2001",116
"maixner2010",116
"de1997",116
"nicosia2014",116
"schiegl1996",116
"verslype2004",116
"wouters2013",116
"ballantyne1994",214
"ballantyne1999",214
"bauge1980",214
"brandnd",214
"heggstad1975",214
"indrebo1936",214
"jakobsen1936",214
"mackie2002",214
"mccullough2000",214
"nymoen1995",214
"nymoen1997",214
"ogrady2008",214
"paton2011",214
"palsson2003",214
"bruce1908",214
"cant1975",214
"cleasbynd",214
"js1914",214
"coolen2011",214
"crawford1984",214
"dodgson1972",214
"donaldson1958",214
"edmondstonnd",214
"fellowsjensen1996",214
"greignd",214
"stewart1987",214
"solvara2002",214
"waugh2005",214
"westerdahl2004",214
"westerdahl2004a",214
"zoega1910",214
"peel2009",214
"riisoy2013",214
"ringstad2006",214
"ritchie1997",214
"sanmark2011",214
"schlyternd",214
"barabasi1999a",232
"freke1992",275
"omgard1980",313
"taebringmikkelsen1986",313
"coggins1967",313
"behrenlubchin1965",313
"ystadtankbaten1976",313
"brughmans1989",313
"worldcatbuttler1991",313
"cheng2006",313
"krause2000",313
"dress2007",313
"fitzhugh2000a",260
"forster2006",313
"gen2008",313
"graham2006",313
"hage1991",313
"isaksen2008",313
"worldcatjohansen2004",313
"klincewicz1998",313
"worldcatkorte2006",313
"labianca2006",313
"lebecq2007",313
"minoux1989",313
"crossrefmizoguchi2009",313
"batagelj2005",313
"randall2001",313
"randall1994",313
"worldcatschofield2005",313
"worldcatsindbaek2010",313
"terrell2010",313
"young2006",313
"valente2005",313
"vince2005",313
"bayley2007",220
"bech2011",220
"edwards1999",220
"escher1976",220
"higgins1966",220
"ingstad1985",220
"jackson2000",220
"jackson1978",220
"jordan1980",220
"linderothwallace2006",220
"ere2002",220
"morgan1975",220
"rasmussen2010",220
"roussel1941",220
"stonge2000",220
"burstom1993",226
"london1990",78
"michelmerch1972",78
"batey1987",78
"brown2003",78
"buttler1989",78
"buttler1991",78
"crumlinpedersen1984",78
"driscoll2002",78
"henry1945",78
"henry1952",78
"hubbard1989",78
"khvoshchinskaya2007",78
"lane2007",78
"maclaren1974",78
"mann1984",78
"may1948",78
"mills2007",78
"osullivan1970",78
"pearson2001",78
"rollason2004",78
"santi2005",78
"sharples2003",78
"sidebottom2000",78
"wallace1981",78
"wallace1985",78
"pirenne1938",116
"meier2001",1756
"cabot2004",78
"ahlen1994",108
"collen2011",108
"devries1961",108
"duwel2001",1757
"eriksson1991",108
"gelting2000",108
"gren2003",108
"gustavson1995",108
"hafstrom1962",108
"iversen2004",108
"kallstrom2012",108
"krovel2001",108
"lamm2006",108
"lindkvist1979",108
"ljung2001",108
"lagaboters1915",172
"mejsholm1954",108
"nasman2008",108
"nelson2013",108
"norseng1987",108
"peterson2007",108
"peterson2012",108
"stahle1969",108
"ringstad1989",108
"ronneseth1975",234
"selinge1980",108
"sturluson1995",108
"stahle1956",108
"stahle1958",108
"struck1990",108
"sundqvist2016",1758
"taranger1913",108
"vikstrand2015",108
"vogt2010",108
"williams1996",108
"winberg1985",108
"zachrisson2002a",108
"aitchson1994",102
"bagge1989",102
"ballantyne1999a",102
"bartlett1994",102
"brink2003",38
"brynjulfurnd",102
"dndiplomatariumnorvegicumnd",102
"driscoll1998",102
"driscoll2000",102
"flatman2010",102
"fornsok2012",102
"fridriksson2004a",102
"wollett2004",102
"damiata2005",102
"gelling2000",102
"gilchrist1995",102
"glass2011",102
"glick2005",102
"groenewoudt2009",102
"gustafsson2001",102
"hebede1968",102
"hellquist1980",102
"henriksen2001b",102
"higham1992",102
"holm2009",91
"iversen1956",102
"kulikowski2005",102
"larsson1995",102
"goff1988",102
"liebermann1913",102
"mehler2012",102
"moore2005",102
"narmo1996",172
"oosthuizen2011",102
"rippon2004",102
"rygh1907",102
"samdal2008",102
"simonsson1984",102
"staf1935",102
"stocking2000",102
"vesteinsson2011",102
"akureyri2001",102
"vestergaard1988",102
"warner1988",102
"widgren1986",102
"skorokhod2017",297
"smolichev1926",297
"stankevich1962",297
"skorokhod2018",297
"sytyi2006",297
"heid2008",78
"axboe1991",216
"bakka1981",216
"bursche2002",216
"boe1923",216
"cipolla1956",216
"dyhrfjeldjohnsen2013",216
"engeler1991",216
"fonnesbechsandberg1985",216
"fonnesbechsandberg1988",216
"fonnesbechsandberg1989",216
"frimannslund1966",216
"gemici2015",216
"graeber2011",216
"guest2008",216
"hagland1994",216
"herschend1987",216
"herschend1991",216
"humphrey1985",216
"ingham2004",216
"innes1913",216
"innes1914",216
"kilger2015",216
"klang2013",216
"kallstrom2010",216
"leeper1933",216
"meikle1994",216
"munch1956",216
"munksgaard1956",216
"naismith2012",87
"painter2013",216
"pare2013",216
"rau2013",216
"rovelli2012",216
"ruthstrom1993",216
"schacht1949",216
"scull1990",216
"steuer2013",216
"stormndd",216
"voss1955",216
"wray1999",216
"zelizer1994",216
"zimmermann2003",1759
"ashby2012",8
"blehr1973",8
"clarke1988",8
"donaldson1981",8
"edwards1997",8
"hunter1982",8
"hunter1989",8
"kjoshanssen1973",8
"macgregor1983",8
"meiri2013",8
"morris1985",8
"smirnova2005b",8
"solazzo2011",8
"sommer2009",8
"sykes2011",8
"wasser2008",8
"biggs2014",1760
"bjordal2017",1761
"bradley1991",1762
"collis1995",1763
"dumville1977",1764
"feldman1975",1765
"fulk2014",1766
"grant1986",1767
"green1965",1768
"gutsmiedlschumann2018",1769
"gothberg2018",1770
"hall2006",1771
"heaney2001",1772
"heinertz1925",1773
"hodder1976",1774
"hardh2002",32
"ilkjaer2001",32
"imer2010",32
"indrebo1932",32
"jorpeland2018",32
"klaeber1950",32
"klaeber2014",32
"lindkvist2003a",32
"ljungkvist2017",32
"malmros1999",32
"malone1962",32
"neidorf2013",32
"neidorf2014",32
"neidorf2017",32
"nerman1942",32
"niles2007",32
"nasman1999",32
"osborn2007",32
"ostmo2018",32
"pilo1993",32
"pohl2009",32
"rau1955",32
"reichert1987",32
"reichert1990",32
"rix2015",32
"sawyer1991",32
"schlesinger1965",32
"schnetz1990",32
"scull2016",32
"seiler2018",32
"steuer2006",32
"sundqvist2018",32
"svennung1974",32
"sorensen1982",32
"talbot1954",32
"taranger1934",32
"teigen2007",32
"wikborg2018",32
"wolfram1971",32
"wolfram2008",32
"wolfram2009",32
"wolfram2011",32
"wood1994",32
"wood1977",32
"aarsleff1955",230
"fuglesang1985b",230
"cunliffe2002",64
"edwards1917",64
"espelund2013",64
"frank1998",64
"harding2013",64
"harris2003",64
"holm2005",64
"metcalf1995",64
"trakadas2014",64
"tschan2002b",64
"vosmer2014",64
"uws2004",216
"wray2004",216
"ahmad2006",1775
"aikawafaure2009",1776
"ankersmit2009",1777
"ashworth2007",1778
"bender1993",1779
"bender2007",1780
"m2002",1781
"bhaskar1989",1782
"binford1962",1783
"bohm2001",1784
"bohm2008",1785
"w2006",1786
"braudel1949",1787
"braziel2003",1788
"carman2002",1789
"chakrabarty2009",1790
"cheape2009",1791
"clark1936",1792
"clark1954",1793
"crossland2005",1794
"crutzen2002",1795
"dawdy2009",1796
"dixon2005",1797
"domanska2009",1798
"domanska2010",1799
"durkheim1904",1800
"dybdahl2010",1801
"eagleton2000",1802
"edgeworth2010",1803
"t2006",1804
"flannery1973",1805
"foley2005",1806
"fraiture2010",1807
"fraiture2009",1808
"fraser2000",1809
"fraser2001",1810
"fukuyama2002",1811
"gibbon1989",1812
"grosjean2007",1813
"hacking1999",1814
"haraway2008",1815
"harman2010",1816
"harrison2009",1817
"hodder1987",1818
"hodder1999",1819
"holmberg2008",1820
"holtorf2007",1821
"holtorf2011",1822
"hyenstrand1988",1823
"jenkins2004",1824
"jong2008",1825
"kirshenblattgimblett1994",1826
"kirshenblattgimblett2004",1827
"kolen2009",1828
"kotchen2007",1829
"kristiansen2002",1830
"kurin2004",1831
"labinger2001",1832
"lakatos1973",1833
"latour1993",1834
"latour2003",1835
"latour2005h",1836
"levistrauss1962",1837
"lowenthal1985",1838
"madsen1900",1839
"mason2000",1840
"moberg1977",1841
"mullerndc",1842
"mullerndd",1843
"nilsen2003",1844
"nummedal1912",1845
"nussbaum1999",1846
"naess1973",1847
"oestigaard2004",1848
"oestigaard2007",1849
"olsen1986",1850
"olwig2001",241
"parkerpearson2006",241
"parkin1999",241
"partner2009",241
"periman2006",241
"petersennd",241
"pickering1993",241
"pickering1994",241
"piotrowski2006",241
"pollard1998",241
"rorty1989",241
"rose2007",241
"ruddiman2003",241
"ruddiman2005",241
"samuel1994",241
"sanden2008",241
"schanche1983",241
"schwandt1994",241
"serres1995",241
"shanks2010",241
"skolimowski1974",241
"skounti2009",241
"sloterdijk2009",241
"smail2007",241
"snow1959",241
"snow1966",241
"solli1989",241
"spiegel2009",241
"steinberg2002",241
"stotz2008",241
"svestad1995",241
"terrill2008",241
"todorov1993",241
"tvedt2010",241
"waterton2006",241
"watson1971",241
"weisman2007",241
"welinder1986",241
"white1949",241
"white1959",241
"willey1958",241
"wolfe2010",241
"zalasiewicz2008",241
"zalasiewicz2010",241
"blindheimnd",201
"ka1999",201
"ka1995",201
"almgren1904",1851
"eibl2005",135
"ernst1989",1852
"faull1976",135
"zielonka1957",135
"zydok2004",135
"bergsveinn2007",32
"granzweig2018",32
"harding1977",135
"mullerwille1987",135
"murphy2008b",135
"pettersson1991",135
"duwel1995",135
"souers1937",164
"becker1973",90
"keay2014",1853
"evans2015",1854
"stott2018",1855
"kjaer2018",1856
"trier2019",1857
"guyot2018",1858
"rizaldy2018",1859
"colgan2012",1860
"liu2017",1861
"meng2012",1862
"jain1997",1863
"chen2014",1864
"breiman2001",1865
"belgiu2016",1866
"strobl2009",1867
"flemming2007",1868
"rosenkranz2015",1869
"vennersdorf2017",1870
"mitchell1988",1871
"vanderwalt2014",113
"illingworth1987",113
"cerrillocuenca2017",113
"schubert2017",113
"ester1996",113
"freeland2016",113
"trier2009",113
"kvamme2016",113
"verdonck2016",113
"lewis1995",113
"bryant1987",113
"guisan1999",113
"korsgaard2004",113
"dereu2013",113
"riley2017",113
"knudsen2012",113
"jakobsen2017",113
"andersen1992",113
"pedregosa2011",113
"steffensen2014",113
"marmol2004",113
"tsai2008",113
"andreasen2016",113
"french2010",113
"grieve1992",113
"french2018",113
"davis2019",113
"lambers2016",113
"traviglia2016",113
"lambers2019",113
"trier2016",113
"zingman2016",113
"verschoofvandervaart2019",113
"zhu2006",113
"benediktsson1997",113
"sevara2018",113
"fortidsminder2018",113
"petersen2015",113
"biermann2016",113
"harck1986",113
"overgaard2016",113
"harck1990",113
"hoy1991",113
"wu2016",113
"certini2013",113
"zhang2018",113
"silburt2019",113
"hanson2012",113
"cowley2012",113
"sevara2013",113
"jonsson2007",27
"saxe1970",135
"blochnakkerud1994",172
"blom1991",172
"christophersen1974",172
"frostatingslovahagland1994",172
"indrelid1988",172
"jouttijarvi1991",172
"loftsgarden2011",172
"lyngstrom2009",172
"mjaerum2007",172
"pilo2013",172
"pilo2012",172
"pleiner1989",172
"bagge2008",91
"brink2008ag",91
"ekrem1998",91
"evenstadnd",91
"gundersen2016",91
"gunnarsdottir1999",91
"hoeg1996",91
"hougen1930",91
"jacobsen2005",91
"jordhoy2007",91
"larsen2009",91
"magnus2005",91
"moen1998",91
"orning2008",91
"ostrom1990",91
"risbol2005",91
"saetren2011",91
"salvesen1969",91
"sevatdal1985",91
"solem2004",91
"stenseth2005",91
"ruralia2005",91
"wangen2006",91
"jorgensen1986",201
"alsleben2009",278
"andreasson2010",278
"behre1976",278
"behre1978",278
"billing1998",278
"bjorkman2007",278
"eggen1991",278
"farrar1998",278
"fredskild1971",278
"fruergaard2005",278
"gleason1994",278
"greig1996",278
"harild2007",278
"heimdahl2009",278
"heimdahl2010",278
"helbaek1958",278
"henriksen2008",278
"hjelmqvist1963",278
"holmboe1927",278
"jacomet1988",278
"jensen1979",278
"karg2007",278
"karg2010",278
"karg2012",278
"karg2002",278
"kirleis2011",278
"knorzer1999",278
"kolstrup2009",278
"korbergrohne1987",278
"kroll1986",278
"kroll1987",278
"kroll2007",278
"lageras2003",278
"lange1997",278
"lundquist2006",278
"moffett2006",278
"moltsen2005",278
"moltsen2009",278
"nielsen2010",278
"pettersson2002",278
"ramskou1974",278
"regnell2001",278
"strank2008",278
"tollin2005",278
"vanderveen2005",278
"stene2014",91
"berg1983",236
"berglund2015",236
"bjorkbom1907",236
"cabouret1989",236
"emanuelsson2001",236
"erixon1918",236
"erixon1956",236
"frodin1925",236
"hellstrom1917",236
"indrelid1994",236
"kvamme1988",236
"lofgren1982",236
"marsden2005",236
"montelius1977",236
"nyman1952",236
"olsson1998",236
"prescott1995",236
"sandnes1989",236
"sandnes1991",236
"schug2010",236
"styhre2013",236
"svensson2015",236
"wennersten2002",236
"whatmore2002",236
"asc1961",87
"baker2010",87
"bjornskov2013",87
"blackburn2014",87
"blair2014",87
"campbell1986",87
"congleton2015",87
"faith2014",87
"freudenthal1944",87
"gillingham1989",87
"gundlach2019",87
"hendrickson2018",87
"hillman2019",87
"hobbesnd",87
"keynes1986",87
"konrad2012",87
"lambert2017",87
"lawson1984",87
"lawson2014",87
"leeson2007",87
"miller2014a",87
"mostert2014",87
"olson1965",87
"olson2000",87
"ormrod2000",87
"pelteret2014a",87
"piano2019",87
"powell2009",87
"salter2015",87
"spejlborg2016",87
"vahabi2011",87
"vahabi2016",87
"wareham2012",87
"whitelock2007",87
"yorke2014b",87
"young2016",87
"young2018",87
"adam1917",314
"grammaticus1979",314
"bruunnd",314
"brogger1937",314
"isleifsson2011",314
"keegan1987",314
"references2006",314
"einarsson2007",314
"rafnsson1990",314
"rockman2010",314
"steele2003",314
"sigurgeirsson2013",314
"smith2005",314
"sveinbjarnardottir1992",314
"vilhjalmsson1989",314
"walter2010",314
"thorarinsson1943",314
"thorarinsson1977",314
"thordarson1909",314
"lenzen2012",1872
"frachetti2017",1873
"hoffmann2002",1874
"orton2011",1875
"gohring2016",1876
"sundby2008",1877
"opdal2010",1878
"nedkvitne2016",1879
"pauly1995",1880
"jackson2001",1881
"lotze2009",1882
"nielsen2017",1883
"arndt2003",1884
"boessenkool2009",1885
"schroeder2015",1886
"kayser2011",1887
"bradbury2013",1888
"knutsen2010",1889
"selkoe2016",72
"hutchinson2015",72
"bradbury2010",72
"hemmerhansen2013",72
"sodeland2016",72
"berg2016",72
"kirubakaran2016",72
"barney2017",72
"hilberg2014f",72
"orton2014",72
"nielssen2016",72
"wickler2014",72
"ma2012",72
"green2009",72
"jonsson2013",72
"pinhasi2015",72
"prinz2007",72
"boessenkool2017",72
"carpenter2013",72
"speller2012",72
"moss2014",72
"olafsdottir2014",72
"grealy2016",72
"nikulina2016",72
"moss2016",72
"hoffmann2004",72
"kirkpatrick2010",72
"hutchinson2001",72
"arnason2015",72
"sorheim2016",72
"wright2006",72
"skjaeraasen2011",72
"barth2017",72
"knutsen2003",72
"jorde2007",72
"neuenfeldt2013",72
"nielssen2009",72
"schmolcke2004",72
"barrett2015",72
"cooper2000",72
"star2016",72
"schubert2014",72
"lindgreen2012",72
"star2011",72
"torresen2017",72
"li2009",72
"mckenna2010",72
"purcell2007",72
"korlevic2015",72
"damgaard2015",72
"alt1998",192
"anz1998",192
"arcini1991",192
"boylstone2000",192
"brather2009",192
"carlsson1990",192
"duwel1987a",192
"ebel1987",192
"finucane2008",192
"floderus1927",192
"garve2011",192
"harke2003",192
"hoffmann1989",192
"kattinger1999",192
"kjellstrom2014",192
"kunzler1999",192
"kyhlberg1991",192
"kyll1964",192
"lykiardopoulos1981",192
"malarstedt1979",192
"milner1991",192
"mortagua2006",192
"onasch1981",192
"philpott1991",192
"pettersson1966",192
"molina1970",192
"ruprecht1958",192
"salin1952",192
"sandholm1965",192
"g2000",192
"staecker1997",192
"staecker1998",192
"staecker2000",192
"stewart1944",192
"stewart1946",192
"svahnstrom1984",192
"thunmarknylen2004",192
"taylor2008",192
"vukovic2009",192
"westholm1989",192
"wilke1931",192
"wilson1992",192
"yrwing1992",192
"yrwing1994",192
"zipp2010",192
"abels2003",145
"ager2008",145
"valante1998",145
"naismith1995",145
"danecek2011",72
"adams1981",119
"ayres1985",119
"barnosky2004",119
"binford1997",119
"brandner1998",119
"catton1980",119
"cooke1931",119
"culbert1988",119
"dalan1997",119
"dalton2000",119
"diamond1968",119
"flenley2002",119
"flenley1984",119
"hughes1975",119
"jacobsen1958",119
"jevonsnda",119
"kirch1984",119
"lopinot1985",119
"mccoy1976",119
"malthusnd",119
"meggers1954",119
"milner1990",119
"mulloy1970",119
"phillips1979",119
"ponting1985",119
"rees2004",119
"rescher1978",119
"sanders1962",119
"sanders1963",119
"sheets1999",119
"steadman1989",119
"steadman1995",119
"steadman1994",119
"tainter2000",119
"turner1974",119
"vanandel1990",119
"vantilburg1994",119
"banfield1974",260
"m1962",260
"cleland1973",260
"corbeil2000",260
"fitzhugh1994",260
"harp1975",260
"laeyendecker1993",260
"laver1983",260
"lee1968",260
"maryrousseliere2002",260
"mccartney1973",260
"meldgaard1962",260
"myrvoll1985",260
"odess2000",260
"bstergard1948",260
"park1951",260
"plumet1982",260
"ellesmere2000",260
"brandt2012",48
"hardt2003",38
"kramer1984",209
"schwank2013",209
"blackburn1986",145
"kershaw2023",145
"redknap2003",145
"wallace2015",145
"reuter1992",145
"redknap2009",145
"blackburn2006",145
"agersnaplarsen2011",209
"schovsbo2013",209
"felixnd",182
"aspeborg2005",182
"birddavid1999",182
"bullough1983",182
"burnell1999",182
"cannon1989",182
"chandler2010",182
"effros1997",182
"einsenschmidt2004",182
"gibbon2007",182
"halsall1995a",182
"hamilton2006",182
"harvey2006",182
"thorlaksson1978",182
"gestsdottir1998",182
"innes2000",182
"jochens1999",182
"lastovicka2013",182
"marshall1950",182
"patterson1982",182
"prothero2002",182
"radin1986",182
"shapland2012",182
"steinunnkristjansdottir2004",182
"stocker1993",182
"stromback1975",182
"zugaiar2012",182
"geolog1947",315
"hagberg1967",315
"hagberg1961",315
"holmberg1969",315
"lamm1995",315
"hamilton2007",315
"hamilton1996",315
"hamilton2008",315
"karlsson2005",315
"olson2004",315
"wernerson1996",315
"annuswer2003",315
"annuswer2007",315
"annuswer2002",315
"arrhenius2011a",315
"jorpeland2008",315
"jorpeland2003",315
"brereton1987",315
"brink1987",315
"calissendorff1966",315
"capelle1995",315
"carlie2009",315
"damell2007",315
"eliade1991",315
"ericsson2008",315
"fritsch2004",315
"hedblom1958",315
"hedman1989",315
"holmqvist1980",315
"hultgard1996",315
"karlenby2007",315
"karlsson2007",315
"lindkvist2007",315
"lindqvist1910",315
"lindstromnd",315
"hansen2011",315
"lundholm1947",315
"nordberg2011",315
"nordberg2008",315
"olsson1993",315
"petre2011",315
"schovsbo1987",315
"stjernquist1962",315
"stjernquist1967",315
"stahle1946",315
"vonsydow1978",315
"wessen1923",315
"victor2005",315
"widengren1969",315
"vikstrand2011",38
"zachrisson2009a",315
"orsnes1964",315
"ehrlich1968",119
"ambrosiani1957",244
"arnbrosiani1981",244
"arbmann1940",244
"backstom2008",244
"backstrom2003",244
"bengtzon2001",244
"booth2008",244
"floden1993",244
"friberg1998",244
"harim2003",244
"henkel2004",244
"holmquistolausson1982",244
"hyenstrand1991",244
"icomos1993",244
"kristiansson1996",244
"lindqvist1928",244
"linford2010",244
"lyatski2004",244
"masters1998",244
"mellinnd",244
"nerman1918",244
"olsson2006",244
"riksantikvarieambetet2007",244
"stavrum1997",244
"stolpende",244
"trinks2012",244
"trotzig1993",244
"wahlander1998",244
"wedmark1999",244
"fridriksson2015",182
"kershaw2015",182
"magnus2009",244
"hart1995",316
"brodersen1967",317
"eksnd",317
"nielsenadamsen1991",317
"feveile1948",317
"beretninger1997",317
"andersen1943",317
"andersenklindtjensennielsen1970",317
"nielsen1943",317
"christensen1982",317
"lindqvist1920",317
"beretningved1998",317
"madsen1994",317
"orsneschristensen1955",317
"albrectsen1951",317
"ottaway2004",317
"adamsen2003",317
"albrethsen2003",317
"andersen1970",317
"axboe1989",317
"baeksted1972",317
"christensen1928",317
"christoffersen1987",317
"cosack2005",317
"ethelberg1986",317
"grambo1999",317
"hansen2009",317
"hansen1995",317
"hultgard1999",317
"hoj2004",317
"jennbert2002a",317
"jensen1998",317
"lindqvist1921",317
"lyngstrom1989",317
"neergaardnd",317
"nerman1917",317
"ravn1989",317
"ravn2008",317
"sparrevohn2007",317
"steinsland2000",317
"stoumann2009",317
"ulriksen1999",317
"orsnes1988",317
"sparrevohn2006",317
"sorensen1998",317
"sorensen1993",317
"arcini1999",27
"beckra2007",27
"bolender2007",27
"bolender2010",27
"braudel1972",27
"braudel1980",27
"bynum1995",27
"chesson2001",27
"daniell1997",27
"frioriksson2001",27
"geake1995",27
"gejvall1960",27
"gestsdottir2014",27
"gilchrist2015",27
"hadley2010",27
"halvorsen2008",27
"harding2005",27
"joyce2001",27
"karlsson2004",27
"mejsholm2008",27
"meskell1998",27
"meskell2001",27
"thorlaksson2005",27
"rindal1996",27
"scott2011",27
"sellevold2004",27
"sellevold2008",27
"sewell2005",27
"sewell1996",27
"sigurosson2003",27
"sigurosson2014",27
"stefansson1975",27
"stefansson1978",27
"steffensen1943",27
"steinberg2016",27
"sveinbjarnardottir2001",27
"tsaliki2008",27
"vilhjalmsson1995",27
"zadorario2003",27
"zoega2014",27
"zoega2015",27
"zoega2007",27
"zori2007",27
"beckerchristensen1981",54
"belford2017",54
"dobat2005",54
"dorey1969",54
"ethelberg2012",54
"ethelberg2017",54
"gudeman1900",54
"harck1998",54
"haseloff1937",54
"kramer1992",54
"kramer1995",54
"madsen2008",54
"maluck2017",54
"maluck2016",54
"muller1903",54
"nunn2009",54
"schindel1999",54
"spring2015",54
"witte2018",54
"ambrosiani2003",9
"arrhenius1978",9
"berthelon2007",9
"boytrup2013",9
"danielsson1973",9
"glover2003",9
"culture1985",9
"kingnd",9
"malmer2010",9
"mikkelsen2012",9
"negmatov1999",9
"nicholson2000",9
"noonan1990",9
"rezakhani2010",9
"schumann2011",9
"trotzig1969",9
"witte2017",54
"vangennep1960a",27
"thorgilsson2006",27
"aschehougnd",218
"benderjorgensen1999",218
"bjorgo2005",218
"bjorgo1992",218
"harrington2008",218
"kaland1979",218
"lonning1976",218
"mortensen1994",218
"mortensen1997",218
"martensen2006",218
"ramstad1981",218
"tveiten2011",218
"warburg1974",218
"oye1986",218
"oye2010",234
"beckerlfred1973",90
"rdh2007",90
"hauckarl1970",90
"bertil2004",90
"hel2011",90
"herschendrands1996",90
"er2001",90
"lars2015",90
"lars2012",90
"lars1998",90
"lars2004",90
"erle1994",90
"vist1925",90
"edith1966",90
"martensir1988",90
"sig2011",90
"bernhard1913",90
"von2000",90
"derberg2005",90
"stephenseorgend",90
"sund2002",90
"thunarknlnlena2006",90
"klevnas2007",26
"rundkvist2007",26
"rundkvist2006",26
"randers1981",234
"ramstad2011",218
"roesdahl1978",317
"beckmanthoor2002",318
"bolin1999",318
"damell1971",318
"damell1999",318
"damell2000",318
"dybecknd",318
"florin1963",318
"forssander1933",318
"gumaeliusnd",318
"gothberg1998",318
"hammar1983",318
"hauptmanwahlgren2002",318
"jensen1997",318
"jonsson1986",318
"lindqvist1912",318
"oldeberg1974",318
"schnell1963",318
"sundqvist1993",318
"vonsydow1926",318
"thedeen2003",318
"wahlfisknd",318
"welinder1990",318
"weiler1999",318
"wigren1987",318
"bjelland2006",285
"carty2005",285
"jansson1962",285
"jeffrey2005",285
"kitzlerahfeldt2002",285
"kitzlerahfeldt2008",285
"kitzlerahfeldt2009",285
"manneke1984",285
"mahl1990",285
"oehrl2008",285
"sileniuslarsen2009",285
"snaedal2002",285
"snaedal2005",285
"walderhaug1998",285
"widerstrom2002",285
"bildsteine1941",285
"dating2006",285
"andreeff2012a",26
"backdanielsson2009",26
"goldhahn2008",26
"hoilundnielsen2009",26
"lindgren2008",26
"oestigaard2013",26
"thate2009",26
"thedeen2010",26
"wessman2007",26
"jefrey2005",285
"clarke2001",248
"dietler1996",248
"erlendsson2009",248
"gestsdottir2001",248
"ottir1989",248
"olafsson1979",248
"palsdottir2008",248
"rosenswig2007",248
"roussell1943",248
"stenberger1943",248
"wiessner2001",248
"samnordiskruntextdatabas2005",285
"andersson2013",38
"baug2007",38
"belmont2011",38
"bjorck2009",38
"drobin1986",38
"ek1993",38
"elfwendahl2001",38
"elfwendahl1993",38
"gumaeliusnda",38
"hallgren2004",38
"hallgren2005",38
"hansson1997",38
"hedblom1996",38
"hermodsson2009",38
"junkelmann1997",38
"kresten1996",38
"kresten1998",38
"kresten1994",38
"lamm2008",38
"lantmateriet2013",38
"larsson2012",38
"lindalv1980",38
"lundhansen2011",38
"lothman2004",38
"mellquistdanielson2011",38
"myrdal2003",38
"nilsson1988",38
"olausson2000",38
"persson1997",38
"pettersson1977",38
"pettersson1980",38
"rinnman2013",38
"zachrisson2013",38
"kermode1907",164
"bratt2011",38
"eilersgaardchristensen2011",38
"berg1968",234
"berglund1991",234
"bertelsen1979",234
"bertelsen1995",234
"bertelsen2005a",234
"boserup1965",234
"boserup1981",234
"brush1987",234
"vries1974",234
"hasund1919",234
"hasund1924",234
"helle1995",234
"holm1995",234
"holm2005a",234
"holmsen1961",234
"holmsen1940",234
"iversen1997",234
"jirlow1970",234
"lerche1994",234
"lunden2004",234
"martens2009",234
"munch1966",234
"myrdal1985",234
"stockholm1997",234
"myrdal1999",234
"orrman2003",234
"porsmose1981",234
"porsmose1987",234
"ramskou1981",234
"ramskou1975",234
"sandnes1978",234
"schmidtsabo2001",234
"schmidtsabo2005",234
"steensberg1956",234
"svartkristiansen2005",234
"svartkristiansen2006",234
"valensendstad1964",234
"oye2003",234
"oye2005",234
"bergen2011",234
"zachrisson2006",234
"bergstol2003",234
"villages1968",234
"amorosi1996",50
"andersen1997",50
"arneborg1993",50
"christiansen1997",50
"degerbol1929",50
"degerbol1936",50
"degerbol1941",50
"andrew2009",50
"einarsson1984",50
"einarssonbjarni2011",50
"gardarsdottir2008",50
"gerstenberger1997",50
"guy2010",50
"gwiazda2005",50
"johannesson1946",50
"jonsson1930",50
"kamenov2008",50
"krahl2010",50
"ljungqvist2005",50
"mcgovern2001",50
"miksic2013",50
"norlund1930",50
"oomen2002",50
"outridge2003",50
"palsdottir2010",50
"robinson2004",50
"roussell1936",50
"seaver2009",50
"sinclair2007",50
"smiarowski2009",50
"smiarowski2013",50
"stefansson1993",50
"sveinbjornsdottir2004",50
"whitehouse1998",50
"borsheim2001",5
"clover1986",5
"coleman2014",5
"conkey1984",5
"gero1991",5
"hofseth1999",5
"heernes1984",5
"jochens2002",5
"kershaw1989",5
"laqueur1990",5
"mortensen2004",5
"mundal2014",5
"njalssoga1975",5
"riisoy2016",5
"sanmark2014",5
"sigurdardottir2002",5
"sigurdsson2010",5
"jorgensen1997a",231
"zachrisson2004a",28
"cluniesross1998",269
"ryan1987",176
"wilson1955b",176
"mulk1997",239
"jons1997a",232
"thunmarknylen2006a",227
"ljungkvist2011a",189
"ulriksen2011a",134
"robberstad1937",235
"hagland1978",235
"dyrhaug1981",235
"rigsantikvarensarkaeologiskesekretariat1987",176
"suchodolski2002",145
"bulska1996",240
"dennis1980a",235
"killock2008",71
"murphy2008",68
"goody1986",237
"christensenetal1992",1890
"hungrvaka2002",182
"kjalnesingasaga1959",182
"gulathinglaw1994",19
"ibnfadlan2012",19
"price2006c",108
"pricemortimer2014",90
"neiss2007",227
"askvikresi1984",73
"waterbolk1990",168
"kalmring2010f",48
"kalmring2010g",48
"tomasson1996",117
"simek2006",1891
"westerdahl2010",162
"strinngolm2007",245
"christensen1991b",176
"larsensorensen2005",176
"andersenetal1985",1892
"sikora2013",99
"eriksenetal2009",168
"hafsaas2007",168
"esverwers1980",217
"gerrets2012",217
"skre2007b",217
"egebjerghansen1992",153
"egilssaga1888",153
"edvardsson2005b",133
"edvardssonmcgovern2007",133
"macgregoretal1999",133
"magery1958",133
"magnusson1886",133
"alenstampetersson1952",176
"baastruppetersen2010",176
"baastrup1990",176
"petersen1940a",176
"jensenmoller2009",176
"wilson1960b",176
"nielsen2002b",210
"boguckijagodzinski2012",99
"kulakov2005",247
"kleemann1939b",247
"stankus1995b",282
"forssander1943",176
"feveile2006a",1893
"riddersporre1989",183
"andersen2009a",183
"fidjestol1994a",235
"gurevich1963",247
"thunmarknylen1995a",247
"junker2003a",247
"kulakov1994a",247
"capelle2003a",205
"ambrosiani1996a",165
"plather2011",165
"ljungkvist2008a",155
"steuer2002a",155
"pedersen2014a",155
"zachrisson2009",38
"wessen1940",38
"skre2013",137
"billig1995a",175
"hate1996",199
"feveile2010a",252
"paterson2002",141
"reimer2013a",115
"stamsomunch1970",267
"skibstedklaesoe1999",201
"segschneider2016",273
"myrberg2008a",82
"hammarberg1989",272
"harrison2014a",1894
"simms1998",133
"leciejewicz1962",100
"leciejewicz1979",100
"riabinin1994a",281
"ostigard1985",152
"solberg1985a",152
"zachrisson2011a",162
"zachrisson2012a",162
"thorarinsson1981",117
"jankowiak2012",262
"larsson2004a",90
"orton1993",63
"jones2003a",63
"warmind1995a",111
"christensen1983a",168
"boivin2000",261
"vanhouts1999",261
"sofaerderevenski2000a",261
"tringham1994",261
"brinchpetersen2006",214
"harck1997",210
"ahlinsundman2012",159
"adamofbremen1959",132
"sawyer2006",245
"dersarkissian2013",249
"mulk1991",239
"kitzlerahfeldt2012",36
"stummannhansen2003",158
"price2008b",37
"smallwood2007",1895
"downham2017",1896
"braconi2005",41
"hadley2016a",41
"worldhealthorganization2018",41
"addyman1969",78
"addyman1972",78
"ballinsmith1994",8
"wallerstrom1997",80
"ostmo2000",80
"fridriksdottir1991",13
"brondsted1962",145
"adamsgilmour2010",63
"baeksted1952",237
"snaedalbrink1984",237
"morris1892",27
"grandtnielsen1974",196
"norgardjorgensen2011",14
"latour1984",176
"ofloinn2001",176
"birkedahlchristensen1924",176
"henriksen1982",176
"rispling2000",176
"mollerhansen2000",176
"roesdahl1986",176
"wamers1997a",176
"back1963",176
"helgesson1987",176
"jorgensen1980",176
"jorgensen1980a",176
"wilson1960a",1
"brondsted1924a",176
"christiansen1948",176
"christensen1992a",176
"klaesoe1994",176
"klaesoe1995",176
"klaesoe2002",176
"kleingartner2010",176
"mullerwille2005",176
"odell1959",176
"schulke1992",176
"sindbaek2012a",176
"steuer2010",176
"lundhansen1987",176
"vraengmosejensen2008",176
"mullerwille1978a",176
"ocorrain2001",74
"norderang2004a",1897
"denooy2005",232
"snorristurluson1964",108
"larsson1873",1898
"carroll2014",1899
"coleman2014a",25
"henriksen2013a",62
"leahy1997a",222
"fischer2008a",187
"arents2010a",166
"voncarnapbornheim2007a",48
"christensen1991a",168
"jacobsen1942a",168
"ambrosiani1994a",162
"holmquist2015",162
"jeppesen1988",162
"risberg1997",162
"vickers1975",162
"hardh2001a",165
"nielsen1999",231
"iaea2006",207
"fagerlund1993a",299
"hammarberg1976",204
"gansum1998",284
"andersen1970a",204
"englert2009",14
"ambrose1999",117
"robinson2006",270
"norrman2008a",25
"karnell2012a",26
"jansson2007",186
"macane2001",265
"vonamira1933",192
"pestell2003",232
"hanks1989",237
"knappett2008a",197
"rhiel1996",197
"dahlback1984",189
"lundqvist1997a",232
"jensen1995",200
"faulkes1998",1900
"ingold1988",188
"pahlsson1984",239
"hauksson1972",1901
"roberts2005",133
"bjorklund2015",1902
"bjorklund2014",1903
"ilumae2016",163
"zoega2013",224
"mauritsen1982",273
"richards2000a",171
"gunther2015",191
"blifeld1977a",297
"hellesolesen1992a",128
"snorristurluson1997",15
"rcahms2011",148
"mullermertens1999",200
"grahamcampbell1995a",275
"rogerson1995",78
"wademartins1980",78
"williams1979",78
"emery2007a",78
"hall1989a",78
"dodd2003",78
"cunliffe1977",78
"audouy2009",78
"king1978",78
"carver1978",78
"coggins1983",78
"tylor2005",78
"carver1981",78
"mahony1982",78
"gardiner1990",78
"rogerson1984a",78
"hurst1983",78
"dalwood1992",78
"mainman2000a",78
"loveluck2007a",78
"gould1967",78
"schoknecht1977a",232
"herrmann2005a",232
"andersson1994",218
"tacitus1999a",41
"jorgensen2009a",32
"lundborg2006a",165
"lynnerup2014a",53
"price2005a",288
"skre2011c",264
"ahlback1990",319
"hansen1979",319
"andren1957",319
"anglert1993",319
"asad1993",319
"backdanielsson1999",319
"bergner1987",319
"beskow1964",319
"bostrem1995",319
"dentz2000",319
"dillman1997",319
"duczko1993",319
"edsman1967",319
"eisenhofer1950",319
"fehn1958",319
"gallen1957",319
"gjerlow1960",319
"helander1974",319
"helander1993",319
"holmberg1991",319
"hultgard1992",319
"tregren1989",319
"jansson1998",319
"arkeologisk1981",319
"holmbick1933",319
"johansson1965",319
"olsen1993",319
"klackenberg1992",319
"kousgardsorensen1989",319
"lindgren1987",319
"molland1976",319
"nilsson1987",319
"norberg1958",319
"nasstrem1996",319
"rentzhog1987",319
"smith1987",319
"steinsland1986",319
"steinsland1998",319
"strembick1935",319
"sundqvist1998",319
"sverdrup1942",319
"sederberg2001",319
"ullen1983",319
"wessen1929",319
"miiller1991",319
"wikman1957",319
"devries1970",319
"fran2006",261
"arwillnordbladh2005",261
"fernstal2004",261
"grislund2002",261
"grislund2005",261
"gustavson2000",261
"vanhouts2001",261
"lykke2003",261
"mckinnell2003",261
"vonmiiller1956",261
"sundgvist1998",261
"sundqvist2005",261
"ortnamnslexikon2003",261
"sorlin2001",261
"widmark1995",261
"barndon1995",267
"bjornstad2003",267
"burford1972",267
"brelstord1949",267
"brown1995",267
"childs1991",267
"childs2005",267
"cline1937",267
"davidson1982",267
"delcourt1957",267
"dommasnes1997",267
"englund1999",267
"espclund2004",267
"forbe1969",267
"janson1969",267
"gjeerdcr1949",267
"jacobsen2003",267
"hermundstad1995",267
"hesio1984",267
"hines2003",267
"kriger1999",267
"maret1980",267
"marte2002",267
"mcnaughton1988",267
"miillerwille1977",267
"nodanskog2003",267
"odner1969",267
"pleiner1969",267
"raudvere2004",267
"oldeberg1943",267
"randers1988",267
"reid1995",267
"roesdal1980",267
"rundberget2002",267
"sasson1983",267
"schmidt1997",267
"sjolsvold1949",267
"stigum1971",267
"tveiten2005",267
"todnem1999",267
"vannoten1972",267
"wertime1980",267
"anonym1901",269
"arne1905",269
"artelius1993",269
"artelius2003",269
"barraud1994",269
"berger1966",269
"birkeli1938",269
"colpe1987",269
"connelid1993",269
"furingsten1986",269
"geels1985",269
"grislund2001",269
"hansson1998",269
"koepping1987",269
"moberg1950",269
"nyalssaga1981",269
"nyalssaga2002",269
"webernd",269
"selinge1986",269
"shepherd1987",269
"stremberg1993",269
"sarlvik1976",269
"trotzig2000",269
"turner1982",269
"almgren1900",269
"1919",269
"birkeli1944",269
"levistrauss1952",269
"sahlstrem1951",269
"selinge1997",269
"kristiansen1984",272
"armstrong1917",243
"batey1988",243
"fowler1963",243
"freke2002",243
"hudson1998",243
"jones1971",243
"kermode1994",243
"kruse2017",243
"laing1987",243
"g1983",243
"megaw1938",243
"miller1999",243
"morris1980",243
"muhr2002",243
"corrain2008",243
"olsen1954",243
"oriordain1973",243
"riordain1949",243
"rhysnd",243
"abbott2008",1904
"horizon2008",1905
"andersen1994",1906
"andren2012",1907
"arrhenius2013",1908
"axboe1999",1909
"axboe2001",1910
"axboe2005",1911
"baillie1994",1912
"baillie1995",1913
"baillie1997",1914
"baillie1999",301
"baillie2001",301
"baillie2006",301
"baillie2008",301
"baillie2010",301
"barbante2012",301
"barnish1992",301
"behre1996",301
"berglund1996",301
"bernhardsson2007",301
"bork1998",301
"bosley1989",301
"briffa1990",301
"briffa1992",301
"buckland1997",301
"doreler1992",301
"doreler2012",301
"dull2001",301
"dull2010",301
"eggum2007",301
"fehr2011",301
"gelling1969",301
"graslund2009",301
"grattan2007",301
"grudd2006",301
"grudd2002",301
"gunnel2013",301
"vulnerabilityhalsall2003",301
"jansen2000",301
"kaul2004",301
"keys1999",301
"kutterolf2008",301
"lowenborg2010",301
"nasman2012",301
"nerman1963",301
"oppenheimer2011",301
"pentikainen1989",301
"rampino1988",301
"rigby2004",301
"salzer2007",301
"stenberger1933",301
"stenberger1955",301
"stothers1984",301
"stothers1983",301
"textor2003",301
"torrence2002",301
"traufetter2004",301
"vervruggen1996",301
"vitaliano1968",301
"welinder1975",301
"wylie1989",301
"vulnerabilityzachrisson2010",301
"zerefos2007",301
"kuhl1999",48
"harris2006a",111
"harris2006b",223
"kintigh2014a",223
"jensen1993a",73
"jensen1993b",127
"petersen1993a",268
"petersen1993b",169
"petersen1993c",50
"mullerwille2001a",98
"mullerwille2004b",127
"price2012b",149
"thomas2000b",147
"thomas2008c",180
"ambrose1993a",89
"ambrose1993b",202
"barrett2004a",259
"barrett2004b",89
"barrett2004c",72
"barrett2004d",29
"price2010a",26
"barrett2008a",1915
"solli2002a",23
"price2002a",160
"lund2013a",17
"sorensen2001a",37
"duczko2004a",69
"gustin2004a",43
"helms1993a",153
"price2016a",1916
"svanberg2003a",69
"zachrisson1994a",17
"bradley2000a",4
"byock2001a",69
"hedenstiernajonson2006a",155
"jorgensen2003a",4
"linderholm2008a",259
"montgomery2003a",138
"olsen2003a",109
"arwillnordbladh2007a",26
"gansum2004a",17
"hodges2012a",64
"nielsen1997a",15
"zachrisson2004b",13
"arwillnordbladh1998a",10
"christensen1991c",170
"christensen2015a",33
"dobat2008a",48
"fabech1998b",127
"gansum2004b",239
"hedeager1992a",69
"kleiminger1993a",31
"loveluck2006a",61
"lund2008a",30
"mcnicol1997a",28
"norlund1948a",139
"pedersen2010a",29
"arne1932a",60
"baastrup2012a",1
"barrett2008b",73
"budd2000a",132
"downham2007a",69
"franklin1996a",127
"gardela2011a",192
"geary1994a",4
"gosden1998a",17
"grahamcampbell2001a",1917
"graslund2001a",25
"hardh1976a",126
"hedeager1999a",1918
"hedeager1999b",59
"jansson1984a",1
"jesch2015a",42
"jorgensen2008a",13
"simpson2005a",74
"skre2008a",226
"williams2011a",59
"wilson2008a",144
"andersen1995a",17
"artelius2013a",17
"ashby2011a",61
"barrett2007a",188
"bergstol2004a",79
"biddle2001a",69
"biddle1992a",158
"bill2013a",123
"bradley2003a",69
"brink2004a",214
"buko2008a",7
"carver1998a",12
"chenery2014a",138
"christensen2010a",59
"christensen2010b",33
"christensen1991d",250
"duczko1985a",1919
"faure1986a",255
"foote1970a",7
"gardela2012a",135
"gardela2009a",133
"geijer1938a",9
"graslund1992a",33
"hadley2002a",1920
"hedeager2005a",29
"hillerdal2009a",136
"hines1997a",144
"iversen2007a",293
"jorgensen2014a",156
"kilger2008a",4
"krogh2007a",200
"kyhlberg1980a",288
"larsson2009a",236
"leslie2015a",112
"lonnroth1997a",7
"milek2012a",92
"montgomery2006a",207
"nasman2003a",61
"naumann2014a",249
"nilsson2003a",194
"nylen1994a",46
"olsen2012a",197
"pedersen2003a",23
"pedersen1996a",274
"pedersen1999",292
"pilo2018a",11
"price2019b",42
"price2013a",149
"price1989",41
"raffield2016b",146
"richards2003a",74
"richards2002a",112
"roesdahl2006a",101
"rundkvist2008a",26
"sawyer1992a",205
"scudder2000a",41
"skre2007a",129
"solli1999a",59
"stylegar2007a",10
"stylegar2005a",37
"thomas1996a",24
"trinks2007a",279
"williams2016a",2
"williams2003a",111
"wilson2008b",158
"adams2004a",248
"alberti2009a",23
"ambrosiani2002a",292
"amundsen2015a",11
"andersen1998a",196
"andersson2004a",108
"arbman1980a",154
"ashby2014a",26
"bakka1993a",1921
"bradley2003b",60
"brink1998a",178
"brink1996a",216
"brink2005a",254
"brogger1916a",98
"bryant1996a",56
"buckley2010a",105
"callanan2013a",75
"callmer2008a",213
"callmer1984a",232
"callmer2001a",32
"carver1992a",37
"christensen2008a",59
"christensen2007a",170
"clark2007a",286
"crawford1987a",74
"degerbol1948a",194
"dickinson1992a",39
"drescher1983a",226
"duczko1997a",133
"edgren1995a",127
"einarsson1994a",51
"eriksen2015a",65
"fabech1991a",194
"fabech1995a",129
"fabech1992a",21
"fahlander2008a",11
"forster2004a",148
"frei2009a",131
"frolund2007a",291
"gansum2004c",26
"glorstad2008a",156
"glosecki1989a",154
"grahamcampbell2011a",271
"graslund2007a",1922
"graslund1992b",67
"graslund2004a",290
"green1998a",32
"grimes2013a",277
"gustin2004b",1
"hagg1984a",157
"hall2014a",171
"hall2004a",29
"hardh2007a",292
"harke1997a",158
"harrison2008a",133
"hauck1977a",253
"hedegaard2007a",292
"hedenstiernajonson2006b",93
"helgason2000a",29
"hilberg2010a",101
"jakobsson2003a",154
"jankuhn1937a",101
"jansson1984b",1
"johansen1973a",29
"jones2012a",105
"jones2008a",51
"jorgensen2003b",13
"jorgensen1988a",225
"jorgensen2002a",153
"kaland1995a",179
"kiefferolsen1993a",31
"kilger2008b",197
"klindtjensen1975a",241
"kyhlberg1980b",216
"larsen2004a",184
"larsson1997a",59
"lee2008a",105
"li2010a",105
"lie1991a",61
"ljungberg1938a",28
"lucas2008a",27
"macphail2003a",116
"macphail2007a",116
"madsen1991a",196
"malmer1966a",277
"mannering2010a",59
"marold2012a",277
"melchior2008a",70
"muller2003a",208
"mullerwille1977a",152
"myhre1992a",238
"myhre2003a",32
"myhre2003b",1923
"myhre1994a",279
"myrberg2008b",214
"nasstrom2001a",178
"nelson2012a",258
"nelson1991a",69
"nielsen1986a",156
"nielsen1991a",195
"olsen2003b",238
"olsen2000a",29
"pedersen2008a",216
"pedersen2006a",200
"petersen1951a",140
"petersen2005a",250
"price2000a",69
"price1985a",149
"quast2009a",36
"roesdahl2014a",88
"roesdahl1977a",168
"roslund2010a",213
"rundkvist2010a",2
"rundkvist2003a",41
"samson1991b",137
"sanmark2010a",30
"sawyer1050",32
"sawyer1962a",180
"schneider2015a",105
"semple2013a",214
"sindbaek2012b",163
"skre2007c",189
"skre2007d",170
"skre2007e",158
"soderberg2000a",292
"sorensen1997a",59
"speake1980a",154
"storli2006a",73
"thomas2012a",129
"vesteinsson2004a",248
"warnke1992a",232
"wawn2000a",41
"white2000a",149
"williams2015a",2
"williams2005a",17
"williams2005b",206
"williams2001a",2
"williams2004a",102
"zachrisson2004c",38
"zachrisson1997a",79
"zachrisson1984a",213
"zachrisson2010a",216
"zachrisson2003a",70
"larsen2001t",29
"akerstromhougen1981a",4
"alenius2011a",213
"ambrose1993c",132
"ambrosiani1984a",80
"ambrosiani1985a",13
"ambrosiani1991a",232
"amundsen2001a",95
"andersen1995b",256
"andersen1995c",173
"andersen1991a",37
"andersen2010a",129
"andersen1984a",200
"anderson1907a",103
"andersson2008a",233
"andersson1998a",66
"andersson1995a",62
"andersson2011a",60
"andersson2005a",62
"andersson2005b",31
"andersson1999a",261
"andersson2003a",16
"andersson2007a",158
"andersson2000a",88
"andersson2000b",218
"andersson2006a",14
"andren2004a",111
"andren1997a",244
"andren2006",1924
"androshchuk2012a",9
"anglert2006a",33
"arne1932b",187
"arneborg2000a",53
"arrhenius1985a",173
"arrhenius1997a",261
"arrhenius1997b",66
"arrhenius1995a",4
"arrhenius1973a",253
"artelius1999a",55
"artelius1999b",55
"arwidsson1942a",155
"ashby2013a",8
"backdanielsson2010a",66
"bakka1971a",218
"bakka1973a",79
"bakka1976a",80
"barndon2005b",10
"barrett2003a",158
"bately2007a",73
"bately2007b",32
"batey1993a",77
"bayley2008a",144
"bekpedersen2009a",133
"benderjorgensen1987a",242
"benderjorgensen1995a",233
"bergstol2008a",175
"besteman2004a",141
"blake1962a",41
"bogucki2007a",215
"bradley1993a",106
"bradley1990a",143
"brather2012a",166
"brink1992a",254
"brink2012a",163
"brink2012b",163
"brink2007a",2
"brink2013a",216
"brink1999a",21
"brink1990a",35
"brogger1917a",93
"brogger1917b",93
"brogger1945a",31
"bruck2006a",10
"brunstedt1996a",4
"buckland1990a",84
"buckland2008a",53
"budd2004a",140
"callmer1992a",1925
"callmer1991a",73
"callmer1998a",178
"callmer1977a",158
"callmer1981a",212
"callmer2000b",212
"callmer1994a",111
"carlsson1983a",254
"carver1995a",1926
"chappell1986a",123
"christensen2013a",1927
"christensen2008b",88
"christensen2008c",168
"christensen2010c",4
"christensen2004a",173
"christensen2004b",200
"christensen2007b",173
"christensen1983b",225
"christensen1983c",205
"christophersen1982a",237
"church2007a",49
"craig1957a",259
"crawford1999a",133
"crawford2006a",148
"curta2007a",73
"curta2006a",216
"dobat2010a",33
"doneus2011a",244
"doneus2013a",123
"downham2012a",74
"dugmore2007a",49
"dugmore2012a",224
"edgren1995b",215
"edmonds2009a",144
"edwards2012a",224
"ellmers1995a",155
"ellmers1995b",111
"enghoff2003a",258
"eriksen2013a",79
"eriksen1993a",175
"fehring1995a",276
"feveile2009a",1928
"fischer2004a",234
"fridriksson2004b",203
"fry2006a",89
"fuglesang1991a",246
"gansum1996a",184
"gansum2004d",154
"gardela2013b",192
"gardela2012c",41
"gardela2015a",192
"gardela2018a",41
"gardela2016c",26
"gardela2009b",134
"gjerpe2005a",31
"glob1969a",246
"grahamcampbell1980a",7
"grahamcampbell1994a",222
"grahamcampbell2009a",144
"graslund2007b",136
"graslund2001b",19
"graslund2008b",24
"graslund2008c",187
"graslund1995b",25
"graslund1998a",41
"grierson1986a",216
"hadley2000a",171
"hadley2000b",146
"hall1990a",136
"hall1999a",82
"halsall1998a",182
"hansen2015a",86
"hansen2017c",72
"hansen1989a",225
"hansen2005a",278
"hardh2003a",64
"harris2016a",24
"harrison2015a",1929
"harrison2014b",223
"harrison2013a",1930
"harrison2010a",57
"harrison2010b",241
"harrison2007a",148
"harrison2008b",57
"haseloff1981a",237
"hauck1978a",1931
"hedeager2004a",156
"hedeager1999c",154
"hedenstiernajonson2014a",1932
"hedges2007a",190
"helama2017a",75
"helberg2010a",84
"henning2007a",116
"henriksen2015a",194
"hernaes1984a",191
"herschend1992a",127
"herschend1997a",15
"hjelle2015a",107
"hobsbawm1983a",175
"hodges2008a",263
"hoeg2014a",107
"hoilundnielsen1999b",230
"holmquistolausson1998a",202
"holmqvist1951a",237
"holst1110",171
"holst2013a",54
"holt1998a",235
"holt1998b",179
"hugason2000a",92
"imer2011a",246
"imer2011b",246
"ingstad1982a",175
"islendingabok1968a",182
"jacobsen1941a",16
"jakobsson2003b",41
"jansson1984c",24
"jansson1985a",3
"jansson1985b",9
"jansson1985c",9
"jansson1997a",202
"jensen2004a",13
"jensen2004b",31
"jensen2006a",176
"jensen1986a",88
"jensen1992a",129
"jensen1993c",128
"jeppesen2010a",268
"jesch2009a",73
"jesch2009b",3
"jesch1991a",205
"jessen2012a",88
"jessen2012b",95
"jones1997a",1933
"jones2013a",270
"jones2009a",25
"jones2012b",102
"jones2005a",44
"jones2005b",278
"jonsson2003a",261
"jorgensen2002b",66
"jorgensen1995a",88
"jorgensen1992a",64
"jorgensen1998a",179
"jorgensen1994a",38
"joyce2000a",197
"kennedy2011a",120
"kleingartner2013a",7
"kleingartner2014a",43
"klos2009a",24
"komber1999a",88
"kovalev2002a",9
"kristiansen1999a",46
"kristoffersen2004a",1934
"kristoffersen2010a",19
"krogh1982a",118
"kyhlberg1973a",212
"lambeck2010a",123
"larsen2007a",125
"larsen2011a",209
"larsson1990a",237
"larsson2006a",125
"larsson2006c",33
"lee2008b",27
"lehtosalohilander1982a",215
"leimus2007a",265
"leontev2017a",1935
"lewis2015a",223
"lie1952a",237
"ligi1993a",136
"lillehammer1999a",219
"ljungkvist2008b",188
"ljungqvist2010a",131
"lonnroth1982a",254
"lovejoy1985a",138
"lowe2008a",224
"lucas2008b",50
"lucy2002a",31
"ludowici2010a",120
"luhmlund1961",186
"lund2006a",217
"lund2008b",93
"lund2003a",1936
"lundborg1972a",251
"macphail1994a",167
"magnus1997",231
"magnusson1983a",133
"mann2003a",190
"marold2001a",179
"mccormick2012a",120
"mcgovern2009a",133
"mcgovern2013a",131
"meier2001a",192
"meskell2005a",197
"mikkelsen1994a",278
"mikkelsen1998a",125
"mikkelsen2008a",128
"mjaerum2012a",79
"moesgaard2008a",200
"muldner2007a",190
"murray1983a",169
"murray1983b",225
"myhre1992b",184
"myhre1992d",156
"myhre1987a",1937
"myhre1993a",173
"myhre1980a",173
"myhre1997a",32
"naismith2012a",216
"nasman1989a",13
"nasman2000a",271
"nasman1984a",253
"naum2012a",113
"neckel1983a",1938
"negrel2003a",207
"nelson1999a",200
"nelson2012b",52
"nielsen1998a",88
"nielsen2001a",128
"nielsen1994a",120
"nielsen2002a",231
"nielsen2002c",232
"nielsen1990a",160
"nordeide2011a",26
"oehrl2011a",1939
"oehrl2013a",1940
"olesen2004a",113
"olsen2009a",110
"olsen2001a",107
"olsson2004a",161
"osullivan2008a",257
"others1998",13
"oye2001a",258
"oye2002a",218
"oye2009a",53
"oye2009b",102
"oye2010a",218
"pagan1986a",146
"pedersen2009b",160
"pedersen2014c",10
"pedersen2015a",128
"pedersen2008b",5
"pedersen2001a",1941
"pedersen2003b",178
"pedersen2011a",10
"perdikaris2008a",49
"perdikaris2008b",118
"petersen1919b",140
"petre1993a",158
"petursdottir2009a",10
"pilo2007a",231
"pirenne1927a",116
"price2000b",149
"price2008c",289
"price2018e",56
"price2008d",200
"raghavan2014a",52
"ramskou1976a",250
"rasmussen2014a",246
"rasmussen1992",225
"raudvere2003a",154
"reynolds1994a",125
"richards1998a",68
"richards1996a",280
"roberts2003a",195
"roberts2000a",224
"roesdahl2014b",228
"roesdahl2003a",47
"roesdahl2005a",200
"roesdahl2005b",37
"roesdahl1996a",1942
"roesdahl1981a",200
"rolfsen1980a",216
"roskaft2005a",238
"roslund2001a",192
"rundkvist2007a",26
"salin1904a",154
"sanmark2013b",91
"sawyer2000c",108
"sawyer1988a",108
"sawyer2003a",1943
"sawyer2003b",1944
"sawyer2002a",108
"sawyer1987",24
"schetelig1912a",173
"schneidhofer2017b",124
"sealy2001a",190
"shanks1998a",82
"shetelig1940a",173
"shetelig1944a",140
"sigfusson1940a",25
"sigurdsson2008a",249
"sigurdsson2011a",92
"simek1993a",154
"simpson2002a",257
"simpson2002b",118
"sindbaek2011b",62
"sindbaek2014d",7
"sindbaek2012c",107
"skre2008b",116
"skre2010a",120
"skre2004a",111
"smith2007a",127
"smith2009a",241
"smith2011",214
"smith2001a",195
"soderberg2006a",14
"soderberg2002a",189
"soderberg2003a",124
"soderberg1996a",161
"solli1999b",25
"solli1996a",3
"solli1996b",175
"solli2008a",241
"solli2008b",241
"sorensen2017a",113
"sorensen1991a",129
"sorensen1999a",169
"staecker2001a",17
"staecker2009a",192
"steinsland1994a",267
"steinsland2013",1945
"stene2011a",188
"stene2015a",91
"stenvik2001a",3
"steuer1997a",140
"steward1955a",241
"stolpe1912a",157
"stolpe1912b",90
"stylegar2010a",94
"sundqvist2014a",189
"svensson2009c",102
"svensson2006a",79
"svensson2013a",188
"svensson2008a",236
"sykes2010a",77
"tesch2007a",274
"tesch2007b",92
"theliander2005a",28
"thomas1991a",23
"thomas2006a",181
"thomsen2005a",14
"thomson2007",224
"thrane1987a",222
"thunmarknylen1995b",192
"turner2007a",102
"vesteinsson2016a",1946
"vesteinsson2007a",49
"vesteinsson2007b",203
"vesteinsson2004b",203
"vesteinsson2001a",203
"vestergaard2007a",200
"wagner2001a",98
"wallander1989a",152
"waller1996a",253
"walsh2014a",107
"wamers1985a",140
"wamers1999a",237
"watt1999a",157
"watt1999b",157
"wells1999a",136
"white1988a",25
"wickholm2008a",215
"wideen1955a",28
"widgren1998a",118
"wilkinson2003a",241
"williams2011b",144
"williams2007a",4
"williams2002a",216
"wilson2006a",43
"wilson2006b",204
"wilson2007a",215
"wilson2007b",208
"wilson2008c",197
"wilson2008d",195
"wilson1998a",241
"wilson1996b",241
"zachrisson2002",79
"zachrisson2011b",4
"zachrisson2009b",38
"zachrisson2014c",194
"zachrisson2008a",10
"zori2013a",77
