"node_id","community_id"
"aannestad2018",1
"heenpettersen2018",2
"heenpettersen2019",3
"lund2016",4
"moen2020",5
"ambrosiani2015",6
"croix2015",7
"vonholstein2014",8
"warmlander2015",9
"lund2019",10
"solli2018",11
"dobat2006",12
"fabech2013",13
"gustafsson2011a",14
"larsson2007",15
"price2006",16
"fahlander2016",17
"price2018b",18
"eriksen2013",19
"andren2013a",20
"lund2004",21
"lund2005",22
"lund2008",23
"lund2017",24
"lund2020",25
"raffield2018",26
"williams2016",27
"zoega2017",28
"andren2013",29
"glorstad2012",30
"lund2010",31
"lund2013",32
"lund2015",33
"skre2019",34
"jessen2016",35
"price2014d",36
"magnell2010",37
"oehrl2017",38
"price2008a",39
"zachrisson2014a",40
"gardela2018",41
"gustafsson2016",42
"raffield2019",43
"androshchuk2018",44
"bill2017a",45
"burstrom2015",46
"glorstad2017",47
"odeback2018",48
"edberg2019",49
"kalmring2010",50
"voncarnapbornheim2014",51
"dugmore2012",52
"frei2015",53
"hartman2017",54
"hayeursmith2018a",55
"jackson2018",56
"tummuscheit2019",57
"artelius2013",58
"fahlander2018",59
"price2019",60
"raffield2016",61
"glorstad2015",62
"arwillnordbladh2013",63
"arwillnordbladh2013a",64
"ashby2015",65
"hennius2018",66
"perry2016",67
"sindbaek2017",68
"griffiths2019",69
"arwillnordbladh2012",70
"backdanielsson2016",71
"price2014",72
"barrett2010",73
"naumann2014",74
"price2014a",75
"star2017",76
"baug2019",77
"montgomery2014",78
"pilo2018",79
"downham2016",80
"mainland2018",81
"sindbaek2016",82
"amundsen2017",83
"bergstol2004",84
"croix2019",85
"kemmers2011",86
"nielsen2011",87
"baug2017",88
"loftsgarden2019",89
"rosvold2019",90
"svendsen2019",91
"beck2018",92
"grupe2013",93
"zachrisson2017a",94
"stene2017",95
"kristjansdottir2015",96
"bill2016",97
"bill2017",98
"fredriksen2014",99
"gullbekk2014",100
"macphail2013",101
"pedersen2015",102
"williams2014",103
"gardela2015",104
"jagodzinski2014",105
"hilberg2016",106
"sanmark2013",107
"harris2017",108
"richards2018",109
"anchukaitis2017",110
"helama2017",111
"pilo2020",112
"zachrisson2017",113
"eriksen2017",114
"ellingsen2019",115
"price2010",116
"jarman2018",117
"stott2019",118
"ulriksen2018",119
"pedersen2019",120
"sindbaek2018",121
"wouters2016",122
"dugmore2007",123
"keller2016",124
"tainter2006",125
"carver2015",126
"runge2018",127
"domeijlundborg2012",128
"schneidhofer2017",129
"tonning2020",130
"barrett2008",131
"beck2017",132
"spangen2009",133
"hillerdal2010",134
"christiansen2019",135
"dobat2013",136
"baug2015",137
"henriksen2017",138
"price2012",139
"milek2012",140
"kastholm2016",141
"toplak2018",142
"gustin2017",143
"pedersen2017",144
"peschel2017",145
"christensen2018",146
"heenpettersen2014",147
"ijssennagger2015",148
"kershaw2017",149
"raffield2014",150
"rogers2020",151
"williams2015",152
"hadley2018",153
"mcleod2011",154
"leonard2011",155
"price2020",156
"hrnjic2018",157
"kelly2015",158
"barndon2018",159
"lund2006",160
"hedeager2010",161
"kalmring2018",162
"eriksen2016",163
"mannering2013",164
"osullivan2015",165
"hedenstiernajonson2015",166
"price2011",167
"kalmring2012",168
"kalmring2017",169
"krzewinska2018",170
"helmbrecht2012",171
"oehrl2019",172
"sindbaek2014",173
"hilberg2018",174
"devos2013",175
"holst2013",176
"holst2014",177
"jessen2014",178
"buckberry2014",179
"tveiten2017",180
"bonde2016",181
"glorstad2014",182
"jahnsen2016",183
"baastrup2014",184
"henriksen2014",185
"borake2018",186
"hilberg2014",187
"hadley2016",188
"kershaw2016",189
"vesteinsson2016",190
"poulsen2011",191
"bill2012",192
"gustavsson2015",193
"androshchuk2010",194
"graslund2011",195
"lindholm2016",196
"ljungkvist2018",197
"chenery2014",198
"hedenstiernajonson2017",199
"toplak2015",200
"macphail2016",201
"gotfredsen2014",202
"milek2013",203
"runge2018a",204
"burstrom2014",205
"abrams2012",206
"pedersen2006",207
"roesdahl2011",208
"skre2011b",209
"linderholm2008",210
"lucas2007",211
"pedersen2009a",212
"rosengren2010",213
"wickholm2006",214
"knudson2012",215
"reiter2019",216
"tummuscheit2014",217
"feveile2017",218
"roslund2013",219
"roslund2015",220
"roslund2017",221
"sanmark2013a",222
"raninen2014",223
"skre2017",224
"skre2011a",225
"ijssennagger2013",226
"oye2014",227
"fallgren2008",228
"sutherland2015",229
"halstadmcguire2010",230
"kershaw2009",231
"catlin2016",232
"schmid2017",233
"holst2010",234
"sindbaek2011",235
"ljungkvist2015",197
"neiss2016",236
"goodchild2017",237
"vesteinsson2012",238
"sindbaek2011a",239
"aannestad2018a",240
"rundkvist2010",241
"staecker2004a",242
"sindbaek2007",243
"strand2011",244
"oye2016",245
"price2016",246
"gullbekk2011",247
"svensson2018",248
"andren2000",249
"storli2010c",250
"mulk2007",251
"naum2004",252
"solli2011",253
"becket2013",254
"steinforth2018",255
"trinks2014",256
"kovalenko2013",257
"imer2014",258
"ibsen2010",259
"harrison2016",110
"zori2013",260
"krzewinska2015",261
"christensen2013",262
"artelius2005",263
"feveile2012",264
"fischer2011",265
"myrberg2008",266
"frei2012",267
"benderjorgensen2012",268
"boyd2013",269
"arneborg2012",270
"pollard2012",271
"sutherland2009",272
"arwillnordbladh2008b",273
"fontaine2017",274
"sindbaek2013a",275
"skre2016",276
"arwillnordbladh2007",277
"magi2011",278
"becker2012",279
"barndon2005a",280
"ashby2015a",281
"feveile2011",282
"artelius2004a",283
"bitzthorsen2018",284
"svendsen2016",285
"myrberg2009",286
"majchczack2018",287
"skre2011",288
"gardela2013a",289
"gustafsson2011",290
"steinforth2015",291
"roslund2005",292
"bill2020",293
"rohdesloth2012",294
"naum2007",295
"draganits2015",296
"halewood2001",297
"pentz2009",262
"croix2021",298
"nosov2018",299
"magi2016",300
"perry2019",301
"lundborg2006",128
"lia2004",302
"croix2016",303
"gardela2014",303
"wicker2013",304
"kitzlerahfeldt2013",305
"croix2019a",306
"feveile2015",218
"gardela2013",307
"gardela2008",308
"price2005",309
"andren2006b",310
"leslie2015",311
"frei2012a",312
"gotfredsen2014a",313
"iversen2013",314
"gardela2018b",315
"hillerdal2009",316
"hayeursmith2013",54
"tummuscheit2012",317
"hedeager2003",318
"hennius2018a",319
"hardh2010",320
"iversen2015",321
"jankowiak2018",322
"jorgensen2010",323
"rundkvist2015",324
"kastholm2015",325
"jorgensen2009",326
"skorokhod2020",327
"sheehan2013",328
"ljungkvist2011",329
"sanmark2008",330
"richards2011",154
"lynnerup2014",331
"graslund2012a",79
"price2015",332
"price2014b",333
"price2014c",334
"myrberg2009a",335
"kalmring2016",18
"raffield2017",336
"kitzlerahfeld2015a",337
"pedersen2016b",338
"pedersen2009",339
"ravn2012",340
"price2018a",341
"raffield2016a",342
"price2018c",343
"pluskowski2010",344
"raffield2019a",345
"price2018d",346
"skre2017b",347
"price2019a",60
"andersson2008",348
"sindbaek2007a",349
"sindbaek2013",350
"semple2013",351
"toplak2017",352
"vesteinsson2014",353
"zachrisson2014",354
"williams2014a",355
"ulriksen2011",356
"zachrisson2004",357
"andren2002b",358
"aannestad2015",359
"ambrosiani2013",360
"andersson2004",361
"andersson2016",362
"andren2002",363
"andren2004",364
"androshchuk2013",365
"androshchuk2014",366
"androshchuk2012",367
"androshchuk2016",368
"arents2010",369
"armbruster2010",370
"artelius2007",371
"arwillnordbladh1998",372
"ashby2014",373
"backdanielsson2007",374
"ed2012",375
"barth1969",376
"e2014",377
"bergstol2008",378
"bhabha1994",379
"bjerg2013",380
"bogucki2012",381
"brather2013",382
"brink2011",383
"buntgen2016",384
"cannell2016",385
"clarke2017",386
"croix2012",387
"crumlinpedersen2010",388
"diamond2005",389
"dobat2014",390
"domeijlundborg2004",391
"englert2015",392
"eriksen1994",393
"feveile2009",394
"forster2009",395
"frog2014",396
"gardela2012",397
"gerds2015",398
"gjerpe2017",399
"grahamcampbell2013",400
"grahamcampbell2011",401
"graslund2007",402
"graslund2018",403
"griffiths2003",404
"hadley2013",405
"hall2014",406
"hallansstenholm2012",407
"hardh2016",408
"harrison2015",409
"harrison2014",410
"hedjakobsson2003",411
"hedeager2004",412
"hedeager2011",413
"hedenstiernajonson2006",414
"hedenstiernajonson2012",415
"helmbrecht2011",416
"hilberg2013",417
"n2017",418
"hodges2012",419
"ingvardson2012",420
"jennbert2015",421
"jensen2010",422
"jesch2015",423
"jones1997",424
"kalmring2013",425
"kershaw2013",426
"lemm2014",427
"lia2002",428
"ljungkvist2006",429
"loe2014",430
"lund2009",431
"merkel2016",432
"moen2011",433
"moen2019",434
"moesgaard2015",435
"myhre2015",436
"naum2008",437
"opedal2010",438
"oye2013",439
"paterson2014",440
"pedersen2004",441
"pedersen2014",442
"pedersen2016",443
"pilo2005",444
"price2000",445
"price2002",446
"price2001",447
"price2008",448
"price2018",449
"raja2018",450
"rasmussen2014",451
"richards2012",452
"roesdahl2014",453
"roslund2007",454
"russel2014",455
"said1978",456
"sanmark2017",457
"schietzel2014",458
"schultze2008",459
"skre2008",460
"soderberg2005",461
"solli2002",462
"staecker2004",463
"stanislawski2013",464
"stidsing2014",465
"svanberg2003",466
"thate2007",467
"toplak2016",468
"tummuscheit2011",469
"turner2006",470
"wallace2016",471
"wickham2005",472
"williams2020",473
"zachrisson2011",474
"andren2014",475
"christiansen2014",476
"dobat2010",477
"gardela2016",478
"gjerde2009",479
"glorstad2010",480
"graslund2010",481
"gustafsson2013",482
"smith2013",483
"lemm2013",484
"morawiec2009",485
"nordeide2011",486
"rundkvist2011",487
"rostad2016",488
"sindbaek2009",489
"sveinbjarnardottir2016",490
"williams2010",491
"ambrosiani2001",492
"graslund1984",493
"hraundal2013",494
"ilisch1990",495
"jansson1986",496
"jansson1987",497
"jansson1989",498
"wikander1978",499
"aannestad2016",500
"andren2011",501
"baastrup2012",502
"baastrup2010",503
"bagge1991",504
"bakka1963",505
"bakka1961",506
"bakka1971",507
"blackburn2002",508
"blindheim1973",509
"blindheim1999",510
"blindheim1995",511
"boe1940",512
"callmer1992",513
"callmer2008",514
"cramp1997",515
"downham2008",516
"dumville2008",517
"ekengren2009",518
"gaut2001",519
"gaut2011",520
"geber1991",521
"gosden1999",522
"grahamcampbell2000",523
"gustin2004",524
"hahn2013",525
"hedeager2002",526
"hedeager1992",527
"helms1993",528
"heyerdahllarsen1981",529
"hines1984",530
"hodder1982",531
"hodder1986",532
"hagg1974",533
"jansson1984",534
"vidar2010",535
"krag1994",536
"kristiansen2005",537
"maran2012",538
"marstrander1963",539
"mauss1950",540
"mikkelsen2002",541
"myhre1992",542
"croinin1989",543
"pedersen2008",544
"peets2012",545
"petersen1940",546
"raven2005",547
"rogers2006",548
"simonsen1981",549
"skaare1963",550
"skaare1976",551
"solli1995",552
"thomas1991",553
"waller1982",554
"wamers1985",555
"wamers2011",556
"williams2008",557
"wilson2006",558
"amundsen2001",559
"amundsen2011",560
"amundsen2015",561
"amundsen2007",562
"apel2001",563
"apel2005",564
"aronsson1991",565
"askeladden2015",566
"bakka1973",567
"bakka1976",568
"barth1976",569
"barth1996",570
"baudou1987",571
"bergman2016",572
"bergsland1992",573
"bergstol1997",574
"bergstol2009",575
"bjorn1934",576
"boaz1997",577
"bolstad1980",578
"braseth2014",579
"brendalsmo2003",580
"brogger1942",581
"bull2002",582
"byggstoyl2012",583
"damm2010",584
"fjellheim1999",585
"fjellheim2012",586
"forsberg2005",587
"fossum2006",588
"fredriksen1983",589
"fuglesang1980",590
"fuglestvedt2006",591
"gjerde2016",592
"gjessing1945",593
"grandell1986",594
"grimbe2013",595
"gustafson1988",596
"gustavsen2014",597
"hagen1946",598
"hagstrom2010",599
"hallgren2008",600
"hansen2004",601
"hansen2014",602
"hedman2003",603
"helstad2001",604
"hildre2012",605
"hole2013",606
"holm1991",607
"holm2016",608
"holseng2004",609
"hougen1947",610
"indreko1956",611
"jenkins2008",612
"johansen1981",613
"kleppe1977",614
"lannerbro1976",615
"marstrander1977",616
"mathiesen2005",617
"melheim2015",618
"mikkelsen1994",619
"mikkelsen1975",620
"mjaerum2012",621
"mulk1994",622
"myhre1962",623
"norell1987",624
"nou2007",625
"nyland2016",626
"odner1983",627
"odner2000",628
"ojala2009",629
"olsen1985",630
"olsen1991",631
"pareli1991",632
"prescott2009",633
"schanche1985",634
"scheen1979",635
"serning1966",636
"sjurseike1994",637
"skandfer1996",638
"skjolsvold1980",639
"skjolsvold1981",640
"skjolsvold1984",641
"smith2006",642
"soborg1988",643
"solberg1986",644
"sommerseth2011",645
"spangberg2014",646
"spangen2010",647
"stene2010",648
"stenvik1988",649
"svensson2006",650
"swensen2017",651
"trigger2006",652
"vorren1965",653
"wegraeus1971",654
"zachrisson1997",655
"zachrisson2015",656
"abrams2004",657
"phil2010",658
"fanning1994",659
"sheehan1998",660
"sheehan2009",661
"omeadhra1979",662
"blackburn1981",663
"glorstad1987",664
"grahamcampbell1984",665
"jensen1968",666
"davidson1962",667
"grinsell1961",668
"bjorn1940",669
"kovalev2004",670
"arbman1940",671
"arne1914",672
"bearman2014",6
"anonymous2012",673
"ljung2010",674
"lang2001",675
"cohen2004",676
"jesch2002",677
"whaley2004",678
"tweddle1995",679
"coatsworth2008",680
"grahamcampbell1980",681
"wamers2009",682
"grahamcampbell2007",683
"brunning2013",684
"sonderso2005",685
"stenalt1960",686
"kolindsund1936",687
"luhm1903",688
"androshchuk2001",689
"androshchuk2002",690
"androshchuk2003",691
"androshchuk2009",692
"androshchuk2004",693
"appadurai1937",694
"arbman1937",695
"arrhenius1985",696
"bazelmans1999",697
"bergman1976",698
"behmer1939",699
"behrend1936",700
"brondsted1936",701
"chase1979",702
"colmo1953",703
"cross1914",704
"falk1914",705
"gameson2001",706
"gansum1991",707
"geibig1992",708
"grahamcampbell1968",709
"gurevich1968",710
"habbe2005",711
"hakonarherdibreids1991",712
"harke2000",713
"jacobsen1942",714
"nasman1991",715
"jorgensen1966",716
"lavrsen1960",717
"mauss1980",718
"menghin1980",719
"mullerwille1978",720
"mullerwille1984",721
"mullerwille1980",722
"north1980",723
"nasman1989",724
"ostergren1976",725
"olsson1975",726
"owencrocker1966",727
"ornes1966",728
"paulsen1953",729
"pedersen1995",730
"pedersen1997",731
"pedersen2002",732
"peirce1919",733
"petersen1919",734
"rydbeck1932",735
"schulzedorrlamm1987",736
"handelderwikingerzeitzwischennordundwesteuropaaufgrundarchaologischerzeugnisse1987",737
"klaesoe2005",738
"smidt1991",739
"stocklund1985",740
"strid1961",741
"stromberg1946",742
"svanberg1995",743
"thunmarknylen1995",744
"thunmarknylen2001",745
"bergman2005",746
"thalinbergman2000",747
"theuws2000",748
"turvillepetre1960",749
"wamers1930",750
"whitelock1955",751
"willemsen2004",752
"wilson1955",753
"wrenn1958",754
"zachrisson1984",755
"zachrisson2012",756
"ammann2007",757
"ammann2003",758
"anchukaitis2014",759
"anchukaitis2012",760
"anchukaitis2010",761
"anchukaitis2013",762
"anchukaitis2006",763
"andreuhayles2011",764
"andronova2000",765
"autin2015",766
"biondi1999",767
"bowman1997",768
"bradley2001",769
"breitenmoser2012",770
"briffa1993",771
"briffa1994",772
"briffa1995",773
"briffa2000",774
"briffa1996",775
"briffa1998",776
"briffa2011",777
"briffa2013",778
"briffa2004",779
"briffa2002",780
"brohan2012",781
"buckley2010",782
"buntgen2006",783
"buntgen2013",784
"buntgen2011",785
"buntgen2014",786
"campbell2007",787
"coledai2013",788
"cook1990",789
"cook1987",790
"cook2010",791
"cook1994",792
"cook1995",793
"cook2013",794
"cook1999",795
"cowtan2014",796
"crowley2000",797
"crowley2008",798
"darrigo2011",799
"darrigo2003",800
"darrigo1992",801
"darrigo2004",802
"darrigo2013",803
"darrigo2008",804
"darrigo2015",805
"darrigo2009",806
"darrigo2006",807
"davi2003",808
"delaygue2011",809
"doradolinan2012",810
"edwards2007",811
"emilegeay2013",812
"esper2013",813
"esper2002",814
"esper2014",815
"esper2010",816
"esper2007",817
"esper2012",818
"esper2016",819
"esper2015",820
"esper2005",821
"estrada2013",822
"evans2013",823
"evans2002",824
"evans2001",825
"frank2007",826
"frank2010",827
"fritts1976",828
"fritts1991",829
"gallant2013",830
"gao2008",831
"gao2006",832
"gennaretti2014",833
"gershunov1998",834
"gillett2012",835
"goosse2016",836
"grinsted2004",837
"hakim2016",838
"harris2013",839
"haurwitz1981",840
"hegerl2014",841
"hegerl2007",842
"hegerl2003",843
"hegerl1997",844
"hegerl2006",845
"hegerl2011",846
"helama2014",847
"hughes2002",848
"hughes1994",849
"hughes1999",850
"jacoby1995",851
"jacoby2000",852
"jones2013",853
"jones2009",854
"jones2012",855
"jull2014",856
"kaplan2011",857
"kaufman2014",858
"keigwin2003",859
"kennedy2011",860
"klesse2015",861
"lavigne2013",862
"lean2006",863
"lee2008",864
"lehner2012",865
"lewis2015",866
"li2010",867
"linderholm2015",868
"luckman2005",869
"ludlow2013",870
"mann1998",871
"mann2012",872
"mann2002",873
"mann2013",874
"mann2005",875
"mann2007",876
"mann2008",877
"mann2009",878
"massondelmotte2013",879
"matskovsky2016",880
"matskovsky2014",881
"matthews2005",882
"mccarroll2013",883
"mccarroll2002",884
"mcgregor2015",885
"mckay2014",886
"meehl2004",887
"meko1997",888
"melvin2008",889
"melvin2004",890
"michaelson1987",891
"morice2012",892
"muscheler2007",893
"naulier2015",894
"ogurtsov2016",895
"oman2005",896
"ortega2015",897
"pausata2015",898
"payette2007",899
"pederson2014",900
"phipps2013",901
"plummer2012",902
"pongratz2008",903
"raspopov2008",904
"rimbu2003",905
"rind1999",906
"rind2004",907
"robock2000",908
"rutherford2003",909
"rydval2017",910
"schmidt2010",911
"schmidt2014",912
"schmidt2012",913
"schneider2009",914
"schneider2015",915
"schneider2001",916
"schurer2013",917
"schurer2014",918
"schweingruber1993",919
"schweingruber1978",920
"seager2008",921
"seager2007",922
"shindell2009",923
"shindell2014",924
"shindell2015",925
"shindell2004",926
"shindell2001",927
"shindell2003",928
"sigl2015",929
"smerdon2010",930
"smerdon2008",931
"smerdon2011",932
"smerdon2016",933
"solomon2011",934
"st2014",935
"george2013",936
"steiger2014",937
"steinhilber2009",938
"stenchikov2006",939
"stoffel2015",940
"vonstorch2004",941
"stott2010",942
"stott2009",943
"stott1998",944
"stuiver1993",945
"sundqvist2014",946
"swingedouw2010",947
"szeicz1995",948
"tierney2015",949
"tingley2015",950
"tingley2012",951
"tingley2010",952
"tingley2013",953
"torrence1998",954
"touchan2014",955
"trenberth1984",956
"verosub2008",957
"vieira2010",958
"wagner2001",959
"wagner2005",960
"wang2015",961
"waple2002",962
"wiles2014",963
"wilson2016",964
"wilson2010",965
"wilson2007",966
"wilson2014",967
"wise2015",968
"youngblut2008",969
"zanchettin2012",970
"zhang2016",971
"zorita2003",972
"zwiers2000",973
"ivakin2001",974
"kjellstrom2012",975
"kjellstrom2013",976
"koktvedgaardzeiten1997",977
"kovalenko2006",978
"stolpe1992",979
"nerman1935",206
"helms1988",980
"andren1999",981
"andren2007",982
"back2012",983
"bandmann1951",984
"baudou1989",985
"berend2007",986
"blomkvist1998",987
"blomkvist2002",988
"brendalsmo1994",989
"brink1992",990
"ross2002",991
"diiwel1985",992
"dyggve1952",993
"fabech1991",994
"fehring1991",995
"gotfredsen1988",996
"graslund1992",997
"graslund2001",998
"graslund1993",999
"gren1989",1000
"hallansstenholm2006",1001
"hedeager1999",1002
"hellstrom1996",1003
"hernaes1999",1004
"hildebrandt1985",1005
"hultgard1997",1006
"iregren1989",1007
"janson1998",1008
"jeppesen1991",1009
"johannsen1981",1010
"johansen1997",1011
"krautheimer1942",1012
"larsson2004",1013
"liden1969",1014
"ljungberg1938",1015
"mcnicol1997",1016
"meckseper1982",1017
"nielsen1997",1018
"nielsen2005",1019
"nordahl1996",1020
"olsen1966",1021
"olsen1972",1022
"rydh1969",1023
"sandnes1987",1024
"skre1995",1025
"sondergaard1972",1026
"stamsomunch1991",1027
"sundqvist2007",1028
"svensson2012",1029
"theliander2003",1030
"theliander2005",1031
"vibemuller1991",1032
"vikstrand2001",1033
"devries1957",1034
"wallander1994",1035
"wideen1955",1036
"zachrisson1963",1037
"strand2010",1038
"barber1991",1039
"benderjorgensen1986",1040
"benderjorgensen1987",1041
"benderjorgensen1992",1042
"benderjorgensen1995",1043
"costin1991",1044
"geijer1938",1045
"geijer1980",1046
"geijer1972",1047
"gleba2008",1048
"hald1980",1049
"hedeagerkrag1994",1050
"herlihy1964",1051
"hagg1983",1052
"hagg1984",1053
"hagg1985",1054
"hagg1986",1055
"hagg1991",1056
"ingstad1980",1057
"michel2010",1058
"martensson2007",1059
"martensson2000",1060
"pedersen1998",1061
"waltonrogers1996",1062
"waltonrogers2007",1063
"kovalenko2012",44
"geibig1991",1064
"zachrisson1998",1065
"hookernd",1066
"jay2006",1067
"kalland2000",1068
"kosiba2007",1069
"lynnerup1998",1070
"mcgovern1985",1071
"mcgovern2000",1072
"mcgovern1996",1073
"mcgovern2005",1074
"mcgovern2004",1075
"muldner2007",1076
"mohl1982",1077
"adalsteinsson1990",1078
"alexandersen2003",1079
"arneborg1990",1080
"balslevjorgensen2001",1081
"barret2005",1082
"bruun1928",1083
"commisso2006",1084
"commisso2007",1085
"enghoff2003",1086
"fricke1995",1087
"gullov2012",1088
"hebsgaard2009",1089
"vebaek1992",1090
"vebaek1993",1091
"oye2001",1092
"nelson2003",1093
"nelson2012",1094
"olafsson2006",1095
"privat2002",1096
"reitsema2010",1097
"schweger1998",1098
"simpson2002",1099
"simpson2007",1100
"edvardsson2012",1101
"sveinbjornsdottir2010",1102
"vebaek1991",1103
"alberti2013",1104
"andersson1998",1105
"andren1989",1106
"arrhenius1962",1107
"arrhenius1994",1108
"arrhenius1997",1109
"arrhenius1932",1110
"arwillnordbladh2011",1111
"backdanielsson2010",1112
"berg2007",1113
"bergqvist1999",1114
"bragg1997",1115
"brink2008",1116
"christensen2008",1117
"christensen2009",1118
"christensen2010",1119
"gillespie2008",1120
"gilman2010",1121
"graslund2005",1122
"graslund2008",1123
"gronvik2008",1124
"hagberg1976",1125
"helmbrecht2007",1126
"hjorungdal1991",1127
"hardh2008",1128
"jansson1996",1129
"jensen2004",1130
"johansson2008",1131
"jorgensen2002",1132
"jorgensen2008",1133
"kuper1988",1134
"larsson1997",1135
"lassen2003",1136
"lundstrom1995",1137
"ljungkvist2005",1138
"lundgren2007",1139
"malmberg2009",1140
"malmberg2010",1141
"mannering2010",1142
"martinson1956",1143
"mauss1934",1144
"nasstrom2001",1145
"raudvere2008",1146
"ringkvist1969",1147
"roberts1999",1148
"silvers2009",1149
"solli1999",1150
"sonne2010",1151
"steinsland2007",1152
"stolpe1912",1153
"sorensen1997",1154
"thomson1997",1155
"vikingatidens1995",1156
"weiner1985",1157
"williams2011",1158
"schulzedorrlamm1995",1159
"almgern1914",1160
"anderson1983",1161
"andersson1990",1162
"andersson1995",1163
"andersson2011",1164
"arne1932",1165
"arrhenius1976",1166
"bradley2002",1167
"bradley2003",1168
"burstrom2012",1169
"chapman1997",1170
"chapman1977",1171
"chapman2006",1172
"climo2002",1173
"connerton1989",1174
"delvin2007",1175
"dommasnes2006",1176
"dommasnes2008",1177
"duczko1985",1178
"jansson1985",1179
"jennbert2011",1180
"jensen2003",1181
"jones2007",1182
"kaliff1999",1183
"kaliff2001",1184
"knappett2012",1185
"kokowski2010",1186
"tsamis2010",1187
"lowenthal1999",1188
"vonmuller1958",1189
"nora1989",1190
"nugent2012",1191
"renfrew2004",1192
"rowlands1993",1193
"rowlands1999",1194
"sjogren2003",1195
"vandyke2003",1196
"williams2003",1197
"aqvist1996",1198
"artelius1996",1199
"baudou2004",1200
"bolin2004",1201
"bratt2008",1202
"burstrom1989",1203
"chippendale1983",1204
"gosden1994",1205
"gustavson1986",1206
"lonnroth1977",1207
"olivier1999",1208
"pollard2002",1209
"sawyer2000",1210
"shanks1987",1211
"stromberg1968",1212
"widholm2006",20
"williams2006",1213
"zachrisson1994",1214
"pagesk2013",1215
"aberg1921",1216
"adamavbremen1984",1217
"ambrosiani1964",1218
"andersson1992",1219
"andersson1989",1220
"arend1978",1221
"axelsson1993",1222
"baer1998",1223
"baines1989",1224
"berg1987",1225
"bergman1948",1226
"berlo1983",1227
"bjurstrom1996",1228
"blair1989",1229
"brondsted1920",1230
"bugge1953",1231
"carlqvist1977",1232
"carlsson1985",1233
"christiansson1959",1234
"christophersen1982",1235
"claesson1982",1236
"clanchy1979",1237
"crocker1982",1238
"danbolt1989",1239
"ekblad1997",1240
"elgh1987",1241
"vonfriesen1913",1242
"fuglesang1978",1243
"odense1981",1244
"svardstrom1962",1245
"goody1977",1246
"graslund1985",1247
"gronvik1981",1248
"gronvik1985",1249
"gurevich1985",1250
"gustavson1988",1251
"hagenfeldt1996",1252
"hallencreutz1982",1253
"haseloff1981",1254
"hedeager1997",1255
"herschend1994",1256
"hildebrandnd",1257
"holmback1943",1258
"holmqvist1951",1259
"holtsmark1960",1260
"hubler1996",1261
"hyenstrand1974",1262
"johansson1996",1263
"kallstrom1992",1264
"klindtjensen1975",1265
"kristoffersen1995",1266
"kyhlberg1983",1267
"lager1995",1268
"lagman1990",1269
"larsson1990",1270
"fornvannen1997",1271
"lindblad1992",1272
"lindell1994",1273
"lindkvist1988",1274
"lindqvist1931",1275
"lindstrom1992",1276
"lonnroth1982",1277
"marcus1992",1278
"meijer1992",1279
"moltke1974",1280
"mostrom1998",1281
"miillernd",1282
"og1911",1283
"ol1900",1284
"olason1989",1285
"ong1982",1286
"orsnes1966",1287
"orsnes1969",1288
"owe1995",1289
"palm1992",1290
"peterson1994",1291
"petre1984",1292
"petre1993",1293
"philippa1977",1294
"ragnesten1978",1295
"randsborg1980",1296
"russell1994",1297
"salberger1978",1298
"salin1904",1299
"sandahl1996",1300
"sawyer1988",1301
"sawyer1993",1302
"schuck1935",1303
"segelberg1983",1304
"shetelig1909",1305
"sjoberg1985",1306
"snorres1997",1307
"soderberg1905",1308
"soderqvist1993",1309
"strid1987",1310
"sundqvist1996",1311
"svardstrom1936",1312
"svenbro1975",1313
"thrainsson1994",1314
"varenius1998",1315
"wamers1999",1316
"wijkander1983",1317
"williams1990",1318
"wilson1995",1319
"wilson1994",1320
"zanker1988",1321
"runinskrifter1984",1322
"garlandthomson2002",1323
"aarissorensen1988",1324
"aarissorensen2007",1325
"ambrosiani1981",1326
"arneborg1998",1327
"ashby2011",1328
"ashby2013",1329
"smith1995",1330
"barrett2011",1331
"bately2007",1332
"bencard1990",1333
"blaut1993",1334
"buchwald2006",1335
"buckley2011",1336
"buckley2009",1337
"buckley2014",1338
"callmer2002",1339
"sachensymposium2001",1340
"callmer2003",1341
"childe1950",1342
"clarke1991",1343
"coupland2010",1344
"coupland2011",1345
"cowgill2004",1346
"feveile2001",1347
"feveile2006",1348
"fleming2009",1349
"galloway1981",1350
"henderson2005",1351
"hodges1982",1352
"hull2008",1353
"jantzen2013",1354
"keller2010",1355
"kirby2013",1356
"knappett2008",1357
"lie1991",1358
"ling2013",1359
"loveluck2006",1360
"madsen1984",1361
"madsen2004",1362
"madsen2014",1363
"mahler2007",1364
"mainman1999",1365
"mattingly2013",1366
"miksic2000",1367
"muller2012",1368
"nasman2000",1369
"nasman2003",1370
"nesje2012",1371
"rau2010",1372
"renfrew2008",1373
"riddler2003",1374
"rieck2006",1375
"roesdahl2003",1376
"lewissimpson2000",1377
"roesdahl2001",1378
"schyman2012",1379
"sinclair2012",1380
"skov1997",1381
"skov1999",1382
"skov2006",1383
"skov2010",1384
"skre2007",1385
"smirnova2002",1386
"stephan1994",1387
"stewart2013",1388
"strohalm2010",1389
"taylor2012",121
"theuws2004",1390
"trigger2008",1391
"ulbricht1978",1392
"vandoorn2014",1393
"verhulst1994",1394
"weber1995",1395
"wigh2001",1396
"yoffee2005",1397
"boric2008",1398
"goransson1999",1399
"hirdman1988",1400
"joyce2005",1401
"muckenberger2012",1402
"nasstrom1986",1403
"vikingatidens1995a",1404
"almgren1905",1405
"arbman1945",1406
"artelius1999",1407
"artelius2002",1408
"berger1979",1409
"ross1998",1410
"edsman1987",1411
"fors2002",1412
"halbwachs1952",1413
"jennbert1977",1414
"lundborg1972",1415
"moon1987",1416
"napier1992",1417
"rappaport1999",1418
"rolston1987",1419
"sahlstrom1948",1420
"strom1967",1421
"turner1983",1422
"thomas1985",1423
"vedelnd",1424
"wikstrom1993",1425
"janson2009",1426
"bergqvist1997",1427
"alberti2014",1428
"am2013",1429
"backdanielsson2012",1430
"barad2003",1431
"barad2007",1432
"burstrom1994",1433
"ccby2016",1434
"ekholm1950",1435
"fowler2015",1436
"graslund1991",1437
"jonsson2015",1438
"klos2009",1439
"koster2014",1440
"lager2002",1441
"larsson2010",1442
"lindeberg2009",1443
"mitchell2005",1444
"munn1986",1445
"nielsen1941",1446
"peterson2006",1447
"dictionary2016",1448
"runtextdatabas2015",1449
"saol1998",1450
"sjoborgnd",1451
"brink1981",1452
"hobsbawm1983",1453
"jennbert2004",1454
"wamers1987",1455
"frick1992",1456
"aatsleff2010",1457
"aberg1936",1458
"albrethsen2002",1459
"brandt2002",1460
"johansen1987",1461
"fraenkelschoorl1978",1462
"garipzanov1980",1463
"grahamcampbell1991",1464
"hyvass1986",1465
"jensen2006",1466
"jorgensen2003",1467
"jorgensen2006",1468
"klingenberg1984",1469
"lennarrson1983",1470
"longley1975",1471
"macgregor1993",1472
"moesgaard2010",1473
"monge2003",1474
"nielsen2006",1475
"nielsen2004",1476
"olsen1981",1477
"olsen1977",1478
"ryan1997",1479
"rygh2003",1480
"ulriksen1970",1481
"vandoorn2011",1482
"arneborg2003",1483
"arrhenius1995",1484
"ashby2006",1485
"smith1993",1486
"barrett2003",1487
"besteman2004",1488
"biddle2001",1489
"bolin1953",1490
"brettell2000",1491
"brooks1971",1492
"burstrom1993",1493
"byock2001",1494
"carver1990",1495
"carver1995",1496
"clover1988",1497
"coupland1998",1498
"crumlinpedersen1995",1499
"crumlinpedersen2007",1500
"dahljensen1998",1501
"dansgaard1975",1502
"downham2007",1503
"duczko2004",1504
"dumville2002",1505
"dyer2002",1506
"earle1997",1507
"edwards2005",1508
"englert2007",1509
"etchingham1996",1510
"etchingham2007",1511
"forenbaher2005",1512
"fossier1999",1513
"grahamcampbell1975",1514
"hadley2006",1515
"halsall2003",1516
"hannon2005",1517
"hansen2000",1518
"haywood1999",1519
"heinsohn2003",1520
"hernaes1997",1521
"hill1981",1522
"hill2001",1523
"hills2003",1524
"hodges2006",1525
"hodges1983",1526
"holm1986",1527
"hunter2007",1528
"johnson2001",1529
"jonsson1911",1530
"karlsson1997",1531
"keegan2004",1532
"keynes1997",1533
"kristoffersen2004",1534
"kuhn1977",1535
"lund1989",1536
"magi1999",1537
"slavi1997",1538
"mccormick2001",1539
"michelli1993",1540
"minorsky1958",1541
"montgomery2006",1542
"montgomery2003",1543
"morris1998",1544
"mullerwille1994",1545
"myhre1987",1546
"myhre1993",1547
"nelson1991",1548
"nelson1997",1549
"nondier2002",1550
"croinin1995",1551
"oppenheimer2007",1552
"owen1999",1553
"paterson2001",1554
"pirenne1939",1555
"reuter1985",1556
"richards2000",1557
"ridel2007",1558
"roesdahl1991",1559
"santiagoirizarry2008",1560
"sawyer1982",1561
"scholz1970",1562
"simek2004",1563
"skre2001",1564
"small1973",1565
"stefansson2003",1566
"vesteinsson2006",1567
"wallace2003",1568
"warner1976",1569
"weber1992",1570
"westerdahl2008",1571
"wicker1998",1572
"woolf2007",1573
"wormald1982",1574
"runicdictionary2016",1575
"samnordiskruntextdatabas2016",1576
"nilsson1996",1577
"moltke1942",1578
"aughdal1979",1579
"baug2011",1580
"baug2013",1581
"bergstrom2007",1582
"brodshaug1950",1583
"campbell1939",1584
"carelli1997",1585
"cederlund1964",1586
"christophersen1999",1587
"ek1962",1588
"fisher2004",1589
"forster2004",1590
"friisnd",1591
"granlund1956",1592
"grenne2008",1593
"gron1939",1594
"gron1942",1595
"hamilton1956",1596
"helberg2010",1597
"helle1982",1598
"jensen1990",1599
"kaland1987",1600
"kristiansen2009",1601
"processing2009",1602
"kristensen1999",1603
"molaug1982",1604
"keysernd",1605
"magnusnd",1606
"petersen1951",1607
"reiersen1999",1608
"resi1979",1609
"rnregestanorvegica1989",1610
"roesdahl1980",1611
"sindbaek2005",1612
"skaarup2009",1613
"skjolsvold1961",1614
"smith1999",1615
"steensberg1964",1616
"steuer1987",288
"tengesdal2010",1617
"vangstad2003",1618
"viklund2007",1619
"visted1975",1620
"weber1984",1621
"weber1989",1622
"weber1999",1623
"oye2002",1624
"oye2009",137
"bockman1997",1625
"gjerpe2005",1626
"glorstad2008",1627
"gudmundsdottir2003",1628
"hufthammer2016",1629
"harke2014",1630
"iversen1999",1631
"jezek2015",1632
"kristoffersen2006",1633
"meling2014",1634
"metcalf1991",1635
"moberg1992",1636
"mullerwille1977",1637
"ohlhaver1939",1638
"roberts2015",1639
"ronne2002",1640
"sauvage2005",1641
"straume1984",1642
"wallander1989",1643
"ostigard2006",1644
"fuglesang1986",1645
"larsen1989",1646
"andersson2005",1647
"artelius2010",1648
"borgeaud1987",1649
"boyend",1650
"burke1989",1651
"edmonds1999",1652
"fernholm1982",1653
"gosden1998",1654
"hansson1991",1655
"hemmendorff1980",1656
"stenholm2004",1657
"jennbert1991",1658
"lindqvist2010",1659
"lundborg2007",1660
"nagy1976",1661
"olson1968",1662
"rudbeck1978",1663
"stromberg2005",1664
"zuesse1987",1665
"ayliffe1990",1666
"balasse2003",1667
"batey1998",1668
"becker1998",1669
"becker2011",1670
"behre2008",1671
"benecke1982",1672
"bentley2006",1673
"bosl2006",1674
"butzler1986",1675
"buzon2010",1676
"clementz2001",1677
"doppler2010",1678
"drouet2005",1679
"elsner1989",1680
"frei2011",1681
"fricke1998",1682
"fry2006",1683
"grupe2009",1684
"grupe2010",1685
"grupe2012",1686
"heinrich1987",1687
"heinrich2006",1688
"huster1983",1689
"jacomet2010",1690
"koch2007",1691
"kohn1996",1692
"kohn2002",1693
"layman2007",1694
"leethorp1989",1695
"lepiksaar1977",1696
"mewis2004",1697
"miller2010",1698
"mullerwille2002",1699
"newsome2004",1700
"oconnor2004",1701
"phillips2003",1702
"pieper1995",1703
"reichstein1991",1704
"reichstein1966",1705
"rozanski1992",1706
"schmolcke2006",1707
"schoeninger1984",1708
"sjogren2009",1709
"smed2002",1710
"stephan2008",1711
"stevens2006",1712
"surge2005",1713
"taastrom1999",1714
"tieszen1991",1715
"vogel1989",1716
"vogel2002",1717
"vonlehmann1986",1718
"west2010",1719
"dommasnes1976",1720
"stylegar2010",1721
"stylegar2014",1722
"straume1986",1723
"tarlow2016",1724
"oye1985",1725
"bmasstrom2001",1726
"lindqvist2012",1727
"adams1991",1728
"arnold2012",1729
"bailey1990",1730
"bailey2015",1731
"bailey2007",1732
"beck2014",1733
"becker1966",1734
"becker1971",1735
"berggren2009",1736
"bille2016",1737
"bloch1977",1738
"boivin2008",1739
"bowker2005",1740
"cobb2012",1741
"delanda2006",1742
"delanda2016",1743
"deleuze2005",1744
"edgeworth2012",1745
"eisenschmidt2013",1746
"ejstrud2000",1747
"fahlander2003",1748
"felding2013",1749
"fundfortidsminder2017",1750
"gell1992",1751
"gerritsen1999",1752
"gerritsen2008",1753
"gosden2015",1754
"gramsch1996",1755
"hamilakis2017",1756
"hansen2015",1757
"harris1989",1758
"holst1999",1759
"holtorf1998",1760
"holtorf2002",1761
"hvass1983",1762
"hvass1985",1763
"ingold2010",1764
"jensen2005",1765
"joy2009",1766
"larsen2007",1767
"laursen2017",1768
"lucas2005",1769
"lucas2008",1770
"lucas2012",1771
"mcanany2009",1772
"mikkelsen1998",1773
"sekretariat1997",1774
"mikkelsen2016",1775
"moller2010",1776
"mud2014",1777
"muller1906",1778
"munn1992",1779
"nasman1987",1780
"nativ2017",1781
"olivier2011",1782
"olsen1968",1783
"pauketat2005",1784
"pearson1994",1785
"reynolds1994",1786
"rosenberg2010",1787
"shennan1993",1788
"slotsogkulturstyrelsen2017",1789
"sorensen2015",1790
"thomas1996",1791
"tornbjerg1998",1792
"tringham2000",1793
"vanoyen2015",1794
"villumsen2013",1795
"witmore2013",1796
"zimmermann1998",1797
"anckers1993",1798
"andersson1999",1799
"brown1991",1800
"cassel2004",1801
"cnattingius1930",1802
"foxhall2000",1803
"gilchrist2004",1804
"jonsson2003",1805
"kallen2004",1806
"moberg1987",1807
"olivier2004",1808
"palm2004",1809
"ralph2005",1810
"vandyke2003b",1811
"wessen1958",1812
"widmark1993",1813
"askvik1990",1814
"askvik2008",1815
"askvik2014",1816
"bakmark2014",1817
"bazelmans2009",1818
"berglund1995",1819
"bos2005",1820
"bratrein1994",1821
"buchwald2005",1822
"callmer1991",1823
"callmer1998",1824
"callmer2007",1825
"coupland2002",1826
"crosby1987",1827
"curta2007",1828
"delvaux2017",1829
"downham2011",1830
"eldorhagen2001",1831
"ellis1969",1832
"ellmers1985",1833
"etchingham2014",1834
"feveile2000",1835
"gardner2007",1836
"gaunt2000",1837
"hald1991",1838
"hansen2017a",1839
"hines1999",1840
"hodges2001",1841
"holand2003",1842
"holberg2015",1843
"holm2015",1844
"iversen2018",1845
"jansen2001",1846
"jellema1955",1847
"jesch2009",1848
"kars1983",1849
"knol2017",1850
"koht1919",1851
"krol2006",1852
"lebecq1990",1853
"lebecq1999",1854
"ljungkvist2009",1855
"lonaas2001",1856
"moore1978",1857
"moore1983",1858
"myrvoll1991",1859
"nasman1986",1860
"nicolay2005",1861
"nicolay2017",1862
"nilsen2016",1863
"corrain1998",1864
"pilo2011a",1865
"resi1990",1866
"resi2008",1867
"roesdahl1995",1868
"schreiner1928",1869
"sheehan2008",1870
"sitzmann2008",1871
"sjovold1974",1872
"skre2018",1873
"sode2017",1874
"stenvik1997",1875
"storli2006",1876
"svennung1967",1877
"walther2004",1878
"wickham2008",1879
"wilson1985",1880
"wood1983",1881
"plogmann2006",279
"bonde1994",1882
"brogger1917",1883
"dybwad1908",1884
"johansen2016",1885
"kluwernd",1886
"mullerwille1970",1887
"paasche2010",1888
"grahamcampbell2004",1889
"thomsen2009",1890
"aud1996",1891
"aud1997",1892
"wamers2005",1893
"lennarrsson1999",1894
"brondsted1924",1895
"skovmand1942",1896
"wamers1991",1897
"lennartsson1999",1898
"andersen1995",1899
"brucemitford2005",1900
"roth2002",1901
"wamers1994a",1902
"aud1992",1903
"aarsleff2008",1904
"adamsen1997",1905
"albrethsen2008",1906
"lindahl1984",1907
"thorvildsen1957",1908
"bradley1998",1909
"ambrosiani1984",1910
"bergstel1997",1911
"bergsvik2001",1912
"boaz1999",1913
"skre1998",1914
"strade1997",1915
"solberg2000",1916
"storli1994",1917
"sorensen1979",1918
"shetelig1917",1919
"norseng2010",1920
"allmae2011",1921
"andersen1991",1922
"axboe1995",1923
"baillie1982",1924
"baillie1973",1925
"bjorkvik1999",1926
"bonde1995",1927
"bonde1997",1928
"bonde2005",1929
"bonde2007",1930
"bonde1993",1931
"bonde1982",1932
"bonde2009",1933
"brathen1982",1934
"brogger1951",1935
"brucemitford1964",1936
"carver1998",1937
"christensen1995",1938
"christensen1993",1939
"christensen2003",1940
"christensen2007",1941
"christensen1994",1942
"christensen1998",1943
"eckstein1977",1944
"euforgen2009",1945
"evison2008",1946
"faegri1954",1947
"filmersankey1992",1948
"grieg1928",1949
"hines1992",1950
"hines1993",1951
"holand2001",1952
"hulten1971",1953
"hutchinson1994",1954
"kaennel1995",1955
"lorangend",1956
"marsden1996",1957
"mullerwille1974",1958
"mullerwille1995",1959
"myhre1980",1960
"myhre1998",1961
"myking2011",1962
"naess1969",1963
"nasman1984",1964
"nerman1948",1965
"nordenborgmyhre2004",1966
"opedal1998",1967
"opedal2005",1968
"peets2013",1969
"reiersen2009",1970
"roesdahl1994",1971
"schetelig1902",1972
"schetelig1906",1973
"schetelig1912",1974
"shetelig1940",1975
"sorensen2001",1976
"sylvester2009",1977
"vadstrup1994",1978
"mcleod2014",1979
"roesdahl2005",1980
"verhulst2002",1981
"vinsrygg1979",1982
"andersen1988",1983
"smith2007",1984
"barret2006",1985
"barret2000",1986
"blackburn2008",1987
"brink2008b",1988
"brooks1979",1989
"buckland1990",1990
"carver2004",1991
"crumlinpederson1995",1992
"downham2000",1993
"forsyth1995",1994
"grahamcampbell1995",1995
"grahamcampbell1998",1996
"grahamcampbell2001",1997
"grahamcampbell2003",1998
"gudmundsson1965",1999
"hermannsaudardotir1991",2000
"hines1996",2001
"howlet1999",2002
"metcalf2007",2003
"roesdahl2003b",2004
"myhre2003",2005
"paasche2006",2006
"ralston1997",2007
"randsborg1995",2008
"randsborg2000",2009
"smyth1984",2010
"wamers1998a",2011
"weber1991",2012
"whitelock1961",2013
"mierow1915",2014
"andersen1989",2015
"benderjorgensen2005",2016
"christiansen2004",2017
"cooke2002",2018
"cooke2005",2019
"damgardsorensen1998",2020
"dybdahl1990",2021
"eldjarn1988",2022
"eldjarn1990",2023
"elstad2002",2024
"elstad2004",2025
"hoeghnd",2026
"kastholm2009",2027
"kaup1996",2028
"kjellmo1996",2029
"kvamme2004",2030
"lightfoot1996",2031
"lightfoot1997",2032
"myhre2002",2033
"martensson2006",2034
"norgard1999",2035
"olsennd",2036
"olufsennd",2037
"rabben2002",2038
"traetteberg1999",2039
"franckenwelz2003",2040
"westerdahl1995",2041
"amundsen2003",2042
"alfsen1979",2043
"baug2002",2044
"birkedahl1997",2045
"birkedahl2000",2046
"bl1923",2047
"christophersen1991",2048
"crawford2002",2049
"gestsson1959",2050
"morcken1964",2051
"nielssen2014",2052
"nymoen2011",2053
"pilo2007",2054
"risbol1994",2055
"schou2007",2056
"schon1995",2057
"sigurdsson1999",2058
"jones1999",2059
"bill2013",2060
"callmer1977",2061
"gansum1995",2062
"hinsch1945",2063
"hjardar2011",2064
"hougen1993",2065
"jankuhn1986",2066
"karageorghis1999",2067
"kilger2008",2068
"kleingartner2014",2069
"larsen2011",2070
"martens1988",2071
"oye2011",2072
"pedersen2001",2073
"rispling2008",2074
"ros2009",2075
"sperber1996",2076
"steuer1997",2077
"wiker2006",2078
"bender2002",2079
"rasteicher2008",2080
"brather1992",2081
"capelle1978",2082
"capelle2000",2083
"daly2011",2084
"geary1994",2085
"holck2009",2086
"krogh1982",2087
"kummel2009",2088
"larsen2004",2089
"marstrander1986",2090
"mullerwille1976",2091
"mullerwille1992",2092
"nicolaysennda",2093
"randsborg1998",2094
"roesdahl2008",2095
"sigurdsson2003",2096
"steinsland2002",2097
"vanhaperen2010",2098
"berg2015",2099
"anderson1907",2100
"becket2010",2101
"curle1982",2102
"dickson2000",2103
"edlin1973",2104
"fentz1992",2105
"grahamcampbell2002",2106
"grieg1940",2107
"grieve1923",2108
"harman1981",2109
"loder1935",2110
"morgan2012",2111
"mcneillnd",2112
"ottaway1992",2113
"allerton2007",2114
"barthes1971",2115
"barthes1986",2116
"bellamy2012",2117
"bender1998",2118
"blackwell2007",2119
"blackwell2012",2120
"brisholm1997",2121
"burstrom1996",2122
"burstrom1998",2123
"dannehl2009",2124
"demarrais2004",2125
"denzin1989",2126
"derrida1978",2127
"douglas1993",2128
"eckardt2003",2129
"elfver2008",2130
"epstein1991",2131
"foucault1978",2132
"friedel1993",2133
"gaitanammann2005",2134
"gilchrist2000",2135
"gildonnd",2136
"golofast2003",2137
"gordon2009",2138
"gosden2005",2139
"halse2006",2140
"hamilakis1999",2141
"hardh1996",2142
"heffernan1988",2143
"herva2010",2144
"hibbert1969",2145
"hicks2010",2146
"hodder2012",2147
"holtorf2001",2148
"holtorf2008",2149
"hoskins1998",2150
"humphrey2003",2151
"johnsonnd",2152
"jonsdottir1982",2153
"jonsson1997",2154
"joy2000",2155
"joyce2000",2156
"kilnernd",2157
"kopytoff1986",2158
"lamb2011",2159
"lamotta2012",2160
"latour1992",2161
"lindqvist1936",2162
"martindale2009",2163
"mcnaughton2006",2164
"meskell2004",2165
"meskell2005",2166
"michell1982",2167
"miller2000",2168
"nevett1999",2169
"novarr1986",2170
"olsen2003",2171
"olsen2010",2172
"olsen2012",2173
"ostergren1990",2174
"polkey1999",2175
"roos2003",2176
"roymans1995",2177
"shanks1998",2178
"sofaer2007",2179
"spangen2005",2180
"stewart1993",2181
"strathern1988",2182
"thompsonnd",2183
"tilley1996",2184
"valenze2006",2185
"vellinga1999",2186
"weiner1992",2187
"wilson2008",2188
"witmore2007",2189
"woolf1967",2190
"armstrong2017",2191
"boggs2016",2192
"boyd2009",2193
"cooper2012",2194
"costanza2007",2195
"crumley1993",2196
"crumley2015",2197
"ipcc2014",2198
"lane2015",2199
"nelson2016",2200
"nielsen2013",2201
"obrien2012",2202
"odlingsmee2013",2203
"riede2018",2204
"rockman2009",2205
"rockman2012",2206
"svenning2013",2207
"whitehead1998",2208
"schetelig1917",2209
"andersson2007",2210
"biddle1976",2211
"christiansen2006",2212
"dommasnes1982",2213
"easthope2004",2214
"flanders2004",2215
"geraghty1996",2216
"gonzalesmarcen2008",2217
"hall1994",2218
"hamerow2002",2219
"hurley1997",2220
"jesch1991",2221
"kelly1988",2222
"mcalister2003",2223
"milek2006",2224
"munch2003",2225
"osullivan2008",2226
"corrain1983",2227
"corrain2005",2228
"perring1981",2229
"reilly2003",2230
"simpson1999",2231
"simpson2006",2232
"stocker2003",2233
"valante2008",2234
"wallace1992",2235
"wallace2000",2236
"wallace2005",2237
"wallace2008",2238
"andersson2000",2239
"artursson2005",2240
"bantelmann1975",2241
"beck2004",2242
"bennett2005",2243
"bjorhem1993",2244
"boozer2015",2245
"boye1992",2246
"boye1998",2247
"carlie2005",2248
"carlie2008",2249
"carstens2015",2250
"christensen1973",2251
"christensen2015",2252
"eriksen2009",2253
"ethelberg2003",2254
"ford1954",2255
"fowler2017",2256
"gjerlevsen2013",2257
"gram2006",2258
"graslund1987",2259
"hakansson2012",2260
"hansen1991",2261
"harrison2011",2262
"hatt1928",2263
"heimer2009",2264
"heimer2006",2265
"herschend1993",2266
"hill1972",2267
"hvass1980",2268
"jensen1986",2269
"jensen1987",2270
"jessen2012",2271
"jessen2003",2272
"jorgensen1995",2273
"kling1984",2274
"komber2001",2275
"komber1999",2276
"krieger1944",2277
"kristensen2015",2278
"lucas2014",2279
"lucas2016",2280
"martens2005",2281
"mikkelsen2003",2282
"mimisson2016",2283
"moller2009",2284
"nielsen1980",2285
"nielsen1998",2286
"nissen1998",2287
"norlund1948",2288
"normark2009",2289
"normark2010",2290
"nylen2009",2291
"olesen1998",2292
"pagh2007",2293
"pedersen2012",2294
"petersen2010",2295
"poulsen2014",2296
"rasmussen1994",2297
"rouse1960",2298
"schietzel1981",2299
"schmidt1994",2300
"schultz2015",2301
"siemen2014",2302
"skov1994",2303
"sorensen2011",2304
"sorensen2017",2305
"sovso2013",2306
"spaulding1953",2307
"steward1954",2308
"stouman1980",2309
"tornbjerg2002",2310
"vale2017",2311
"villumsen2017",2312
"waterbolk1994",2313
"witmore2014",2314
"zimmermann2001",2315
"gale2000",2316
"graslund1980",2317
"acker2007",2318
"andersen1993",2319
"aethelweard1962",2320
"bell1969",2321
"bill1991",2322
"bill2009",2323
"bill2015",2324
"bill2018",2325
"birgisson2008",2326
"bischoff1998",2327
"bonde2011",2328
"bratt2004",2329
"brookes2007",2330
"bruce2002",2331
"brucemitford1952",2332
"brucemitford1978",2333
"byock2013",2334
"cannell2011",2335
"capelle2004",2336
"carver1992",2337
"carver2000",2338
"chase1981",2339
"christensen2016",2340
"crosman1980",2341
"crumlinpedersen1991",2342
"crumlinpedersen1997",2343
"crumlinpedersen2002",2344
"daly2007",2345
"damico2015",2346
"dronkeduchatellier1908",2347
"dusse2013",2348
"engevik2011",2349
"englund1979",2350
"ericsson2005",2351
"farbregd1969",2352
"fett1936",2353
"fidjestol1994",2354
"filmersankey1990",2355
"filmersankey2001",2356
"frank1997",2357
"friisjensen1984",2358
"fritzner1973",2359
"fulk2012",2360
"goeres2015",2361
"grammaticus2005",2362
"grimes2013",2363
"hedeager1996",2364
"hedeager2000",2365
"helgesson2004",2366
"henriksen2016",2367
"holst2017",2368
"hulth2013",2369
"jonsson1923",2370
"krag1991",2371
"krag2012",2372
"larsson2011",2373
"lawson1981",2374
"leontev2017",2375
"lindow1997",2376
"ljungkvist2008",2377
"lorangenda",2378
"lonnroth1986",2379
"madsen1997",2380
"malmer1966",2381
"marold2012",2382
"maryon1946",2383
"meri2002",2384
"montgomery2000",2385
"mooney2016",2386
"mundal2018",2387
"myhre1966",2388
"myrvoll2014",2389
"neidorf2016",2390
"newton1993",2391
"nicolaysenndb",2392
"nordman1987",2393
"norr1998",2394
"north2007",2395
"north2011",2396
"jorgensen1999",2397
"opedal1996",2398
"oskarsdottir1994",2399
"ostigard2015",2400
"pedersen2003",2401
"petersen1927",2402
"poel2016",2403
"pollington2008",2404
"ramskou1976",2405
"rieck1988",2406
"ringstad2004",2407
"risberg2011",2408
"sapp2000",2409
"schetelig1905",2410
"schon1999",2411
"sellevold1998",2412
"shetelig1929",2413
"skre2014",2414
"sorokin1997",2415
"spurkland2005",2416
"stefanovich2016",2417
"steinsland1991",2418
"stenvik1996",2419
"sturluson1982",2420
"sundqvist2000",2421
"sorensen2006",2422
"turvillepetre1964",2423
"varenius1992",2424
"vestergaard2007",2425
"warmind1995",2426
"appadurai1986a",2427
"dionysiusnd",2428
"amorosi1997",2429
"arnalds2004",2430
"atalay2012",2431
"balee2006",2432
"bolender2012",2433
"bolender2008",2434
"bourdieu1980",2435
"braje2015",2436
"braje2013",2437
"briggs2006",2438
"brownlow2006",2439
"butzer1975",2440
"caseldine2010",2441
"catlin2011",2442
"catlin2013",2443
"catlin2014",2444
"chadwick2013",2445
"chase2014",2446
"correia2013",2447
"crofts2011",2448
"cronon1991",2449
"crumley2003",2450
"crutzen2000",2451
"dasmann1976",2452
"dugmore2004",2453
"dugmore2009",2454
"earle2002",2455
"einarsson2015",2456
"ensor2003",2457
"fisher2005",2458
"fisher2009",2459
"foley2013",2460
"hicks2014",2461
"hilger2015",2462
"hill2009",2463
"hodder2004",2464
"ingold1993",2465
"johnson2012",2466
"kennett2013",2467
"klein2015",2468
"lansing2007",2469
"larkin2013",2470
"lefebvre1991",2471
"lentfer2002",2472
"lightfoot1998",2473
"logan2013",2474
"mcgovern2007",2475
"melville1990",2476
"mitchell2003",2477
"morton2013",2478
"mrozowski2006",2479
"mrozowski2011",2480
"norgaard2011",2481
"ogilvie2010",2482
"palsson2013",2483
"redman2005",2484
"reitz2012",2485
"robin2006",2486
"rull2013",2487
"steffen2011",2488
"steward1955",2489
"streeter2013",2490
"streeter2015",2491
"stump2013",2492
"thomson2006",2493
"thorarinsson1944",2494
"thorhallsdottir2013",2495
"vandenoort2013",2496
"vanderleeuw2014",2497
"wilson1989",2498
"woodbridge2012",2499
"young2007",2500
"miller2012",2501
"arrhenius2009",2502
"fleischer2003",2503
"franceschi2005",2504
"gabriel1991",2505
"klaesoe2003",2506
"larsen1991",2507
"lindow2001",2508
"mackeprang1935",2509
"mango2002",2510
"nielsen2001",2511
"orsnes1990",2512
"pesch2005",2513
"petersen2005",2514
"roesdahl1977",2515
"thrane2005",2516
"voss1990",2517
"watt2003",2518
"callan1927",2519
"brink2002",2520
"brogger1945",2521
"falk2008",2522
"gjaerder1952",2523
"gjessing1943",2524
"gotfredsen2003",2525
"grieg1937",2526
"grotowski2009",2527
"gudni1945",2528
"hauck1973",2529
"hellers2012",2530
"hultgard2008",2531
"jesch2000",2532
"johns1982",2533
"kolstrup1993",2534
"korsvoll2011",2535
"lund1974",2536
"macleod2006",2537
"maixner2004",2538
"mckinnell2004",2539
"melsom2003",2540
"meyer1999",2541
"ullerwille1985",2542
"muncknd",2543
"nordland1951",2544
"price2013",2545
"pyysiainen2004",2546
"resi2013",2547
"ritner1988",2548
"roesdahl1998",2549
"schetelig1920",2550
"thrane1998",2551
"thurston1907",2552
"weber2012",2553
"wilk2000",2554
"arrhenius1961",2555
"imer2004",2556
"adams2004",2557
"arndt2007",2558
"andersen2017",2559
"bagge2016",2560
"bagge2004",2561
"bauduin2009",2562
"callmer2009",2563
"corrochano2014",2564
"curta2011",2565
"deckers2017",2566
"deckers2012",2567
"dobat2016",2568
"eisenschmidt2004",2569
"fried1994",2570
"garipzanov2008",2571
"gazzoli2011",2572
"henstra2012",2573
"ijssennaggervanderpluijm2017",2574
"jansson1997",2575
"jesch2004",2576
"juul2017",2577
"kleiminger1993",2578
"knol2001",2579
"knol1993",2580
"knol1999",2581
"kramer2000",2582
"kramer1996",2583
"baume1952",2584
"lebecq1983",2585
"lund1990",2586
"lund2003",2587
"mcleod2007",2588
"nelson2008",2589
"nicolay2014",2590
"nijdam2009",2591
"nasman2006",2592
"price2009",2593
"prummel2000",2594
"prummel2001",2595
"pohl1998",2596
"reimitz2008",2597
"reuter1991",2598
"richards2010",2599
"roesdahl1996",2600
"roesdahl1992",2601
"roxburgh2013",2602
"samplonius1998",2603
"sindbaek2008",2604
"steuer1974",2605
"tummuscheit2018",2606
"urbanczyk2009",2607
"wawn2002",298
"zettel1977",85
"benecke1994",2608
"bergmannnd",2609
"cluttonbrock1999",2610
"cluttonbrock2012",2611
"damm2000",2612
"davis1978",2613
"degerbol1933",2614
"driscoll2009",2615
"driscoll2007",2616
"engels2001",2617
"ewing1981",2618
"faure2009",2619
"french1988",2620
"gotfredsen2017",2621
"grigson1969",2622
"grigson1989",2623
"hatting1990",2624
"hatting1991",2625
"hatting2004",2626
"jansen1988",2627
"johansson1987",2628
"jorgensen1992",2629
"kitchener1991",2630
"knospe1988",2631
"kratochvil1973",2632
"kratochvil1976",2633
"kratochvil1977",2634
"kveiborg2007",2635
"meadow1989",2636
"mohl1961",2637
"mohl1971",2638
"mohl2010",2639
"nyegaard1998",2640
"oconnor2007",2641
"ostergaard2016",2642
"ottoni2017",2643
"petrov1992",2644
"pitakarnnop2017",2645
"rantzau2015",2646
"steineke2017",2647
"tchernov1984",2648
"tchernov1991",2649
"tomtov2009",2650
"tomtov2008",2651
"tomtov2003",2652
"neer2014",2653
"vigne2015",2654
"vigne2004",2655
"zohary1991",2656
"andersen2003",2657
"andrews1997",2658
"samling1985",2659
"auch2012",2660
"barrett2007",2661
"becker1979",2662
"bencard1973",2663
"bencard1974",2664
"bencard1979",2665
"bencard1970",2666
"benderjorgensen1991",2667
"benderjorgensen2004",2668
"blackmore2001",2669
"bult1988",2670
"callmer1981",2671
"callmer1984",2672
"capelle1980",2673
"croix2014b",2674
"demannd",2675
"ennen1972",2676
"feveile2010",2677
"feveile1998",2678
"frandsen1986",2679
"frandsen1987",2680
"frandsen1988",2681
"frandsen2006a",2682
"haarnagel1941",2683
"haarnagel1963",2684
"hamerow2007",2685
"hamerow2011",2686
"harris1975",2687
"helle2006",2688
"herrmann1978",2689
"herrmann1982",2690
"herschend2009",2691
"hines1994",2692
"hodges1988",2693
"hodges1996",2694
"jagodzinski1991",2695
"jankuhn1971",2696
"jankuhn1985",2697
"kuzmin2000",2698
"lucas2001",2699
"lundstrom1981",2700
"malcolm2003",2701
"milek2007",2702
"olsen1975",2703
"reynolds1977",2704
"sedov1985",2705
"siegmuller2010",2706
"stanislawski2011",2707
"steuer1980",2708
"steuer2007",2709
"stiff2001",2710
"sovso2010",2711
"ufkes2011",2712
"urbanczyk1994",2713
"urbanczyk2007",2714
"vanes2009",2715
"bredsdorff1973",2716
"mauritsen2015",2717
"tornbjerg1989",2718
"cluttonbrock1984",2719
"adamsen2009",2720
"adriansen2003",2721
"andersen2010",2722
"asingh2001",2723
"axboe2010",2724
"bjornskov2011",2725
"voncarnapbornheim2012",2726
"christiansen2008",2727
"fabech1999",2728
"fabech1995",2729
"fischer1983",2730
"garrison2009",2731
"gregory1984",2732
"hansen2012",2733
"hardh1999",2734
"hardh2003",2735
"hedeager2001",2736
"henriksen2000",2737
"henriksen2010",2738
"henriksen2011",2739
"horsnaes2002",2740
"horsnaes2010",2741
"iversen1993",2742
"jorgensen2001",2743
"kristiansen1981",2744
"makeler2003",2745
"moesgaard2009",2746
"museumsloven2006",2747
"nielsen2012",2748
"nielsen1993",2749
"olsen2009",2750
"paulsson1999",2751
"petersen1991",2752
"rasmussen2007",2753
"sorensen1991",2754
"eds1998",2755
"thrane1991",2756
"thomas2012",2757
"ulriksen1994",2758
"ulst2012",2759
"ames2012",2760
"angelbeck2012",2761
"bican1992",2762
"brink1998",2763
"callmer1995",2764
"carballo2016",2765
"carlsson1989",2766
"christaller1933",2767
"christensen2014",2768
"crumley1976",2769
"dam2015",2770
"earle2015",2771
"fabech1998",2772
"foucault1980",2773
"foucault1997",2774
"gammeltoft2012",2775
"giddens1976",2776
"gogsigjakobsennd",2777
"helgesson1998",2778
"hirth1996",2779
"iversen2011",2780
"jorgensen1998",2781
"larsson2003",2782
"mcguire1996",2783
"myrdal2011",2784
"ramskou1970",2785
"saitta1998",2786
"skre2010",2787
"trigger2003",2788
"ulsig2011",2789
"aarissorensen2004",2790
"abrams1989",2791
"aufderheide1998",2792
"barnes1994",2793
"bass1995",2794
"beard2000",2795
"brettell2012",2796
"brothwell1972",2797
"buckberry2004",2798
"buckberry2007",2799
"buckberry2010",2800
"buckberry2002",2801
"cox2000",2802
"darling2003",2803
"daux2008",2804
"ericson1985",2805
"evans2006",2806
"evans2010",2807
"evans2012",2808
"hadley1997",2809
"hadley2000",2810
"hadley2001",2811
"hadley2002",2812
"hadley2005",2813
"hall2000",2814
"hamilton2014",2815
"hedges2007",2816
"iscan1984",2817
"iscan1985",2818
"liden1994",2819
"longinelli1984",2820
"lovejoy1985",2821
"lucy2005",2822
"map2005",2823
"maresh1970",2824
"mays2000",2825
"meindl1985",2826
"montgomery2007",2827
"montgomery2009",2828
"montgomery2011",2829
"rasmussen2001",2830
"tornbjerg1994",2831
"adams1992",2832
"aldeias2016",2833
"arroyokalin2017",2834
"baneijea2015",2835
"barker1977",2836
"benyarku2005",2837
"berggren2003",2838
"borderie2015",2839
"borderie2019",2840
"bowsher2007",2841
"burch2011",2842
"canti2001",2843
"carver2005",2844
"carver2009",2845
"carver2012",2846
"carver2016",2847
"carver2015a",2848
"chadwick1998",2849
"clark1992",2850
"courty1989",2851
"deroo2016",2852
"doneus2005",2853
"drewett1999",2854
"fao2006",2855
"fedele1984",2856
"c2006",2857
"feveile1984",2858
"frandsen1984",2859
"french2015",2860
"friesem2017",2861
"galeazzi2016",2862
"gasche1983",2863
"ge1993",2864
"geus2018",2865
"goldberg2003",2866
"heimdahl2005",2867
"hodder1992",2868
"hodder1997",2869
"huisman2017",2870
"hummler2015",2871
"jupiter2018",2872
"karkanas2018",2873
"kimball2016",2874
"kooistrand",2875
"kraling2014",2876
"kristiansen2014",2877
"krupski2017",2878
"langohr1994",2879
"larsson2001",2880
"larsson2009",2881
"macphail2010",2882
"macphail2003",2883
"mallol2017",2884
"g2017",2885
"nicosia2013",2886
"opitz2015",2887
"pavel2012",2888
"rentzel2017",2889
"ropke2017",2890
"roskams2001",2891
"saunders2000",2892
"schiffer1987",2893
"sode2010",2894
"stoops2003",2895
"tassie2015",2896
"turney2005",2897
"valente2017",2898
"vanriel2016",2899
"vepraskas2018",2900
"verleyen2017",2901
"vince1995",2902
"weiner2010",2903
"westman1994",2904
"wouters2018",2905
"wouters2019",2906
"wouters2017",2907
"jorgensen1991",2908
"riberhus1990",2909
"posthusskulptur1993",2910
"adderley2010",2911
"akeret2001",2912
"bellens2012",2913
"ball2009",2914
"borderie2011",2915
"brown1984",2916
"bullock1985",2917
"cammas2000",2918
"cammas2001",2919
"davidson2003",2920
"devos2012",2921
"devos2009",2922
"devos2011",2923
"fechner2004",2924
"fondrillon2007",2925
"fondrillon2009",2926
"fredlund1994",2927
"french2003",2928
"gebhardt1999",2929
"goldberg2006",2930
"guelat1998",2931
"guttmann2006",2932
"jacobs2010",2933
"kaplan1992",2934
"kiden1991",2935
"kiden2006",2936
"langohr2001",2937
"langohr1976",2938
"macphail1994",2939
"macphail2001",2940
"macphail2004",2941
"macphail2007",2942
"madella2012",2943
"madella2005",2944
"matthews2010",2945
"nicosia2012",2946
"pape1966",2947
"pieters1990",2948
"romans1983",2949
"simpson1998",2950
"simpson2000",2951
"simpson2005",2952
"tys2010",2953
"vandewalle1961",2954
"vanes1980",2955
"vanheeringen1995",2956
"verhaeghe2005",2957
"verhulst1978",2958
"vrydaghs2004",2959
"vrydaghs2007",2960
"wood1978",2961
"wouters2012",2962
"sorensen2007",2963
"tymorsdetektor2012",2964
"watt2000a",2965
"randsborg1994",2966
"ulriksen2013",2967
"randsborg2007",2968
"portableantiquitiesscheme2012",2969
"leethorp2008",2970
"tainter1988",2971
"hegmon2008",2972
"vesteinsson2007",2973
"vesteinsson2010",2974
"mcgovern2009",2975
"church2005",2976
"trigg2009",2977
"fredskild1991",2978
"adderley2005",2979
"adderley2006",2980
"mcgovern2006",2981
"perdikaris2007",2982
"perdikaris2008",2983
"karlsson2000",2984
"mainland2005",2985
"brewington2010",2986
"meldgaard1986",2987
"vesteinsson2004",2988
"church2007",2989
"arnalds1987",2990
"sveinbjorndottir2010",2991
"mcgovern1988",2992
"arneborg2004",2993
"berkes2000",2994
"mcintosh2000",2995
"vasey1996",2996
"mikkelsen2008",2997
"barlow1997",2998
"patterson2010",2999
"meeker2002",3000
"oppenheimer2003",3001
"ogilvie2009",3002
"cantor2001",3003
"mageroy1993",3004
"gullov2008",3005
"ogden2007",3006
"yorkarchaeologicaltrust1998",3007
"ackermann1999",3008
"agren2007",3009
"ambrosiani2008",3010
"anundsen1985",3011
"bill2010",3012
"bird2008",3013
"brogger1916",3014
"carver1994",3015
"challis2006",3016
"chappell1986",3017
"church2011",3018
"cuslrg2013",3019
"clark2009",3020
"crutchley2010",3021
"davis2000",3022
"doneus2011",3023
"doneus2013",3024
"ekman1996",3025
"ekman2009",3026
"eliassen2009",3027
"falck2013",3028
"fleming1998",3029
"gansum1997",3030
"gansum2007",3031
"gansum2008",3032
"gansum2009",3033
"gron1998",3034
"hafsten1983",3035
"hedeager1988",3036
"henningsmoen1978",3037
"hesnard2004",3038
"hesse2010",3039
"jerpasen1993",3040
"jerpasen1996",3041
"keller1993",3042
"keller1994",3043
"kierulf2012",3044
"klakegg1991",3045
"kokalj2011",3046
"lambeck1995",3047
"lambeck2010",3048
"lisiecki2005",3049
"mangerud2011",3050
"mitrovica2010",3051
"morhange2010",3052
"myhre1994",3053
"myhre1996",3054
"myhre2013",3055
"nhs2011",3056
"nicolaysennde",3057
"ostigard2009",3058
"olesen2004",3059
"otvos2000",3060
"passe2001",3061
"pirazzoli1991",3062
"persson2008",3063
"persson2011",3064
"persson2012",3065
"pirazzoli1996",3066
"pugh2004",3067
"risbol2009",3068
"simpson2012",3069
"solberg2003",3070
"sorensen1999",3071
"stabell1980",3072
"stular2012",3073
"tartaron2013",3074
"trinks2007",3075
"vestol2006",3076
"vorren2008",3077
"watts2001",3078
"wehr1999",3079
"westerdahl1996",3080
"woodroffe2002",3081
"abulafia2011",3082
"angenendt2008",3083
"armstrong2009",3084
"arrhenius2011",3085
"augenti2010",3086
"battaglia2001",3087
"behr2014",3088
"museum2009",3089
"bougard2008",3090
"bowden2012",3091
"broodbank2013",3092
"mullerwille2007",3093
"dietrich2012",3094
"doherty1985",3095
"ekelund1994",3096
"gelichi2010",3097
"gelichi2013",3098
"gelichi2012",3099
"henning2007",3100
"henning2008",3101
"herschend1992",3102
"hill1997",3103
"horden2000",3104
"kelly2000",3105
"kocabas2008",3106
"lane2000",3107
"lebecq2000",3108
"liebeschuetz2000",3109
"loveluck2005",3110
"loveluck2007",3111
"loveluck2012",3112
"lowe2006",3113
"maldonadoramirez2011",3114
"marazzi2004",3115
"marsawa2011",3116
"mccormick1997",3117
"mccormick2007",3118
"mithen2011",3119
"mullerwille2010",3120
"nielsen1994",3121
"dwyer1981",3122
"maidin1996",3123
"osullivan2013",3124
"skre2012",3125
"soderberg2004",3126
"arbman1943",3127
"barrett1991",3128
"belk1988",3129
"bruck2004",3130
"carlsson1983",3131
"devlin2007",3132
"fowler2004",3133
"eriksson2014",3134
"gosden2004",3135
"imer2011",3136
"jones2005",3137
"keynes1983",3138
"king2004",3139
"krause1966",3140
"lemonnier2012",3141
"maixner2005",3142
"parkerpearson1999",3143
"pearce2013",3144
"linder2014",3145
"stenberg2007",3146
"stenberg2008",3147
"akademiens2014",3148
"thunmarknylen1983",3149
"thunmarknylen1986",3150
"thunmarknylen1998",3151
"tolkien1954",3152
"tollerton2011",3153
"tsigaridasglorstad2012",3154
"webmoor2008",3155
"alberti2016",3156
"ambrosiani1993",3157
"aries1962",3158
"bo1967",3159
"backe1993",3160
"bantelmann1955",3161
"bloch1995",3162
"brink2012",3163
"brown2008",3164
"bruck1999",3165
"callow2006",3166
"cannon2015",3167
"capelle1987",3168
"cuijpers1999",3169
"dedet1990",3170
"eriksen2010",3171
"eriksen2015",3172
"gamble2007",3173
"gejvall1955",3174
"gell1998",3175
"gottlieb2004",3176
"grindkasa2012",3177
"haarnagel1979",3178
"hamerow2006",3179
"hamilakis2013",3180
"hansen2006",3181
"harris2010",3182
"hausfater1984",3183
"holck2008",3184
"hrdy1992",3185
"hrdy1999",3186
"jones2010",3187
"jorgensen2014",3188
"kamp2001",3189
"karsten1994",3190
"kaul2003",3191
"lally2011",3192
"lally2008",3193
"lancy2008",3194
"lillehammer1989",3195
"lillehammer2008",3196
"lillehammer2011",3197
"lunde2011",3198
"menotti2014",3199
"meskell2002",3200
"mithen2000",3201
"moore2009",3202
"mundal1987",3203
"mundal1988",3204
"murphy2014",3205
"naumann2012",3206
"nielsen1987",3207
"nielsen1986",3208
"pentikainen1990",3209
"renck2000",3210
"roslund1990",3211
"runge2009",3212
"sawyer1992",3213
"scheperhughes1992",3214
"schlabow1953",3215
"schutz2001",3216
"sellevold1987",3217
"sofaerderevenski2000",3218
"tarlow2000",3219
"toedter2001",3220
"ucko1969",3221
"viveirosdecastro2004",3222
"welinder1998",3223
"domeij1994",3224
"domeij2004",3225
"shetelig1944",3226
"steuer1994",3227
"tomasdotterjakobsson1992",3228
"tilley1994",128
"verhulst1999",3229
"wheatley1969",3230
"wheatley1971",3231
"wataghin2011",3232
"wickham2012",3233
"carver1993",3234
"willemsen2010",3235
"grimnesmal1985",3236
"landnamabok1997",3237
"andreeff2007",3238
"andren1993",3239
"andren1997",3240
"arrhenius1970",3241
"bardseth2009",3242
"beck2010",3243
"bell1992",3244
"bertell2006",3245
"blanton1995",3246
"blier1987",3247
"heyerdahllarsen1995",3248
"bourdieu1977",3249
"bradley2005",3250
"brendalsmo1992",3251
"carlie2006",3252
"davidson1964",3253
"davidson1968",3254
"davidson1993",3255
"decerteau1984",3256
"eriksen2011",3257
"feilberg1907",3258
"fendin2006",3259
"fredriksen2002",3260
"gardela2011",3261
"gennep1960",3262
"geschwind2005",3263
"graslund1969",3264
"gurevic1969",3265
"hagberg1937",3266
"hallans1997",3267
"heide2006",3268
"herschend1997",3269
"hillier1984",3270
"holmquistolausson1990",3271
"holmquistolausson1996",3272
"holmqvist1961",3273
"holmqvist1933",3274
"johansson1993",3275
"kaliff1997",3276
"kjos2009",3277
"komber1989",3278
"kristensen2010",3279
"kristoffersen2000",3280
"kristoffersen1999",3281
"kristoffersen2010",3282
"lakoff1980",3283
"lang1984",3284
"larrington2007",3285
"petersen1933",3286
"ramqvist1992",3287
"reynolds2009",3288
"rodsrud2007",3289
"ronne2008",3290
"rundkvist2012",3291
"sander1997",3292
"schmidt1999",3293
"skov2002",3294
"soderberg2006",3295
"solheim1965",3296
"steinsland2005",3297
"stutz2006",3298
"stutz2008",3299
"stutz2010",3300
"trumbullnd",3301
"tuan1977",3302
"turner1967",3303
"turner1977",3304
"unwin2007",3305
"unwin2009",3306
"weibull1911",3307
"weibull1918",3308
"wilson1988",3309
"wylie1985",3310
"dansgaard1964",3311
"eriksson2008",3312
"fischer2007",3313
"fuller2003",3314
"hillson1996",3315
"hoppe2003",3316
"ingramnd",3317
"aberg1987",3318
"birck1986",3319
"chenery2010",3320
"muldner2005",3321
"oneil1994",3322
"polet2003",3323
"privat2007",3324
"richards1998",3325
"schroeder2013",3326
"sealy2001",3327
"sealy1995",3328
"vennemann2002",3329
"voerkelius2010",3330
"white1998",3331
"lecolle1985",3332
"levinson1987",3333
"liden1995",3334
"lykoudis2007",3335
"mann2003",3336
"moberg2005",3337
"montgomery2005",3338
"montgomery2010",3339
"almgren1967",3340
"ambrosiani1988",3341
"ambrosiani1995",3342
"ambrosiani1999",3343
"arwidsson1989",3344
"burenhult1984",3345
"carcopino1984",3346
"ermatinger2015",3347
"guliaev2003",3348
"hall2016",3349
"hedenstiernajonson2018",3350
"jones1968",3351
"lancianind",3352
"lindquist1978",3353
"lindquist1984",3354
"ringstedt1997",3355
"roesdahl1992a",3356
"sandberg1994",3357
"selling1940",3358
"stenberger1964",3359
"whittaker2006",3360
"carver2010",3361
"yenikapi2008",3362
"schulzedorrlamm1998",3363
"baastrup2007",3364
"baastrup2005",3365
"haberstroh2008",3366
"ramskou1950",3367
"sovso2011",3368
"ulriksen2003",3369
"ulriksen2006",3370
"arrhenius1960",3371
"behmblancke1973",3372
"birkedalchristensen1991",3373
"bode1998",3374
"callmer1999",3375
"carnapbornheim1997",3376
"drescher1983",3377
"fallgren2016",3378
"feveile2014",3379
"fiedel2011",3380
"frick1993",3381
"fuglesang1985",3382
"gjedssobertelsen1991",3383
"gjedssobertelsen1992",3384
"haackolsen2005",3385
"haldenby2010",3386
"hedegaard1989",3387
"hedegaard1992",3388
"hellesolesen1992",3389
"henriksen1998",3390
"henriksen2002",3391
"hines1997",3392
"hoilundnielsen1984",3393
"hoilundnielsen1991",3394
"hoilundnielsen2011",3395
"hoilundnielsen2006",3396
"hardh2011",3397
"johansen1992",3398
"jouttijarvi2002",3399
"klindtjensen1957",3400
"lonborg1999",3401
"madsen1990",3402
"maixner2015",3403
"mclean2007",3404
"moesgaard2012",3405
"moesgaard2008",3406
"nerman1969",3407
"reichstein1975",3408
"sarauw2014",3409
"schulzedorrlamm1986",3410
"stromberg1961",3411
"trierchristiansen2017",3412
"watt1991",3413
"wahlin2014",3414
"zimmermann2015",3415
"unmarknylen1981",3416
"bremen1975",3417
"tacitus2003",3418
"ambrosiani1985",3419
"andersen2009",3420
"andersson2008b",3421
"andren1991a",3422
"anglert2006",3423
"arne1937",3424
"arrhenius1986",3425
"artelius2008",3426
"biuw1992",3427
"bland1993",3428
"bradley2000",3429
"price2008f",3430
"back2009",3431
"carlie1998",3432
"ross1994",3433
"conti1999",3434
"rosengren1997",3435
"green1995",3436
"hannestad1986",3437
"hansen1989",3438
"hansen1996",3439
"hauck1984",3440
"ruprecht1992",3441
"hellberg1967",3442
"hjarthnerholdar2008",3443
"holmqvist1972",3444
"holmqvist1969",3445
"hultgard1995",3446
"ilkjaer1990",3447
"jeppesen2004",3448
"johansen1989",3449
"johns1994",3450
"jong2001",3451
"jorgensen1994",3452
"lamm1989",3453
"lamm1999",3454
"lindeblad2007",3455
"lundqvist1997",3456
"lundstrom1988",3457
"milburn1989",3458
"montanari2001",3459
"mortensen1988",3460
"myrberg2005",3461
"nilsson1992",3462
"nylen1988",3463
"nasman1993",3464
"ringtved1991",3465
"sanden2001",3466
"sawyer1985",3467
"simek1993",3468
"skovgaardpetersen1981",3469
"price2008h",3470
"staecker1999",3471
"strid1993",3472
"price2008i",3473
"sorensen2008",3474
"sorensen1985",3475
"sorensen2000b",3476
"savborg2003",3477
"theuws2001",3478
"thomsen1994",3479
"thrane1987",3480
"thrane1982",3481
"vierck1981",3482
"vikstrand1996",3483
"wes1992",3484
"widgren1998",3485
"stiegemann1999",3486
"wieczorek2000",3487
"st1916",3488
"croinin1997",3489
"jezek2011",3490
"macairt1983",3491
"schuldt2011",3492
"scott1978",3493
"byrne1973",3494
"warner1997",3495
"dunbabin2002",3496
"kelly2011",3497
"thiaw2011",3498
"toch2000",3499
"toch2014",3500
"mikulcice1973",3501
"machacek2013",3502
"kenny1986",3503
"kruse1995",3504
"borkovsky1954",3505
"graus1957",3506
"davidson1992",3507
"hanuliak1995",3508
"hope2010",3509
"redknap2004",3510
"hills1984",3511
"hirst1985",3512
"forexample1997",3513
"hall1978",3514
"machacek2010",3515
"kjellstrom2009",3516
"aalto2014",3517
"ahola2014a",3518
"bartlett1993",3519
"brondsted1979",3520
"buko2008",3521
"fellowsjensen2008",3522
"foote1970",3523
"gravesbrown1996",3524
"hall2007",3525
"hannestad1970",3526
"heininen2014",3527
"ingstad1977",3528
"jakobsen2015",3529
"jansson1991",3530
"kakonen1998",3531
"konsa2008",3532
"laakso2014",3533
"lamm1928",3534
"mcdonald2014",3535
"moesgaard2011",3536
"mohen1992",3537
"nerman1958",3538
"noonan1997",3539
"pries2014",3540
"rahtz1983",3541
"richards2005",3542
"rimbertnd",303
"roesdahl2012",3543
"roslund2001",3544
"sawyer1997",3545
"schalin2014",3546
"sindbaek2015",3547
"stockmann2015",3548
"talvio2014",3549
"williams2013a",3550
"winroth2014",3551
"zak1963",3552
"zak1967",3553
"ulriksen2002",3554
"hoilundnielsen1987",3555
"barfod2016",3556
"callmer2001",3557
"christophersen2015",3558
"clark2007",3559
"costin2001",3560
"cotton1933",3561
"dobres2000",3562
"dobres2014",3563
"feveile2001c",3564
"c2006a",3565
"feveile2008",3566
"flad2007",3567
"gebers2004",3568
"henderson2000",3569
"hodges2000",3570
"holback1999",3571
"hybel2007",3572
"jacobs2016",3573
"jankuhn1983",3574
"jennings2016",3575
"jervis2016",3576
"latham2009",3577
"latour2005",3578
"leroigourhan1964",3579
"linaa2015",3580
"lonborg1992",3581
"lonborg1998",3582
"mainman2000",3583
"neiss2012",3584
"oexle1992",3585
"oldeberg1966",3586
"orfanou2018",3587
"ottaway1970",3588
"parkinson2013",3589
"pirenne1927",3590
"ramquist1992",3591
"renfrew1994",3592
"rimbert1961",3593
"sage1984",3594
"schortman2004",3595
"smith2009",3596
"smith2017",3597
"trigger1986",3598
"ur2014",3599
"voncarnapbornheim1996",3600
"wailes1996",3601
"wickham2009",3602
"wirth1938",3603
"alberti2009",3604
"andersson1997",3605
"aspock2011",3606
"effros2002",3607
"fahlander2008",3608
"fahlander2010",3609
"fahlander2013",3610
"fahlander2014",3611
"gansum2004",3612
"hastrup1985",3613
"hedjakobsson2011",3614
"holback2016",3615
"holbraad2010",3616
"holbraad2017",3617
"holloway2008",3618
"klevnas2015",3619
"klevnas2016",3620
"kummel2005",3621
"olsson2007",3622
"orchard2003",3623
"orchard2004",3624
"perabo2017",3625
"runer2014",3626
"salmond2014",3627
"stoklund2004",3628
"tesch2015",3629
"watts2013",3630
"wickholm2008",3631
"wikstrom2006",3632
"williams1998",3633
"williams2005",3634
"henning1992",3635
"liebermann1903",3636
"ludvikovsky1978",3637
"campbell1998",3638
"klaniczay1985",3639
"mccormick2005",3640
"obrien2005",3641
"davies2010",3642
"valante2000",3643
"trestik2015",3644
"kenny1987",3645
"machacek2017",3646
"aspock2008",3647
"galuska2004",3648
"galuska2015",3649
"schuldt1960",3650
"mcdonough1995",3651
"klaniczay1953",3652
"arwidsson1942",3653
"arwidsson1954",3654
"arwidsson1983",3655
"behmblancke2003",3656
"boeheimnd",3657
"bohner1958",3658
"brucemitford1975",3659
"chaney1970",3660
"claessen1978",3661
"colgrave1992",3662
"cumontnd",3663
"dagron2003",3664
"ellmers1970",3665
"erkens2002",3666
"filmersankey1996",3667
"frazernd",3668
"funcken1977",3669
"gage1988",3670
"goodman1969",3671
"hagen1992",3672
"hanke2001",3673
"harke1992",3674
"hopetaylor1977",3675
"johansen1932",3676
"krausse1999",3677
"latte1988",3678
"lind2003",3679
"mercer1929",3680
"minkenberg2003",3681
"ullerwille1970",3682
"nielsen1996",3683
"oconnor1989",3684
"pieper1989",3685
"richards1992",3686
"service1971",3687
"siebert1999",3688
"sten1988",3689
"stepper2003",3690
"steuer2004",3691
"vadstrup1997",3692
"devries1956",3693
"werner1986",3694
"winkelman1996",3695
"anthony1990",3696
"arnold1990",3697
"burmeister2000",3698
"clarke1973",3699
"dennell1996",3700
"haak2010",3701
"james1999",3702
"kohl1995",3703
"kristiansen2017",3704
"richards1996",3705
"schiffels2016",3706
"shennan2013",3707
"trigger1984",3708
"andersen2015",3709
"andersen1984",3710
"andersen2000",3711
"andersen2001",3712
"bolander2013",3713
"borg1998",3714
"feveile2016",3715
"gabriel1988",3716
"gross1993",3717
"jacobsen2001",3718
"jantzen1998",3719
"kastholm2011",3720
"klemensen2000",3721
"knorr1938",3722
"krabath2001",3723
"madsen1999",3724
"sabo2013",3725
"skaarup2001",3726
"jahrhundert1997",3727
"skaarup2000",3728
"timpel1987",3729
"ulriksen2000",3730
"voss1961",3731
"wagnkilde1999",3732
"wagnkilde1997",3733
"beck2016",218
"bailey1984",3734
"ballard2003",3735
"bonacich1973",3736
"bradley1988",3737
"carey1997",3738
"cohen1971",3739
"collingwood1927",3740
"curtin1984",3741
"downham2009",3742
"downham2010",3743
"downham2012",3744
"edmonds2009",3745
"edmonds2014",3746
"edwards1990",3747
"freedman1960",3748
"gibbons2003",3749
"gourgouris2005",3750
"griffiths2004",3751
"james1978",3752
"jesch2008",3753
"johnson1999",3754
"johnson2004",3755
"lang1987",3756
"levi2001",3757
"markovits2002",3758
"marstrander1916",3759
"maxwell1998",3760
"mcniven2003",3761
"mcpherson1993",3762
"murray2004",3763
"nurse1985",3764
"ocorrain1978",3765
"ofloinn1987",3766
"ofloinn1998",3767
"oka2008",3768
"omeara1982",3769
"sheehan2001",3770
"sigurdsson2000",3771
"smith1927",3772
"stacey2007",3773
"tan1979",3774
"tan1993",3775
"tsagarousianou2004",3776
"wallace1987",80
"brink2006",3777
"fabech2006",3778
"herschend2006",3779
"lindqvist1941",3780
"sorensen1994b",3781
"liden1996",3782
"brink1996",3783
"albrethsen1986",3784
"amorosi1998",3785
"arneborg2000",3786
"barlow2001",3787
"berglund1986",3788
"bond1998",3789
"brewington2007",3790
"buckland1996",3791
"buckland1991",3792
"dawson2003",3793
"dennis1993",3794
"dugmore1991",3795
"dugmore2006",3796
"dugmore1994",3797
"edwards1982",3798
"kristjansson1993",3799
"krogh1974",3800
"lynnerup2000",3801
"lynnerup2003",3802
"mairs2006",3803
"mason1998",3804
"mayewski2002",3805
"mcghee1984",3806
"mcghee2002",3807
"mcgovern1979",3808
"bones1992",3809
"thomas2001",3810
"ogilvie2000",3811
"olafsdottir2001",3812
"perdikaris1999",3813
"petersen2000",3814
"schledermann2003",3815
"seaver1996",3816
"simpson2001",3817
"spufford2006",3818
"sutherland2000",3819
"vesteinsson2000",3820
"androshchuk2005",3821
"burstrom1990",3822
"callmer2004",3823
"christensen1981",3824
"christensen1997",3825
"damsholt1984",3826
"dommasnes1979",3827
"dommasnes1991",3828
"ellis1943",3829
"p2008",3830
"ewing2006",3831
"gardela2009",3832
"graslund1994",3833
"gron1994",3834
"harrington2007",3835
"smith2004",3836
"holck2006",3837
"ingstad1992",3838
"jochens1996",3839
"jochens1998",3840
"jorgensen2005",3841
"larrington1999",3842
"lauritsen2003",3843
"nordberg2002",3844
"paulsen1956",3845
"andersen1922",3846
"sellevold1984",3847
"skaarup1976",3848
"stalsberg1991",3849
"stalsberg2001",3850
"stylegar2007",3851
"vangpetersen2005",3852
"bolander2017",3853
"henrikson2001",3854
"henrikson2002",3855
"jensen2011",3856
"bakka1993",3857
"bukkemoen2007",3858
"chapman1999",3859
"barndon2006",3860
"gjerpe2007",3861
"graslund1995",3862
"hanisch2000",3863
"howardjohnston1993",3864
"kristoffersen1985",3865
"lie1992",3866
"lowenborg2012",3867
"magnus1983",3868
"landbruk2008",3869
"nielsen2007",3870
"robin2002",3871
"soma2006",3872
"tringham1995",3873
"valum2011",3874
"ostigard2007",3875
"anglert1989",3876
"andersson2001",3877
"berglund2017",3878
"brendalsmo2006",3879
"christie1974",3880
"ellingsen2012",3881
"eidshaug2016",3882
"forseth2017",3883
"gronnesby1998",3884
"guttormsen2002",3885
"henriksen2007",3886
"heaney1999",3887
"herschend1998",3888
"holmsen1976",3889
"jensenius2010",3890
"jensenius2018",3891
"mokkelbost2015",3892
"nordeide2006",3893
"rian1992",3894
"roskaft2005",3895
"sauvage2016",3896
"skre1988",3897
"steinsland1994",3898
"nielsen2002",3899
"aberg1995",3900
"blum2000",3901
"burton1999",3902
"frei2009",3903
"grupe1997",3904
"gustafsson2000",3905
"horwitz1992",3906
"jorkov2010",3907
"knudson2004",3908
"larsen2006",3909
"pollard2011",3910
"price1992",3911
"price1994",3912
"price1998",3913
"price2007",3914
"yoder2010",3915
"sugden1982",3916
"vesteinsson2002",3917
"bjorn1943",3918
"dronke1969",3919
"dronke1997",3920
"einar1934",3921
"ol1954",3922
"bordarson1935",3923
"faulkes1987",3924
"jonsson1929",3925
"jonsson1976",3926
"palsson1972",3927
"hollander2000",3928
"hollander2002",3929
"vesteinn2003",3930
"wasko2006",3931
"zaluskastromberg1973",3932
"zaluskastromberg1986",3933
"adolfsson1995",3934
"carelli2006",3935
"arne1941",3936
"arrenhius1961",3937
"backdanielsson2001",3938
"baines1977",3939
"gardela2025",3940
"heggstad2006",3941
"ingstad1995",3942
"jesch1996",3943
"kristjansson2007",3944
"kempinski2003",3945
"kiil1960",3946
"kosman1989",3947
"kyhlberg1980",3948
"mckinnell2000",3949
"mcturknd",3950
"monsen1969",3951
"moszynski1967",3952
"motz1996",3953
"neustupny2001",3954
"nordstrom2006",3955
"raudvere2003",3956
"renfrew2000",3957
"resiheid2002",3958
"ringquist1969",3959
"wallis2000",3960
"wallis2001",3961
"wujewski1991",309
"arneborg2002",3962
"edvardsson2004",3963
"lynnerup2007",3964
"scudder2001",3965
"thorsdrapa1900",3966
"sourcesalberti2009",3967
"amundsen2014",3968
"bruck2013",3969
"carlie2004",3970
"carsten1995",3971
"cleasby1957",3972
"gansum2003",3973
"gerritsen1998",3974
"herschend2003",3975
"ingold2006",3976
"kristiansen2013",3977
"levistrauss1983",3978
"renck2008",3979
"risbolnielsen1995",3980
"thomas2015",3981
"williams2001",3982
"andrews2006",3983
"appelgren2007",3984
"appleby2013",3985
"aspeborg2007",3986
"burenhult2002",3987
"ersgard2006",3988
"hallansstenholm2012a",3989
"klevnas2013",3990
"latour1999",3991
"lundstrom2004",3992
"mejsholm2009",3993
"montell1996",3994
"nilssonstutz2003",3995
"olausson1993",3996
"olofsson2006",3997
"salmond2012",3998
"theliander2010",3999
"vinberg2015",4000
"wuopio2015",4001
"skrede2005",4002
"glorstad2013",4003
"helga2001",4004
"andersen2002",4005
"sayer2009",4006
"ynglingesaga1979",4007
"alcock1991",4008
"als2006",4009
"barrett2001",4010
"bjorgo1995",4011
"blindheim1947",4012
"blindheim1976",4013
"blindheim1978",4014
"blindheim1981",4015
"bodal1998",4016
"boe1934",4017
"braathen1989",4018
"callaway1987",4019
"cessford1996",4020
"crane2002",4021
"damsholt2003",4022
"demarrais1996",4023
"enright1986",4024
"etchingham2001",4025
"fuglesang1972",4026
"goodacre2005",4027
"grahamcampbell1976",4028
"grahamcampbell1983",4029
"grahamcampbell1987",4030
"gupta1992",4031
"gustafson1900",4032
"hall2004",4033
"hammerton2004",4034
"harlow2004",4035
"hedeager1998",4036
"hedeager2005",4037
"hedeager2007",4038
"helgason2000",4039
"helgason2001",4040
"hougen2006",4041
"janes1996",4042
"jenkins1997",4043
"johansen1973",4044
"jondell1974",4045
"kaland1995",4046
"kertzner1988",4047
"larsen2001a",4048
"larsen1978",4049
"levine2004",4050
"macdermott1955",4051
"magnus1975",4052
"mahr1941",4053
"malmius2003",4054
"nieke1991",4055
"nieke1988",4056
"olsen2000",4057
"paisley2004",4058
"pedersen2010",4059
"petersen1928",4060
"ryste2005",4061
"skibstedtklaesoe1999",4062
"staecker2003",4063
"stafford1998",4064
"stenberger1958",4065
"stevenson1974",4066
"stevenson1987",4067
"stevenson1989",4068
"stoler2002",4069
"sveaasandersen1977",4070
"trenchjellicoe1999",4071
"tsigaridasglorstad2010a",4072
"vandommelen2002",4073
"whitfield2001",4074
"whitfield2004",4075
"wilson1973",4076
"nilsson2007",4077
"hennius2008",4078
"henriksen2003",4079
"holme2000",4080
"rundkvist2008",4081
"kristoffersen2009",4082
"aqvist2006",4083
"arrhenius1990",4084
"bornaahlkvist1998",4085
"carelli2001",4086
"carlsson1979",4087
"rasmusen1999",4088
"dodgshon1980",4089
"fallgren1993",4090
"gothberg2000",4091
"gurevich1992",4092
"herschend1988",4093
"hoff1984",4094
"hoffman1975",4095
"holst2004",4096
"hvass1988",4097
"jorgensen1987",4098
"kaldalmikkelsen1999",4099
"liedgren1997",4100
"lillehammer1999",4101
"olsen1997",4102
"petersson2006",4103
"porsmose1988",4104
"rasmussen1999",4105
"riddersporre1995",4106
"ringstad1991",4107
"roberts1987",4108
"selinge2001",4109
"sundqvist2002",4110
"thunmark1979",4111
"allentoft2015",4112
"brather2004",4113
"cabana2011",4114
"childe1929",4115
"greenblatt2009",4116
"harrison2007",4117
"lazaridis2014",4118
"muller2001",4119
"patterson2012",4120
"prescott2013",4121
"price2004",4122
"shennan1989",4123
"skoglund2012",4124
"sigfusson1940",4125
"bjorn1943a",4126
"ol1934",4127
"kunz2001",4128
"larrington1991",4129
"tolkien1960",4130
"jakobsson2001",4131
"backdanielsson1968",4132
"carlsson1999",4133
"daviskimball2002",4134
"dieck1975",4135
"dillmann2006",4136
"dommasnes1978",4137
"davidson1972",4138
"davidson1996a",4139
"hedenstiernajonson2014",4140
"hernaes1984",4141
"katrin2005",4142
"kalinke1986",4143
"eldjarn2000",4144
"lokka2014",4145
"majchczack1997",4146
"nadolski1954",4147
"pestell2013",4148
"petersen1992",4149
"sauckel2013",4150
"samson1991",4151
"straubhaar2002",4152
"straubhaar2011",4153
"strom1954",4154
"svanberg2000",4155
"tolley2009",289
"riksantikvarieambetet2011",4156
"henriksen2006a",4157
"attar1990",4158
"benson2006",4159
"bergfjord2012",4160
"frei2010a",4161
"geus2004",4162
"hald1950",4163
"heier2009",4164
"kohn1999",4165
"mannering2011",4166
"morita1986",312
"rosborg2003",267
"enright1996",4167
"albarella2004",4168
"albarella2001",4169
"degerbol1948",4170
"dobney2001",4171
"enghoff2005",4172
"graslund2004",4173
"hamiltondyer2002",4174
"zmbochenski2001",4175
"hatting1998",4176
"lepiksaar1966",4177
"makowiecki2001",4178
"mlikovsky2005",4179
"muller1974",4180
"oggins2004",4181
"prummel1997",4182
"serjeantson2011",4183
"tomek2000",4184
"tyrberg2002",4185
"vretemark2010",4186
"knipper2017",4187
"arrhenius1973",4188
"bennet1987",4189
"blidmo1976",4190
"blidmo1981",4191
"bratt2009",4192
"eraesko1965",4193
"eriksson2004",4194
"oxford1967",4195
"ferenius1971",4196
"fischer2004",4197
"fischer2005",4198
"fischer2009",4199
"fischer2008",4200
"gronwall1995",4201
"gronwall2009",4202
"hauck1977",4203
"herschend1974",4204
"hoilund2000",4205
"horsnaes2008",4206
"jonsson1992",4207
"kyhlberg1985",4208
"kyhlberg1999",4209
"lallemand1965",4210
"lamm1973",4211
"lamm1972",4212
"stockholm1976",4213
"lorren1995",4214
"lotter2003",4215
"lundstrom1972",4216
"magnus2008",4217
"ostergren1981",4218
"ramqvist1983",4219
"selirand1985",4220
"sjovold1993",4221
"stjernquist1994",4222
"waller1996",4223
"eldjarn1948",4224
"eldjarn1953",4225
"gelsinger1981",4226
"gragas1980",4227
"grinderhansen2000",4228
"gulatingslovi1937",4229
"helle2001",4230
"holt1998",4231
"johannesson1969",4232
"jonsson1993",4233
"olafsson1990",4234
"risvaag2006",4235
"soga1978",4236
"soga1981",4237
"soga1994",4238
"williams2000",4239
"ostergren1989",4240
"fridriksson2000",4241
"keller2005",4242
"artifact2000",4243
"skovmann1942",4244
"capelle1968",4245
"grahamcampbell1990",4246
"grahamcampbell1981",4247
"lekberg2002",4248
"stang1984",4249
"blackburn1989",4250
"haworth1990",4251
"assmann1995",4252
"bogucki2004",4253
"duczko2000",4254
"filipowiak1958",4255
"filipowiak1992",4256
"gorecki2002",4257
"holtzmann1918",4258
"jankuhn1934",4259
"janocha1974",4260
"janowski2009",4261
"kara1991",4262
"kola1946",4263
"lowmianski1957",4264
"morawiec1954",4265
"nielsen1991",4266
"rajewski1937",4267
"ratajczyk2011",4268
"rebkowski2011",4269
"sikora2012",4270
"schulte1918",4271
"wojtkowiak2013",4272
"zak1957",4273
"duczko1996",4274
"hennius2007",4275
"jahrehorn2014",4276
"peets2010",4277
"storli2007",193
"boddington1996",4278
"geake1992",4279
"hockart1938",4280
"sherlock1992",4281
"tomicka1975",307
"andersen1985",4282
"mayor2014",4283
"regal2001",4284
"einarol1934",4285
"pedraza1991",4286
"mcguire2009",4287
"crowder2000",4288
"reimers1999",4289
"parle1995",4290
"sjovold1917",4291
"owen1994",4292
"kobylinski1994",4293
"halsall1996",4294
"callow1995",4295
"eldjarn1919",230
"townsend2000",4296
"mytum2003a",4297
"stummannhansen1996",4298
"fanning2014",4299
"larsen2000",4300
"knudsen2007",4301
"richards2007",4302
"haugen1979",182
"saxogrammaticus1996",4303
"miller1997",4304
"ambrosiani1990",4305
"barrett1997",4306
"brogger1921",4307
"bull1928",4308
"hellan2014",4309
"munch1962",4310
"reitan2011",4311
"resi1985",4312
"rolfsen1977",4313
"rundberget2007",4314
"rygh1905",4315
"rysstad1928",4316
"skar1909",4317
"sperber2004",4318
"steinnes1926",4319
"wenn2017",4320
"wenn2016",4321
"wiker2013",47
"alexandersen1998",4322
"behrensmeyer1978",4323
"binford1981",4324
"bliujiene2007",4325
"bridault1992",4326
"bronkramsey2013",4327
"carlie2002",4328
"carlie1993",4329
"degrossimazzorin2002",4330
"ewbank1964",4331
"faulkes1995",4332
"frei2013",4333
"goodman1990",4334
"grant1982",4335
"graslund2002",4336
"green1992",4337
"grimm2008",4338
"grimm2010",4339
"prummel2008",4340
"harris1931",4341
"hatting1978",4342
"hatting1985",4343
"helmer1987",4344
"henriksen2015",4345
"hillson2000",4346
"jennbert2006",4347
"jorgensen2012",4348
"koudelkand",4349
"kveiborg2013",4350
"lauwerier2002",4351
"legge1992",4352
"loumand2006",4353
"magnell2012",4354
"may1985",4355
"monikander2010",4356
"morey2010",4357
"morris2008",4358
"nilsson2003",4359
"nilsson2009",4360
"noenygaard1990",4361
"park1953",4362
"payne1973",4363
"primeau2012",4364
"reimer2013",4365
"reitz1999",4366
"russell2012",4367
"schanche2000",4368
"scheuer2000",4369
"schmid1972",4370
"serjeantson1991",4371
"shipman1984",4372
"strom1985",4373
"stuartmacadam1985",4374
"ubelaker1989",4375
"vanhaasteren1974",4376
"vretemark1997",4377
"referencesanderson2013",4378
"arundale1976",4379
"arundale1981",4380
"ascough2005",4381
"ascough2006",4382
"ascough2007",4383
"ascough2009",4384
"ascough2014",4385
"austin2006",4386
"birgisson2013",4387
"bronkramsey2017",4388
"buonasera2015",4389
"coltrain2003",4390
"coulthard2010",4391
"craig1957",4392
"darwent2016",4393
"dumond1987",4394
"dumond2002",4395
"einarsson2011",4396
"fitzhugh1993",4397
"fitzhugh2004",4398
"friesen2016",4399
"gronnow2017",4400
"hajdas2014",4401
"harritt1995",4402
"smith2012",4403
"smith2014",4404
"smith2015",4405
"smith2016",4406
"heron2010",4407
"holtved1944",4408
"isaksson2010",4409
"issenmen1997",4410
"jull1996",4411
"ledger2016",4412
"linnamae1975",4413
"mangerud1972",4414
"mangerud2006",4415
"maryrousseliere1976",4416
"maryrousseliere1979",4417
"mason1990",4418
"mathiassen1927",4419
"maxwell1973",4420
"maxwell1980",4421
"maxwell1985",4422
"mccullough1989",4423
"mcghee2000",4424
"mcghee2009",4425
"mcghee1976",4426
"morrison1983",4427
"morrison1989",4428
"nilsen2017",4429
"odess1996",4430
"odess1998",4431
"odess2004",4432
"olsson1980",4433
"ostergard2004",4434
"ostergard1999",4435
"owen2002",4436
"park1994",4437
"park2004",4438
"petterson2013",4439
"possnert1997",4440
"raghavan2014",4441
"reimer2001",4442
"rogers1998",4443
"sabo1980",4444
"sabo1978",4445
"sayle2014",4446
"sayle2016",4447
"schledermann1978",4448
"schledermann1980",4449
"seersholm2016",4450
"sinding2015",4451
"sinding2017",4452
"stuiver1986",4453
"sutherland2002",4454
"tauber1979",4455
"taylor1995",4456
"tremayne2016",4457
"arrhenius2001",4458
"magnus1997a",4459
"bjgrgo1969",4460
"gjessing1929",4461
"gjessing1934",4462
"glgrstad2010",4463
"lillios1999",4464
"magnus1999",4465
"mannering2000",4466
"munch1979",4467
"nerman1975",4468
"nylen1994",4469
"petersen1905",4470
"petersen1907",4471
"ratke2006",4472
"sjevold1974",4473
"watt2004a",4474
"williams1966",4475
"aberg1924",62
"palsson1989",4476
"nordal1933",4477
"adalbjarnarson1941",4478
"andrea2011",4479
"arnold1980",4480
"benstead2006",4481
"bjorck1995",4482
"craig2006",4483
"delrio2005",4484
"fogel1989",4485
"fuller2004",4486
"grupe1986",4487
"habicht1985",4488
"harbeck2009",4489
"huhneosterloh1997",4490
"husterplogmann2006",4491
"imhof1977",4492
"james1972",4493
"jenkins2001",4494
"konnor1980",4495
"lemke2005",4496
"marold2001",4497
"jahrgang2002",4498
"jonsson1944",4499
"palsson1962",4500
"arwidsson1986",4501
"jorpeland2013",4502
"bersu1966",4503
"dickinson1992",4504
"duczko1989",4505
"dundes1992",4506
"eniosova2009",4507
"fuglesang1989",4508
"gardela2017",4509
"grinsell1973",4510
"gustafson1906",4511
"hansson1938",4512
"henriksen2013",4513
"hildebrandnda",4514
"hjardar2012",4515
"harke1990",4516
"hardh1976",4517
"jagodzinski2010",4518
"kivikoski1946",4519
"lorangendb",4520
"makarov2017",4521
"mannering2017",4522
"meaney1981",4523
"melin2001",4524
"morck1900",4525
"novikova1998",4526
"olsson1986",4527
"pestell2012",4528
"petersen1917",4529
"robb2001",4530
"rudzinski2009",4531
"ryghnd",4532
"samdal1905",4533
"schnittger1920",4534
"simonsson1969",4535
"stenberger1947",4536
"stenberger1953",4537
"stenberger1956",4538
"thoren1994",4539
"thunmarknylen2006",4540
"wetzler2017",315
"stjerna1905",4541
"aanestad2015",4542
"barrowman2011",4543
"bond2016",4544
"brundle2003",4545
"carver2008",4546
"crawford1987",4547
"dockrill2010",4548
"forsyth2007",4549
"gautier2016",4550
"griffiths2010",4551
"ritchie1977",4552
"whitelock1979",4553
"worsaaend",4554
"arbman1933",4555
"arbman1935",4556
"grahamcampbell1992",4557
"kleinglrtner2007",4558
"nordin1990",4559
"paulsen1937",4560
"pedersen1996",4561
"sundkvist2001",4562
"sturluson1993",4563
"soderberg2007",4564
"tesch1990",4565
"tesch2007",4566
"stockholm2007",4567
"askeberg1942",4568
"metcalf2003",100
"hakon2008",4569
"ohs1985",4570
"baastrup2013",4571
"church2013",4572
"dugmore2010",4573
"golledge2003",4574
"gronnesby2015",4575
"klaesoe1997",4576
"myhre2000",4577
"owen2004",4578
"purcell2015",4579
"rockman2003",4580
"shetelig1927",4581
"solli1996",4582
"stenvik2001",4583
"vandenoort2011",4584
"weber1994",4585
"weber1996",4586
"westerdahl2015",4587
"aiken1986",4588
"ambrosiani2000",4589
"carpelan1992",4590
"cassel2008",4591
"cleve1930",4592
"cleve1943",4593
"cleve1978",4594
"ross2001",4595
"edgren1992",4596
"edgren2001",4597
"edgren2008",4598
"emberling1997",4599
"engman1991",4600
"entwistle2000",4601
"fahlander2007",4602
"feldt2002",4603
"gardell2001",4604
"ginters1981",4605
"ginters1984",4606
"gosden2001",4607
"gustin2010",4608
"gustin2015",4609
"hagerman2006",4610
"hall1990",4611
"hall2010",4612
"hardh1984",4613
"holmquistolausson1993",4614
"fuglesang1992",4615
"hulthen1984",4616
"hvoshchinskaja2004",4617
"jaanusson1981",4618
"jaanusson1993",4619
"jansson1988",4620
"jansson1990",4621
"jansson1994",4622
"jansson2000",4623
"kaks1969",4624
"kapchan1999",4625
"kivikoski1937",4626
"kivikoski1938",4627
"kivikoski1951",4628
"kivikoski1964",4629
"kivikoski1969",4630
"kivikoski1973",4631
"krylasova2008",4632
"valdemars1995",4633
"kuzminych1996",4634
"kyhlberg1973",4635
"laulumaa2002",4636
"lehtosalohilander1982",4637
"lehtosalohilander1983",4638
"lehtosalohilander1990",4639
"lehtosalohilander1992",4640
"lehtosalohilander2000",4641
"ligi1993",4642
"lindstrom2003",4643
"malarstedt1986",4644
"markus1939",4645
"meinander1957",4646
"meinander1985",4647
"pokrovskaja2001",4648
"selling1945",4649
"selling1955",219
"sorensen1971",4650
"svanbergskane1999",4651
"taavitsainen1990",4652
"tarkiainen2008",4653
"thalin1984",4654
"uino1997",4655
"uino2006",4656
"wallerstrom2004",4657
"wells1998",4658
"wells1999",4659
"wiessner1989",4660
"young1995",4661
"wilson2009",4662
"worrell2003",4663
"downham2017c",4664
"baudou1963",4665
"andersson2006",4666
"bjerstaf2002",4667
"brorsson1998",4668
"carlsson1976",4669
"carlsson2008",4670
"clarke1993",4671
"dahlstrom2000",4672
"fallgren1994",4673
"gotfredsen2011",4674
"kidd1980",4675
"grandin2000",4676
"gustafsson2009",4677
"gustafsson2007",4678
"hawthorne1979",4679
"hellqvist2011",4680
"hjartnerholdar1999",4681
"hoven1991",4682
"huttu1996",4683
"jakobsson1996",4684
"jouttijarvi2005",4685
"kirpichnikov2004",4686
"lindeblad1996",4687
"peets2003",4688
"pettersson2005",4689
"schmidt1977",4690
"schvindtnd",4691
"soderberg2011",4692
"soderberg2002",4693
"thomsen2005",4694
"wellinder2004",4695
"aberg2006",4696
"aspinall2011",4697
"baker2013",4698
"bronkramsey2009",4699
"brown2014",4700
"hojdemodel2007",4701
"dobat2009",4702
"donat2000",4703
"gaffney2003",4704
"henning2002",4705
"herold2012",4706
"jacobsson1999",4707
"jensen1988",4708
"olesen2000",4709
"olsen1999",4710
"rindel2002",4711
"roesdahl2002",4712
"svanberg1999",4713
"ulriksen1993",4714
"abramson2016",4715
"ager2014",4716
"archibald2007",4717
"baker2011",4718
"blackburn1998",4719
"blair2013",4720
"booth1983",4721
"brookes2013",4722
"cameron1998",4723
"cameron2010",4724
"daubney2016",4725
"dobat2017",4726
"edwards1991",4727
"everson2007",4728
"haldenby2016",4729
"johnson2002",4730
"langdon1993",4731
"leonard2015",4732
"loveluck1996",4733
"macgregor2009",4734
"mcleod2006",4735
"metcalf1960",4736
"pagan1986",4737
"richards1999",4738
"richards2004",4739
"richards2013",4740
"richards2016",4741
"rogers1993",4742
"steedman1994",4743
"stevenson1904",4744
"bakka1983",4745
"aguilar1986",4746
"bill2007",4747
"caldwell2014",4748
"carwardine1995",4749
"clark1947",4750
"dahl2003",4751
"espinoza1992",4752
"gardiner1997",4753
"haahrkristiansen1997",4754
"hallen1994",4755
"henriksen2009",4756
"holm2012",4757
"isaksen2012",4758
"karlsson2016",4759
"kjermichaelsen1992",4760
"kristensen2007",4761
"laist2017",4762
"lowenstein1993",4763
"lundkoksvik2010",4764
"lundkoksvik2013",4765
"lundqvist1986",4766
"mclees1990",4767
"mulville2002",4768
"nasman1990",4769
"nelson1969",4770
"nilsen2014",4771
"nordahl2001",4772
"petersen1914",4773
"riddler2014",4774
"sandberg1983",4775
"seiler2001",4776
"sjovold1966",4777
"skomsvoll2012",4778
"solberg2007",4779
"stauch1994",4780
"stylegar2005",4781
"svanberg2008",4782
"szabo2008",4783
"teixeira2014",4784
"wickler2012",4785
"arne1934",4786
"arwidsson1977",4787
"graslund2008a",4788
"lindqvist1934",4789
"lloydsmith2002",4790
"madsen1996",4791
"schulzedorrlamm2010",4792
"schonback1957",4793
"schonback2002",4794
"hansen2008",4795
"sawyer1962",4796
"gould1903",4797
"biddle1992",4798
"sawyer1998",4799
"ulmschneider2000",4800
"blackburn2011",4801
"blackburn1994",4802
"blackburn2001",4803
"blackburn2007",4804
"williams2007",4805
"stocker2000",4806
"foster1924",4807
"oswald1937",4808
"pelteret1980",4809
"pettersson2009",4810
"pirie1997",4811
"richards2009",4812
"riley1995",4813
"rowe2008",4814
"rowlandson2005",4815
"russell2014",4816
"sheehan2014",4817
"stafford1980",4818
"stein2012",4819
"stein2013",4820
"stein2000",4821
"whitwell1992",4822
"williams2002",4823
"hurley2014",4824
"abulughod1981",4825
"adger2009",4826
"alexandre1976",4827
"alexandre1987",4828
"ahdr2004",4829
"ahdr2015",4830
"arendt1958",4831
"arnalds1992",4832
"arneborg2008",4833
"batt2015",4834
"bell1978",4835
"bergthorsson1967",4836
"bergthorsson1969",4837
"blondal1999",4838
"bradley1992",4839
"bradley2016",4840
"brazdil1995",4841
"brazdil2005",4842
"boulhosa2012",4843
"campbell2016",4844
"camenisch2016",4845
"casely2007",4846
"crumley2007",4847
"demaree2001",4848
"diaz2011",4849
"dickson1988",4850
"dugmore2005",4851
"dugmore2013",4852
"dugmore2014",4853
"einarsson1994",4854
"garciaherrera2008",4855
"gragas2001",4856
"gudmundsson1997",4857
"gudmundsson2008",4858
"hambrecht2015",4859
"harrison2013",4860
"hartman2015",4861
"hartman2016",4862
"halldorsson1978",4863
"henriksen1995",4864
"hoffmann2014",4865
"holtsmark1956",4866
"hreinsson1997",4867
"ingimundarson1995",4868
"ingimundarson2010",4869
"ingimundarson1998",4870
"ingram1978",4871
"ingram1981",4872
"johannesson1956",4873
"johannesson1974",4874
"johannesson1928",4875
"jones2008",4876
"jones2004",4877
"jones2001",4878
"jonsbok2004",4879
"kristjansson1980",4880
"kirkbride2008",4881
"lamb1965",4882
"larsen1917",4883
"royladurie1972",4884
"ludlow2010",4885
"luterbacher2016",4886
"martinvide1995",4887
"mauelshagen2014",4888
"mcgovern2013",4889
"mcgovern2014",4890
"mcturk2004",4891
"miles2014",4892
"ogilvie1982",4893
"ogilvie1984",4894
"ogilvie1986",4895
"ogilvie1991",4896
"ogilvie1992",4897
"ogilvie1998",4898
"ogilvie2001",4899
"ogilvie2005",4900
"ogilvie2008",4901
"ogilvie1997",4902
"pfister1992",4903
"pfister1998",4904
"pfister1999",4905
"pfister2017",4906
"pribyl2012",4907
"serreze2015",4908
"sigurdsson2004",4909
"smiarowski2014",4910
"smiarowski2017",4911
"stern2000",4912
"stine1994",4913
"stormnd",4914
"stora2005",4915
"streeter2012",4916
"streeter2014",4917
"mcgrew1970",4918
"teitsson1975",4919
"thorarinsson1956",4920
"thorarinsson1958",4921
"thorarinsson1967",4922
"thordarson1993",4923
"thordarson2007",4924
"thorlaksson1991",4925
"thoroddsen1914",4926
"thoroddsen1919",4927
"thorsteinsson1989",4928
"vanengelen2001",4929
"vasey2001",4930
"vesteinsson2005",4931
"vilmundarson1972",4932
"waters2016",4933
"wheeler2006",4934
"young2015",4935
"arne1911",4936
"arbman1955",4937
"callmer2000",4938
"bhabha2004a",4939
"alper2003",4940
"arbman1939",4941
"asmus2012",4942
"bagge2009",4943
"bartels2008",4944
"bartlett1996",4945
"baumgartner2013",4946
"birkebaek1992",4947
"bolton2009",4948
"bompaire1997",4949
"brather2010",4950
"callmer1994",4951
"carelli2012",4952
"christensen2000",4953
"dobat2008",4954
"drjacobsen1942",4955
"eisenschmidt2003",4956
"filipowiak2008",4957
"gelting2007",4958
"gilomen2014",4959
"grahamcampbell1991a",4960
"hatz1974",4961
"hauptmeyer1997",4962
"henricson2006",4963
"herrmann1994",4964
"hilberg2009b",4965
"hilberg2010",4966
"hinton2008",4967
"hodges2008",4968
"hofmann1984",4969
"hybel2013",4970
"ilisch1988",4971
"jankuhn1937",4972
"jonsson1989",4973
"juraske2010",4974
"kalmring2010e",4975
"keller2008",4976
"klappauf2011",4977
"klappauf2008",4978
"leimus2007",4979
"loveluck2013",4980
"ludtke1985",4981
"ludtke2013",4982
"lund1991",4983
"makeler2005",4984
"metcalf1998",4985
"meyer1998",4986
"moesgaard2006",4987
"noonan1994",4988
"radtke2002",4989
"roesdahl2006",4990
"rundberg2000",4991
"sawyer2013",4992
"sawyer2002",4993
"scheel1940",4994
"schledermann1966",4995
"schwantes1932",4996
"gratuze2011",4997
"sindbaek2012",4998
"spuford1988",4999
"steppuhn1998",5000
"stieldorf2012",5001
"stoklund2000",5002
"tummuscheit2010",5003
"verhulst2000",5004
"wehner2007",5005
"wiechmann2002",5006
"williams1997",5007
"olsen1945",5008
"aberg1953",5009
"skouhansen2008",5010
"norr2008",5011
"alqahtani2010",5012
"askvik2009",5013
"bankier2006",5014
"batey2013",5015
"beaumont2013",5016
"bonsall2009",5017
"butler1993",5018
"curtissummers2014",5019
"fowler2010",5020
"greaves2011",5021
"halpin2008",5022
"harris2016",5023
"harris2012",5024
"mcguire2010",5025
"muldner2009",5026
"nissan1999",5027
"reimann2012",5028
"robb2013",5029
"welander1987",5030
"avdusin1988",5031
"clarke1985",5032
"crane1999",5033
"galton1971",5034
"kjellberg1946",5035
"krogh2007",5036
"lethlarsen1991",5037
"lonborg1994",5038
"monteliusnd",5039
"martensson1970",5040
"possnert2015",5041
"soderberg1999",5042
"warnke1987",5043
"hadley2015",5044
"brooks1987",5045
"wessexarchaeology1997",5046
"bailey1980",5047
"dunwell1995",5048
"evison1969",5049
"geake2003",5050
"lang1976",5051
"richards2003",5052
"solberg1985",5053
"vandenoort1993",5054
"walsh1998",5055
"kjellberg1947",42
"bakhtin1984",5056
"cohen1995",5057
"crang1994",5058
"edensor1998",5059
"fowler1992",5060
"graver1999",5061
"hewison1987",5062
"koivusalo1998",5063
"littrell1993",5064
"maccannell1976",5065
"macdonald1997",5066
"mccaulay1999",5067
"meethan1996",5068
"mordue1998",5069
"robb1998",5070
"shurmersmith1994",5071
"silver1988",5072
"urry1990",5073
"vestfold1998",5074
"watson1994",5075
"walsh1992",5076
"wright1985",5077
"bohner1991",5078
"brown1988",5079
"bruck2006",5080
"bynum2001",5081
"davidson1978",5082
"dedekam1925",5083
"flores1996",5084
"gaimster1998",5085
"geary1978",5086
"glosecki2000",5087
"hardh2004",5088
"haselof1956",5089
"haselof1970",5090
"haselof1981",5091
"haselof1984",5092
"hoilundnielsen2002",5093
"ingold1994",5094
"ingold2000",5095
"jakobsson1999",5096
"jakobsson2003",5097
"jones1998",5098
"kalif1997",5099
"kristofersen2000",5100
"lindstrom2001",5101
"magnus2001",5102
"magnus2002",5103
"mansrud2008",5104
"meskell2003",5105
"morris1991",5106
"mullernd",5107
"mundal1974",5108
"oestigaard1999",5109
"oestigaard2000",5110
"orchard2002",5111
"raudvere2001",5112
"roe1995",5113
"roth1979",5114
"sofaer2006",5115
"speake1980",5116
"steenstrpnd",5117
"pollard2009",5118
"pritsak1970",157
"hughes1995",5119
"barnes2012",5120
"christensen1969",5121
"fridell2011",5122
"fuglesang1991",5123
"glob1969",5124
"graslund1998",5125
"imer2009",5126
"jacobsen1932",5127
"jacobsen1935",5128
"kallstrom2007",5129
"cour1951",5130
"lerchenielse1993",5131
"lund2014",5132
"moltke1952",5133
"moltke1985",5134
"nielsen1969",5135
"oebynielsen2007",5136
"snaedal1985",5137
"stoklund1991",5138
"stoklund1994",5139
"stoklund2005",5140
"stoklund2006",5141
"stoklund2010",5142
"m2005",5143
"storm1977",5144
"bengtsson1954",5145
"maccannell1992",5146
"yorkarchaeologicaltrust1984",5147
"bekpedersen2007",5148
"dennis1980",5149
"dennis2002",5150
"larusson1967",5151
"lucas2009",5152
"meulengrachtsorensen1983",5153
"robertsdottir2008",5154
"sveinbjarnardottir2012",5155
"arbman1941",5156
"backstreurom2016",5157
"briggs2007",5158
"brothwell1981",5159
"brotherton2007",5160
"buikstra1994",5161
"cassidy2016",5162
"durand2011",5163
"eriksson2016",5164
"gamba2014",5165
"green2008",5166
"vanhamel1934",5167
"helgessonarcini1996",5168
"keller2012",5169
"kircher2012",5170
"lampa2013",5171
"lindstreurom2011",5172
"malmstreurom2009",5173
"meindl1989",5174
"meyer2010",5175
"omrak2016",5176
"oras2016",5177
"salmela2011",5178
"sawyer2012",5179
"skoglund2013",5180
"skoglund2014",5181
"slovak2011",5182
"steinsland2011",5183
"stolpend",5184
"thalinbergman1986",5185
"vanoven2009",5186
"vianello2013",5187
"wilhelmson2015",5188
"yang1998",5189
"crawford1999",5190
"hedenstiernajonson2000",5191
"jansson1980",5192
"kanvall1995",5193
"kjellstrom2005",5194
"kjellstrom1995",5195
"nordstrom2007",5196
"rimbert1986",5197
"wikborg2007",5198
"anderson1909",5199
"annalsofclonmacnoisend",5200
"blindheim1984",5201
"bourke2010",5202
"brink2007",5203
"carroll1995",5204
"hennessynd",5205
"coffey1909",5206
"connolly1987",5207
"crawford1923",5208
"danielsson2015",5209
"farbregd1979",5210
"forte2005",5211
"gerace2014",5212
"gyllensvard2004",5213
"hagland2008",5214
"hall2015",5215
"haseloff1990",5216
"hedeager2015",5217
"henry1965",5218
"holtsmark1989",5219
"jesch2001",5220
"jesch2006",5221
"kelly1993",5222
"lamn2004",5223
"lowe2007",5224
"lucas1967",5225
"lucas1973",5226
"lucas1986",5227
"magnus1932",5228
"mullarkey2014",5229
"murray2012",5230
"murray2014",5231
"murray2015",5232
"murray2016",5233
"nordvig2013",5234
"carragain2010",5235
"odonoghue2011",5236
"floinn1989",5237
"floinn2013",5238
"floinn2015",5239
"omeadhra1988",5240
"ohrn2015",5241
"quast2012",5242
"rosedahl1992",5243
"ryan1989",5244
"ryan1998",5245
"solli2013",5246
"watt2005",5247
"watt2011",5248
"youngs1989",5249
"andersen2004",5250
"ashby2009",5251
"bakka1965",5252
"blindheim1977",5253
"budd2004",5254
"boe1926",5255
"corrain1972",5256
"christophersen1989",5257
"de1995",5258
"etting2013",5259
"fagerland2008",5260
"gaimster1991",5261
"gronnesby2012",5262
"haseloff1979",5263
"haseloff1987",5264
"heenpettersen2013",5265
"helle1991",5266
"herje1989",5267
"herstad2012",5268
"hunter2008",5269
"jatten2006",5270
"martens1994",5271
"ofloinn1989",5272
"redmond2007",5273
"resi2005",5274
"roskaft2003",5275
"shepherd1985",5276
"skinner2012",5277
"skjevik1997",5278
"sorheim2010",5279
"stenvik1994",5280
"trotzig1984",5281
"trotzig1991",5282
"wilson1965",5283
"paulsen1933",5284
"steuer1962",5285
"filipowiak1988",5286
"betz1973",5287
"bottgerniedenzu1982",5288
"buisson1976",5289
"eldjarn1956",5290
"hagen1950",5291
"janowski2006",171
"kjaerum1990",5292
"stoodley2000",5293
"meskell1999",5294
"andresen2010",5295
"baker2015",5296
"berglund2003",5297
"blackford1991",5298
"bond2001",5299
"bond1997",5300
"bradley1992a",5301
"bradley1993",5302
"conroy2008",5303
"cui2013",5304
"lorenzo2010",5305
"lorenzo2008",5306
"eiriksson2006",5307
"faust2016",5308
"folland2009",5309
"grauel2013",5310
"gray2010",5311
"haldon2016",5312
"hass1996",5313
"helama2009",5314
"hurrell1995",5315
"hurrell2010",5316
"isono2009",5317
"jones2014",5318
"krawczyk2010",5319
"lamb1982",5320
"lamb1985",5321
"larsen2008",5322
"li2016",5323
"ljungqvist2010",5324
"mcdermott2001",5325
"moy2002",5326
"neukom2014",5327
"oliva2012",5328
"randsborg1991",5329
"reimann2011",5330
"ribeiro2012",5331
"rudaya2016",5332
"ruizfernandez2016",5333
"scafetta2012",5334
"swierczynski2012",5335
"ulgen2012",5336
"vanloon1978",5337
"wanner2008",5338
"wanner2001",5339
"wanner2011",5340
"yan2011",5341
"zhong2014",5342
"magnus2004",5343
"sogness1988",5344
"haithabu2003",5345
"coupland1989",5346
"coupland2016",5347
"duczko1997",5348
"helmbrecht2004",5349
"hoilund1986",5350
"hoilund2014",5351
"holst1958",5352
"jorgensen1990",5353
"jorgensen1997",5354
"laurent1978",5355
"lebecq1986",5356
"radtke1981",5357
"schlesinger1972",5358
"schneeweiss2010",5359
"shepard2014",5360
"shepard1989",5361
"staats1974",5362
"story2003",5363
"andersen2012",5364
"berglund1982",5365
"bican2007",5366
"bican1907",5367
"biltz1969",5368
"broholm1946",5369
"broholm1949",5370
"christensen2006",5371
"dillehay1997",5372
"dix1982",5373
"garfinkel1987",5374
"harrington2000",5375
"houmarknielsen1991",5376
"hoy1995",5377
"jensen2002",5378
"jons1993",5379
"jorgensen2013",5380
"kjaer1928",5381
"knoll2013",5382
"larsen2012",5383
"nielsen1967",5384
"petersen1971",5385
"schuster2000",5386
"seir2013",5387
"steensberg1974",5388
"thrane1979",5389
"uschmann2006",5390
"williams2004",185
"duczko2007",5391
"losinski1997",5392
"jagodzinski2008",5393
"bately1980",5394
"bately2009",5395
"gaerte1929",5396
"engel1931",5397
"engel1935",5398
"tischler1902",5399
"bezzenberger1904",5400
"androshchuk2008",5401
"jagodzinski2012",5402
"cnotliwy2013",5403
"ehrlich1932",5404
"ambrosiani1994",5405
"arbman1958",5406
"carlsson1988",5407
"jankuhn1943",5408
"klim1979",5409
"steuer1979",5410
"arbman1993",5411
"berggren2004",5412
"bergstrom1941",5413
"bjorck2008",5414
"broberg1990",5415
"egenberg2003",5416
"fetisov2008",5417
"frostne2002",5418
"hennius2016",5419
"hennius2005",5420
"heron1989",5421
"hiorth1908",5422
"hjulstrom2006",5423
"hvid2016",5424
"karlsson2002",5425
"konsa2013",5426
"kupiec2015",5427
"kurzweil1998",5428
"landin2002",5429
"lindeblad1994",5430
"lindstrom2014",5431
"magnusson1986",5432
"neveus1974",5433
"persson1994",5434
"ravn2016",5435
"stahre2012",5436
"svenssonhennius2017",319
"villstrand1996",66
"albrectsen1976",5437
"andren1998",5438
"behre1983",5439
"bican2010",5440
"fabricius2009",5441
"hermansen1938",5442
"hjelmqvist1993",5443
"janushevich1979",5444
"kenward1995",5445
"koch2003",5446
"mikkelsen1949",5447
"moltsen1998",5448
"ocete2015",5449
"petrini2015",5450
"schiemann1953",5451
"shanahan2015",5452
"sherratt2008",5453
"smith1990",5454
"stummer1911",5455
"troelssmith1953",5456
"wamers2016",5457
"winroth2012",5458
"schietzel1985",5459
"pilo2008",5460
"androshchuk2004a",5461
"fabech2009",5462
"sanmark2004",5463
"ahnlund1926",5464
"ambrosiani1992",5465
"ambrosiani1996",5466
"andren1985",5467
"edgren1995",5468
"franklin1996",5469
"garizpanov2008",5470
"gustin1990",5471
"johansen2003",5472
"malmer1989",5473
"noonan1991",5474
"polanyi1978",5475
"ros2001",5476
"rosberg2009",5477
"schorske1998",5478
"reimer2004",5479
"svensson2007a",5480
"hilczerowna2037",5481
"losinski1995",5482
"vonzurmuhlen1940",5483
"labuda1961",5484
"orosiusnd",5485
"andersen2008",5486
"bandholm2012",5487
"carstens2011",5488
"christiansen1999",5489
"christiansen2005",5490
"dyggve1955",5491
"hollstein1980",5492
"holmsgaard1999",5493
"hvass1998",5494
"krogh1993",5495
"lemm2011",5496
"lindblom2011",5497
"lindblom2012",5498
"mullerwille1991",5499
"trillmich1970",5500
"fanning1937",5501
"saga1943",5502
"kunz2008",5503
"dasentnd",5504
"andersson2002",5505
"armbruster2002",5506
"bihrer2012",5507
"christensen1985",5508
"claughton2011",5509
"dekowna1990",5510
"osk2009",5511
"elvestad1998",5512
"fanning1990",5513
"hagg2002",5514
"helberg1993",5515
"hepp2007",5516
"hilberg2007",5517
"hingst1955",5518
"kleingartner2007",5519
"mehler2003",5520
"molaug2010",5521
"mullerwille1968",5522
"noonan2000",5523
"olsen2004",5524
"pestell2011",5525
"pierce2009",5526
"reichstein1984",5527
"roberts2008",5528
"englert2007b",5529
"scheel1930",5530
"simek2007",5531
"sode2004",5532
"sode2002",5533
"sorheim2004",5534
"stumpel1983",5535
"jakobsson2009",5536
"tweddle1999",5537
"vogel1983",5538
"warmlander2010",5539
"wedepohl2003",5540
"zori2010",5541
"magnusson1966",5542
"jessen1958",5543
"hoilundnielsen1986",5544
"norgardjorgensen1999",5545
"neuefischer2014",5546
"siemen1990",5547
"spiong2000",5548
"thuno2002",5549
"williams1999",5550
"bemmann1998",5551
"besteman1999",5552
"bjork1957",5553
"brandt1996",5554
"brink1997",5555
"carnapbornheim1996",5556
"egeberghansen1988",5557
"egeberghansen1996",5558
"ethelberg2000",5559
"ringtved1989",5560
"fabech1992",5561
"fenger1971",5562
"hedeager1990",5563
"helgesson2008",5564
"hoilundnielsen2005",5565
"hoilundnielsen1993",5566
"hvass1986",5567
"jarlhansen1988",5568
"jessen2008",5569
"jorgensen1988",5570
"jorgensen1996",5571
"kopytof1986",5572
"lund1996",5573
"lundhansen1995",5574
"madsen1995",5575
"mauritsen2009",5576
"mikkelsen1990",5577
"mortensen1988a",5578
"mortensen1991",5579
"murray1983",5580
"nasman1988",5581
"nasman1997",5582
"norbach1998",5583
"norgardjorgensen1996",5584
"rasmussen1995",5585
"reuter1997",5586
"ringtved1986",5587
"ringtved1998",5588
"sjoholm1988",5589
"steuer1982",5590
"tacitus1999",5591
"ulriksen1989",5592
"wenskus1961",5593
"zimmermann2005",5594
"bjork1982",5595
"christensen1983",5596
"christiansen1995",5597
"christiansen1996",5598
"fenger1991",5599
"fokkens1998",5600
"jorgensen1940",5601
"back1997",5602
"polanyi1963",5603
"tummuscheit2003",5604
"vestergaard1991",5605
"lysehansen2000",5606
"olausson2002",5607
"palliser2000",5608
"hodder2003",5609
"hojbjerg2006",5610
"aarseth1982",5611
"arge1991",5612
"arge2006",5613
"arge2005",5614
"arge2009",5615
"arnalds1997",5616
"bertelsen1985",5617
"bertelsen1998",5618
"buckland2008",5619
"butler2006",5620
"christiansen1990",5621
"christiansen1991",5622
"christiansen1987",5623
"dennis2000",5624
"dugmore2000",5625
"dumezil1973",5626
"edvardsson2005",5627
"einarsson1963",5628
"einarsson2002",5629
"fagan2000",5630
"fjaervoll1961",5631
"fredskild1973",5632
"fridriksson1994",5633
"gerrard1991",5634
"gjerland2009",5635
"gronvold1995",5636
"grove1988",5637
"gudmundsson2001",5638
"gudmundsson2004",5639
"guttormsen1994",5640
"halstead1998",5641
"harris1988",5642
"hambrecht2006",5643
"hansen1990",5644
"hastrup1989",5645
"hermannsson1929",5646
"hitzler1979",5647
"hjalmarsson1993",5648
"holling2002",5649
"joensen1976",5650
"joensen1980",5651
"keller1989",5652
"keller1990",5653
"konstam2004",5654
"kristjansdottir2004",5655
"krivogorskaya2005",5656
"lageras2007",5657
"lambin2005",5658
"lawson2006",5659
"mcgovern1980",5660
"mcgovern1981",5661
"mcgovern1986",5662
"mcgovern1994",5663
"mahler1989",5664
"mahler1988",5665
"mahler1991",5666
"mahler1990",5667
"mairs2007",5668
"marcus1980",5669
"e2003",5670
"noonan1998",5671
"nordal1952",5672
"nordal1954",5673
"norrevang1970",5674
"olsen1928",5675
"olasson1998",5676
"perdikaris1998",5677
"perdikaris2005",5678
"rieck2002",5679
"sanmark2002",5680
"schofield2007",5681
"simpson2003",5682
"skardi1970",5683
"sveinbjarnardottir1990",5684
"sveinbjarnardottir2007",5685
"sveinbjarnardottir2008",5686
"thomson2003",5687
"thomson2005",5688
"thomson2007a",5689
"vesteinsson2001",5690
"wubsmrozewicz2008",5691
"thorarinsson1970",5692
"aarsleff2005",5693
"almgren1955",5694
"ambrosiani2002",5695
"anglert1999",5696
"anglert2001",5697
"arrhenius1992",5698
"eriksson2001",5699
"gjosteinresi1979",5700
"gramstorp2000",5701
"gustafsson1968",5702
"gustin1999",5703
"hardh2007",5704
"vonheijne2004",5705
"helgesson1999",5706
"herschend1989",5707
"hjarthnerholdar2002",5708
"horby1988",5709
"jansson1978",5710
"johanssonherven2001",5711
"kresten2001",5712
"klnm1999",5713
"lennartsson1997",5714
"malmer2002",5715
"metcalf1996",5716
"mikhailov2007",5717
"mogren2005",5718
"noonan1984",5719
"riddersporre1998",5720
"ringqvist1968",5721
"rispling2004",5722
"salminen2001",5723
"samuelsson2001",5724
"schulke2008",5725
"serning1956",5726
"silvegren1999",5727
"sindbaek2001",5728
"skibstedklaeso1997",5729
"steineke2005",5730
"stenholm1976",5731
"stjernquist1995",5732
"svanberg1998",5733
"svensson2001",5734
"tegner1999",5735
"tegner2005",5736
"thilderqvist2000",5737
"thun1967",5738
"wamers1984",5739
"westergren1986",5740
"dumvillend",5741
"rau1977",5742
"ager2011",5743
"besteman2009",5744
"coupland2006",5745
"dijkstra2009",5746
"grieg1929",5747
"kilger2007",5748
"knol1998",5749
"knol2005",5750
"knol2010",5751
"sheehan2000",5752
"sheehan2011",5753
"others1971",5754
"woltering2000",5755
"woolf1990",5756
"cook1965",5757
"westness1980",5758
"ahrens2001",5759
"chronicon2001",5760
"dyggve1942",5761
"harck2006",5762
"wesse2006",5763
"janssen2004",5764
"mcneill2004",5765
"chr2009",5766
"klemensen2001",5767
"krogh1981",5768
"lethlarsen2007",5769
"madsen1985",5770
"mcguire2008",5771
"petersen1909",5772
"staecker2005",5773
"trap1964",5774
"sicking2008",5775
"woltering2002",5776
"sawyer1971a",5777
"eriksen2001",5778
"davidson1979",5779
"hoekstra1940",5780
"rau1972",5781
"rives1985",5782
"south1932",5783
"bantelmann2003",5784
"besteman1997",5785
"boeles1915",5786
"borchling1938",5787
"bregman1998",5788
"ijssennagger2009",5789
"jons2013",5790
"meier2003",5791
"milis1998",5792
"nijdam2008",5793
"pritsak1981",5794
"schokker2008",5795
"siems1980",5796
"smyth1977",5797
"springer2003",5798
"theuws2009",5799
"vries2007",5800
"wood2001",5801
"broadberry2010",5802
"durkin2014",5803
"fenner2005",5804
"fox1943",5805
"hellenthal2014",5806
"insley1994",5807
"johnston2014",5808
"loveluck2011",5809
"royrvik2010",5810
"samuels1989",5811
"thomas2006",5812
"townend2002",5813
"binns1988",5814
"bjerve1980",5815
"bjorgo1982",5816
"bratrein1984",5817
"bratrein1989",5818
"bull1920",5819
"carstairs1980",5820
"eithun1994",5821
"ekrem2006",5822
"falkanger2007",5823
"fugelsoy1970",5824
"gansum2000",5825
"grimm2004",5826
"hobaek2013",5827
"hodne1976",5828
"holmback1943a",5829
"indrebo1935",5830
"iversen2014",5831
"iversen2007",5832
"jansen1943",5833
"johansen1977",5834
"hauge2007",5835
"lillehammer1994",5836
"lund1955",5837
"lund1959",5838
"lund1965",5839
"loken2001",5840
"nicolaysenndh",5841
"norbergschulz1980",5842
"olsen2005",5843
"olsen2013",5844
"patterson2005",5845
"relph1976",5846
"room2005",5847
"schutte1933",5848
"seip1934",5849
"sjovold1962",5850
"sjovold1971",5851
"solberg2002",5852
"storli2000",5853
"stormnda",5854
"stormndb",5855
"strom2007",5856
"taranger1915",5857
"tuan1974",5858
"urbanczyk1992",5859
"vesteinsson2013",5860
"odegaard2013",5861
"ahlkvist2002",5862
"bardseth2007",5863
"carlie1999",5864
"diinhoff2011",5865
"edblom2004",5866
"ericsson2001",5867
"kalmar1991",5868
"eriksson1993",5869
"frolund2007",5870
"gjerdaker2001",5871
"gjerpe2012",5872
"gollwizer2012",5873
"helgesson2002",5874
"hobaek2008",5875
"bergen2009",5876
"oslo1997",5877
"kleven2001",5878
"loken1996",5879
"martens2007",5880
"myhre1972",5881
"olsen1926",5882
"pedersen1990",5883
"petersson2010",5884
"reiss1994",5885
"reitan2009",5886
"reynolds1999",5887
"robberstad1967",5888
"rosener1995",5889
"skre1997",5890
"streiffert2005",5891
"sorrusten2012",5892
"tacitus2001",5893
"wasberg1970",5894
"odegaard2008",5895
"oslo1991",5896
"shepared2012",5897
"loog2017",5898
"mcevoy2006",5899
"melchior2008",5900
"milman2003",5901
"bowden2008",5902
"helgason2003",5903
"helgason2009",5904
"kjellstrom2007",5905
"ros2012",5906
"kjellstrom2017",5907
"wikstrom2008",5908
"wikstrom2005",5909
"tillmar2010",5910
"dupuy2001",5911
"karlsson2006",5912
"martiniano2016",5913
"nesbitt2016",5914
"roslund2014",5915
"tesch2001",5916
"vanoven2014",5917
"technology2017",5918
"walsh2014",5919
"walsh2013",5920
"walsh2016",5921
"tesch2013",5922
"hillbom1984",5923
"moorrees1963",5924
"smith1991",5925
"brooks1990",5926
"bruzek2002",5927
"novotny1982",5928
"phenice1969",5929
"evans2004",5930
"meller2012",5931
"knipper2004",5932
"maurer2012",5933
"neumann1974",5934
"asch2003",5935
"lofvendahl1990",5936
"hillson2005",5937
"schour1941",5938
"knipper2014",5939
"rohland2007",5940
"malmstrom2012",5941
"rasmussen2011",5942
"korneliussen2014",5943
"behar2012",5944
"achilli2004",5945
"dupuy2006",5946
"passarino2002",5947
"rootsi2004",5948
"auton2015",5949
"patterson2006",5950
"zeronmedina2013",5951
"hveem2001",5952
"whittington2006",5953
"donnelly2012",5954
"eiberg2008",5955
"lamason2005",5956
"soejima2007",5957
"stokowski2007",5958
"aitken2013",5959
"ascough2012",5960
"biddle1985",5961
"biddle1986",5962
"bigsbynd",5963
"bonsall2007",5964
"bronkramsey2004",5965
"cook2001",5966
"cook2015",5967
"deggnd",5968
"fuller2005",5969
"hedges2004",5970
"phillips2001",5971
"phillips2014",5972
"richards2002",5973
"russell2015",5974
"sawyer1957",5975
"szpak2014",5976
"taylor1989",5977
"dyggve1948",5978
"jorgensen2002e",5979
"jeppesen1990",5980
"glob1970",5981
"ibsen2005",5982
"junker2003",5983
"berlin2003",5984
"reichchr1995",5985
"gotlands1995",5986
"wroblewski1963",5987
"iineaa1994",5988
"bogucki2011",5989
"brather1953",5990
"fomin1987",5991
"jankowiak2015",5992
"kara2009",5993
"kiersnowski1961",5994
"kilger2006",5995
"kmietowicz1994",5996
"ostergren2009",5997
"petrov2014",5998
"rebstock2008",322
"arne1946",5999
"brady1999",6000
"fennomuyingo1997",6001
"hedenstiernajonson2001",6002
"hedenstiernajonson2002",6003
"holmquistolausson1998",6004
"liden1997",6005
"lovell1986",6006
"peterson1987",6007
"richards2001",6008
"richards2006",6009
"soloman1971",6010
"trust1992",6011
"birka1992",6012
"carnapbornheim2007",6013
"capitularia1980",6014
"ellmers2009",6015
"gade1993",6016
"geibig1989",6017
"grierson1986",6018
"hingst1958",6019
"hornfuglesang2000",6020
"hoven1990",6021
"jankuhn1951",6022
"jesch1998",6023
"kersten1954",6024
"kirpichnikov2001",6025
"mullerwille2006",6026
"nobbel1936",6027
"rispling1990",6028
"sawyer1987a",6029
"schaefer1956",6030
"schietzel1980",6031
"schild1991",6032
"solberg1991",6033
"stalsberg2008",6034
"steuer1999",6035
"steuer2002",6036
"wamers1995",6037
"carlson2010",6038
"poulsen1979",6039
"watt1988",6040
"reich2003",6041
"valujev2005",6042
"reich2005",6043
"vonzurmuhlen1975",6044
"wroblewski2006",6045
"adger2013",6046
"appelt2009",6047
"arneborg1997",6048
"arneborg2005",6049
"barnett2015",6050
"bentley2015",6051
"boyd2011",6052
"brace2011",6053
"brody2001",6054
"buckland2009",6055
"butzer2012",6056
"codding2015",6057
"crumley1994a",6058
"cumming2008",6059
"golding2011",6060
"golding2015",6061
"gullov2004a",6062
"halstead1989",6063
"hayeursmith2016",6064
"hoegsberg2014",6065
"howard1993",6066
"ingram2008",6067
"jesch1989",6068
"kendal2011",6069
"kennett2015",6070
"kopar2009",6071
"kuijpers2014",6072
"laland2006",6073
"laland2011",6074
"laland1999",6075
"ledger2013",6076
"ledger2014",6077
"levistrauss1966",6078
"mason2007",6079
"mcgovern1991",6080
"meaks2005",6081
"mehl2017",6082
"middleton2017",6083
"moltke2015",6084
"myhre2004",6085
"nedkvitne2014",6086
"normandnd",6087
"ostergard2011",6088
"oye2004",6089
"park2005",6090
"reinton1960",6091
"riede2009",6092
"riede2011",6093
"roesdahl2016",6094
"rowleyconwy2013",6095
"rowleyconwy2011",6096
"roussell1941",6097
"sandvik2005",6098
"scott2008",6099
"scott1992",6100
"smith2011a",6101
"sveinbjarnardottir1991",6102
"svenning2015",6103
"terrel2003",6104
"thompson2013",6105
"zeder2009",6106
"zeder2015",6107
"zeder2016",6108
"wiechmann1996",6109
"schulke2005",323
"andersson2015",6110
"bjorkvik1970",6111
"bjorkvik1972",6112
"blochnakkerud1987",6113
"brendalsmo2014",6114
"brinchmadsen1995",6115
"buchwald1999",6116
"dorum2004",6117
"englund2002",6118
"hauge1946",6119
"helle1974",6120
"hostmadsen1999",6121
"imsen1990",6122
"imsennd",6123
"indrelid2009",6124
"jonsbok1904",6125
"jakobsen1991",6126
"knagenhjelm2008",6127
"krag2000",6128
"loftsgarden2015",6129
"martens1978",6130
"olafsen1916",6131
"pleiner2003",6132
"ramsey2017",6133
"reinton1956",6134
"resi1992",6135
"rundberget2013",6136
"sandnes1977",6137
"simonsen2001",6138
"steinnes1930",6139
"szmoniewski2010",6140
"taksdal1973",6141
"tveiten2012",6142
"oye1977",6143
"atkinson1996",6144
"billig1995",6145
"blindheim1953",6146
"diazandreu1996",6147
"eikrem2005",6148
"eriksen1993",6149
"fairclough1992",6150
"gellner1983",6151
"gjerde2010",6152
"gjessing1928",6153
"haavardsholm2004",6154
"hesjedal2000",6155
"hobsbawm1992",6156
"hodder1984",6157
"hougen1965",6158
"harke1998",6159
"jahnsen2015",6160
"jones1996",6161
"kjorup2001",6162
"kristiansen1993",6163
"laclau2001",6164
"martens1960",6165
"munch1985",6166
"opedal1999",6167
"paxton1999",6168
"resi2000",6169
"ringrose1993",6170
"schanche1989",6171
"shanks2001",6172
"shetelig1910",6173
"simonsen1967",6174
"skre1991",6175
"stenvik1980",6176
"storli1991",6177
"stylegar2009",6178
"sorheim2011",6179
"ucko1989",6180
"wineburg1991",6181
"ostigard2001",6182
"of2002",6183
"ambrosiani1972",6184
"stamnes2010",6185
"arnberg1976",6186
"brunstedt1996",6187
"carlsson1997",6188
"conyers2013",6189
"dahlin2001",6190
"hansson2004",6191
"heamagi2006",6192
"herschend1995",6193
"hermodsson2004",6194
"hjulstrom2008",6195
"holmquistolausson1987",6196
"ingelmansundberg1972",6197
"derfruhgeschichtlichen1980",6198
"lamm2011",6199
"larsson2014",6200
"lofterud1970",6201
"lohr1979",6202
"olausson1921",6203
"staecker2009",6204
"soderberg2003",6205
"trinks2008",6206
"trinks2013",6207
"viberg2011",6208
"wadstein1936",6209
"ungernd",6210
"devlet2001",6211
"london1964",6212
"fedorova2001",6213
"londonhelmbrecht2011",6214
"kommunikationsmedien2001",6215
"hoj2005",6216
"hoj2011",6217
"ostergard2008",6218
"kastholm1974",6219
"seid2009",6220
"archaeologica2005",6221
"lundhansen1973",6222
"lundhansen1974",6223
"lundhansen1979",325
"london2002",141
"eliade1964",6224
"vestergaard2014",6225
"arwidsson1984",6226
"abrams2001",6227
"abrams2005",6228
"ayers1985",6229
"ayers1994",6230
"callmer1989",6231
"cameron1975",6232
"dallas1964",6233
"dickinson1991",6234
"eilbracht1999",6235
"grahamcampbell1985a",6236
"grahamcampbell1994",6237
"hattatt1987",6238
"madsen1987",6239
"hinton1974",6240
"hinton1975",6241
"hinton1978",6242
"kirk1927",6243
"leahy2003",6244
"leahy1997",6245
"margeson1982",6246
"margeson1996",6247
"mason1997",6248
"owencrocker2002",6249
"paterson2004",6250
"richardson1993",6251
"rieck1982",6252
"roesdahl1981",6253
"rogerson2006",6254
"speed2004",6255
"stamper2000",6256
"wallis2004",6257
"youngs2000",6258
"youngs1995",6259
"jeppesen2005",6260
"mohrchristensen2009",6261
"wilken2016",6262
"birkas2016",6263
"st2008",6264
"aqvist2004",6265
"axboe1996",6266
"st1996",6267
"einarsson2008",6268
"ch2004",6269
"holmqvist1961a",6270
"holmqvist1964",6271
"holmqvist1964a",6272
"iversen2008",6273
"lindqvist1929",326
"imsen2004",89
"volundarkvida1971",6274
"voluspa1971",6275
"anderson2007",6276
"behrend1970",6277
"berggren2006",6278
"boyenda",6279
"bradley1990",6280
"bruck2005",6281
"bruck2007",6282
"bardseth1998",6283
"fowler2001",6284
"fredengren2002",6285
"fuglesang2002",6286
"geisslinger1967",6287
"green1998",6288
"hauck1981",6289
"helgesson1992",6290
"herschend2001",6291
"hvid2005",6292
"iversen1986",6293
"jensen1942",6294
"kilfeather2003",6295
"kousgardsorensen1968",6296
"kousgardsorensen1978",6297
"lakoff1999",6298
"lethlarsen1984",6299
"merleauponty1962",6300
"meulengrachtsorensen1995",6301
"munksgaard1984",6302
"needham2001",6303
"nordell1991",6304
"phillips2002",6305
"rowlands1971",6306
"seremetakis1994",6307
"stutz2004",6308
"thunmarknylen1989",6309
"vandenoort2006",6310
"vigfussonnd",6311
"warmind2004",6312
"wiker2000",6313
"zachrisson1962",6314
"baatz1976",6315
"beresford1987",6316
"bican2014",6317
"boethius1931",6318
"devries1935",6319
"ericsson1992",6320
"fuglsang2015",6321
"hanson1995",6322
"haseloff1942",6323
"holtsmark1970",6324
"hopetaylor1950",6325
"jessen2011",6326
"kalmring2014a",6327
"kuhn1995",6328
"lindqvist1923",6329
"middleton2005",6330
"mikkelsen1991",6331
"nasman2001",6332
"oelmann1933",6333
"oelmann1940",6334
"olesen2015",6335
"olsen1967",6336
"palm1937",6337
"rosborn2004",6338
"ruhmann2004",6339
"sawyer1986",6340
"schafer1977",6341
"sundqvist2006",6342
"sundqvist2009",6343
"terkildsen2014",6344
"terkildsen2015",6345
"tornbjerg1997",6346
"vikstrand2004",6347
"hallstrom1913",6348
"holmquist2002",6349
"aarts2005",6350
"aarts2009",6351
"barndon2004",6352
"berg1989",6353
"berger1996",6354
"bertell2003",6355
"budd1995",6356
"christophersen1992",6357
"creighton2000",6358
"dant1999",6359
"davies1996",6360
"fitzpatrick2005",6361
"galloway2006",6362
"grierson1960",6363
"haaland2004",6364
"hall1999",6365
"haselgrove2005",6366
"hedjakobsson1999",6367
"herbert1993",6368
"hosler1995",6369
"houston2000",6370
"insoll2007",6371
"kemmers2006",6372
"klussendorf2007",6373
"kok2008",6374
"kurke1999",6375
"lightfoot1995",6376
"makeler2010",6377
"marques2007",6378
"martin1991",6379
"merleauponty1944",6380
"miller1998",6381
"mithen2008",6382
"morris1992",6383
"myrberg2010",6384
"nash1978",6385
"nick2005",6386
"oden2009",6387
"papadopoulos1999",6388
"petersson1948",6389
"przybyszewski2007",6390
"rathje2001",6391
"renfrew2009",6392
"rickman1980",6393
"seaford2004",6394
"small1995",6395
"thomsennd",6396
"vanarsdell1989",6397
"vonreden1995",6398
"white1988",6399
"wiggwolf2005",6400
"zach2005",6401
"zanker1987",6402
"jane2008",6403
"adalsteinsson1999",6404
"agustsson1982",6405
"birkeli1973",6406
"brink2013",6407
"byock2005",6408
"christie1982",6409
"colman1995",6410
"deetz1977",6411
"didiplomatariumislandicumnd",6412
"edwald2012",6413
"foucault1977",6414
"foucault1982",6415
"foucault1988",6416
"foucault1994",6417
"fridriksson2011",6418
"giddens1984",6419
"gilchrist2008",6420
"gilchrist2012",6421
"gullbekk2012",6422
"hall2012",6423
"hugason2000",6424
"isleifsdottir1997",6425
"islendingabok1968",6426
"jensen2013",6427
"jensenius2001",6428
"jonsson2009",6429
"jorgensen2004",6430
"karlsson2001",6431
"karras2003",6432
"karras2012",6433
"kristjansdottir2012",6434
"kristjansdottir2001",6435
"lane2001",6436
"larusson1980",6437
"loren2006",6438
"lynn1984",6439
"magnusdottir2001",6440
"nilsson1994",6441
"nordeide2013",6442
"prescott2011",6443
"jones2003",6444
"runarsdottir2006",6445
"russell2005",6446
"salonen2013",6447
"sigurdsson2008",6448
"sigurdsson2011",6449
"slupeki2007",6450
"spivak1988",6451
"stefansson2000",6452
"soland2000",6453
"young2009",6454
"zoega2002",6455
"zoega2012",6456
"zoega2010",6457
"clarke2004",6458
"sorensen1981",23
"almgren1901",6459
"ambrosiani1991",6460
"ambrosiani1973",6461
"anspach2010",6462
"beskowsjoberg1996",6463
"brucemitford1967",6464
"delaet1956",6465
"ellmers1995",6466
"falk1912",6467
"graslund2003",6468
"hedeagerkrag2004",6469
"holgersson2001",6470
"jonssonnd",6471
"kalmring2015",6472
"karlsson2011",6473
"kidd1988",6474
"sjovold1957",6475
"westphalen2002",6476
"bianchi2010",6477
"enoksen1999",6478
"fuglesang1981",6479
"fuglesang2005",6480
"gadamer1960",6481
"gilchrist2013",6482
"jacobsen1941",6483
"knutzen2005",6484
"knutzen2007",6485
"kohring2014",6486
"lager2003",6487
"ljung2016",6488
"malafouris2013",6489
"merleauponty1994",6490
"moser1998",6491
"moser2005",6492
"olick1999",6493
"olsen1941",6494
"petursdottir2012",6495
"robb2009",6496
"shaw2013",6497
"smestad1988",6498
"steinsland2014",6499
"stromback1969",6500
"tarlow2012",6501
"thorn2002",6502
"oebynielsen2005",6503
"ambrosiani1982",6504
"arwidsson1984a",6505
"bengtzon2000",6506
"blomqvist2009",6507
"bolin2008",6508
"back2010",6509
"voncarnapbornheim2011",6510
"conolly2006",6511
"dahlin1999",6512
"odelberg1974",6513
"olausson2012",6514
"persson2002",6515
"rijksmuseumvanoudheden2010",6516
"rosen2002",6517
"price1990",6518
"stavrum1996",6519
"trinks2010",6520
"wiklund2009",6521
"wahlander1997",6522
"kovalenko2007",6523
"kovalenko2008",6524
"kovalenko2003",6525
"arbman2003",6526
"arne1931",6527
"blifeld1977",6528
"budur2007",6529
"bulgakova1999",6530
"camer1968",6531
"cherrman1986",6532
"devidson2008",6533
"gurevic1966",6534
"gurevic1999",6535
"herrman1982",6536
"kirpicnikov1986",6537
"kovalenko1988",6538
"kovalenko1994",6539
"kovalenko1996",6540
"kovalenko1999",6541
"kovalenko2000",6542
"kovalenko2001",6543
"kovalenko2002",6544
"kovalenko2005",6545
"kovalenko2009",6546
"kulakov1990",6547
"kulakov1994",6548
"lebedev1965",6549
"lovmjanskij1985",6550
"melnikova1994",6551
"mocja2001",6552
"musset1971",6553
"puskina1972",6554
"scavelev2007",6555
"scavelev2009",6556
"sinakov2002",6557
"smolicev1931",6558
"veremejcik2007",6559
"zocenko1996",6560
"axelsen2014",6561
"thunmarknylen2000",6562
"wisehn1999",6563
"stalberg2000",6564
"ashmore2003",6565
"backlund2001",6566
"barnes2006",6567
"barrett2005",6568
"bradley1987",6569
"card2005",6570
"charleson1905",6571
"fanning1983",6572
"firth1986",6573
"gammeltoft2006",6574
"garrow2005",6575
"gibbon2008",6576
"griiths2006",6577
"griiths2011",6578
"hedges1983",6579
"hermann1978",6580
"hunter1986",6581
"hunter2003",6582
"jesch2005",6583
"laughlin1974",6584
"leonard2010",6585
"lucy2002",6586
"maher2009",6587
"marwick1952",6588
"marwick1970",6589
"milner2007",6590
"morris1989",6591
"nicolaisen1976",6592
"renfrew1979",6593
"ritchie1995",6594
"robertson1991",6595
"sandnes2010",6596
"semple2007",6597
"simon1987",6598
"simpson1997",6599
"wallacend",6600
"wickhamjones2001",6601
"williams2009",6602
"biddle1991",6603
"flanagan1999",6604
"elder2007",6605
"kelly1956",6606
"kelly1961",6607
"corrain1996",6608
"channing1996",6609
"wallace1967",6610
"afm1908",6611
"fellowsjensen1991",6612
"mahr1929",6613
"mckeown1956",6614
"floinn1998",6615
"hayden1998",6616
"simpson2008",6617
"lantmateriet2009",6618
"ameziane2004",6619
"arwillnordbladh2001",6620
"hansson2012",6621
"peter2015",6622
"solberg1984",6623
"backdanielsson2015a",6624
"riisoy2015",6625
"wulffandersen1995",6626
"homson1995",6627
"homson2001",6628
"akin1999",6629
"blackburn1997",6630
"bogucki2007",6631
"chesterkadwell2009",6632
"frier2007",6633
"kilger2011",6634
"kroll2008",6635
"kruse1988",6636
"kruse1992",6637
"kuroda2008",6638
"metcalf1985",6639
"naismith2005",6640
"pedersen2007",225
"pirie1986",149
"feveile1995",6641
"bill2006",6642
"sloane2011",6643
"halpin2001",6644
"kelly2004",6645
"kelly2010",6646
"lynch2001",6647
"alstrom1993",6648
"andersson1983",6649
"arrhenius1982",6650
"beronius2011",6651
"beronius2013",6652
"ekman2000",6653
"frolund2010",6654
"frolund2013",6655
"frolund2011",6656
"goldina2003",6657
"gothberg2014",6658
"hansson2001",6659
"kazanski2007",6660
"lindqvist1945",6661
"lindqvist1949",6662
"ljungkvist2013",6663
"loven2010",6664
"lucas2013",6665
"lundahl2012",6666
"nordahl1993",6667
"olausson1966",6668
"runer2006",6669
"trinks2011",6670
"vikstrand2013",6671
"aberg1947",6672
"leslie1908",6673
"simpson2015",6674
"hogan1910",158
"hilberg2011",6675
"aberg1998",6676
"ambrose1991",6677
"ambrose1987",6678
"arneborg1999c",6679
"barrett1995",6680
"bell2009",6681
"bell2010",6682
"bendrey2009",6683
"bentley2005",6684
"bentley2002",6685
"bowen2002",6686
"geologicalsurvey2010",6687
"bryant1996",6688
"budd2000",6689
"budd2003",6690
"burke1982",6691
"burton1996",6692
"burton1990",6693
"burton2000",6694
"burton1995",6695
"burton2003",6696
"calvin1962",6697
"cameron2007",6698
"carr1962",6699
"chisholm1982",6700
"clayton1963",6701
"coltrain2009",6702
"coplen1994",6703
"coplen1983",6704
"craig1961",6705
"daly2010",6706
"darbyshire1985",6707
"deniro1978",6708
"deniro1981",6709
"dickin1997",6710
"drury1973",6711
"dupras2007",6712
"dupras2001",6713
"eckhardt2009",6714
"elias1980",6715
"ezzo1994",6716
"ezzo1995",6717
"fuller2006",6718
"gallet1998",6719
"gonfiantini2001",6720
"halpin1993",6721
"hatch1966",6722
"hatch1967",6723
"herring1998",6724
"hobson2004",6725
"holm2000",6726
"hurley2010",6727
"iacumin1996",6728
"jim2004",6729
"kellner2007",6730
"knudson2009",6731
"koch1997",6732
"kortshack1965",6733
"lang1988",6734
"leach2009",6735
"leach2010",6736
"leethorp1991",6737
"linderholm2011",6738
"luz1985",6739
"luz1984",6740
"muller2003",6741
"mcarthur2001",6742
"mccabe2007",6743
"mccormick1982",6744
"minagawa1984",6745
"muldner2011",6746
"negrel2003",6747
"nehlich2009",6748
"obrien1998",6749
"oconnor1988",6750
"odonnabhain2010",6751
"odonnabhain2011",6752
"odonnabhain2001",6753
"oconnor1982",6754
"price1985",6755
"price1986",6756
"ranson1960",6757
"read1934",6758
"schoeninger1978",6759
"schoeninger1979",6760
"schoeninger1983",6761
"schurr1998",6762
"schutkowski1999",6763
"sexton1998",6764
"shaw2009",6765
"shaw2010",6766
"sikora2010",6767
"sikora2011",6768
"sillen1989",6769
"sillen1991",6770
"sykes2006",6771
"tieszen1992",6772
"veizer1989",6773
"wallace2006",6774
"wallace1994",6775
"whipkey2000",6776
"white2000",6777
"wilson1977",6778
"wolfe2001",6779
"wright2005",6780
"wright1998",6781
"karkanas2010",6782
"macphail2005",6783
"carter1998",201
"axboe1986",6784
"broholm1940",6785
"danielsson2007",6786
"danielsson2010",6787
"hauck1978",6788
"holmqvist1960",6789
"iversen1991a",6790
"lamm2004a",6791
"mannering2004",6792
"mannering2006",6793
"mannering2008",6794
"mellend",6795
"nasstrom1998",6796
"nasstrom2009",6797
"owencrocker2010",6798
"simek2002",6799
"stamsomunch2003",6800
"watt1999",6801
"watt2001",6802
"olausson2014a",6803
"klaesoe2010",6804
"capelli2003",6805
"chinnery2006",6806
"brochmann2008",6807
"benedictow2004",6808
"russ2013",6809
"malmstrom2007",6810
"salamon2005",6811
"binladen2007",6812
"behar2007",6813
"prieto2011",6814
"core2011",6815
"helgason2007",6816
"anderson1981",6817
"andrews1999",6818
"venables2002",6819
"pfeiffer1999",6820
"meinila2001",6821
"cardoso2011",6822
"dupuy1996",6823
"richard2007",6824
"tambets2004",6825
"metspalu2006",6826
"melchior2010",6827
"dissing2007",6828
"torroni1996",6829
"zachrisson2008",6830
"derenko2007",6831
"schonberg2011",6832
"brink1999",6833
"brink2000",6834
"brink2004d",6835
"dent1984",6836
"dinzelbacher1984",6837
"frandsen1999",6838
"hines1989",6839
"hoff1997",6840
"jahnkuhn1951",6841
"jerichow1997",6842
"john1991",6843
"lager2001",6844
"liestol1972",6845
"lonaas2004",6846
"richards1990",6847
"rudebeck2002",6848
"steinsland1995",6849
"stidsing1999",6850
"wilke1999",6851
"ostmo2005",6852
"hultkrantz1991",6853
"lund2001",6854
"lenntorp2002",6855
"nasman1998",6856
"nordberg2003",6857
"grammaticus1924",6858
"sundqvist2004",6859
"vierck1979",6860
"vifot1936",6861
"ljungkvist2015c",6862
"hedenstiernajonson2009",6863
"nmd1919",6864
"habbe2004",6865
"gjellerup1973",6866
"tilley1993",6867
"bonnier1994",6868
"caillet1985",6869
"collinder1972",6870
"hansen1992",6871
"fabech1989",6872
"john1987",6873
"larsson1976",6874
"ljungkvist2004a",6875
"musset1992",6876
"nasstrom1997",6877
"olsen2002",6878
"ravn1999",6879
"ritchie1993",22
"stiesdal1952",6880
"lind2004",6881
"mortensen1979",6882
"zeitler1979",6883
"braadmoen2013",6884
"ahrland2013",6885
"aronsson1994",6886
"bell2012",6887
"emanuelsson2003",6888
"george2009",6889
"grimm2013",6890
"harding1992",6891
"harding1997",6892
"jennbert2000",6893
"karlsson2010",6894
"lagerstedt2004",6895
"liedgren1992",6896
"lindholm2013",6897
"magnell2013",6898
"myrstad1996",6899
"nyren2012",6900
"petre1980",6901
"ramqvist2007",6902
"ramqvist1993",6903
"risbol2011",6904
"serning1962",6905
"sleepersmith2009",6906
"stene2011",6907
"storli1993",6908
"sundstrom1987",6909
"svensson1998",6910
"zachrisson2010",6911
"zachrisson1974",6912
"ambrose1990",6913
"ambrose1997a",6914
"andersen1960",6915
"bandelt2006",6916
"barrett1999",6917
"barrett2000b",6918
"bocherens2003",6919
"brinkmann1999",6920
"deniro1985",6921
"eriksson2013",6922
"hagelberg1991",6923
"hemmendorff1984",6924
"holck1997",6925
"holck1983",6926
"mikkelsen2010",6927
"nei1987",6928
"opdal1998",6929
"paabo1989",6930
"ramskou1965",6931
"richards1995",6932
"rosvold2010",6933
"rudbeck2005",6934
"sandmo1985",6935
"sandmo1984",6936
"topf2006",6937
"zachrisson2003",6938
"cardon2001",6939
"marchini2004",6940
"bodmer2008",6941
"cavallisforza1994",6942
"quintanamurci1999",6943
"conrad2006",6944
"botigue2013",6945
"ralph2013",6946
"hellenthal2008",6947
"odushlaine2010",6948
"winney2012",6949
"lawson2012",6950
"alexander2009",6951
"pirinen2013",6952
"wilson2001",6953
"wells2001",6954
"pritchard2000",6955
"bodmer1980",6956
"howie2009",6957
"wright1943",6958
"rousset2004",6959
"lawson1995",6960
"bhatia2013",6961
"pritchard2001",6962
"moorjani2011",6963
"falush2003",6964
"aikas2009",6965
"aikas2013",6966
"backman1975",6967
"berggren2010",6968
"bergman2008",6969
"brightman2012",6970
"chapman2000",6971
"clavir2002",6972
"descola1992",6973
"descola2013",6974
"dubois1999",6975
"edvinger2006",6976
"hallstrom1932",6977
"helanderrenvall2010",6978
"hultkrantz1994",6979
"humphrey1994",6980
"hutton2001",6981
"jernsletten2006",6982
"jordan2003",6983
"levy1982",6984
"lund2011",6985
"makarov1991",6986
"manker1938",6987
"manker1950",6988
"manker1957",6989
"mauss1924",6990
"melheim1999",6991
"mulk1996",6992
"mundal1996",6993
"nergard2003",6994
"okkonen2007",6995
"orsneschristensen1956",6996
"parpola2004",6997
"rindstad1997",6998
"rostad2012",6999
"serning1957",7000
"sommerseth2009",7001
"svestad2011",7002
"viveirosdecastro1998",7003
"wallerstrom1995",7004
"willerslev2007",7005
"zachrisson1992",7006
"havamal1971",7007
"skaldskaparmal1931",7008
"andersen1977a",7009
"binski1996",7010
"borsheim2002",7011
"bourdieu1996",7012
"boyendb",7013
"bynum1991",7014
"februar1977",7015
"cinthio1980",7016
"cinthio2002",7017
"eide1973",7018
"fett1961",7019
"fowler2011",7020
"fredriksen2006",7021
"gilchrist2005",7022
"hadley2009",7023
"hadley2011",7024
"harby1994",7025
"holloway2010",7026
"hougen1935",7027
"jeppesen1995a",7028
"kiefferolsen1993",7029
"kristoffersen2008",7030
"larsson2002",7031
"lund2003e",7032
"martensson1981",7033
"s1992",7034
"nordeide2007",7035
"rebaysalisbury2010",7036
"reynolds2011",7037
"schulke1999",7038
"serning1982",7039
"shetelig1912",7040
"thompson2004",7041
"wagnkilde2000",7042
"wagnkilde2001",252
"swedishspeciesinformationcentre2014",7043
"adalsteinsson1997",7044
"bloch1992",7045
"bruun1909",7046
"bruun1910",7047
"bruun1911",7048
"buckert1983",7049
"byock1982",7050
"deheusch1985",7051
"detienne1989",7052
"dillmann1997",7053
"fridriksson2004",7054
"gestsdottir2005",7055
"girard1979",7056
"hamertonkelly1987",7057
"hildebrandt1989",7058
"hubertnd",7059
"jam1943",7060
"jones1984",7061
"lucas2006",7062
"miller1998a",7063
"miller1990",7064
"monsen2004",7065
"nasstrom1996",7066
"nobis1962",7067
"nordahl1988",7068
"olsen1965",7069
"peel1999",7070
"roberts2001",7071
"robertsonnd",7072
"roesdahl1989",7073
"roussell1937",7074
"steinsland2003",7075
"thomas2005",7076
"turner1969",7077
"vangiffen1963",7078
"vondendriesch1976",7079
"gudmundsdottir2015",7080
"ahlberg1978",7081
"akerstromhougen1981",7082
"althaus1993",7083
"andersson1968",7084
"andreeff2014",7085
"andren2012a",7086
"bailey1996",7087
"bailey2000",7088
"bailey1988",7089
"beck1964",7090
"bergmann1941",7091
"blindheim1972",7092
"bohner1976",7093
"bottgerniedenzu1988",7094
"calverleynd",7095
"cumont1942",7096
"devries1933",7097
"diazguardamino2015",7098
"egeler2015",7099
"ellisdavidson1950",7100
"ellisdavidson1969",7101
"ellisdavidson1988",7102
"ellmers1973",7103
"ellmers1981",7104
"ellmers1986",7105
"eshleman1983",7106
"faulkes2005",7107
"fingerlin2010",7108
"fuglesang2004",7109
"graus1977",7110
"guber2011",7111
"hauck1954",7112
"hauck1957",7113
"hauck1980",7114
"hauck1983",7115
"hauck1994",7116
"heinzle2010",7117
"holmqvist1939",7118
"holmqvist1952",7119
"hyenstrand1989",7120
"kopar2012",7121
"kreutzer1989",7122
"lang1983",7123
"lehnen1997",7124
"lindqvist1956",7125
"lindqvist1962",7126
"malzbender2001",7127
"earl2010",7128
"margeson1980",7129
"marold1972",7130
"mundal1998",7131
"neckel1983",7132
"nedoma1988",7133
"nordin1903",7134
"north2001",7135
"nylen1960",7136
"nylen2003",7137
"oehrl2006",7138
"oehrl2010",7139
"oehrl2011",7140
"oehrl2012",7141
"oehrl2013",7142
"oehrl2014",7143
"oehrl2015",7144
"oehrl2016",7145
"olrik1922",7146
"quast2009",7147
"reichert2003",7148
"reitzenstein1924",7149
"remondino2014",7150
"samson2011",7151
"schreiner2000",7152
"schreiner2004",7153
"vonsee1981",7154
"vonsee2009",7155
"shetelig1933",7156
"simonsson2012",7157
"speidel2004",7158
"stephensnd",7159
"strom1956",7160
"swanstrom2010",7161
"vierck2002",7162
"weber1973",7163
"widerstrom2012",7164
"wilson1998",7165
"zimmermann2012",7166
"petursdottir2007",7167
"tonning2003",7168
"aannestad2017",7169
"blindheim1963",7170
"butler1990",7171
"crenshaw1989",7172
"danielsson2012",7173
"ekengren2004",7174
"fahlander2012",7175
"fossum1996",7176
"gilchrist1999",7177
"glorstad2009",7178
"gollwitzer1997",7179
"magusnd",7180
"pantman2014",7181
"pedersen2011",7182
"petursdottir2009",7183
"prescott1998",7184
"samdal2005",7185
"svensson2003",7186
"thedeen2012",7187
"villa2011",7188
"gothberg2006",7189
"gothberg2007",7190
"fagerlund2005",7191
"gothberg2008",7192
"alstrom1996",7193
"anund1997",7194
"berggren1991",7195
"elgh1994",7196
"frolund2005",7197
"frolund2000",7198
"hedlund1992",7199
"ljungkvist2000",7200
"mattsgarden2000",7201
"rahmqvist1986",7202
"stromback1971",7203
"eckmann2004",7204
"deweirdt2011",7205
"marx2011",7206
"skvorzov2011",7207
"tilley1999",7208
"blindheim1962",7209
"crusden1965",7210
"eddadigte1971",7211
"egebjerghansen1989",7212
"engberg1995",7213
"mitchell1977",7214
"grieg1920",7215
"holmolsen1975",7216
"jansson1995",7217
"johansson1992",7218
"kyhlberg1975",7219
"lagersted1999",7220
"lampe1993",7221
"leahy1995",7222
"meulengrachtsorensen1991",7223
"motz1983",7224
"needham1967",7225
"ofloinn1994",7226
"ramskou1964",7227
"schjodt1994",7228
"aldritt2003",7229
"allison1997",7230
"arnold1999",7231
"batey1993",7232
"batey2003",7233
"beuermann2011",7234
"bjorkanbukkemoen2017",7235
"bond2007",7236
"crawford1983",7237
"crawford2013",7238
"crossleyholland1982",7239
"cussans2010",7240
"cussans2015",7241
"dietler2001",7242
"fraser2009",7243
"greenacre2007",7244
"griffiths2009",7245
"gudmundsson1993",7246
"halstead2012",7247
"harland2006",7248
"harland2012",7249
"hastorf2017",7250
"hayden2001",7251
"hedeager2012a",7252
"hermannson2011",7253
"jervis2018",7254
"jinenez2011",7255
"jones2018",7256
"madgwick2015",7257
"mainland2016",7258
"mainland2003",7259
"mccormick2002",7260
"mccormick2014",7261
"mcgovern2010",7262
"montgomery2017",7263
"morris1996",7264
"mulville1999",7265
"nicholson2010",7266
"noble2013",7267
"noddle1997",7268
"noddle1977",7269
"oconnor2010",7270
"oram2015",7271
"palsson1978",7272
"pollock2012",7273
"rackham1996",7274
"rowleyconwy1983",7275
"rowleyconwy2018",7276
"seller1986",7277
"serjeantson2007",7278
"sharples1998",7279
"sykes2010",7280
"terbraak2002",7281
"woolgar2016",7282
"backhouse1984",7283
"barrettnd",7284
"cohen2003",7285
"drachmann1967",7286
"gansum2002",7287
"hodges1905",7288
"idsoe2004",7289
"ilkjaer2003",7290
"lund2007",7291
"morris1983",7292
"murphy1992",7293
"mullernda",7294
"nasstrom1944",7295
"osborne2004",7296
"osullivan2000",7297
"owencrocker1919",7298
"petts2003",7299
"sanmark2010",7300
"semple1998",7301
"simek1983",7302
"swanton1974",7303
"welinder1992",7304
"wellendorf2006",7305
"wilson1964",330
"magnus2010",7306
"svenberg1984",7307
"berg1986",7308
"blumenschine1996",7309
"boessneck1964",7310
"bronkramsey2005",7311
"brown1960",7312
"carter2007",7313
"dahlander1916",7314
"ekman1973",7315
"ekman1974",7316
"ekman1984",7317
"fagerborg1986",7318
"graslund1996",7319
"hemmendorff2010",7320
"holm2006",7321
"holmgren1985",7322
"hultcrantz1996",7323
"insulander1956",7324
"iregren1997",7325
"jakobsson1997",7326
"lauwerier1983",7327
"lemel1999",7328
"lindeblad1997",7329
"lyman1994",7330
"magnell2004",7331
"magnell2006",7332
"nathorstnd",7333
"nordberg2006",7334
"nordenram2001",7335
"nasstrom1988",7336
"paulssonholmberg1997",7337
"payne1985",7338
"richter1982",7339
"rossdale1996",7340
"rudebeck2010",7341
"sandegren1997",7342
"sjodin1980",7343
"thilderqvist2005",7344
"vikstrand1993",7345
"wallin1990",7346
"welinder2003",7347
"welinder2008",7348
"zeder2010",7349
"karnell2012",7350
"bailey2003",7351
"capelle2003",7352
"romersdal1961",7353
"nasman1942",7354
"schnittger1912",7355
"brondsted1942",7356
"axboe2007",7357
"corsten1991",7358
"fuglesang2006",7359
"nordeide1948",7360
"ringstad1988",7361
"staecker1990",7362
"stoklund2001",7363
"strom1984",7364
"wamers1997",7365
"mainz1997",7366
"westlund1989",7367
"zeiten2002",7368
"zemitis1997",7369
"haugbui1924",7370
"islendingadrapa1973",7371
"andrea2010",7372
"beck1978",7373
"brown1981",7374
"decastro2015",7375
"descola2010",7376
"drachmann1969",7377
"fowler2013",7378
"gansum1999",7379
"geary1979",7380
"geary1986",7381
"harris1985",7382
"hastrup2013",7383
"vigfussonnda",7384
"weismantel2015",7385
"rigsthula1960",7386
"bekpedersen1943",7387
"agnarsdottir1983",7388
"bartram1991",7389
"berson2002",7390
"birch2009",7391
"buckland1985",7392
"byock2004",7393
"christensen1990",7394
"deal1985",7395
"deboer1979",7396
"donat1980",7397
"edvardsson2003",7398
"einarsson1992",7399
"eldjarn1949",7400
"eldjarn1961",7401
"eldjarn1974",7402
"erlingssonnd",7403
"evans1967",7404
"foote1977",7405
"fridriksson1997",7406
"gifford1980",7407
"gudrun2008",7408
"gronvold1980",7409
"gronlie2006",7410
"gudmundssonnd",7411
"hayden1983",7412
"hermannsaudardottir1989",7413
"hinz1989",7414
"hoffmann1964",7415
"iceland1985",7416
"ingimundarson1992",7417
"jones1944",7418
"kobylinski1997",7419
"kuna2005",7420
"lamotta1999",7421
"lange1972",7422
"meier1984",7423
"milek2010",7424
"milek2011a",7425
"milek1997",7426
"murphy1986",7427
"murray1980",7428
"nelson1999",7429
"nelson1996",7430
"oconnell1987",7431
"okelly1954",7432
"olafsdottir1974",7433
"olafsson1992",7434
"olafsson1998",7435
"olafsson2001",7436
"page1995",7437
"stead1982",7438
"stein1989",7439
"stevenson1982",7440
"takacs1968",7441
"taylor1956",7442
"tesch1993",7443
"thorlaksson2000",7444
"urbanczyk1997",7445
"urbanczyk2002",7446
"urbanczyk2001",7447
"urbanczyk2003",7448
"urbanczyk2006",7449
"pierce1998",7450
"rafnsson1977",7451
"reimer2009",7452
"roberts1943",7453
"shetelig1937",7454
"sigurgeirsson2008",7455
"simms1988",7456
"snaesdottir1992",7457
"hammarberg1985",7458
"thrane1973",127
"samdal2000",7459
"moesgaard2004",7460
"steinsland1990",7461
"artelius2000",7462
"artelius1994",7463
"bordo2008",7464
"bourdieu1999",7465
"broome2015",7466
"hedeager2014",7467
"jansson2005",7468
"leach1958",7469
"rydh1919",7470
"rydh1936",7471
"salin1959",7472
"skoglund2005",7473
"solberg1993",7474
"sten2001",7475
"vretemark1983",7476
"wallacehadrill1962",7477
"wehlin2013",7478
"baron2014",7479
"baron2006",7480
"baron2009",7481
"beagrie1989",7482
"bielicki1991",7483
"billstrom1990",7484
"bjorlykke1982",7485
"bjorlykke1990",7486
"bjorlykke1993",7487
"blanchard2001",7488
"bode2008",7489
"bode2009",7490
"boni2000",7491
"brooks2004",7492
"capelle1976",7493
"chen2012",7494
"chernyshev2008",7495
"chugayev2010",7496
"chugayev2013",7497
"duralimuller2005",7498
"gale1992",7499
"guenettebeck2009",7500
"guy1981",7501
"homer1991",7502
"hohndorf1986",7503
"johansson1983",7504
"johansson1984",7505
"johansson1985",7506
"karakaya1988",7507
"kirnbauer2012",7508
"kramers1997",7509
"leveque1993",7510
"loveluck1998",7511
"merkel2015",7512
"mirnejad2011",7513
"nilsen1991",7514
"nriagu1983",7515
"penhallurick1986",7516
"petersen1995",7517
"pollard2008",7518
"rohl1996",7519
"rohl1998",7520
"sayre2001",7521
"shepherd1993",7522
"sjastad2011",7523
"stacey1975",7524
"stosgale2004",7525
"stosgale1997",7526
"sundblad1994",7527
"tereygeol2005",7528
"timberlake2005",7529
"trincherini2009",7530
"tylecote1992",7531
"villa2009",7532
"wedepohl1978",7533
"kershaw1990",7534
"hadley2008",7535
"alexander1987",7536
"carter1969",7537
"mckinley2000",7538
"budd1999",154
"benedictow1992",7539
"brothwell1998",7540
"crumlinpedersen1992",7541
"bacco2006",7542
"dunnell1999",7543
"dyke1984",7544
"gad1984",7545
"geist1978",7546
"halstead1989a",7547
"janssen2003",7548
"jones1986",7549
"keller1984",7550
"premo2010",7551
"thorarinsson1961",7552
"weiss1976",331
"abels1988",7553
"geller2005",7554
"campbell2001",7555
"rollason2000",7556
"blackburn2005",7557
"mckinley2003",7558
"avery1990",7559
"babel1975",7560
"barrat1964",7561
"bell1996",7562
"bell2000",7563
"biddulph2012",7564
"boorman2002",7565
"breuningmadsen2001",7566
"breuningmadsen2003",7567
"catt1986",7568
"courty2001",7569
"crowther1996",7570
"cruise2000",7571
"engelmark1993",7572
"engelmark2008",7573
"holden1994",7574
"kelley2010",7575
"kooistra1978",7576
"linderholm2007",7577
"linderholm2013",7578
"macphail2000",7579
"macphail2009",7580
"macphail2012",7581
"macphail1998",7582
"niblett1999",7583
"reineck1986",7584
"rentzel1999",7585
"rosenqvist1958",7586
"stoops2010",7587
"thirly2006",7588
"veneman1984",7589
"viklund2013",7590
"wilkinson2012",7591
"ipccrkpachauri2014",7592
"reckin2013",7593
"dixon2014",7594
"lee2017",7595
"farbregd2009",7596
"callanan2016",7597
"finstad2008",7598
"vedeler2013",7599
"hafner2015",7600
"kelly2013",7601
"fehrenschmitz2014",7602
"hare2012",7603
"haas2017",7604
"barbier2011",7605
"orengo2013",7606
"hjelle2015",7607
"indrelid2011",7608
"pluskowski2013",7609
"indrelid2015",7610
"beijersbergen2017",7611
"vorren1998",7612
"stene2015",7613
"benn2010",7614
"odegard2017",7615
"young2012",7616
"helama2012",7617
"linderholm2010",7618
"matthews2008",7619
"bevanger2004",7620
"kullman1994",7621
"williams2012",7622
"armit2014",7623
"mann2015",7624
"callanan2013",7625
"callanan2015",7626
"arjava2005",7627
"buntgen2017",7628
"nesje2009",7629
"villumsen2016",7630
"hoeg2014",7631
"howardjohnston1998",7632
"barrett2016",7633
"barth1983",7634
"walloe2010",7635
"majchczack2014",7636
"berger1970",7637
"hatz2001",7638
"bantelmann1967",7639
"braren1935",7640
"kersten1958",7641
"segschneider2009",7642
"majchczack1967",7643
"beseler1982",7644
"erdmann2001",7645
"jons2014",7646
"laur1959",7647
"segschneider2004",7648
"stilke2001",7649
"stumpel2009",7650
"wunderlich2013",7651
"jakobsson1992",7652
"wilson1996",7653
"anttonen1992",7654
"baudou1993",7655
"baylisssmith1998",7656
"bergman1995",7657
"bradley1997",7658
"douglas1966",7659
"fellman1906",7660
"gennep1909",7661
"harrison1903",7662
"helskog1999",7663
"hultkrantz1978",7664
"insoll2004",7665
"jordan2001",7666
"kleppe2006",7667
"laestadius2002",7668
"lahelma2005",7669
"mebius1968",7670
"baylisssmith2001",7671
"napolskikh1992",7672
"nordbladh1980",7673
"pettersson1957",7674
"ramqvist2002",7675
"rank1955",7676
"rydving1993",7677
"sammallahti1982",7678
"schanche1995",7679
"solem1933",7680
"taavitsainen2003",7681
"terebikhin1993",7682
"tilley1991",7683
"trubshaw1995",7684
"turner1978",7685
"uibopuu1988",7686
"wiik2000",7687
"vorren1978",7688
"gojda1991",7689
"jezek2002",7690
"ruttkay2002",7691
"takacs2002",7692
"magnusson1973",7693
"edvardsson2007",7694
"oye1988",7695
"stenberger1979a",7696
"giffordgonzalez1985",7697
"stead1981",7698
"karras1988",7699
"jochens1995d",7700
"gudmundsson2009a",7701
"skjelsvik1958",101
"schindler1956",7702
"amundsen2004",7703
"arnalds1995",7704
"canti1999",7705
"canti2003",7706
"carr1984",7707
"hakbijl2002",7708
"hreidarsdottir2005",7709
"johnson1974",7710
"malinskybuller2011",7711
"matthews1997",7712
"mehler2002",7713
"misarti2011",7714
"roberts2003",7715
"rolfsen1980",7716
"sampietro2005",7717
"shahackgross2005",7718
"shahackgross2008",7719
"shillito2011",7720
"smith2001",7721
"snaesdottir2003",7722
"stein1983",7723
"stockton1973",7724
"sullivan2004",7725
"tani1995",7726
"terry2004",7727
"tinsley2002",7728
"vizcaino1999",7729
"vyncke2011",7730
"wandsnider1996",7731
"wilk1979",7732
"zielinski1997",7733
"ingold2012",7734
"stoodley1999",7735
"andersson2008f",7736
"back2008",7737
"frioriksson2013",7738
"gunnell1995",7739
"gunnell2004",7740
"gunnell2008",7741
"harris2000",7742
"hallansstenholm2010",7743
"lihammer2012",7744
"pentz2013",7745
"philipotts1920",7746
"roberts2009",7747
"sjosvard1989",7748
"svensson2010",333
"vikstrand2010",72
"wessman2010",7749
"wessen2002",7750
"blomkvist1999",7751
"brink2005",7752
"caldwell2003",7753
"lerbom1915",7754
"nyberg1976",7755
"olsson1984",7756
"ortved1933",7757
"rafnsson1974",7758
"rosen1949",7759
"ruthstrom1988",7760
"ronnby1995",7761
"schmidtwiegand1967",7762
"schmidtwiegand1989",7763
"steffen1943",7764
"yrwing1940",7765
"ostergren1992",7766
"yrwing1951",7767
"yrwing1978",7768
"lindroth1915",7769
"vangennep1909a",7770
"buckley2004",7771
"armit1996",7772
"gammeltoft2004",7773
"hall2008",7774
"jay2013",7775
"jennings2005",7776
"capo1994",7777
"chiaradia2003",7778
"dangela1990",7779
"diefendorf2005",7780
"evans2009",7781
"fronval1995",7782
"keefe2007",7783
"montgomery2002",7784
"parkerpearson2005",7785
"puceat2010",7786
"raiber2009",7787
"sanchezchillon1994",7788
"sellevold1999",7789
"simpson2010a",7790
"stephan2000",7791
"toolis2008",7792
"trickett2003",7793
"vanrensburg1986",7794
"warham2012",7795
"woolf2005",7796
"pricenda",7797
"bagge1998",7798
"chenery2012",7799
"harrison2003",7800
"johansen1986",7801
"reed1998",7802
"sellevold1991",7803
"sellevold1996",7804
"sellevold2001",7805
"sullivan1981",7806
"tauber1981",7807
"vandermerwe1978",334
"balodis1940",7808
"bogucki2006",7809
"brundage1991",7810
"christoffersen1996",7811
"crumlinpedersen1989",7812
"crumlinpedersen1996",7813
"crumlinpedersen1998",7814
"ehrensvard1991",7815
"filipowiak1998",7816
"griciuviene2005",7817
"haak2004",7818
"kiaupa2000",7819
"kochkurkina1961",7820
"lang1996",7821
"lang2004",7822
"lehtosalohilander1984",7823
"limbo2004",7824
"lougas1994",7825
"magi2002",7826
"magi2004",7827
"magi2005",7828
"magi2007",7829
"magi2009",7830
"magi2013",7831
"petrenko1995",7832
"radins2006",7833
"rebkowski1998",7834
"sedov1974",7835
"shepherd1999",7836
"sindbaek2003",7837
"vijups1997",7838
"spingis2008",7839
"tvauri1998",7840
"vaitkunskiene1995",7841
"vasks2008",7842
"vassar1939",7843
"vassar1975",7844
"welinder2009",7845
"zarina2006",7846
"gramsch2007",7847
"zachrisson1989",7848
"kopytoff1996",7849
"kristiansen1974",7850
"pfisterer2008",335
"aberg1990",7851
"ambrosiani2005",7852
"ambrosiani2016",7853
"backstrom2016",7854
"blauer2013",7855
"burgman1987",7856
"fennomuyingo2000",7857
"gustin2016",7858
"harvig2014",7859
"kaislaniem2011",7860
"lama2015",7861
"leciejewicz1956",7862
"lightfoot2016",7863
"nironen1997",7864
"pellegrini2016",7865
"stolpendc",7866
"tuross2017",7867
"weihed2005",7868
"wilhelmson2017",7869
"yurtsever1980",18
"nepomniashchii2012",7870
"gaidukov1994",7871
"kuzmin1997",7872
"kuzmin2015",7873
"stanislawski2000",7874
"britishgeologicalsurvey2001",7875
"raudonikas1930",7876
"ravdonikas1924",7877
"plokhov1996",7878
"sturluson2011",7879
"ynglingatal2011",7880
"anbrosiani2007",7881
"banyterowell2005",7882
"bliujiene2008",7883
"blomkvist2005",7884
"bertasius2006",7885
"bonnellnd",7886
"creutz2003",7887
"deemant1977",7888
"ehrensvird1991",7889
"filipowiak1983",7890
"gurevitch1970",7891
"argang2000",7892
"johansen1939",7893
"khvoshchinskaya2004",7894
"lamm2009",7895
"ligi1968",7896
"ligi1995",7897
"baltica2007",7898
"magilougas1993",7899
"melnikova2007",7900
"melnikova1990",7901
"mickevicius1994",7902
"mugurevies1994",7903
"nosoy2001",7904
"nosov2005",7905
"nosov2006",7906
"opik1970",7907
"radin1998",7908
"selart2002",7909
"selirand1974",7910
"sindbek2003",7911
"spirgis2008",7912
"stubavs1966",7913
"sne1997",7914
"tamla1977",7915
"tarvel1975",7916
"tonisson1974",7917
"valtonen2007",7918
"zabiela2008",7919
"zemitis2007",7920
"zulkus1991",7921
"boyd1985",7922
"boyd2005",7923
"silliman2001",7924
"barrett2002",7925
"marshall2002",7926
"watt1985",7927
"naum2005",7928
"kockakrenz1993",7929
"bergatzky1989",7930
"tvauri2001",7931
"amundsen1996",7932
"auestad1992",7933
"balascio2011",7934
"binns1978",7935
"bratrein1983",7936
"bratrein1991",7937
"bratrein1995",7938
"bruun2007",7939
"evjen2008",7940
"gjessing1973",7941
"grimm1999",7942
"grimm2002",7943
"grimm2006",7944
"grydeland2001",7945
"guttormsen2005",7946
"henriksen1996",7947
"hesjedal1996",7948
"hinsch1960",7949
"hodder1979",7950
"holand1989",7951
"johansen2002",7952
"johansen1982",7953
"johansen1990",7954
"johansen1978",7955
"mathiesen1978",7956
"myhre1978",7957
"myhre1985",7958
"nilsen1998",7959
"nilsen1995",7960
"odner1985",7961
"olsen1998",7962
"olsen2001",7963
"rolfsen1974",7964
"rolfsen1990",7965
"said1993",7966
"schanche1992",7967
"simonsen1980",7968
"sobstad1980",7969
"spivak1987",7970
"spivak1990",7971
"storli1985",7972
"vorren1985",7973
"wickler2005",7974
"wik1985",87
"vanderleeuw1989",7975
"c2006b",7976
"arbman1969",7977
"blair1994",7978
"brink2001",7979
"cameron1988",7980
"carver1988",7981
"carver2001",7982
"carver2002",7983
"cooper1993",7984
"dubois2006",7985
"effros2003",7986
"everson2011",7987
"fabech1994",7988
"fell1956",7989
"geake1997",7990
"grahamcampbell2009",7991
"griffiths1991",7992
"gurney1986",7993
"hall1989",7994
"halsall1989",7995
"hayward2011",7996
"heide2011",7997
"heide2014",7998
"hoggett2007",7999
"ilkjaer2002",8000
"jankuhn1955",8001
"karras1990",8002
"knapp1999",8003
"larrington1996a",8004
"mcleod2013",8005
"raffield2013a",8006
"hagland2005",8007
"randsborg1999",8008
"sanmark2009",8009
"scarre2002",8010
"scragg1991",8011
"semple2010",8012
"sheppard1939",8013
"museum2012",8014
"harkell2011",8015
"thurston2002",8016
"tilley2006",8017
"webster1983",8018
"yorke1990",8019
"pedersennda",8020
"armbruster2004",8021
"bayley1992",8022
"brinchmadsen1984",8023
"feveile1994",8024
"grieg1922",8025
"hedegaard2005",8026
"jouttijarvi2006",8027
"paulsen1936",8028
"pedersen2000",8029
"augenti2011",8030
"bilge2013",8031
"bowleg2008",8032
"back2018",8033
"collins2016",8034
"davis2008",8035
"diazandreu2005",8036
"evans1997",8037
"goldhahn2007",8038
"holmquist1990",8039
"holmquist1993",8040
"holmquist2001",8041
"holmquist1998",8042
"holmquist2009",8043
"inall2014",8044
"kaliff1992",8045
"laneri2007",8046
"nelson2007",8047
"olausson2001",8048
"popa2014",8049
"schietzel1963",8050
"thedeen2011",8051
"vennatro2016",8052
"yotov2016",8053
"ashede2015",8054
"aagard1984",8055
"arbman1960",8056
"bjeletskij1998",8057
"capelle1962",8058
"dellepiane2009",8059
"edberg2001",8060
"eniosova2008",8061
"gingerich2014",8062
"hermon2008",8063
"jolshin2012",8064
"klindtjensen1965",8065
"neiss2005",8066
"neiss2006",8067
"neiss2009",8068
"neiss2010",8069
"puskina1998",8070
"scott2002",8071
"shearer2012",8072
"sholts2012",8073
"sholts2010",8074
"sholts2011",8075
"sotnikova1959",8076
"kastholm2008",8077
"thunmark1974",8078
"wiechmann2001",8079
"wolters2006a",8080
"hallam2001",8081
"ekengren2006",8082
"rindal2004",8083
"backdanielsson2008",8084
"bennett1987",8085
"carlsson2002",8086
"fabech2004",8087
"henderson1991",8088
"hjorungdal1994",8089
"hovanta1995",8090
"lagerholm2009",8091
"mays1998",8092
"rosten2007",8093
"simpson2004",8094
"sindbaek2006",8095
"smyser1965",8096
"stalsberg1987",8097
"thedeen2008",8098
"dudo1998",8099
"gragas2000",8100
"grettirssaga1974",8101
"layofharoldtransl1936",8102
"almqvist1965",8103
"almqvist1974",8104
"betzig1982",8105
"brown2009",8106
"camdennd",8107
"chagnon1988",8108
"clover1993",8109
"coleman2015",8110
"colwell1988",8111
"coupland2003",8112
"debuse1999",8113
"dickemann1979",8114
"downham2014",8115
"ebel1993",8116
"ember1974",8117
"emlen1977",8118
"falys2014",8119
"forsgren2004",8120
"fuglestvedt2014",8121
"goetting2006",8122
"griskevicius2012",8123
"hill1990",8124
"hoglund1993",8125
"hudson2004",8126
"jacobsen1982",8127
"jochens1980",8128
"jochens1986",8129
"jochens1987",8130
"jochens1991",8131
"kvarnemo1996",8132
"kvarnemo1995",8133
"madsen1993",8134
"meulengrachtsorensen1980",8135
"mitani1996",8136
"montgomery2008",8137
"moorad2011",8138
"opdahl2003",8139
"reichert2006",8140
"renaud2000",8141
"sampson2006",8142
"schacht2014",8143
"szekely2014",8144
"thedeen2009",8145
"weir2011",336
"zeitzen2008",61
"staecker2006",8146
"kure2013",8147
"lamm2003",8148
"lamm2003a",8149
"hauck1985",8150
"hauck1969",8151
"neckel1983e",8152
"larrington2014",8153
"bangnd",8154
"buggenda",8155
"dronke1989",8156
"haavardsholm1996",8157
"hauck1982",8158
"heusler1941",8159
"wilhelm1952",8160
"vanderhorst1982",8161
"horst2010",8162
"hultgard1987",8163
"johansson2013",8164
"lamm2003b",8165
"mckinnell1994",8166
"mckinnell2008",8167
"meyernd",8168
"north2003",8169
"oehrl2009",8170
"quast2002",8171
"nordal1980",8172
"stephensnda",8173
"westphal2004",8174
"williams1994",337
"musty1974",301
"saxo1931",8175
"sopp1999",8176
"thomsen1929",8177
"blindheim1982",8178
"clarke1995",8179
"duner2006",8180
"gaut2015",8181
"hougen1931",8182
"kielland1927",8183
"maddicott1989",8184
"ryghnde",8185
"samson1991a",8186
"schramm1955",8187
"werner1980",338
"coplen1988",8188
"a2007",8189
"sjoberg1987",8190
"blindheim2008",8191
"brogger1997",8192
"chatwin1990",8193
"eisenschmidt1994",8194
"gourevich1999",8195
"gunnell2000",8196
"gunnell2006",8197
"harris2009",8198
"hagg2009",8199
"jakubovskij1926",8200
"liepe1989",8201
"mckinnell2005",8202
"montgomery2004",8203
"ogden2008",8204
"page1985",8205
"petrenko1991",8206
"robbins2004",8207
"rundkvist2003",8208
"schjodt2007",8209
"schjodt2009",8210
"skre2004",8211
"steinsland1981",8212
"stern2009",8213
"tollnes1998",8214
"faulkes1989",8215
"sekundaerkilder1997",8216
"barndon1992",8217
"drescher1977",8218
"gustafsson2005",8219
"haaland1985",8220
"jouttijarvi2001",8221
"krishnan1976",8222
"roesdahl1993",8223
"smith1974",8224
"steinsland1997",8225
"webster1999",339
"feveile2002b",8226
"anderson1992",8227
"balasse2002",8228
"bell2001",8229
"bethard2013",8230
"brabrand1991",8231
"buzon2013",8232
"cameron2011",8233
"cruz2011",8234
"eliason2010",8235
"ferguson2009",8236
"fornander2015",8237
"grupe2011",8238
"haak2008",8239
"hofstra1995",8240
"hunter1975",8241
"kahl2009",8242
"knudson2008",8243
"knudson2011",8244
"lambergkarlovsky1972",8245
"lane1972",8246
"magnusson1980a",8247
"moberg1981",8248
"naum2012",8249
"olsen1961",8250
"suchey2006",8251
"tung2011",8252
"turner2009",8253
"vos2005",8254
"webb1985",8255
"wilson1970",8256
"crumlinpedersen1988",8257
"zeitzen1997a",8258
"wenger2004",8259
"sofartsmuseums1987",8260
"baxter2008",8261
"christensen1988",8262
"cooper1978",8263
"edgren1988",8264
"elsner1992",8265
"gillespie2001",8266
"grieg1933",8267
"hejgaard2010",8268
"hojrup1983",8269
"jensen2008",8270
"sandberg2006",8271
"schwartzman2006",8272
"smolarek1969",8273
"sztompka1994",8274
"tesch2005",8275
"zeitzen2002",8276
"ostergaard2011",340
"hayeursmith2004",8277
"byejohansen2004",8278
"thunmarknylen2015",8279
"albrectsen1994",8280
"althoff1999",8281
"andersen2011",8282
"bede1968",8283
"blair2005",8284
"dulinicz2002",8285
"foote1993",8286
"gullbekk2008",8287
"keynes1991",8288
"kornerupnd",8289
"krag2003",8290
"meier2002",8291
"meulengrachtsorensen1997",8292
"meulengrachtsorensen2001",8293
"miuillermertens1999",8294
"ottodergrosse2001",8295
"pedersen2005",8296
"refskou2004",8297
"roesdahl1983",8298
"roesdahl1987",8299
"roesdahl1999",8300
"roesdahl2004",8301
"schoujorgensen1997",8302
"skovgaardpetersen1977",8303
"steinsland2008",8304
"tesch2008",8305
"wilson1966",8306
"porsteinsson1987",8307
"fangel1941",8308
"chapman1981",8309
"miller2005",8310
"nylen1987",8311
"andersson2016b",8312
"cambridge2017",8313
"hauptman2014",341
"aukrust1982",8314
"ayers2016",8315
"bergman2007",8316
"carrer2015",8317
"critch2018",8318
"curdy2016",8319
"norvegicum2019",8320
"finstad2018",8321
"gilck2019",8322
"grjotheim1978",8323
"gunnarsdottir2000",8324
"hollesen2018",8325
"kleiven1973",8326
"kummen1983",8327
"providoli2016",8328
"rosvold2017",8329
"savioz2016",8330
"shawnd",8331
"thun2018",8332
"timberlid2015",8333
"volken2015",8334
"younghusbandnd",8335
"shetelig1920b",8336
"miles1989",8337
"abbott2005",8338
"gilmour1988",8339
"aitken1966",8340
"aitken1962",8341
"aitken1983",8342
"anon1996",8343
"aspinall1977",8344
"barley1964",8345
"barley1981",8346
"belfiore2007",8347
"blinkhorn2013",8348
"brooks1984",8349
"bryant1977",8350
"dallas1993",8351
"dunning1959",8352
"everson1999",8353
"field1990",8354
"ford1995",8355
"froh2004",8356
"gale1995",8357
"garmonsway1972",8358
"garrigos2001",8359
"golitko2012",8360
"goodwin2013",8361
"harkel2013",8362
"hebditch1964",8363
"hurst1962",8364
"ixer1997",8365
"jordan1994",8366
"kilmurry1980",8367
"leah1994",8368
"vander1993",8369
"mainman1990",8370
"maniatis1981",8371
"maniatis1984",8372
"mccarthy1988",8373
"miles1974",8374
"nailor1984",8375
"price1975",8376
"quinn2013",8377
"rice2005",8378
"rogerson1984",8379
"rye1981",8380
"sawyer1998c",8381
"arwidson1984",8382
"arwidson1986",8383
"arwidson1989",8384
"bennike1985",8385
"bennike1993",8386
"calmer1977",8387
"deniro1988",8388
"gilbert2005",8389
"hoefs2004",8390
"jorkov2007",8391
"kanstrup2006",8392
"leethorp2003",8393
"longin1971",8394
"madsen1988",8395
"reidla2003",8396
"runge2010",8397
"schoeninger1989",8398
"sillen1998",8399
"skibstedklaesoe1997",8400
"sponheimer2006",8401
"vanklinken1999",8402
"verhulst1966",8403
"verhulst1995",8404
"walette2004",8405
"paludan1991",8406
"koch1936",8407
"steensberg1952",8408
"steensberg1973",8409
"dobat2007",8410
"meier2007",8411
"tesch1992",8412
"fangel1998",8413
"tollin1998",8414
"riddersporre2003",8415
"nedkvitne2004",8416
"fritz1988",8417
"back1995",8418
"gustin2011",8419
"haussig1987",8420
"martin1986",8421
"noonan1985",8422
"noonan1989",8423
"noonan2001",8424
"rispling2007",8425
"roslund1997",8426
"roslund2009",8427
"roslund2010",8428
"thordeman1926",8429
"holmquistolausson2002",8430
"johansson1997",8431
"jonsson2001",8432
"kovalev2001",8433
"kovalev2002",8434
"kovalev2005",8435
"kovalev2011",8436
"landgren1998",8437
"younghusband1904",8438
"of1917",8439
"jensson1929",8440
"arbman1936",8441
"arent1969",8442
"ekelund1956",8443
"ellisdavidson1967",8444
"gjeerder1964",8445
"holmavist1955",8446
"jansson1963",8447
"perkins2001",8448
"price1969",8449
"salin1913",8450
"steinsland1936",8451
"agrip1929",8452
"hultgard2003",8453
"hudson2005",8454
"rediker1987",8455
"pennel1997",8456
"leeson2009",8457
"antony2002",8458
"hudson2007",8459
"price1991",8460
"wulfstan1976",8461
"artefacts1980",8462
"birkeland1954",8463
"arcini2005a",8464
"catling2008",8465
"griffiths1991a",8466
"richards1989",8467
"kanstrup2008",8468
"andersson1975",8469
"arcini2018",8470
"arppe2010",8471
"azmy1999",8472
"buko2013",8473
"chernykh1985",8474
"faure2004",8475
"fraser2018",8476
"hyenstrand1982",8477
"lewis2008",8478
"maldre2018",8479
"margaryan2019",8480
"peschel2014",8481
"punning1987",8482
"raukas2009",8483
"ruff2012",8484
"sillen1982",8485
"trotter1958",8486
"tuuling2011",8487
"wea1980",8488
"woelfel2002",8489
"arcini1998",8490
"baillie1991",8491
"baillie2015",8492
"bolender2011",8493
"davies2015",8494
"dugmore1992",8495
"edwards2012",8496
"einarsson1988",8497
"erlendsson1995",8498
"haflidason2000",8499
"haflidason1992",8500
"hammer1980",8501
"hermannsaudardottir1988",8502
"lane2014",8503
"larsen1982",8504
"larsen1984",8505
"larsen1977",8506
"lowe2008",8507
"lowe2011",8508
"lowe2015",8509
"lowe2001",8510
"newton2008",8511
"oladottir2008",8512
"ponomareva2015",8513
"roberts2000",8514
"sigurgeirson2014",8515
"sigurgeirsson1995",8516
"sigurgeirsson2007",8517
"sigurgeirsson1998",8518
"sigurdsson1982",8519
"sveinbjarnardottir2004",8520
"theodorsson2009",8521
"theodorsson2012",8522
"vilhjalmsson1991",8523
"vinther2006",8524
"zielinski1995",8525
"palmerbrown1995",8526
"vince2009",8527
"andersen1982a",8528
"andersen1996",8529
"bennike1994",8530
"brather2001",8531
"burschel1994",8532
"caferro2006",8533
"christophersen1940",8534
"damgaardsorensen1991",8535
"fiorato2000",8536
"hermann1974",8537
"krueger1985",8538
"nielsen1990",8539
"petersen1989",8540
"roesdahl1975",8541
"thordeman1939",8542
"ahlstromarcini2005",8543
"schjodt2013",36
"anderson2010",8544
"bayman2013",8545
"bentley2007",8546
"brink2014",8547
"buck1938",8548
"erikson2015",8549
"hauofa2008",8550
"heyerdahl1938",8551
"kane1997",8552
"king2003",8553
"kirch2010",8554
"kirch2012",8555
"kirch2014",8556
"kirch2007",238
"kirch1992",8557
"ljungstrom2004",8558
"ravn1993",8559
"ravn2011",8560
"ravn2018",8561
"salmond2010",8562
"schjodt2017",8563
"smith2010",8564
"spriggs2008",8565
"spriggs2016",8566
"stolpendd",8567
"thomas1997",8568
"thomas2010",8569
"wawn2000",343
"raukas1997",8570
"hinton2005",8571
"hoilundnielsen1999",8572
"leigh1984",344
"clauskrag1982",8573
"ruth1988",8574
"lindkvist2003",8575
"yuhl2013",8576
"cameron2008",8577
"cameron2016",8578
"lewis2017",8579
"karras1980",8580
"larson1935",8581
"lee1936",8582
"audr2001",8583
"benraffield2017",8584
"see2012",8585
"reuter2012",8586
"blili1996",8587
"somerville2014",8588
"ch2011",8589
"michaelswanton2000",8590
"robinson1921",8591
"gothenburg2000",8592
"goodall1990",8593
"henning2012",8594
"warner2009",8595
"olsson2017",8596
"simpson2018",8597
"ch2000",8598
"lunde2012",8599
"jankowiak2016",8600
"lewis2016",8601
"ostergren2008",8602
"kankpeyeng2009",8603
"laird2010",8604
"bodel2005",8605
"walz1977",8606
"daniel1992",8607
"morgan1998",8608
"warren1977",8609
"bodel2014",345
"ireland1952",43
"hardh2001",8610
"lamm2005",8611
"lang1995",8612
"salmo1938",8613
"skrzat2010",8614
"tarvel1982",8615
"trotter1952",8616
"anderson2002",8617
"arnold1991",8618
"dowson2006",8619
"dror2017",8620
"fridriksdottir2013",8621
"geller2017",8622
"gero1985",8623
"ghisleni2016",8624
"herget2008",8625
"jansson1992",8626
"jensen2018",8627
"jordan2009",8628
"joyce2008",8629
"knauer2001",8630
"lindqvist2004",8631
"nakhaeizadeh2014",8632
"nilssonstutz2013",8633
"norgardjorgensen1997",8634
"olausson2001a",8635
"reeder2008",8636
"sorensen1983",8637
"stolpe2019",8638
"wylie1992",8639
"dagstorp1999",8640
"mark1998",8641
"bogelund1999",8642
"naes2000",8643
"andersminde1980",8644
"okholm1996",8645
"starigardoldeburg1991",8646
"stro1984",8647
"bchin1965",8648
"albert1999",8649
"albert2002",8650
"barabasi2003",8651
"becker1999",8652
"becker2003",8653
"clarke1972",8654
"dodds2003",8655
"donat1984",8656
"c2006c",8657
"granovetter1973",8658
"herrmann2005",8659
"jacobsson2000",8660
"jons1997",8661
"lundquist2003",8662
"meier1991",8663
"ormerod2004",8664
"palmer2003",8665
"palmer2004",8666
"ravasz2003",8667
"renfrew1977",8668
"schoknecht1977",8669
"schuldt1965",8670
"schuldt1967",8671
"schuldt1981",8672
"schuldt1985",8673
"wasserman1994",8674
"watts2003",8675
"watts1998",8676
"wells2005",8677
"wietrzichowski1993",8678
"ahlen1998",8679
"aikio2006",8680
"alenius2007",8681
"alenius2011",8682
"barrett2009",8683
"carpelan1984",8684
"carpelan2003",8685
"carpelan2006",8686
"donner1986",8687
"edberg1999",8688
"fewster2006",8689
"halinen2005",8690
"herrgard2005",8691
"hiekkanen2010",8692
"huurre1983",8693
"hakkinen2010",8694
"ivars2002",8695
"jaakkola1935",8696
"karlsson1987",8697
"korpela2004",8698
"kovalev2007",8699
"kriiska2007",8700
"kumpulainen2004",8701
"kuusela2011",8702
"lehtosalohilander1985",8703
"lehtosalohilander2001",8704
"leskinen2008",8705
"masonen1989",8706
"meinander1950",8707
"moilanen2010",8708
"nordman1944",8709
"norrman1983",8710
"nunez1993",8711
"nunez1995",8712
"orrman1991",8713
"orrman1993",8714
"poutiainen2008",8715
"raninen2010",8716
"ringbom1994",8717
"roeckhansen1995",8718
"salo2000",8719
"schalin2008",8720
"spirgis2006",8721
"spiridonov1991",8722
"taavitsainen1980",8723
"taavisainen1988",8724
"taavitsainen1994",8725
"taavitsainen1999",8726
"taavitsainen2007",8727
"tomtlund2005",8728
"uino2003",8729
"maria2001",8730
"valtonen2008",8731
"viklund2002",8732
"wickholm2000",8733
"wickholm2004",8734
"kirpichnikov1985",8735
"makarov1990",8736
"makarov2009",8737
"melnikova1991",8738
"muller1987",8739
"nerman1929",8740
"nosov1992",8741
"nosov2001",8742
"ravdonikas1949",8743
"smolichev1925",8744
"sitii2006",8745
"andren2004j",8746
"beskowsjoberg1987",8747
"crumlinpedersen1995d",8748
"t1999",8749
"grahamcampbell1998j",8750
"price1989a",8751
"skaarup1972",8752
"terry1990",8753
"ludtke2001",8754
"barabas2003",8755
"brinch1991",8756
"jansson2008",8757
"hakonshetelig1917",8758
"harrison2010",8759
"russell2007",8760
"budd2014",8761
"score2010",8762
"lundraffield1989",8763
"griffiths1997",8764
"ross1983",8765
"thee1980",8766
"baker1997",8767
"khoroshev2007",8768
"kotowicz2007",8769
"macgregor1978",8770
"binns1963",8771
"booth1987",8772
"booth1997",8773
"bulock1960",8774
"clark1966",8775
"craig2010",8776
"cramp1976",8777
"kemp1996",8778
"kershaw2008",8779
"leahy2000",8780
"morris1977",8781
"morris1984",8782
"naismith2011",8783
"naylor2001",8784
"peers1943",8785
"powlesland1998",8786
"rahtz1967",8787
"schoenfelder2011",8788
"stocker2007b",8789
"thomas2003",8790
"townend2014",8791
"williams1988",8792
"wrathmell2012",8793
"richards2014",8794
"richards2015",109
"richards1983",8795
"williams1983",8796
"swanton1970",8797
"cluniesross1985",8798
"james1997",8799
"woodward2004",8800
"beskowsjoberg1987a",8801
"beltznd",8802
"clark1984",8803
"davis1983",8804
"fehring1987",8805
"fehring1995",8806
"gerrard2003",8807
"hubener1959",8808
"karlin1922",8809
"liebgott1989",8810
"lischnd",8811
"moreland1991",8812
"sorensen1989",8813
"verhaeghe1994",8814
"wiessner1939",8815
"desha2000",8816
"honolulu1991",8817
"dining1980",8818
"athens2017",8819
"oxfordroutledge2016",8820
"graeber2017",8821
"redknap2004b",8822
"amkreutz2004",8823
"lewis1972",8824
"mattes2016",8825
"mattes2008",8826
"comacchio1983",8827
"whitehouse1983",8828
"hooper2006",8829
"kirch1985",8830
"kristiansen1998",8831
"space2015",8832
"rainbird2015",8833
"ratnagar2001",8834
"jp2010",8835
"sherratt1993",8836
"clark2008",8837
"valeri1985",8838
"malarlandskapen1993",8839
"wallin1993",8840
"westerdahl1992",346
"jankuhn1975",8841
"ramskou1999",8842
"rundkvist2001",8843
"windgather1990",8844
"windgather2003a",8845
"sussex1997",8846
"waitznda",8847
"ramskou1963",8848
"neiss2070",8849
"attwood2000",8850
"einarsson1991",8851
"blake1962",8852
"durrenburger1934",8853
"ol1939",8854
"ellison2000",8855
"finlay2011",8856
"finlay1959",8857
"kennedy1997",8858
"kunz2000a",8859
"schmeidler1917",8860
"toddnd",8861
"tschan1959",8862
"alkrenawi1999",8863
"alkrenawi2002",8864
"audur2008",8865
"barry1981",8866
"baumeister2004",8867
"betzig1995",8868
"borovsky1999",8869
"boyden2007",8870
"bragg2008",8871
"breitman2004",8872
"broude1976",8873
"caldwell1998",8874
"ross2010",8875
"daly1980",8876
"divale1976",8877
"elbedour2006",8878
"fleisher1999",8879
"fleisher2004",8880
"grossbardshechtman1993",8881
"graslund1989",8882
"henrich2012",8883
"hraundal2014",8884
"huber2011",8885
"jankowiak2008",8886
"jankowiak2005",8887
"karamagi2006",8888
"karras1992",8889
"kress2002",8890
"kolker2014",8891
"larrington2016",8892
"liwoch2007",8893
"ljungqvist2015",8894
"miller1982",8895
"norrman2000",8896
"norstein2014",8897
"odonoghue2004",8898
"omariba2007",8899
"ritchie1976",8900
"saelebakke1986",8901
"schacht2015",8902
"simek1992",8903
"sjoberg1976",8904
"sorensen1946",8905
"wyatt2009",8906
"boyes1921",8907
"grierson1959",8908
"gulibekk2005",8909
"hedeager1993",8910
"lunden1999",8911
"steinnes1936",8912
"pormksson1992",8913
"back1984",8914
"karlin1923",8915
"aberg1923",8916
"aija1997",8917
"ailio1922",8918
"ambrosiani1956",8919
"ambrosiani1968",8920
"arbman1932",8921
"areslatt1993",8922
"arrhenius1999",8923
"atterman1935",8924
"bennettlagerlof1978",8925
"bennett1976",8926
"blindheim1949",8927
"dreijer1966",8928
"drotz1995",8929
"ekholm1918",8930
"eniosova1998",8931
"enqvist1923",8932
"gudesen1980",8933
"hackmannd",8934
"hagberg1966",8935
"helgen1982",8936
"herteig1955",8937
"holmqvist1970",8938
"horfors1988",8939
"kivikoski1980",8940
"lind1984",8941
"lindahl1950",8942
"macgregor1997",8943
"marstrander1973",8944
"martens1969",8945
"monteliusnda",8946
"nilsson1990",8947
"odencrants1933",8948
"rasch2001",8949
"ostergaardjensen1987",8950
"petre1984b",8951
"ramqvist1998",8952
"rasmussen1989",8953
"reisborg1994",8954
"ryghndf",8955
"salinnd",8956
"sarauw1923",8957
"schonbeck2002",8958
"serning1960",8959
"simonsson1972",8960
"spirgis2007",8961
"stjernquist1951",8962
"stolpe1927",8963
"tillvaxten1909",8964
"vangpetersen1991b",8965
"vedelnda",8966
"worsaaenda",8967
"bagge2010",8968
"englert2007c",8969
"callmer1976",8970
"dalton1975",8971
"elster2007",8972
"finley1973",8973
"hansen1977",8974
"jansen2015",8975
"lie1988",8976
"mikkelsen2006",8977
"mitchell1984",8978
"myrvoll1992",8979
"ostmo2011",8980
"pilo1990",8981
"polanyi1944",8982
"rundberget2009",8983
"stenvik2003",8984
"swedberg2014",8985
"wiberg1977",347
"voncarnapbornheim2007",8986
"cohen1997",8987
"fuchtbauer1971",8988
"dejong2010",8989
"kiefferolsen1997",8990
"lihammer2007",8991
"lindstrom1991",8992
"messenburg1972",8993
"milthers1916",8994
"moberg1994",8995
"naum1925",8996
"rossmann2000",8997
"safran2005",8998
"schoeninger2003",8999
"vensild1996",9000
"vonhejine2004",9001
"wagnkilde1996",9002
"nordal1938",9003
"sigurdur1938",9004
"christensen2012",9005
"engberg2002",9006
"rieck1992",9007
"sigurdsson2012",9008
"skre2005",9009
"soderberg1966",9010
"olausson2009",9011
"kvhaa1903",9012
"bratt1999",9013
"darvill2004",9014
"driscoll2004",9015
"meaney1995",9016
"meaney1997",9017
"olafsson1985",9018
"pantos2002",9019
"pantos2003",9020
"addyman1981",9021
"alcock1963",9022
"bayley1987",9023
"bayley1991",9024
"bayley2008",9025
"benson1911",9026
"blair1991",9027
"boni2003",9028
"clarke1998",9029
"coatsworth2002",9030
"comber2004",9031
"cowgill2009",9032
"dickens2009",9033
"cowie2012",9034
"craddock1989",9035
"daniels1988",9036
"dommasnes1987",9037
"emery2007",9038
"eremin1998",9039
"wilthew2002",9040
"garmonsway1947",9041
"gilmore1980",9042
"griffiths2007",9043
"hall2001",9044
"higham1993",9045
"hinton1990",9046
"hinton1996",9047
"hinton2000",9048
"hinton2003",9049
"hutcheson2009",9050
"kershaw2010",9051
"laing2006",9052
"loken1987",9053
"macgregor1999",9054
"mann1982",9055
"newman1993",9056
"nicholson1997",9057
"omeadhra1987",9058
"oriordain1971",9059
"owencrocker1986",9060
"paterson1997",9061
"paterson2000",9062
"pritchard1991",9063
"radley1971",9064
"seaman2013",9065
"smith1923",9066
"waltonrogers2004",9067
"taylor1987",9068
"thomas2004",9069
"thomas2008a",9070
"tweddle1986",9071
"vince2001",9072
"rogers2007",9073
"rogers2014",9074
"rogers2016",9075
"wastling2009",9076
"waterman1959",9077
"webster2012",9078
"caroline1999",9079
"blank2018",9080
"chukhina2015",9081
"davydova1999",9082
"dzhakson2002",9083
"dzhakson1986",9084
"glykou2018",9085
"gorelov1997",9086
"nv2017",9087
"gromig2019",9088
"jackson2003",9089
"jackson2009",9090
"khudoley2013",9091
"kirpichnikov1984",9092
"kirpichnikov2013",9093
"knudson2007",9094
"lalazarov2012",9095
"moiseyev2014",9096
"moisio2015",9097
"ostman2004",9098
"petrenko1985",9099
"petterson1995",9100
"platonova1996",9101
"raffensperger2014",9102
"saarnisto1995",9103
"sankina2000",9104
"sauramo1929",9105
"karlgoran1999",9106
"subetto1998",9107
"zazzo2004",60
"dunfjeldaagard2005",9108
"reymert1980",9109
"arne1909",9110
"bergstol2002",9111
"bohannan1959",9112
"brogger1928",9113
"fjellstriim1962",9114
"ell1990",9115
"gullbekk2003",9116
"jasinski1998",9117
"kopytoff2000",9118
"montelius1922",9119
"niisstriim2001",9120
"ojanlatva2003",9121
"yrbyggjasaga1989",9122
"sandmo1994",9123
"kongesagaer1979",9124
"steinsland1989",9125
"steinsland1992",9126
"steinsland1984",9127
"stenberger1971",9128
"byock1998",9129
"fox1974",9130
"palsson1986",9131
"whitelock1976",9132
"alesina1999",9133
"coffe2006",9134
"dcms2002",9135
"doosje1995",9136
"eger2010",9137
"ellemers1997",9138
"ellisdavidson1976",9139
"jans2015",9140
"stewart1991",9141
"korostelina2007",9142
"lindeman1997",9143
"lonnroth2008",9144
"lund1985",9145
"maderer2014",9146
"mcdonald2012",9147
"petta1992",9148
"putnam2006",9149
"rhee1996",9150
"sawyer1985a",9151
"schjodt2011",9152
"smith1997",9153
"sosis2006",9154
"swann2009",9155
"swann2012",9156
"tajfel1971",9157
"thomas1999",9158
"tropp2001",9159
"whitehouse2012",9160
"whitehouse2014",342
"pantos2004",9161
"holmback1933",9162
"lucas1966",9163
"bourke1993",9164
"hedeager1994",9165
"hardh1988",9166
"kruse2007",9167
"lieber1989",9168
"miller1986",9169
"mullerboyson1987",9170
"saunders1995",328
"bagerius2001",9171
"batey2012",9172
"becker2007",9173
"bickerton2015",9174
"grahamcampbell2001h",9175
"bird2000",9176
"blackmore2011",9177
"boothby2004",9178
"bychowski2018",9179
"casey2010",9180
"chagnon1992",9181
"coltrane2006",9182
"connell2000",9183
"connell2005",9184
"crawford2007",9185
"damon2006",9186
"dommasnes2008b",9187
"ember2015",9188
"enloe2017",9189
"erikson1950",9190
"pesch2018",9191
"gilligan1982",9192
"gilligan1990",9193
"gowland2001",9194
"gunnell2013",9195
"haapasalo2000",9196
"halstadmcguire2010b",9197
"handel2007",9198
"hays1982",9199
"higate2005",9200
"hinojosa2010",9201
"hollander1949",9202
"hooper2001",9203
"honwana2006",9204
"howard2000",9205
"kaland2008",9206
"kamp2015",9207
"keith2005",9208
"kimball2013",9209
"knusel2000",9210
"larrington2008",9211
"levine1990",9212
"lewissimpson2008",9213
"lillehammer2010",9214
"macinnes2016",9215
"mcguire2016",9216
"mead1934",9217
"meggitt1977",9218
"mellor2014",9219
"murphy2017",9220
"mygland2010",9221
"hencken1933",9222
"orchard2011",9223
"orme1995",9224
"perkins1972",9225
"preston2014",9226
"raninen2008",9227
"scribner1965",9228
"reynolds1991",9229
"ross2018",9230
"shimahara1970",9231
"soderberg2017",9232
"sofaer2011",9233
"solli2008",9234
"squires2013",9235
"swanton1997",9236
"underwood2006",9237
"varney2000",9238
"weinreich2009",9239
"weisner2015",9240
"weisner1977",9241
"werner1964",9242
"wessells2006",9243
"whaley2009",9244
"whitehouse2017",9245
"woolf2017",9246
"snorres1999",9247
"armstrong2000",9248
"a2007a",9249
"barrett1994",9250
"binford1972",9251
"brogger1950",9252
"fuglestvedt2007",9253
"grieg1942",9254
"gunnes1976",9255
"holmsen1939",9256
"ilkjaer2000",9257
"kallhovd1994",9258
"krag1995",9259
"munch1981",9260
"munch2007",9261
"myhre1997",9262
"mollerop1957",9263
"mollerop1971",9264
"parkerpearson1982",9265
"petersen1937",9266
"ronneseth1963",9267
"ronneseth1966",9268
"sandnes1997",9269
"shanks1982",9270
"sigurdsson1993",9271
"slomann1958",9272
"sturlasson1964",9273
"stenberger1966",9274
"stenvik2005",9275
"steuer1989",9276
"storli2001",9277
"tacitus1977",9278
"titlestad1996",9279
"thompson1965",9280
"appelgrennd",9281
"back2007",9282
"callmer1980",9283
"callmer1986",9284
"carpelan1980",9285
"damell1967",9286
"delort1978",9287
"edgren1999",9288
"ekbo1981",9289
"enqvist2004",9290
"enqvist2006",9291
"floderus1931",9292
"gustavsson2001",9293
"hackman1938",9294
"haggren2005",9295
"hiekkanen2001",9296
"hirviluoto1986",9297
"huurre1987",9298
"huurre1992",9299
"kivikoski1939",9300
"lang1985",9301
"ligi1994",9302
"lind2000",9303
"lind2006",9304
"lind2009",9305
"makarov2006",9306
"morris1999",9307
"raportteja2003",9308
"pimenov1965",9309
"purhonen1992",9310
"purhonen1997",9311
"ryabinin1978",9312
"ryabinin1986",9313
"saksa1985",9314
"saksa1992",9315
"schmid1942",9316
"silliman2005",9317
"stang1981",9318
"stein1998",9319
"stein1999",9320
"stein2002",9321
"syse1987",9322
"taavitsainen2004",9323
"tomantera1991",9324
"tvauri2005",9325
"zakharov2004",9326
"boe2012",9327
"fjell2005",9328
"goffman1971",9329
"grieg1943",9330
"holtorf2005",9331
"rasmussen2013",9332
"anon2011",9333
"bloch1939",9334
"chin2004",9335
"dillmann1996",9336
"hall1984",9337
"hilberg2008a",9338
"horton2000",9339
"klejn2009",9340
"knirk1999",9341
"mcgovern2011",9342
"mullerwille1996",9343
"nordenborgmyhre2001",9344
"nosov1998",9345
"steuer1990",9346
"vollertsen1989",9347
"ward2000",9348
"wallace2001",9349
"willemsen2009",9350
"wynnejones2007",9351
"tacitus1997",9352
"batey1994",9353
"bjornskov2009",9354
"bohnet2008",9355
"bourdieu1986",9356
"brondsted1960",9357
"chartrand2006",9358
"barry2008",9359
"delhey2005",9360
"dohmen2008",9361
"freitag2008",9362
"greif1989",9363
"greif1993",9364
"greif2006",9365
"greif2012",9366
"guiso2008",9367
"haywood1995",9368
"langer2002",9369
"lookofsky2006",9370
"milgrom1990",9371
"nannestad2008",9372
"nunn2011",9373
"olson1993",9374
"ostrom2009",9375
"ozcan2011",9376
"paldam2000",9377
"putnam1993",9378
"putnam2000",9379
"raffield2009",9380
"ramskou1962",9381
"rothstein2003",9382
"rothstein2005",9383
"svendsen2004",9384
"svendsen2009",9385
"svendsen2012",9386
"sorensen1990",9387
"traunmuller2011",9388
"uslaner2002",9389
"uslaner2008",9390
"vikings1997",9391
"weber2009",9392
"williamson1993",9393
"aegidius1977",9394
"albrectsen1941",9395
"albrectsen1970",9396
"albrectsen1984",9397
"andersen1987",9398
"andersen1998",9399
"andersen1971",9400
"andersson1972",9401
"andren1994",9402
"arentoft1984",9403
"arentoft1985",9404
"arentoft1993",9405
"arentoft1999",9406
"bartholin1976",9407
"bartholin1974",9408
"becker1982",9409
"bertelsen1991",9410
"bertelsen1992",9411
"binderup1996",9412
"bjerregaard2016",9413
"bjerregaard2017",9414
"christensen1975",9415
"christensen1977",9416
"christensen1999",9417
"christensen2017",9418
"elkjaer2001",9419
"og2001",9420
"fussel2008",9421
"amt1992",9422
"gothche1995",9423
"grandtnielsen1982",9424
"harnow2005",9425
"haupt2006",9426
"henrichsen1968",9427
"henriksen1988",9428
"henriksen2012",9429
"hoff2000",9430
"hohenberg1985",9431
"hohenberg1995",9432
"hojlundnielsen1987",9433
"jacobsen2000",9434
"jacobsson2003",9435
"jeppesen1981",9436
"johannsen1995",9437
"jorgensennda",9438
"juel2010",9439
"kousgardsorensen1969",9440
"krongaardkristensen1998",9441
"krongaardkristensen2016",9442
"langkilde2007",9443
"lauritsen1974",9444
"lauritsennd",9445
"levinnielsen1968",9446
"linaa2016",9447
"lindblom2013",9448
"lundhansen1988",9449
"lundo2012",9450
"madsen1982",9451
"mathiesen1922",9452
"mathiesen1927",9453
"mejdahl1993",9454
"moller2008",9455
"nasman1996",9456
"nielsen1984",9457
"nilsen1990",9458
"nilsson2015",9459
"norgaardjorgensen2002",9460
"nyberg1982",9461
"odman2014",9462
"olesen2014",9463
"olsen1969",9464
"pagh2016",9465
"petersen1987",9466
"porsmose1996",9467
"poulsen2015",9468
"riis1999",9469
"rindel2001",9470
"rosch2013",9471
"runge2016",9472
"runge2017",9473
"sanke2001",9474
"schorring2000",9475
"skaarup1997",9476
"skaarup2005",9477
"smed1962",9478
"sonderby1988",9479
"stenak2005",9480
"tarup1934",9481
"thrane1996",9482
"trap1957",9483
"ulriksen2016",9484
"ulriksen2014",9485
"vraengmosejensen2017",9486
"weber1958",9487
"zeeberg2000",9488
"zinglersen2004",9489
"callmer1990",9490
"mccormic2001a",9491
"halcrow2008",9492
"loyn1977",9493
"bakka1978",9494
"davis1992",9495
"granovetter1985",9496
"gudeman1986",9497
"gudeman2001",9498
"herschend1980",9499
"hirsch1987",9500
"lie1997",9501
"lunden1972",9502
"munksgaard1978",9503
"naumann1987",9504
"sawyer1989",9505
"wilk1996",9506
"zafirovski2001",9507
"adey2014",9508
"andrushko2011",9509
"beardsley1955",9510
"bergerbrant2007",9511
"binford1980",9512
"bollig1987",9513
"ceruti2004",9514
"cresswell2012",9515
"eerkens2014",9516
"font2012",9517
"frankopan2015",9518
"frei2017",9519
"frobeniusnd",9520
"frobeniusnda",9521
"garnett1945",9522
"gleirscher2004",9523
"greenblatt2010",9524
"gronenborn1999",9525
"heberle1938",9526
"helms1994",9527
"hermes2018",9528
"huntington1996",9529
"jockenhovel1980",9530
"jockenhovel1991",9531
"jockenhovel1995",9532
"jockenhovel1994",9533
"kaufmann2004",9534
"kelly1992",9535
"kelly1995",9536
"kimmig1958",9537
"kootker2016",9538
"krause1988",9539
"lee1966",9540
"ling2014",9541
"lippert2007",9542
"maixner2013",9543
"marshall2015",9544
"melheim2018",9545
"murdock1967",9546
"neaher1979",9547
"neipert2006",9548
"nerlich2009",9549
"oelze2011",9550
"pernter2007",9551
"plomp2017",9552
"podolny2005",9553
"reiter2014",9554
"reiter2015",9555
"schadelindig2003",9556
"scharlotta2018",9557
"scheeres2014",9558
"shellar2018",9559
"sjastaad1962",9560
"stewart2017",9561
"tipple2013",9562
"vandersanden1996",9563
"vandkilde2007",9564
"veblennd",9565
"welsweyrauch1988",9566
"wendrich2008",9567
"white2009",9568
"beck2013",9569
"blindheim1954",9570
"chase1997",9571
"enright1988",9572
"eriksen2002",9573
"gansum2018",9574
"gjerpe2016",9575
"meulengrachtsorensen2003",9576
"myhrend",9577
"nicolaysenndo",9578
"sala2008",9579
"skyllberg2008",9580
"talma1993",9581
"warner1987",9582
"polanyi1957",9583
"swedberg1992b",9584
"anderson1998",9585
"asbjornsen1914",9586
"astveit2007",9587
"bangandersen2004",9588
"barth2016",9589
"bjorvand2000",9590
"bjorgo2016",9591
"callanan1906",9592
"christensen1986",9593
"christiend",9594
"vsnd",9595
"clark1975",9596
"derocher2000",9597
"domanska2006",9598
"einbu2005",9599
"finstad2010",9600
"fjellheim2005",9601
"frostatingslova1994",9602
"gibson1979",9603
"giese2013",9604
"gulatingslovi1969",9605
"hansen2005",9606
"hodder2011",9607
"hofseth1980",9608
"hoyer2015",9609
"indrelid2007",9610
"ion1989",9611
"jordhoy2013",9612
"jordhoy2005",9613
"jordhoy2012",9614
"lagaboters1979",9615
"martinsen2016",9616
"molmen1988",9617
"ryd2014",9618
"roed2014",9619
"roed2015",9620
"spiess1979",9621
"vorren1944",9622
"wammer2007",9623
"weber2007",9624
"wiberg1987",9625
"carlsson2012a",9626
"clareus1999",9627
"conyers2007",9628
"conyers2010",9629
"damiata2013",9630
"daniels2004",9631
"david2008",9632
"gahrn1988",9633
"goodman1993",9634
"goodman2013",9635
"grasmueck2005",9636
"hjulstrom2014",9637
"hjulstrom1920",9638
"ilisch2004",9639
"karlsson2008",9640
"larsson1987",9641
"leckebusch2003",9642
"lindqvist2000",9643
"malmer1982",9644
"neubauer2002",9645
"nordenskjoldnd",9646
"novo2010",9647
"novo2012",9648
"poscetti2013",9649
"stenberg2006",9650
"sundquist2013",9651
"viberg2012",324
"urry2007",9652
"armstrong1953",9653
"bates2000",9654
"bates2007",9655
"bayer2011",9656
"benedetti2011",9657
"berendsen2000",9658
"bird2010",9659
"bird1985",9660
"bristow2003",9661
"bristow2006",9662
"brivio2000",9663
"brown1997",9664
"burke2008",9665
"butzer1982",9666
"clemmensen2010",9667
"darwin1990",9668
"declercq2012",9669
"fatimarossetti2009",9670
"smedt2011",9671
"denham2008",9672
"deroin2011",9673
"dincauze2000",9674
"doneus2008",9675
"donoghue1988",9676
"embleton1970",9677
"chng2004",9678
"fairbridge1985",9679
"fitch2005",9680
"french2005",9681
"gabler2013",9682
"gaffney2008",9683
"harari1996",9684
"hickin2009",9685
"hodgson1976",9686
"howard2008",9687
"ilves2009",9688
"ilves2012",9689
"jensen1999",9690
"jongmans2007",9691
"kneisel2008",9692
"komar1998",9693
"lasaponara1995",9694
"leopold2010",9695
"linford2006",9696
"lunt2005",9697
"luo2012",9698
"mansfield2007",9699
"mcgraw2014",9700
"mchugh1988",9701
"nau2004",9702
"neal2002",9703
"neubauer2001",9704
"neubauer2004",9705
"proschdanielsen2006",9706
"proulxmcinnis2013",9707
"ramberg2008",9708
"rapp2006",9709
"saey2013",9710
"schrott2008",9711
"short2004",9712
"siart2008",9713
"soil2006",9714
"syvitski1995",9715
"tamura2012",9716
"taylor1996",9717
"trinks2015",9718
"vandam2012",9719
"wegmann2012",9720
"weston2001",9721
"wilkinson2003",9722
"yoshiki2005",9723
"dommasnes1992",9724
"enright1995",9725
"hornfuglesang1989",9726
"kaliff2004",9727
"koktvedgaardzeiten1997b",9728
"larsson2005",9729
"rosengren2007",9730
"eriksen1991",9731
"fern2012",9732
"kirkup2006",9733
"nasstrom1999",119
"sanmark2006",9734
"koivisto1996",9735
"leppaaho1936",9736
"sarasmo1961",9737
"sarkki1976",9738
"cleve1948",9739
"drobin1991",9740
"hirviluoto1976",9741
"honko1960",9742
"huntington1979",9743
"huurre1990",9744
"karvonen1998",9745
"keskitalo1950",9746
"kitzler2000",9747
"kivikoski1961",9748
"kivikoski1963",9749
"lehtosalohilander1988",9750
"mandel2003",9751
"oestigaard2006",9752
"paulaharju1924",9753
"purhonen1998",9754
"palsi1938",9755
"sarkkiisomaa1986",9756
"sjoberg1994",9757
"tarlow1999",9758
"wickholm2005",9759
"tacitus1960",9760
"graslund1973",9761
"randsborg1984",9762
"stjernquist1989",9763
"blinkhorn1999",9764
"brather1996",9765
"c2006d",9766
"filipowiak1993",9767
"soren2002",9768
"jankuhn1956",9769
"janssen1987",9770
"kirpichnikov1997",9771
"ohlsson1976",9772
"sawyer1977",349
"warnke1992",9773
"bjornstad2010",9774
"bjornstad2012",9775
"brandt2011",9776
"excoffier2010",9777
"flodin1989",9778
"forster2003",9779
"halinen2013",9780
"hartnup2011",9781
"hedman2015",9782
"hofreiter2001",9783
"hufthammer2011",9784
"komber1987",9785
"librado2009",9786
"loftsgarden2017",9787
"luik2015",9788
"munch1998",9789
"olivieri2014",9790
"roed2008",9791
"roed2011",9792
"roed2018",9793
"rytter1997",9794
"rytter2007",9795
"schia1986",9796
"skogland1980",9797
"star2018",9798
"wandeler2007",9799
"marstrander1932",9800
"megaw1950",9801
"moore1900",9802
"shetelig1925",9803
"shetelig1945",9804
"shetelig1954",9805
"whitelock1967",9806
"wilson1974",9807
"sorensen1988",9808
"arnorsdottir1973",9809
"blackburn2009",9810
"bourdieu1990b",9811
"dalton1977",9812
"ed1984a",9813
"gustin1996",9814
"hedegaard2002",9815
"heijne2004",9816
"horsnaes2000",9817
"kazanskij2007",9818
"kromann1985",9819
"metcalf1997",9820
"mikkelsen2001",9821
"north1990",9822
"odeback2009",9823
"pertznd",9824
"ed1905",9825
"vinsrygg1975",9826
"schia1989",9827
"bertran1991",9828
"cammas1994",9829
"cammas1995",9830
"cremaschi2010",9831
"fitzpatrick1993",9832
"galinie2004",9833
"loveluck2001",9834
"maixner2010",9835
"de1997",9836
"nicosia2014",9837
"schiegl1996",9838
"verslype2004",9839
"wouters2013",9840
"ballantyne1994",9841
"ballantyne1999",9842
"bauge1980",9843
"brandnd",9844
"heggstad1975",9845
"indrebo1936",9846
"jakobsen1936",9847
"mackie2002",9848
"mccullough2000",9849
"nymoen1995",9850
"nymoen1997",9851
"ogrady2008",9852
"paton2011",9853
"palsson2003",9854
"bruce1908",9855
"cant1975",9856
"cleasbynd",9857
"js1914",9858
"coolen2011",9859
"crawford1984",9860
"dodgson1972",9861
"donaldson1958",9862
"edmondstonnd",9863
"fellowsjensen1996",9864
"greignd",9865
"stewart1987",9866
"solvara2002",9867
"waugh2005",9868
"westerdahl2004",9869
"westerdahl2004a",9870
"zoega1910",9871
"peel2009",9872
"riisoy2013",9873
"ringstad2006",9874
"ritchie1997",9875
"sanmark2011",9876
"schlyternd",9877
"barabasi1999a",9878
"freke1992",9879
"omgard1980",9880
"taebringmikkelsen1986",9881
"coggins1967",9882
"behrenlubchin1965",9883
"ystadtankbaten1976",9884
"brughmans1989",9885
"worldcatbuttler1991",9886
"cheng2006",9887
"krause2000",9888
"dress2007",9889
"fitzhugh2000a",9890
"forster2006",9891
"gen2008",9892
"graham2006",9893
"hage1991",9894
"isaksen2008",9895
"worldcatjohansen2004",9896
"klincewicz1998",9897
"worldcatkorte2006",9898
"labianca2006",9899
"lebecq2007",9900
"minoux1989",9901
"crossrefmizoguchi2009",9902
"batagelj2005",9903
"randall2001",9904
"randall1994",9905
"worldcatschofield2005",9906
"worldcatsindbaek2010",9907
"terrell2010",9908
"young2006",9909
"valente2005",9910
"vince2005",350
"bayley2007",9911
"bech2011",9912
"edwards1999",9913
"escher1976",9914
"higgins1966",9915
"ingstad1985",9916
"jackson2000",9917
"jackson1978",9918
"jordan1980",9919
"linderothwallace2006",9920
"ere2002",9921
"morgan1975",9922
"rasmussen2010",9923
"roussel1941",9924
"stonge2000",229
"burstom1993",9925
"london1990",9926
"michelmerch1972",9927
"batey1987",9928
"brown2003",9929
"buttler1989",9930
"buttler1991",9931
"crumlinpedersen1984",9932
"driscoll2002",9933
"henry1945",9934
"henry1952",9935
"hubbard1989",9936
"khvoshchinskaya2007",9937
"lane2007",9938
"maclaren1974",9939
"mann1984",9940
"may1948",9941
"mills2007",9942
"osullivan1970",9943
"pearson2001",9944
"rollason2004",9945
"santi2005",9946
"sharples2003",9947
"sidebottom2000",9948
"wallace1981",9949
"wallace1985",9950
"pirenne1938",9951
"meier2001",9952
"cabot2004",9953
"ahlen1994",9954
"collen2011",9955
"devries1961",9956
"duwel2001",9957
"eriksson1991",9958
"gelting2000",9959
"gren2003",9960
"gustavson1995",9961
"hafstrom1962",9962
"iversen2004",9963
"kallstrom2012",9964
"krovel2001",9965
"lamm2006",9966
"lindkvist1979",9967
"ljung2001",9968
"lagaboters1915",9969
"mejsholm1954",9970
"nasman2008",9971
"nelson2013",9972
"norseng1987",9973
"peterson2007",9974
"peterson2012",9975
"stahle1969",9976
"ringstad1989",9977
"ronneseth1975",9978
"selinge1980",9979
"sturluson1995",9980
"stahle1956",9981
"stahle1958",9982
"struck1990",9983
"sundqvist2016",9984
"taranger1913",9985
"vikstrand2015",9986
"vogt2010",9987
"williams1996",9988
"winberg1985",9989
"zachrisson2002a",9990
"aitchson1994",9991
"bagge1989",9992
"ballantyne1999a",9993
"bartlett1994",9994
"brink2003",9995
"brynjulfurnd",9996
"dndiplomatariumnorvegicumnd",9997
"driscoll1998",9998
"driscoll2000",9999
"flatman2010",10000
"fornsok2012",10001
"fridriksson2004a",10002
"wollett2004",10003
"damiata2005",10004
"gelling2000",10005
"gilchrist1995",10006
"glass2011",10007
"glick2005",10008
"groenewoudt2009",10009
"gustafsson2001",10010
"hebede1968",10011
"hellquist1980",10012
"henriksen2001b",10013
"higham1992",10014
"holm2009",10015
"iversen1956",10016
"kulikowski2005",10017
"larsson1995",10018
"goff1988",10019
"liebermann1913",10020
"mehler2012",10021
"moore2005",10022
"narmo1996",10023
"oosthuizen2011",10024
"rippon2004",10025
"rygh1907",10026
"samdal2008",10027
"simonsson1984",10028
"staf1935",10029
"stocking2000",10030
"vesteinsson2011",10031
"akureyri2001",10032
"vestergaard1988",10033
"warner1988",351
"widgren1986",107
"skorokhod2017",10034
"smolichev1926",10035
"stankevich1962",10036
"skorokhod2018",10037
"sytyi2006",10038
"heid2008",10039
"axboe1991",10040
"bakka1981",10041
"bursche2002",10042
"boe1923",10043
"cipolla1956",10044
"dyhrfjeldjohnsen2013",10045
"engeler1991",10046
"fonnesbechsandberg1985",10047
"fonnesbechsandberg1988",10048
"fonnesbechsandberg1989",10049
"frimannslund1966",10050
"gemici2015",10051
"graeber2011",10052
"guest2008",10053
"hagland1994",10054
"herschend1987",10055
"herschend1991",10056
"humphrey1985",10057
"ingham2004",10058
"innes1913",10059
"innes1914",10060
"kilger2015",10061
"klang2013",10062
"kallstrom2010",10063
"leeper1933",10064
"meikle1994",10065
"munch1956",10066
"munksgaard1956",10067
"naismith2012",10068
"painter2013",10069
"pare2013",10070
"rau2013",10071
"rovelli2012",10072
"ruthstrom1993",10073
"schacht1949",10074
"scull1990",10075
"steuer2013",10076
"stormndd",10077
"voss1955",10078
"wray1999",10079
"zelizer1994",10080
"zimmermann2003",10081
"ashby2012",10082
"blehr1973",10083
"clarke1988",10084
"donaldson1981",10085
"edwards1997",10086
"hunter1982",10087
"hunter1989",10088
"kjoshanssen1973",10089
"macgregor1983",10090
"meiri2013",10091
"morris1985",10092
"smirnova2005b",10093
"solazzo2011",10094
"sommer2009",10095
"sykes2011",10096
"wasser2008",10097
"biggs2014",10098
"bjordal2017",10099
"bradley1991",10100
"collis1995",10101
"dumville1977",10102
"feldman1975",10103
"fulk2014",10104
"grant1986",10105
"green1965",10106
"gutsmiedlschumann2018",10107
"gothberg2018",10108
"hall2006",10109
"heaney2001",10110
"heinertz1925",10111
"hodder1976",10112
"hardh2002",10113
"ilkjaer2001",10114
"imer2010",10115
"indrebo1932",10116
"jorpeland2018",10117
"klaeber1950",10118
"klaeber2014",10119
"lindkvist2003a",10120
"ljungkvist2017",10121
"malmros1999",10122
"malone1962",10123
"neidorf2013",10124
"neidorf2014",10125
"neidorf2017",10126
"nerman1942",10127
"niles2007",10128
"nasman1999",10129
"osborn2007",10130
"ostmo2018",10131
"pilo1993",10132
"pohl2009",10133
"rau1955",10134
"reichert1987",10135
"reichert1990",10136
"rix2015",10137
"sawyer1991",10138
"schlesinger1965",10139
"schnetz1990",10140
"scull2016",10141
"seiler2018",10142
"steuer2006",10143
"sundqvist2018",10144
"svennung1974",10145
"sorensen1982",10146
"talbot1954",10147
"taranger1934",10148
"teigen2007",10149
"wikborg2018",10150
"wolfram1971",10151
"wolfram2008",10152
"wolfram2009",10153
"wolfram2011",10154
"wood1994",10155
"wood1977",10156
"aarsleff1955",10157
"fuglesang1985b",10158
"cunliffe2002",10159
"edwards1917",10160
"espelund2013",10161
"frank1998",10162
"harding2013",10163
"harris2003",10164
"holm2005",10165
"metcalf1995",10166
"trakadas2014",10167
"tschan2002b",10168
"vosmer2014",10169
"uws2004",10170
"wray2004",10171
"ahmad2006",10172
"aikawafaure2009",10173
"ankersmit2009",10174
"ashworth2007",10175
"bender1993",10176
"bender2007",10177
"m2002",10178
"bhaskar1989",10179
"binford1962",10180
"bohm2001",10181
"bohm2008",10182
"w2006",10183
"braudel1949",10184
"braziel2003",10185
"carman2002",10186
"chakrabarty2009",10187
"cheape2009",10188
"clark1936",10189
"clark1954",10190
"crossland2005",10191
"crutzen2002",10192
"dawdy2009",10193
"dixon2005",10194
"domanska2009",10195
"domanska2010",10196
"durkheim1904",10197
"dybdahl2010",10198
"eagleton2000",10199
"edgeworth2010",10200
"t2006",10201
"flannery1973",10202
"foley2005",10203
"fraiture2010",10204
"fraiture2009",10205
"fraser2000",10206
"fraser2001",10207
"fukuyama2002",10208
"gibbon1989",10209
"grosjean2007",10210
"hacking1999",10211
"haraway2008",10212
"harman2010",10213
"harrison2009",10214
"hodder1987",10215
"hodder1999",10216
"holmberg2008",10217
"holtorf2007",10218
"holtorf2011",10219
"hyenstrand1988",10220
"jenkins2004",10221
"jong2008",10222
"kirshenblattgimblett1994",10223
"kirshenblattgimblett2004",10224
"kolen2009",10225
"kotchen2007",10226
"kristiansen2002",10227
"kurin2004",10228
"labinger2001",10229
"lakatos1973",10230
"latour1993",10231
"latour2003",10232
"latour2005h",10233
"levistrauss1962",10234
"lowenthal1985",10235
"madsen1900",10236
"mason2000",10237
"moberg1977",10238
"mullerndc",10239
"mullerndd",10240
"nilsen2003",10241
"nummedal1912",10242
"nussbaum1999",10243
"naess1973",10244
"oestigaard2004",10245
"oestigaard2007",10246
"olsen1986",10247
"olwig2001",10248
"parkerpearson2006",10249
"parkin1999",10250
"partner2009",10251
"periman2006",10252
"petersennd",10253
"pickering1993",10254
"pickering1994",10255
"piotrowski2006",10256
"pollard1998",10257
"rorty1989",10258
"rose2007",10259
"ruddiman2003",10260
"ruddiman2005",10261
"samuel1994",10262
"sanden2008",10263
"schanche1983",10264
"schwandt1994",10265
"serres1995",10266
"shanks2010",10267
"skolimowski1974",10268
"skounti2009",10269
"sloterdijk2009",10270
"smail2007",10271
"snow1959",10272
"snow1966",10273
"solli1989",10274
"spiegel2009",10275
"steinberg2002",10276
"stotz2008",10277
"svestad1995",10278
"terrill2008",10279
"todorov1993",10280
"tvedt2010",10281
"waterton2006",10282
"watson1971",10283
"weisman2007",10284
"welinder1986",10285
"white1949",10286
"white1959",10287
"willey1958",10288
"wolfe2010",10289
"zalasiewicz2008",10290
"zalasiewicz2010",10291
"blindheimnd",10292
"ka1999",10293
"ka1995",10294
"almgren1904",10295
"eibl2005",10296
"ernst1989",10297
"faull1976",10298
"zielonka1957",10299
"zydok2004",352
"bergsveinn2007",10300
"granzweig2018",10301
"harding1977",10302
"mullerwille1987",10303
"murphy2008b",10304
"pettersson1991",10305
"duwel1995",10306
"souers1937",10307
"becker1973",10308
"keay2014",10309
"evans2015",10310
"stott2018",10311
"kjaer2018",10312
"trier2019",10313
"guyot2018",10314
"rizaldy2018",10315
"colgan2012",10316
"liu2017",10317
"meng2012",10318
"jain1997",10319
"chen2014",10320
"breiman2001",10321
"belgiu2016",10322
"strobl2009",10323
"flemming2007",10324
"rosenkranz2015",10325
"vennersdorf2017",10326
"mitchell1988",10327
"vanderwalt2014",10328
"illingworth1987",10329
"cerrillocuenca2017",10330
"schubert2017",10331
"ester1996",10332
"freeland2016",10333
"trier2009",10334
"kvamme2016",10335
"verdonck2016",10336
"lewis1995",10337
"bryant1987",10338
"guisan1999",10339
"korsgaard2004",10340
"dereu2013",10341
"riley2017",10342
"knudsen2012",10343
"jakobsen2017",10344
"andersen1992",10345
"pedregosa2011",10346
"steffensen2014",10347
"marmol2004",10348
"tsai2008",10349
"andreasen2016",10350
"french2010",10351
"grieve1992",10352
"french2018",10353
"davis2019",10354
"lambers2016",10355
"traviglia2016",10356
"lambers2019",10357
"trier2016",10358
"zingman2016",10359
"verschoofvandervaart2019",10360
"zhu2006",10361
"benediktsson1997",10362
"sevara2018",10363
"fortidsminder2018",10364
"petersen2015",10365
"biermann2016",10366
"harck1986",10367
"overgaard2016",10368
"harck1990",10369
"hoy1991",10370
"wu2016",10371
"certini2013",10372
"zhang2018",10373
"silburt2019",10374
"hanson2012",10375
"cowley2012",10376
"sevara2013",10377
"jonsson2007",10378
"saxe1970",10379
"blochnakkerud1994",10380
"blom1991",10381
"christophersen1974",10382
"frostatingslovahagland1994",10383
"indrelid1988",10384
"jouttijarvi1991",10385
"loftsgarden2011",10386
"lyngstrom2009",10387
"mjaerum2007",10388
"pilo2013",10389
"pilo2012",10390
"pleiner1989",180
"bagge2008",10391
"brink2008ag",10392
"ekrem1998",10393
"evenstadnd",10394
"gundersen2016",10395
"gunnarsdottir1999",10396
"hoeg1996",10397
"hougen1930",10398
"jacobsen2005",10399
"jordhoy2007",10400
"larsen2009",10401
"magnus2005",10402
"moen1998",10403
"orning2008",10404
"ostrom1990",10405
"risbol2005",10406
"saetren2011",10407
"salvesen1969",10408
"sevatdal1985",10409
"solem2004",10410
"stenseth2005",10411
"ruralia2005",10412
"wangen2006",10413
"jorgensen1986",10414
"alsleben2009",10415
"andreasson2010",10416
"behre1976",10417
"behre1978",10418
"billing1998",10419
"bjorkman2007",10420
"eggen1991",10421
"farrar1998",10422
"fredskild1971",10423
"fruergaard2005",10424
"gleason1994",10425
"greig1996",10426
"harild2007",10427
"heimdahl2009",10428
"heimdahl2010",10429
"helbaek1958",10430
"henriksen2008",10431
"hjelmqvist1963",10432
"holmboe1927",10433
"jacomet1988",10434
"jensen1979",10435
"karg2007",10436
"karg2010",10437
"karg2012",10438
"karg2002",10439
"kirleis2011",10440
"knorzer1999",10441
"kolstrup2009",10442
"korbergrohne1987",10443
"kroll1986",10444
"kroll1987",10445
"kroll2007",10446
"lageras2003",10447
"lange1997",10448
"lundquist2006",10449
"moffett2006",10450
"moltsen2005",10451
"moltsen2009",10452
"nielsen2010",10453
"pettersson2002",10454
"ramskou1974",10455
"regnell2001",10456
"strank2008",10457
"tollin2005",10458
"vanderveen2005",10459
"stene2014",10460
"berg1983",10461
"berglund2015",10462
"bjorkbom1907",10463
"cabouret1989",10464
"emanuelsson2001",10465
"erixon1918",10466
"erixon1956",10467
"frodin1925",10468
"hellstrom1917",10469
"indrelid1994",10470
"kvamme1988",10471
"lofgren1982",10472
"marsden2005",10473
"montelius1977",10474
"nyman1952",10475
"olsson1998",10476
"prescott1995",10477
"sandnes1989",10478
"sandnes1991",10479
"schug2010",10480
"styhre2013",10481
"svensson2015",10482
"wennersten2002",10483
"whatmore2002",10484
"asc1961",10485
"baker2010",10486
"bjornskov2013",10487
"blackburn2014",10488
"blair2014",10489
"campbell1986",10490
"congleton2015",10491
"faith2014",10492
"freudenthal1944",10493
"gillingham1989",10494
"gundlach2019",10495
"hendrickson2018",10496
"hillman2019",10497
"hobbesnd",10498
"keynes1986",10499
"konrad2012",10500
"lambert2017",10501
"lawson1984",10502
"lawson2014",10503
"leeson2007",10504
"miller2014a",10505
"mostert2014",10506
"olson1965",10507
"olson2000",10508
"ormrod2000",10509
"pelteret2014a",10510
"piano2019",10511
"powell2009",10512
"salter2015",10513
"spejlborg2016",10514
"vahabi2011",10515
"vahabi2016",10516
"wareham2012",10517
"whitelock2007",10518
"yorke2014b",10519
"young2016",10520
"young2018",91
"adam1917",10521
"grammaticus1979",10522
"bruunnd",10523
"brogger1937",10524
"isleifsson2011",10525
"keegan1987",10526
"references2006",10527
"einarsson2007",10528
"rafnsson1990",10529
"rockman2010",10530
"steele2003",10531
"sigurgeirsson2013",10532
"smith2005",10533
"sveinbjarnardottir1992",10534
"vilhjalmsson1989",10535
"walter2010",10536
"thorarinsson1943",10537
"thorarinsson1977",10538
"thordarson1909",353
"lenzen2012",10539
"frachetti2017",10540
"hoffmann2002",10541
"orton2011",10542
"gohring2016",10543
"sundby2008",10544
"opdal2010",10545
"nedkvitne2016",10546
"pauly1995",10547
"jackson2001",10548
"lotze2009",10549
"nielsen2017",10550
"arndt2003",10551
"boessenkool2009",10552
"schroeder2015",10553
"kayser2011",10554
"bradbury2013",10555
"knutsen2010",10556
"selkoe2016",10557
"hutchinson2015",10558
"bradbury2010",10559
"hemmerhansen2013",10560
"sodeland2016",10561
"berg2016",10562
"kirubakaran2016",10563
"barney2017",10564
"hilberg2014f",10565
"orton2014",10566
"nielssen2016",10567
"wickler2014",10568
"ma2012",10569
"green2009",10570
"jonsson2013",10571
"pinhasi2015",10572
"prinz2007",10573
"boessenkool2017",10574
"carpenter2013",10575
"speller2012",10576
"moss2014",10577
"olafsdottir2014",10578
"grealy2016",10579
"nikulina2016",10580
"moss2016",10581
"hoffmann2004",10582
"kirkpatrick2010",10583
"hutchinson2001",10584
"arnason2015",10585
"sorheim2016",10586
"wright2006",10587
"skjaeraasen2011",10588
"barth2017",10589
"knutsen2003",10590
"jorde2007",10591
"neuenfeldt2013",10592
"nielssen2009",10593
"schmolcke2004",10594
"barrett2015",10595
"cooper2000",10596
"star2016",10597
"schubert2014",10598
"lindgreen2012",10599
"star2011",10600
"torresen2017",10601
"li2009",10602
"mckenna2010",10603
"purcell2007",10604
"korlevic2015",10605
"damgaard2015",10606
"alt1998",10607
"anz1998",10608
"arcini1991",10609
"boylstone2000",10610
"brather2009",10611
"carlsson1990",10612
"duwel1987a",10613
"ebel1987",10614
"finucane2008",10615
"floderus1927",10616
"garve2011",10617
"harke2003",10618
"hoffmann1989",10619
"kattinger1999",10620
"kjellstrom2014",10621
"kunzler1999",10622
"kyhlberg1991",10623
"kyll1964",10624
"lykiardopoulos1981",10625
"malarstedt1979",10626
"milner1991",10627
"mortagua2006",10628
"onasch1981",10629
"philpott1991",10630
"pettersson1966",10631
"molina1970",10632
"ruprecht1958",10633
"salin1952",10634
"sandholm1965",10635
"g2000",10636
"staecker1997",10637
"staecker1998",10638
"staecker2000",10639
"stewart1944",10640
"stewart1946",10641
"svahnstrom1984",10642
"thunmarknylen2004",10643
"taylor2008",10644
"vukovic2009",10645
"westholm1989",10646
"wilke1931",10647
"wilson1992",10648
"yrwing1992",10649
"yrwing1994",10650
"zipp2010",10651
"abels2003",10652
"ager2008",10653
"valante1998",10654
"naismith1995",10655
"danecek2011",10656
"adams1981",10657
"ayres1985",10658
"barnosky2004",10659
"binford1997",10660
"brandner1998",10661
"catton1980",10662
"cooke1931",10663
"culbert1988",10664
"dalan1997",10665
"dalton2000",10666
"diamond1968",10667
"flenley2002",10668
"flenley1984",10669
"hughes1975",10670
"jacobsen1958",10671
"jevonsnda",10672
"kirch1984",10673
"lopinot1985",10674
"mccoy1976",10675
"malthusnd",10676
"meggers1954",10677
"milner1990",10678
"mulloy1970",10679
"phillips1979",10680
"ponting1985",10681
"rees2004",10682
"rescher1978",10683
"sanders1962",10684
"sanders1963",10685
"sheets1999",10686
"steadman1989",10687
"steadman1995",10688
"steadman1994",10689
"tainter2000",10690
"turner1974",10691
"vanandel1990",10692
"vantilburg1994",10693
"banfield1974",10694
"m1962",10695
"cleland1973",10696
"corbeil2000",10697
"fitzhugh1994",10698
"harp1975",10699
"laeyendecker1993",10700
"laver1983",10701
"lee1968",10702
"maryrousseliere2002",10703
"mccartney1973",10704
"meldgaard1962",10705
"myrvoll1985",10706
"odess2000",10707
"bstergard1948",10708
"park1951",10709
"plumet1982",10710
"ellesmere2000",272
"brandt2012",10711
"hardt2003",10712
"kramer1984",10713
"schwank2013",10714
"blackburn1986",10715
"kershaw2023",10716
"redknap2003",10717
"wallace2015",10718
"reuter1992",10719
"redknap2009",10720
"blackburn2006",10721
"agersnaplarsen2011",10722
"schovsbo2013",10723
"felixnd",10724
"aspeborg2005",10725
"birddavid1999",10726
"bullough1983",10727
"burnell1999",10728
"cannon1989",10729
"chandler2010",10730
"effros1997",10731
"einsenschmidt2004",10732
"gibbon2007",10733
"halsall1995a",10734
"hamilton2006",10735
"harvey2006",10736
"thorlaksson1978",10737
"gestsdottir1998",10738
"innes2000",10739
"jochens1999",10740
"lastovicka2013",10741
"marshall1950",10742
"patterson1982",10743
"prothero2002",10744
"radin1986",10745
"shapland2012",10746
"steinunnkristjansdottir2004",10747
"stocker1993",10748
"stromback1975",10749
"zugaiar2012",10750
"geolog1947",10751
"hagberg1967",10752
"hagberg1961",10753
"holmberg1969",10754
"lamm1995",10755
"hamilton2007",10756
"hamilton1996",10757
"hamilton2008",10758
"karlsson2005",10759
"olson2004",10760
"wernerson1996",10761
"annuswer2003",10762
"annuswer2007",10763
"annuswer2002",10764
"arrhenius2011a",10765
"jorpeland2008",10766
"jorpeland2003",10767
"brereton1987",10768
"brink1987",10769
"calissendorff1966",10770
"capelle1995",10771
"carlie2009",10772
"damell2007",10773
"eliade1991",10774
"ericsson2008",10775
"fritsch2004",10776
"hedblom1958",10777
"hedman1989",10778
"holmqvist1980",10779
"hultgard1996",10780
"karlenby2007",10781
"karlsson2007",10782
"lindkvist2007",10783
"lindqvist1910",10784
"lindstromnd",10785
"hansen2011",10786
"lundholm1947",10787
"nordberg2011",10788
"nordberg2008",10789
"olsson1993",10790
"petre2011",10791
"schovsbo1987",10792
"stjernquist1962",10793
"stjernquist1967",10794
"stahle1946",10795
"vonsydow1978",10796
"wessen1923",10797
"victor2005",10798
"widengren1969",10799
"vikstrand2011",10800
"zachrisson2009a",10801
"orsnes1964",354
"ehrlich1968",125
"ambrosiani1957",10802
"arnbrosiani1981",10803
"arbmann1940",10804
"backstom2008",10805
"backstrom2003",10806
"bengtzon2001",10807
"booth2008",10808
"floden1993",10809
"friberg1998",10810
"harim2003",10811
"henkel2004",10812
"holmquistolausson1982",10813
"hyenstrand1991",10814
"icomos1993",10815
"kristiansson1996",10816
"lindqvist1928",10817
"linford2010",10818
"lyatski2004",10819
"masters1998",10820
"mellinnd",10821
"nerman1918",10822
"olsson2006",10823
"riksantikvarieambetet2007",10824
"stavrum1997",10825
"stolpende",10826
"trinks2012",10827
"trotzig1993",10828
"wahlander1998",10829
"wedmark1999",10830
"fridriksson2015",10831
"kershaw2015",10832
"magnus2009",10833
"hart1995",355
"brodersen1967",10834
"eksnd",10835
"nielsenadamsen1991",10836
"feveile1948",10837
"beretninger1997",10838
"andersen1943",10839
"andersenklindtjensennielsen1970",10840
"nielsen1943",10841
"christensen1982",10842
"lindqvist1920",10843
"beretningved1998",10844
"madsen1994",10845
"orsneschristensen1955",10846
"albrectsen1951",10847
"ottaway2004",10848
"adamsen2003",10849
"albrethsen2003",10850
"andersen1970",10851
"axboe1989",10852
"baeksted1972",10853
"christensen1928",10854
"christoffersen1987",10855
"cosack2005",10856
"ethelberg1986",10857
"grambo1999",10858
"hansen2009",10859
"hansen1995",10860
"hultgard1999",10861
"hoj2004",10862
"jennbert2002a",10863
"jensen1998",10864
"lindqvist1921",10865
"lyngstrom1989",10866
"neergaardnd",10867
"nerman1917",10868
"ravn1989",10869
"ravn2008",10870
"sparrevohn2007",10871
"steinsland2000",10872
"stoumann2009",10873
"ulriksen1999",10874
"orsnes1988",10875
"sparrevohn2006",10876
"sorensen1998",10877
"sorensen1993",10878
"arcini1999",10879
"beckra2007",10880
"bolender2007",10881
"bolender2010",10882
"braudel1972",10883
"braudel1980",10884
"bynum1995",10885
"chesson2001",10886
"daniell1997",10887
"frioriksson2001",10888
"geake1995",10889
"gejvall1960",10890
"gestsdottir2014",10891
"gilchrist2015",10892
"hadley2010",10893
"halvorsen2008",10894
"harding2005",10895
"joyce2001",10896
"karlsson2004",10897
"mejsholm2008",10898
"meskell1998",10899
"meskell2001",10900
"thorlaksson2005",10901
"rindal1996",10902
"scott2011",10903
"sellevold2004",10904
"sellevold2008",10905
"sewell2005",10906
"sewell1996",10907
"sigurosson2003",10908
"sigurosson2014",10909
"stefansson1975",10910
"stefansson1978",10911
"steffensen1943",10912
"steinberg2016",10913
"sveinbjarnardottir2001",10914
"tsaliki2008",10915
"vilhjalmsson1995",10916
"zadorario2003",10917
"zoega2014",10918
"zoega2015",10919
"zoega2007",10920
"zori2007",10921
"beckerchristensen1981",10922
"belford2017",10923
"dobat2005",10924
"dorey1969",10925
"ethelberg2012",10926
"ethelberg2017",10927
"gudeman1900",10928
"harck1998",10929
"haseloff1937",10930
"kramer1992",10931
"kramer1995",10932
"madsen2008",10933
"maluck2017",10934
"maluck2016",10935
"muller1903",10936
"nunn2009",10937
"schindel1999",10938
"spring2015",10939
"witte2018",10940
"ambrosiani2003",10941
"arrhenius1978",10942
"berthelon2007",10943
"boytrup2013",10944
"danielsson1973",10945
"glover2003",10946
"culture1985",10947
"kingnd",10948
"malmer2010",10949
"mikkelsen2012",10950
"negmatov1999",10951
"nicholson2000",10952
"noonan1990",10953
"rezakhani2010",10954
"schumann2011",10955
"trotzig1969",10956
"witte2017",10957
"vangennep1960a",10958
"thorgilsson2006",10959
"aschehougnd",10960
"benderjorgensen1999",10961
"bjorgo2005",10962
"bjorgo1992",10963
"harrington2008",10964
"kaland1979",10965
"lonning1976",10966
"mortensen1994",10967
"mortensen1997",10968
"martensen2006",10969
"ramstad1981",10970
"tveiten2011",10971
"warburg1974",10972
"oye1986",10973
"oye2010",10974
"beckerlfred1973",10975
"rdh2007",10976
"hauckarl1970",10977
"bertil2004",10978
"hel2011",10979
"herschendrands1996",10980
"er2001",10981
"lars2015",10982
"lars2012",10983
"lars1998",10984
"lars2004",10985
"erle1994",10986
"vist1925",10987
"edith1966",10988
"martensir1988",10989
"sig2011",10990
"bernhard1913",10991
"von2000",10992
"derberg2005",10993
"stephenseorgend",10994
"sund2002",10995
"thunarknlnlena2006",10996
"klevnas2007",10997
"rundkvist2007",10998
"rundkvist2006",10999
"randers1981",11000
"ramstad2011",11001
"roesdahl1978",356
"beckmanthoor2002",11002
"bolin1999",11003
"damell1971",11004
"damell1999",11005
"damell2000",11006
"dybecknd",11007
"florin1963",11008
"forssander1933",11009
"gumaeliusnd",11010
"gothberg1998",11011
"hammar1983",11012
"hauptmanwahlgren2002",11013
"jensen1997",11014
"jonsson1986",11015
"lindqvist1912",11016
"oldeberg1974",11017
"schnell1963",11018
"sundqvist1993",11019
"vonsydow1926",11020
"thedeen2003",11021
"wahlfisknd",11022
"welinder1990",11023
"weiler1999",11024
"wigren1987",357
"bjelland2006",11025
"carty2005",11026
"jansson1962",11027
"jeffrey2005",11028
"kitzlerahfeldt2002",11029
"kitzlerahfeldt2008",11030
"kitzlerahfeldt2009",11031
"manneke1984",11032
"mahl1990",11033
"oehrl2008",11034
"sileniuslarsen2009",11035
"snaedal2002",11036
"snaedal2005",11037
"walderhaug1998",11038
"widerstrom2002",11039
"bildsteine1941",305
"dating2006",304
"andreeff2012a",11040
"backdanielsson2009",11041
"goldhahn2008",11042
"hoilundnielsen2009",11043
"lindgren2008",11044
"oestigaard2013",11045
"thate2009",11046
"thedeen2010",11047
"wessman2007",11048
"jefrey2005",11049
"clarke2001",11050
"dietler1996",11051
"erlendsson2009",11052
"gestsdottir2001",11053
"ottir1989",11054
"olafsson1979",11055
"palsdottir2008",11056
"rosenswig2007",11057
"roussell1943",11058
"stenberger1943",11059
"wiessner2001",11060
"samnordiskruntextdatabas2005",11061
"andersson2013",11062
"baug2007",11063
"belmont2011",11064
"bjorck2009",11065
"drobin1986",11066
"ek1993",11067
"elfwendahl2001",11068
"elfwendahl1993",11069
"gumaeliusnda",11070
"hallgren2004",11071
"hallgren2005",11072
"hansson1997",11073
"hedblom1996",11074
"hermodsson2009",11075
"junkelmann1997",11076
"kresten1996",11077
"kresten1998",11078
"kresten1994",11079
"lamm2008",11080
"lantmateriet2013",11081
"larsson2012",11082
"lindalv1980",11083
"lundhansen2011",11084
"lothman2004",11085
"mellquistdanielson2011",11086
"myrdal2003",11087
"nilsson1988",11088
"olausson2000",11089
"persson1997",11090
"pettersson1977",11091
"pettersson1980",11092
"rinnman2013",11093
"zachrisson2013",11094
"kermode1907",242
"bratt2011",11095
"eilersgaardchristensen2011",11096
"berg1968",11097
"berglund1991",11098
"bertelsen1979",11099
"bertelsen1995",11100
"bertelsen2005a",11101
"boserup1965",11102
"boserup1981",11103
"brush1987",11104
"vries1974",11105
"hasund1919",11106
"hasund1924",11107
"helle1995",11108
"holm1995",11109
"holm2005a",11110
"holmsen1961",11111
"holmsen1940",11112
"iversen1997",11113
"jirlow1970",11114
"lerche1994",11115
"lunden2004",11116
"martens2009",11117
"munch1966",11118
"myrdal1985",11119
"stockholm1997",11120
"myrdal1999",11121
"orrman2003",11122
"porsmose1981",11123
"porsmose1987",11124
"ramskou1981",11125
"ramskou1975",11126
"sandnes1978",11127
"schmidtsabo2001",11128
"schmidtsabo2005",11129
"steensberg1956",11130
"svartkristiansen2005",11131
"svartkristiansen2006",11132
"valensendstad1964",11133
"oye2003",11134
"oye2005",11135
"bergen2011",11136
"zachrisson2006",11137
"bergstol2003",11138
"villages1968",11139
"amorosi1996",11140
"andersen1997",11141
"arneborg1993",11142
"christiansen1997",11143
"degerbol1929",11144
"degerbol1936",11145
"degerbol1941",11146
"andrew2009",11147
"einarsson1984",11148
"einarssonbjarni2011",11149
"gardarsdottir2008",11150
"gerstenberger1997",11151
"guy2010",11152
"gwiazda2005",11153
"johannesson1946",11154
"jonsson1930",11155
"kamenov2008",11156
"krahl2010",11157
"ljungqvist2005",11158
"mcgovern2001",11159
"miksic2013",11160
"norlund1930",11161
"oomen2002",11162
"outridge2003",11163
"palsdottir2010",11164
"robinson2004",11165
"roussell1936",11166
"seaver2009",11167
"sinclair2007",11168
"smiarowski2009",11169
"smiarowski2013",11170
"stefansson1993",11171
"sveinbjornsdottir2004",11172
"whitehouse1998",11173
"borsheim2001",11174
"clover1986",11175
"coleman2014",11176
"conkey1984",11177
"gero1991",11178
"hofseth1999",11179
"heernes1984",11180
"jochens2002",11181
"kershaw1989",11182
"laqueur1990",11183
"mortensen2004",11184
"mundal2014",11185
"njalssoga1975",11186
"riisoy2016",11187
"sanmark2014",11188
"sigurdardottir2002",11189
"sigurdsson2010",11190
"jorgensen1997a",11191
"zachrisson2004a",11192
"cluniesross1998",11193
"ryan1987",11194
"wilson1955b",11195
"mulk1997",11196
"jons1997a",11197
"thunmarknylen2006a",11198
"ljungkvist2011a",197
"ulriksen2011a",11199
"robberstad1937",11200
"hagland1978",11201
"dyrhaug1981",11202
"rigsantikvarensarkaeologiskesekretariat1987",11203
"suchodolski2002",11204
"bulska1996",295
"dennis1980a",11205
"killock2008",75
"murphy2008",11206
"goody1986",11207
"christensenetal1992",11208
"hungrvaka2002",11209
"kjalnesingasaga1959",11210
"gulathinglaw1994",11211
"ibnfadlan2012",11212
"price2006c",11213
"pricemortimer2014",11214
"neiss2007",236
"askvikresi1984",11215
"waterbolk1990",11216
"kalmring2010f",11217
"kalmring2010g",11218
"tomasson1996",11219
"simek2006",11220
"westerdahl2010",11221
"strinngolm2007",11222
"christensen1991b",11223
"larsensorensen2005",11224
"andersenetal1985",11225
"sikora2013",11226
"eriksenetal2009",11227
"hafsaas2007",11228
"esverwers1980",11229
"gerrets2012",11230
"skre2007b",11231
"egebjerghansen1992",11232
"egilssaga1888",11233
"edvardsson2005b",11234
"edvardssonmcgovern2007",11235
"macgregoretal1999",11236
"magery1958",11237
"magnusson1886",11238
"alenstampetersson1952",11239
"baastruppetersen2010",11240
"baastrup1990",11241
"petersen1940a",11242
"jensenmoller2009",11243
"wilson1960b",11244
"nielsen2002b",11245
"boguckijagodzinski2012",104
"kulakov2005",11246
"kleemann1939b",11247
"stankus1995b",300
"forssander1943",11248
"feveile2006a",11249
"riddersporre1989",11250
"andersen2009a",191
"fidjestol1994a",11251
"gurevich1963",11252
"thunmarknylen1995a",11253
"junker2003a",11254
"kulakov1994a",259
"capelle2003a",11255
"ambrosiani1996a",11256
"plather2011",11257
"ljungkvist2008a",11258
"steuer2002a",11259
"pedersen2014a",11260
"zachrisson2009",11261
"wessen1940",11262
"skre2013",11263
"billig1995a",11264
"hate1996",207
"feveile2010a",264
"paterson2002",11265
"reimer2013a",120
"stamsomunch1970",11266
"skibstedklaesoe1999",209
"segschneider2016",11267
"myrberg2008a",11268
"hammarberg1989",11269
"harrison2014a",11270
"simms1998",11271
"leciejewicz1962",11272
"leciejewicz1979",105
"riabinin1994a",299
"ostigard1985",11273
"solberg1985a",11274
"zachrisson2011a",11275
"zachrisson2012a",11276
"thorarinsson1981",11277
"jankowiak2012",274
"larsson2004a",11278
"orton1993",11279
"jones2003a",11280
"warmind1995a",11281
"christensen1983a",11282
"boivin2000",11283
"vanhouts1999",11284
"sofaerderevenski2000a",277
"tringham1994",273
"brinchpetersen2006",11285
"harck1997",11286
"ahlinsundman2012",166
"adamofbremen1959",11287
"sawyer2006",257
"dersarkissian2013",11288
"mulk1991",11289
"kitzlerahfeldt2012",172
"stummannhansen2003",11290
"price2008b",11291
"smallwood2007",11292
"downham2017",11293
"braconi2005",11294
"hadley2016a",11295
"worldhealthorganization2018",11296
"addyman1969",11297
"addyman1972",11298
"ballinsmith1994",11299
"wallerstrom1997",11300
"ostmo2000",11301
"fridriksdottir1991",11302
"brondsted1962",152
"adamsgilmour2010",67
"baeksted1952",11303
"snaedalbrink1984",11304
"morris1892",11305
"grandtnielsen1974",11306
"norgardjorgensen2011",11307
"latour1984",11308
"ofloinn2001",11309
"birkedahlchristensen1924",11310
"henriksen1982",11311
"rispling2000",11312
"mollerhansen2000",11313
"roesdahl1986",11314
"wamers1997a",11315
"back1963",11316
"helgesson1987",11317
"jorgensen1980",11318
"jorgensen1980a",11319
"wilson1960a",11320
"brondsted1924a",11321
"christiansen1948",11322
"christensen1992a",11323
"klaesoe1994",11324
"klaesoe1995",11325
"klaesoe2002",11326
"kleingartner2010",11327
"mullerwille2005",11328
"odell1959",11329
"schulke1992",11330
"sindbaek2012a",11331
"steuer2010",11332
"lundhansen1987",11333
"vraengmosejensen2008",11334
"mullerwille1978a",11335
"ocorrain2001",11336
"norderang2004a",11337
"denooy2005",11338
"snorristurluson1964",11339
"larsson1873",11340
"carroll2014",11341
"coleman2014a",11342
"henriksen2013a",11343
"leahy1997a",11344
"fischer2008a",11345
"arents2010a",11346
"voncarnapbornheim2007a",11347
"christensen1991a",11348
"jacobsen1942a",11349
"ambrosiani1994a",11350
"holmquist2015",11351
"jeppesen1988",11352
"risberg1997",11353
"vickers1975",169
"hardh2001a",11354
"nielsen1999",11355
"iaea2006",11356
"fagerlund1993a",329
"hammarberg1976",11357
"gansum1998",302
"andersen1970a",11358
"englert2009",11359
"ambrose1999",123
"robinson2006",11360
"norrman2008a",11361
"karnell2012a",11362
"jansson2007",11363
"macane2001",11364
"vonamira1933",11365
"pestell2003",11366
"hanks1989",11367
"knappett2008a",11368
"rhiel1996",11369
"dahlback1984",11370
"lundqvist1997a",11371
"jensen1995",11372
"faulkes1998",11373
"ingold1988",11374
"pahlsson1984",11375
"hauksson1972",11376
"roberts2005",11377
"bjorklund2015",11378
"bjorklund2014",11379
"ilumae2016",11380
"zoega2013",11381
"mauritsen1982",287
"richards2000a",11382
"gunther2015",11383
"blifeld1977a",327
"hellesolesen1992a",11384
"snorristurluson1997",11385
"rcahms2011",11386
"mullermertens1999",11387
"grahamcampbell1995a",291
"rogerson1995",11388
"wademartins1980",11389
"williams1979",11390
"emery2007a",11391
"hall1989a",11392
"dodd2003",11393
"cunliffe1977",11394
"audouy2009",11395
"king1978",11396
"carver1978",11397
"coggins1983",11398
"tylor2005",11399
"carver1981",11400
"mahony1982",11401
"gardiner1990",11402
"rogerson1984a",11403
"hurst1983",11404
"dalwood1992",11405
"mainman2000a",11406
"loveluck2007a",11407
"gould1967",82
"schoknecht1977a",11408
"herrmann2005a",11409
"andersson1994",11410
"tacitus1999a",11411
"jorgensen2009a",11412
"lundborg2006a",173
"lynnerup2014a",11413
"price2005a",11414
"skre2011c",276
"ahlback1990",11415
"hansen1979",11416
"andren1957",11417
"anglert1993",11418
"asad1993",11419
"backdanielsson1999",11420
"bergner1987",11421
"beskow1964",11422
"bostrem1995",11423
"dentz2000",11424
"dillman1997",11425
"duczko1993",11426
"edsman1967",11427
"eisenhofer1950",11428
"fehn1958",11429
"gallen1957",11430
"gjerlow1960",11431
"helander1974",11432
"helander1993",11433
"holmberg1991",11434
"hultgard1992",11435
"tregren1989",11436
"jansson1998",11437
"arkeologisk1981",11438
"holmbick1933",11439
"johansson1965",11440
"olsen1993",11441
"klackenberg1992",11442
"kousgardsorensen1989",11443
"lindgren1987",11444
"molland1976",11445
"nilsson1987",11446
"norberg1958",11447
"nasstrem1996",11448
"rentzhog1987",11449
"smith1987",11450
"steinsland1986",11451
"steinsland1998",11452
"strembick1935",11453
"sundqvist1998",11454
"sverdrup1942",11455
"sederberg2001",11456
"ullen1983",11457
"wessen1929",11458
"miiller1991",11459
"wikman1957",11460
"devries1970",358
"fran2006",11461
"arwillnordbladh2005",11462
"fernstal2004",11463
"grislund2002",11464
"grislund2005",11465
"gustavson2000",11466
"vanhouts2001",11467
"lykke2003",11468
"mckinnell2003",11469
"vonmiiller1956",11470
"sundgvist1998",11471
"sundqvist2005",11472
"ortnamnslexikon2003",11473
"sorlin2001",11474
"widmark1995",11475
"barndon1995",11476
"bjornstad2003",11477
"burford1972",11478
"brelstord1949",11479
"brown1995",11480
"childs1991",11481
"childs2005",11482
"cline1937",11483
"davidson1982",11484
"delcourt1957",11485
"dommasnes1997",11486
"englund1999",11487
"espclund2004",11488
"forbe1969",11489
"janson1969",11490
"gjeerdcr1949",11491
"jacobsen2003",11492
"hermundstad1995",11493
"hesio1984",11494
"hines2003",11495
"kriger1999",11496
"maret1980",11497
"marte2002",11498
"mcnaughton1988",11499
"miillerwille1977",11500
"nodanskog2003",11501
"odner1969",11502
"pleiner1969",11503
"raudvere2004",11504
"oldeberg1943",11505
"randers1988",11506
"reid1995",11507
"roesdal1980",11508
"rundberget2002",11509
"sasson1983",11510
"schmidt1997",11511
"sjolsvold1949",11512
"stigum1971",11513
"tveiten2005",11514
"todnem1999",11515
"vannoten1972",11516
"wertime1980",11517
"anonym1901",11518
"arne1905",11519
"artelius1993",11520
"artelius2003",11521
"barraud1994",11522
"berger1966",11523
"birkeli1938",11524
"colpe1987",11525
"connelid1993",11526
"furingsten1986",11527
"geels1985",11528
"grislund2001",11529
"hansson1998",11530
"koepping1987",11531
"moberg1950",11532
"nyalssaga1981",11533
"nyalssaga2002",11534
"webernd",11535
"selinge1986",11536
"shepherd1987",11537
"stremberg1993",11538
"sarlvik1976",11539
"trotzig2000",11540
"turner1982",11541
"almgren1900",11542
"1919",11543
"birkeli1944",11544
"levistrauss1952",11545
"sahlstrem1951",11546
"selinge1997",283
"kristiansen1984",286
"armstrong1917",11547
"batey1988",11548
"fowler1963",11549
"freke2002",11550
"hudson1998",11551
"jones1971",11552
"kermode1994",11553
"kruse2017",11554
"laing1987",11555
"g1983",11556
"megaw1938",11557
"miller1999",11558
"morris1980",11559
"muhr2002",11560
"corrain2008",11561
"olsen1954",11562
"oriordain1973",11563
"riordain1949",11564
"rhysnd",255
"abbott2008",11565
"horizon2008",11566
"andersen1994",11567
"andren2012",11568
"arrhenius2013",11569
"axboe1999",11570
"axboe2001",11571
"axboe2005",11572
"baillie1994",11573
"baillie1995",11574
"baillie1997",11575
"baillie1999",11576
"baillie2001",11577
"baillie2006",11578
"baillie2008",11579
"baillie2010",11580
"barbante2012",11581
"barnish1992",11582
"behre1996",11583
"berglund1996",11584
"bernhardsson2007",11585
"bork1998",11586
"bosley1989",11587
"briffa1990",11588
"briffa1992",11589
"buckland1997",11590
"doreler1992",11591
"doreler2012",11592
"dull2001",11593
"dull2010",11594
"eggum2007",11595
"fehr2011",11596
"gelling1969",11597
"graslund2009",11598
"grattan2007",11599
"grudd2006",11600
"grudd2002",11601
"gunnel2013",11602
"vulnerabilityhalsall2003",11603
"jansen2000",11604
"kaul2004",11605
"keys1999",11606
"kutterolf2008",11607
"lowenborg2010",11608
"nasman2012",11609
"nerman1963",11610
"oppenheimer2011",11611
"pentikainen1989",11612
"rampino1988",11613
"rigby2004",11614
"salzer2007",11615
"stenberger1933",11616
"stenberger1955",11617
"stothers1984",11618
"stothers1983",11619
"textor2003",11620
"torrence2002",11621
"traufetter2004",11622
"vervruggen1996",11623
"vitaliano1968",11624
"welinder1975",11625
"wylie1989",11626
"vulnerabilityzachrisson2010",11627
"zerefos2007",332
"kuhl1999",317
"harris2006a",11628
"harris2006b",11629
"kintigh2014a",11630
"jensen1993a",11631
"jensen1993b",11632
"petersen1993a",11633
"petersen1993b",11634
"petersen1993c",11635
"mullerwille2001a",11636
"mullerwille2004b",11637
"price2012b",11638
"thomas2000b",11639
"thomas2008c",11640
"ambrose1993a",11641
"ambrose1993b",11642
"barrett2004a",11643
"barrett2004b",11644
"barrett2004c",11645
"barrett2004d",11646
"price2010a",11647
"barrett2008a",11648
"solli2002a",33
"price2002a",11649
"lund2013a",11650
"sorensen2001a",11651
"duczko2004a",11652
"gustin2004a",11653
"helms1993a",11654
"price2016a",11655
"svanberg2003a",11656
"zachrisson1994a",11657
"bradley2000a",11658
"byock2001a",11659
"hedenstiernajonson2006a",11660
"jorgensen2003a",11661
"linderholm2008a",11662
"montgomery2003a",11663
"olsen2003a",114
"arwillnordbladh2007a",11664
"gansum2004a",11665
"hodges2012a",11666
"nielsen1997a",11667
"zachrisson2004b",11668
"arwillnordbladh1998a",11669
"christensen1991c",11670
"christensen2015a",11671
"dobat2008a",51
"fabech1998b",11672
"gansum2004b",251
"hedeager1992a",11673
"kleiminger1993a",11674
"loveluck2006a",11675
"lund2008a",11676
"mcnicol1997a",11677
"norlund1948a",146
"pedersen2010a",11678
"arne1932a",11679
"baastrup2012a",11680
"barrett2008b",11681
"budd2000a",11682
"downham2007a",11683
"franklin1996a",316
"gardela2011a",11684
"geary1994a",11685
"gosden1998a",59
"grahamcampbell2001a",11686
"graslund2001a",11687
"hardh1976a",133
"hedeager1999a",11688
"hedeager1999b",11689
"jansson1984a",11690
"jesch2015a",11691
"jorgensen2008a",11692
"simpson2005a",11693
"skre2008a",11694
"williams2011a",11695
"wilson2008a",11696
"andersen1995a",11697
"artelius2013a",11698
"ashby2011a",11699
"barrett2007a",11700
"bergstol2004a",11701
"biddle2001a",11702
"biddle1992a",11703
"bill2013a",11704
"bradley2003a",11705
"brink2004a",11706
"buko2008a",11707
"carver1998a",12
"chenery2014a",11708
"christensen2010a",11709
"christensen2010b",11710
"christensen1991d",11711
"duczko1985a",11712
"faure1986a",11713
"foote1970a",11714
"gardela2012a",142
"gardela2009a",11715
"geijer1938a",11716
"graslund1992a",11717
"hadley2002a",11718
"hedeager2005a",11719
"hillerdal2009a",11720
"hines1997a",11721
"iversen2007a",321
"jorgensen2014a",11722
"kilger2008a",11723
"krogh2007a",11724
"kyhlberg1980a",308
"larsson2009a",11725
"leslie2015a",11726
"lonnroth1997a",11727
"milek2012a",11728
"montgomery2006a",11729
"nasman2003a",281
"naumann2014a",11730
"nilsson2003a",11731
"nylen1994a",11732
"olsen2012a",11733
"pedersen2003a",11734
"pedersen1996a",11735
"pedersen1999",11736
"pilo2018a",11737
"price2019b",49
"price2013a",11738
"price1989",11739
"raffield2016b",11740
"richards2003a",11741
"richards2002a",117
"roesdahl2006a",11742
"rundkvist2008a",103
"sawyer1992a",11743
"scudder2000a",11744
"skre2007a",11745
"solli1999a",11746
"stylegar2007a",11747
"stylegar2005a",11748
"thomas1996a",11749
"trinks2007a",11750
"williams2016a",11751
"williams2003a",11752
"wilson2008b",11753
"adams2004a",11754
"alberti2009a",24
"ambrosiani2002a",11755
"amundsen2015a",11756
"andersen1998a",11757
"andersson2004a",11758
"arbman1980a",11759
"ashby2014a",11760
"bakka1993a",11761
"bradley2003b",11762
"brink1998a",11763
"brink1996a",11764
"brink2005a",11765
"brogger1916a",11766
"bryant1996a",11767
"buckley2010a",11768
"callanan2013a",79
"callmer2008a",11769
"callmer1984a",11770
"callmer2001a",11771
"carver1992a",11772
"christensen2008a",11773
"christensen2007a",11774
"clark2007a",306
"crawford1987a",11775
"degerbol1948a",11776
"dickinson1992a",41
"drescher1983a",235
"duczko1997a",11777
"edgren1995a",134
"einarsson1994a",11778
"eriksen2015a",69
"fabech1991a",11779
"fabech1995a",11780
"fabech1992a",21
"fahlander2008a",11
"forster2004a",11781
"frei2009a",11782
"frolund2007a",314
"gansum2004c",27
"glorstad2008a",11783
"glosecki1989a",11784
"grahamcampbell2011a",11785
"graslund2007a",11786
"graslund1992b",71
"graslund2004a",313
"green1998a",11787
"grimes2013a",11788
"gustin2004b",240
"hagg1984a",11789
"hall2014a",11790
"hall2004a",11791
"hardh2007a",11792
"harke1997a",11793
"harrison2008a",11794
"hauck1977a",11795
"hedegaard2007a",11796
"hedenstiernajonson2006b",11797
"helgason2000a",11798
"hilberg2010a",11799
"jakobsson2003a",318
"jankuhn1937a",106
"jansson1984b",1
"johansen1973a",11800
"jones2012a",11801
"jones2008a",54
"jorgensen2003b",11802
"jorgensen1988a",11803
"jorgensen2002a",160
"kaland1995a",11804
"kiefferolsen1993a",11805
"kilger2008b",11806
"klindtjensen1975a",11807
"kyhlberg1980b",11808
"larsen2004a",11809
"larsson1997a",11810
"lee2008a",11811
"li2010a",11812
"lie1991a",65
"ljungberg1938a",11813
"lucas2008a",11814
"macphail2003a",11815
"macphail2007a",11816
"madsen1991a",204
"malmer1966a",11817
"mannering2010a",11818
"marold2012a",293
"melchior2008a",11819
"muller2003a",11820
"mullerwille1977a",11821
"myhre1992a",11822
"myhre2003a",11823
"myhre2003b",11824
"myhre1994a",296
"myrberg2008b",11825
"nasstrom2001a",11826
"nelson2012a",11827
"nelson1991a",11828
"nielsen1986a",11829
"nielsen1991a",11830
"olsen2003b",11831
"olsen2000a",310
"pedersen2008a",11832
"pedersen2006a",11833
"petersen1951a",11834
"petersen2005a",262
"price2000a",131
"price1985a",246
"quast2009a",38
"roesdahl2014a",11835
"roesdahl1977a",11836
"roslund2010a",11837
"rundkvist2010a",11838
"rundkvist2003a",11839
"samson1991b",144
"sanmark2010a",31
"sawyer1050",11840
"sawyer1962a",188
"schneider2015a",110
"semple2013a",11841
"sindbaek2012b",11842
"skre2007c",11843
"skre2007d",178
"skre2007e",11844
"soderberg2000a",320
"sorensen1997a",63
"speake1980a",161
"storli2006a",11845
"thomas2012a",11846
"vesteinsson2004a",260
"warnke1992a",243
"wawn2000a",11847
"white2000a",156
"williams2015a",11848
"williams2005a",17
"williams2005b",214
"williams2001a",11849
"williams2004a",11850
"zachrisson2004c",11851
"zachrisson1997a",11852
"zachrisson1984a",11853
"zachrisson2010a",11854
"zachrisson2003a",74
"larsen2001t",30
"akerstromhougen1981a",11855
"alenius2011a",221
"ambrose1993c",139
"ambrosiani1984a",11856
"ambrosiani1985a",11857
"ambrosiani1991a",11858
"amundsen2001a",11859
"andersen1995b",268
"andersen1995c",11860
"andersen1991a",11861
"andersen2010a",11862
"andersen1984a",11863
"anderson1907a",108
"andersson2008a",11864
"andersson1998a",11865
"andersson1995a",11866
"andersson2011a",64
"andersson2005a",11867
"andersson2005b",11868
"andersson1999a",11869
"andersson2003a",11870
"andersson2007a",11871
"andersson2000a",11872
"andersson2000b",11873
"andersson2006a",11874
"andren2004a",11875
"andren1997a",11876
"andren2006",11877
"androshchuk2012a",11878
"anglert2006a",11879
"arne1932b",11880
"arneborg2000a",11881
"arrhenius1985a",11882
"arrhenius1997a",11883
"arrhenius1997b",11884
"arrhenius1995a",11885
"arrhenius1973a",11886
"artelius1999a",11887
"artelius1999b",58
"arwidsson1942a",11888
"ashby2013a",8
"backdanielsson2010a",11889
"bakka1971a",11890
"bakka1973a",11891
"bakka1976a",84
"barndon2005b",11892
"barrett2003a",11893
"bately2007a",11894
"bately2007b",11895
"batey1993a",11896
"bayley2008a",11897
"bekpedersen2009a",11898
"benderjorgensen1987a",254
"benderjorgensen1995a",244
"bergstol2008a",11899
"besteman2004a",148
"blake1962a",11900
"bogucki2007a",11901
"bradley1993a",111
"bradley1990a",150
"brather2012a",174
"brink1992a",11902
"brink2012a",11903
"brink2012b",170
"brink2007a",2
"brink2013a",11904
"brink1999a",11905
"brink1990a",37
"brogger1917a",11906
"brogger1917b",11907
"brogger1945a",11908
"bruck2006a",11909
"brunstedt1996a",11910
"buckland1990a",11911
"buckland2008a",11912
"budd2004a",11913
"callmer1992a",11914
"callmer1991a",11915
"callmer1998a",11916
"callmer1977a",11917
"callmer1981a",11918
"callmer2000b",11919
"callmer1994a",11920
"carlsson1983a",11921
"carver1995a",11922
"chappell1986a",11923
"christensen2013a",11924
"christensen2008b",11925
"christensen2008c",176
"christensen2010c",11926
"christensen2004a",11927
"christensen2004b",11928
"christensen2007b",11929
"christensen1983b",11930
"christensen1983c",11931
"christophersen1982a",11932
"church2007a",11933
"craig1957a",271
"crawford1999a",11934
"crawford2006a",11935
"curta2007a",11936
"curta2006a",11937
"dobat2010a",11938
"doneus2011a",256
"doneus2013a",11939
"downham2012a",78
"dugmore2007a",11940
"dugmore2012a",11941
"edgren1995b",11942
"edmonds2009a",11943
"edwards2012a",11944
"ellmers1995a",162
"ellmers1995b",11945
"enghoff2003a",11946
"eriksen2013a",11947
"eriksen1993a",11948
"fehring1995a",292
"feveile2009a",11949
"fischer2004a",245
"fridriksson2004b",11950
"fry2006a",93
"fuglesang1991a",11951
"gansum1996a",11952
"gansum2004d",11953
"gardela2013b",11954
"gardela2012c",11955
"gardela2015a",11956
"gardela2018a",11957
"gardela2016c",11958
"gardela2009b",11959
"gjerpe2005a",11960
"glob1969a",11961
"grahamcampbell1980a",11962
"grahamcampbell1994a",11963
"grahamcampbell2009a",11964
"graslund2007b",11965
"graslund2001b",11966
"graslund2008b",11967
"graslund2008c",195
"graslund1995b",11968
"graslund1998a",11969
"grierson1986a",11970
"hadley2000a",11971
"hadley2000b",11972
"hall1990a",11973
"hall1999a",11974
"halsall1998a",11975
"hansen2015a",90
"hansen2017c",76
"hansen1989a",11976
"hansen2005a",11977
"hardh2003a",11978
"harris2016a",11979
"harrison2015a",11980
"harrison2014b",11981
"harrison2013a",11982
"harrison2010a",11983
"harrison2010b",11984
"harrison2007a",155
"harrison2008b",11985
"haseloff1981a",11986
"hauck1978a",11987
"hedeager2004a",11988
"hedeager1999c",11989
"hedenstiernajonson2014a",11990
"hedges2007a",11991
"helama2017a",11992
"helberg2010a",88
"henning2007a",11993
"henriksen2015a",11994
"hernaes1984a",199
"herschend1992a",11995
"herschend1997a",15
"hjelle2015a",11996
"hobsbawm1983a",11997
"hodges2008a",275
"hoeg2014a",11998
"hoilundnielsen1999b",239
"holmquistolausson1998a",11999
"holmqvist1951a",12000
"holst1110",179
"holst2013a",57
"holt1998a",247
"holt1998b",12001
"hugason2000a",12002
"imer2011a",12003
"imer2011b",12004
"ingstad1982a",12005
"islendingabok1968a",190
"jacobsen1941a",16
"jakobsson2003b",12006
"jansson1984c",12007
"jansson1985a",12008
"jansson1985b",12009
"jansson1985c",12010
"jansson1997a",210
"jensen2004a",12011
"jensen2004b",12012
"jensen2006a",184
"jensen1986a",12013
"jensen1992a",12014
"jensen1993c",12015
"jeppesen2010a",282
"jesch2009a",77
"jesch2009b",12016
"jesch1991a",213
"jessen2012a",12017
"jessen2012b",99
"jones1997a",12018
"jones2013a",284
"jones2009a",12019
"jones2012b",12020
"jones2005a",46
"jones2005b",12021
"jonsson2003a",12022
"jorgensen2002b",70
"jorgensen1995a",12023
"jorgensen1992a",68
"jorgensen1998a",12024
"jorgensen1994a",12025
"joyce2000a",12026
"kennedy2011a",12027
"kleingartner2013a",12028
"kleingartner2014a",12029
"klos2009a",12030
"komber1999a",12031
"kovalev2002a",9
"kristiansen1999a",48
"kristoffersen2004a",12032
"kristoffersen2010a",19
"krogh1982a",12033
"kyhlberg1973a",220
"lambeck2010a",129
"larsen2007a",12034
"larsen2011a",217
"larsson1990a",12035
"larsson2006a",12036
"larsson2006c",35
"lee2008b",28
"lehtosalohilander1982a",12037
"leimus2007a",278
"leontev2017a",12038
"lewis2015a",232
"lie1952a",12039
"ligi1993a",12040
"lillehammer1999a",228
"ljungkvist2008b",12041
"ljungqvist2010a",12042
"lonnroth1982a",266
"lovejoy1985a",145
"lowe2008a",12043
"lucas2008b",53
"lucy2002a",32
"ludowici2010a",12044
"luhmlund1961",194
"lund2006a",226
"lund2008b",97
"lund2003a",12045
"lundborg1972a",263
"macphail1994a",175
"magnus1997",12046
"magnusson1983a",12047
"mann2003a",12048
"marold2001a",187
"mccormick2012a",12049
"mcgovern2009a",140
"mcgovern2013a",138
"meier2001a",12050
"meskell2005a",12051
"mikkelsen1994a",294
"mikkelsen1998a",12052
"mikkelsen2008a",12053
"mjaerum2012a",12054
"moesgaard2008a",12055
"muldner2007a",12056
"murray1983a",12057
"murray1983b",12058
"myhre1992b",192
"myhre1992d",163
"myhre1987a",12059
"myhre1993a",12060
"myhre1980a",12061
"myhre1997a",34
"naismith2012a",12062
"nasman1989a",12063
"nasman2000a",285
"nasman1984a",12064
"naum2012a",12065
"neckel1983a",12066
"negrel2003a",215
"nelson1999a",12067
"nelson2012b",12068
"nielsen1998a",92
"nielsen2001a",12069
"nielsen1994a",12070
"nielsen2002a",12071
"nielsen2002c",12072
"nielsen1990a",12073
"nordeide2011a",12074
"oehrl2011a",12075
"oehrl2013a",12076
"olesen2004a",12077
"olsen2009a",115
"olsen2001a",12078
"olsson2004a",12079
"osullivan2008a",12080
"others1998",13
"oye2001a",270
"oye2002a",12081
"oye2009a",56
"oye2009b",12082
"oye2010a",227
"pagan1986a",153
"pedersen2009b",167
"pedersen2014c",12083
"pedersen2015a",135
"pedersen2008b",5
"pedersen2001a",12084
"pedersen2003b",186
"pedersen2011a",12085
"perdikaris2008a",12086
"perdikaris2008b",12087
"petersen1919b",12088
"petre1993a",165
"petursdottir2009a",12089
"pilo2007a",241
"pirenne1927a",12090
"price2000b",12091
"price2008c",311
"price2018e",12092
"price2008d",12093
"raghavan2014a",55
"ramskou1976a",12094
"rasmussen2014a",258
"rasmussen1992",234
"raudvere2003a",12095
"reynolds1994a",132
"richards1998a",12096
"richards1996a",297
"roberts2003a",12097
"roberts2000a",12098
"roesdahl2014b",237
"roesdahl2003a",50
"roesdahl2005a",12099
"roesdahl2005b",39
"roesdahl1996a",12100
"roesdahl1981a",12101
"rolfsen1980a",12102
"roskaft2005a",250
"roslund2001a",12103
"rundkvist2007a",12104
"salin1904a",12105
"sanmark2013b",12106
"sawyer2000c",12107
"sawyer1988a",12108
"sawyer2003a",12109
"sawyer2003b",12110
"sawyer2002a",113
"sawyer1987",25
"schetelig1912a",12111
"schneidhofer2017b",12112
"sealy2001a",198
"shanks1998a",86
"shetelig1940a",181
"shetelig1944a",12113
"sigfusson1940a",12114
"sigurdsson2008a",261
"sigurdsson2011a",12115
"simek1993a",12116
"simpson2002a",269
"simpson2002b",12117
"sindbaek2011b",12118
"sindbaek2014d",12119
"sindbaek2012c",12120
"skre2008b",122
"skre2010a",126
"skre2004a",116
"smith2007a",12121
"smith2009a",12122
"smith2011",222
"smith2001a",12123
"soderberg2006a",12124
"soderberg2002a",12125
"soderberg2003a",130
"soderberg1996a",168
"solli1999b",12126
"solli1996a",12127
"solli1996b",183
"solli2008a",12128
"solli2008b",12129
"sorensen2017a",118
"sorensen1991a",136
"sorensen1999a",177
"staecker2001a",12130
"staecker2009a",12131
"steinsland1994a",280
"steinsland2013",12132
"stene2011a",12133
"stene2015a",95
"stenvik2001a",3
"steuer1997a",12134
"steward1955a",12135
"stolpe1912a",12136
"stolpe1912b",94
"stylegar2010a",98
"sundqvist2014a",12137
"svensson2009c",12138
"svensson2006a",12139
"svensson2013a",196
"svensson2008a",248
"sykes2010a",12140
"tesch2007a",290
"tesch2007b",96
"theliander2005a",12141
"thomas1991a",12142
"thomas2006a",189
"thomsen2005a",14
"thomson2007",233
"thrane1987a",231
"thunmarknylen1995b",200
"turner2007a",12143
"vesteinsson2016a",12144
"vesteinsson2007a",52
"vesteinsson2007b",12145
"vesteinsson2004b",12146
"vesteinsson2001a",211
"vestergaard2007a",208
"wagner2001a",102
"wallander1989a",159
"waller1996a",265
"walsh2014a",112
"wamers1985a",147
"wamers1999a",249
"watt1999a",12147
"watt1999b",164
"wells1999a",143
"white1988a",26
"wickholm2008a",12148
"wideen1955a",29
"widgren1998a",124
"wilkinson2003a",12149
"williams2011b",151
"williams2007a",12150
"williams2002a",224
"wilson2006a",45
"wilson2006b",212
"wilson2007a",223
"wilson2007b",216
"wilson2008c",205
"wilson2008d",203
"wilson1998a",12151
"wilson1996b",253
"zachrisson2002",83
"zachrisson2011b",4
"zachrisson2009b",40
"zachrisson2014c",202
"zachrisson2008a",10
"zori2013a",81
