"node_id","community_id"
"aannestad2018",1
"heenpettersen2018",2
"heenpettersen2019",3
"lund2016",4
"moen2020",5
"ambrosiani2015",6
"croix2015",7
"vonholstein2014",8
"warmlander2015",9
"lund2019",10
"solli2018",11
"dobat2006",12
"fabech2013",13
"gustafsson2011a",14
"larsson2007",15
"price2006",16
"fahlander2016",17
"price2018b",18
"eriksen2013",19
"andren2013a",20
"lund2004",21
"lund2005",21
"lund2008",22
"lund2017",23
"lund2020",24
"raffield2018",25
"williams2016",26
"zoega2017",27
"andren2013",28
"glorstad2012",29
"lund2010",30
"lund2013",31
"lund2015",23
"skre2019",32
"jessen2016",33
"price2014d",34
"magnell2010",35
"oehrl2017",36
"price2008a",37
"zachrisson2014a",38
"gardela2018",39
"gustafsson2016",40
"raffield2019",41
"androshchuk2018",42
"bill2017a",43
"burstrom2015",44
"glorstad2017",45
"odeback2018",46
"edberg2019",47
"kalmring2010",48
"voncarnapbornheim2014",49
"dugmore2012",50
"frei2015",51
"hartman2017",52
"hayeursmith2018a",53
"jackson2018",54
"tummuscheit2019",55
"artelius2013",56
"fahlander2018",17
"price2019",57
"raffield2016",58
"glorstad2015",59
"arwillnordbladh2013",60
"arwillnordbladh2013a",61
"ashby2015",62
"hennius2018",63
"perry2016",64
"sindbaek2017",65
"griffiths2019",66
"arwillnordbladh2012",67
"backdanielsson2016",68
"price2014",69
"barrett2010",70
"naumann2014",71
"price2014a",72
"star2017",73
"baug2019",74
"montgomery2014",75
"pilo2018",76
"downham2016",77
"mainland2018",78
"sindbaek2016",79
"amundsen2017",80
"bergstol2004",81
"croix2019",82
"kemmers2011",83
"nielsen2011",84
"baug2017",85
"loftsgarden2019",86
"rosvold2019",87
"svendsen2019",88
"beck2018",89
"grupe2013",90
"zachrisson2017a",91
"stene2017",92
"kristjansdottir2015",93
"bill2016",94
"bill2017",95
"fredriksen2014",96
"gullbekk2014",97
"macphail2013",98
"pedersen2015",99
"williams2014",26
"gardela2015",100
"jagodzinski2014",101
"hilberg2016",102
"sanmark2013",103
"harris2017",104
"richards2018",105
"anchukaitis2017",106
"helama2017",107
"pilo2020",108
"zachrisson2017",109
"eriksen2017",110
"ellingsen2019",111
"price2010",112
"jarman2018",113
"stott2019",114
"ulriksen2018",115
"pedersen2019",116
"sindbaek2018",117
"wouters2016",118
"dugmore2007",119
"keller2016",120
"tainter2006",121
"carver2015",122
"runge2018",123
"domeijlundborg2012",124
"schneidhofer2017",125
"tonning2020",126
"barrett2008",70
"beck2017",127
"spangen2009",128
"hillerdal2010",129
"christiansen2019",130
"dobat2013",131
"baug2015",132
"henriksen2017",133
"price2012",134
"milek2012",135
"kastholm2016",136
"toplak2018",137
"gustin2017",138
"pedersen2017",139
"peschel2017",140
"christensen2018",141
"heenpettersen2014",142
"ijssennagger2015",143
"kershaw2017",144
"raffield2014",145
"rogers2020",146
"williams2015",147
"hadley2018",148
"mcleod2011",149
"leonard2011",150
"price2020",151
"hrnjic2018",152
"kelly2015",153
"barndon2018",154
"lund2006",155
"hedeager2010",156
"kalmring2018",157
"eriksen2016",158
"mannering2013",159
"osullivan2015",160
"hedenstiernajonson2015",161
"price2011",162
"kalmring2012",163
"kalmring2017",164
"krzewinska2018",165
"helmbrecht2012",166
"oehrl2019",36
"sindbaek2014",167
"hilberg2018",168
"devos2013",169
"holst2013",170
"holst2014",171
"jessen2014",172
"buckberry2014",173
"tveiten2017",174
"bonde2016",175
"glorstad2014",176
"jahnsen2016",177
"baastrup2014",178
"henriksen2014",179
"borake2018",180
"hilberg2014",181
"hadley2016",182
"kershaw2016",183
"vesteinsson2016",184
"poulsen2011",185
"bill2012",186
"gustavsson2015",187
"androshchuk2010",188
"graslund2011",189
"lindholm2016",190
"ljungkvist2018",191
"chenery2014",192
"hedenstiernajonson2017",193
"toplak2015",194
"macphail2016",195
"gotfredsen2014",196
"milek2013",197
"runge2018a",198
"burstrom2014",199
"abrams2012",200
"pedersen2006",201
"roesdahl2011",202
"skre2011b",203
"linderholm2008",204
"lucas2007",205
"pedersen2009a",206
"rosengren2010",207
"wickholm2006",208
"knudson2012",209
"reiter2019",210
"tummuscheit2014",211
"feveile2017",212
"roslund2013",213
"roslund2015",214
"roslund2017",215
"sanmark2013a",216
"raninen2014",217
"skre2017",218
"skre2011a",219
"ijssennagger2013",220
"oye2014",221
"fallgren2008",222
"sutherland2015",223
"halstadmcguire2010",224
"kershaw2009",225
"catlin2016",226
"schmid2017",227
"holst2010",228
"sindbaek2011",229
"ljungkvist2015",191
"neiss2016",230
"goodchild2017",231
"vesteinsson2012",232
"sindbaek2011a",233
"aannestad2018a",1
"rundkvist2010",234
"staecker2004a",235
"sindbaek2007",236
"strand2011",237
"oye2016",238
"price2016",151
"gullbekk2011",239
"svensson2018",240
"andren2000",241
"storli2010c",242
"mulk2007",243
"naum2004",244
"solli2011",245
"becket2013",246
"steinforth2018",247
"trinks2014",248
"kovalenko2013",249
"imer2014",250
"ibsen2010",251
"harrison2016",106
"zori2013",252
"krzewinska2015",253
"christensen2013",254
"artelius2005",255
"feveile2012",256
"fischer2011",257
"myrberg2008",258
"frei2012",259
"benderjorgensen2012",260
"boyd2013",261
"arneborg2012",262
"pollard2012",263
"sutherland2009",264
"arwillnordbladh2008b",265
"fontaine2017",266
"sindbaek2013a",267
"skre2016",268
"arwillnordbladh2007",265
"magi2011",269
"becker2012",270
"barndon2005a",271
"ashby2015a",62
"feveile2011",272
"artelius2004a",273
"bitzthorsen2018",274
"svendsen2016",275
"myrberg2009",276
"majchczack2018",277
"skre2011",278
"gardela2013a",279
"gustafsson2011",280
"steinforth2015",281
"roslund2005",282
"bill2020",283
"rohdesloth2012",284
"naum2007",285
"draganits2015",286
"halewood2001",287
"pentz2009",254
"croix2021",82
"nosov2018",288
"magi2016",289
"perry2019",290
"lundborg2006",124
"lia2004",291
"croix2016",7
"gardela2014",7
"wicker2013",292
"kitzlerahfeldt2013",292
"croix2019a",293
"feveile2015",212
"gardela2013",294
"gardela2008",295
"price2005",295
"andren2006b",29
"leslie2015",296
"frei2012a",259
"gotfredsen2014a",297
"iversen2013",298
"gardela2018b",39
"hillerdal2009",129
"hayeursmith2013",52
"tummuscheit2012",299
"hedeager2003",156
"hennius2018a",63
"hardh2010",300
"iversen2015",301
"jankowiak2018",302
"jorgensen2010",303
"rundkvist2015",304
"kastholm2015",136
"jorgensen2009",305
"skorokhod2020",306
"sheehan2013",307
"ljungkvist2011",308
"sanmark2008",30
"richards2011",149
"lynnerup2014",309
"graslund2012a",76
"price2015",310
"price2014b",69
"price2014c",311
"myrberg2009a",312
"kalmring2016",18
"raffield2017",58
"kitzlerahfeld2015a",313
"pedersen2016b",139
"pedersen2009",314
"ravn2012",315
"price2018a",316
"raffield2016a",317
"price2018c",318
"pluskowski2010",319
"raffield2019a",41
"price2018d",320
"skre2017b",321
"price2019a",57
"andersson2008",322
"sindbaek2007a",236
"sindbaek2013",323
"semple2013",103
"toplak2017",324
"vesteinsson2014",325
"zachrisson2014",326
"williams2014a",327
"ulriksen2011",328
"zachrisson2004",329
"andren2002b",330
"aannestad2015",331
"ambrosiani2013",6
"andersson2004",332
"andersson2016",333
"andren2002",334
"andren2004",335
"androshchuk2013",336
"androshchuk2014",337
"androshchuk2012",338
"androshchuk2016",339
"arents2010",340
"armbruster2010",341
"artelius2007",342
"arwillnordbladh1998",343
"ashby2014",344
"backdanielsson2007",345
"ed2012",346
"barth1969",347
"e2014",348
"bergstol2008",349
"bhabha1994",350
"bjerg2013",351
"bogucki2012",352
"brather2013",353
"brink2011",354
"buntgen2016",355
"cannell2016",356
"clarke2017",357
"croix2012",358
"crumlinpedersen2010",359
"diamond2005",360
"dobat2014",123
"domeijlundborg2004",361
"englert2015",362
"eriksen1994",363
"feveile2009",364
"forster2009",365
"frog2014",366
"gardela2012",367
"gerds2015",368
"gjerpe2017",369
"grahamcampbell2013",370
"grahamcampbell2011",371
"graslund2007",372
"graslund2018",373
"griffiths2003",374
"hadley2013",375
"hall2014",376
"hallansstenholm2012",377
"hardh2016",152
"harrison2015",378
"harrison2014",379
"hedjakobsson2003",380
"hedeager2004",381
"hedeager2011",382
"hedenstiernajonson2006",383
"hedenstiernajonson2012",384
"helmbrecht2011",166
"hilberg2013",385
"n2017",386
"hodges2012",387
"ingvardson2012",388
"jennbert2015",389
"jensen2010",390
"jesch2015",391
"jones1997",392
"kalmring2013",393
"kershaw2013",394
"lemm2014",395
"lia2002",396
"ljungkvist2006",397
"loe2014",398
"lund2009",399
"merkel2016",152
"moen2011",400
"moen2019",401
"moesgaard2015",402
"myhre2015",403
"naum2008",404
"opedal2010",95
"oye2013",405
"paterson2014",406
"pedersen2004",201
"pedersen2014",407
"pedersen2016",408
"pilo2005",409
"price2000",34
"price2002",410
"price2001",411
"price2008",412
"price2018",413
"raja2018",414
"rasmussen2014",211
"richards2012",415
"roesdahl2014",416
"roslund2007",213
"russel2014",417
"said1978",418
"sanmark2017",419
"schietzel2014",420
"schultze2008",421
"skre2008",97
"soderberg2005",422
"solli2002",423
"staecker2004",424
"stanislawski2013",425
"stidsing2014",426
"svanberg2003",427
"thate2007",428
"toplak2016",429
"tummuscheit2011",211
"turner2006",430
"wallace2016",431
"wickham2005",432
"williams2020",433
"zachrisson2011",434
"andren2014",435
"christiansen2014",436
"dobat2010",437
"gardela2016",438
"gjerde2009",439
"glorstad2010",440
"graslund2010",26
"gustafsson2013",441
"smith2013",442
"lemm2013",443
"morawiec2009",444
"nordeide2011",445
"rundkvist2011",26
"rostad2016",446
"sindbaek2009",447
"sveinbjarnardottir2016",448
"williams2010",26
"ambrosiani2001",449
"graslund1984",6
"hraundal2013",450
"ilisch1990",6
"jansson1986",451
"jansson1987",452
"jansson1989",6
"wikander1978",6
"aannestad2016",453
"andren2011",454
"baastrup2012",455
"baastrup2010",456
"bagge1991",457
"bakka1963",458
"bakka1961",459
"bakka1971",460
"blackburn2002",461
"blindheim1973",462
"blindheim1999",463
"blindheim1995",464
"boe1940",465
"callmer1992",466
"callmer2008",467
"cramp1997",468
"downham2008",469
"dumville2008",470
"ekengren2009",471
"gaut2001",472
"gaut2011",473
"geber1991",474
"gosden1999",475
"grahamcampbell2000",476
"gustin2004",477
"hahn2013",478
"hedeager2002",479
"hedeager1992",480
"helms1993",481
"heyerdahllarsen1981",482
"hines1984",483
"hodder1982",484
"hodder1986",485
"hagg1974",486
"jansson1984",487
"vidar2010",488
"krag1994",489
"kristiansen2005",490
"maran2012",491
"marstrander1963",492
"mauss1950",493
"mikkelsen2002",494
"myhre1992",495
"croinin1989",496
"pedersen2008",497
"peets2012",498
"petersen1940",499
"raven2005",500
"rogers2006",501
"simonsen1981",502
"skaare1963",1
"skaare1976",1
"solli1995",1
"thomas1991",1
"waller1982",1
"wamers1985",1
"wamers2011",1
"williams2008",1
"wilson2006",1
"amundsen2001",503
"amundsen2011",504
"amundsen2015",505
"amundsen2007",506
"apel2001",507
"apel2005",508
"aronsson1991",509
"askeladden2015",510
"bakka1973",511
"bakka1976",512
"barth1976",513
"barth1996",514
"baudou1987",515
"bergman2016",516
"bergsland1992",517
"bergstol1997",518
"bergstol2009",519
"bjorn1934",520
"boaz1997",521
"bolstad1980",522
"braseth2014",523
"brendalsmo2003",524
"brogger1942",525
"bull2002",526
"byggstoyl2012",527
"damm2010",528
"fjellheim1999",529
"fjellheim2012",530
"forsberg2005",531
"fossum2006",532
"fredriksen1983",533
"fuglesang1980",235
"fuglestvedt2006",534
"gjerde2016",535
"gjessing1945",536
"grandell1986",537
"grimbe2013",538
"gustafson1988",539
"gustavsen2014",540
"hagen1946",541
"hagstrom2010",542
"hallgren2008",543
"hansen2004",544
"hansen2014",545
"hedman2003",546
"helstad2001",547
"hildre2012",548
"hole2013",549
"holm1991",550
"holm2016",551
"holseng2004",552
"hougen1947",553
"indreko1956",554
"jenkins2008",555
"johansen1981",556
"kleppe1977",557
"lannerbro1976",558
"marstrander1977",559
"mathiesen2005",560
"melheim2015",561
"mikkelsen1994",562
"mikkelsen1975",563
"mjaerum2012",564
"mulk1994",565
"myhre1962",566
"norell1987",567
"nou2007",568
"nyland2016",569
"odner1983",570
"odner2000",571
"ojala2009",572
"olsen1985",573
"olsen1991",574
"pareli1991",575
"prescott2009",576
"schanche1985",577
"scheen1979",578
"serning1966",579
"sjurseike1994",580
"skandfer1996",581
"skjolsvold1980",582
"skjolsvold1981",583
"skjolsvold1984",584
"smith2006",585
"soborg1988",586
"solberg1986",587
"sommerseth2011",588
"spangberg2014",589
"spangen2010",590
"stene2010",591
"stenvik1988",592
"svensson2006",593
"swensen2017",594
"trigger2006",595
"vorren1965",596
"wegraeus1971",597
"zachrisson1997",598
"zachrisson2015",80
"abrams2004",599
"phil2010",600
"fanning1994",601
"sheehan1998",602
"sheehan2009",603
"omeadhra1979",604
"blackburn1981",605
"glorstad1987",200
"grahamcampbell1984",606
"jensen1968",200
"davidson1962",607
"grinsell1961",608
"bjorn1940",609
"kovalev2004",610
"arbman1940",611
"arne1914",6
"bearman2014",6
"anonymous2012",200
"ljung2010",612
"lang2001",613
"cohen2004",200
"jesch2002",614
"whaley2004",200
"tweddle1995",200
"coatsworth2008",200
"grahamcampbell1980",615
"wamers2009",616
"grahamcampbell2007",200
"brunning2013",617
"sonderso2005",618
"stenalt1960",619
"kolindsund1936",620
"luhm1903",621
"androshchuk2001",622
"androshchuk2002",623
"androshchuk2003",624
"androshchuk2009",625
"androshchuk2004",626
"appadurai1937",627
"arbman1937",628
"arrhenius1985",629
"bazelmans1999",630
"bergman1976",631
"behmer1939",632
"behrend1936",633
"brondsted1936",634
"chase1979",635
"colmo1953",636
"cross1914",637
"falk1914",638
"gameson2001",639
"gansum1991",640
"geibig1992",641
"grahamcampbell1968",642
"gurevich1968",643
"habbe2005",644
"hakonarherdibreids1991",645
"harke2000",646
"jacobsen1942",647
"nasman1991",648
"jorgensen1966",649
"lavrsen1960",650
"mauss1980",651
"menghin1980",652
"mullerwille1978",653
"mullerwille1984",654
"mullerwille1980",655
"north1980",656
"nasman1989",657
"ostergren1976",658
"olsson1975",659
"owencrocker1966",660
"ornes1966",661
"paulsen1953",662
"pedersen1995",663
"pedersen1997",664
"pedersen2002",665
"peirce1919",666
"petersen1919",667
"rydbeck1932",668
"schulzedorrlamm1987",669
"handelderwikingerzeitzwischennordundwesteuropaaufgrundarchaologischerzeugnisse1987",670
"klaesoe2005",671
"smidt1991",672
"stocklund1985",673
"strid1961",674
"stromberg1946",675
"svanberg1995",676
"thunmarknylen1995",677
"thunmarknylen2001",678
"bergman2005",679
"thalinbergman2000",680
"theuws2000",188
"turvillepetre1960",188
"wamers1930",681
"whitelock1955",188
"willemsen2004",682
"wilson1955",683
"wrenn1958",188
"zachrisson1984",684
"zachrisson2012",80
"ammann2007",685
"ammann2003",686
"anchukaitis2014",687
"anchukaitis2012",688
"anchukaitis2010",689
"anchukaitis2013",690
"anchukaitis2006",691
"andreuhayles2011",692
"andronova2000",693
"autin2015",694
"biondi1999",695
"bowman1997",696
"bradley2001",697
"breitenmoser2012",698
"briffa1993",699
"briffa1994",700
"briffa1995",701
"briffa2000",702
"briffa1996",703
"briffa1998",704
"briffa2011",705
"briffa2013",706
"briffa2004",707
"briffa2002",708
"brohan2012",709
"buckley2010",710
"buntgen2006",711
"buntgen2013",712
"buntgen2011",713
"buntgen2014",714
"campbell2007",715
"coledai2013",716
"cook1990",717
"cook1987",718
"cook2010",719
"cook1994",720
"cook1995",721
"cook2013",722
"cook1999",723
"cowtan2014",724
"crowley2000",725
"crowley2008",726
"darrigo2011",727
"darrigo2003",728
"darrigo1992",729
"darrigo2004",730
"darrigo2013",731
"darrigo2008",732
"darrigo2015",733
"darrigo2009",734
"darrigo2006",735
"davi2003",736
"delaygue2011",737
"doradolinan2012",738
"edwards2007",739
"emilegeay2013",740
"esper2013",741
"esper2002",742
"esper2014",743
"esper2010",744
"esper2007",745
"esper2012",746
"esper2016",747
"esper2015",748
"esper2005",749
"estrada2013",750
"evans2013",751
"evans2002",752
"evans2001",753
"frank2007",754
"frank2010",755
"fritts1976",756
"fritts1991",757
"gallant2013",758
"gao2008",759
"gao2006",760
"gennaretti2014",761
"gershunov1998",762
"gillett2012",763
"goosse2016",764
"grinsted2004",765
"hakim2016",766
"harris2013",767
"haurwitz1981",768
"hegerl2014",769
"hegerl2007",770
"hegerl2003",771
"hegerl1997",772
"hegerl2006",773
"hegerl2011",774
"helama2014",775
"hughes2002",776
"hughes1994",777
"hughes1999",778
"jacoby1995",779
"jacoby2000",780
"jones2013",781
"jones2009",782
"jones2012",783
"jull2014",784
"kaplan2011",785
"kaufman2014",786
"keigwin2003",787
"kennedy2011",788
"klesse2015",789
"lavigne2013",790
"lean2006",791
"lee2008",792
"lehner2012",793
"lewis2015",794
"li2010",795
"linderholm2015",796
"luckman2005",797
"ludlow2013",798
"mann1998",799
"mann2012",800
"mann2002",801
"mann2013",802
"mann2005",803
"mann2007",804
"mann2008",805
"mann2009",806
"massondelmotte2013",807
"matskovsky2016",808
"matskovsky2014",809
"matthews2005",810
"mccarroll2013",811
"mccarroll2002",812
"mcgregor2015",813
"mckay2014",814
"meehl2004",815
"meko1997",816
"melvin2008",817
"melvin2004",818
"michaelson1987",819
"morice2012",820
"muscheler2007",821
"naulier2015",822
"ogurtsov2016",823
"oman2005",824
"ortega2015",825
"pausata2015",826
"payette2007",827
"pederson2014",828
"phipps2013",829
"plummer2012",830
"pongratz2008",831
"raspopov2008",832
"rimbu2003",833
"rind1999",834
"rind2004",835
"robock2000",836
"rutherford2003",837
"rydval2017",838
"schmidt2010",839
"schmidt2014",840
"schmidt2012",841
"schneider2009",842
"schneider2015",843
"schneider2001",844
"schurer2013",845
"schurer2014",846
"schweingruber1993",847
"schweingruber1978",848
"seager2008",849
"seager2007",850
"shindell2009",851
"shindell2014",852
"shindell2015",853
"shindell2004",854
"shindell2001",855
"shindell2003",856
"sigl2015",857
"smerdon2010",858
"smerdon2008",859
"smerdon2011",860
"smerdon2016",861
"solomon2011",862
"st2014",863
"george2013",864
"steiger2014",865
"steinhilber2009",866
"stenchikov2006",867
"stoffel2015",868
"vonstorch2004",869
"stott2010",870
"stott2009",871
"stott1998",872
"stuiver1993",873
"sundqvist2014",874
"swingedouw2010",875
"szeicz1995",876
"tierney2015",877
"tingley2015",878
"tingley2012",879
"tingley2010",880
"tingley2013",881
"torrence1998",882
"touchan2014",883
"trenberth1984",884
"verosub2008",885
"vieira2010",886
"wagner2001",887
"wagner2005",888
"wang2015",889
"waple2002",106
"wiles2014",106
"wilson2016",106
"wilson2010",106
"wilson2007",106
"wilson2014",106
"wise2015",106
"youngblut2008",106
"zanchettin2012",106
"zhang2016",106
"zorita2003",106
"zwiers2000",106
"ivakin2001",42
"kjellstrom2012",42
"kjellstrom2013",890
"koktvedgaardzeiten1997",891
"kovalenko2006",892
"stolpe1992",42
"nerman1935",200
"helms1988",893
"andren1999",894
"andren2007",895
"back2012",896
"bandmann1951",897
"baudou1989",898
"berend2007",899
"blomkvist1998",900
"blomkvist2002",901
"brendalsmo1994",902
"brink1992",903
"ross2002",904
"diiwel1985",905
"dyggve1952",906
"fabech1991",907
"fehring1991",908
"gotfredsen1988",909
"graslund1992",910
"graslund2001",911
"graslund1993",912
"gren1989",913
"hallansstenholm2006",914
"hedeager1999",21
"hellstrom1996",915
"hernaes1999",916
"hildebrandt1985",917
"hultgard1997",918
"iregren1989",919
"janson1998",920
"jeppesen1991",921
"johannsen1981",922
"johansen1997",923
"krautheimer1942",924
"larsson2004",166
"liden1969",925
"ljungberg1938",926
"mcnicol1997",927
"meckseper1982",928
"nielsen1997",929
"nielsen2005",930
"nordahl1996",931
"olsen1966",932
"olsen1972",933
"rydh1969",934
"sandnes1987",935
"skre1995",936
"sondergaard1972",937
"stamsomunch1991",938
"sundqvist2007",939
"svensson2012",256
"theliander2003",940
"theliander2005",941
"vibemuller1991",942
"vikstrand2001",943
"devries1957",28
"wallander1994",28
"wideen1955",944
"zachrisson1963",28
"strand2010",945
"barber1991",946
"benderjorgensen1986",947
"benderjorgensen1987",948
"benderjorgensen1992",949
"benderjorgensen1995",950
"costin1991",951
"geijer1938",952
"geijer1980",953
"geijer1972",954
"gleba2008",955
"hald1980",956
"hedeagerkrag1994",957
"herlihy1964",958
"hagg1983",959
"hagg1984",237
"hagg1985",237
"hagg1986",960
"hagg1991",237
"ingstad1980",237
"michel2010",237
"martensson2007",237
"martensson2000",237
"pedersen1998",961
"waltonrogers1996",962
"waltonrogers2007",963
"kovalenko2012",42
"geibig1991",188
"zachrisson1998",21
"hookernd",964
"jay2006",965
"kalland2000",966
"kosiba2007",967
"lynnerup1998",968
"mcgovern1985",969
"mcgovern2000",970
"mcgovern1996",971
"mcgovern2005",972
"mcgovern2004",973
"muldner2007",974
"mohl1982",975
"adalsteinsson1990",976
"alexandersen2003",977
"arneborg1990",978
"balslevjorgensen2001",979
"barret2005",980
"bruun1928",981
"commisso2006",982
"commisso2007",983
"enghoff2003",984
"fricke1995",985
"gullov2012",986
"hebsgaard2009",987
"vebaek1992",988
"vebaek1993",989
"oye2001",990
"nelson2003",991
"nelson2012",992
"olafsson2006",993
"privat2002",994
"reitsema2010",995
"schweger1998",262
"simpson2002",262
"simpson2007",262
"edvardsson2012",262
"sveinbjornsdottir2010",262
"vebaek1991",262
"alberti2013",996
"andersson1998",997
"andren1989",998
"arrhenius1962",999
"arrhenius1994",1000
"arrhenius1997",1001
"arrhenius1932",1002
"arwillnordbladh2011",1003
"backdanielsson2010",26
"berg2007",1004
"bergqvist1999",1005
"bragg1997",1006
"brink2008",1007
"christensen2008",1008
"christensen2009",1009
"christensen2010",1010
"gillespie2008",1011
"gilman2010",1012
"graslund2005",1013
"graslund2008",1014
"gronvik2008",1015
"hagberg1976",1016
"helmbrecht2007",1017
"hjorungdal1991",1018
"hardh2008",219
"jansson1996",1019
"jensen2004",1020
"johansson2008",1021
"jorgensen2002",1022
"jorgensen2008",1023
"kuper1988",1024
"larsson1997",1025
"lassen2003",1026
"lundstrom1995",1027
"ljungkvist2005",1028
"lundgren2007",1029
"malmberg2009",1030
"malmberg2010",1031
"mannering2010",1032
"martinson1956",1033
"mauss1934",1034
"nasstrom2001",1035
"raudvere2008",1036
"ringkvist1969",1037
"roberts1999",67
"silvers2009",67
"solli1999",1038
"sonne2010",1039
"steinsland2007",67
"stolpe1912",1040
"sorensen1997",1041
"thomson1997",1042
"vikingatidens1995",1043
"weiner1985",1044
"williams2011",1045
"schulzedorrlamm1995",188
"almgern1914",1046
"anderson1983",1047
"andersson1990",1048
"andersson1995",1049
"andersson2011",1050
"arne1932",67
"arrhenius1976",1051
"bradley2002",265
"bradley2003",1052
"burstrom2012",1053
"chapman1997",1054
"chapman1977",1055
"chapman2006",1056
"climo2002",1057
"connerton1989",20
"delvin2007",1058
"dommasnes2006",1059
"dommasnes2008",1060
"duczko1985",1061
"jansson1985",1062
"jennbert2011",1063
"jensen2003",1064
"jones2007",20
"kaliff1999",1065
"kaliff2001",1066
"knappett2012",1067
"kokowski2010",1068
"tsamis2010",1069
"lowenthal1999",1070
"vonmuller1958",1071
"nora1989",61
"nugent2012",1072
"renfrew2004",61
"rowlands1993",1073
"rowlands1999",61
"sjogren2003",61
"vandyke2003",61
"williams2003",1074
"aqvist1996",20
"artelius1996",20
"baudou2004",1075
"bolin2004",1076
"bratt2008",1077
"burstrom1989",20
"chippendale1983",1078
"gosden1994",1079
"gustavson1986",20
"lonnroth1977",265
"olivier1999",1080
"pollard2002",20
"sawyer2000",1081
"shanks1987",1082
"stromberg1968",20
"widholm2006",20
"williams2006",26
"zachrisson1994",1083
"pagesk2013",1084
"aberg1921",1085
"adamavbremen1984",1086
"ambrosiani1964",1087
"andersson1992",1088
"andersson1989",1089
"arend1978",1090
"axelsson1993",1091
"baer1998",1092
"baines1989",1093
"berg1987",1094
"bergman1948",1095
"berlo1983",1096
"bjurstrom1996",1097
"blair1989",1098
"brondsted1920",1099
"bugge1953",1100
"carlqvist1977",1101
"carlsson1985",1102
"christiansson1959",1103
"christophersen1982",1104
"claesson1982",1105
"clanchy1979",1106
"crocker1982",1107
"danbolt1989",1108
"ekblad1997",1109
"elgh1987",1110
"vonfriesen1913",1111
"fuglesang1978",1112
"odense1981",1113
"svardstrom1962",1114
"goody1977",1115
"graslund1985",1116
"gronvik1981",1117
"gronvik1985",1118
"gurevich1985",1119
"gustavson1988",1120
"hagenfeldt1996",1121
"hallencreutz1982",1122
"haseloff1981",1123
"hedeager1997",124
"herschend1994",1124
"hildebrandnd",1125
"holmback1943",1126
"holmqvist1951",1127
"holtsmark1960",1128
"hubler1996",1129
"hyenstrand1974",1130
"johansson1996",1131
"kallstrom1992",1132
"klindtjensen1975",1133
"kristoffersen1995",1134
"kyhlberg1983",1135
"lager1995",1136
"lagman1990",1137
"larsson1990",1138
"fornvannen1997",1139
"lindblad1992",1140
"lindell1994",1141
"lindkvist1988",1142
"lindqvist1931",1143
"lindstrom1992",1144
"lonnroth1982",1145
"marcus1992",1146
"meijer1992",1147
"moltke1974",1148
"mostrom1998",1149
"miillernd",1150
"og1911",1151
"ol1900",1152
"olason1989",1153
"ong1982",235
"orsnes1966",1154
"orsnes1969",1155
"owe1995",1156
"palm1992",1157
"peterson1994",1158
"petre1984",1159
"petre1993",1160
"philippa1977",1161
"ragnesten1978",1162
"randsborg1980",1163
"russell1994",1164
"salberger1978",1165
"salin1904",1166
"sandahl1996",1167
"sawyer1988",1168
"sawyer1993",1169
"schuck1935",1170
"segelberg1983",1171
"shetelig1909",1172
"sjoberg1985",1173
"snorres1997",1174
"soderberg1905",1175
"soderqvist1993",1176
"strid1987",1177
"sundqvist1996",1178
"svardstrom1936",1179
"svenbro1975",1180
"thrainsson1994",1181
"varenius1998",1182
"wamers1999",1183
"wijkander1983",1184
"williams1990",1185
"wilson1995",1186
"wilson1994",1187
"zanker1988",1188
"runinskrifter1984",1189
"garlandthomson2002",67
"aarissorensen1988",1190
"aarissorensen2007",1191
"ambrosiani1981",1192
"arneborg1998",1193
"ashby2011",1194
"ashby2013",1195
"smith1995",1196
"barrett2011",1197
"bately2007",1198
"bencard1990",1199
"blaut1993",1200
"buchwald2006",1201
"buckley2011",1202
"buckley2009",1203
"buckley2014",1204
"callmer2002",1205
"sachensymposium2001",1206
"callmer2003",1207
"childe1950",1208
"clarke1991",1209
"coupland2010",1210
"coupland2011",1211
"cowgill2004",1212
"feveile2001",1213
"feveile2006",1214
"fleming2009",1215
"galloway1981",1216
"henderson2005",1217
"hodges1982",1218
"hull2008",1219
"jantzen2013",1220
"keller2010",1221
"kirby2013",1222
"knappett2008",1223
"lie1991",1224
"ling2013",1225
"loveluck2006",1226
"madsen1984",1227
"madsen2004",1228
"madsen2014",1229
"mahler2007",1230
"mainman1999",1231
"mattingly2013",1232
"miksic2000",1233
"muller2012",1234
"nasman2000",1235
"nasman2003",1236
"nesje2012",1237
"rau2010",1238
"renfrew2008",1239
"riddler2003",1240
"rieck2006",1241
"roesdahl2003",1242
"lewissimpson2000",1243
"roesdahl2001",1244
"schyman2012",1245
"sinclair2012",1246
"skov1997",1247
"skov1999",1248
"skov2006",1249
"skov2010",1250
"skre2007",1251
"smirnova2002",62
"stephan1994",62
"stewart2013",62
"strohalm2010",62
"taylor2012",117
"theuws2004",62
"trigger2008",62
"ulbricht1978",62
"vandoorn2014",62
"verhulst1994",62
"weber1995",62
"wigh2001",62
"yoffee2005",62
"boric2008",1252
"goransson1999",1253
"hirdman1988",1254
"joyce2005",1255
"muckenberger2012",1256
"nasstrom1986",1257
"vikingatidens1995a",1258
"almgren1905",1259
"arbman1945",1260
"artelius1999",1261
"artelius2002",1262
"berger1979",1263
"ross1998",1264
"edsman1987",1265
"fors2002",1266
"halbwachs1952",1267
"jennbert1977",1268
"lundborg1972",1269
"moon1987",1270
"napier1992",255
"rappaport1999",1271
"rolston1987",255
"sahlstrom1948",255
"strom1967",255
"turner1983",255
"thomas1985",255
"vedelnd",1272
"wikstrom1993",255
"janson2009",61
"bergqvist1997",60
"alberti2014",1273
"am2013",1274
"backdanielsson2012",1275
"barad2003",1276
"barad2007",1277
"burstrom1994",1278
"ccby2016",1279
"ekholm1950",1280
"fowler2015",1281
"graslund1991",1282
"jonsson2015",1283
"klos2009",1284
"koster2014",1285
"lager2002",1286
"larsson2010",1287
"lindeberg2009",1288
"mitchell2005",1289
"munn1986",1290
"nielsen1941",1291
"peterson2006",68
"dictionary2016",68
"runtextdatabas2015",68
"saol1998",68
"sjoborgnd",68
"brink1981",68
"hobsbawm1983",265
"jennbert2004",255
"wamers1987",1292
"frick1992",1293
"aatsleff2010",1294
"aberg1936",1295
"albrethsen2002",1296
"brandt2002",1297
"johansen1987",1298
"fraenkelschoorl1978",1299
"garipzanov1980",1300
"grahamcampbell1991",1301
"hyvass1986",1302
"jensen2006",1303
"jorgensen2003",1304
"jorgensen2006",1305
"klingenberg1984",1306
"lennarrson1983",1307
"longley1975",1308
"macgregor1993",1309
"moesgaard2010",1310
"monge2003",1311
"nielsen2006",1312
"nielsen2004",1313
"olsen1981",1314
"olsen1977",123
"ryan1997",1315
"rygh2003",1316
"ulriksen1970",1317
"vandoorn2011",1318
"arneborg2003",1319
"arrhenius1995",1320
"ashby2006",1321
"smith1993",1322
"barrett2003",1323
"besteman2004",1324
"biddle2001",1325
"bolin1953",1326
"brettell2000",1327
"brooks1971",1328
"burstrom1993",1329
"byock2001",1330
"carver1990",1331
"carver1995",1332
"clover1988",1333
"coupland1998",1334
"crumlinpedersen1995",1335
"crumlinpedersen2007",1336
"dahljensen1998",1337
"dansgaard1975",1338
"downham2007",1339
"duczko2004",1340
"dumville2002",1341
"dyer2002",1342
"earle1997",1343
"edwards2005",1344
"englert2007",1345
"etchingham1996",1346
"etchingham2007",1347
"forenbaher2005",1348
"fossier1999",1349
"grahamcampbell1975",1350
"hadley2006",1351
"halsall2003",1352
"hannon2005",1353
"hansen2000",1354
"haywood1999",1355
"heinsohn2003",1356
"hernaes1997",1357
"hill1981",1358
"hill2001",1359
"hills2003",1360
"hodges2006",1361
"hodges1983",1362
"holm1986",1363
"hunter2007",1364
"johnson2001",1365
"jonsson1911",1366
"karlsson1997",1367
"keegan2004",1368
"keynes1997",1369
"kristoffersen2004",1370
"kuhn1977",1371
"lund1989",1372
"magi1999",1373
"slavi1997",1374
"mccormick2001",1375
"michelli1993",1376
"minorsky1958",1377
"montgomery2006",1378
"montgomery2003",1379
"morris1998",1380
"mullerwille1994",1381
"myhre1987",1382
"myhre1993",1383
"nelson1991",1384
"nelson1997",1385
"nondier2002",1386
"croinin1995",1387
"oppenheimer2007",1388
"owen1999",1389
"paterson2001",1390
"pirenne1939",1391
"reuter1985",1392
"richards2000",1393
"ridel2007",1394
"roesdahl1991",1395
"santiagoirizarry2008",1396
"sawyer1982",1397
"scholz1970",1398
"simek2004",1399
"skre2001",1400
"small1973",1401
"stefansson2003",70
"vesteinsson2006",1402
"wallace2003",70
"warner1976",70
"weber1992",70
"westerdahl2008",70
"wicker1998",70
"woolf2007",70
"wormald1982",70
"runicdictionary2016",68
"samnordiskruntextdatabas2016",68
"nilsson1996",1403
"moltke1942",1404
"aughdal1979",1405
"baug2011",1406
"baug2013",1407
"bergstrom2007",1408
"brodshaug1950",1409
"campbell1939",1410
"carelli1997",1411
"cederlund1964",1412
"christophersen1999",1413
"ek1962",1414
"fisher2004",1415
"forster2004",1416
"friisnd",1417
"granlund1956",1418
"grenne2008",1419
"gron1939",1420
"gron1942",1421
"hamilton1956",1422
"helberg2010",1423
"helle1982",1424
"jensen1990",1425
"kaland1987",1426
"kristiansen2009",1427
"processing2009",1428
"kristensen1999",1429
"molaug1982",1430
"keysernd",1431
"magnusnd",1432
"petersen1951",1433
"reiersen1999",1434
"resi1979",1435
"rnregestanorvegica1989",1436
"roesdahl1980",132
"sindbaek2005",1437
"skaarup2009",132
"skjolsvold1961",1438
"smith1999",1439
"steensberg1964",132
"steuer1987",278
"tengesdal2010",132
"vangstad2003",132
"viklund2007",132
"visted1975",132
"weber1984",1440
"weber1989",1441
"weber1999",132
"oye2002",1442
"oye2009",132
"bockman1997",1443
"gjerpe2005",1444
"glorstad2008",1445
"gudmundsdottir2003",1446
"hufthammer2016",1447
"harke2014",1448
"iversen1999",1449
"jezek2015",1450
"kristoffersen2006",1451
"meling2014",1452
"metcalf1991",1453
"moberg1992",1454
"mullerwille1977",1455
"ohlhaver1939",1456
"roberts2015",1457
"ronne2002",1458
"sauvage2005",154
"straume1984",1459
"wallander1989",1460
"ostigard2006",154
"fuglesang1986",1461
"larsen1989",1462
"andersson2005",1463
"artelius2010",1464
"borgeaud1987",1465
"boyend",1466
"burke1989",1467
"edmonds1999",1468
"fernholm1982",1469
"gosden1998",1470
"hansson1991",1471
"hemmendorff1980",1472
"stenholm2004",1473
"jennbert1991",1474
"lindqvist2010",1475
"lundborg2007",1476
"nagy1976",56
"olson1968",56
"rudbeck1978",56
"stromberg2005",56
"zuesse1987",56
"ayliffe1990",1477
"balasse2003",1478
"batey1998",1479
"becker1998",1480
"becker2011",1481
"behre2008",1482
"benecke1982",1483
"bentley2006",1484
"bosl2006",1485
"butzler1986",1486
"buzon2010",1487
"clementz2001",1488
"doppler2010",1489
"drouet2005",1490
"elsner1989",1491
"frei2011",1492
"fricke1998",1493
"fry2006",1494
"grupe2009",1495
"grupe2010",1496
"grupe2012",1497
"heinrich1987",1498
"heinrich2006",1499
"huster1983",1500
"jacomet2010",1501
"koch2007",1502
"kohn1996",151
"kohn2002",1503
"layman2007",1504
"leethorp1989",1505
"lepiksaar1977",1506
"mewis2004",1507
"miller2010",1508
"mullerwille2002",1509
"newsome2004",1510
"oconnor2004",1511
"phillips2003",1512
"pieper1995",1513
"reichstein1991",1514
"reichstein1966",1515
"rozanski1992",1516
"schmolcke2006",1517
"schoeninger1984",1518
"sjogren2009",1519
"smed2002",1520
"stephan2008",1521
"stevens2006",270
"surge2005",270
"taastrom1999",270
"tieszen1991",270
"vogel1989",270
"vogel2002",270
"vonlehmann1986",270
"west2010",270
"dommasnes1976",1522
"stylegar2010",1523
"stylegar2014",154
"straume1986",1524
"tarlow2016",26
"oye1985",154
"bmasstrom2001",56
"lindqvist2012",56
"adams1991",1525
"arnold2012",1526
"bailey1990",1527
"bailey2015",1528
"bailey2007",1529
"beck2014",1530
"becker1966",1531
"becker1971",1532
"berggren2009",1533
"bille2016",1534
"bloch1977",1535
"boivin2008",1536
"bowker2005",1537
"cobb2012",1538
"delanda2006",1539
"delanda2016",1540
"deleuze2005",1541
"edgeworth2012",1542
"eisenschmidt2013",1543
"ejstrud2000",1544
"fahlander2003",1545
"felding2013",1546
"fundfortidsminder2017",1547
"gell1992",1548
"gerritsen1999",1549
"gerritsen2008",1550
"gosden2015",1551
"gramsch1996",1552
"hamilakis2017",1553
"hansen2015",1554
"harris1989",1555
"holst1999",1556
"holtorf1998",1557
"holtorf2002",1558
"hvass1983",1559
"hvass1985",1560
"ingold2010",1561
"jensen2005",1562
"joy2009",1563
"larsen2007",1564
"laursen2017",1565
"lucas2005",1566
"lucas2008",1567
"lucas2012",1568
"mcanany2009",1569
"mikkelsen1998",1570
"sekretariat1997",1571
"mikkelsen2016",1572
"moller2010",1573
"mud2014",1574
"muller1906",1575
"munn1992",1576
"nasman1987",1577
"nativ2017",1578
"olivier2011",1579
"olsen1968",1580
"pauketat2005",1581
"pearson1994",1582
"reynolds1994",1583
"rosenberg2010",1584
"shennan1993",1585
"slotsogkulturstyrelsen2017",1586
"sorensen2015",1587
"thomas1996",1588
"tornbjerg1998",1589
"tringham2000",127
"vanoyen2015",127
"villumsen2013",127
"witmore2013",127
"zimmermann1998",127
"anckers1993",265
"andersson1999",1590
"brown1991",265
"cassel2004",1591
"cnattingius1930",265
"foxhall2000",1592
"gilchrist2004",265
"jonsson2003",1593
"kallen2004",1594
"moberg1987",1595
"olivier2004",1596
"palm2004",265
"ralph2005",265
"vandyke2003b",1597
"wessen1958",265
"widmark1993",265
"askvik1990",1598
"askvik2008",1599
"askvik2014",1600
"bakmark2014",1601
"bazelmans2009",1602
"berglund1995",1603
"bos2005",1604
"bratrein1994",1605
"buchwald2005",1606
"callmer1991",1607
"callmer1998",1608
"callmer2007",1609
"coupland2002",1610
"crosby1987",1611
"curta2007",1612
"delvaux2017",1613
"downham2011",1614
"eldorhagen2001",1615
"ellis1969",1616
"ellmers1985",1617
"etchingham2014",1618
"feveile2000",1619
"gardner2007",1620
"gaunt2000",1621
"hald1991",1622
"hansen2017a",1623
"hines1999",1624
"hodges2001",1625
"holand2003",1626
"holberg2015",1627
"holm2015",1628
"iversen2018",1629
"jansen2001",1630
"jellema1955",1631
"jesch2009",1632
"kars1983",1633
"knol2017",1634
"koht1919",1635
"krol2006",1636
"lebecq1990",1637
"lebecq1999",1638
"ljungkvist2009",1639
"lonaas2001",1640
"moore1978",1641
"moore1983",1642
"myrvoll1991",1643
"nasman1986",1644
"nicolay2005",1645
"nicolay2017",1646
"nilsen2016",1647
"corrain1998",1648
"pilo2011a",85
"resi1990",1649
"resi2008",1650
"roesdahl1995",1651
"schreiner1928",1652
"sheehan2008",1653
"sitzmann2008",1654
"sjovold1974",1655
"skre2018",1656
"sode2017",1657
"stenvik1997",1658
"storli2006",1659
"svennung1967",1660
"walther2004",1661
"wickham2008",1662
"wilson1985",1663
"wood1983",1664
"plogmann2006",270
"bonde1994",1665
"brogger1917",95
"dybwad1908",95
"johansen2016",95
"kluwernd",95
"mullerwille1970",1666
"paasche2010",95
"grahamcampbell2004",1667
"thomsen2009",1668
"aud1996",1669
"aud1997",1670
"wamers2005",1671
"lennarrsson1999",1672
"brondsted1924",1673
"skovmand1942",1674
"wamers1991",1675
"lennartsson1999",1676
"andersen1995",1677
"brucemitford2005",1678
"roth2002",1679
"wamers1994a",1680
"aud1992",1681
"aarsleff2008",1682
"adamsen1997",1683
"albrethsen2008",1684
"lindahl1984",1685
"thorvildsen1957",1686
"bradley1998",1687
"ambrosiani1984",1688
"bergstel1997",1689
"bergsvik2001",1690
"boaz1999",81
"skre1998",201
"strade1997",81
"solberg2000",1691
"storli1994",81
"sorensen1979",81
"shetelig1917",1692
"norseng2010",95
"allmae2011",151
"andersen1991",1693
"axboe1995",1694
"baillie1982",1695
"baillie1973",1696
"bjorkvik1999",1697
"bonde1995",1698
"bonde1997",1699
"bonde2005",1700
"bonde2007",1701
"bonde1993",1702
"bonde1982",21
"bonde2009",1703
"brathen1982",1704
"brogger1951",1705
"brucemitford1964",1706
"carver1998",1707
"christensen1995",1708
"christensen1993",1709
"christensen2003",1710
"christensen2007",1711
"christensen1994",1712
"christensen1998",1713
"eckstein1977",1714
"euforgen2009",1715
"evison2008",1716
"faegri1954",1717
"filmersankey1992",1718
"grieg1928",1719
"hines1992",1720
"hines1993",1721
"holand2001",1722
"hulten1971",1723
"hutchinson1994",1724
"kaennel1995",1725
"lorangend",1726
"marsden1996",1727
"mullerwille1974",1728
"mullerwille1995",1729
"myhre1980",1730
"myhre1998",1731
"myking2011",1732
"naess1969",1733
"nasman1984",1734
"nerman1948",1735
"nordenborgmyhre2004",1736
"opedal1998",1737
"opedal2005",1738
"peets2013",151
"reiersen2009",1739
"roesdahl1994",1740
"schetelig1902",1741
"schetelig1906",1742
"schetelig1912",1743
"shetelig1940",1744
"sorensen2001",1745
"sylvester2009",1746
"vadstrup1994",175
"mcleod2014",1747
"roesdahl2005",1748
"verhulst2002",1749
"vinsrygg1979",1750
"andersen1988",1751
"smith2007",1752
"barret2006",1753
"barret2000",1754
"blackburn2008",97
"brink2008b",1755
"brooks1979",1756
"buckland1990",1757
"carver2004",1758
"crumlinpederson1995",1759
"downham2000",1760
"forsyth1995",1761
"grahamcampbell1995",1762
"grahamcampbell1998",1763
"grahamcampbell2001",1764
"grahamcampbell2003",1765
"gudmundsson1965",1766
"hermannsaudardotir1991",1767
"hines1996",1768
"howlet1999",1769
"metcalf2007",1770
"roesdahl2003b",1771
"myhre2003",1772
"paasche2006",1773
"ralston1997",1774
"randsborg1995",1775
"randsborg2000",1776
"smyth1984",1777
"wamers1998a",1778
"weber1991",1779
"whitelock1961",1780
"mierow1915",74
"andersen1989",1781
"benderjorgensen2005",1782
"christiansen2004",1783
"cooke2002",1784
"cooke2005",1785
"damgardsorensen1998",1786
"dybdahl1990",1787
"eldjarn1988",1788
"eldjarn1990",1789
"elstad2002",1790
"elstad2004",1791
"hoeghnd",1792
"kastholm2009",1793
"kaup1996",1794
"kjellmo1996",1795
"kvamme2004",1796
"lightfoot1996",1797
"lightfoot1997",1798
"myhre2002",1799
"martensson2006",260
"norgard1999",21
"olsennd",260
"olufsennd",260
"rabben2002",1800
"traetteberg1999",260
"franckenwelz2003",260
"westerdahl1995",260
"amundsen2003",81
"alfsen1979",85
"baug2002",1801
"birkedahl1997",1802
"birkedahl2000",1803
"bl1923",85
"christophersen1991",1804
"crawford2002",85
"gestsson1959",85
"morcken1964",85
"nielssen2014",1805
"nymoen2011",85
"pilo2007",1806
"risbol1994",1807
"schou2007",1808
"schon1995",1809
"sigurdsson1999",1810
"jones1999",1811
"bill2013",1812
"callmer1977",1813
"gansum1995",1814
"hinsch1945",1815
"hjardar2011",1816
"hougen1993",1817
"jankuhn1986",1818
"karageorghis1999",43
"kilger2008",1819
"kleingartner2014",1820
"larsen2011",1821
"martens1988",1822
"oye2011",43
"pedersen2001",43
"rispling2008",43
"ros2009",43
"sperber1996",1823
"steuer1997",1824
"wiker2006",43
"bender2002",260
"rasteicher2008",260
"brather1992",1825
"capelle1978",1826
"capelle2000",1827
"daly2011",1828
"geary1994",1829
"holck2009",34
"krogh1982",1830
"kummel2009",186
"larsen2004",1831
"marstrander1986",186
"mullerwille1976",115
"mullerwille1992",186
"nicolaysennda",1832
"randsborg1998",1833
"roesdahl2008",1834
"sigurdsson2003",186
"steinsland2002",186
"vanhaperen2010",186
"berg2015",1835
"anderson1907",1836
"becket2010",1837
"curle1982",1838
"dickson2000",1839
"edlin1973",246
"fentz1992",246
"grahamcampbell2002",1840
"grieg1940",1841
"grieve1923",246
"harman1981",246
"loder1935",246
"morgan2012",246
"mcneillnd",246
"ottaway1992",1842
"allerton2007",1843
"barthes1971",1844
"barthes1986",1845
"bellamy2012",1846
"bender1998",1847
"blackwell2007",1848
"blackwell2012",1849
"brisholm1997",1850
"burstrom1996",1851
"burstrom1998",1852
"dannehl2009",1853
"demarrais2004",1854
"denzin1989",1855
"derrida1978",1856
"douglas1993",1857
"eckardt2003",1858
"elfver2008",1859
"epstein1991",1860
"foucault1978",1861
"friedel1993",1862
"gaitanammann2005",1863
"gilchrist2000",1864
"gildonnd",1865
"golofast2003",1866
"gordon2009",1867
"gosden2005",1868
"halse2006",1869
"hamilakis1999",1870
"hardh1996",152
"heffernan1988",1871
"herva2010",1872
"hibbert1969",1873
"hicks2010",1874
"hodder2012",1875
"holtorf2001",1876
"holtorf2008",1877
"hoskins1998",1878
"humphrey2003",1879
"johnsonnd",1880
"jonsdottir1982",1881
"jonsson1997",1882
"joy2000",1883
"joyce2000",1884
"kilnernd",1885
"kopytoff1986",23
"lamb2011",1886
"lamotta2012",1887
"latour1992",1888
"lindqvist1936",1889
"martindale2009",1890
"mcnaughton2006",1891
"meskell2004",1892
"meskell2005",1893
"michell1982",1894
"miller2000",1895
"nevett1999",1896
"novarr1986",1897
"olsen2003",1898
"olsen2010",1899
"olsen2012",1900
"ostergren1990",1901
"polkey1999",1902
"roos2003",1903
"roymans1995",1904
"shanks1998",1905
"sofaer2007",1906
"spangen2005",1907
"stewart1993",1908
"strathern1988",1909
"thompsonnd",1910
"tilley1996",1911
"valenze2006",1912
"vellinga1999",1913
"weiner1992",1914
"wilson2008",1915
"witmore2007",1916
"woolf1967",199
"armstrong2017",1917
"boggs2016",1918
"boyd2009",1919
"cooper2012",1920
"costanza2007",1921
"crumley1993",1922
"crumley2015",1923
"ipcc2014",1924
"lane2015",1925
"nelson2016",1926
"nielsen2013",1927
"obrien2012",1928
"odlingsmee2013",1929
"riede2018",1930
"rockman2009",1931
"rockman2012",1932
"svenning2013",1933
"whitehead1998",1934
"schetelig1917",1935
"andersson2007",1936
"biddle1976",1937
"christiansen2006",1938
"dommasnes1982",1939
"easthope2004",1940
"flanders2004",1941
"geraghty1996",1942
"gonzalesmarcen2008",1943
"hall1994",1944
"hamerow2002",1945
"hurley1997",1946
"jesch1991",34
"kelly1988",1947
"mcalister2003",1948
"milek2006",1949
"munch2003",1950
"osullivan2008",1951
"corrain1983",261
"corrain2005",261
"perring1981",1952
"reilly2003",261
"simpson1999",1953
"simpson2006",261
"stocker2003",1954
"valante2008",1955
"wallace1992",261
"wallace2000",261
"wallace2005",261
"wallace2008",1956
"andersson2000",1957
"artursson2005",1958
"bantelmann1975",1959
"beck2004",1960
"bennett2005",1961
"bjorhem1993",1962
"boozer2015",1963
"boye1992",1964
"boye1998",1965
"carlie2005",1966
"carlie2008",1967
"carstens2015",1968
"christensen1973",1969
"christensen2015",123
"eriksen2009",1970
"ethelberg2003",1971
"ford1954",1972
"fowler2017",1973
"gjerlevsen2013",1974
"gram2006",1975
"graslund1987",1976
"hakansson2012",1977
"hansen1991",1978
"harrison2011",1979
"hatt1928",1980
"heimer2009",1981
"heimer2006",1982
"herschend1993",1983
"hill1972",1984
"hvass1980",1985
"jensen1986",1986
"jensen1987",1987
"jessen2012",1988
"jessen2003",1989
"jorgensen1995",1990
"kling1984",1991
"komber2001",1992
"komber1999",1993
"krieger1944",1994
"kristensen2015",1995
"lucas2014",1996
"lucas2016",1997
"martens2005",1998
"mikkelsen2003",1999
"mimisson2016",2000
"moller2009",2001
"nielsen1980",2002
"nielsen1998",2003
"nissen1998",2004
"norlund1948",2005
"normark2009",2006
"normark2010",2007
"nylen2009",2008
"olesen1998",2009
"pagh2007",2010
"pedersen2012",2011
"petersen2010",2012
"poulsen2014",2013
"rasmussen1994",2014
"rouse1960",2015
"schietzel1981",2016
"schmidt1994",2017
"schultz2015",2018
"siemen2014",2019
"skov1994",2020
"sorensen2011",2021
"sorensen2017",2022
"sovso2013",2023
"spaulding1953",2024
"steward1954",2025
"stouman1980",2026
"tornbjerg2002",2027
"vale2017",2028
"villumsen2017",2029
"waterbolk1994",2030
"witmore2014",2031
"zimmermann2001",89
"gale2000",246
"graslund1980",2032
"acker2007",2033
"andersen1993",2034
"aethelweard1962",2035
"bell1969",2036
"bill1991",2037
"bill2009",2038
"bill2015",2039
"bill2018",2040
"birgisson2008",2041
"bischoff1998",2042
"bonde2011",2043
"bratt2004",2044
"brookes2007",2045
"bruce2002",2046
"brucemitford1952",2047
"brucemitford1978",2048
"byock2013",2049
"cannell2011",2050
"capelle2004",2051
"carver1992",2052
"carver2000",2053
"chase1981",2054
"christensen2016",2055
"crosman1980",2056
"crumlinpedersen1991",2057
"crumlinpedersen1997",2058
"crumlinpedersen2002",2059
"daly2007",2060
"damico2015",2061
"dronkeduchatellier1908",2062
"dusse2013",2063
"engevik2011",2064
"englund1979",2065
"ericsson2005",2066
"farbregd1969",2067
"fett1936",2068
"fidjestol1994",2069
"filmersankey1990",2070
"filmersankey2001",2071
"frank1997",2072
"friisjensen1984",2073
"fritzner1973",2074
"fulk2012",2075
"goeres2015",2076
"grammaticus2005",2077
"grimes2013",2078
"hedeager1996",2079
"hedeager2000",2080
"helgesson2004",2081
"henriksen2016",2082
"holst2017",2083
"hulth2013",2084
"jonsson1923",2085
"krag1991",2086
"krag2012",2087
"larsson2011",2088
"lawson1981",2089
"leontev2017",2090
"lindow1997",2091
"ljungkvist2008",191
"lorangenda",2092
"lonnroth1986",2093
"madsen1997",2094
"malmer1966",2095
"marold2012",2096
"maryon1946",2097
"meri2002",2098
"montgomery2000",2099
"mooney2016",2100
"mundal2018",2101
"myhre1966",2102
"myrvoll2014",2103
"neidorf2016",2104
"newton1993",2105
"nicolaysenndb",2106
"nordman1987",2107
"norr1998",2108
"north2007",2109
"north2011",2110
"jorgensen1999",2111
"opedal1996",2112
"oskarsdottir1994",2113
"ostigard2015",2114
"pedersen2003",2115
"petersen1927",2116
"poel2016",2117
"pollington2008",2118
"ramskou1976",2119
"rieck1988",2120
"ringstad2004",2121
"risberg2011",2122
"sapp2000",2123
"schetelig1905",2124
"schon1999",2125
"sellevold1998",2126
"shetelig1929",2127
"skre2014",2128
"sorokin1997",2129
"spurkland2005",2130
"stefanovich2016",2131
"steinsland1991",2132
"stenvik1996",283
"sturluson1982",283
"sundqvist2000",2133
"sorensen2006",283
"turvillepetre1964",283
"varenius1992",2134
"vestergaard2007",283
"warmind1995",283
"appadurai1986a",23
"dionysiusnd",199
"amorosi1997",2135
"arnalds2004",2136
"atalay2012",2137
"balee2006",2138
"bolender2012",2139
"bolender2008",2140
"bourdieu1980",2141
"braje2015",2142
"braje2013",2143
"briggs2006",2144
"brownlow2006",2145
"butzer1975",2146
"caseldine2010",2147
"catlin2011",2148
"catlin2013",2149
"catlin2014",2150
"chadwick2013",2151
"chase2014",2152
"correia2013",2153
"crofts2011",2154
"cronon1991",2155
"crumley2003",2156
"crutzen2000",2157
"dasmann1976",2158
"dugmore2004",232
"dugmore2009",2159
"earle2002",2160
"einarsson2015",2161
"ensor2003",2162
"fisher2005",2163
"fisher2009",2164
"foley2013",2165
"hicks2014",2166
"hilger2015",2167
"hill2009",2168
"hodder2004",2169
"ingold1993",23
"johnson2012",2170
"kennett2013",2171
"klein2015",2172
"lansing2007",2173
"larkin2013",2174
"lefebvre1991",2175
"lentfer2002",2176
"lightfoot1998",2177
"logan2013",2178
"mcgovern2007",2179
"melville1990",2180
"mitchell2003",2181
"morton2013",2182
"mrozowski2006",2183
"mrozowski2011",2184
"norgaard2011",2185
"ogilvie2010",2186
"palsson2013",2187
"redman2005",2188
"reitz2012",2189
"robin2006",2190
"rull2013",2191
"steffen2011",2192
"steward1955",2193
"streeter2013",2194
"streeter2015",2195
"stump2013",2196
"thomson2006",2197
"thorarinsson1944",2198
"thorhallsdottir2013",2199
"vandenoort2013",226
"vanderleeuw2014",226
"wilson1989",226
"woodbridge2012",226
"young2007",226
"miller2012",2200
"arrhenius2009",254
"fleischer2003",254
"franceschi2005",254
"gabriel1991",254
"klaesoe2003",254
"larsen1991",254
"lindow2001",254
"mackeprang1935",254
"mango2002",254
"nielsen2001",254
"orsnes1990",254
"pesch2005",254
"petersen2005",2201
"roesdahl1977",2202
"thrane2005",254
"voss1990",254
"watt2003",254
"callan1927",2203
"brink2002",2204
"brogger1945",2205
"falk2008",2206
"gjaerder1952",2207
"gjessing1943",2208
"gotfredsen2003",2209
"grieg1937",2210
"grotowski2009",2211
"gudni1945",2212
"hauck1973",2213
"hellers2012",2214
"hultgard2008",2215
"jesch2000",2216
"johns1982",2217
"kolstrup1993",2218
"korsvoll2011",2219
"lund1974",2220
"macleod2006",2221
"maixner2004",2222
"mckinnell2004",2223
"melsom2003",2224
"meyer1999",2225
"ullerwille1985",2226
"muncknd",2227
"nordland1951",2228
"price2013",2229
"pyysiainen2004",2230
"resi2013",2231
"ritner1988",2232
"roesdahl1998",2233
"schetelig1920",2234
"thrane1998",94
"thurston1907",94
"weber2012",94
"wilk2000",94
"arrhenius1961",2235
"imer2004",94
"adams2004",2236
"arndt2007",2237
"andersen2017",2238
"bagge2016",2239
"bagge2004",2240
"bauduin2009",2241
"callmer2009",2242
"corrochano2014",2243
"curta2011",2244
"deckers2017",2245
"deckers2012",2246
"dobat2016",2247
"eisenschmidt2004",2248
"fried1994",2249
"garipzanov2008",2250
"gazzoli2011",2251
"henstra2012",2252
"ijssennaggervanderpluijm2017",2253
"jansson1997",2254
"jesch2004",2255
"juul2017",2256
"kleiminger1993",2257
"knol2001",2258
"knol1993",2259
"knol1999",2260
"kramer2000",2261
"kramer1996",2262
"baume1952",2263
"lebecq1983",2264
"lund1990",2265
"lund2003",21
"mcleod2007",2266
"nelson2008",2267
"nicolay2014",2268
"nijdam2009",82
"nasman2006",2269
"price2009",82
"prummel2000",82
"prummel2001",82
"pohl1998",82
"reimitz2008",82
"reuter1991",82
"richards2010",82
"roesdahl1996",2270
"roesdahl1992",82
"roxburgh2013",82
"samplonius1998",82
"sindbaek2008",2271
"steuer1974",82
"tummuscheit2018",82
"urbanczyk2009",82
"wawn2002",82
"zettel1977",82
"benecke1994",2272
"bergmannnd",2273
"cluttonbrock1999",2274
"cluttonbrock2012",2275
"damm2000",2276
"davis1978",2277
"degerbol1933",2278
"driscoll2009",2279
"driscoll2007",2280
"engels2001",2281
"ewing1981",2282
"faure2009",2283
"french1988",2284
"gotfredsen2017",2285
"grigson1969",2286
"grigson1989",2287
"hatting1990",2288
"hatting1991",2289
"hatting2004",2290
"jansen1988",2291
"johansson1987",2292
"jorgensen1992",2293
"kitchener1991",2294
"knospe1988",2295
"kratochvil1973",2296
"kratochvil1976",2297
"kratochvil1977",2298
"kveiborg2007",2299
"meadow1989",2300
"mohl1961",2301
"mohl1971",2302
"mohl2010",2303
"nyegaard1998",2304
"oconnor2007",2305
"ostergaard2016",2306
"ottoni2017",2307
"petrov1992",2308
"pitakarnnop2017",2309
"rantzau2015",2310
"steineke2017",2311
"tchernov1984",2312
"tchernov1991",2313
"tomtov2009",2314
"tomtov2008",2315
"tomtov2003",274
"neer2014",274
"vigne2015",274
"vigne2004",274
"zohary1991",274
"andersen2003",2316
"andrews1997",2317
"samling1985",2318
"auch2012",2319
"barrett2007",219
"becker1979",2320
"bencard1973",2321
"bencard1974",2322
"bencard1979",2323
"bencard1970",2324
"benderjorgensen1991",2325
"benderjorgensen2004",2326
"blackmore2001",2327
"bult1988",2328
"callmer1981",2329
"callmer1984",2330
"capelle1980",2331
"croix2014b",2332
"demannd",2333
"ennen1972",2334
"feveile2010",2335
"feveile1998",2336
"frandsen1986",2337
"frandsen1987",2338
"frandsen1988",2339
"frandsen2006a",2340
"haarnagel1941",2341
"haarnagel1963",2342
"hamerow2007",2343
"hamerow2011",2344
"harris1975",2345
"helle2006",2346
"herrmann1978",2347
"herrmann1982",2348
"herschend2009",2349
"hines1994",2350
"hodges1988",2351
"hodges1996",2352
"jagodzinski1991",2353
"jankuhn1971",2354
"jankuhn1985",2355
"kuzmin2000",2356
"lucas2001",2357
"lundstrom1981",2358
"malcolm2003",2359
"milek2007",2360
"olsen1975",2361
"reynolds1977",2362
"sedov1985",2363
"siegmuller2010",2364
"stanislawski2011",2365
"steuer1980",2366
"steuer2007",2367
"stiff2001",2368
"sovso2010",2369
"ufkes2011",2370
"urbanczyk1994",2371
"urbanczyk2007",2372
"vanes2009",2373
"bredsdorff1973",141
"mauritsen2015",141
"tornbjerg1989",141
"cluttonbrock1984",274
"adamsen2009",2374
"adriansen2003",2375
"andersen2010",2376
"asingh2001",2377
"axboe2010",2378
"bjornskov2011",2379
"voncarnapbornheim2012",2380
"christiansen2008",2381
"fabech1999",2382
"fabech1995",2383
"fischer1983",256
"garrison2009",2384
"gregory1984",2385
"hansen2012",2386
"hardh1999",2387
"hardh2003",2388
"hedeager2001",2389
"henriksen2000",2390
"henriksen2010",2391
"henriksen2011",2392
"horsnaes2002",2393
"horsnaes2010",2394
"iversen1993",2395
"jorgensen2001",2396
"kristiansen1981",2397
"makeler2003",2398
"moesgaard2009",2399
"museumsloven2006",2400
"nielsen2012",2401
"nielsen1993",2402
"olsen2009",2403
"paulsson1999",256
"petersen1991",2404
"rasmussen2007",2405
"sorensen1991",2406
"eds1998",2407
"thrane1991",2408
"thomas2012",2409
"ulriksen1994",2410
"ulst2012",2411
"ames2012",2412
"angelbeck2012",2413
"bican1992",2414
"brink1998",2415
"callmer1995",2416
"carballo2016",2417
"carlsson1989",2418
"christaller1933",2419
"christensen2014",2420
"crumley1976",2421
"dam2015",2422
"earle2015",2423
"fabech1998",21
"foucault1980",2424
"foucault1997",2425
"gammeltoft2012",2426
"giddens1976",2427
"gogsigjakobsennd",2428
"helgesson1998",2429
"hirth1996",2430
"iversen2011",2431
"jorgensen1998",2432
"larsson2003",2433
"mcguire1996",2434
"myrdal2011",180
"ramskou1970",180
"saitta1998",180
"skre2010",2435
"trigger2003",2436
"ulsig2011",180
"aarissorensen2004",274
"abrams1989",2437
"aufderheide1998",2438
"barnes1994",2439
"bass1995",2440
"beard2000",2441
"brettell2012",2442
"brothwell1972",2443
"buckberry2004",2444
"buckberry2007",2445
"buckberry2010",2446
"buckberry2002",2447
"cox2000",2448
"darling2003",2449
"daux2008",2450
"ericson1985",2451
"evans2006",2452
"evans2010",2453
"evans2012",2454
"hadley1997",2455
"hadley2000",2456
"hadley2001",2457
"hadley2002",2458
"hadley2005",2459
"hall2000",2460
"hamilton2014",2461
"hedges2007",2462
"iscan1984",2463
"iscan1985",2464
"liden1994",2465
"longinelli1984",2466
"lovejoy1985",2467
"lucy2005",2468
"map2005",2469
"maresh1970",2470
"mays2000",2471
"meindl1985",2472
"montgomery2007",173
"montgomery2009",173
"montgomery2011",173
"rasmussen2001",141
"tornbjerg1994",141
"adams1992",2473
"aldeias2016",2474
"arroyokalin2017",2475
"baneijea2015",2476
"barker1977",2477
"benyarku2005",2478
"berggren2003",2479
"borderie2015",2480
"borderie2019",2481
"bowsher2007",2482
"burch2011",2483
"canti2001",2484
"carver2005",2485
"carver2009",2486
"carver2012",2487
"carver2016",2488
"carver2015a",2489
"chadwick1998",2490
"clark1992",2491
"courty1989",195
"deroo2016",2492
"doneus2005",2493
"drewett1999",2494
"fao2006",2495
"fedele1984",2496
"c2006",2497
"feveile1984",2498
"frandsen1984",2499
"french2015",2500
"friesem2017",2501
"galeazzi2016",2502
"gasche1983",2503
"ge1993",2504
"geus2018",2505
"goldberg2003",2506
"heimdahl2005",2507
"hodder1992",2508
"hodder1997",2509
"huisman2017",2510
"hummler2015",2511
"jupiter2018",2512
"karkanas2018",2513
"kimball2016",2514
"kooistrand",2515
"kraling2014",2516
"kristiansen2014",2517
"krupski2017",2518
"langohr1994",2519
"larsson2001",2520
"larsson2009",2521
"macphail2010",195
"macphail2003",2522
"mallol2017",2523
"g2017",2524
"nicosia2013",2525
"opitz2015",2526
"pavel2012",2527
"rentzel2017",2528
"ropke2017",2529
"roskams2001",2530
"saunders2000",2531
"schiffer1987",2532
"sode2010",2533
"stoops2003",2534
"tassie2015",2535
"turney2005",2536
"valente2017",2537
"vanriel2016",2538
"vepraskas2018",2539
"verleyen2017",2540
"vince1995",2541
"weiner2010",2542
"westman1994",2543
"wouters2018",2544
"wouters2019",2545
"wouters2017",2546
"jorgensen1991",2547
"riberhus1990",2548
"posthusskulptur1993",2549
"adderley2010",2550
"akeret2001",2551
"bellens2012",2552
"ball2009",2553
"borderie2011",2554
"brown1984",2555
"bullock1985",2556
"cammas2000",2557
"cammas2001",2558
"davidson2003",2559
"devos2012",2560
"devos2009",2561
"devos2011",2562
"fechner2004",2563
"fondrillon2007",2564
"fondrillon2009",2565
"fredlund1994",2566
"french2003",2567
"gebhardt1999",2568
"goldberg2006",195
"guelat1998",2569
"guttmann2006",2570
"jacobs2010",2571
"kaplan1992",2572
"kiden1991",2573
"kiden2006",2574
"langohr2001",2575
"langohr1976",2576
"macphail1994",2577
"macphail2001",195
"macphail2004",195
"macphail2007",195
"madella2012",2578
"madella2005",2579
"matthews2010",2580
"nicosia2012",2581
"pape1966",2582
"pieters1990",2583
"romans1983",2584
"simpson1998",2585
"simpson2000",169
"simpson2005",2586
"tys2010",2587
"vandewalle1961",169
"vanes1980",169
"vanheeringen1995",169
"verhaeghe2005",2588
"verhulst1978",169
"vrydaghs2004",169
"vrydaghs2007",169
"wood1978",169
"wouters2012",2589
"sorensen2007",2590
"tymorsdetektor2012",2591
"watt2000a",2592
"randsborg1994",2593
"ulriksen2013",131
"randsborg2007",131
"portableantiquitiesscheme2012",131
"leethorp2008",173
"tainter1988",2594
"hegmon2008",2595
"vesteinsson2007",2596
"vesteinsson2010",232
"mcgovern2009",2597
"church2005",2598
"trigg2009",2599
"fredskild1991",2600
"adderley2005",2601
"adderley2006",2602
"mcgovern2006",2603
"perdikaris2007",2604
"perdikaris2008",2605
"karlsson2000",2606
"mainland2005",2607
"brewington2010",2608
"meldgaard1986",2609
"vesteinsson2004",2610
"church2007",2611
"arnalds1987",2612
"sveinbjorndottir2010",2613
"mcgovern1988",2614
"arneborg2004",2615
"berkes2000",2616
"mcintosh2000",2617
"vasey1996",2618
"mikkelsen2008",2619
"barlow1997",2620
"patterson2010",50
"meeker2002",50
"oppenheimer2003",50
"ogilvie2009",2621
"cantor2001",50
"mageroy1993",50
"gullov2008",2622
"ogden2007",173
"yorkarchaeologicaltrust1998",2623
"ackermann1999",2624
"agren2007",2625
"ambrosiani2008",2626
"anundsen1985",2627
"bill2010",2628
"bird2008",2629
"brogger1916",2630
"carver1994",2631
"challis2006",2632
"chappell1986",2633
"church2011",2634
"cuslrg2013",2635
"clark2009",2636
"crutchley2010",2637
"davis2000",2638
"doneus2011",2639
"doneus2013",2640
"ekman1996",2641
"ekman2009",2642
"eliassen2009",2643
"falck2013",2644
"fleming1998",2645
"gansum1997",2646
"gansum2007",2647
"gansum2008",2648
"gansum2009",2649
"gron1998",2650
"hafsten1983",2651
"hedeager1988",2652
"henningsmoen1978",2653
"hesnard2004",2654
"hesse2010",2655
"jerpasen1993",2656
"jerpasen1996",2657
"keller1993",2658
"keller1994",2659
"kierulf2012",2660
"klakegg1991",2661
"kokalj2011",2662
"lambeck1995",2663
"lambeck2010",2664
"lisiecki2005",2665
"mangerud2011",2666
"mitrovica2010",2667
"morhange2010",2668
"myhre1994",2669
"myhre1996",1
"myhre2013",2670
"nhs2011",2671
"nicolaysennde",2672
"ostigard2009",2673
"olesen2004",2674
"otvos2000",2675
"passe2001",2676
"pirazzoli1991",2677
"persson2008",2678
"persson2011",2679
"persson2012",2680
"pirazzoli1996",2681
"pugh2004",2682
"risbol2009",2683
"simpson2012",2684
"solberg2003",2685
"sorensen1999",2686
"stabell1980",2687
"stular2012",2688
"tartaron2013",286
"trinks2007",2689
"vestol2006",286
"vorren2008",286
"watts2001",286
"wehr1999",286
"westerdahl1996",286
"woodroffe2002",286
"abulafia2011",2690
"angenendt2008",2691
"armstrong2009",2692
"arrhenius2011",2693
"augenti2010",2694
"battaglia2001",2695
"behr2014",2696
"museum2009",2697
"bougard2008",2698
"bowden2012",2699
"broodbank2013",2700
"mullerwille2007",2701
"dietrich2012",2702
"doherty1985",2703
"ekelund1994",2704
"gelichi2010",2705
"gelichi2013",2706
"gelichi2012",2707
"henning2007",2708
"henning2008",2709
"herschend1992",2710
"hill1997",2711
"horden2000",2712
"kelly2000",2713
"kocabas2008",2714
"lane2000",2715
"lebecq2000",2716
"liebeschuetz2000",2717
"loveluck2005",2718
"loveluck2007",2719
"loveluck2012",2720
"lowe2006",2721
"maldonadoramirez2011",2722
"marazzi2004",2723
"marsawa2011",2724
"mccormick1997",2725
"mccormick2007",2726
"mithen2011",2727
"mullerwille2010",2728
"nielsen1994",2729
"dwyer1981",2730
"maidin1996",2731
"osullivan2013",2732
"skre2012",2733
"soderberg2004",2734
"arbman1943",161
"barrett1991",2735
"belk1988",2736
"bruck2004",2737
"carlsson1983",2738
"devlin2007",2739
"fowler2004",23
"eriksson2014",2740
"gosden2004",2741
"imer2011",2742
"jones2005",2743
"keynes1983",2744
"king2004",2745
"krause1966",2746
"lemonnier2012",2747
"maixner2005",2748
"parkerpearson1999",154
"pearce2013",2749
"linder2014",44
"stenberg2007",44
"stenberg2008",44
"akademiens2014",44
"thunmarknylen1983",44
"thunmarknylen1986",44
"thunmarknylen1998",2750
"tolkien1954",44
"tollerton2011",44
"tsigaridasglorstad2012",2751
"webmoor2008",2752
"alberti2016",2753
"ambrosiani1993",2754
"aries1962",2755
"bo1967",2756
"backe1993",2757
"bantelmann1955",2758
"bloch1995",2759
"brink2012",2760
"brown2008",2761
"bruck1999",2762
"callow2006",2763
"cannon2015",2764
"capelle1987",2765
"cuijpers1999",2766
"dedet1990",2767
"eriksen2010",2768
"eriksen2015",2769
"gamble2007",2770
"gejvall1955",2771
"gell1998",2772
"gottlieb2004",2773
"grindkasa2012",2774
"haarnagel1979",2775
"hamerow2006",2776
"hamilakis2013",2777
"hansen2006",2778
"harris2010",2779
"hausfater1984",2780
"holck2008",2781
"hrdy1992",2782
"hrdy1999",2783
"jones2010",2784
"jorgensen2014",2785
"kamp2001",2786
"karsten1994",2787
"kaul2003",2788
"lally2011",2789
"lally2008",2790
"lancy2008",2791
"lillehammer1989",2792
"lillehammer2008",2793
"lillehammer2011",2794
"lunde2011",2795
"menotti2014",2796
"meskell2002",2797
"mithen2000",2798
"moore2009",2799
"mundal1987",2800
"mundal1988",2801
"murphy2014",2802
"naumann2012",2803
"nielsen1987",2804
"nielsen1986",2805
"pentikainen1990",2806
"renck2000",2807
"roslund1990",2808
"runge2009",110
"sawyer1992",2809
"scheperhughes1992",110
"schlabow1953",110
"schutz2001",110
"sellevold1987",110
"sofaerderevenski2000",2810
"tarlow2000",2811
"toedter2001",110
"ucko1969",110
"viveirosdecastro2004",110
"welinder1998",2812
"domeij1994",124
"domeij2004",2813
"shetelig1944",124
"steuer1994",124
"tomasdotterjakobsson1992",124
"tilley1994",124
"verhulst1999",2814
"wheatley1969",2815
"wheatley1971",2816
"wataghin2011",2817
"wickham2012",2818
"carver1993",122
"willemsen2010",122
"grimnesmal1985",2819
"landnamabok1997",2820
"andreeff2007",2821
"andren1993",26
"andren1997",2822
"arrhenius1970",2823
"bardseth2009",2824
"beck2010",2825
"bell1992",2826
"bertell2006",2827
"blanton1995",2828
"blier1987",2829
"heyerdahllarsen1995",291
"bourdieu1977",2830
"bradley2005",2831
"brendalsmo1992",2832
"carlie2006",2833
"davidson1964",2834
"davidson1968",2835
"davidson1993",2836
"decerteau1984",2837
"eriksen2011",2838
"feilberg1907",2839
"fendin2006",2840
"fredriksen2002",2841
"gardela2011",2842
"gennep1960",2843
"geschwind2005",2844
"graslund1969",2845
"gurevic1969",2846
"hagberg1937",2847
"hallans1997",2848
"heide2006",2849
"herschend1997",2850
"hillier1984",2851
"holmquistolausson1990",2852
"holmquistolausson1996",2853
"holmqvist1961",2854
"holmqvist1933",2855
"johansson1993",2856
"kaliff1997",2857
"kjos2009",2858
"komber1989",2859
"kristensen2010",2860
"kristoffersen2000",2861
"kristoffersen1999",2862
"kristoffersen2010",2863
"lakoff1980",2864
"lang1984",2865
"larrington2007",2866
"petersen1933",2867
"ramqvist1992",2868
"reynolds2009",2869
"rodsrud2007",195
"ronne2008",2870
"rundkvist2012",2871
"sander1997",2872
"schmidt1999",2873
"skov2002",2874
"soderberg2006",2875
"solheim1965",2876
"steinsland2005",23
"stutz2006",2877
"stutz2008",2878
"stutz2010",2879
"trumbullnd",2880
"tuan1977",2881
"turner1967",19
"turner1977",2882
"unwin2007",19
"unwin2009",19
"weibull1911",2883
"weibull1918",19
"wilson1988",2884
"wylie1985",19
"dansgaard1964",151
"eriksson2008",2885
"fischer2007",2886
"fuller2003",263
"hillson1996",2887
"hoppe2003",2888
"ingramnd",2889
"aberg1987",2890
"birck1986",2891
"chenery2010",2892
"muldner2005",2893
"oneil1994",2894
"polet2003",2895
"privat2007",2896
"richards1998",2897
"schroeder2013",192
"sealy2001",2898
"sealy1995",263
"vennemann2002",192
"voerkelius2010",2899
"white1998",2900
"lecolle1985",192
"levinson1987",263
"liden1995",192
"lykoudis2007",192
"mann2003",2901
"moberg2005",2902
"montgomery2005",263
"montgomery2010",2903
"almgren1967",2904
"ambrosiani1988",2905
"ambrosiani1995",2906
"ambrosiani1999",2907
"arwidsson1989",2908
"burenhult1984",47
"carcopino1984",47
"ermatinger2015",47
"guliaev2003",47
"hall2016",2909
"hedenstiernajonson2018",47
"jones1968",97
"lancianind",47
"lindquist1978",2910
"lindquist1984",47
"ringstedt1997",2911
"roesdahl1992a",21
"sandberg1994",2912
"selling1940",2913
"stenberger1964",2914
"whittaker2006",2915
"carver2010",122
"yenikapi2008",122
"schulzedorrlamm1998",2916
"baastrup2007",2917
"baastrup2005",272
"haberstroh2008",272
"ramskou1950",272
"sovso2011",272
"ulriksen2003",272
"ulriksen2006",2918
"arrhenius1960",2919
"behmblancke1973",2920
"birkedalchristensen1991",2921
"bode1998",2922
"callmer1999",2923
"carnapbornheim1997",2924
"drescher1983",2925
"fallgren2016",2926
"feveile2014",2927
"fiedel2011",2928
"frick1993",2929
"fuglesang1985",2930
"gjedssobertelsen1991",2931
"gjedssobertelsen1992",2932
"haackolsen2005",2933
"haldenby2010",2934
"hedegaard1989",2935
"hedegaard1992",2936
"hellesolesen1992",2937
"henriksen1998",2938
"henriksen2002",2939
"hines1997",2940
"hoilundnielsen1984",2941
"hoilundnielsen1991",2942
"hoilundnielsen2011",2943
"hoilundnielsen2006",2944
"hardh2011",2945
"johansen1992",2946
"jouttijarvi2002",2947
"klindtjensen1957",2948
"lonborg1999",2949
"madsen1990",2950
"maixner2015",2951
"mclean2007",2952
"moesgaard2012",2953
"moesgaard2008",2954
"nerman1969",2955
"reichstein1975",2956
"sarauw2014",2957
"schulzedorrlamm1986",2958
"stromberg1961",2959
"trierchristiansen2017",2960
"watt1991",2961
"wahlin2014",2962
"zimmermann2015",130
"unmarknylen1981",2963
"bremen1975",2964
"tacitus2003",2965
"ambrosiani1985",2966
"andersen2009",2967
"andersson2008b",2968
"andren1991a",2969
"anglert2006",2970
"arne1937",2971
"arrhenius1986",2972
"artelius2008",2973
"biuw1992",2974
"bland1993",2975
"bradley2000",2976
"price2008f",2977
"back2009",2978
"carlie1998",2979
"ross1994",2980
"conti1999",2981
"rosengren1997",2982
"green1995",2983
"hannestad1986",2984
"hansen1989",2985
"hansen1996",2986
"hauck1984",2987
"ruprecht1992",2988
"hellberg1967",2989
"hjarthnerholdar2008",2990
"holmqvist1972",2991
"holmqvist1969",2992
"hultgard1995",2993
"ilkjaer1990",2994
"jeppesen2004",2995
"johansen1989",2996
"johns1994",2997
"jong2001",2998
"jorgensen1994",130
"lamm1989",2999
"lamm1999",3000
"lindeblad2007",3001
"lundqvist1997",3002
"lundstrom1988",3003
"milburn1989",3004
"montanari2001",3005
"mortensen1988",3006
"myrberg2005",276
"nilsson1992",3007
"nylen1988",3008
"nasman1993",3009
"ringtved1991",3010
"sanden2001",3011
"sawyer1985",3012
"simek1993",3013
"skovgaardpetersen1981",3014
"price2008h",3015
"staecker1999",3016
"strid1993",3017
"price2008i",3018
"sorensen2008",3019
"sorensen1985",3020
"sorensen2000b",3021
"savborg2003",3022
"theuws2001",3023
"thomsen1994",3024
"thrane1987",3025
"thrane1982",3026
"vierck1981",3027
"vikstrand1996",3028
"wes1992",3029
"widgren1998",3030
"stiegemann1999",272
"wieczorek2000",272
"st1916",3031
"croinin1997",3032
"jezek2011",3033
"macairt1983",3034
"schuldt2011",3035
"scott1978",3036
"byrne1973",3037
"warner1997",3038
"dunbabin2002",3039
"kelly2011",3040
"thiaw2011",3041
"toch2000",3042
"toch2014",3043
"mikulcice1973",3044
"machacek2013",3045
"kenny1986",3046
"kruse1995",3047
"borkovsky1954",3048
"graus1957",3049
"davidson1992",3050
"hanuliak1995",3051
"hope2010",3052
"redknap2004",3053
"hills1984",3054
"hirst1985",3055
"forexample1997",3056
"hall1978",3057
"machacek2010",3058
"kjellstrom2009",3059
"aalto2014",3060
"ahola2014a",3061
"bartlett1993",7
"brondsted1979",7
"buko2008",3062
"fellowsjensen2008",7
"foote1970",3063
"gravesbrown1996",7
"hall2007",3064
"hannestad1970",7
"heininen2014",7
"ingstad1977",7
"jakobsen2015",7
"jansson1991",7
"kakonen1998",7
"konsa2008",3065
"laakso2014",7
"lamm1928",7
"mcdonald2014",7
"moesgaard2011",7
"mohen1992",7
"nerman1958",3066
"noonan1997",7
"pries2014",7
"rahtz1983",7
"richards2005",7
"rimbertnd",7
"roesdahl2012",3067
"roslund2001",7
"sawyer1997",3068
"schalin2014",7
"sindbaek2015",7
"stockmann2015",7
"talvio2014",3069
"williams2013a",3070
"winroth2014",3071
"zak1963",3072
"zak1967",3073
"ulriksen2002",130
"hoilundnielsen1987",130
"barfod2016",3074
"callmer2001",3075
"christophersen2015",3076
"clark2007",3077
"costin2001",3078
"cotton1933",3079
"dobres2000",3080
"dobres2014",3081
"feveile2001c",233
"c2006a",3082
"feveile2008",3083
"flad2007",3084
"gebers2004",3085
"henderson2000",3086
"hodges2000",3087
"holback1999",3088
"hybel2007",3089
"jacobs2016",3090
"jankuhn1983",3091
"jennings2016",3092
"jervis2016",3093
"latham2009",3094
"latour2005",3095
"leroigourhan1964",3096
"linaa2015",3097
"lonborg1992",3098
"lonborg1998",3099
"mainman2000",3100
"neiss2012",3101
"oexle1992",3102
"oldeberg1966",3103
"orfanou2018",3104
"ottaway1970",3105
"parkinson2013",3106
"pirenne1927",3107
"ramquist1992",3108
"renfrew1994",3109
"rimbert1961",3110
"sage1984",293
"schortman2004",293
"smith2009",293
"smith2017",3111
"trigger1986",293
"ur2014",293
"voncarnapbornheim1996",293
"wailes1996",293
"wickham2009",3112
"wirth1938",293
"alberti2009",3113
"andersson1997",3114
"aspock2011",3115
"effros2002",3116
"fahlander2008",3117
"fahlander2010",3118
"fahlander2013",3119
"fahlander2014",3120
"gansum2004",3121
"hastrup1985",3122
"hedjakobsson2011",3123
"holback2016",3124
"holbraad2010",3125
"holbraad2017",3126
"holloway2008",17
"klevnas2015",3127
"klevnas2016",17
"kummel2005",17
"olsson2007",17
"orchard2003",3128
"orchard2004",3129
"perabo2017",3130
"runer2014",17
"salmond2014",3131
"stoklund2004",17
"tesch2015",17
"watts2013",17
"wickholm2008",17
"wikstrom2006",17
"williams1998",17
"williams2005",3132
"henning1992",3133
"liebermann1903",3134
"ludvikovsky1978",3135
"campbell1998",3136
"klaniczay1985",3137
"mccormick2005",3138
"obrien2005",3139
"davies2010",3140
"valante2000",3141
"trestik2015",266
"kenny1987",266
"machacek2017",266
"aspock2008",3142
"galuska2004",266
"galuska2015",266
"schuldt1960",266
"mcdonough1995",266
"klaniczay1953",266
"arwidsson1942",3143
"arwidsson1954",3144
"arwidsson1983",3145
"behmblancke2003",3146
"boeheimnd",3147
"bohner1958",3148
"brucemitford1975",3149
"chaney1970",3150
"claessen1978",3151
"colgrave1992",3152
"cumontnd",3153
"dagron2003",3154
"ellmers1970",3155
"erkens2002",3156
"filmersankey1996",3157
"frazernd",3158
"funcken1977",3159
"gage1988",3160
"goodman1969",3161
"hagen1992",3162
"hanke2001",3163
"harke1992",3164
"hopetaylor1977",3165
"johansen1932",3166
"krausse1999",3167
"latte1988",3168
"lind2003",3169
"mercer1929",3170
"minkenberg2003",3171
"ullerwille1970",3172
"nielsen1996",3173
"oconnor1989",3174
"pieper1989",3175
"richards1992",12
"service1971",12
"siebert1999",12
"sten1988",3176
"stepper2003",12
"steuer2004",12
"vadstrup1997",12
"devries1956",3177
"werner1986",12
"winkelman1996",12
"anthony1990",3178
"arnold1990",3179
"burmeister2000",3180
"clarke1973",3181
"dennell1996",3182
"haak2010",3183
"james1999",3184
"kohl1995",3185
"kristiansen2017",3186
"richards1996",3187
"schiffels2016",3188
"shennan2013",3189
"trigger1984",3190
"andersen2015",3191
"andersen1984",3192
"andersen2000",3193
"andersen2001",3194
"bolander2013",3195
"borg1998",3196
"feveile2016",3197
"gabriel1988",3198
"gross1993",3199
"jacobsen2001",212
"jantzen1998",212
"kastholm2011",212
"klemensen2000",212
"knorr1938",212
"krabath2001",212
"madsen1999",212
"sabo2013",212
"skaarup2001",212
"jahrhundert1997",212
"skaarup2000",212
"timpel1987",212
"ulriksen2000",212
"voss1961",212
"wagnkilde1999",212
"wagnkilde1997",212
"beck2016",212
"bailey1984",3200
"ballard2003",3201
"bonacich1973",3202
"bradley1988",3203
"carey1997",3204
"cohen1971",3205
"collingwood1927",3206
"curtin1984",3207
"downham2009",3208
"downham2010",3209
"downham2012",3210
"edmonds2009",3211
"edmonds2014",3212
"edwards1990",3213
"freedman1960",3214
"gibbons2003",3215
"gourgouris2005",3216
"griffiths2004",3217
"james1978",3218
"jesch2008",3219
"johnson1999",3220
"johnson2004",3221
"lang1987",3222
"levi2001",3223
"markovits2002",3224
"marstrander1916",3225
"maxwell1998",3226
"mcniven2003",3227
"mcpherson1993",3228
"murray2004",3229
"nurse1985",3230
"ocorrain1978",3231
"ofloinn1987",3232
"ofloinn1998",3233
"oka2008",77
"omeara1982",77
"sheehan2001",3234
"sigurdsson2000",77
"smith1927",77
"stacey2007",77
"tan1979",77
"tan1993",77
"tsagarousianou2004",77
"wallace1987",77
"brink2006",3235
"fabech2006",3236
"herschend2006",3237
"lindqvist1941",235
"sorensen1994b",3238
"liden1996",3239
"brink1996",3240
"albrethsen1986",3241
"amorosi1998",3242
"arneborg2000",3243
"barlow2001",3244
"berglund1986",3245
"bond1998",3246
"brewington2007",3247
"buckland1996",3248
"buckland1991",3249
"dawson2003",3250
"dennis1993",3251
"dugmore1991",3252
"dugmore2006",3253
"dugmore1994",3254
"edwards1982",3255
"kristjansson1993",3256
"krogh1974",3257
"lynnerup2000",3258
"lynnerup2003",3259
"mairs2006",3260
"mason1998",3261
"mayewski2002",3262
"mcghee1984",3263
"mcghee2002",3264
"mcgovern1979",3265
"bones1992",3266
"thomas2001",3267
"ogilvie2000",3268
"olafsdottir2001",3269
"perdikaris1999",3270
"petersen2000",3271
"schledermann2003",3272
"seaver1996",3273
"simpson2001",119
"spufford2006",119
"sutherland2000",3274
"vesteinsson2000",3275
"androshchuk2005",3276
"burstrom1990",3277
"callmer2004",3278
"christensen1981",3279
"christensen1997",294
"damsholt1984",3280
"dommasnes1979",3281
"dommasnes1991",3282
"ellis1943",3283
"p2008",3284
"ewing2006",3285
"gardela2009",3286
"graslund1994",3287
"gron1994",3288
"harrington2007",3289
"smith2004",3290
"holck2006",3291
"ingstad1992",3292
"jochens1996",3293
"jochens1998",34
"jorgensen2005",3294
"larrington1999",3295
"lauritsen2003",3296
"nordberg2002",3297
"paulsen1956",3298
"andersen1922",3299
"sellevold1984",3300
"skaarup1976",115
"stalsberg1991",3301
"stalsberg2001",3302
"stylegar2007",115
"vangpetersen2005",3303
"bolander2017",3304
"henrikson2001",3305
"henrikson2002",3306
"jensen2011",3307
"bakka1993",3308
"bukkemoen2007",3309
"chapman1999",3310
"barndon2006",3311
"gjerpe2007",3312
"graslund1995",3313
"hanisch2000",3314
"howardjohnston1993",3315
"kristoffersen1985",3316
"lie1992",3317
"lowenborg2012",3318
"magnus1983",3319
"landbruk2008",3320
"nielsen2007",3321
"robin2002",96
"soma2006",96
"tringham1995",96
"valum2011",96
"ostigard2007",96
"anglert1989",3322
"andersson2001",3323
"berglund2017",3324
"brendalsmo2006",3325
"christie1974",3326
"ellingsen2012",3327
"eidshaug2016",3328
"forseth2017",3329
"gronnesby1998",3330
"guttormsen2002",3331
"henriksen2007",3332
"heaney1999",3333
"herschend1998",3334
"holmsen1976",111
"jensenius2010",111
"jensenius2018",3335
"mokkelbost2015",111
"nordeide2006",111
"rian1992",111
"roskaft2005",111
"sauvage2016",111
"skre1988",111
"steinsland1994",3336
"nielsen2002",3337
"aberg1995",3338
"blum2000",3339
"burton1999",3340
"frei2009",3341
"grupe1997",3342
"gustafsson2000",3343
"horwitz1992",3344
"jorkov2010",3345
"knudson2004",3346
"larsen2006",3347
"pollard2011",263
"price1992",3348
"price1994",3349
"price1998",3350
"price2007",3351
"yoder2010",3352
"sugden1982",119
"vesteinsson2002",232
"bjorn1943",3353
"dronke1969",3354
"dronke1997",3355
"einar1934",3356
"ol1954",3357
"bordarson1935",3358
"faulkes1987",3359
"jonsson1929",3360
"jonsson1976",3361
"palsson1972",3362
"hollander2000",3363
"hollander2002",3364
"vesteinn2003",3365
"wasko2006",3366
"zaluskastromberg1973",3367
"zaluskastromberg1986",3368
"adolfsson1995",3369
"carelli2006",3370
"arne1941",3371
"arrenhius1961",3372
"backdanielsson2001",3373
"baines1977",3374
"gardela2025",3375
"heggstad2006",3376
"ingstad1995",3377
"jesch1996",3378
"kristjansson2007",3379
"kempinski2003",3380
"kiil1960",3381
"kosman1989",295
"kyhlberg1980",3382
"mckinnell2000",295
"mcturknd",295
"monsen1969",295
"moszynski1967",295
"motz1996",295
"neustupny2001",295
"nordstrom2006",295
"raudvere2003",295
"renfrew2000",295
"resiheid2002",295
"ringquist1969",295
"wallis2000",295
"wallis2001",295
"wujewski1991",295
"arneborg2002",119
"edvardsson2004",119
"lynnerup2007",119
"scudder2001",3383
"thorsdrapa1900",3384
"sourcesalberti2009",3385
"amundsen2014",3386
"bruck2013",3387
"carlie2004",3388
"carsten1995",3389
"cleasby1957",3390
"gansum2003",3391
"gerritsen1998",3392
"herschend2003",3393
"ingold2006",3394
"kristiansen2013",3395
"levistrauss1983",3396
"renck2008",158
"risbolnielsen1995",158
"thomas2015",158
"williams2001",158
"andrews2006",3397
"appelgren2007",3398
"appleby2013",3399
"aspeborg2007",3400
"burenhult2002",3401
"ersgard2006",3402
"hallansstenholm2012a",3403
"klevnas2013",3404
"latour1999",3405
"lundstrom2004",3406
"mejsholm2009",3407
"montell1996",3408
"nilssonstutz2003",3409
"olausson1993",3410
"olofsson2006",3411
"salmond2012",3412
"theliander2010",3413
"vinberg2015",3414
"wuopio2015",3415
"skrede2005",3416
"glorstad2013",96
"helga2001",3417
"andersen2002",3418
"sayer2009",3419
"ynglingesaga1979",3420
"alcock1991",3421
"als2006",3422
"barrett2001",3423
"bjorgo1995",3424
"blindheim1947",3425
"blindheim1976",3426
"blindheim1978",3427
"blindheim1981",3428
"bodal1998",3429
"boe1934",3430
"braathen1989",3431
"callaway1987",3432
"cessford1996",3433
"crane2002",3434
"damsholt2003",3435
"demarrais1996",3436
"enright1986",3437
"etchingham2001",3438
"fuglesang1972",3439
"goodacre2005",3440
"grahamcampbell1976",3441
"grahamcampbell1983",3442
"grahamcampbell1987",3443
"gupta1992",3444
"gustafson1900",3445
"hall2004",3446
"hammerton2004",3447
"harlow2004",3448
"hedeager1998",3449
"hedeager2005",3450
"hedeager2007",3451
"helgason2000",3452
"helgason2001",3453
"hougen2006",3454
"janes1996",3455
"jenkins1997",3456
"johansen1973",3457
"jondell1974",3458
"kaland1995",3459
"kertzner1988",3460
"larsen2001a",3461
"larsen1978",3462
"levine2004",3463
"macdermott1955",3464
"magnus1975",3465
"mahr1941",3466
"malmius2003",3467
"nieke1991",3468
"nieke1988",3469
"olsen2000",3470
"paisley2004",3471
"pedersen2010",3472
"petersen1928",3473
"ryste2005",23
"skibstedtklaesoe1999",3474
"staecker2003",3475
"stafford1998",3476
"stenberger1958",3477
"stevenson1974",3478
"stevenson1987",3479
"stevenson1989",3480
"stoler2002",29
"sveaasandersen1977",29
"trenchjellicoe1999",29
"tsigaridasglorstad2010a",29
"vandommelen2002",29
"whitfield2001",29
"whitfield2004",29
"wilson1973",29
"nilsson2007",3481
"hennius2008",256
"henriksen2003",256
"holme2000",256
"rundkvist2008",3482
"kristoffersen2009",96
"aqvist2006",3483
"arrhenius1990",3484
"bornaahlkvist1998",3485
"carelli2001",3486
"carlsson1979",3487
"rasmusen1999",3488
"dodgshon1980",3489
"fallgren1993",3490
"gothberg2000",3491
"gurevich1992",3492
"herschend1988",3493
"hoff1984",3494
"hoffman1975",3495
"holst2004",3496
"hvass1988",228
"jorgensen1987",3497
"kaldalmikkelsen1999",222
"liedgren1997",222
"lillehammer1999",161
"olsen1997",3498
"petersson2006",3499
"porsmose1988",3500
"rasmussen1999",222
"riddersporre1995",222
"ringstad1991",222
"roberts1987",222
"selinge2001",222
"sundqvist2002",3501
"thunmark1979",222
"allentoft2015",3502
"brather2004",3503
"cabana2011",3504
"childe1929",3505
"greenblatt2009",3506
"harrison2007",3507
"lazaridis2014",3508
"muller2001",3509
"patterson2012",3510
"prescott2013",3511
"price2004",3512
"shennan1989",3513
"skoglund2012",3514
"sigfusson1940",3515
"bjorn1943a",3516
"ol1934",3517
"kunz2001",3518
"larrington1991",3519
"tolkien1960",3520
"jakobsson2001",3521
"backdanielsson1968",3522
"carlsson1999",3523
"daviskimball2002",3524
"dieck1975",3525
"dillmann2006",3526
"dommasnes1978",3527
"davidson1972",3528
"davidson1996a",3529
"hedenstiernajonson2014",3530
"hernaes1984",3531
"katrin2005",3532
"kalinke1986",3533
"eldjarn2000",3534
"lokka2014",3535
"majchczack1997",279
"nadolski1954",279
"pestell2013",3536
"petersen1992",279
"sauckel2013",279
"samson1991",279
"straubhaar2002",279
"straubhaar2011",279
"strom1954",279
"svanberg2000",3537
"tolley2009",279
"riksantikvarieambetet2011",256
"henriksen2006a",256
"attar1990",259
"benson2006",259
"bergfjord2012",259
"frei2010a",259
"geus2004",259
"hald1950",259
"heier2009",3538
"kohn1999",259
"mannering2011",259
"morita1986",259
"rosborg2003",259
"enright1996",3539
"albarella2004",3540
"albarella2001",3541
"degerbol1948",3542
"dobney2001",3543
"enghoff2005",3544
"graslund2004",3545
"hamiltondyer2002",3546
"zmbochenski2001",3547
"hatting1998",3548
"lepiksaar1966",3549
"makowiecki2001",3550
"mlikovsky2005",297
"muller1974",297
"oggins2004",297
"prummel1997",297
"serjeantson2011",297
"tomek2000",297
"tyrberg2002",297
"vretemark2010",297
"knipper2017",3551
"arrhenius1973",3552
"bennet1987",3553
"blidmo1976",3554
"blidmo1981",3555
"bratt2009",3556
"eraesko1965",3557
"eriksson2004",3558
"oxford1967",3559
"ferenius1971",3560
"fischer2004",3561
"fischer2005",3562
"fischer2009",3563
"fischer2008",3564
"gronwall1995",3565
"gronwall2009",3566
"hauck1977",3567
"herschend1974",3568
"hoilund2000",3569
"horsnaes2008",3570
"jonsson1992",3571
"kyhlberg1985",3572
"kyhlberg1999",3573
"lallemand1965",3574
"lamm1973",3575
"lamm1972",3576
"stockholm1976",3577
"lorren1995",3578
"lotter2003",3579
"lundstrom1972",3580
"magnus2008",3581
"ostergren1981",3582
"ramqvist1983",257
"selirand1985",257
"sjovold1993",257
"stjernquist1994",257
"waller1996",3583
"eldjarn1948",3584
"eldjarn1953",3585
"gelsinger1981",3586
"gragas1980",3587
"grinderhansen2000",3588
"gulatingslovi1937",3589
"helle2001",3590
"holt1998",3591
"johannesson1969",3592
"jonsson1993",3593
"olafsson1990",3594
"risvaag2006",3595
"soga1978",3596
"soga1981",3597
"soga1994",3598
"williams2000",239
"ostergren1989",3599
"fridriksson2000",3600
"keller2005",3601
"artifact2000",3602
"skovmann1942",3603
"capelle1968",3604
"grahamcampbell1990",3605
"grahamcampbell1981",3606
"lekberg2002",176
"stang1984",176
"blackburn1989",239
"haworth1990",239
"assmann1995",3607
"bogucki2004",3608
"duczko2000",3609
"filipowiak1958",3610
"filipowiak1992",3611
"gorecki2002",3612
"holtzmann1918",3613
"jankuhn1934",3614
"janocha1974",3615
"janowski2009",3616
"kara1991",3617
"kola1946",3618
"lowmianski1957",3619
"morawiec1954",3620
"nielsen1991",3621
"rajewski1937",100
"ratajczyk2011",100
"rebkowski2011",100
"sikora2012",100
"schulte1918",100
"wojtkowiak2013",100
"zak1957",100
"duczko1996",3622
"hennius2007",3623
"jahrehorn2014",187
"peets2010",151
"storli2007",187
"boddington1996",3624
"geake1992",3625
"hockart1938",3626
"sherlock1992",3627
"tomicka1975",294
"andersen1985",3628
"mayor2014",3629
"regal2001",3630
"einarol1934",3631
"pedraza1991",3632
"mcguire2009",3633
"crowder2000",224
"reimers1999",224
"parle1995",224
"sjovold1917",224
"owen1994",224
"kobylinski1994",224
"halsall1996",224
"callow1995",224
"eldjarn1919",224
"townsend2000",176
"mytum2003a",176
"stummannhansen1996",176
"fanning2014",176
"larsen2000",176
"knudsen2007",176
"richards2007",3634
"haugen1979",176
"saxogrammaticus1996",3635
"miller1997",3636
"ambrosiani1990",3637
"barrett1997",3638
"brogger1921",3639
"bull1928",3640
"hellan2014",3641
"munch1962",3642
"reitan2011",3643
"resi1985",45
"rolfsen1977",45
"rundberget2007",3644
"rygh1905",45
"rysstad1928",45
"skar1909",45
"sperber2004",45
"steinnes1926",3645
"wenn2017",45
"wenn2016",45
"wiker2013",45
"alexandersen1998",3646
"behrensmeyer1978",3647
"binford1981",3648
"bliujiene2007",3649
"bridault1992",3650
"bronkramsey2013",3651
"carlie2002",3652
"carlie1993",3653
"degrossimazzorin2002",3654
"ewbank1964",3655
"faulkes1995",3656
"frei2013",3657
"goodman1990",3658
"grant1982",3659
"graslund2002",3660
"green1992",3661
"grimm2008",3662
"grimm2010",3663
"prummel2008",3664
"harris1931",3665
"hatting1978",3666
"hatting1985",3667
"helmer1987",3668
"henriksen2015",116
"hillson2000",3669
"jennbert2006",26
"jorgensen2012",3670
"koudelkand",3671
"kveiborg2013",3672
"lauwerier2002",3673
"legge1992",3674
"loumand2006",3675
"magnell2012",3676
"may1985",3677
"monikander2010",3678
"morey2010",3679
"morris2008",3680
"nilsson2003",3681
"nilsson2009",3682
"noenygaard1990",3683
"park1953",3684
"payne1973",3685
"primeau2012",3686
"reimer2013",3687
"reitz1999",3688
"russell2012",3689
"schanche2000",3690
"scheuer2000",3691
"schmid1972",3692
"serjeantson1991",3693
"shipman1984",3694
"strom1985",3695
"stuartmacadam1985",196
"ubelaker1989",196
"vanhaasteren1974",196
"vretemark1997",196
"referencesanderson2013",3696
"arundale1976",3697
"arundale1981",3698
"ascough2005",3699
"ascough2006",3700
"ascough2007",3701
"ascough2009",3702
"ascough2014",3703
"austin2006",3704
"birgisson2013",3705
"bronkramsey2017",3706
"buonasera2015",3707
"coltrain2003",3708
"coulthard2010",3709
"craig1957",3710
"darwent2016",3711
"dumond1987",3712
"dumond2002",3713
"einarsson2011",3714
"fitzhugh1993",3715
"fitzhugh2004",3716
"friesen2016",3717
"gronnow2017",3718
"hajdas2014",3719
"harritt1995",3720
"smith2012",3721
"smith2014",3722
"smith2015",3723
"smith2016",3724
"heron2010",3725
"holtved1944",3726
"isaksson2010",3727
"issenmen1997",3728
"jull1996",3729
"ledger2016",3730
"linnamae1975",3731
"mangerud1972",3732
"mangerud2006",3733
"maryrousseliere1976",3734
"maryrousseliere1979",3735
"mason1990",3736
"mathiassen1927",3737
"maxwell1973",3738
"maxwell1980",3739
"maxwell1985",3740
"mccullough1989",3741
"mcghee2000",3742
"mcghee2009",3743
"mcghee1976",3744
"morrison1983",3745
"morrison1989",3746
"nilsen2017",3747
"odess1996",3748
"odess1998",3749
"odess2004",3750
"olsson1980",3751
"ostergard2004",3752
"ostergard1999",3753
"owen2002",3754
"park1994",3755
"park2004",3756
"petterson2013",3757
"possnert1997",3758
"raghavan2014",3759
"reimer2001",3760
"rogers1998",3761
"sabo1980",3762
"sabo1978",3763
"sayle2014",3764
"sayle2016",3765
"schledermann1978",3766
"schledermann1980",3767
"seersholm2016",53
"sinding2015",53
"sinding2017",53
"stuiver1986",53
"sutherland2002",3768
"tauber1979",53
"taylor1995",53
"tremayne2016",53
"arrhenius2001",3769
"magnus1997a",3770
"bjgrgo1969",3771
"gjessing1929",3772
"gjessing1934",3773
"glgrstad2010",59
"lillios1999",3774
"magnus1999",59
"mannering2000",59
"munch1979",59
"nerman1975",59
"nylen1994",3775
"petersen1905",3776
"petersen1907",3777
"ratke2006",59
"sjevold1974",59
"watt2004a",3778
"williams1966",59
"aberg1924",59
"palsson1989",3779
"nordal1933",3780
"adalbjarnarson1941",3781
"andrea2011",3782
"arnold1980",3783
"benstead2006",3784
"bjorck1995",3785
"craig2006",3786
"delrio2005",3787
"fogel1989",3788
"fuller2004",3789
"grupe1986",3790
"habicht1985",3791
"harbeck2009",3792
"huhneosterloh1997",3793
"husterplogmann2006",3794
"imhof1977",3795
"james1972",90
"jenkins2001",90
"konnor1980",90
"lemke2005",90
"marold2001",90
"jahrgang2002",90
"jonsson1944",3796
"palsson1962",3797
"arwidsson1986",3798
"jorpeland2013",3799
"bersu1966",3800
"dickinson1992",3801
"duczko1989",3802
"dundes1992",3803
"eniosova2009",3804
"fuglesang1989",3805
"gardela2017",3806
"grinsell1973",3807
"gustafson1906",3808
"hansson1938",3809
"henriksen2013",3810
"hildebrandnda",3811
"hjardar2012",3812
"harke1990",3813
"hardh1976",3814
"jagodzinski2010",3815
"kivikoski1946",3816
"lorangendb",3817
"makarov2017",3818
"mannering2017",3819
"meaney1981",3820
"melin2001",3821
"morck1900",3822
"novikova1998",3823
"olsson1986",39
"pestell2012",39
"petersen1917",39
"robb2001",39
"rudzinski2009",39
"ryghnd",39
"samdal1905",39
"schnittger1920",39
"simonsson1969",39
"stenberger1947",39
"stenberger1953",39
"stenberger1956",39
"thoren1994",39
"thunmarknylen2006",39
"wetzler2017",39
"stjerna1905",3824
"aanestad2015",66
"barrowman2011",66
"bond2016",66
"brundle2003",66
"carver2008",3825
"crawford1987",3826
"dockrill2010",3827
"forsyth2007",66
"gautier2016",66
"griffiths2010",3828
"ritchie1977",3829
"whitelock1979",3830
"worsaaend",66
"arbman1933",3831
"arbman1935",3832
"grahamcampbell1992",3833
"kleinglrtner2007",3834
"nordin1990",3835
"paulsen1937",280
"pedersen1996",3836
"sundkvist2001",280
"sturluson1993",280
"soderberg2007",280
"tesch1990",280
"tesch2007",3837
"stockholm2007",280
"askeberg1942",97
"metcalf2003",97
"hakon2008",3838
"ohs1985",3839
"baastrup2013",3840
"church2013",3841
"dugmore2010",3842
"golledge2003",3843
"gronnesby2015",3844
"klaesoe1997",3845
"myhre2000",3846
"owen2004",3
"purcell2015",3847
"rockman2003",3848
"shetelig1927",3
"solli1996",3849
"stenvik2001",3850
"vandenoort2011",3
"weber1994",3851
"weber1996",3852
"westerdahl2015",3
"aiken1986",3853
"ambrosiani2000",3854
"carpelan1992",3855
"cassel2008",3856
"cleve1930",3857
"cleve1943",3858
"cleve1978",3859
"ross2001",3860
"edgren1992",3861
"edgren2001",3862
"edgren2008",3863
"emberling1997",3864
"engman1991",3865
"entwistle2000",3866
"fahlander2007",3867
"feldt2002",3868
"gardell2001",3869
"ginters1981",3870
"ginters1984",3871
"gosden2001",3872
"gustin2010",3873
"gustin2015",3874
"hagerman2006",3875
"hall1990",3876
"hall2010",3877
"hardh1984",3878
"holmquistolausson1993",3879
"fuglesang1992",3880
"hulthen1984",3881
"hvoshchinskaja2004",3882
"jaanusson1981",3883
"jaanusson1993",3884
"jansson1988",3885
"jansson1990",3886
"jansson1994",3887
"jansson2000",3888
"kaks1969",3889
"kapchan1999",3890
"kivikoski1937",3891
"kivikoski1938",3892
"kivikoski1951",3893
"kivikoski1964",3894
"kivikoski1969",3895
"kivikoski1973",257
"krylasova2008",3896
"valdemars1995",3897
"kuzminych1996",3898
"kyhlberg1973",3899
"laulumaa2002",3900
"lehtosalohilander1982",3901
"lehtosalohilander1983",3902
"lehtosalohilander1990",3903
"lehtosalohilander1992",3904
"lehtosalohilander2000",3905
"ligi1993",3906
"lindstrom2003",3907
"malarstedt1986",3908
"markus1939",3909
"meinander1957",3910
"meinander1985",3911
"pokrovskaja2001",3912
"selling1945",3913
"selling1955",213
"sorensen1971",3914
"svanbergskane1999",3915
"taavitsainen1990",3916
"tarkiainen2008",3917
"thalin1984",3918
"uino1997",3919
"uino2006",3920
"wallerstrom2004",138
"wells1998",138
"wells1999",3921
"wiessner1989",3922
"young1995",3923
"wilson2009",3924
"worrell2003",3925
"downham2017c",66
"baudou1963",280
"andersson2006",3926
"bjerstaf2002",3927
"brorsson1998",3928
"carlsson1976",3929
"carlsson2008",3930
"clarke1993",3931
"dahlstrom2000",3932
"fallgren1994",3933
"gotfredsen2011",3934
"kidd1980",3935
"grandin2000",3936
"gustafsson2009",3937
"gustafsson2007",3938
"hawthorne1979",3939
"hellqvist2011",3940
"hjartnerholdar1999",3941
"hoven1991",3942
"huttu1996",3943
"jakobsson1996",3944
"jouttijarvi2005",219
"kirpichnikov2004",3945
"lindeblad1996",3946
"peets2003",3947
"pettersson2005",3948
"schmidt1977",3949
"schvindtnd",14
"soderberg2011",14
"soderberg2002",3950
"thomsen2005",219
"wellinder2004",14
"aberg2006",14
"aspinall2011",3951
"baker2013",3952
"bronkramsey2009",3953
"brown2014",3954
"hojdemodel2007",3955
"dobat2009",3956
"donat2000",3957
"gaffney2003",3958
"henning2002",3959
"herold2012",3960
"jacobsson1999",231
"jensen1988",231
"olesen2000",231
"olsen1999",231
"rindel2002",231
"roesdahl2002",231
"svanberg1999",231
"ulriksen1993",231
"abramson2016",3961
"ager2014",3962
"archibald2007",3963
"baker2011",3964
"blackburn1998",3965
"blair2013",3966
"booth1983",3967
"brookes2013",3968
"cameron1998",3969
"cameron2010",3970
"daubney2016",3971
"dobat2017",3972
"edwards1991",3973
"everson2007",3974
"haldenby2016",3975
"johnson2002",3976
"langdon1993",3977
"leonard2015",3978
"loveluck1996",3979
"macgregor2009",3980
"mcleod2006",3981
"metcalf1960",148
"pagan1986",3982
"richards1999",148
"richards2004",148
"richards2013",3983
"richards2016",3984
"rogers1993",3985
"steedman1994",148
"stevenson1904",148
"bakka1983",3
"aguilar1986",3986
"bill2007",3987
"caldwell2014",3988
"carwardine1995",3989
"clark1947",3990
"dahl2003",3991
"espinoza1992",3992
"gardiner1997",3993
"haahrkristiansen1997",3994
"hallen1994",3995
"henriksen2009",3996
"holm2012",3997
"isaksen2012",3998
"karlsson2016",3999
"kjermichaelsen1992",4000
"kristensen2007",4001
"laist2017",4002
"lowenstein1993",4003
"lundkoksvik2010",4004
"lundkoksvik2013",4005
"lundqvist1986",4006
"mclees1990",4007
"mulville2002",4008
"nasman1990",4009
"nelson1969",4010
"nilsen2014",4011
"nordahl2001",4012
"petersen1914",4013
"riddler2014",4014
"sandberg1983",4015
"seiler2001",4016
"sjovold1966",4017
"skomsvoll2012",4018
"solberg2007",4019
"stauch1994",4020
"stylegar2005",4021
"svanberg2008",4022
"szabo2008",4023
"teixeira2014",4024
"wickler2012",4025
"arne1934",4026
"arwidsson1977",4027
"graslund2008a",4028
"lindqvist1934",4029
"lloydsmith2002",4030
"madsen1996",4031
"schulzedorrlamm2010",189
"schonback1957",189
"schonback2002",189
"hansen2008",4032
"sawyer1962",4033
"gould1903",4034
"biddle1992",4035
"sawyer1998",290
"ulmschneider2000",4036
"blackburn2011",4037
"blackburn1994",4038
"blackburn2001",4039
"blackburn2007",4040
"williams2007",4041
"stocker2000",4042
"foster1924",4043
"oswald1937",4044
"pelteret1980",4045
"pettersson2009",4046
"pirie1997",4047
"richards2009",148
"riley1995",4048
"rowe2008",4049
"rowlandson2005",4050
"russell2014",4051
"sheehan2014",4052
"stafford1980",4053
"stein2012",182
"stein2013",182
"stein2000",4054
"whitwell1992",182
"williams2002",4055
"hurley2014",182
"abulughod1981",4056
"adger2009",4057
"alexandre1976",4058
"alexandre1987",4059
"ahdr2004",4060
"ahdr2015",4061
"arendt1958",4062
"arnalds1992",4063
"arneborg2008",4064
"batt2015",4065
"bell1978",4066
"bergthorsson1967",4067
"bergthorsson1969",4068
"blondal1999",4069
"bradley1992",4070
"bradley2016",4071
"brazdil1995",4072
"brazdil2005",4073
"boulhosa2012",4074
"campbell2016",4075
"camenisch2016",4076
"casely2007",4077
"crumley2007",4078
"demaree2001",4079
"diaz2011",4080
"dickson1988",4081
"dugmore2005",4082
"dugmore2013",4083
"dugmore2014",4084
"einarsson1994",4085
"garciaherrera2008",4086
"gragas2001",4087
"gudmundsson1997",4088
"gudmundsson2008",4089
"hambrecht2015",4090
"harrison2013",4091
"hartman2015",4092
"hartman2016",4093
"halldorsson1978",4094
"henriksen1995",4095
"hoffmann2014",4096
"holtsmark1956",4097
"hreinsson1997",4098
"ingimundarson1995",4099
"ingimundarson2010",4100
"ingimundarson1998",4101
"ingram1978",4102
"ingram1981",4103
"johannesson1956",4104
"johannesson1974",4105
"johannesson1928",4106
"jones2008",4107
"jones2004",4108
"jones2001",4109
"jonsbok2004",4110
"kristjansson1980",4111
"kirkbride2008",4112
"lamb1965",4113
"larsen1917",4114
"royladurie1972",4115
"ludlow2010",4116
"luterbacher2016",4117
"martinvide1995",4118
"mauelshagen2014",4119
"mcgovern2013",4120
"mcgovern2014",4121
"mcturk2004",4122
"miles2014",4123
"ogilvie1982",4124
"ogilvie1984",4125
"ogilvie1986",4126
"ogilvie1991",4127
"ogilvie1992",4128
"ogilvie1998",4129
"ogilvie2001",4130
"ogilvie2005",4131
"ogilvie2008",4132
"ogilvie1997",4133
"pfister1992",4134
"pfister1998",4135
"pfister1999",4136
"pfister2017",4137
"pribyl2012",4138
"serreze2015",4139
"sigurdsson2004",4140
"smiarowski2014",4141
"smiarowski2017",4142
"stern2000",4143
"stine1994",4144
"stormnd",4145
"stora2005",4146
"streeter2012",4147
"streeter2014",4148
"mcgrew1970",4149
"teitsson1975",4150
"thorarinsson1956",4151
"thorarinsson1958",52
"thorarinsson1967",52
"thordarson1993",52
"thordarson2007",52
"thorlaksson1991",52
"thoroddsen1914",52
"thoroddsen1919",52
"thorsteinsson1989",52
"vanengelen2001",52
"vasey2001",52
"vesteinsson2005",52
"vilmundarson1972",52
"waters2016",52
"wheeler2006",52
"young2015",52
"arne1911",138
"arbman1955",138
"callmer2000",4152
"bhabha2004a",4153
"alper2003",4154
"arbman1939",4155
"asmus2012",4156
"bagge2009",4157
"bartels2008",4158
"bartlett1996",4159
"baumgartner2013",4160
"birkebaek1992",4161
"bolton2009",4162
"bompaire1997",4163
"brather2010",4164
"callmer1994",4165
"carelli2012",4166
"christensen2000",4167
"dobat2008",4168
"drjacobsen1942",4169
"eisenschmidt2003",4170
"filipowiak2008",4171
"gelting2007",4172
"gilomen2014",4173
"grahamcampbell1991a",4174
"hatz1974",4175
"hauptmeyer1997",4176
"henricson2006",4177
"herrmann1994",4178
"hilberg2009b",4179
"hilberg2010",49
"hinton2008",4180
"hodges2008",4181
"hofmann1984",4182
"hybel2013",4183
"ilisch1988",4184
"jankuhn1937",4185
"jonsson1989",4186
"juraske2010",4187
"kalmring2010e",4188
"keller2008",4189
"klappauf2011",4190
"klappauf2008",4191
"leimus2007",4192
"loveluck2013",4193
"ludtke1985",4194
"ludtke2013",4195
"lund1991",4196
"makeler2005",4197
"metcalf1998",4198
"meyer1998",4199
"moesgaard2006",4200
"noonan1994",4201
"radtke2002",4202
"roesdahl2006",4203
"rundberg2000",4204
"sawyer2013",4205
"sawyer2002",4206
"scheel1940",4207
"schledermann1966",4208
"schwantes1932",4209
"gratuze2011",4210
"sindbaek2012",4211
"spuford1988",4212
"steppuhn1998",4213
"stieldorf2012",4214
"stoklund2000",102
"tummuscheit2010",102
"verhulst2000",102
"wehner2007",102
"wiechmann2002",102
"williams1997",102
"olsen1945",189
"aberg1953",4215
"skouhansen2008",189
"norr2008",189
"alqahtani2010",4216
"askvik2009",4217
"bankier2006",4218
"batey2013",4219
"beaumont2013",4220
"bonsall2009",4221
"butler1993",4222
"curtissummers2014",4223
"fowler2010",4224
"greaves2011",4225
"halpin2008",4226
"harris2016",104
"harris2012",104
"mcguire2010",104
"muldner2009",104
"nissan1999",104
"reimann2012",104
"robb2013",104
"welander1987",104
"avdusin1988",4227
"clarke1985",4228
"crane1999",4229
"galton1971",4230
"kjellberg1946",40
"krogh2007",4231
"lethlarsen1991",40
"lonborg1994",40
"monteliusnd",40
"martensson1970",40
"possnert2015",40
"soderberg1999",40
"warnke1987",40
"hadley2015",182
"brooks1987",182
"wessexarchaeology1997",182
"bailey1980",4232
"dunwell1995",4233
"evison1969",4234
"geake2003",4235
"lang1976",4236
"richards2003",4237
"solberg1985",4238
"vandenoort1993",201
"walsh1998",4239
"kjellberg1947",40
"bakhtin1984",4240
"cohen1995",4241
"crang1994",4242
"edensor1998",4243
"fowler1992",4244
"graver1999",4245
"hewison1987",4246
"koivusalo1998",4247
"littrell1993",4248
"maccannell1976",4249
"macdonald1997",4250
"mccaulay1999",4251
"meethan1996",4252
"mordue1998",4253
"robb1998",4254
"shurmersmith1994",4255
"silver1988",4256
"urry1990",287
"vestfold1998",287
"watson1994",287
"walsh1992",4257
"wright1985",287
"bohner1991",4258
"brown1988",4259
"bruck2006",4260
"bynum2001",4261
"davidson1978",4262
"dedekam1925",4263
"flores1996",4264
"gaimster1998",4265
"geary1978",4266
"glosecki2000",4267
"hardh2004",4268
"haselof1956",4269
"haselof1970",4270
"haselof1981",4271
"haselof1984",4272
"hoilundnielsen2002",4273
"ingold1994",4274
"ingold2000",23
"jakobsson1999",4275
"jakobsson2003",4276
"jones1998",4277
"kalif1997",4278
"kristofersen2000",4279
"lindstrom2001",4280
"magnus2001",4281
"magnus2002",4282
"mansrud2008",4283
"meskell2003",156
"morris1991",156
"mullernd",156
"mundal1974",156
"oestigaard1999",156
"oestigaard2000",156
"orchard2002",156
"raudvere2001",156
"roe1995",156
"roth1979",156
"sofaer2006",156
"speake1980",4284
"steenstrpnd",156
"pollard2009",152
"pritsak1970",152
"hughes1995",287
"barnes2012",4285
"christensen1969",4286
"fridell2011",4287
"fuglesang1991",166
"glob1969",4288
"graslund1998",4289
"imer2009",4290
"jacobsen1932",4291
"jacobsen1935",4292
"kallstrom2007",4293
"cour1951",4294
"lerchenielse1993",4295
"lund2014",4296
"moltke1952",4297
"moltke1985",4298
"nielsen1969",4299
"oebynielsen2007",4300
"snaedal1985",4301
"stoklund1991",21
"stoklund1994",4302
"stoklund2005",250
"stoklund2006",250
"stoklund2010",250
"m2005",250
"storm1977",4303
"bengtsson1954",287
"maccannell1992",287
"yorkarchaeologicaltrust1984",287
"bekpedersen2007",4304
"dennis1980",4305
"dennis2002",4306
"larusson1967",232
"lucas2009",4307
"meulengrachtsorensen1983",4308
"robertsdottir2008",4309
"sveinbjarnardottir2012",4310
"arbman1941",4311
"backstreurom2016",4312
"briggs2007",4313
"brothwell1981",4314
"brotherton2007",4315
"buikstra1994",151
"cassidy2016",4316
"durand2011",4317
"eriksson2016",4318
"gamba2014",4319
"green2008",4320
"vanhamel1934",4321
"helgessonarcini1996",4322
"keller2012",4323
"kircher2012",4324
"lampa2013",4325
"lindstreurom2011",4326
"malmstreurom2009",4327
"meindl1989",4328
"meyer2010",4329
"omrak2016",4330
"oras2016",151
"salmela2011",4331
"sawyer2012",4332
"skoglund2013",4333
"skoglund2014",4334
"slovak2011",4335
"steinsland2011",193
"stolpend",193
"thalinbergman1986",193
"vanoven2009",193
"vianello2013",193
"wilhelmson2015",193
"yang1998",193
"crawford1999",161
"hedenstiernajonson2000",4336
"jansson1980",161
"kanvall1995",4337
"kjellstrom2005",4338
"kjellstrom1995",161
"nordstrom2007",4339
"rimbert1986",161
"wikborg2007",161
"anderson1909",4340
"annalsofclonmacnoisend",4341
"blindheim1984",4342
"bourke2010",4343
"brink2007",4344
"carroll1995",4345
"hennessynd",4346
"coffey1909",4347
"connolly1987",4348
"crawford1923",4349
"danielsson2015",4350
"farbregd1979",4351
"forte2005",4352
"gerace2014",4353
"gyllensvard2004",4354
"hagland2008",4355
"hall2015",4356
"haseloff1990",4357
"hedeager2015",4358
"henry1965",4359
"holtsmark1989",4360
"jesch2001",4361
"jesch2006",4362
"kelly1993",4363
"lamn2004",4364
"lowe2007",4365
"lucas1967",4366
"lucas1973",4367
"lucas1986",4368
"magnus1932",4369
"mullarkey2014",4370
"murray2012",4371
"murray2014",4372
"murray2015",4373
"murray2016",4374
"nordvig2013",4375
"carragain2010",4376
"odonoghue2011",4377
"floinn1989",4378
"floinn2013",4379
"floinn2015",4380
"omeadhra1988",4381
"ohrn2015",4382
"quast2012",4383
"rosedahl1992",4384
"ryan1989",4385
"ryan1998",4386
"solli2013",4387
"watt2005",2
"watt2011",2
"youngs1989",4388
"andersen2004",299
"ashby2009",4389
"bakka1965",4390
"blindheim1977",4391
"budd2004",4392
"boe1926",4393
"corrain1972",4394
"christophersen1989",4395
"de1995",4396
"etting2013",4397
"fagerland2008",4398
"gaimster1991",4399
"gronnesby2012",4400
"haseloff1979",4401
"haseloff1987",4402
"heenpettersen2013",4403
"helle1991",4404
"herje1989",4405
"herstad2012",4406
"hunter2008",4407
"jatten2006",4408
"martens1994",4409
"ofloinn1989",4410
"redmond2007",4411
"resi2005",4412
"roskaft2003",4413
"shepherd1985",4414
"skinner2012",4415
"skjevik1997",4416
"sorheim2010",4417
"stenvik1994",4418
"trotzig1984",142
"trotzig1991",142
"wilson1965",4419
"paulsen1933",4420
"steuer1962",4421
"filipowiak1988",4422
"betz1973",166
"bottgerniedenzu1982",166
"buisson1976",235
"eldjarn1956",4423
"hagen1950",166
"janowski2006",166
"kjaerum1990",4424
"stoodley2000",4425
"meskell1999",161
"andresen2010",4426
"baker2015",4427
"berglund2003",4428
"blackford1991",4429
"bond2001",4430
"bond1997",4431
"bradley1992a",4432
"bradley1993",4433
"conroy2008",4434
"cui2013",4435
"lorenzo2010",4436
"lorenzo2008",4437
"eiriksson2006",4438
"faust2016",4439
"folland2009",4440
"grauel2013",4441
"gray2010",4442
"haldon2016",4443
"hass1996",4444
"helama2009",4445
"hurrell1995",4446
"hurrell2010",4447
"isono2009",4448
"jones2014",4449
"krawczyk2010",4450
"lamb1982",4451
"lamb1985",4452
"larsen2008",4453
"li2016",4454
"ljungqvist2010",4455
"mcdermott2001",4456
"moy2002",4457
"neukom2014",4458
"oliva2012",4459
"randsborg1991",4460
"reimann2011",4461
"ribeiro2012",4462
"rudaya2016",4463
"ruizfernandez2016",4464
"scafetta2012",4465
"swierczynski2012",107
"ulgen2012",107
"vanloon1978",107
"wanner2008",107
"wanner2001",107
"wanner2011",107
"yan2011",107
"zhong2014",107
"magnus2004",2
"sogness1988",142
"haithabu2003",4466
"coupland1989",4467
"coupland2016",4468
"duczko1997",4469
"helmbrecht2004",4470
"hoilund1986",4471
"hoilund2014",4472
"holst1958",4473
"jorgensen1990",4474
"jorgensen1997",4475
"laurent1978",4476
"lebecq1986",4477
"radtke1981",4478
"schlesinger1972",4479
"schneeweiss2010",4480
"shepard2014",4481
"shepard1989",4482
"staats1974",4483
"story2003",4484
"andersen2012",4485
"berglund1982",4486
"bican2007",4487
"bican1907",4488
"biltz1969",4489
"broholm1946",4490
"broholm1949",4491
"christensen2006",4492
"dillehay1997",4493
"dix1982",4494
"garfinkel1987",4495
"harrington2000",4496
"houmarknielsen1991",4497
"hoy1995",4498
"jensen2002",4499
"jons1993",4500
"jorgensen2013",4501
"kjaer1928",4502
"knoll2013",179
"larsen2012",4503
"nielsen1967",179
"petersen1971",179
"schuster2000",179
"seir2013",179
"steensberg1974",179
"thrane1979",179
"uschmann2006",179
"williams2004",179
"duczko2007",4504
"losinski1997",4505
"jagodzinski2008",4506
"bately1980",4507
"bately2009",4508
"gaerte1929",4509
"engel1931",4510
"engel1935",4511
"tischler1902",4512
"bezzenberger1904",4513
"androshchuk2008",4514
"jagodzinski2012",4515
"cnotliwy2013",4516
"ehrlich1932",4517
"ambrosiani1994",233
"arbman1958",4518
"carlsson1988",4519
"jankuhn1943",4520
"klim1979",101
"steuer1979",101
"arbman1993",4521
"berggren2004",4522
"bergstrom1941",4523
"bjorck2008",4524
"broberg1990",4525
"egenberg2003",4526
"fetisov2008",4527
"frostne2002",4528
"hennius2016",4529
"hennius2005",4530
"heron1989",63
"hiorth1908",63
"hjulstrom2006",63
"hvid2016",63
"karlsson2002",63
"konsa2013",63
"kupiec2015",63
"kurzweil1998",63
"landin2002",63
"lindeblad1994",63
"lindstrom2014",63
"magnusson1986",4531
"neveus1974",63
"persson1994",63
"ravn2016",63
"stahre2012",63
"svenssonhennius2017",63
"villstrand1996",63
"albrectsen1976",4532
"andren1998",4533
"behre1983",4534
"bican2010",4535
"fabricius2009",4536
"hermansen1938",4537
"hjelmqvist1993",4538
"janushevich1979",4539
"kenward1995",4540
"koch2003",4541
"mikkelsen1949",4542
"moltsen1998",4543
"ocete2015",4544
"petrini2015",4545
"schiemann1953",4546
"shanahan2015",4547
"sherratt2008",133
"smith1990",133
"stummer1911",133
"troelssmith1953",133
"wamers2016",133
"winroth2012",133
"schietzel1985",4548
"pilo2008",4549
"androshchuk2004a",129
"fabech2009",129
"sanmark2004",4550
"ahnlund1926",129
"ambrosiani1992",129
"ambrosiani1996",129
"andren1985",129
"edgren1995",4551
"franklin1996",4552
"garizpanov2008",129
"gustin1990",129
"johansen2003",4553
"malmer1989",129
"noonan1991",129
"polanyi1978",129
"ros2001",129
"rosberg2009",129
"schorske1998",129
"reimer2004",4554
"svensson2007a",4555
"hilczerowna2037",101
"losinski1995",101
"vonzurmuhlen1940",101
"labuda1961",101
"orosiusnd",101
"andersen2008",4556
"bandholm2012",4557
"carstens2011",4558
"christiansen1999",4559
"christiansen2005",4560
"dyggve1955",4561
"hollstein1980",4562
"holmsgaard1999",4563
"hvass1998",4564
"krogh1993",172
"lemm2011",4565
"lindblom2011",172
"lindblom2012",172
"mullerwille1991",172
"trillmich1970",172
"fanning1937",4566
"saga1943",4567
"kunz2008",4568
"dasentnd",4569
"andersson2002",4570
"armbruster2002",4571
"bihrer2012",4572
"christensen1985",4573
"claughton2011",4574
"dekowna1990",4575
"osk2009",4576
"elvestad1998",4577
"fanning1990",4578
"hagg2002",4579
"helberg1993",4580
"hepp2007",4581
"hilberg2007",4582
"hingst1955",4583
"kleingartner2007",4584
"mehler2003",4585
"molaug2010",4586
"mullerwille1968",4587
"noonan2000",4588
"olsen2004",4589
"pestell2011",4590
"pierce2009",4591
"reichstein1984",4592
"roberts2008",4593
"englert2007b",4594
"scheel1930",4595
"simek2007",4596
"sode2004",4597
"sode2002",4598
"sorheim2004",4599
"stumpel1983",4600
"jakobsson2009",4601
"tweddle1999",4602
"vogel1983",4603
"warmlander2010",181
"wedepohl2003",181
"zori2010",4604
"magnusson1966",181
"jessen1958",168
"hoilundnielsen1986",168
"norgardjorgensen1999",4605
"neuefischer2014",168
"siemen1990",168
"spiong2000",168
"thuno2002",168
"williams1999",168
"bemmann1998",4606
"besteman1999",4607
"bjork1957",4608
"brandt1996",4609
"brink1997",4610
"carnapbornheim1996",4611
"egeberghansen1988",4612
"egeberghansen1996",4613
"ethelberg2000",4614
"ringtved1989",4615
"fabech1992",4616
"fenger1971",4617
"hedeager1990",4618
"helgesson2008",4619
"hoilundnielsen2005",4620
"hoilundnielsen1993",4621
"hvass1986",4622
"jarlhansen1988",4623
"jessen2008",4624
"jorgensen1988",244
"jorgensen1996",21
"kopytof1986",4625
"lund1996",4626
"lundhansen1995",4627
"madsen1995",4628
"mauritsen2009",4629
"mikkelsen1990",4630
"mortensen1988a",4631
"mortensen1991",4632
"murray1983",4633
"nasman1988",4634
"nasman1997",4635
"norbach1998",4636
"norgardjorgensen1996",4637
"rasmussen1995",4638
"reuter1997",4639
"ringtved1986",171
"ringtved1998",171
"sjoholm1988",171
"steuer1982",171
"tacitus1999",171
"ulriksen1989",180
"wenskus1961",4640
"zimmermann2005",171
"bjork1982",172
"christensen1983",4641
"christiansen1995",228
"christiansen1996",4642
"fenger1991",4643
"fokkens1998",228
"jorgensen1940",228
"back1997",203
"polanyi1963",4644
"tummuscheit2003",233
"vestergaard1991",4645
"lysehansen2000",181
"olausson2002",4646
"palliser2000",4647
"hodder2003",4648
"hojbjerg2006",4649
"aarseth1982",4650
"arge1991",4651
"arge2006",4652
"arge2005",4653
"arge2009",4654
"arnalds1997",4655
"bertelsen1985",4656
"bertelsen1998",4657
"buckland2008",4658
"butler2006",4659
"christiansen1990",4660
"christiansen1991",4661
"christiansen1987",4662
"dennis2000",4663
"dugmore2000",232
"dumezil1973",4664
"edvardsson2005",4665
"einarsson1963",4666
"einarsson2002",4667
"fagan2000",4668
"fjaervoll1961",4669
"fredskild1973",4670
"fridriksson1994",4671
"gerrard1991",4672
"gjerland2009",4673
"gronvold1995",4674
"grove1988",4675
"gudmundsson2001",4676
"gudmundsson2004",4677
"guttormsen1994",4678
"halstead1998",4679
"harris1988",4680
"hambrecht2006",4681
"hansen1990",4682
"hastrup1989",4683
"hermannsson1929",4684
"hitzler1979",4685
"hjalmarsson1993",4686
"holling2002",4687
"joensen1976",4688
"joensen1980",4689
"keller1989",4690
"keller1990",4691
"konstam2004",4692
"kristjansdottir2004",4693
"krivogorskaya2005",4694
"lageras2007",4695
"lambin2005",4696
"lawson2006",4697
"mcgovern1980",4698
"mcgovern1981",232
"mcgovern1986",4699
"mcgovern1994",4700
"mahler1989",4701
"mahler1988",4702
"mahler1991",4703
"mahler1990",4704
"mairs2007",4705
"marcus1980",4706
"e2003",4707
"noonan1998",4708
"nordal1952",4709
"nordal1954",4710
"norrevang1970",4711
"olsen1928",4712
"olasson1998",4713
"perdikaris1998",4714
"perdikaris2005",4715
"rieck2002",4716
"sanmark2002",4717
"schofield2007",4718
"simpson2003",4719
"skardi1970",4720
"sveinbjarnardottir1990",4721
"sveinbjarnardottir2007",4722
"sveinbjarnardottir2008",4723
"thomson2003",4724
"thomson2005",4725
"thomson2007a",120
"vesteinsson2001",120
"wubsmrozewicz2008",120
"thorarinsson1970",120
"aarsleff2005",4726
"almgren1955",4727
"ambrosiani2002",203
"anglert1999",4728
"anglert2001",4729
"arrhenius1992",4730
"eriksson2001",4731
"gjosteinresi1979",4732
"gramstorp2000",4733
"gustafsson1968",4734
"gustin1999",4735
"hardh2007",4736
"vonheijne2004",4737
"helgesson1999",4738
"herschend1989",4739
"hjarthnerholdar2002",4740
"horby1988",4741
"jansson1978",4742
"johanssonherven2001",4743
"kresten2001",4744
"klnm1999",4745
"lennartsson1997",4746
"malmer2002",4747
"metcalf1996",4748
"mikhailov2007",4749
"mogren2005",4750
"noonan1984",4751
"riddersporre1998",4752
"ringqvist1968",4753
"rispling2004",4754
"salminen2001",4755
"samuelsson2001",4756
"schulke2008",4757
"serning1956",4758
"silvegren1999",4759
"sindbaek2001",4760
"skibstedklaeso1997",4761
"steineke2005",4762
"stenholm1976",4763
"stjernquist1995",4764
"svanberg1998",4765
"svensson2001",4766
"tegner1999",4767
"tegner2005",300
"thilderqvist2000",300
"thun1967",300
"wamers1984",4768
"westergren1986",300
"dumvillend",4769
"rau1977",4770
"ager2011",4771
"besteman2009",4772
"coupland2006",4773
"dijkstra2009",4774
"grieg1929",4775
"kilger2007",4776
"knol1998",4777
"knol2005",4778
"knol2010",143
"sheehan2000",143
"sheehan2011",143
"others1971",143
"woltering2000",143
"woolf1990",143
"cook1965",181
"westness1980",4779
"ahrens2001",4780
"chronicon2001",4781
"dyggve1942",4782
"harck2006",4783
"wesse2006",4784
"janssen2004",4785
"mcneill2004",4786
"chr2009",4787
"klemensen2001",4788
"krogh1981",4789
"lethlarsen2007",4790
"madsen1985",4791
"mcguire2008",4792
"petersen1909",4793
"staecker2005",4794
"trap1964",4795
"sicking2008",120
"woltering2002",143
"sawyer1971a",4796
"eriksen2001",4797
"davidson1979",4798
"hoekstra1940",4799
"rau1972",4800
"rives1985",4801
"south1932",4802
"bantelmann2003",4803
"besteman1997",4804
"boeles1915",4805
"borchling1938",4806
"bregman1998",4807
"ijssennagger2009",4808
"jons2013",4809
"meier2003",4810
"milis1998",4811
"nijdam2008",4812
"pritsak1981",4813
"schokker2008",4814
"siems1980",4815
"smyth1977",220
"springer2003",220
"theuws2009",220
"vries2007",220
"wood2001",220
"broadberry2010",4816
"durkin2014",4817
"fenner2005",4818
"fox1943",183
"hellenthal2014",4819
"insley1994",183
"johnston2014",183
"loveluck2011",183
"royrvik2010",183
"samuels1989",183
"thomas2006",4820
"townend2002",183
"binns1988",4821
"bjerve1980",4822
"bjorgo1982",4823
"bratrein1984",4824
"bratrein1989",4825
"bull1920",4826
"carstairs1980",4827
"eithun1994",4828
"ekrem2006",4829
"falkanger2007",4830
"fugelsoy1970",4831
"gansum2000",4832
"grimm2004",4833
"hobaek2013",4834
"hodne1976",4835
"holmback1943a",4836
"indrebo1935",4837
"iversen2014",4838
"iversen2007",4839
"jansen1943",4840
"johansen1977",4841
"hauge2007",4842
"lillehammer1994",4843
"lund1955",4844
"lund1959",4845
"lund1965",4846
"loken2001",4847
"nicolaysenndh",4848
"norbergschulz1980",4849
"olsen2005",4850
"olsen2013",4851
"patterson2005",4852
"relph1976",4853
"room2005",4854
"schutte1933",4855
"seip1934",4856
"sjovold1962",4857
"sjovold1971",301
"solberg2002",301
"storli2000",4858
"stormnda",301
"stormndb",4859
"strom2007",301
"taranger1915",301
"tuan1974",301
"urbanczyk1992",4860
"vesteinsson2013",301
"odegaard2013",301
"ahlkvist2002",4861
"bardseth2007",4862
"carlie1999",4863
"diinhoff2011",4864
"edblom2004",4865
"ericsson2001",4866
"kalmar1991",4867
"eriksson1993",4868
"frolund2007",4869
"gjerdaker2001",4870
"gjerpe2012",4871
"gollwizer2012",4872
"helgesson2002",4873
"hobaek2008",4874
"bergen2009",4875
"oslo1997",4876
"kleven2001",4877
"loken1996",4878
"martens2007",4879
"myhre1972",4880
"olsen1926",4881
"pedersen1990",4882
"petersson2010",4883
"reiss1994",4884
"reitan2009",4885
"reynolds1999",4886
"robberstad1967",4887
"rosener1995",298
"skre1997",298
"streiffert2005",298
"sorrusten2012",298
"tacitus2001",298
"wasberg1970",298
"odegaard2008",298
"oslo1991",298
"shepared2012",4888
"loog2017",4889
"mcevoy2006",4890
"melchior2008",4891
"milman2003",4892
"bowden2008",4893
"helgason2003",4894
"helgason2009",4895
"kjellstrom2007",4896
"ros2012",4897
"kjellstrom2017",4898
"wikstrom2008",4899
"wikstrom2005",4900
"tillmar2010",4901
"dupuy2001",4902
"karlsson2006",4903
"martiniano2016",4904
"nesbitt2016",4905
"roslund2014",4906
"tesch2001",4907
"vanoven2014",4908
"technology2017",4909
"walsh2014",4910
"walsh2013",4911
"walsh2016",4912
"tesch2013",4913
"hillbom1984",4914
"moorrees1963",4915
"smith1991",4916
"brooks1990",4917
"bruzek2002",4918
"novotny1982",4919
"phenice1969",4920
"evans2004",4921
"meller2012",4922
"knipper2004",4923
"maurer2012",4924
"neumann1974",4925
"asch2003",4926
"lofvendahl1990",4927
"hillson2005",4928
"schour1941",4929
"knipper2014",4930
"rohland2007",4931
"malmstrom2012",4932
"rasmussen2011",4933
"korneliussen2014",4934
"behar2012",4935
"achilli2004",4936
"dupuy2006",4937
"passarino2002",4938
"rootsi2004",4939
"auton2015",4940
"patterson2006",4941
"zeronmedina2013",4942
"hveem2001",4943
"whittington2006",4944
"donnelly2012",165
"eiberg2008",165
"lamason2005",165
"soejima2007",165
"stokowski2007",165
"aitken2013",4945
"ascough2012",4946
"biddle1985",4947
"biddle1986",4948
"bigsbynd",4949
"bonsall2007",4950
"bronkramsey2004",4951
"cook2001",4952
"cook2015",4953
"deggnd",4954
"fuller2005",4955
"hedges2004",113
"phillips2001",113
"phillips2014",113
"richards2002",4956
"russell2015",113
"sawyer1957",113
"szpak2014",113
"taylor1989",113
"dyggve1948",4957
"jorgensen2002e",23
"jeppesen1990",4958
"glob1970",170
"ibsen2005",4959
"junker2003",4960
"berlin2003",4961
"reichchr1995",4962
"gotlands1995",4963
"wroblewski1963",4964
"iineaa1994",4965
"bogucki2011",4966
"brather1953",4967
"fomin1987",302
"jankowiak2015",302
"kara2009",302
"kiersnowski1961",302
"kilger2006",302
"kmietowicz1994",302
"ostergren2009",302
"petrov2014",302
"rebstock2008",302
"arne1946",4968
"brady1999",4969
"fennomuyingo1997",4970
"hedenstiernajonson2001",204
"hedenstiernajonson2002",204
"holmquistolausson1998",4971
"liden1997",204
"lovell1986",4972
"peterson1987",204
"richards2001",4973
"richards2006",4974
"soloman1971",204
"trust1992",204
"birka1992",4975
"carnapbornheim2007",4976
"capitularia1980",4977
"ellmers2009",4978
"gade1993",4979
"geibig1989",4980
"grierson1986",4981
"hingst1958",4982
"hornfuglesang2000",4983
"hoven1990",4984
"jankuhn1951",4985
"jesch1998",4986
"kersten1954",4987
"kirpichnikov2001",4988
"mullerwille2006",4989
"nobbel1936",4990
"rispling1990",48
"sawyer1987a",48
"schaefer1956",48
"schietzel1980",48
"schild1991",48
"solberg1991",48
"stalsberg2008",48
"steuer1999",203
"steuer2002",4991
"wamers1995",48
"carlson2010",4992
"poulsen1979",4993
"watt1988",244
"reich2003",4994
"valujev2005",251
"reich2005",251
"vonzurmuhlen1975",251
"wroblewski2006",4995
"adger2013",4996
"appelt2009",4997
"arneborg1997",4998
"arneborg2005",4999
"barnett2015",5000
"bentley2015",5001
"boyd2011",5002
"brace2011",5003
"brody2001",5004
"buckland2009",5005
"butzer2012",5006
"codding2015",5007
"crumley1994a",5008
"cumming2008",5009
"golding2011",5010
"golding2015",5011
"gullov2004a",5012
"halstead1989",5013
"hayeursmith2016",5014
"hoegsberg2014",5015
"howard1993",5016
"ingram2008",5017
"jesch1989",5018
"kendal2011",5019
"kennett2015",5020
"kopar2009",5021
"kuijpers2014",5022
"laland2006",5023
"laland2011",5024
"laland1999",5025
"ledger2013",5026
"ledger2014",5027
"levistrauss1966",5028
"mason2007",5029
"mcgovern1991",5030
"meaks2005",5031
"mehl2017",5032
"middleton2017",5033
"moltke2015",5034
"myhre2004",5035
"nedkvitne2014",5036
"normandnd",5037
"ostergard2011",5038
"oye2004",5039
"park2005",5040
"reinton1960",5041
"riede2009",5042
"riede2011",5043
"roesdahl2016",5044
"rowleyconwy2013",5045
"rowleyconwy2011",5046
"roussell1941",5047
"sandvik2005",5048
"scott2008",5049
"scott1992",5050
"smith2011a",5051
"sveinbjarnardottir1991",5052
"svenning2015",5053
"terrel2003",54
"thompson2013",54
"zeder2009",54
"zeder2015",54
"zeder2016",54
"wiechmann1996",5054
"schulke2005",303
"andersson2015",5055
"bjorkvik1970",5056
"bjorkvik1972",5057
"blochnakkerud1987",5058
"brendalsmo2014",5059
"brinchmadsen1995",5060
"buchwald1999",5061
"dorum2004",5062
"englund2002",5063
"hauge1946",5064
"helle1974",5065
"hostmadsen1999",5066
"imsen1990",5067
"imsennd",5068
"indrelid2009",5069
"jonsbok1904",5070
"jakobsen1991",5071
"knagenhjelm2008",5072
"krag2000",5073
"loftsgarden2015",5074
"martens1978",5075
"olafsen1916",5076
"pleiner2003",5077
"ramsey2017",5078
"reinton1956",86
"resi1992",86
"rundberget2013",5079
"sandnes1977",86
"simonsen2001",86
"steinnes1930",86
"szmoniewski2010",86
"taksdal1973",86
"tveiten2012",5080
"oye1977",86
"atkinson1996",5081
"billig1995",5082
"blindheim1953",5083
"diazandreu1996",5084
"eikrem2005",5085
"eriksen1993",5086
"fairclough1992",5087
"gellner1983",5088
"gjerde2010",5089
"gjessing1928",5090
"haavardsholm2004",5091
"hesjedal2000",5092
"hobsbawm1992",5093
"hodder1984",5094
"hougen1965",5095
"harke1998",5096
"jahnsen2015",5097
"jones1996",5098
"kjorup2001",5099
"kristiansen1993",5100
"laclau2001",5101
"martens1960",5102
"munch1985",5103
"opedal1999",5104
"paxton1999",5105
"resi2000",219
"ringrose1993",5106
"schanche1989",5107
"shanks2001",5108
"shetelig1910",5109
"simonsen1967",5110
"skre1991",5111
"stenvik1980",5112
"storli1991",5113
"stylegar2009",5114
"sorheim2011",5115
"ucko1989",177
"wineburg1991",177
"ostigard2001",177
"of2002",5116
"ambrosiani1972",5117
"stamnes2010",5118
"arnberg1976",5119
"brunstedt1996",5120
"carlsson1997",5121
"conyers2013",5122
"dahlin2001",5123
"hansson2004",5124
"heamagi2006",5125
"herschend1995",5126
"hermodsson2004",5127
"hjulstrom2008",5128
"holmquistolausson1987",5129
"ingelmansundberg1972",5130
"derfruhgeschichtlichen1980",5131
"lamm2011",5132
"larsson2014",5133
"lofterud1970",5134
"lohr1979",5135
"olausson1921",5136
"staecker2009",5137
"soderberg2003",5138
"trinks2008",5139
"trinks2013",5140
"viberg2011",5141
"wadstein1936",5142
"ungernd",5143
"devlet2001",136
"london1964",136
"fedorova2001",136
"londonhelmbrecht2011",136
"kommunikationsmedien2001",136
"hoj2005",136
"hoj2011",136
"ostergard2008",136
"kastholm1974",136
"seid2009",136
"archaeologica2005",136
"lundhansen1973",136
"lundhansen1974",136
"lundhansen1979",136
"london2002",136
"eliade1964",5144
"vestergaard2014",5145
"arwidsson1984",5146
"abrams2001",5147
"abrams2005",5148
"ayers1985",5149
"ayers1994",5150
"callmer1989",5151
"cameron1975",5152
"dallas1964",5153
"dickinson1991",5154
"eilbracht1999",5155
"grahamcampbell1985a",5156
"grahamcampbell1994",5157
"hattatt1987",5158
"madsen1987",5159
"hinton1974",5160
"hinton1975",5161
"hinton1978",5162
"kirk1927",5163
"leahy2003",5164
"leahy1997",183
"margeson1982",5165
"margeson1996",5166
"mason1997",5167
"owencrocker2002",5168
"paterson2004",5169
"richardson1993",5170
"rieck1982",5171
"roesdahl1981",5172
"rogerson2006",225
"speed2004",5173
"stamper2000",225
"wallis2004",225
"youngs2000",225
"youngs1995",225
"jeppesen2005",5174
"mohrchristensen2009",5175
"wilken2016",5176
"birkas2016",164
"st2008",305
"aqvist2004",305
"axboe1996",305
"st1996",305
"einarsson2008",5177
"ch2004",305
"holmqvist1961a",305
"holmqvist1964",305
"holmqvist1964a",305
"iversen2008",5178
"lindqvist1929",305
"imsen2004",86
"volundarkvida1971",5179
"voluspa1971",5180
"anderson2007",5181
"behrend1970",21
"berggren2006",5182
"boyenda",5183
"bradley1990",5184
"bruck2005",5185
"bruck2007",5186
"bardseth1998",5187
"fowler2001",5188
"fredengren2002",5189
"fuglesang2002",5190
"geisslinger1967",5191
"green1998",5192
"hauck1981",5193
"helgesson1992",5194
"herschend2001",5195
"hvid2005",5196
"iversen1986",5197
"jensen1942",5198
"kilfeather2003",5199
"kousgardsorensen1968",5200
"kousgardsorensen1978",5201
"lakoff1999",5202
"lethlarsen1984",5203
"merleauponty1962",5204
"meulengrachtsorensen1995",5205
"munksgaard1984",5206
"needham2001",22
"nordell1991",22
"phillips2002",22
"rowlands1971",5207
"seremetakis1994",22
"stutz2004",5208
"thunmarknylen1989",22
"vandenoort2006",22
"vigfussonnd",22
"warmind2004",22
"wiker2000",5209
"zachrisson1962",5210
"baatz1976",5211
"beresford1987",5212
"bican2014",5213
"boethius1931",5214
"devries1935",5215
"ericsson1992",5216
"fuglsang2015",5217
"hanson1995",5218
"haseloff1942",5219
"holtsmark1970",5220
"hopetaylor1950",5221
"jessen2011",5222
"kalmring2014a",5223
"kuhn1995",5224
"lindqvist1923",5225
"middleton2005",5226
"mikkelsen1991",5227
"nasman2001",5228
"oelmann1933",5229
"oelmann1940",5230
"olesen2015",5231
"olsen1967",5232
"palm1937",5233
"rosborn2004",5234
"ruhmann2004",5235
"sawyer1986",5236
"schafer1977",5237
"sundqvist2006",5238
"sundqvist2009",5239
"terkildsen2014",33
"terkildsen2015",33
"tornbjerg1997",5240
"vikstrand2004",33
"hallstrom1913",5241
"holmquist2002",5242
"aarts2005",5243
"aarts2009",5244
"barndon2004",5245
"berg1989",5246
"berger1996",5247
"bertell2003",5248
"budd1995",5249
"christophersen1992",5250
"creighton2000",5251
"dant1999",5252
"davies1996",5253
"fitzpatrick2005",5254
"galloway2006",5255
"grierson1960",5256
"haaland2004",5257
"hall1999",5258
"haselgrove2005",5259
"hedjakobsson1999",5260
"herbert1993",5261
"hosler1995",5262
"houston2000",5263
"insoll2007",5264
"kemmers2006",5265
"klussendorf2007",5266
"kok2008",5267
"kurke1999",5268
"lightfoot1995",5269
"makeler2010",5270
"marques2007",5271
"martin1991",5272
"merleauponty1944",5273
"miller1998",5274
"mithen2008",5275
"morris1992",5276
"myrberg2010",5277
"nash1978",5278
"nick2005",5279
"oden2009",5280
"papadopoulos1999",5281
"petersson1948",5282
"przybyszewski2007",5283
"rathje2001",5284
"renfrew2009",5285
"rickman1980",5286
"seaford2004",5287
"small1995",5288
"thomsennd",5289
"vanarsdell1989",5290
"vonreden1995",83
"white1988",83
"wiggwolf2005",83
"zach2005",83
"zanker1987",83
"jane2008",225
"adalsteinsson1999",5291
"agustsson1982",5292
"birkeli1973",5293
"brink2013",5294
"byock2005",5295
"christie1982",5296
"colman1995",5297
"deetz1977",5298
"didiplomatariumislandicumnd",5299
"edwald2012",5300
"foucault1977",5301
"foucault1982",5302
"foucault1988",5303
"foucault1994",5304
"fridriksson2011",5305
"giddens1984",5306
"gilchrist2008",5307
"gilchrist2012",5308
"gullbekk2012",5309
"hall2012",5310
"hugason2000",5311
"isleifsdottir1997",5312
"islendingabok1968",5313
"jensen2013",5314
"jensenius2001",5315
"jonsson2009",5316
"jorgensen2004",5317
"karlsson2001",5318
"karras2003",5319
"karras2012",5320
"kristjansdottir2012",5321
"kristjansdottir2001",5322
"lane2001",5323
"larusson1980",5324
"loren2006",5325
"lynn1984",5326
"magnusdottir2001",5327
"nilsson1994",5328
"nordeide2013",5329
"prescott2011",5330
"jones2003",5331
"runarsdottir2006",5332
"russell2005",5333
"salonen2013",5334
"sigurdsson2008",5335
"sigurdsson2011",5336
"slupeki2007",5337
"spivak1988",5338
"stefansson2000",5339
"soland2000",93
"young2009",5340
"zoega2002",93
"zoega2012",93
"zoega2010",93
"clarke2004",5341
"sorensen1981",22
"almgren1901",5342
"ambrosiani1991",5343
"ambrosiani1973",5344
"anspach2010",5345
"beskowsjoberg1996",5346
"brucemitford1967",5347
"delaet1956",5348
"ellmers1995",5349
"falk1912",5350
"graslund2003",5351
"hedeagerkrag2004",5352
"holgersson2001",5353
"jonssonnd",5354
"kalmring2015",5355
"karlsson2011",5356
"kidd1988",5357
"sjovold1957",5358
"westphalen2002",49
"bianchi2010",5359
"enoksen1999",5360
"fuglesang1981",5361
"fuglesang2005",5362
"gadamer1960",5363
"gilchrist2013",5364
"jacobsen1941",5365
"knutzen2005",5366
"knutzen2007",5367
"kohring2014",5368
"lager2003",5369
"ljung2016",5370
"malafouris2013",5371
"merleauponty1994",83
"moser1998",5372
"moser2005",5373
"olick1999",5374
"olsen1941",235
"petursdottir2012",5375
"robb2009",5376
"shaw2013",5377
"smestad1988",5378
"steinsland2014",5379
"stromback1969",235
"tarlow2012",24
"thorn2002",24
"oebynielsen2005",24
"ambrosiani1982",5380
"arwidsson1984a",5381
"bengtzon2000",5382
"blomqvist2009",5383
"bolin2008",5384
"back2010",5385
"voncarnapbornheim2011",5386
"conolly2006",5387
"dahlin1999",5388
"odelberg1974",5389
"olausson2012",5390
"persson2002",5391
"rijksmuseumvanoudheden2010",163
"rosen2002",163
"price1990",163
"stavrum1996",163
"trinks2010",5392
"wiklund2009",163
"wahlander1997",163
"kovalenko2007",5393
"kovalenko2008",5394
"kovalenko2003",5395
"arbman2003",5396
"arne1931",5397
"blifeld1977",306
"budur2007",5398
"bulgakova1999",5399
"camer1968",5400
"cherrman1986",5401
"devidson2008",5402
"gurevic1966",5403
"gurevic1999",5404
"herrman1982",5405
"kirpicnikov1986",5406
"kovalenko1988",5407
"kovalenko1994",5408
"kovalenko1996",5409
"kovalenko1999",5410
"kovalenko2000",5411
"kovalenko2001",5412
"kovalenko2002",5413
"kovalenko2005",5414
"kovalenko2009",5415
"kulakov1990",5416
"kulakov1994",5417
"lebedev1965",5418
"lovmjanskij1985",5419
"melnikova1994",5420
"mocja2001",5421
"musset1971",5422
"puskina1972",249
"scavelev2007",249
"scavelev2009",249
"sinakov2002",249
"smolicev1931",249
"veremejcik2007",249
"zocenko1996",249
"axelsen2014",157
"thunmarknylen2000",157
"wisehn1999",157
"stalberg2000",5423
"ashmore2003",5424
"backlund2001",5425
"barnes2006",5426
"barrett2005",5427
"bradley1987",5428
"card2005",5429
"charleson1905",5430
"fanning1983",5431
"firth1986",5432
"gammeltoft2006",5433
"garrow2005",5434
"gibbon2008",5435
"griiths2006",5436
"griiths2011",5437
"hedges1983",5438
"hermann1978",5439
"hunter1986",5440
"hunter2003",5441
"jesch2005",5442
"laughlin1974",5443
"leonard2010",5444
"lucy2002",5445
"maher2009",5446
"marwick1952",5447
"marwick1970",5448
"milner2007",5449
"morris1989",5450
"nicolaisen1976",5451
"renfrew1979",5452
"ritchie1995",5453
"robertson1991",5454
"sandnes2010",5455
"semple2007",5456
"simon1987",5457
"simpson1997",5458
"wallacend",150
"wickhamjones2001",150
"williams2009",150
"biddle1991",5459
"flanagan1999",5460
"elder2007",5461
"kelly1956",5462
"kelly1961",5463
"corrain1996",5464
"channing1996",5465
"wallace1967",5466
"afm1908",5467
"fellowsjensen1991",5468
"mahr1929",5469
"mckeown1956",5470
"floinn1998",5471
"hayden1998",5472
"simpson2008",5473
"lantmateriet2009",163
"ameziane2004",5474
"arwillnordbladh2001",5475
"hansson2012",5476
"peter2015",5477
"solberg1984",5478
"backdanielsson2015a",5479
"riisoy2015",5480
"wulffandersen1995",5481
"homson1995",150
"homson2001",150
"akin1999",5482
"blackburn1997",5483
"bogucki2007",5484
"chesterkadwell2009",144
"frier2007",144
"kilger2011",144
"kroll2008",144
"kruse1988",5485
"kruse1992",144
"kuroda2008",144
"metcalf1985",144
"naismith2005",144
"pedersen2007",219
"pirie1986",144
"feveile1995",5486
"bill2006",153
"sloane2011",153
"halpin2001",153
"kelly2004",153
"kelly2010",153
"lynch2001",153
"alstrom1993",5487
"andersson1983",5488
"arrhenius1982",5489
"beronius2011",5490
"beronius2013",5491
"ekman2000",5492
"frolund2010",5493
"frolund2013",5494
"frolund2011",5495
"goldina2003",5496
"gothberg2014",5497
"hansson2001",5498
"kazanski2007",5499
"lindqvist1945",5500
"lindqvist1949",5501
"ljungkvist2013",5502
"loven2010",5503
"lucas2013",5504
"lundahl2012",5505
"nordahl1993",5506
"olausson1966",5507
"runer2006",5508
"trinks2011",5509
"vikstrand2013",5510
"aberg1947",191
"leslie1908",153
"simpson2015",153
"hogan1910",153
"hilberg2011",49
"aberg1998",5511
"ambrose1991",5512
"ambrose1987",5513
"arneborg1999c",5514
"barrett1995",5515
"bell2009",5516
"bell2010",5517
"bendrey2009",5518
"bentley2005",5519
"bentley2002",5520
"bowen2002",5521
"geologicalsurvey2010",5522
"bryant1996",5523
"budd2000",5524
"budd2003",5525
"burke1982",5526
"burton1996",5527
"burton1990",5528
"burton2000",5529
"burton1995",5530
"burton2003",5531
"calvin1962",5532
"cameron2007",5533
"carr1962",5534
"chisholm1982",5535
"clayton1963",5536
"coltrain2009",5537
"coplen1994",5538
"coplen1983",5539
"craig1961",5540
"daly2010",5541
"darbyshire1985",5542
"deniro1978",5543
"deniro1981",5544
"dickin1997",5545
"drury1973",5546
"dupras2007",5547
"dupras2001",5548
"eckhardt2009",5549
"elias1980",5550
"ezzo1994",5551
"ezzo1995",5552
"fuller2006",5553
"gallet1998",5554
"gonfiantini2001",5555
"halpin1993",5556
"hatch1966",5557
"hatch1967",5558
"herring1998",5559
"hobson2004",5560
"holm2000",5561
"hurley2010",5562
"iacumin1996",5563
"jim2004",5564
"kellner2007",5565
"knudson2009",5566
"koch1997",5567
"kortshack1965",5568
"lang1988",5569
"leach2009",5570
"leach2010",5571
"leethorp1991",5572
"linderholm2011",5573
"luz1985",151
"luz1984",151
"muller2003",5574
"mcarthur2001",5575
"mccabe2007",5576
"mccormick1982",5577
"minagawa1984",5578
"muldner2011",5579
"negrel2003",5580
"nehlich2009",5581
"obrien1998",5582
"oconnor1988",5583
"odonnabhain2010",5584
"odonnabhain2011",5585
"odonnabhain2001",5586
"oconnor1982",5587
"price1985",5588
"price1986",5589
"ranson1960",5590
"read1934",5591
"schoeninger1978",5592
"schoeninger1979",5593
"schoeninger1983",5594
"schurr1998",5595
"schutkowski1999",5596
"sexton1998",5597
"shaw2009",5598
"shaw2010",5599
"sikora2010",5600
"sikora2011",5601
"sillen1989",5602
"sillen1991",5603
"sykes2006",5604
"tieszen1992",5605
"veizer1989",5606
"wallace2006",5607
"wallace1994",5608
"whipkey2000",209
"white2000",209
"wilson1977",209
"wolfe2001",209
"wright2005",209
"wright1998",209
"karkanas2010",5609
"macphail2005",195
"carter1998",195
"axboe1986",5610
"broholm1940",5611
"danielsson2007",5612
"danielsson2010",5613
"hauck1978",5614
"holmqvist1960",5615
"iversen1991a",201
"lamm2004a",5616
"mannering2004",5617
"mannering2006",5618
"mannering2008",5619
"mellend",5620
"nasstrom1998",5621
"nasstrom2009",159
"owencrocker2010",159
"simek2002",159
"stamsomunch2003",159
"watt1999",5622
"watt2001",159
"olausson2014a",191
"klaesoe2010",5623
"capelli2003",5624
"chinnery2006",5625
"brochmann2008",5626
"benedictow2004",5627
"russ2013",5628
"malmstrom2007",5629
"salamon2005",5630
"binladen2007",5631
"behar2007",5632
"prieto2011",5633
"core2011",5634
"helgason2007",5635
"anderson1981",5636
"andrews1999",5637
"venables2002",5638
"pfeiffer1999",5639
"meinila2001",5640
"cardoso2011",5641
"dupuy1996",5642
"richard2007",5643
"tambets2004",5644
"metspalu2006",5645
"melchior2010",253
"dissing2007",5646
"torroni1996",253
"zachrisson2008",253
"derenko2007",253
"schonberg2011",253
"brink1999",5647
"brink2000",5648
"brink2004d",28
"dent1984",5649
"dinzelbacher1984",5650
"frandsen1999",5651
"hines1989",5652
"hoff1997",5653
"jahnkuhn1951",5654
"jerichow1997",21
"john1991",5655
"lager2001",5656
"liestol1972",5657
"lonaas2004",5658
"richards1990",5659
"rudebeck2002",21
"steinsland1995",5660
"stidsing1999",21
"wilke1999",5661
"ostmo2005",5662
"hultkrantz1991",5663
"lund2001",15
"lenntorp2002",15
"nasman1998",5664
"nordberg2003",5665
"grammaticus1924",15
"sundqvist2004",15
"vierck1979",13
"vifot1936",5666
"ljungkvist2015c",5667
"hedenstiernajonson2009",5668
"nmd1919",5669
"habbe2004",5670
"gjellerup1973",5671
"tilley1993",5672
"bonnier1994",5673
"caillet1985",5674
"collinder1972",5675
"hansen1992",5676
"fabech1989",5677
"john1987",5678
"larsson1976",5679
"ljungkvist2004a",5680
"musset1992",5681
"nasstrom1997",5682
"olsen2002",5683
"ravn1999",21
"ritchie1993",21
"stiesdal1952",5684
"lind2004",5685
"mortensen1979",15
"zeitler1979",15
"braadmoen2013",253
"ahrland2013",5686
"aronsson1994",5687
"bell2012",5688
"emanuelsson2003",5689
"george2009",5690
"grimm2013",5691
"harding1992",5692
"harding1997",5693
"jennbert2000",5694
"karlsson2010",5695
"lagerstedt2004",5696
"liedgren1992",5697
"lindholm2013",5698
"magnell2013",5699
"myrstad1996",5700
"nyren2012",5701
"petre1980",5702
"ramqvist2007",5703
"ramqvist1993",5704
"risbol2011",5705
"serning1962",5706
"sleepersmith2009",5707
"stene2011",5708
"storli1993",5709
"sundstrom1987",5710
"svensson1998",190
"zachrisson2010",5711
"zachrisson1974",190
"ambrose1990",5712
"ambrose1997a",5713
"andersen1960",5714
"bandelt2006",5715
"barrett1999",5716
"barrett2000b",5717
"bocherens2003",5718
"brinkmann1999",5719
"deniro1985",5720
"eriksson2013",5721
"hagelberg1991",5722
"hemmendorff1984",5723
"holck1997",5724
"holck1983",5725
"mikkelsen2010",5726
"nei1987",5727
"opdal1998",5728
"paabo1989",5729
"ramskou1965",71
"richards1995",71
"rosvold2010",71
"rudbeck2005",71
"sandmo1985",71
"sandmo1984",71
"topf2006",71
"zachrisson2003",5730
"cardon2001",5731
"marchini2004",5732
"bodmer2008",5733
"cavallisforza1994",5734
"quintanamurci1999",5735
"conrad2006",5736
"botigue2013",5737
"ralph2013",5738
"hellenthal2008",5739
"odushlaine2010",5740
"winney2012",5741
"lawson2012",5742
"alexander2009",5743
"pirinen2013",5744
"wilson2001",5745
"wells2001",5746
"pritchard2000",5747
"bodmer1980",5748
"howie2009",296
"wright1943",296
"rousset2004",296
"lawson1995",296
"bhatia2013",296
"pritchard2001",296
"moorjani2011",296
"falush2003",296
"aikas2009",5749
"aikas2013",5750
"backman1975",5751
"berggren2010",5752
"bergman2008",190
"brightman2012",23
"chapman2000",5753
"clavir2002",5754
"descola1992",23
"descola2013",23
"dubois1999",5755
"edvinger2006",5756
"hallstrom1932",5757
"helanderrenvall2010",5758
"hultkrantz1994",5759
"humphrey1994",5760
"hutton2001",5761
"jernsletten2006",5762
"jordan2003",23
"levy1982",5763
"lund2011",5764
"makarov1991",5765
"manker1938",5766
"manker1950",5767
"manker1957",5768
"mauss1924",5769
"melheim1999",5770
"mulk1996",5771
"mundal1996",5772
"nergard2003",5773
"okkonen2007",5774
"orsneschristensen1956",5775
"parpola2004",5776
"rindstad1997",5777
"rostad2012",5778
"serning1957",5779
"sommerseth2009",5780
"svestad2011",5781
"viveirosdecastro1998",23
"wallerstrom1995",5782
"willerslev2007",23
"zachrisson1992",5783
"havamal1971",5784
"skaldskaparmal1931",5785
"andersen1977a",5786
"binski1996",5787
"borsheim2002",115
"bourdieu1996",5788
"boyendb",5789
"bynum1991",5790
"februar1977",5791
"cinthio1980",5792
"cinthio2002",5793
"eide1973",5794
"fett1961",5795
"fowler2011",5796
"fredriksen2006",5797
"gilchrist2005",5798
"hadley2009",5799
"hadley2011",5800
"harby1994",5801
"holloway2010",5802
"hougen1935",5803
"jeppesen1995a",5804
"kiefferolsen1993",5805
"kristoffersen2008",5806
"larsson2002",5807
"lund2003e",5808
"martensson1981",5809
"s1992",5810
"nordeide2007",5811
"rebaysalisbury2010",5812
"reynolds2011",5813
"schulke1999",5814
"serning1982",31
"shetelig1912",5815
"thompson2004",31
"wagnkilde2000",244
"wagnkilde2001",244
"swedishspeciesinformationcentre2014",190
"adalsteinsson1997",5816
"bloch1992",5817
"bruun1909",5818
"bruun1910",5819
"bruun1911",5820
"buckert1983",5821
"byock1982",5822
"deheusch1985",5823
"detienne1989",5824
"dillmann1997",5825
"fridriksson2004",232
"gestsdottir2005",5826
"girard1979",5827
"hamertonkelly1987",5828
"hildebrandt1989",5829
"hubertnd",5830
"jam1943",5831
"jones1984",5832
"lucas2006",5833
"miller1998a",5834
"miller1990",5835
"monsen2004",5836
"nasstrom1996",5837
"nobis1962",5838
"nordahl1988",5839
"olsen1965",5840
"peel1999",205
"roberts2001",5841
"robertsonnd",205
"roesdahl1989",5842
"roussell1937",205
"steinsland2003",2
"thomas2005",5843
"turner1969",5844
"vangiffen1963",205
"vondendriesch1976",205
"gudmundsdottir2015",5845
"ahlberg1978",5846
"akerstromhougen1981",5847
"althaus1993",5848
"andersson1968",5849
"andreeff2014",5850
"andren2012a",5851
"bailey1996",5852
"bailey2000",5853
"bailey1988",5854
"beck1964",5855
"bergmann1941",5856
"blindheim1972",5857
"bohner1976",5858
"bottgerniedenzu1988",5859
"calverleynd",5860
"cumont1942",5861
"devries1933",5862
"diazguardamino2015",5863
"egeler2015",5864
"ellisdavidson1950",5865
"ellisdavidson1969",5866
"ellisdavidson1988",5867
"ellmers1973",5868
"ellmers1981",5869
"ellmers1986",5870
"eshleman1983",5871
"faulkes2005",5872
"fingerlin2010",5873
"fuglesang2004",5874
"graus1977",5875
"guber2011",5876
"hauck1954",5877
"hauck1957",5878
"hauck1980",5879
"hauck1983",5880
"hauck1994",5881
"heinzle2010",5882
"holmqvist1939",5883
"holmqvist1952",5884
"hyenstrand1989",5885
"kopar2012",5886
"kreutzer1989",5887
"lang1983",5888
"lehnen1997",5889
"lindqvist1956",5890
"lindqvist1962",5891
"malzbender2001",5892
"earl2010",5893
"margeson1980",5894
"marold1972",5895
"mundal1998",5896
"neckel1983",5897
"nedoma1988",5898
"nordin1903",5899
"north2001",5900
"nylen1960",5901
"nylen2003",5902
"oehrl2006",36
"oehrl2010",5903
"oehrl2011",5904
"oehrl2012",36
"oehrl2013",5905
"oehrl2014",36
"oehrl2015",36
"oehrl2016",36
"olrik1922",36
"quast2009",5906
"reichert2003",36
"reitzenstein1924",36
"remondino2014",5907
"samson2011",5908
"schreiner2000",36
"schreiner2004",36
"vonsee1981",36
"vonsee2009",36
"shetelig1933",36
"simonsson2012",5909
"speidel2004",5910
"stephensnd",5911
"strom1956",36
"swanstrom2010",5912
"vierck2002",5913
"weber1973",5914
"widerstrom2012",5915
"wilson1998",36
"zimmermann2012",5916
"petursdottir2007",5917
"tonning2003",5918
"aannestad2017",5919
"blindheim1963",5920
"butler1990",5921
"crenshaw1989",5922
"danielsson2012",5923
"ekengren2004",5924
"fahlander2012",5925
"fossum1996",5926
"gilchrist1999",5927
"glorstad2009",5928
"gollwitzer1997",5929
"magusnd",5930
"pantman2014",5931
"pedersen2011",5932
"petursdottir2009",5933
"prescott1998",5934
"samdal2005",5935
"svensson2003",5936
"thedeen2012",5937
"villa2011",5938
"gothberg2006",5939
"gothberg2007",5940
"fagerlund2005",5941
"gothberg2008",5942
"alstrom1996",5943
"anund1997",5944
"berggren1991",5945
"elgh1994",5946
"frolund2005",5947
"frolund2000",5948
"hedlund1992",5949
"ljungkvist2000",308
"mattsgarden2000",308
"rahmqvist1986",308
"stromback1971",308
"eckmann2004",308
"deweirdt2011",308
"marx2011",308
"skvorzov2011",308
"tilley1999",5950
"blindheim1962",5951
"crusden1965",5952
"eddadigte1971",5953
"egebjerghansen1989",5954
"engberg1995",5955
"mitchell1977",5956
"grieg1920",5957
"holmolsen1975",5958
"jansson1995",5959
"johansson1992",5960
"kyhlberg1975",5961
"lagersted1999",5962
"lampe1993",5963
"leahy1995",155
"meulengrachtsorensen1991",5964
"motz1983",5965
"needham1967",155
"ofloinn1994",155
"ramskou1964",155
"schjodt1994",5966
"aldritt2003",5967
"allison1997",5968
"arnold1999",5969
"batey1993",5970
"batey2003",5971
"beuermann2011",5972
"bjorkanbukkemoen2017",5973
"bond2007",5974
"crawford1983",5975
"crawford2013",5976
"crossleyholland1982",5977
"cussans2010",5978
"cussans2015",5979
"dietler2001",5980
"fraser2009",5981
"greenacre2007",5982
"griffiths2009",5983
"gudmundsson1993",5984
"halstead2012",5985
"harland2006",5986
"harland2012",5987
"hastorf2017",5988
"hayden2001",5989
"hedeager2012a",5990
"hermannson2011",5991
"jervis2018",5992
"jinenez2011",5993
"jones2018",5994
"madgwick2015",5995
"mainland2016",5996
"mainland2003",5997
"mccormick2002",5998
"mccormick2014",5999
"mcgovern2010",6000
"montgomery2017",6001
"morris1996",6002
"mulville1999",6003
"nicholson2010",6004
"noble2013",6005
"noddle1997",6006
"noddle1977",6007
"oconnor2010",6008
"oram2015",6009
"palsson1978",6010
"pollock2012",6011
"rackham1996",6012
"rowleyconwy1983",6013
"rowleyconwy2018",78
"seller1986",78
"serjeantson2007",78
"sharples1998",78
"sykes2010",6014
"terbraak2002",78
"woolgar2016",78
"backhouse1984",6015
"barrettnd",6016
"cohen2003",6017
"drachmann1967",6018
"gansum2002",6019
"hodges1905",30
"idsoe2004",30
"ilkjaer2003",30
"lund2007",30
"morris1983",6020
"murphy1992",30
"mullernda",30
"nasstrom1944",30
"osborne2004",30
"osullivan2000",30
"owencrocker1919",30
"petts2003",30
"sanmark2010",6021
"semple1998",6022
"simek1983",30
"swanton1974",30
"welinder1992",30
"wellendorf2006",30
"wilson1964",30
"magnus2010",10
"svenberg1984",6023
"berg1986",6024
"blumenschine1996",6025
"boessneck1964",6026
"bronkramsey2005",6027
"brown1960",6028
"carter2007",6029
"dahlander1916",6030
"ekman1973",6031
"ekman1974",6032
"ekman1984",6033
"fagerborg1986",6034
"graslund1996",6035
"hemmendorff2010",6036
"holm2006",6037
"holmgren1985",6038
"hultcrantz1996",6039
"insulander1956",6040
"iregren1997",6041
"jakobsson1997",6042
"lauwerier1983",6043
"lemel1999",6044
"lindeblad1997",6045
"lyman1994",6046
"magnell2004",6047
"magnell2006",6048
"nathorstnd",6049
"nordberg2006",6050
"nordenram2001",6051
"nasstrom1988",6052
"paulssonholmberg1997",6053
"payne1985",6054
"richter1982",6055
"rossdale1996",6056
"rudebeck2010",6057
"sandegren1997",35
"sjodin1980",35
"thilderqvist2005",35
"vikstrand1993",35
"wallin1990",35
"welinder2003",35
"welinder2008",35
"zeder2010",35
"karnell2012",6058
"bailey2003",6059
"capelle2003",6060
"romersdal1961",6061
"nasman1942",6062
"schnittger1912",6063
"brondsted1942",6064
"axboe2007",6065
"corsten1991",6066
"fuglesang2006",6067
"nordeide1948",6068
"ringstad1988",6069
"staecker1990",6070
"stoklund2001",6071
"strom1984",6072
"wamers1997",6073
"mainz1997",6074
"westlund1989",6075
"zeiten2002",206
"zemitis1997",206
"haugbui1924",6076
"islendingadrapa1973",6077
"andrea2010",6078
"beck1978",6079
"brown1981",6080
"decastro2015",6081
"descola2010",6082
"drachmann1969",6083
"fowler2013",6084
"gansum1999",6085
"geary1979",6086
"geary1986",6087
"harris1985",6088
"hastrup2013",6089
"vigfussonnda",6090
"weismantel2015",6091
"rigsthula1960",6092
"bekpedersen1943",6093
"agnarsdottir1983",6094
"bartram1991",6095
"berson2002",6096
"birch2009",6097
"buckland1985",6098
"byock2004",6099
"christensen1990",6100
"deal1985",6101
"deboer1979",6102
"donat1980",6103
"edvardsson2003",6104
"einarsson1992",6105
"eldjarn1949",6106
"eldjarn1961",6107
"eldjarn1974",6108
"erlingssonnd",6109
"evans1967",6110
"foote1977",6111
"fridriksson1997",6112
"gifford1980",6113
"gudrun2008",6114
"gronvold1980",6115
"gronlie2006",6116
"gudmundssonnd",6117
"hayden1983",6118
"hermannsaudardottir1989",6119
"hinz1989",6120
"hoffmann1964",6121
"iceland1985",6122
"ingimundarson1992",6123
"jones1944",6124
"kobylinski1997",6125
"kuna2005",6126
"lamotta1999",6127
"lange1972",6128
"meier1984",6129
"milek2010",6130
"milek2011a",6131
"milek1997",6132
"murphy1986",6133
"murray1980",6134
"nelson1999",6135
"nelson1996",6136
"oconnell1987",6137
"okelly1954",6138
"olafsdottir1974",6139
"olafsson1992",6140
"olafsson1998",6141
"olafsson2001",6142
"page1995",6143
"stead1982",6144
"stein1989",6145
"stevenson1982",6146
"takacs1968",6147
"taylor1956",6148
"tesch1993",6149
"thorlaksson2000",6150
"urbanczyk1997",6151
"urbanczyk2002",6152
"urbanczyk2001",6153
"urbanczyk2003",6154
"urbanczyk2006",6155
"pierce1998",6156
"rafnsson1977",6157
"reimer2009",6158
"roberts1943",6159
"shetelig1937",6160
"sigurgeirsson2008",232
"simms1988",6161
"snaesdottir1992",6162
"hammarberg1985",206
"thrane1973",123
"samdal2000",206
"moesgaard2004",206
"steinsland1990",206
"artelius2000",6163
"artelius1994",6164
"bordo2008",6165
"bourdieu1999",6166
"broome2015",6167
"hedeager2014",6168
"jansson2005",6169
"leach1958",6170
"rydh1919",6171
"rydh1936",6172
"salin1959",6173
"skoglund2005",6174
"solberg1993",6175
"sten2001",6176
"vretemark1983",6177
"wallacehadrill1962",6178
"wehlin2013",6179
"baron2014",6180
"baron2006",6181
"baron2009",6182
"beagrie1989",6183
"bielicki1991",6184
"billstrom1990",6185
"bjorlykke1982",6186
"bjorlykke1990",6187
"bjorlykke1993",6188
"blanchard2001",6189
"bode2008",6190
"bode2009",6191
"boni2000",6192
"brooks2004",6193
"capelle1976",6194
"chen2012",6195
"chernyshev2008",6196
"chugayev2010",6197
"chugayev2013",6198
"duralimuller2005",6199
"gale1992",6200
"guenettebeck2009",6201
"guy1981",6202
"homer1991",6203
"hohndorf1986",6204
"johansson1983",6205
"johansson1984",6206
"johansson1985",6207
"karakaya1988",6208
"kirnbauer2012",6209
"kramers1997",6210
"leveque1993",6211
"loveluck1998",6212
"merkel2015",6213
"mirnejad2011",6214
"nilsen1991",6215
"nriagu1983",6216
"penhallurick1986",6217
"petersen1995",6218
"pollard2008",6219
"rohl1996",6220
"rohl1998",6221
"sayre2001",6222
"shepherd1993",6223
"sjastad2011",6224
"stacey1975",6225
"stosgale2004",6226
"stosgale1997",6227
"sundblad1994",6228
"tereygeol2005",99
"timberlake2005",99
"trincherini2009",99
"tylecote1992",99
"villa2009",99
"wedepohl1978",99
"kershaw1990",149
"hadley2008",6229
"alexander1987",149
"carter1969",149
"mckinley2000",149
"budd1999",149
"benedictow1992",6230
"brothwell1998",6231
"crumlinpedersen1992",6232
"bacco2006",6233
"dunnell1999",6234
"dyke1984",309
"gad1984",309
"geist1978",309
"halstead1989a",309
"janssen2003",309
"jones1986",6235
"keller1984",309
"premo2010",309
"thorarinsson1961",309
"weiss1976",309
"abels1988",6236
"geller2005",6237
"campbell2001",6238
"rollason2000",149
"blackburn2005",6239
"mckinley2003",149
"avery1990",6240
"babel1975",6241
"barrat1964",6242
"bell1996",6243
"bell2000",6244
"biddulph2012",6245
"boorman2002",6246
"breuningmadsen2001",6247
"breuningmadsen2003",6248
"catt1986",6249
"courty2001",6250
"crowther1996",6251
"cruise2000",6252
"engelmark1993",6253
"engelmark2008",6254
"holden1994",6255
"kelley2010",6256
"kooistra1978",6257
"linderholm2007",6258
"linderholm2013",6259
"macphail2000",6260
"macphail2009",6261
"macphail2012",6262
"macphail1998",6263
"niblett1999",6264
"reineck1986",98
"rentzel1999",98
"rosenqvist1958",98
"stoops2010",98
"thirly2006",98
"veneman1984",98
"viklund2013",98
"wilkinson2012",98
"ipccrkpachauri2014",6265
"reckin2013",6266
"dixon2014",6267
"lee2017",6268
"farbregd2009",6269
"callanan2016",6270
"finstad2008",6271
"vedeler2013",6272
"hafner2015",6273
"kelly2013",6274
"fehrenschmitz2014",6275
"hare2012",6276
"haas2017",6277
"barbier2011",6278
"orengo2013",6279
"hjelle2015",6280
"indrelid2011",6281
"pluskowski2013",6282
"indrelid2015",6283
"beijersbergen2017",6284
"vorren1998",6285
"stene2015",6286
"benn2010",6287
"odegard2017",6288
"young2012",6289
"helama2012",6290
"linderholm2010",6291
"matthews2008",76
"bevanger2004",76
"kullman1994",76
"williams2012",76
"armit2014",76
"mann2015",76
"callanan2013",6292
"callanan2015",76
"arjava2005",76
"buntgen2017",76
"nesje2009",76
"villumsen2016",76
"hoeg2014",76
"howardjohnston1998",76
"barrett2016",76
"barth1983",76
"walloe2010",76
"majchczack2014",6293
"berger1970",6294
"hatz2001",6295
"bantelmann1967",6296
"braren1935",6297
"kersten1958",6298
"segschneider2009",6299
"majchczack1967",6300
"beseler1982",6301
"erdmann2001",6302
"jons2014",277
"laur1959",277
"segschneider2004",277
"stilke2001",277
"stumpel2009",277
"wunderlich2013",277
"jakobsson1992",6303
"wilson1996",6304
"anttonen1992",6305
"baudou1993",6306
"baylisssmith1998",6307
"bergman1995",6308
"bradley1997",6309
"douglas1966",6310
"fellman1906",6311
"gennep1909",6312
"harrison1903",6313
"helskog1999",6314
"hultkrantz1978",6315
"insoll2004",6316
"jordan2001",6317
"kleppe2006",6318
"laestadius2002",6319
"lahelma2005",6320
"mebius1968",6321
"baylisssmith2001",6322
"napolskikh1992",6323
"nordbladh1980",6324
"pettersson1957",6325
"ramqvist2002",6326
"rank1955",6327
"rydving1993",6328
"sammallahti1982",6329
"schanche1995",6330
"solem1933",6331
"taavitsainen2003",6332
"terebikhin1993",6333
"tilley1991",6334
"trubshaw1995",6335
"turner1978",243
"uibopuu1988",243
"wiik2000",243
"vorren1978",243
"gojda1991",6336
"jezek2002",6337
"ruttkay2002",6338
"takacs2002",6339
"magnusson1973",93
"edvardsson2007",6340
"oye1988",6341
"stenberger1979a",6342
"giffordgonzalez1985",6343
"stead1981",6344
"karras1988",6345
"jochens1995d",34
"gudmundsson2009a",6346
"skjelsvik1958",98
"schindler1956",277
"amundsen2004",6347
"arnalds1995",6348
"canti1999",6349
"canti2003",6350
"carr1984",6351
"hakbijl2002",6352
"hreidarsdottir2005",6353
"johnson1974",6354
"malinskybuller2011",6355
"matthews1997",6356
"mehler2002",6357
"misarti2011",6358
"roberts2003",6359
"rolfsen1980",6360
"sampietro2005",6361
"shahackgross2005",6362
"shahackgross2008",6363
"shillito2011",6364
"smith2001",6365
"snaesdottir2003",6366
"stein1983",6367
"stockton1973",6368
"sullivan2004",6369
"tani1995",6370
"terry2004",6371
"tinsley2002",197
"vizcaino1999",197
"vyncke2011",197
"wandsnider1996",197
"wilk1979",197
"zielinski1997",6372
"ingold2012",6373
"stoodley1999",6374
"andersson2008f",69
"back2008",69
"frioriksson2013",69
"gunnell1995",6375
"gunnell2004",69
"gunnell2008",69
"harris2000",69
"hallansstenholm2010",69
"lihammer2012",69
"pentz2013",69
"philipotts1920",69
"roberts2009",69
"sjosvard1989",69
"svensson2010",69
"vikstrand2010",69
"wessman2010",26
"wessen2002",6376
"blomkvist1999",6377
"brink2005",6378
"caldwell2003",6379
"lerbom1915",6380
"nyberg1976",6381
"olsson1984",6382
"ortved1933",6383
"rafnsson1974",6384
"rosen1949",6385
"ruthstrom1988",6386
"ronnby1995",6387
"schmidtwiegand1967",6388
"schmidtwiegand1989",6389
"steffen1943",6390
"yrwing1940",258
"ostergren1992",258
"yrwing1951",258
"yrwing1978",258
"lindroth1915",258
"vangennep1909a",243
"buckley2004",6391
"armit1996",6392
"gammeltoft2004",6393
"hall2008",6394
"jay2013",6395
"jennings2005",6396
"capo1994",6397
"chiaradia2003",6398
"dangela1990",6399
"diefendorf2005",6400
"evans2009",6401
"fronval1995",6402
"keefe2007",6403
"montgomery2002",6404
"parkerpearson2005",6405
"puceat2010",6406
"raiber2009",6407
"sanchezchillon1994",6408
"sellevold1999",6409
"simpson2010a",6410
"stephan2000",6411
"toolis2008",6412
"trickett2003",6413
"vanrensburg1986",75
"warham2012",75
"woolf2005",75
"pricenda",6414
"bagge1998",311
"chenery2012",6415
"harrison2003",311
"johansen1986",311
"reed1998",311
"sellevold1991",311
"sellevold1996",311
"sellevold2001",6416
"sullivan1981",311
"tauber1981",311
"vandermerwe1978",311
"balodis1940",6417
"bogucki2006",6418
"brundage1991",6419
"christoffersen1996",6420
"crumlinpedersen1989",6421
"crumlinpedersen1996",6422
"crumlinpedersen1998",6423
"ehrensvard1991",6424
"filipowiak1998",6425
"griciuviene2005",6426
"haak2004",6427
"kiaupa2000",6428
"kochkurkina1961",6429
"lang1996",6430
"lang2004",6431
"lehtosalohilander1984",6432
"limbo2004",6433
"lougas1994",6434
"magi2002",6435
"magi2004",6436
"magi2005",6437
"magi2007",6438
"magi2009",6439
"magi2013",6440
"petrenko1995",6441
"radins2006",6442
"rebkowski1998",6443
"sedov1974",6444
"shepherd1999",6445
"sindbaek2003",6446
"vijups1997",6447
"spingis2008",289
"tvauri1998",289
"vaitkunskiene1995",289
"vasks2008",289
"vassar1939",289
"vassar1975",289
"welinder2009",289
"zarina2006",289
"gramsch2007",312
"zachrisson1989",312
"kopytoff1996",1
"kristiansen1974",312
"pfisterer2008",312
"aberg1990",6448
"ambrosiani2005",6449
"ambrosiani2016",6450
"backstrom2016",18
"blauer2013",18
"burgman1987",18
"fennomuyingo2000",18
"gustin2016",18
"harvig2014",18
"kaislaniem2011",18
"lama2015",18
"leciejewicz1956",18
"lightfoot2016",18
"nironen1997",18
"pellegrini2016",18
"stolpendc",18
"tuross2017",18
"weihed2005",18
"wilhelmson2017",18
"yurtsever1980",18
"nepomniashchii2012",288
"gaidukov1994",288
"kuzmin1997",288
"kuzmin2015",288
"stanislawski2000",6451
"britishgeologicalsurvey2001",75
"raudonikas1930",288
"ravdonikas1924",288
"plokhov1996",288
"sturluson2011",6452
"ynglingatal2011",6453
"anbrosiani2007",6454
"banyterowell2005",6455
"bliujiene2008",6456
"blomkvist2005",6457
"bertasius2006",6458
"bonnellnd",6459
"creutz2003",6460
"deemant1977",6461
"ehrensvird1991",6462
"filipowiak1983",6463
"gurevitch1970",6464
"argang2000",6465
"johansen1939",6466
"khvoshchinskaya2004",6467
"lamm2009",6468
"ligi1968",6469
"ligi1995",6470
"baltica2007",6471
"magilougas1993",6472
"melnikova2007",6473
"melnikova1990",6474
"mickevicius1994",6475
"mugurevies1994",6476
"nosoy2001",6477
"nosov2005",6478
"nosov2006",6479
"opik1970",6480
"radin1998",6481
"selart2002",6482
"selirand1974",6483
"sindbek2003",6484
"spirgis2008",6485
"stubavs1966",6486
"sne1997",6487
"tamla1977",6488
"tarvel1975",269
"tonisson1974",269
"valtonen2007",269
"zabiela2008",269
"zemitis2007",269
"zulkus1991",269
"boyd1985",6489
"boyd2005",285
"silliman2001",285
"barrett2002",285
"marshall2002",285
"watt1985",6490
"naum2005",285
"kockakrenz1993",285
"bergatzky1989",285
"tvauri2001",269
"amundsen1996",6491
"auestad1992",6492
"balascio2011",6493
"binns1978",6494
"bratrein1983",6495
"bratrein1991",6496
"bratrein1995",6497
"bruun2007",6498
"evjen2008",6499
"gjessing1973",6500
"grimm1999",6501
"grimm2002",6502
"grimm2006",6503
"grydeland2001",6504
"guttormsen2005",6505
"henriksen1996",6506
"hesjedal1996",6507
"hinsch1960",6508
"hodder1979",6509
"holand1989",6510
"johansen2002",6511
"johansen1982",6512
"johansen1990",6513
"johansen1978",6514
"mathiesen1978",6515
"myhre1978",6516
"myhre1985",6517
"nilsen1998",6518
"nilsen1995",6519
"odner1985",6520
"olsen1998",6521
"olsen2001",6522
"rolfsen1974",6523
"rolfsen1990",6524
"said1993",6525
"schanche1992",84
"simonsen1980",84
"sobstad1980",84
"spivak1987",84
"spivak1990",84
"storli1985",84
"vorren1985",84
"wickler2005",84
"wik1985",84
"vanderleeuw1989",285
"c2006b",6526
"arbman1969",188
"blair1994",6527
"brink2001",6528
"cameron1988",6529
"carver1988",6530
"carver2001",6531
"carver2002",6532
"cooper1993",6533
"dubois2006",6534
"effros2003",6535
"everson2011",6536
"fabech1994",6537
"fell1956",6538
"geake1997",6539
"grahamcampbell2009",6540
"griffiths1991",6541
"gurney1986",6542
"hall1989",6543
"halsall1989",6544
"hayward2011",6545
"heide2011",6546
"heide2014",6547
"hoggett2007",6548
"ilkjaer2002",6549
"jankuhn1955",6550
"karras1990",6551
"knapp1999",6552
"larrington1996a",6553
"mcleod2013",6554
"raffield2013a",6555
"hagland2005",6556
"randsborg1999",145
"sanmark2009",6557
"scarre2002",145
"scragg1991",145
"semple2010",6558
"sheppard1939",145
"museum2012",145
"harkell2011",145
"thurston2002",6559
"tilley2006",6560
"webster1983",145
"yorke1990",145
"pedersennda",6561
"armbruster2004",6562
"bayley1992",6563
"brinchmadsen1984",233
"feveile1994",6564
"grieg1922",6565
"hedegaard2005",233
"jouttijarvi2006",203
"paulsen1936",6566
"pedersen2000",6567
"augenti2011",6568
"bilge2013",6569
"bowleg2008",6570
"back2018",6571
"collins2016",6572
"davis2008",6573
"diazandreu2005",6574
"evans1997",6575
"goldhahn2007",6576
"holmquist1990",6577
"holmquist1993",6578
"holmquist2001",6579
"holmquist1998",6580
"holmquist2009",6581
"inall2014",6582
"kaliff1992",6583
"laneri2007",6584
"nelson2007",6585
"olausson2001",6586
"popa2014",6587
"schietzel1963",46
"thedeen2011",46
"vennatro2016",46
"yotov2016",46
"ashede2015",46
"aagard1984",6588
"arbman1960",6589
"bjeletskij1998",6590
"capelle1962",6591
"dellepiane2009",6592
"edberg2001",6593
"eniosova2008",6594
"gingerich2014",6595
"hermon2008",6596
"jolshin2012",6597
"klindtjensen1965",6598
"neiss2005",6599
"neiss2006",6600
"neiss2009",6601
"neiss2010",6602
"puskina1998",6603
"scott2002",6604
"shearer2012",6605
"sholts2012",6606
"sholts2010",230
"sholts2011",230
"sotnikova1959",230
"kastholm2008",230
"thunmark1974",230
"wiechmann2001",230
"wolters2006a",230
"hallam2001",46
"ekengren2006",46
"rindal2004",201
"backdanielsson2008",6607
"bennett1987",6608
"carlsson2002",6609
"fabech2004",6610
"henderson1991",6611
"hjorungdal1994",6612
"hovanta1995",6613
"lagerholm2009",6614
"mays1998",6615
"rosten2007",6616
"simpson2004",6617
"sindbaek2006",6618
"smyser1965",6619
"stalsberg1987",6620
"thedeen2008",6621
"dudo1998",6622
"gragas2000",6623
"grettirssaga1974",6624
"layofharoldtransl1936",6625
"almqvist1965",6626
"almqvist1974",6627
"betzig1982",6628
"brown2009",6629
"camdennd",6630
"chagnon1988",6631
"clover1993",34
"coleman2015",6632
"colwell1988",6633
"coupland2003",6634
"debuse1999",6635
"dickemann1979",6636
"downham2014",6637
"ebel1993",6638
"ember1974",6639
"emlen1977",6640
"falys2014",6641
"forsgren2004",6642
"fuglestvedt2014",6643
"goetting2006",6644
"griskevicius2012",6645
"hill1990",6646
"hoglund1993",6647
"hudson2004",6648
"jacobsen1982",6649
"jochens1980",58
"jochens1986",58
"jochens1987",58
"jochens1991",58
"kvarnemo1996",58
"kvarnemo1995",58
"madsen1993",58
"meulengrachtsorensen1980",58
"mitani1996",58
"montgomery2008",6650
"moorad2011",58
"opdahl2003",58
"reichert2006",58
"renaud2000",6651
"sampson2006",58
"schacht2014",58
"szekely2014",58
"thedeen2009",6652
"weir2011",58
"zeitzen2008",58
"staecker2006",6653
"kure2013",6654
"lamm2003",6655
"lamm2003a",6656
"hauck1985",6657
"hauck1969",6658
"neckel1983e",6659
"larrington2014",6660
"bangnd",6661
"buggenda",6662
"dronke1989",6663
"haavardsholm1996",6664
"hauck1982",6665
"heusler1941",6666
"wilhelm1952",6667
"vanderhorst1982",6668
"horst2010",6669
"hultgard1987",6670
"johansson2013",6671
"lamm2003b",6672
"mckinnell1994",6673
"mckinnell2008",313
"meyernd",313
"north2003",313
"oehrl2009",313
"quast2002",313
"nordal1980",313
"stephensnda",313
"westphal2004",313
"williams1994",313
"musty1974",290
"saxo1931",201
"sopp1999",201
"thomsen1929",201
"blindheim1982",139
"clarke1995",6674
"duner2006",139
"gaut2015",139
"hougen1931",139
"kielland1927",139
"maddicott1989",139
"ryghnde",139
"samson1991a",6675
"schramm1955",139
"werner1980",139
"coplen1988",263
"a2007",49
"sjoberg1987",6676
"blindheim2008",6677
"brogger1997",6678
"chatwin1990",6679
"eisenschmidt1994",115
"gourevich1999",6680
"gunnell2000",6681
"gunnell2006",6682
"harris2009",6683
"hagg2009",6684
"jakubovskij1926",6685
"liepe1989",6686
"mckinnell2005",6687
"montgomery2004",6688
"ogden2008",6689
"page1985",6690
"petrenko1991",6691
"robbins2004",6692
"rundkvist2003",6693
"schjodt2007",6694
"schjodt2009",6695
"skre2004",6696
"steinsland1981",6697
"stern2009",6698
"tollnes1998",6699
"faulkes1989",6700
"sekundaerkilder1997",6701
"barndon1992",314
"drescher1977",314
"gustafsson2005",314
"haaland1985",314
"jouttijarvi2001",314
"krishnan1976",314
"roesdahl1993",6702
"smith1974",314
"steinsland1997",314
"webster1999",314
"feveile2002b",233
"anderson1992",6703
"balasse2002",6704
"bell2001",6705
"bethard2013",6706
"brabrand1991",6707
"buzon2013",6708
"cameron2011",6709
"cruz2011",6710
"eliason2010",6711
"ferguson2009",6712
"fornander2015",6713
"grupe2011",6714
"haak2008",6715
"hofstra1995",6716
"hunter1975",6717
"kahl2009",6718
"knudson2008",6719
"knudson2011",6720
"lambergkarlovsky1972",6721
"lane1972",6722
"magnusson1980a",6723
"moberg1981",6724
"naum2012",6725
"olsen1961",6726
"suchey2006",140
"tung2011",140
"turner2009",140
"vos2005",140
"webb1985",140
"wilson1970",140
"crumlinpedersen1988",6727
"zeitzen1997a",6728
"wenger2004",6729
"sofartsmuseums1987",6730
"baxter2008",6731
"christensen1988",6732
"cooper1978",6733
"edgren1988",6734
"elsner1992",6735
"gillespie2001",6736
"grieg1933",6737
"hejgaard2010",6738
"hojrup1983",315
"jensen2008",315
"sandberg2006",315
"schwartzman2006",315
"smolarek1969",315
"sztompka1994",315
"tesch2005",315
"zeitzen2002",315
"ostergaard2011",315
"hayeursmith2004",6739
"byejohansen2004",6740
"thunmarknylen2015",6741
"albrectsen1994",6742
"althoff1999",6743
"andersen2011",6744
"bede1968",6745
"blair2005",6746
"dulinicz2002",6747
"foote1993",6748
"gullbekk2008",6749
"keynes1991",6750
"kornerupnd",6751
"krag2003",6752
"meier2002",6753
"meulengrachtsorensen1997",6754
"meulengrachtsorensen2001",6755
"miuillermertens1999",6756
"ottodergrosse2001",6757
"pedersen2005",6758
"refskou2004",6759
"roesdahl1983",6760
"roesdahl1987",6761
"roesdahl1999",6762
"roesdahl2004",6763
"schoujorgensen1997",6764
"skovgaardpetersen1977",6765
"steinsland2008",6766
"tesch2008",6767
"wilson1966",6768
"porsteinsson1987",6769
"fangel1941",6770
"chapman1981",6771
"miller2005",112
"nylen1987",112
"andersson2016b",316
"cambridge2017",316
"hauptman2014",316
"aukrust1982",6772
"ayers2016",6773
"bergman2007",6774
"carrer2015",6775
"critch2018",6776
"curdy2016",6777
"norvegicum2019",6778
"finstad2018",6779
"gilck2019",6780
"grjotheim1978",6781
"gunnarsdottir2000",6782
"hollesen2018",6783
"kleiven1973",6784
"kummen1983",6785
"providoli2016",6786
"rosvold2017",6787
"savioz2016",6788
"shawnd",6789
"thun2018",6790
"timberlid2015",108
"volken2015",108
"younghusbandnd",108
"shetelig1920b",6791
"miles1989",6792
"abbott2005",6793
"gilmour1988",6794
"aitken1966",6795
"aitken1962",6796
"aitken1983",6797
"anon1996",6798
"aspinall1977",6799
"barley1964",6800
"barley1981",6801
"belfiore2007",6802
"blinkhorn2013",6803
"brooks1984",6804
"bryant1977",6805
"dallas1993",6806
"dunning1959",6807
"everson1999",6808
"field1990",6809
"ford1995",6810
"froh2004",6811
"gale1995",6812
"garmonsway1972",6813
"garrigos2001",6814
"golitko2012",6815
"goodwin2013",6816
"harkel2013",6817
"hebditch1964",6818
"hurst1962",6819
"ixer1997",6820
"jordan1994",6821
"kilmurry1980",6822
"leah1994",6823
"vander1993",6824
"mainman1990",6825
"maniatis1981",6826
"maniatis1984",6827
"mccarthy1988",6828
"miles1974",6829
"nailor1984",6830
"price1975",6831
"quinn2013",64
"rice2005",64
"rogerson1984",6832
"rye1981",64
"sawyer1998c",64
"arwidson1984",6833
"arwidson1986",6834
"arwidson1989",6835
"bennike1985",6836
"bennike1993",6837
"calmer1977",6838
"deniro1988",6839
"gilbert2005",6840
"hoefs2004",6841
"jorkov2007",6842
"kanstrup2006",6843
"leethorp2003",6844
"longin1971",6845
"madsen1988",6846
"reidla2003",6847
"runge2010",6848
"schoeninger1989",6849
"sillen1998",6850
"skibstedklaesoe1997",6851
"sponheimer2006",6852
"vanklinken1999",6853
"verhulst1966",6854
"verhulst1995",6855
"walette2004",6856
"paludan1991",6857
"koch1936",6858
"steensberg1952",6859
"steensberg1973",6860
"dobat2007",6861
"meier2007",6862
"tesch1992",185
"fangel1998",185
"tollin1998",185
"riddersporre2003",185
"nedkvitne2004",185
"fritz1988",185
"back1995",6863
"gustin2011",6864
"haussig1987",6865
"martin1986",6866
"noonan1985",6867
"noonan1989",6868
"noonan2001",6869
"rispling2007",6870
"roslund1997",6871
"roslund2009",6872
"roslund2010",6873
"thordeman1926",6874
"holmquistolausson2002",6875
"johansson1997",6876
"jonsson2001",214
"kovalev2001",214
"kovalev2002",214
"kovalev2005",214
"kovalev2011",214
"landgren1998",214
"younghusband1904",108
"of1917",6877
"jensson1929",6878
"arbman1936",6879
"arent1969",6880
"ekelund1956",6881
"ellisdavidson1967",16
"gjeerder1964",16
"holmavist1955",16
"jansson1963",6882
"perkins2001",16
"price1969",6883
"salin1913",6884
"steinsland1936",16
"agrip1929",16
"hultgard2003",16
"hudson2005",6885
"rediker1987",6886
"pennel1997",6887
"leeson2009",6888
"antony2002",6889
"hudson2007",72
"price1991",72
"wulfstan1976",72
"artefacts1980",72
"birkeland1954",72
"arcini2005a",6890
"catling2008",72
"griffiths1991a",72
"richards1989",72
"kanstrup2008",6891
"andersson1975",6892
"arcini2018",6893
"arppe2010",6894
"azmy1999",6895
"buko2013",6896
"chernykh1985",6897
"faure2004",6898
"fraser2018",6899
"hyenstrand1982",6900
"lewis2008",6901
"maldre2018",6902
"margaryan2019",6903
"peschel2014",6904
"punning1987",6905
"raukas2009",151
"ruff2012",151
"sillen1982",151
"trotter1958",6906
"tuuling2011",6907
"wea1980",6908
"woelfel2002",151
"arcini1998",34
"baillie1991",6909
"baillie2015",6910
"bolender2011",6911
"davies2015",6912
"dugmore1992",6913
"edwards2012",6914
"einarsson1988",6915
"erlendsson1995",6916
"haflidason2000",6917
"haflidason1992",6918
"hammer1980",6919
"hermannsaudardottir1988",6920
"lane2014",6921
"larsen1982",6922
"larsen1984",6923
"larsen1977",6924
"lowe2008",6925
"lowe2011",6926
"lowe2015",6927
"lowe2001",6928
"newton2008",6929
"oladottir2008",6930
"ponomareva2015",6931
"roberts2000",6932
"sigurgeirson2014",6933
"sigurgeirsson1995",6934
"sigurgeirsson2007",6935
"sigurgeirsson1998",6936
"sigurdsson1982",6937
"sveinbjarnardottir2004",6938
"theodorsson2009",6939
"theodorsson2012",6940
"vilhjalmsson1991",227
"vinther2006",227
"zielinski1995",227
"palmerbrown1995",64
"vince2009",64
"andersen1982a",6941
"andersen1996",6942
"bennike1994",6943
"brather2001",6944
"burschel1994",6945
"caferro2006",6946
"christophersen1940",6947
"damgaardsorensen1991",6948
"fiorato2000",162
"hermann1974",162
"krueger1985",162
"nielsen1990",6949
"petersen1989",162
"roesdahl1975",162
"thordeman1939",162
"ahlstromarcini2005",34
"schjodt2013",34
"anderson2010",6950
"bayman2013",6951
"bentley2007",6952
"brink2014",6953
"buck1938",6954
"erikson2015",6955
"hauofa2008",6956
"heyerdahl1938",6957
"kane1997",6958
"king2003",6959
"kirch2010",6960
"kirch2012",6961
"kirch2014",6962
"kirch2007",232
"kirch1992",6963
"ljungstrom2004",6964
"ravn1993",6965
"ravn2011",6966
"ravn2018",318
"salmond2010",318
"schjodt2017",318
"smith2010",6967
"spriggs2008",318
"spriggs2016",318
"stolpendd",318
"thomas1997",318
"thomas2010",318
"wawn2000",318
"raukas1997",151
"hinton2005",6968
"hoilundnielsen1999",6969
"leigh1984",319
"clauskrag1982",6970
"ruth1988",6971
"lindkvist2003",6972
"yuhl2013",6973
"cameron2008",6974
"cameron2016",6975
"lewis2017",6976
"karras1980",6977
"larson1935",6978
"lee1936",6979
"audr2001",6980
"benraffield2017",6981
"see2012",6982
"reuter2012",6983
"blili1996",6984
"somerville2014",6985
"ch2011",6986
"michaelswanton2000",6987
"robinson1921",6988
"gothenburg2000",6989
"goodall1990",6990
"henning2012",6991
"warner2009",41
"olsson2017",41
"simpson2018",41
"ch2000",41
"lunde2012",41
"jankowiak2016",41
"lewis2016",41
"ostergren2008",41
"kankpeyeng2009",41
"laird2010",41
"bodel2005",41
"walz1977",41
"daniel1992",41
"morgan1998",41
"warren1977",41
"bodel2014",41
"ireland1952",41
"hardh2001",6992
"lamm2005",6993
"lang1995",6994
"salmo1938",6995
"skrzat2010",6996
"tarvel1982",6997
"trotter1952",6998
"anderson2002",6999
"arnold1991",7000
"dowson2006",7001
"dror2017",7002
"fridriksdottir2013",7003
"geller2017",7004
"gero1985",7005
"ghisleni2016",7006
"herget2008",7007
"jansson1992",7008
"jensen2018",7009
"jordan2009",7010
"joyce2008",7011
"knauer2001",7012
"lindqvist2004",7013
"nakhaeizadeh2014",7014
"nilssonstutz2013",7015
"norgardjorgensen1997",7016
"olausson2001a",7017
"reeder2008",7018
"sorensen1983",7019
"stolpe2019",7020
"wylie1992",7021
"dagstorp1999",7022
"mark1998",7023
"bogelund1999",7024
"naes2000",7025
"andersminde1980",7026
"okholm1996",7027
"starigardoldeburg1991",7028
"stro1984",7029
"bchin1965",7030
"albert1999",7031
"albert2002",7032
"barabasi2003",7033
"becker1999",7034
"becker2003",7035
"clarke1972",7036
"dodds2003",7037
"donat1984",7038
"c2006c",7039
"granovetter1973",7040
"herrmann2005",7041
"jacobsson2000",7042
"jons1997",211
"lundquist2003",7043
"meier1991",7044
"ormerod2004",7045
"palmer2003",7046
"palmer2004",7047
"ravasz2003",7048
"renfrew1977",7049
"schoknecht1977",7050
"schuldt1965",7051
"schuldt1967",7052
"schuldt1981",7053
"schuldt1985",7054
"wasserman1994",7055
"watts2003",7056
"watts1998",7057
"wells2005",7058
"wietrzichowski1993",7059
"ahlen1998",7060
"aikio2006",7061
"alenius2007",7062
"alenius2011",7063
"barrett2009",7064
"carpelan1984",7065
"carpelan2003",7066
"carpelan2006",7067
"donner1986",7068
"edberg1999",7069
"fewster2006",7070
"halinen2005",7071
"herrgard2005",7072
"hiekkanen2010",7073
"huurre1983",7074
"hakkinen2010",7075
"ivars2002",7076
"jaakkola1935",7077
"karlsson1987",7078
"korpela2004",7079
"kovalev2007",7080
"kriiska2007",7081
"kumpulainen2004",7082
"kuusela2011",7083
"lehtosalohilander1985",7084
"lehtosalohilander2001",7085
"leskinen2008",7086
"masonen1989",7087
"meinander1950",7088
"moilanen2010",7089
"nordman1944",7090
"norrman1983",7091
"nunez1993",7092
"nunez1995",7093
"orrman1991",7094
"orrman1993",7095
"poutiainen2008",7096
"raninen2010",7097
"ringbom1994",7098
"roeckhansen1995",7099
"salo2000",7100
"schalin2008",7101
"spirgis2006",7102
"spiridonov1991",7103
"taavitsainen1980",7104
"taavisainen1988",7105
"taavitsainen1994",7106
"taavitsainen1999",7107
"taavitsainen2007",7108
"tomtlund2005",7109
"uino2003",7110
"maria2001",7111
"valtonen2008",217
"viklund2002",217
"wickholm2000",217
"wickholm2004",217
"kirpichnikov1985",7112
"makarov1990",7113
"makarov2009",7114
"melnikova1991",7115
"muller1987",137
"nerman1929",7116
"nosov1992",7117
"nosov2001",7118
"ravdonikas1949",7119
"smolichev1925",306
"sitii2006",306
"andren2004j",7120
"beskowsjoberg1987",7121
"crumlinpedersen1995d",7122
"t1999",37
"grahamcampbell1998j",7123
"price1989a",7124
"skaarup1972",37
"terry1990",37
"ludtke2001",7125
"barabas2003",7126
"brinch1991",7127
"jansson2008",7128
"hakonshetelig1917",7129
"harrison2010",7130
"russell2007",7131
"budd2014",7132
"score2010",7133
"lundraffield1989",7134
"griffiths1997",7135
"ross1983",7136
"thee1980",7137
"baker1997",7138
"khoroshev2007",7139
"kotowicz2007",7140
"macgregor1978",7141
"binns1963",7142
"booth1987",7143
"booth1997",7144
"bulock1960",7145
"clark1966",7146
"craig2010",7147
"cramp1976",7148
"kemp1996",7149
"kershaw2008",7150
"leahy2000",7151
"morris1977",7152
"morris1984",7153
"naismith2011",7154
"naylor2001",7155
"peers1943",7156
"powlesland1998",7157
"rahtz1967",105
"schoenfelder2011",105
"stocker2007b",105
"thomas2003",105
"townend2014",105
"williams1988",105
"wrathmell2012",105
"richards2014",105
"richards2015",105
"richards1983",7158
"williams1983",7159
"swanton1970",7160
"cluniesross1985",7161
"james1997",7162
"woodward2004",7163
"beskowsjoberg1987a",7164
"beltznd",7165
"clark1984",7166
"davis1983",7167
"fehring1987",7168
"fehring1995",137
"gerrard2003",7169
"hubener1959",7170
"karlin1922",7171
"liebgott1989",282
"lischnd",282
"moreland1991",282
"sorensen1989",282
"verhaeghe1994",282
"wiessner1939",282
"desha2000",7172
"honolulu1991",7173
"dining1980",7174
"athens2017",7175
"oxfordroutledge2016",7176
"graeber2017",7177
"redknap2004b",7178
"amkreutz2004",7179
"lewis1972",7180
"mattes2016",7181
"mattes2008",7182
"comacchio1983",7183
"whitehouse1983",7184
"hooper2006",7185
"kirch1985",7186
"kristiansen1998",7187
"space2015",7188
"rainbird2015",320
"ratnagar2001",320
"jp2010",320
"sherratt1993",320
"clark2008",320
"valeri1985",320
"malarlandskapen1993",320
"wallin1993",320
"westerdahl1992",320
"jankuhn1975",7189
"ramskou1999",7190
"rundkvist2001",167
"windgather1990",167
"windgather2003a",167
"sussex1997",7191
"waitznda",7192
"ramskou1963",167
"neiss2070",167
"attwood2000",7193
"einarsson1991",7194
"blake1962",7195
"durrenburger1934",7196
"ol1939",7197
"ellison2000",7198
"finlay2011",7199
"finlay1959",7200
"kennedy1997",7201
"kunz2000a",7202
"schmeidler1917",7203
"toddnd",7204
"tschan1959",7205
"alkrenawi1999",7206
"alkrenawi2002",7207
"audur2008",7208
"barry1981",7209
"baumeister2004",7210
"betzig1995",7211
"borovsky1999",7212
"boyden2007",7213
"bragg2008",7214
"breitman2004",7215
"broude1976",7216
"caldwell1998",7217
"ross2010",7218
"daly1980",7219
"divale1976",7220
"elbedour2006",7221
"fleisher1999",7222
"fleisher2004",7223
"grossbardshechtman1993",7224
"graslund1989",7225
"henrich2012",7226
"hraundal2014",7227
"huber2011",7228
"jankowiak2008",7229
"jankowiak2005",7230
"karamagi2006",7231
"karras1992",7232
"kress2002",7233
"kolker2014",7234
"larrington2016",7235
"liwoch2007",7236
"ljungqvist2015",7237
"miller1982",7238
"norrman2000",7239
"norstein2014",7240
"odonoghue2004",7241
"omariba2007",7242
"ritchie1976",7243
"saelebakke1986",7244
"schacht2015",7245
"simek1992",7246
"sjoberg1976",7247
"sorensen1946",7248
"wyatt2009",7249
"boyes1921",7250
"grierson1959",7251
"gulibekk2005",7252
"hedeager1993",7253
"lunden1999",7254
"steinnes1936",7255
"pormksson1992",7256
"back1984",282
"karlin1923",282
"aberg1923",7257
"aija1997",7258
"ailio1922",7259
"ambrosiani1956",7260
"ambrosiani1968",7261
"arbman1932",7262
"areslatt1993",7263
"arrhenius1999",7264
"atterman1935",7265
"bennettlagerlof1978",7266
"bennett1976",7267
"blindheim1949",7268
"dreijer1966",7269
"drotz1995",7270
"ekholm1918",7271
"eniosova1998",7272
"enqvist1923",7273
"gudesen1980",7274
"hackmannd",7275
"hagberg1966",7276
"helgen1982",7277
"herteig1955",7278
"holmqvist1970",7279
"horfors1988",7280
"kivikoski1980",7281
"lind1984",7282
"lindahl1950",7283
"macgregor1997",7284
"marstrander1973",7285
"martens1969",7286
"monteliusnda",7287
"nilsson1990",7288
"odencrants1933",7289
"rasch2001",7290
"ostergaardjensen1987",7291
"petre1984b",7292
"ramqvist1998",7293
"rasmussen1989",7294
"reisborg1994",7295
"ryghndf",155
"salinnd",7296
"sarauw1923",7297
"schonbeck2002",7298
"serning1960",7299
"simonsson1972",7300
"spirgis2007",7301
"stjernquist1951",7302
"stolpe1927",7303
"tillvaxten1909",7304
"vangpetersen1991b",234
"vedelnda",234
"worsaaenda",234
"bagge2010",7305
"englert2007c",7306
"callmer1976",7307
"dalton1975",7308
"elster2007",7309
"finley1973",321
"hansen1977",7310
"jansen2015",321
"lie1988",7311
"mikkelsen2006",321
"mitchell1984",7312
"myrvoll1992",321
"ostmo2011",321
"pilo1990",321
"polanyi1944",7313
"rundberget2009",321
"stenvik2003",7314
"swedberg2014",321
"wiberg1977",321
"voncarnapbornheim2007",7315
"cohen1997",7316
"fuchtbauer1971",7317
"dejong2010",7318
"kiefferolsen1997",7319
"lihammer2007",7320
"lindstrom1991",7321
"messenburg1972",7322
"milthers1916",7323
"moberg1994",7324
"naum1925",7325
"rossmann2000",134
"safran2005",134
"schoeninger2003",134
"vensild1996",134
"vonhejine2004",134
"wagnkilde1996",134
"nordal1938",7326
"sigurdur1938",25
"christensen2012",116
"engberg2002",116
"rieck1992",116
"sigurdsson2012",116
"skre2005",116
"soderberg1966",116
"olausson2009",116
"kvhaa1903",234
"bratt1999",7327
"darvill2004",7328
"driscoll2004",7329
"meaney1995",7330
"meaney1997",7331
"olafsson1985",7332
"pantos2002",7333
"pantos2003",7334
"addyman1981",7335
"alcock1963",7336
"bayley1987",7337
"bayley1991",7338
"bayley2008",7339
"benson1911",7340
"blair1991",7341
"boni2003",7342
"clarke1998",7343
"coatsworth2002",7344
"comber2004",7345
"cowgill2009",7346
"dickens2009",7347
"cowie2012",7348
"craddock1989",7349
"daniels1988",7350
"dommasnes1987",7351
"emery2007",7352
"eremin1998",7353
"wilthew2002",7354
"garmonsway1947",7355
"gilmore1980",7356
"griffiths2007",7357
"hall2001",7358
"higham1993",7359
"hinton1990",7360
"hinton1996",7361
"hinton2000",7362
"hinton2003",7363
"hutcheson2009",7364
"kershaw2010",7365
"laing2006",7366
"loken1987",7367
"macgregor1999",7368
"mann1982",7369
"newman1993",7370
"nicholson1997",7371
"omeadhra1987",7372
"oriordain1971",7373
"owencrocker1986",7374
"paterson1997",7375
"paterson2000",7376
"pritchard1991",7377
"radley1971",7378
"seaman2013",7379
"smith1923",7380
"waltonrogers2004",7381
"taylor1987",7382
"thomas2004",7383
"thomas2008a",7384
"tweddle1986",7385
"vince2001",7386
"rogers2007",7387
"rogers2014",7388
"rogers2016",7389
"wastling2009",146
"waterman1959",146
"webster2012",146
"caroline1999",7390
"blank2018",7391
"chukhina2015",7392
"davydova1999",7393
"dzhakson2002",7394
"dzhakson1986",7395
"glykou2018",7396
"gorelov1997",7397
"nv2017",7398
"gromig2019",7399
"jackson2003",7400
"jackson2009",7401
"khudoley2013",7402
"kirpichnikov1984",57
"kirpichnikov2013",57
"knudson2007",57
"lalazarov2012",57
"moiseyev2014",57
"moisio2015",57
"ostman2004",57
"petrenko1985",57
"petterson1995",57
"platonova1996",57
"raffensperger2014",57
"saarnisto1995",57
"sankina2000",57
"sauramo1929",57
"karlgoran1999",57
"subetto1998",57
"zazzo2004",57
"dunfjeldaagard2005",7403
"reymert1980",7404
"arne1909",7405
"bergstol2002",7406
"bohannan1959",7407
"brogger1928",7408
"fjellstriim1962",7409
"ell1990",7410
"gullbekk2003",185
"jasinski1998",7411
"kopytoff2000",7412
"montelius1922",7413
"niisstriim2001",7414
"ojanlatva2003",7415
"yrbyggjasaga1989",128
"sandmo1994",128
"kongesagaer1979",128
"steinsland1989",128
"steinsland1992",128
"steinsland1984",128
"stenberger1971",128
"byock1998",7416
"fox1974",7417
"palsson1986",7418
"whitelock1976",7419
"alesina1999",7420
"coffe2006",7421
"dcms2002",7422
"doosje1995",7423
"eger2010",7424
"ellemers1997",7425
"ellisdavidson1976",7426
"jans2015",7427
"stewart1991",7428
"korostelina2007",7429
"lindeman1997",7430
"lonnroth2008",7431
"lund1985",7432
"maderer2014",7433
"mcdonald2012",7434
"petta1992",7435
"putnam2006",7436
"rhee1996",7437
"sawyer1985a",7438
"schjodt2011",7439
"smith1997",317
"sosis2006",317
"swann2009",317
"swann2012",317
"tajfel1971",317
"thomas1999",317
"tropp2001",317
"whitehouse2012",317
"whitehouse2014",317
"pantos2004",7440
"holmback1933",7441
"lucas1966",307
"bourke1993",307
"hedeager1994",7442
"hardh1988",307
"kruse2007",307
"lieber1989",307
"miller1986",307
"mullerboyson1987",307
"saunders1995",307
"bagerius2001",7443
"batey2012",7444
"becker2007",7445
"bickerton2015",7446
"grahamcampbell2001h",7447
"bird2000",7448
"blackmore2011",7449
"boothby2004",7450
"bychowski2018",7451
"casey2010",7452
"chagnon1992",7453
"coltrane2006",7454
"connell2000",7455
"connell2005",7456
"crawford2007",7457
"damon2006",7458
"dommasnes2008b",7459
"ember2015",7460
"enloe2017",7461
"erikson1950",7462
"pesch2018",7463
"gilligan1982",7464
"gilligan1990",7465
"gowland2001",7466
"gunnell2013",7467
"haapasalo2000",7468
"halstadmcguire2010b",7469
"handel2007",7470
"hays1982",7471
"higate2005",7472
"hinojosa2010",7473
"hollander1949",7474
"hooper2001",7475
"honwana2006",7476
"howard2000",7477
"kaland2008",7478
"kamp2015",7479
"keith2005",7480
"kimball2013",7481
"knusel2000",7482
"larrington2008",7483
"levine1990",7484
"lewissimpson2008",7485
"lillehammer2010",7486
"macinnes2016",7487
"mcguire2016",7488
"mead1934",7489
"meggitt1977",7490
"mellor2014",7491
"murphy2017",7492
"mygland2010",7493
"hencken1933",7494
"orchard2011",7495
"orme1995",7496
"perkins1972",7497
"preston2014",7498
"raninen2008",7499
"scribner1965",7500
"reynolds1991",7501
"ross2018",7502
"shimahara1970",7503
"soderberg2017",7504
"sofaer2011",7505
"solli2008",7506
"squires2013",7507
"swanton1997",7508
"underwood2006",7509
"varney2000",7510
"weinreich2009",7511
"weisner2015",7512
"weisner1977",7513
"werner1964",7514
"wessells2006",7515
"whaley2009",7516
"whitehouse2017",7517
"woolf2017",7518
"snorres1999",128
"armstrong2000",7519
"a2007a",7520
"barrett1994",7521
"binford1972",7522
"brogger1950",7523
"fuglestvedt2007",7524
"grieg1942",7525
"gunnes1976",7526
"holmsen1939",7527
"ilkjaer2000",7528
"kallhovd1994",7529
"krag1995",7530
"munch1981",7531
"munch2007",7532
"myhre1997",7533
"mollerop1957",7534
"mollerop1971",7535
"parkerpearson1982",7536
"petersen1937",7537
"ronneseth1963",7538
"ronneseth1966",7539
"sandnes1997",7540
"shanks1982",7541
"sigurdsson1993",7542
"slomann1958",7543
"sturlasson1964",7544
"stenberger1966",7545
"stenvik2005",242
"steuer1989",242
"storli2001",7546
"tacitus1977",242
"titlestad1996",242
"thompson1965",242
"appelgrennd",7547
"back2007",7548
"callmer1980",7549
"callmer1986",7550
"carpelan1980",7551
"damell1967",7552
"delort1978",7553
"edgren1999",7554
"ekbo1981",7555
"enqvist2004",7556
"enqvist2006",7557
"floderus1931",7558
"gustavsson2001",7559
"hackman1938",7560
"haggren2005",7561
"hiekkanen2001",7562
"hirviluoto1986",7563
"huurre1987",7564
"huurre1992",7565
"kivikoski1939",7566
"lang1985",7567
"ligi1994",7568
"lind2000",7569
"lind2006",7570
"lind2009",7571
"makarov2006",7572
"morris1999",7573
"raportteja2003",7574
"pimenov1965",7575
"purhonen1992",7576
"purhonen1997",7577
"ryabinin1978",7578
"ryabinin1986",7579
"saksa1985",7580
"saksa1992",7581
"schmid1942",7582
"silliman2005",7583
"stang1981",7584
"stein1998",7585
"stein1999",7586
"stein2002",7587
"syse1987",215
"taavitsainen2004",215
"tomantera1991",215
"tvauri2005",215
"zakharov2004",215
"boe2012",7588
"fjell2005",7589
"goffman1971",7590
"grieg1943",7591
"holtorf2005",7592
"rasmussen2013",211
"anon2011",7593
"bloch1939",7594
"chin2004",7595
"dillmann1996",7596
"hall1984",7597
"hilberg2008a",49
"horton2000",7598
"klejn2009",7599
"knirk1999",7600
"mcgovern2011",7601
"mullerwille1996",7602
"nordenborgmyhre2001",267
"nosov1998",267
"steuer1990",267
"vollertsen1989",267
"ward2000",267
"wallace2001",267
"willemsen2009",267
"wynnejones2007",267
"tacitus1997",242
"batey1994",7603
"bjornskov2009",7604
"bohnet2008",7605
"bourdieu1986",7606
"brondsted1960",7607
"chartrand2006",7608
"barry2008",7609
"delhey2005",7610
"dohmen2008",7611
"freitag2008",7612
"greif1989",7613
"greif1993",7614
"greif2006",7615
"greif2012",7616
"guiso2008",7617
"haywood1995",7618
"langer2002",7619
"lookofsky2006",7620
"milgrom1990",7621
"nannestad2008",7622
"nunn2011",7623
"olson1993",7624
"ostrom2009",7625
"ozcan2011",7626
"paldam2000",7627
"putnam1993",7628
"putnam2000",7629
"raffield2009",7630
"ramskou1962",7631
"rothstein2003",7632
"rothstein2005",7633
"svendsen2004",7634
"svendsen2009",7635
"svendsen2012",7636
"sorensen1990",275
"traunmuller2011",275
"uslaner2002",275
"uslaner2008",275
"vikings1997",275
"weber2009",275
"williamson1993",275
"aegidius1977",7637
"albrectsen1941",7638
"albrectsen1970",7639
"albrectsen1984",7640
"andersen1987",7641
"andersen1998",7642
"andersen1971",7643
"andersson1972",7644
"andren1994",7645
"arentoft1984",7646
"arentoft1985",7647
"arentoft1993",7648
"arentoft1999",7649
"bartholin1976",7650
"bartholin1974",7651
"becker1982",7652
"bertelsen1991",7653
"bertelsen1992",7654
"binderup1996",7655
"bjerregaard2016",7656
"bjerregaard2017",7657
"christensen1975",7658
"christensen1977",7659
"christensen1999",7660
"christensen2017",7661
"elkjaer2001",7662
"og2001",7663
"fussel2008",7664
"amt1992",7665
"gothche1995",7666
"grandtnielsen1982",7667
"harnow2005",7668
"haupt2006",7669
"henrichsen1968",7670
"henriksen1988",7671
"henriksen2012",7672
"hoff2000",7673
"hohenberg1985",7674
"hohenberg1995",7675
"hojlundnielsen1987",7676
"jacobsen2000",7677
"jacobsson2003",7678
"jeppesen1981",7679
"johannsen1995",7680
"jorgensennda",7681
"juel2010",7682
"kousgardsorensen1969",7683
"krongaardkristensen1998",7684
"krongaardkristensen2016",7685
"langkilde2007",7686
"lauritsen1974",7687
"lauritsennd",7688
"levinnielsen1968",7689
"linaa2016",7690
"lindblom2013",7691
"lundhansen1988",7692
"lundo2012",7693
"madsen1982",7694
"mathiesen1922",7695
"mathiesen1927",7696
"mejdahl1993",7697
"moller2008",7698
"nasman1996",7699
"nielsen1984",7700
"nilsen1990",7701
"nilsson2015",7702
"norgaardjorgensen2002",7703
"nyberg1982",7704
"odman2014",7705
"olesen2014",7706
"olsen1969",7707
"pagh2016",7708
"petersen1987",7709
"porsmose1996",7710
"poulsen2015",7711
"riis1999",7712
"rindel2001",7713
"rosch2013",7714
"runge2016",7715
"runge2017",7716
"sanke2001",7717
"schorring2000",7718
"skaarup1997",7719
"skaarup2005",7720
"smed1962",7721
"sonderby1988",7722
"stenak2005",7723
"tarup1934",7724
"thrane1996",7725
"trap1957",7726
"ulriksen2016",198
"ulriksen2014",198
"vraengmosejensen2017",198
"weber1958",198
"zeeberg2000",198
"zinglersen2004",198
"callmer1990",7727
"mccormic2001a",7728
"halcrow2008",7729
"loyn1977",7730
"bakka1978",7731
"davis1992",7732
"granovetter1985",7733
"gudeman1986",7734
"gudeman2001",7735
"herschend1980",7736
"hirsch1987",7737
"lie1997",7738
"lunden1972",268
"munksgaard1978",268
"naumann1987",268
"sawyer1989",268
"wilk1996",268
"zafirovski2001",268
"adey2014",7739
"andrushko2011",7740
"beardsley1955",7741
"bergerbrant2007",7742
"binford1980",7743
"bollig1987",7744
"ceruti2004",7745
"cresswell2012",7746
"eerkens2014",7747
"font2012",7748
"frankopan2015",7749
"frei2017",7750
"frobeniusnd",7751
"frobeniusnda",7752
"garnett1945",7753
"gleirscher2004",7754
"greenblatt2010",7755
"gronenborn1999",7756
"heberle1938",7757
"helms1994",7758
"hermes2018",7759
"huntington1996",7760
"jockenhovel1980",7761
"jockenhovel1991",7762
"jockenhovel1995",7763
"jockenhovel1994",7764
"kaufmann2004",7765
"kelly1992",7766
"kelly1995",7767
"kimmig1958",7768
"kootker2016",7769
"krause1988",7770
"lee1966",7771
"ling2014",7772
"lippert2007",7773
"maixner2013",7774
"marshall2015",7775
"melheim2018",7776
"murdock1967",7777
"neaher1979",7778
"neipert2006",7779
"nerlich2009",7780
"oelze2011",7781
"pernter2007",7782
"plomp2017",7783
"podolny2005",7784
"reiter2014",7785
"reiter2015",7786
"schadelindig2003",7787
"scharlotta2018",7788
"scheeres2014",7789
"shellar2018",7790
"sjastaad1962",7791
"stewart2017",7792
"tipple2013",7793
"vandersanden1996",210
"vandkilde2007",210
"veblennd",210
"welsweyrauch1988",210
"wendrich2008",210
"white2009",210
"beck2013",7794
"blindheim1954",7795
"chase1997",7796
"enright1988",7797
"eriksen2002",7798
"gansum2018",7799
"gjerpe2016",7800
"meulengrachtsorensen2003",126
"myhrend",126
"nicolaysenndo",126
"sala2008",126
"skyllberg2008",126
"talma1993",126
"warner1987",126
"polanyi1957",268
"swedberg1992b",268
"anderson1998",7801
"asbjornsen1914",7802
"astveit2007",7803
"bangandersen2004",7804
"barth2016",7805
"bjorvand2000",7806
"bjorgo2016",7807
"callanan1906",7808
"christensen1986",7809
"christiend",7810
"vsnd",7811
"clark1975",7812
"derocher2000",7813
"domanska2006",7814
"einbu2005",7815
"finstad2010",7816
"fjellheim2005",7817
"frostatingslova1994",7818
"gibson1979",7819
"giese2013",7820
"gulatingslovi1969",7821
"hansen2005",7822
"hodder2011",7823
"hofseth1980",7824
"hoyer2015",7825
"indrelid2007",7826
"ion1989",7827
"jordhoy2013",7828
"jordhoy2005",7829
"jordhoy2012",7830
"lagaboters1979",7831
"martinsen2016",7832
"molmen1988",7833
"ryd2014",7834
"roed2014",7835
"roed2015",11
"spiess1979",11
"vorren1944",11
"wammer2007",11
"weber2007",11
"wiberg1987",11
"carlsson2012a",7836
"clareus1999",7837
"conyers2007",7838
"conyers2010",7839
"damiata2013",7840
"daniels2004",7841
"david2008",7842
"gahrn1988",7843
"goodman1993",7844
"goodman2013",7845
"grasmueck2005",7846
"hjulstrom2014",7847
"hjulstrom1920",7848
"ilisch2004",7849
"karlsson2008",7850
"larsson1987",7851
"leckebusch2003",7852
"lindqvist2000",304
"malmer1982",304
"neubauer2002",7853
"nordenskjoldnd",304
"novo2010",304
"novo2012",304
"poscetti2013",304
"stenberg2006",304
"sundquist2013",304
"viberg2012",304
"urry2007",210
"armstrong1953",7854
"bates2000",7855
"bates2007",7856
"bayer2011",7857
"benedetti2011",7858
"berendsen2000",7859
"bird2010",7860
"bird1985",7861
"bristow2003",7862
"bristow2006",7863
"brivio2000",7864
"brown1997",7865
"burke2008",7866
"butzer1982",7867
"clemmensen2010",7868
"darwin1990",7869
"declercq2012",7870
"fatimarossetti2009",7871
"smedt2011",7872
"denham2008",7873
"deroin2011",7874
"dincauze2000",7875
"doneus2008",7876
"donoghue1988",7877
"embleton1970",7878
"chng2004",7879
"fairbridge1985",7880
"fitch2005",7881
"french2005",7882
"gabler2013",7883
"gaffney2008",7884
"harari1996",7885
"hickin2009",7886
"hodgson1976",7887
"howard2008",7888
"ilves2009",7889
"ilves2012",7890
"jensen1999",7891
"jongmans2007",7892
"kneisel2008",7893
"komar1998",7894
"lasaponara1995",7895
"leopold2010",7896
"linford2006",7897
"lunt2005",7898
"luo2012",7899
"mansfield2007",7900
"mcgraw2014",7901
"mchugh1988",7902
"nau2004",7903
"neal2002",7904
"neubauer2001",7905
"neubauer2004",7906
"proschdanielsen2006",7907
"proulxmcinnis2013",7908
"ramberg2008",7909
"rapp2006",7910
"saey2013",7911
"schrott2008",7912
"short2004",7913
"siart2008",7914
"soil2006",7915
"syvitski1995",7916
"tamura2012",7917
"taylor1996",7918
"trinks2015",7919
"vandam2012",7920
"wegmann2012",125
"weston2001",125
"wilkinson2003",125
"yoshiki2005",125
"dommasnes1992",7921
"enright1995",7922
"hornfuglesang1989",7923
"kaliff2004",7924
"koktvedgaardzeiten1997b",7925
"larsson2005",7926
"rosengren2007",207
"eriksen1991",115
"fern2012",115
"kirkup2006",115
"nasstrom1999",115
"sanmark2006",7927
"koivisto1996",7928
"leppaaho1936",7929
"sarasmo1961",7930
"sarkki1976",7931
"cleve1948",7932
"drobin1991",7933
"hirviluoto1976",7934
"honko1960",7935
"huntington1979",7936
"huurre1990",7937
"karvonen1998",7938
"keskitalo1950",7939
"kitzler2000",7940
"kivikoski1961",7941
"kivikoski1963",7942
"lehtosalohilander1988",7943
"mandel2003",7944
"oestigaard2006",208
"paulaharju1924",208
"purhonen1998",208
"palsi1938",208
"sarkkiisomaa1986",208
"sjoberg1994",208
"tarlow1999",208
"wickholm2005",208
"tacitus1960",207
"graslund1973",207
"randsborg1984",207
"stjernquist1989",207
"blinkhorn1999",236
"brather1996",236
"c2006d",236
"filipowiak1993",236
"soren2002",236
"jankuhn1956",236
"janssen1987",236
"kirpichnikov1997",236
"ohlsson1976",236
"sawyer1977",236
"warnke1992",7945
"bjornstad2010",7946
"bjornstad2012",7947
"brandt2011",7948
"excoffier2010",7949
"flodin1989",7950
"forster2003",7951
"halinen2013",7952
"hartnup2011",7953
"hedman2015",7954
"hofreiter2001",7955
"hufthammer2011",7956
"komber1987",7957
"librado2009",7958
"loftsgarden2017",7959
"luik2015",7960
"munch1998",7961
"olivieri2014",7962
"roed2008",7963
"roed2011",7964
"roed2018",87
"rytter1997",87
"rytter2007",87
"schia1986",87
"skogland1980",87
"star2018",87
"wandeler2007",87
"marstrander1932",7965
"megaw1950",281
"moore1900",281
"shetelig1925",281
"shetelig1945",281
"shetelig1954",281
"whitelock1967",281
"wilson1974",281
"sorensen1988",125
"arnorsdottir1973",7966
"blackburn2009",7967
"bourdieu1990b",7968
"dalton1977",7969
"ed1984a",7970
"gustin1996",7971
"hedegaard2002",7972
"heijne2004",7973
"horsnaes2000",7974
"kazanskij2007",7975
"kromann1985",7976
"metcalf1997",229
"mikkelsen2001",229
"north1990",7977
"odeback2009",229
"pertznd",229
"ed1905",229
"vinsrygg1975",229
"schia1989",87
"bertran1991",7978
"cammas1994",7979
"cammas1995",7980
"cremaschi2010",7981
"fitzpatrick1993",7982
"galinie2004",7983
"loveluck2001",7984
"maixner2010",7985
"de1997",7986
"nicosia2014",7987
"schiegl1996",118
"verslype2004",118
"wouters2013",118
"ballantyne1994",7988
"ballantyne1999",7989
"bauge1980",7990
"brandnd",7991
"heggstad1975",7992
"indrebo1936",7993
"jakobsen1936",7994
"mackie2002",7995
"mccullough2000",7996
"nymoen1995",7997
"nymoen1997",7998
"ogrady2008",7999
"paton2011",8000
"palsson2003",8001
"bruce1908",8002
"cant1975",8003
"cleasbynd",8004
"js1914",8005
"coolen2011",8006
"crawford1984",8007
"dodgson1972",8008
"donaldson1958",8009
"edmondstonnd",8010
"fellowsjensen1996",8011
"greignd",8012
"stewart1987",8013
"solvara2002",8014
"waugh2005",8015
"westerdahl2004",8016
"westerdahl2004a",8017
"zoega1910",8018
"peel2009",8019
"riisoy2013",8020
"ringstad2006",216
"ritchie1997",216
"sanmark2011",216
"schlyternd",216
"barabasi1999a",8021
"freke1992",281
"omgard1980",8022
"taebringmikkelsen1986",8023
"coggins1967",8024
"behrenlubchin1965",8025
"ystadtankbaten1976",8026
"brughmans1989",8027
"worldcatbuttler1991",8028
"cheng2006",8029
"krause2000",8030
"dress2007",8031
"fitzhugh2000a",8032
"forster2006",8033
"gen2008",8034
"graham2006",8035
"hage1991",8036
"isaksen2008",8037
"worldcatjohansen2004",8038
"klincewicz1998",8039
"worldcatkorte2006",8040
"labianca2006",8041
"lebecq2007",8042
"minoux1989",8043
"crossrefmizoguchi2009",8044
"batagelj2005",323
"randall2001",323
"randall1994",323
"worldcatschofield2005",323
"worldcatsindbaek2010",323
"terrell2010",323
"young2006",323
"valente2005",323
"vince2005",323
"bayley2007",8045
"bech2011",8046
"edwards1999",8047
"escher1976",8048
"higgins1966",8049
"ingstad1985",8050
"jackson2000",223
"jackson1978",223
"jordan1980",223
"linderothwallace2006",223
"ere2002",223
"morgan1975",223
"rasmussen2010",223
"roussel1941",223
"stonge2000",223
"burstom1993",229
"london1990",8051
"michelmerch1972",8052
"batey1987",8053
"brown2003",8054
"buttler1989",8055
"buttler1991",8056
"crumlinpedersen1984",8057
"driscoll2002",8058
"henry1945",8059
"henry1952",8060
"hubbard1989",8061
"khvoshchinskaya2007",8062
"lane2007",8063
"maclaren1974",8064
"mann1984",8065
"may1948",8066
"mills2007",8067
"osullivan1970",8068
"pearson2001",8069
"rollason2004",8070
"santi2005",8071
"sharples2003",8072
"sidebottom2000",8073
"wallace1981",8074
"wallace1985",8075
"pirenne1938",118
"meier2001",8076
"cabot2004",8077
"ahlen1994",8078
"collen2011",8079
"devries1961",8080
"duwel2001",8081
"eriksson1991",8082
"gelting2000",8083
"gren2003",8084
"gustavson1995",8085
"hafstrom1962",8086
"iversen2004",8087
"kallstrom2012",8088
"krovel2001",8089
"lamm2006",8090
"lindkvist1979",8091
"ljung2001",8092
"lagaboters1915",8093
"mejsholm1954",8094
"nasman2008",8095
"nelson2013",8096
"norseng1987",8097
"peterson2007",8098
"peterson2012",8099
"stahle1969",8100
"ringstad1989",8101
"ronneseth1975",8102
"selinge1980",8103
"sturluson1995",8104
"stahle1956",8105
"stahle1958",8106
"struck1990",8107
"sundqvist2016",8108
"taranger1913",8109
"vikstrand2015",8110
"vogt2010",8111
"williams1996",109
"winberg1985",109
"zachrisson2002a",109
"aitchson1994",8112
"bagge1989",8113
"ballantyne1999a",8114
"bartlett1994",8115
"brink2003",8116
"brynjulfurnd",8117
"dndiplomatariumnorvegicumnd",8118
"driscoll1998",8119
"driscoll2000",8120
"flatman2010",8121
"fornsok2012",8122
"fridriksson2004a",8123
"wollett2004",8124
"damiata2005",8125
"gelling2000",8126
"gilchrist1995",8127
"glass2011",8128
"glick2005",8129
"groenewoudt2009",8130
"gustafsson2001",8131
"hebede1968",8132
"hellquist1980",8133
"henriksen2001b",8134
"higham1992",8135
"holm2009",8136
"iversen1956",8137
"kulikowski2005",8138
"larsson1995",103
"goff1988",103
"liebermann1913",103
"mehler2012",103
"moore2005",103
"narmo1996",8139
"oosthuizen2011",103
"rippon2004",103
"rygh1907",103
"samdal2008",103
"simonsson1984",103
"staf1935",103
"stocking2000",103
"vesteinsson2011",103
"akureyri2001",103
"vestergaard1988",103
"warner1988",103
"widgren1986",103
"skorokhod2017",306
"smolichev1926",306
"stankevich1962",306
"skorokhod2018",306
"sytyi2006",306
"heid2008",8140
"axboe1991",8141
"bakka1981",8142
"bursche2002",8143
"boe1923",8144
"cipolla1956",8145
"dyhrfjeldjohnsen2013",8146
"engeler1991",8147
"fonnesbechsandberg1985",8148
"fonnesbechsandberg1988",8149
"fonnesbechsandberg1989",8150
"frimannslund1966",8151
"gemici2015",8152
"graeber2011",8153
"guest2008",8154
"hagland1994",8155
"herschend1987",8156
"herschend1991",8157
"humphrey1985",8158
"ingham2004",8159
"innes1913",8160
"innes1914",8161
"kilger2015",8162
"klang2013",8163
"kallstrom2010",8164
"leeper1933",8165
"meikle1994",8166
"munch1956",8167
"munksgaard1956",8168
"naismith2012",8169
"painter2013",8170
"pare2013",8171
"rau2013",8172
"rovelli2012",8173
"ruthstrom1993",8174
"schacht1949",8175
"scull1990",8176
"steuer2013",8177
"stormndd",8178
"voss1955",8179
"wray1999",8180
"zelizer1994",8181
"zimmermann2003",8182
"ashby2012",8183
"blehr1973",8184
"clarke1988",8185
"donaldson1981",8186
"edwards1997",8187
"hunter1982",8188
"hunter1989",8189
"kjoshanssen1973",8190
"macgregor1983",8191
"meiri2013",8
"morris1985",8
"smirnova2005b",8
"solazzo2011",8
"sommer2009",8
"sykes2011",8
"wasser2008",8
"biggs2014",8192
"bjordal2017",8193
"bradley1991",8194
"collis1995",8195
"dumville1977",8196
"feldman1975",8197
"fulk2014",8198
"grant1986",8199
"green1965",8200
"gutsmiedlschumann2018",8201
"gothberg2018",8202
"hall2006",8203
"heaney2001",8204
"heinertz1925",8205
"hodder1976",8206
"hardh2002",8207
"ilkjaer2001",8208
"imer2010",8209
"indrebo1932",8210
"jorpeland2018",8211
"klaeber1950",8212
"klaeber2014",8213
"lindkvist2003a",8214
"ljungkvist2017",8215
"malmros1999",8216
"malone1962",8217
"neidorf2013",8218
"neidorf2014",8219
"neidorf2017",8220
"nerman1942",8221
"niles2007",8222
"nasman1999",8223
"osborn2007",8224
"ostmo2018",8225
"pilo1993",8226
"pohl2009",8227
"rau1955",8228
"reichert1987",8229
"reichert1990",8230
"rix2015",8231
"sawyer1991",8232
"schlesinger1965",8233
"schnetz1990",8234
"scull2016",8235
"seiler2018",8236
"steuer2006",8237
"sundqvist2018",8238
"svennung1974",8239
"sorensen1982",8240
"talbot1954",8241
"taranger1934",8242
"teigen2007",8243
"wikborg2018",8244
"wolfram1971",8245
"wolfram2008",8246
"wolfram2009",8247
"wolfram2011",8248
"wood1994",8249
"wood1977",8250
"aarsleff1955",233
"fuglesang1985b",233
"cunliffe2002",8251
"edwards1917",8252
"espelund2013",8253
"frank1998",8254
"harding2013",8255
"harris2003",65
"holm2005",65
"metcalf1995",65
"trakadas2014",65
"tschan2002b",65
"vosmer2014",65
"uws2004",8256
"wray2004",8257
"ahmad2006",8258
"aikawafaure2009",8259
"ankersmit2009",8260
"ashworth2007",8261
"bender1993",8262
"bender2007",8263
"m2002",8264
"bhaskar1989",8265
"binford1962",8266
"bohm2001",8267
"bohm2008",8268
"w2006",8269
"braudel1949",8270
"braziel2003",8271
"carman2002",8272
"chakrabarty2009",8273
"cheape2009",8274
"clark1936",8275
"clark1954",8276
"crossland2005",8277
"crutzen2002",8278
"dawdy2009",8279
"dixon2005",8280
"domanska2009",8281
"domanska2010",8282
"durkheim1904",8283
"dybdahl2010",8284
"eagleton2000",8285
"edgeworth2010",8286
"t2006",8287
"flannery1973",8288
"foley2005",8289
"fraiture2010",8290
"fraiture2009",8291
"fraser2000",8292
"fraser2001",8293
"fukuyama2002",8294
"gibbon1989",8295
"grosjean2007",8296
"hacking1999",8297
"haraway2008",8298
"harman2010",8299
"harrison2009",8300
"hodder1987",8301
"hodder1999",8302
"holmberg2008",8303
"holtorf2007",8304
"holtorf2011",8305
"hyenstrand1988",8306
"jenkins2004",8307
"jong2008",8308
"kirshenblattgimblett1994",8309
"kirshenblattgimblett2004",8310
"kolen2009",8311
"kotchen2007",8312
"kristiansen2002",8313
"kurin2004",8314
"labinger2001",8315
"lakatos1973",8316
"latour1993",8317
"latour2003",8318
"latour2005h",8319
"levistrauss1962",8320
"lowenthal1985",8321
"madsen1900",8322
"mason2000",8323
"moberg1977",8324
"mullerndc",8325
"mullerndd",8326
"nilsen2003",8327
"nummedal1912",8328
"nussbaum1999",8329
"naess1973",8330
"oestigaard2004",8331
"oestigaard2007",8332
"olsen1986",8333
"olwig2001",8334
"parkerpearson2006",8335
"parkin1999",8336
"partner2009",8337
"periman2006",8338
"petersennd",8339
"pickering1993",8340
"pickering1994",8341
"piotrowski2006",8342
"pollard1998",8343
"rorty1989",8344
"rose2007",8345
"ruddiman2003",8346
"ruddiman2005",8347
"samuel1994",8348
"sanden2008",8349
"schanche1983",8350
"schwandt1994",8351
"serres1995",8352
"shanks2010",8353
"skolimowski1974",8354
"skounti2009",8355
"sloterdijk2009",8356
"smail2007",8357
"snow1959",8358
"snow1966",8359
"solli1989",8360
"spiegel2009",8361
"steinberg2002",8362
"stotz2008",8363
"svestad1995",8364
"terrill2008",8365
"todorov1993",8366
"tvedt2010",8367
"waterton2006",8368
"watson1971",8369
"weisman2007",8370
"welinder1986",8371
"white1949",8372
"white1959",8373
"willey1958",8374
"wolfe2010",8375
"zalasiewicz2008",8376
"zalasiewicz2010",8377
"blindheimnd",203
"ka1999",203
"ka1995",203
"almgren1904",8378
"eibl2005",324
"ernst1989",8379
"faull1976",324
"zielonka1957",324
"zydok2004",324
"bergsveinn2007",32
"granzweig2018",32
"harding1977",137
"mullerwille1987",137
"murphy2008b",137
"pettersson1991",137
"duwel1995",137
"souers1937",235
"becker1973",8380
"keay2014",8381
"evans2015",8382
"stott2018",8383
"kjaer2018",8384
"trier2019",8385
"guyot2018",8386
"rizaldy2018",8387
"colgan2012",8388
"liu2017",8389
"meng2012",8390
"jain1997",8391
"chen2014",8392
"breiman2001",8393
"belgiu2016",8394
"strobl2009",8395
"flemming2007",8396
"rosenkranz2015",8397
"vennersdorf2017",8398
"mitchell1988",8399
"vanderwalt2014",8400
"illingworth1987",8401
"cerrillocuenca2017",8402
"schubert2017",8403
"ester1996",8404
"freeland2016",8405
"trier2009",8406
"kvamme2016",8407
"verdonck2016",8408
"lewis1995",8409
"bryant1987",8410
"guisan1999",8411
"korsgaard2004",8412
"dereu2013",8413
"riley2017",8414
"knudsen2012",8415
"jakobsen2017",8416
"andersen1992",8417
"pedregosa2011",8418
"steffensen2014",8419
"marmol2004",8420
"tsai2008",8421
"andreasen2016",8422
"french2010",8423
"grieve1992",8424
"french2018",8425
"davis2019",8426
"lambers2016",8427
"traviglia2016",8428
"lambers2019",8429
"trier2016",8430
"zingman2016",8431
"verschoofvandervaart2019",8432
"zhu2006",8433
"benediktsson1997",8434
"sevara2018",8435
"fortidsminder2018",8436
"petersen2015",8437
"biermann2016",8438
"harck1986",8439
"overgaard2016",8440
"harck1990",8441
"hoy1991",8442
"wu2016",8443
"certini2013",114
"zhang2018",114
"silburt2019",114
"hanson2012",114
"cowley2012",114
"sevara2013",114
"jonsson2007",8444
"saxe1970",137
"blochnakkerud1994",8445
"blom1991",8446
"christophersen1974",8447
"frostatingslovahagland1994",174
"indrelid1988",174
"jouttijarvi1991",174
"loftsgarden2011",174
"lyngstrom2009",174
"mjaerum2007",174
"pilo2013",174
"pilo2012",174
"pleiner1989",174
"bagge2008",8448
"brink2008ag",8449
"ekrem1998",8450
"evenstadnd",8451
"gundersen2016",8452
"gunnarsdottir1999",8453
"hoeg1996",8454
"hougen1930",8455
"jacobsen2005",8456
"jordhoy2007",8457
"larsen2009",8458
"magnus2005",8459
"moen1998",8460
"orning2008",8461
"ostrom1990",8462
"risbol2005",8463
"saetren2011",8464
"salvesen1969",92
"sevatdal1985",92
"solem2004",92
"stenseth2005",92
"ruralia2005",92
"wangen2006",92
"jorgensen1986",203
"alsleben2009",8465
"andreasson2010",8466
"behre1976",8467
"behre1978",8468
"billing1998",8469
"bjorkman2007",8470
"eggen1991",8471
"farrar1998",8472
"fredskild1971",8473
"fruergaard2005",8474
"gleason1994",8475
"greig1996",8476
"harild2007",8477
"heimdahl2009",8478
"heimdahl2010",8479
"helbaek1958",8480
"henriksen2008",8481
"hjelmqvist1963",8482
"holmboe1927",8483
"jacomet1988",8484
"jensen1979",8485
"karg2007",8486
"karg2010",8487
"karg2012",8488
"karg2002",8489
"kirleis2011",8490
"knorzer1999",8491
"kolstrup2009",8492
"korbergrohne1987",8493
"kroll1986",8494
"kroll1987",8495
"kroll2007",8496
"lageras2003",8497
"lange1997",8498
"lundquist2006",8499
"moffett2006",8500
"moltsen2005",8501
"moltsen2009",8502
"nielsen2010",8503
"pettersson2002",284
"ramskou1974",284
"regnell2001",284
"strank2008",284
"tollin2005",284
"vanderveen2005",284
"stene2014",92
"berg1983",8504
"berglund2015",8505
"bjorkbom1907",8506
"cabouret1989",8507
"emanuelsson2001",8508
"erixon1918",8509
"erixon1956",8510
"frodin1925",8511
"hellstrom1917",8512
"indrelid1994",8513
"kvamme1988",8514
"lofgren1982",8515
"marsden2005",8516
"montelius1977",8517
"nyman1952",8518
"olsson1998",8519
"prescott1995",8520
"sandnes1989",240
"sandnes1991",240
"schug2010",240
"styhre2013",240
"svensson2015",240
"wennersten2002",240
"whatmore2002",240
"asc1961",8521
"baker2010",8522
"bjornskov2013",8523
"blackburn2014",8524
"blair2014",8525
"campbell1986",8526
"congleton2015",8527
"faith2014",8528
"freudenthal1944",8529
"gillingham1989",8530
"gundlach2019",8531
"hendrickson2018",8532
"hillman2019",8533
"hobbesnd",8534
"keynes1986",8535
"konrad2012",8536
"lambert2017",8537
"lawson1984",8538
"lawson2014",8539
"leeson2007",8540
"miller2014a",8541
"mostert2014",8542
"olson1965",8543
"olson2000",8544
"ormrod2000",8545
"pelteret2014a",8546
"piano2019",8547
"powell2009",8548
"salter2015",88
"spejlborg2016",88
"vahabi2011",88
"vahabi2016",88
"wareham2012",88
"whitelock2007",88
"yorke2014b",88
"young2016",88
"young2018",88
"adam1917",8549
"grammaticus1979",8550
"bruunnd",8551
"brogger1937",8552
"isleifsson2011",8553
"keegan1987",8554
"references2006",8555
"einarsson2007",8556
"rafnsson1990",8557
"rockman2010",8558
"steele2003",325
"sigurgeirsson2013",325
"smith2005",325
"sveinbjarnardottir1992",325
"vilhjalmsson1989",325
"walter2010",325
"thorarinsson1943",325
"thorarinsson1977",325
"thordarson1909",325
"lenzen2012",8559
"frachetti2017",8560
"hoffmann2002",8561
"orton2011",8562
"gohring2016",8563
"sundby2008",8564
"opdal2010",8565
"nedkvitne2016",8566
"pauly1995",8567
"jackson2001",8568
"lotze2009",8569
"nielsen2017",8570
"arndt2003",8571
"boessenkool2009",8572
"schroeder2015",8573
"kayser2011",8574
"bradbury2013",8575
"knutsen2010",8576
"selkoe2016",8577
"hutchinson2015",8578
"bradbury2010",8579
"hemmerhansen2013",8580
"sodeland2016",8581
"berg2016",8582
"kirubakaran2016",8583
"barney2017",8584
"hilberg2014f",8585
"orton2014",8586
"nielssen2016",8587
"wickler2014",8588
"ma2012",8589
"green2009",8590
"jonsson2013",8591
"pinhasi2015",8592
"prinz2007",8593
"boessenkool2017",8594
"carpenter2013",8595
"speller2012",8596
"moss2014",8597
"olafsdottir2014",8598
"grealy2016",8599
"nikulina2016",8600
"moss2016",8601
"hoffmann2004",8602
"kirkpatrick2010",8603
"hutchinson2001",8604
"arnason2015",8605
"sorheim2016",8606
"wright2006",8607
"skjaeraasen2011",8608
"barth2017",8609
"knutsen2003",8610
"jorde2007",8611
"neuenfeldt2013",8612
"nielssen2009",8613
"schmolcke2004",8614
"barrett2015",8615
"cooper2000",8616
"star2016",8617
"schubert2014",8618
"lindgreen2012",8619
"star2011",8620
"torresen2017",73
"li2009",73
"mckenna2010",73
"purcell2007",73
"korlevic2015",73
"damgaard2015",73
"alt1998",8621
"anz1998",8622
"arcini1991",8623
"boylstone2000",8624
"brather2009",8625
"carlsson1990",8626
"duwel1987a",8627
"ebel1987",8628
"finucane2008",8629
"floderus1927",8630
"garve2011",8631
"harke2003",8632
"hoffmann1989",8633
"kattinger1999",8634
"kjellstrom2014",8635
"kunzler1999",8636
"kyhlberg1991",8637
"kyll1964",8638
"lykiardopoulos1981",8639
"malarstedt1979",8640
"milner1991",8641
"mortagua2006",8642
"onasch1981",8643
"philpott1991",8644
"pettersson1966",8645
"molina1970",8646
"ruprecht1958",8647
"salin1952",8648
"sandholm1965",8649
"g2000",8650
"staecker1997",8651
"staecker1998",8652
"staecker2000",8653
"stewart1944",8654
"stewart1946",8655
"svahnstrom1984",8656
"thunmarknylen2004",8657
"taylor2008",8658
"vukovic2009",8659
"westholm1989",8660
"wilke1931",8661
"wilson1992",8662
"yrwing1992",8663
"yrwing1994",8664
"zipp2010",194
"abels2003",8665
"ager2008",8666
"valante1998",8667
"naismith1995",8668
"danecek2011",73
"adams1981",8669
"ayres1985",8670
"barnosky2004",8671
"binford1997",8672
"brandner1998",8673
"catton1980",8674
"cooke1931",8675
"culbert1988",8676
"dalan1997",8677
"dalton2000",8678
"diamond1968",8679
"flenley2002",8680
"flenley1984",8681
"hughes1975",8682
"jacobsen1958",8683
"jevonsnda",8684
"kirch1984",8685
"lopinot1985",8686
"mccoy1976",8687
"malthusnd",8688
"meggers1954",8689
"milner1990",8690
"mulloy1970",8691
"phillips1979",8692
"ponting1985",8693
"rees2004",8694
"rescher1978",8695
"sanders1962",8696
"sanders1963",8697
"sheets1999",121
"steadman1989",121
"steadman1995",121
"steadman1994",121
"tainter2000",121
"turner1974",121
"vanandel1990",121
"vantilburg1994",121
"banfield1974",8698
"m1962",8699
"cleland1973",8700
"corbeil2000",8701
"fitzhugh1994",8702
"harp1975",8703
"laeyendecker1993",8704
"laver1983",8705
"lee1968",8706
"maryrousseliere2002",264
"mccartney1973",264
"meldgaard1962",264
"myrvoll1985",264
"odess2000",264
"bstergard1948",264
"park1951",264
"plumet1982",264
"ellesmere2000",264
"brandt2012",299
"hardt2003",8707
"kramer1984",211
"schwank2013",211
"blackburn1986",147
"kershaw2023",147
"redknap2003",147
"wallace2015",147
"reuter1992",147
"redknap2009",147
"blackburn2006",147
"agersnaplarsen2011",211
"schovsbo2013",211
"felixnd",8708
"aspeborg2005",8709
"birddavid1999",8710
"bullough1983",8711
"burnell1999",8712
"cannon1989",8713
"chandler2010",8714
"effros1997",8715
"einsenschmidt2004",8716
"gibbon2007",8717
"halsall1995a",8718
"hamilton2006",8719
"harvey2006",8720
"thorlaksson1978",8721
"gestsdottir1998",8722
"innes2000",8723
"jochens1999",8724
"lastovicka2013",8725
"marshall1950",8726
"patterson1982",8727
"prothero2002",8728
"radin1986",8729
"shapland2012",8730
"steinunnkristjansdottir2004",8731
"stocker1993",184
"stromback1975",184
"zugaiar2012",184
"geolog1947",8732
"hagberg1967",8733
"hagberg1961",8734
"holmberg1969",8735
"lamm1995",8736
"hamilton2007",8737
"hamilton1996",8738
"hamilton2008",8739
"karlsson2005",8740
"olson2004",8741
"wernerson1996",8742
"annuswer2003",8743
"annuswer2007",8744
"annuswer2002",8745
"arrhenius2011a",8746
"jorpeland2008",8747
"jorpeland2003",8748
"brereton1987",8749
"brink1987",8750
"calissendorff1966",8751
"capelle1995",8752
"carlie2009",8753
"damell2007",8754
"eliade1991",8755
"ericsson2008",8756
"fritsch2004",8757
"hedblom1958",8758
"hedman1989",8759
"holmqvist1980",8760
"hultgard1996",8761
"karlenby2007",8762
"karlsson2007",8763
"lindkvist2007",8764
"lindqvist1910",8765
"lindstromnd",8766
"hansen2011",8767
"lundholm1947",8768
"nordberg2011",8769
"nordberg2008",8770
"olsson1993",8771
"petre2011",8772
"schovsbo1987",8773
"stjernquist1962",326
"stjernquist1967",326
"stahle1946",326
"vonsydow1978",326
"wessen1923",326
"victor2005",326
"widengren1969",326
"vikstrand2011",8774
"zachrisson2009a",326
"orsnes1964",326
"ehrlich1968",121
"ambrosiani1957",8775
"arnbrosiani1981",8776
"arbmann1940",8777
"backstom2008",8778
"backstrom2003",8779
"bengtzon2001",8780
"booth2008",8781
"floden1993",8782
"friberg1998",8783
"harim2003",8784
"henkel2004",8785
"holmquistolausson1982",8786
"hyenstrand1991",8787
"icomos1993",8788
"kristiansson1996",8789
"lindqvist1928",8790
"linford2010",8791
"lyatski2004",8792
"masters1998",8793
"mellinnd",8794
"nerman1918",8795
"olsson2006",8796
"riksantikvarieambetet2007",8797
"stavrum1997",248
"stolpende",248
"trinks2012",248
"trotzig1993",248
"wahlander1998",248
"wedmark1999",248
"fridriksson2015",184
"kershaw2015",184
"magnus2009",248
"hart1995",327
"brodersen1967",8798
"eksnd",8799
"nielsenadamsen1991",8800
"feveile1948",8801
"beretninger1997",8802
"andersen1943",8803
"andersenklindtjensennielsen1970",8804
"nielsen1943",8805
"christensen1982",8806
"lindqvist1920",8807
"beretningved1998",8808
"madsen1994",8809
"orsneschristensen1955",8810
"albrectsen1951",8811
"ottaway2004",8812
"adamsen2003",8813
"albrethsen2003",8814
"andersen1970",8815
"axboe1989",8816
"baeksted1972",8817
"christensen1928",8818
"christoffersen1987",8819
"cosack2005",8820
"ethelberg1986",8821
"grambo1999",8822
"hansen2009",8823
"hansen1995",8824
"hultgard1999",8825
"hoj2004",8826
"jennbert2002a",8827
"jensen1998",8828
"lindqvist1921",8829
"lyngstrom1989",8830
"neergaardnd",8831
"nerman1917",8832
"ravn1989",8833
"ravn2008",8834
"sparrevohn2007",328
"steinsland2000",328
"stoumann2009",328
"ulriksen1999",328
"orsnes1988",328
"sparrevohn2006",328
"sorensen1998",328
"sorensen1993",328
"arcini1999",8835
"beckra2007",8836
"bolender2007",8837
"bolender2010",8838
"braudel1972",8839
"braudel1980",8840
"bynum1995",8841
"chesson2001",8842
"daniell1997",8843
"frioriksson2001",8844
"geake1995",8845
"gejvall1960",8846
"gestsdottir2014",8847
"gilchrist2015",8848
"hadley2010",8849
"halvorsen2008",8850
"harding2005",8851
"joyce2001",8852
"karlsson2004",8853
"mejsholm2008",8854
"meskell1998",8855
"meskell2001",8856
"thorlaksson2005",8857
"rindal1996",8858
"scott2011",8859
"sellevold2004",8860
"sellevold2008",8861
"sewell2005",8862
"sewell1996",8863
"sigurosson2003",8864
"sigurosson2014",8865
"stefansson1975",8866
"stefansson1978",8867
"steffensen1943",8868
"steinberg2016",8869
"sveinbjarnardottir2001",8870
"tsaliki2008",8871
"vilhjalmsson1995",8872
"zadorario2003",8873
"zoega2014",27
"zoega2015",27
"zoega2007",27
"zori2007",27
"beckerchristensen1981",8874
"belford2017",8875
"dobat2005",8876
"dorey1969",8877
"ethelberg2012",8878
"ethelberg2017",8879
"gudeman1900",8880
"harck1998",8881
"haseloff1937",8882
"kramer1992",8883
"kramer1995",8884
"madsen2008",8885
"maluck2017",55
"maluck2016",55
"muller1903",55
"nunn2009",55
"schindel1999",55
"spring2015",55
"witte2018",55
"ambrosiani2003",8886
"arrhenius1978",8887
"berthelon2007",8888
"boytrup2013",8889
"danielsson1973",8890
"glover2003",8891
"culture1985",8892
"kingnd",8893
"malmer2010",8894
"mikkelsen2012",8895
"negmatov1999",8896
"nicholson2000",8897
"noonan1990",9
"rezakhani2010",9
"schumann2011",9
"trotzig1969",9
"witte2017",55
"vangennep1960a",27
"thorgilsson2006",27
"aschehougnd",8898
"benderjorgensen1999",8899
"bjorgo2005",8900
"bjorgo1992",8901
"harrington2008",8902
"kaland1979",8903
"lonning1976",8904
"mortensen1994",8905
"mortensen1997",8906
"martensen2006",8907
"ramstad1981",8908
"tveiten2011",221
"warburg1974",221
"oye1986",221
"oye2010",8909
"beckerlfred1973",8910
"rdh2007",8911
"hauckarl1970",8912
"bertil2004",8913
"hel2011",8914
"herschendrands1996",8915
"er2001",8916
"lars2015",8917
"lars2012",8918
"lars1998",8919
"lars2004",8920
"erle1994",8921
"vist1925",8922
"edith1966",8923
"martensir1988",8924
"sig2011",8925
"bernhard1913",91
"von2000",91
"derberg2005",91
"stephenseorgend",91
"sund2002",91
"thunarknlnlena2006",91
"klevnas2007",26
"rundkvist2007",8926
"rundkvist2006",8927
"randers1981",8928
"ramstad2011",221
"roesdahl1978",328
"beckmanthoor2002",8929
"bolin1999",8930
"damell1971",8931
"damell1999",8932
"damell2000",8933
"dybecknd",8934
"florin1963",8935
"forssander1933",8936
"gumaeliusnd",8937
"gothberg1998",8938
"hammar1983",8939
"hauptmanwahlgren2002",8940
"jensen1997",8941
"jonsson1986",8942
"lindqvist1912",8943
"oldeberg1974",329
"schnell1963",329
"sundqvist1993",329
"vonsydow1926",329
"thedeen2003",329
"wahlfisknd",329
"welinder1990",329
"weiler1999",329
"wigren1987",329
"bjelland2006",292
"carty2005",292
"jansson1962",292
"jeffrey2005",8944
"kitzlerahfeldt2002",292
"kitzlerahfeldt2008",292
"kitzlerahfeldt2009",292
"manneke1984",292
"mahl1990",292
"oehrl2008",292
"sileniuslarsen2009",292
"snaedal2002",292
"snaedal2005",292
"walderhaug1998",292
"widerstrom2002",292
"bildsteine1941",292
"dating2006",292
"andreeff2012a",8945
"backdanielsson2009",8946
"goldhahn2008",8947
"hoilundnielsen2009",8948
"lindgren2008",8949
"oestigaard2013",8950
"thate2009",8951
"thedeen2010",8952
"wessman2007",8953
"jefrey2005",8954
"clarke2001",8955
"dietler1996",8956
"erlendsson2009",8957
"gestsdottir2001",8958
"ottir1989",252
"olafsson1979",252
"palsdottir2008",252
"rosenswig2007",252
"roussell1943",252
"stenberger1943",252
"wiessner2001",252
"samnordiskruntextdatabas2005",8959
"andersson2013",8960
"baug2007",8961
"belmont2011",8962
"bjorck2009",8963
"drobin1986",8964
"ek1993",8965
"elfwendahl2001",8966
"elfwendahl1993",8967
"gumaeliusnda",8968
"hallgren2004",8969
"hallgren2005",8970
"hansson1997",8971
"hedblom1996",8972
"hermodsson2009",8973
"junkelmann1997",8974
"kresten1996",8975
"kresten1998",8976
"kresten1994",8977
"lamm2008",8978
"lantmateriet2013",8979
"larsson2012",8980
"lindalv1980",8981
"lundhansen2011",8982
"lothman2004",8983
"mellquistdanielson2011",8984
"myrdal2003",8985
"nilsson1988",8986
"olausson2000",8987
"persson1997",8988
"pettersson1977",8989
"pettersson1980",8990
"rinnman2013",38
"zachrisson2013",38
"kermode1907",235
"bratt2011",38
"eilersgaardchristensen2011",38
"berg1968",8991
"berglund1991",8992
"bertelsen1979",8993
"bertelsen1995",8994
"bertelsen2005a",8995
"boserup1965",8996
"boserup1981",8997
"brush1987",8998
"vries1974",8999
"hasund1919",9000
"hasund1924",9001
"helle1995",9002
"holm1995",9003
"holm2005a",9004
"holmsen1961",9005
"holmsen1940",9006
"iversen1997",9007
"jirlow1970",9008
"lerche1994",9009
"lunden2004",9010
"martens2009",9011
"munch1966",9012
"myrdal1985",9013
"stockholm1997",9014
"myrdal1999",9015
"orrman2003",9016
"porsmose1981",9017
"porsmose1987",9018
"ramskou1981",9019
"ramskou1975",9020
"sandnes1978",9021
"schmidtsabo2001",9022
"schmidtsabo2005",9023
"steensberg1956",9024
"svartkristiansen2005",9025
"svartkristiansen2006",238
"valensendstad1964",238
"oye2003",238
"oye2005",238
"bergen2011",238
"zachrisson2006",238
"bergstol2003",238
"villages1968",238
"amorosi1996",9026
"andersen1997",9027
"arneborg1993",9028
"christiansen1997",9029
"degerbol1929",9030
"degerbol1936",9031
"degerbol1941",9032
"andrew2009",9033
"einarsson1984",9034
"einarssonbjarni2011",9035
"gardarsdottir2008",9036
"gerstenberger1997",9037
"guy2010",9038
"gwiazda2005",9039
"johannesson1946",9040
"jonsson1930",9041
"kamenov2008",9042
"krahl2010",9043
"ljungqvist2005",9044
"mcgovern2001",9045
"miksic2013",9046
"norlund1930",9047
"oomen2002",9048
"outridge2003",9049
"palsdottir2010",9050
"robinson2004",9051
"roussell1936",9052
"seaver2009",51
"sinclair2007",51
"smiarowski2009",51
"smiarowski2013",51
"stefansson1993",51
"sveinbjornsdottir2004",51
"whitehouse1998",51
"borsheim2001",9053
"clover1986",9054
"coleman2014",9055
"conkey1984",9056
"gero1991",9057
"hofseth1999",9058
"heernes1984",9059
"jochens2002",9060
"kershaw1989",9061
"laqueur1990",5
"mortensen2004",5
"mundal2014",5
"njalssoga1975",5
"riisoy2016",5
"sanmark2014",5
"sigurdardottir2002",5
"sigurdsson2010",5
"jorgensen1997a",234
"zachrisson2004a",28
"cluniesross1998",9062
"ryan1987",9063
"wilson1955b",9064
"mulk1997",243
"jons1997a",9065
"thunmarknylen2006a",230
"ljungkvist2011a",191
"ulriksen2011a",9066
"robberstad1937",239
"hagland1978",239
"dyrhaug1981",239
"rigsantikvarensarkaeologiskesekretariat1987",9067
"suchodolski2002",147
"bulska1996",285
"dennis1980a",239
"killock2008",72
"murphy2008",9068
"goody1986",9069
"christensenetal1992",9070
"hungrvaka2002",184
"kjalnesingasaga1959",184
"gulathinglaw1994",19
"ibnfadlan2012",19
"price2006c",109
"pricemortimer2014",91
"neiss2007",230
"askvikresi1984",74
"waterbolk1990",170
"kalmring2010f",49
"kalmring2010g",49
"tomasson1996",119
"simek2006",9071
"westerdahl2010",164
"strinngolm2007",249
"christensen1991b",9072
"larsensorensen2005",9073
"andersenetal1985",9074
"sikora2013",100
"eriksenetal2009",170
"hafsaas2007",170
"esverwers1980",220
"gerrets2012",220
"skre2007b",220
"egebjerghansen1992",155
"egilssaga1888",155
"edvardsson2005b",9075
"edvardssonmcgovern2007",9076
"macgregoretal1999",9077
"magery1958",9078
"magnusson1886",9079
"alenstampetersson1952",9080
"baastruppetersen2010",9081
"baastrup1990",9082
"petersen1940a",9083
"jensenmoller2009",9084
"wilson1960b",9085
"nielsen2002b",9086
"boguckijagodzinski2012",100
"kulakov2005",251
"kleemann1939b",251
"stankus1995b",289
"forssander1943",9087
"feveile2006a",9088
"riddersporre1989",185
"andersen2009a",185
"fidjestol1994a",239
"gurevich1963",251
"thunmarknylen1995a",251
"junker2003a",251
"kulakov1994a",251
"capelle2003a",207
"ambrosiani1996a",167
"plather2011",167
"ljungkvist2008a",157
"steuer2002a",157
"pedersen2014a",157
"zachrisson2009",38
"wessen1940",38
"skre2013",9089
"billig1995a",177
"hate1996",201
"feveile2010a",256
"paterson2002",143
"reimer2013a",116
"stamsomunch1970",9090
"skibstedklaesoe1999",203
"segschneider2016",277
"myrberg2008a",83
"hammarberg1989",276
"harrison2014a",9091
"simms1998",135
"leciejewicz1962",101
"leciejewicz1979",101
"riabinin1994a",288
"ostigard1985",154
"solberg1985a",154
"zachrisson2011a",164
"zachrisson2012a",164
"thorarinsson1981",119
"jankowiak2012",266
"larsson2004a",91
"orton1993",64
"jones2003a",64
"warmind1995a",112
"christensen1983a",170
"boivin2000",265
"vanhouts1999",265
"sofaerderevenski2000a",265
"tringham1994",265
"brinchpetersen2006",216
"harck1997",9092
"ahlinsundman2012",161
"adamofbremen1959",134
"sawyer2006",249
"dersarkissian2013",253
"mulk1991",243
"kitzlerahfeldt2012",36
"stummannhansen2003",160
"price2008b",37
"smallwood2007",9093
"downham2017",9094
"braconi2005",9095
"hadley2016a",9096
"worldhealthorganization2018",9097
"addyman1969",9098
"addyman1972",9099
"ballinsmith1994",8
"wallerstrom1997",81
"ostmo2000",81
"fridriksdottir1991",13
"brondsted1962",147
"adamsgilmour2010",64
"baeksted1952",241
"snaedalbrink1984",241
"morris1892",27
"grandtnielsen1974",198
"norgardjorgensen2011",14
"latour1984",9100
"ofloinn2001",9101
"birkedahlchristensen1924",9102
"henriksen1982",9103
"rispling2000",9104
"mollerhansen2000",9105
"roesdahl1986",9106
"wamers1997a",9107
"back1963",9108
"helgesson1987",9109
"jorgensen1980",9110
"jorgensen1980a",9111
"wilson1960a",1
"brondsted1924a",9112
"christiansen1948",9113
"christensen1992a",9114
"klaesoe1994",9115
"klaesoe1995",9116
"klaesoe2002",9117
"kleingartner2010",9118
"mullerwille2005",178
"odell1959",178
"schulke1992",178
"sindbaek2012a",178
"steuer2010",178
"lundhansen1987",178
"vraengmosejensen2008",178
"mullerwille1978a",178
"ocorrain2001",75
"norderang2004a",9119
"denooy2005",9120
"snorristurluson1964",109
"larsson1873",9121
"carroll2014",9122
"coleman2014a",25
"henriksen2013a",9123
"leahy1997a",225
"fischer2008a",189
"arents2010a",168
"voncarnapbornheim2007a",49
"christensen1991a",170
"jacobsen1942a",170
"ambrosiani1994a",164
"holmquist2015",164
"jeppesen1988",164
"risberg1997",164
"vickers1975",164
"hardh2001a",167
"nielsen1999",234
"iaea2006",209
"fagerlund1993a",308
"hammarberg1976",206
"gansum1998",291
"andersen1970a",206
"englert2009",14
"ambrose1999",119
"robinson2006",274
"norrman2008a",25
"karnell2012a",9124
"jansson2007",188
"macane2001",269
"vonamira1933",194
"pestell2003",9125
"hanks1989",241
"knappett2008a",199
"rhiel1996",199
"dahlback1984",191
"lundqvist1997a",9126
"jensen1995",9127
"faulkes1998",9128
"ingold1988",190
"pahlsson1984",243
"hauksson1972",9129
"roberts2005",135
"bjorklund2015",9130
"bjorklund2014",9131
"ilumae2016",165
"zoega2013",227
"mauritsen1982",277
"richards2000a",173
"gunther2015",193
"blifeld1977a",306
"hellesolesen1992a",130
"snorristurluson1997",15
"rcahms2011",150
"mullermertens1999",9132
"grahamcampbell1995a",281
"rogerson1995",9133
"wademartins1980",9134
"williams1979",9135
"emery2007a",9136
"hall1989a",9137
"dodd2003",9138
"cunliffe1977",9139
"audouy2009",9140
"king1978",9141
"carver1978",9142
"coggins1983",9143
"tylor2005",9144
"carver1981",79
"mahony1982",79
"gardiner1990",79
"rogerson1984a",79
"hurst1983",79
"dalwood1992",79
"mainman2000a",79
"loveluck2007a",79
"gould1967",79
"schoknecht1977a",9145
"herrmann2005a",9146
"andersson1994",221
"tacitus1999a",9147
"jorgensen2009a",32
"lundborg2006a",167
"lynnerup2014a",54
"price2005a",9148
"skre2011c",268
"ahlback1990",9149
"hansen1979",9150
"andren1957",9151
"anglert1993",9152
"asad1993",9153
"backdanielsson1999",9154
"bergner1987",9155
"beskow1964",9156
"bostrem1995",9157
"dentz2000",9158
"dillman1997",9159
"duczko1993",9160
"edsman1967",9161
"eisenhofer1950",9162
"fehn1958",9163
"gallen1957",9164
"gjerlow1960",9165
"helander1974",9166
"helander1993",9167
"holmberg1991",9168
"hultgard1992",9169
"tregren1989",9170
"jansson1998",9171
"arkeologisk1981",9172
"holmbick1933",9173
"johansson1965",9174
"olsen1993",9175
"klackenberg1992",9176
"kousgardsorensen1989",9177
"lindgren1987",9178
"molland1976",9179
"nilsson1987",9180
"norberg1958",9181
"nasstrem1996",9182
"rentzhog1987",9183
"smith1987",9184
"steinsland1986",9185
"steinsland1998",9186
"strembick1935",330
"sundqvist1998",330
"sverdrup1942",330
"sederberg2001",330
"ullen1983",330
"wessen1929",330
"miiller1991",330
"wikman1957",330
"devries1970",330
"fran2006",9187
"arwillnordbladh2005",9188
"fernstal2004",9189
"grislund2002",9190
"grislund2005",9191
"gustavson2000",9192
"vanhouts2001",9193
"lykke2003",9194
"mckinnell2003",9195
"vonmiiller1956",9196
"sundgvist1998",9197
"sundqvist2005",9198
"ortnamnslexikon2003",9199
"sorlin2001",9200
"widmark1995",9201
"barndon1995",9202
"bjornstad2003",9203
"burford1972",9204
"brelstord1949",9205
"brown1995",9206
"childs1991",9207
"childs2005",9208
"cline1937",9209
"davidson1982",9210
"delcourt1957",9211
"dommasnes1997",9212
"englund1999",9213
"espclund2004",9214
"forbe1969",9215
"janson1969",9216
"gjeerdcr1949",9217
"jacobsen2003",9218
"hermundstad1995",9219
"hesio1984",9220
"hines2003",9221
"kriger1999",9222
"maret1980",9223
"marte2002",9224
"mcnaughton1988",9225
"miillerwille1977",9226
"nodanskog2003",9227
"odner1969",9228
"pleiner1969",9229
"raudvere2004",9230
"oldeberg1943",9231
"randers1988",9232
"reid1995",9233
"roesdal1980",9234
"rundberget2002",9235
"sasson1983",271
"schmidt1997",271
"sjolsvold1949",271
"stigum1971",271
"tveiten2005",271
"todnem1999",271
"vannoten1972",271
"wertime1980",271
"anonym1901",9236
"arne1905",9237
"artelius1993",9238
"artelius2003",9239
"barraud1994",9240
"berger1966",9241
"birkeli1938",9242
"colpe1987",9243
"connelid1993",9244
"furingsten1986",9245
"geels1985",9246
"grislund2001",9247
"hansson1998",9248
"koepping1987",9249
"moberg1950",9250
"nyalssaga1981",9251
"nyalssaga2002",9252
"webernd",9253
"selinge1986",9254
"shepherd1987",9255
"stremberg1993",9256
"sarlvik1976",273
"trotzig2000",273
"turner1982",273
"almgren1900",273
"1919",273
"birkeli1944",273
"levistrauss1952",273
"sahlstrem1951",273
"selinge1997",273
"kristiansen1984",276
"armstrong1917",9257
"batey1988",9258
"fowler1963",9259
"freke2002",9260
"hudson1998",9261
"jones1971",9262
"kermode1994",9263
"kruse2017",9264
"laing1987",9265
"g1983",9266
"megaw1938",247
"miller1999",247
"morris1980",247
"muhr2002",247
"corrain2008",247
"olsen1954",247
"oriordain1973",247
"riordain1949",247
"rhysnd",247
"abbott2008",9267
"horizon2008",9268
"andersen1994",9269
"andren2012",9270
"arrhenius2013",9271
"axboe1999",9272
"axboe2001",9273
"axboe2005",9274
"baillie1994",9275
"baillie1995",9276
"baillie1997",9277
"baillie1999",9278
"baillie2001",9279
"baillie2006",9280
"baillie2008",9281
"baillie2010",9282
"barbante2012",9283
"barnish1992",9284
"behre1996",9285
"berglund1996",9286
"bernhardsson2007",9287
"bork1998",9288
"bosley1989",9289
"briffa1990",9290
"briffa1992",9291
"buckland1997",9292
"doreler1992",9293
"doreler2012",9294
"dull2001",9295
"dull2010",9296
"eggum2007",9297
"fehr2011",9298
"gelling1969",9299
"graslund2009",9300
"grattan2007",9301
"grudd2006",9302
"grudd2002",9303
"gunnel2013",9304
"vulnerabilityhalsall2003",9305
"jansen2000",9306
"kaul2004",9307
"keys1999",9308
"kutterolf2008",9309
"lowenborg2010",9310
"nasman2012",9311
"nerman1963",9312
"oppenheimer2011",9313
"pentikainen1989",9314
"rampino1988",9315
"rigby2004",9316
"salzer2007",9317
"stenberger1933",9318
"stenberger1955",9319
"stothers1984",9320
"stothers1983",9321
"textor2003",310
"torrence2002",310
"traufetter2004",310
"vervruggen1996",310
"vitaliano1968",310
"welinder1975",310
"wylie1989",310
"vulnerabilityzachrisson2010",310
"zerefos2007",310
"kuhl1999",299
"harris2006a",112
"harris2006b",226
"kintigh2014a",226
"jensen1993a",74
"jensen1993b",9322
"petersen1993a",272
"petersen1993b",171
"petersen1993c",51
"mullerwille2001a",99
"mullerwille2004b",129
"price2012b",9323
"thomas2000b",149
"thomas2008c",182
"ambrose1993a",90
"ambrose1993b",204
"barrett2004a",263
"barrett2004b",90
"barrett2004c",73
"barrett2004d",29
"price2010a",26
"barrett2008a",9324
"solli2002a",23
"price2002a",162
"lund2013a",17
"sorensen2001a",37
"duczko2004a",70
"gustin2004a",43
"helms1993a",155
"price2016a",9325
"svanberg2003a",70
"zachrisson1994a",17
"bradley2000a",9326
"byock2001a",70
"hedenstiernajonson2006a",157
"jorgensen2003a",4
"linderholm2008a",263
"montgomery2003a",140
"olsen2003a",110
"arwillnordbladh2007a",9327
"gansum2004a",17
"hodges2012a",65
"nielsen1997a",15
"zachrisson2004b",13
"arwillnordbladh1998a",10
"christensen1991c",172
"christensen2015a",33
"dobat2008a",49
"fabech1998b",9328
"gansum2004b",243
"hedeager1992a",70
"kleiminger1993a",31
"loveluck2006a",62
"lund2008a",9329
"mcnicol1997a",28
"norlund1948a",141
"pedersen2010a",29
"arne1932a",61
"baastrup2012a",1
"barrett2008b",74
"budd2000a",134
"downham2007a",70
"franklin1996a",129
"gardela2011a",194
"geary1994a",4
"gosden1998a",17
"grahamcampbell2001a",9330
"graslund2001a",25
"hardh1976a",128
"hedeager1999a",9331
"hedeager1999b",60
"jansson1984a",1
"jesch2015a",47
"jorgensen2008a",13
"simpson2005a",75
"skre2008a",229
"williams2011a",60
"wilson2008a",146
"andersen1995a",9332
"artelius2013a",9333
"ashby2011a",62
"barrett2007a",190
"bergstol2004a",80
"biddle2001a",70
"biddle1992a",160
"bill2013a",125
"bradley2003a",70
"brink2004a",216
"buko2008a",9334
"carver1998a",12
"chenery2014a",140
"christensen2010a",60
"christensen2010b",33
"christensen1991d",254
"duczko1985a",9335
"faure1986a",9336
"foote1970a",9337
"gardela2012a",137
"gardela2009a",135
"geijer1938a",9
"graslund1992a",33
"hadley2002a",9338
"hedeager2005a",29
"hillerdal2009a",138
"hines1997a",146
"iversen2007a",301
"jorgensen2014a",158
"kilger2008a",4
"krogh2007a",9339
"kyhlberg1980a",295
"larsson2009a",240
"leslie2015a",113
"lonnroth1997a",9340
"milek2012a",93
"montgomery2006a",209
"nasman2003a",62
"naumann2014a",253
"nilsson2003a",196
"nylen1994a",46
"olsen2012a",199
"pedersen2003a",9341
"pedersen1996a",280
"pedersen1999",300
"pilo2018a",11
"price2019b",47
"price2013a",9342
"price1989",9343
"raffield2016b",148
"richards2003a",75
"richards2002a",113
"roesdahl2006a",102
"rundkvist2008a",26
"sawyer1992a",207
"scudder2000a",9344
"skre2007a",131
"solli1999a",60
"stylegar2007a",10
"stylegar2005a",37
"thomas1996a",24
"trinks2007a",286
"williams2016a",2
"williams2003a",112
"wilson2008b",160
"adams2004a",252
"alberti2009a",23
"ambrosiani2002a",300
"amundsen2015a",11
"andersen1998a",198
"andersson2004a",109
"arbman1980a",156
"ashby2014a",9345
"bakka1993a",9346
"bradley2003b",61
"brink1998a",180
"brink1996a",9347
"brink2005a",258
"brogger1916a",99
"bryant1996a",9348
"buckley2010a",106
"callanan2013a",76
"callmer2008a",215
"callmer1984a",9349
"callmer2001a",32
"carver1992a",37
"christensen2008a",60
"christensen2007a",172
"clark2007a",293
"crawford1987a",75
"degerbol1948a",196
"dickinson1992a",39
"drescher1983a",229
"duczko1997a",135
"edgren1995a",129
"einarsson1994a",52
"eriksen2015a",66
"fabech1991a",196
"fabech1995a",131
"fabech1992a",21
"fahlander2008a",11
"forster2004a",150
"frei2009a",133
"frolund2007a",298
"gansum2004c",26
"glorstad2008a",158
"glosecki1989a",156
"grahamcampbell2011a",275
"graslund2007a",9350
"graslund1992b",68
"graslund2004a",297
"green1998a",32
"grimes2013a",283
"gustin2004b",1
"hagg1984a",159
"hall2014a",173
"hall2004a",29
"hardh2007a",300
"harke1997a",160
"harrison2008a",135
"hauck1977a",257
"hedegaard2007a",300
"hedenstiernajonson2006b",94
"helgason2000a",29
"hilberg2010a",102
"jakobsson2003a",156
"jankuhn1937a",102
"jansson1984b",1
"johansen1973a",29
"jones2012a",106
"jones2008a",52
"jorgensen2003b",13
"jorgensen1988a",228
"jorgensen2002a",155
"kaland1995a",181
"kiefferolsen1993a",31
"kilger2008b",199
"klindtjensen1975a",245
"kyhlberg1980b",218
"larsen2004a",186
"larsson1997a",60
"lee2008a",106
"li2010a",106
"lie1991a",62
"ljungberg1938a",28
"lucas2008a",27
"macphail2003a",118
"macphail2007a",118
"madsen1991a",198
"malmer1966a",283
"mannering2010a",60
"marold2012a",283
"melchior2008a",71
"muller2003a",210
"mullerwille1977a",154
"myhre1992a",242
"myhre2003a",32
"myhre2003b",9351
"myhre1994a",286
"myrberg2008b",216
"nasstrom2001a",180
"nelson2012a",262
"nelson1991a",70
"nielsen1986a",158
"nielsen1991a",197
"olsen2003b",242
"olsen2000a",29
"pedersen2008a",218
"pedersen2006a",202
"petersen1951a",142
"petersen2005a",254
"price2000a",70
"price1985a",151
"quast2009a",36
"roesdahl2014a",89
"roesdahl1977a",170
"roslund2010a",215
"rundkvist2010a",2
"rundkvist2003a",9352
"samson1991b",139
"sanmark2010a",30
"sawyer1050",32
"sawyer1962a",182
"schneider2015a",106
"semple2013a",216
"sindbaek2012b",165
"skre2007c",191
"skre2007d",172
"skre2007e",160
"soderberg2000a",300
"sorensen1997a",60
"speake1980a",156
"storli2006a",74
"thomas2012a",131
"vesteinsson2004a",252
"warnke1992a",236
"wawn2000a",9353
"white2000a",151
"williams2015a",2
"williams2005a",17
"williams2005b",208
"williams2001a",2
"williams2004a",9354
"zachrisson2004c",38
"zachrisson1997a",80
"zachrisson1984a",215
"zachrisson2010a",218
"zachrisson2003a",71
"larsen2001t",29
"akerstromhougen1981a",4
"alenius2011a",215
"ambrose1993c",134
"ambrosiani1984a",81
"ambrosiani1985a",13
"ambrosiani1991a",9355
"amundsen2001a",96
"andersen1995b",260
"andersen1995c",175
"andersen1991a",37
"andersen2010a",131
"andersen1984a",202
"anderson1907a",104
"andersson2008a",237
"andersson1998a",67
"andersson1995a",9356
"andersson2011a",61
"andersson2005a",9357
"andersson2005b",31
"andersson1999a",9358
"andersson2003a",16
"andersson2007a",160
"andersson2000a",89
"andersson2000b",221
"andersson2006a",14
"andren2004a",112
"andren1997a",248
"andren2006",9359
"androshchuk2012a",9
"anglert2006a",33
"arne1932b",189
"arneborg2000a",54
"arrhenius1985a",175
"arrhenius1997a",9360
"arrhenius1997b",67
"arrhenius1995a",4
"arrhenius1973a",257
"artelius1999a",56
"artelius1999b",56
"arwidsson1942a",157
"ashby2013a",8
"backdanielsson2010a",67
"bakka1971a",221
"bakka1973a",80
"bakka1976a",81
"barndon2005b",10
"barrett2003a",160
"bately2007a",74
"bately2007b",32
"batey1993a",78
"bayley2008a",146
"bekpedersen2009a",135
"benderjorgensen1987a",246
"benderjorgensen1995a",237
"bergstol2008a",177
"besteman2004a",143
"blake1962a",9361
"bogucki2007a",217
"bradley1993a",107
"bradley1990a",145
"brather2012a",168
"brink1992a",258
"brink2012a",165
"brink2012b",165
"brink2007a",2
"brink2013a",218
"brink1999a",9362
"brink1990a",35
"brogger1917a",94
"brogger1917b",94
"brogger1945a",31
"bruck2006a",10
"brunstedt1996a",4
"buckland1990a",85
"buckland2008a",54
"budd2004a",142
"callmer1992a",9363
"callmer1991a",74
"callmer1998a",180
"callmer1977a",160
"callmer1981a",214
"callmer2000b",214
"callmer1994a",112
"carlsson1983a",258
"carver1995a",9364
"chappell1986a",125
"christensen2013a",9365
"christensen2008b",89
"christensen2008c",170
"christensen2010c",4
"christensen2004a",175
"christensen2004b",202
"christensen2007b",175
"christensen1983b",228
"christensen1983c",207
"christophersen1982a",241
"church2007a",50
"craig1957a",263
"crawford1999a",135
"crawford2006a",150
"curta2007a",74
"curta2006a",218
"dobat2010a",33
"doneus2011a",248
"doneus2013a",125
"downham2012a",75
"dugmore2007a",50
"dugmore2012a",227
"edgren1995b",217
"edmonds2009a",146
"edwards2012a",227
"ellmers1995a",157
"ellmers1995b",112
"enghoff2003a",262
"eriksen2013a",80
"eriksen1993a",177
"fehring1995a",282
"feveile2009a",9366
"fischer2004a",238
"fridriksson2004b",205
"fry2006a",90
"fuglesang1991a",250
"gansum1996a",186
"gansum2004d",9367
"gardela2013b",194
"gardela2012c",9368
"gardela2015a",194
"gardela2018a",9369
"gardela2016c",9370
"gardela2009b",9371
"gjerpe2005a",31
"glob1969a",250
"grahamcampbell1980a",9372
"grahamcampbell1994a",225
"grahamcampbell2009a",146
"graslund2007b",138
"graslund2001b",19
"graslund2008b",24
"graslund2008c",189
"graslund1995b",25
"graslund1998a",9373
"grierson1986a",218
"hadley2000a",173
"hadley2000b",148
"hall1990a",138
"hall1999a",83
"halsall1998a",184
"hansen2015a",87
"hansen2017c",73
"hansen1989a",228
"hansen2005a",284
"hardh2003a",65
"harris2016a",24
"harrison2015a",9374
"harrison2014b",226
"harrison2013a",9375
"harrison2010a",9376
"harrison2010b",245
"harrison2007a",150
"harrison2008b",9377
"haseloff1981a",241
"hauck1978a",9378
"hedeager2004a",158
"hedeager1999c",9379
"hedenstiernajonson2014a",9380
"hedges2007a",192
"helama2017a",9381
"helberg2010a",85
"henning2007a",118
"henriksen2015a",196
"hernaes1984a",193
"herschend1992a",9382
"herschend1997a",15
"hjelle2015a",108
"hobsbawm1983a",177
"hodges2008a",267
"hoeg2014a",108
"hoilundnielsen1999b",233
"holmquistolausson1998a",204
"holmqvist1951a",241
"holst1110",173
"holst2013a",55
"holt1998a",239
"holt1998b",181
"hugason2000a",93
"imer2011a",250
"imer2011b",250
"ingstad1982a",177
"islendingabok1968a",184
"jacobsen1941a",16
"jakobsson2003b",9383
"jansson1984c",24
"jansson1985a",3
"jansson1985b",9
"jansson1985c",9
"jansson1997a",204
"jensen2004a",13
"jensen2004b",31
"jensen2006a",178
"jensen1986a",89
"jensen1992a",131
"jensen1993c",130
"jeppesen2010a",272
"jesch2009a",74
"jesch2009b",3
"jesch1991a",207
"jessen2012a",89
"jessen2012b",96
"jones1997a",9384
"jones2013a",274
"jones2009a",25
"jones2012b",9385
"jones2005a",44
"jones2005b",284
"jonsson2003a",9386
"jorgensen2002b",67
"jorgensen1995a",89
"jorgensen1992a",65
"jorgensen1998a",181
"jorgensen1994a",38
"joyce2000a",199
"kennedy2011a",122
"kleingartner2013a",9387
"kleingartner2014a",43
"klos2009a",24
"komber1999a",89
"kovalev2002a",9
"kristiansen1999a",46
"kristoffersen2004a",9388
"kristoffersen2010a",19
"krogh1982a",120
"kyhlberg1973a",214
"lambeck2010a",125
"larsen2007a",127
"larsen2011a",211
"larsson1990a",241
"larsson2006a",127
"larsson2006c",33
"lee2008b",27
"lehtosalohilander1982a",217
"leimus2007a",269
"leontev2017a",9389
"lewis2015a",226
"lie1952a",241
"ligi1993a",138
"lillehammer1999a",222
"ljungkvist2008b",190
"ljungqvist2010a",133
"lonnroth1982a",258
"lovejoy1985a",140
"lowe2008a",227
"lucas2008b",51
"lucy2002a",31
"ludowici2010a",122
"luhmlund1961",188
"lund2006a",220
"lund2008b",94
"lund2003a",9390
"lundborg1972a",255
"macphail1994a",169
"magnus1997",234
"magnusson1983a",135
"mann2003a",192
"marold2001a",181
"mccormick2012a",122
"mcgovern2009a",135
"mcgovern2013a",133
"meier2001a",194
"meskell2005a",199
"mikkelsen1994a",284
"mikkelsen1998a",127
"mikkelsen2008a",130
"mjaerum2012a",80
"moesgaard2008a",202
"muldner2007a",192
"murray1983a",171
"murray1983b",228
"myhre1992b",186
"myhre1992d",158
"myhre1987a",9391
"myhre1993a",175
"myhre1980a",175
"myhre1997a",32
"naismith2012a",218
"nasman1989a",13
"nasman2000a",275
"nasman1984a",257
"naum2012a",114
"neckel1983a",9392
"negrel2003a",209
"nelson1999a",202
"nelson2012b",53
"nielsen1998a",89
"nielsen2001a",130
"nielsen1994a",122
"nielsen2002a",234
"nielsen2002c",9393
"nielsen1990a",162
"nordeide2011a",9394
"oehrl2011a",9395
"oehrl2013a",9396
"olesen2004a",114
"olsen2009a",111
"olsen2001a",108
"olsson2004a",163
"osullivan2008a",261
"others1998",13
"oye2001a",262
"oye2002a",221
"oye2009a",54
"oye2009b",9397
"oye2010a",221
"pagan1986a",148
"pedersen2009b",162
"pedersen2014c",10
"pedersen2015a",130
"pedersen2008b",5
"pedersen2001a",9398
"pedersen2003b",180
"pedersen2011a",10
"perdikaris2008a",50
"perdikaris2008b",120
"petersen1919b",142
"petre1993a",160
"petursdottir2009a",10
"pilo2007a",234
"pirenne1927a",118
"price2000b",9399
"price2008c",296
"price2018e",9400
"price2008d",202
"raghavan2014a",53
"ramskou1976a",9401
"rasmussen2014a",250
"rasmussen1992",228
"raudvere2003a",9402
"reynolds1994a",127
"richards1998a",9403
"richards1996a",287
"roberts2003a",197
"roberts2000a",227
"roesdahl2014b",231
"roesdahl2003a",48
"roesdahl2005a",202
"roesdahl2005b",37
"roesdahl1996a",9404
"roesdahl1981a",202
"rolfsen1980a",218
"roskaft2005a",242
"roslund2001a",194
"rundkvist2007a",9405
"salin1904a",9406
"sanmark2013b",92
"sawyer2000c",109
"sawyer1988a",109
"sawyer2003a",9407
"sawyer2003b",9408
"sawyer2002a",109
"sawyer1987",24
"schetelig1912a",175
"schneidhofer2017b",126
"sealy2001a",192
"shanks1998a",83
"shetelig1940a",175
"shetelig1944a",142
"sigfusson1940a",25
"sigurdsson2008a",253
"sigurdsson2011a",93
"simek1993a",9409
"simpson2002a",261
"simpson2002b",120
"sindbaek2011b",9410
"sindbaek2014d",9411
"sindbaek2012c",108
"skre2008b",118
"skre2010a",122
"skre2004a",112
"smith2007a",9412
"smith2009a",245
"smith2011",216
"smith2001a",197
"soderberg2006a",14
"soderberg2002a",191
"soderberg2003a",126
"soderberg1996a",163
"solli1999b",25
"solli1996a",3
"solli1996b",177
"solli2008a",245
"solli2008b",245
"sorensen2017a",114
"sorensen1991a",131
"sorensen1999a",171
"staecker2001a",9413
"staecker2009a",194
"steinsland1994a",271
"steinsland2013",9414
"stene2011a",190
"stene2015a",92
"stenvik2001a",3
"steuer1997a",142
"steward1955a",245
"stolpe1912a",159
"stolpe1912b",91
"stylegar2010a",95
"sundqvist2014a",191
"svensson2009c",9415
"svensson2006a",80
"svensson2013a",190
"svensson2008a",240
"sykes2010a",78
"tesch2007a",280
"tesch2007b",93
"theliander2005a",28
"thomas1991a",9416
"thomas2006a",183
"thomsen2005a",14
"thomson2007",227
"thrane1987a",225
"thunmarknylen1995b",194
"turner2007a",9417
"vesteinsson2016a",9418
"vesteinsson2007a",50
"vesteinsson2007b",205
"vesteinsson2004b",205
"vesteinsson2001a",205
"vestergaard2007a",202
"wagner2001a",99
"wallander1989a",154
"waller1996a",257
"walsh2014a",108
"wamers1985a",142
"wamers1999a",241
"watt1999a",159
"watt1999b",159
"wells1999a",138
"white1988a",25
"wickholm2008a",217
"wideen1955a",28
"widgren1998a",120
"wilkinson2003a",245
"williams2011b",146
"williams2007a",4
"williams2002a",218
"wilson2006a",43
"wilson2006b",206
"wilson2007a",217
"wilson2007b",210
"wilson2008c",199
"wilson2008d",197
"wilson1998a",245
"wilson1996b",245
"zachrisson2002",80
"zachrisson2011b",4
"zachrisson2009b",38
"zachrisson2014c",196
"zachrisson2008a",10
"zori2013a",78
