"node_id","community_id"
"aannestad2018",1
"heenpettersen2018",2
"heenpettersen2019",3
"lund2016",4
"moen2020",5
"ambrosiani2015",6
"croix2015",7
"vonholstein2014",8
"warmlander2015",9
"lund2019",10
"solli2018",11
"dobat2006",12
"fabech2013",13
"gustafsson2011a",14
"larsson2007",15
"price2006",16
"fahlander2016",17
"price2018b",18
"eriksen2013",19
"andren2013a",20
"lund2004",21
"lund2005",21
"lund2008",22
"lund2017",23
"lund2020",24
"raffield2018",25
"williams2016",26
"zoega2017",27
"andren2013",28
"glorstad2012",29
"lund2010",30
"lund2013",31
"lund2015",23
"skre2019",32
"jessen2016",33
"price2014d",34
"magnell2010",35
"oehrl2017",36
"price2008a",37
"zachrisson2014a",38
"gardela2018",39
"gustafsson2016",40
"raffield2019",41
"androshchuk2018",42
"bill2017a",43
"burstrom2015",44
"glorstad2017",45
"odeback2018",46
"edberg2019",47
"kalmring2010",48
"voncarnapbornheim2014",49
"dugmore2012",50
"frei2015",51
"hartman2017",52
"hayeursmith2018a",53
"jackson2018",54
"tummuscheit2019",55
"artelius2013",56
"fahlander2018",17
"price2019",57
"raffield2016",58
"glorstad2015",59
"arwillnordbladh2013",60
"arwillnordbladh2013a",61
"ashby2015",62
"hennius2018",63
"perry2016",64
"sindbaek2017",65
"griffiths2019",66
"arwillnordbladh2012",67
"backdanielsson2016",68
"price2014",69
"barrett2010",70
"naumann2014",71
"price2014a",72
"star2017",73
"baug2019",74
"montgomery2014",75
"pilo2018",76
"downham2016",77
"mainland2018",78
"sindbaek2016",79
"amundsen2017",80
"bergstol2004",81
"croix2019",82
"kemmers2011",83
"nielsen2011",84
"baug2017",85
"loftsgarden2019",86
"rosvold2019",87
"svendsen2019",88
"beck2018",89
"grupe2013",90
"zachrisson2017a",91
"stene2017",92
"kristjansdottir2015",93
"bill2016",94
"bill2017",95
"fredriksen2014",96
"gullbekk2014",97
"macphail2013",98
"pedersen2015",99
"williams2014",26
"gardela2015",100
"jagodzinski2014",101
"hilberg2016",102
"sanmark2013",103
"harris2017",104
"richards2018",105
"anchukaitis2017",106
"helama2017",107
"pilo2020",108
"zachrisson2017",109
"eriksen2017",110
"ellingsen2019",111
"price2010",112
"jarman2018",113
"stott2019",114
"ulriksen2018",115
"pedersen2019",116
"sindbaek2018",117
"wouters2016",118
"dugmore2007",119
"keller2016",120
"tainter2006",121
"carver2015",122
"runge2018",123
"domeijlundborg2012",124
"schneidhofer2017",125
"tonning2020",126
"barrett2008",70
"beck2017",127
"spangen2009",128
"hillerdal2010",129
"christiansen2019",130
"dobat2013",131
"baug2015",132
"henriksen2017",133
"price2012",134
"milek2012",135
"kastholm2016",136
"toplak2018",137
"gustin2017",138
"pedersen2017",139
"peschel2017",140
"christensen2018",141
"heenpettersen2014",142
"ijssennagger2015",143
"kershaw2017",144
"raffield2014",145
"rogers2020",146
"williams2015",147
"hadley2018",148
"mcleod2011",149
"leonard2011",150
"price2020",151
"hrnjic2018",152
"kelly2015",153
"barndon2018",154
"lund2006",155
"hedeager2010",156
"kalmring2018",157
"eriksen2016",158
"mannering2013",159
"osullivan2015",160
"hedenstiernajonson2015",161
"price2011",162
"kalmring2012",163
"kalmring2017",164
"krzewinska2018",165
"helmbrecht2012",166
"oehrl2019",36
"sindbaek2014",167
"hilberg2018",168
"devos2013",169
"holst2013",170
"holst2014",171
"jessen2014",172
"buckberry2014",173
"tveiten2017",174
"bonde2016",175
"glorstad2014",176
"jahnsen2016",177
"baastrup2014",178
"henriksen2014",179
"borake2018",180
"hilberg2014",181
"hadley2016",182
"kershaw2016",183
"vesteinsson2016",184
"poulsen2011",185
"bill2012",186
"gustavsson2015",187
"androshchuk2010",188
"graslund2011",189
"lindholm2016",190
"ljungkvist2018",191
"chenery2014",192
"hedenstiernajonson2017",193
"toplak2015",194
"macphail2016",195
"gotfredsen2014",196
"milek2013",197
"runge2018a",198
"burstrom2014",199
"abrams2012",200
"pedersen2006",201
"roesdahl2011",202
"skre2011b",203
"linderholm2008",204
"lucas2007",205
"pedersen2009a",206
"rosengren2010",207
"wickholm2006",208
"knudson2012",209
"reiter2019",210
"tummuscheit2014",211
"feveile2017",212
"roslund2013",213
"roslund2015",214
"roslund2017",215
"sanmark2013a",216
"raninen2014",217
"skre2017",218
"skre2011a",219
"ijssennagger2013",220
"oye2014",221
"fallgren2008",222
"sutherland2015",223
"halstadmcguire2010",224
"kershaw2009",225
"catlin2016",226
"schmid2017",227
"holst2010",228
"sindbaek2011",229
"ljungkvist2015",191
"neiss2016",230
"goodchild2017",231
"vesteinsson2012",232
"sindbaek2011a",233
"aannestad2018a",1
"rundkvist2010",234
"staecker2004a",235
"sindbaek2007",236
"strand2011",237
"oye2016",238
"price2016",151
"gullbekk2011",239
"svensson2018",240
"andren2000",241
"storli2010c",242
"mulk2007",243
"naum2004",244
"solli2011",245
"becket2013",246
"steinforth2018",247
"trinks2014",248
"kovalenko2013",249
"imer2014",250
"ibsen2010",251
"harrison2016",106
"zori2013",252
"krzewinska2015",253
"christensen2013",254
"artelius2005",255
"feveile2012",256
"fischer2011",257
"myrberg2008",258
"frei2012",259
"benderjorgensen2012",260
"boyd2013",261
"arneborg2012",262
"pollard2012",263
"sutherland2009",264
"arwillnordbladh2008b",265
"fontaine2017",266
"sindbaek2013a",267
"skre2016",268
"arwillnordbladh2007",265
"magi2011",269
"becker2012",270
"barndon2005a",271
"ashby2015a",62
"feveile2011",272
"artelius2004a",273
"bitzthorsen2018",274
"svendsen2016",275
"myrberg2009",276
"majchczack2018",277
"skre2011",278
"gardela2013a",279
"gustafsson2011",280
"steinforth2015",281
"roslund2005",282
"bill2020",283
"rohdesloth2012",284
"naum2007",285
"draganits2015",286
"halewood2001",287
"pentz2009",254
"croix2021",82
"nosov2018",288
"magi2016",289
"perry2019",290
"lundborg2006",124
"lia2004",291
"croix2016",7
"gardela2014",7
"wicker2013",292
"kitzlerahfeldt2013",292
"croix2019a",293
"feveile2015",212
"gardela2013",294
"gardela2008",295
"price2005",295
"andren2006b",29
"leslie2015",296
"frei2012a",259
"gotfredsen2014a",297
"iversen2013",298
"gardela2018b",39
"hillerdal2009",129
"hayeursmith2013",52
"tummuscheit2012",299
"hedeager2003",156
"hennius2018a",63
"hardh2010",300
"iversen2015",301
"jankowiak2018",302
"jorgensen2010",303
"rundkvist2015",304
"kastholm2015",136
"jorgensen2009",305
"skorokhod2020",306
"sheehan2013",307
"ljungkvist2011",308
"sanmark2008",30
"richards2011",149
"lynnerup2014",309
"graslund2012a",76
"price2015",310
"price2014b",69
"price2014c",311
"myrberg2009a",312
"kalmring2016",18
"raffield2017",58
"kitzlerahfeld2015a",313
"pedersen2016b",139
"pedersen2009",314
"ravn2012",315
"price2018a",316
"raffield2016a",317
"price2018c",318
"pluskowski2010",319
"raffield2019a",41
"price2018d",320
"skre2017b",321
"price2019a",57
"andersson2008",322
"sindbaek2007a",236
"sindbaek2013",323
"semple2013",103
"toplak2017",324
"vesteinsson2014",325
"zachrisson2014",326
"williams2014a",327
"ulriksen2011",328
"zachrisson2004",329
"andren2002b",330
"aannestad2015",331
"ambrosiani2013",6
"andersson2004",332
"andersson2016",333
"andren2002",21
"andren2004",15
"androshchuk2013",334
"androshchuk2014",335
"androshchuk2012",336
"androshchuk2016",337
"arents2010",338
"armbruster2010",339
"artelius2007",340
"arwillnordbladh1998",341
"ashby2014",342
"backdanielsson2007",343
"ed2012",344
"barth1969",345
"e2014",346
"bergstol2008",347
"bhabha1994",348
"bjerg2013",349
"bogucki2012",350
"brather2013",351
"brink2011",352
"buntgen2016",353
"cannell2016",354
"clarke2017",355
"croix2012",356
"crumlinpedersen2010",357
"diamond2005",358
"dobat2014",123
"domeijlundborg2004",359
"englert2015",360
"eriksen1994",81
"feveile2009",361
"forster2009",362
"frog2014",363
"gardela2012",364
"gerds2015",365
"gjerpe2017",366
"grahamcampbell2013",367
"grahamcampbell2011",368
"graslund2007",369
"graslund2018",370
"griffiths2003",371
"hadley2013",372
"hall2014",373
"hallansstenholm2012",374
"hardh2016",152
"harrison2015",375
"harrison2014",376
"hedjakobsson2003",377
"hedeager2004",23
"hedeager2011",378
"hedenstiernajonson2006",379
"hedenstiernajonson2012",380
"helmbrecht2011",166
"hilberg2013",381
"n2017",382
"hodges2012",383
"ingvardson2012",384
"jennbert2015",385
"jensen2010",386
"jesch2015",387
"jones1997",388
"kalmring2013",389
"kershaw2013",390
"lemm2014",391
"lia2002",392
"ljungkvist2006",393
"loe2014",394
"lund2009",23
"merkel2016",152
"moen2011",395
"moen2019",396
"moesgaard2015",397
"myhre2015",398
"naum2008",399
"opedal2010",95
"oye2013",400
"paterson2014",401
"pedersen2004",201
"pedersen2014",402
"pedersen2016",403
"pilo2005",404
"price2000",34
"price2002",23
"price2001",405
"price2008",406
"price2018",407
"raja2018",408
"rasmussen2014",211
"richards2012",409
"roesdahl2014",410
"roslund2007",213
"russel2014",411
"said1978",412
"sanmark2017",413
"schietzel2014",49
"schultze2008",414
"skre2008",97
"soderberg2005",415
"solli2002",416
"staecker2004",417
"stanislawski2013",418
"stidsing2014",116
"svanberg2003",419
"thate2007",420
"toplak2016",421
"tummuscheit2011",211
"turner2006",422
"wallace2016",423
"wickham2005",424
"williams2020",425
"zachrisson2011",426
"andren2014",427
"christiansen2014",428
"dobat2010",49
"gardela2016",429
"gjerde2009",430
"glorstad2010",431
"graslund2010",26
"gustafsson2013",432
"smith2013",433
"lemm2013",434
"morawiec2009",435
"nordeide2011",436
"rundkvist2011",26
"rostad2016",437
"sindbaek2009",438
"sveinbjarnardottir2016",439
"williams2010",26
"ambrosiani2001",161
"graslund1984",6
"hraundal2013",440
"ilisch1990",6
"jansson1986",441
"jansson1987",442
"jansson1989",6
"wikander1978",6
"aannestad2016",443
"andren2011",444
"baastrup2012",445
"baastrup2010",446
"bagge1991",447
"bakka1963",448
"bakka1961",449
"bakka1971",450
"blackburn2002",451
"blindheim1973",452
"blindheim1999",453
"blindheim1995",454
"boe1940",455
"callmer1992",456
"callmer2008",457
"cramp1997",458
"downham2008",459
"dumville2008",460
"ekengren2009",461
"gaut2001",462
"gaut2011",463
"geber1991",464
"gosden1999",23
"grahamcampbell2000",465
"gustin2004",466
"hahn2013",467
"hedeager2002",21
"hedeager1992",468
"helms1993",469
"heyerdahllarsen1981",470
"hines1984",471
"hodder1982",472
"hodder1986",473
"hagg1974",474
"jansson1984",475
"vidar2010",476
"krag1994",477
"kristiansen2005",478
"maran2012",479
"marstrander1963",1
"mauss1950",1
"mikkelsen2002",1
"myhre1992",480
"croinin1989",1
"pedersen2008",1
"peets2012",1
"petersen1940",1
"raven2005",1
"rogers2006",1
"simonsen1981",1
"skaare1963",1
"skaare1976",1
"solli1995",1
"thomas1991",1
"waller1982",1
"wamers1985",1
"wamers2011",1
"williams2008",1
"wilson2006",1
"amundsen2001",481
"amundsen2011",482
"amundsen2015",483
"amundsen2007",484
"apel2001",485
"apel2005",486
"aronsson1991",487
"askeladden2015",488
"bakka1973",489
"bakka1976",490
"barth1976",491
"barth1996",492
"baudou1987",493
"bergman2016",494
"bergsland1992",495
"bergstol1997",496
"bergstol2009",497
"bjorn1934",498
"boaz1997",499
"bolstad1980",500
"braseth2014",501
"brendalsmo2003",502
"brogger1942",503
"bull2002",504
"byggstoyl2012",505
"damm2010",506
"fjellheim1999",507
"fjellheim2012",508
"forsberg2005",509
"fossum2006",510
"fredriksen1983",511
"fuglesang1980",235
"fuglestvedt2006",512
"gjerde2016",513
"gjessing1945",514
"grandell1986",515
"grimbe2013",516
"gustafson1988",517
"gustavsen2014",518
"hagen1946",519
"hagstrom2010",520
"hallgren2008",521
"hansen2004",522
"hansen2014",523
"hedman2003",524
"helstad2001",525
"hildre2012",526
"hole2013",527
"holm1991",528
"holm2016",529
"holseng2004",530
"hougen1947",531
"indreko1956",532
"jenkins2008",533
"johansen1981",534
"kleppe1977",535
"lannerbro1976",536
"marstrander1977",537
"mathiesen2005",538
"melheim2015",539
"mikkelsen1994",540
"mikkelsen1975",541
"mjaerum2012",542
"mulk1994",543
"myhre1962",544
"norell1987",545
"nou2007",546
"nyland2016",547
"odner1983",81
"odner2000",548
"ojala2009",549
"olsen1985",550
"olsen1991",551
"pareli1991",552
"prescott2009",553
"schanche1985",554
"scheen1979",555
"serning1966",556
"sjurseike1994",557
"skandfer1996",558
"skjolsvold1980",559
"skjolsvold1981",560
"skjolsvold1984",561
"smith2006",562
"soborg1988",563
"solberg1986",564
"sommerseth2011",565
"spangberg2014",566
"spangen2010",567
"stene2010",568
"stenvik1988",80
"svensson2006",569
"swensen2017",80
"trigger2006",80
"vorren1965",80
"wegraeus1971",80
"zachrisson1997",81
"zachrisson2015",80
"abrams2004",570
"phil2010",200
"fanning1994",200
"sheehan1998",571
"sheehan2009",572
"omeadhra1979",573
"blackburn1981",200
"glorstad1987",200
"grahamcampbell1984",574
"jensen1968",200
"davidson1962",23
"grinsell1961",575
"bjorn1940",576
"kovalev2004",577
"arbman1940",115
"arne1914",6
"bearman2014",6
"anonymous2012",200
"ljung2010",578
"lang2001",579
"cohen2004",200
"jesch2002",580
"whaley2004",200
"tweddle1995",200
"coatsworth2008",200
"grahamcampbell1980",581
"wamers2009",66
"grahamcampbell2007",200
"brunning2013",582
"sonderso2005",583
"stenalt1960",584
"kolindsund1936",585
"luhm1903",586
"androshchuk2001",587
"androshchuk2002",588
"androshchuk2003",589
"androshchuk2009",590
"androshchuk2004",591
"appadurai1937",592
"arbman1937",593
"arrhenius1985",594
"bazelmans1999",595
"bergman1976",596
"behmer1939",597
"behrend1936",598
"brondsted1936",115
"chase1979",599
"colmo1953",600
"cross1914",601
"falk1914",602
"gameson2001",603
"gansum1991",604
"geibig1992",605
"grahamcampbell1968",606
"gurevich1968",607
"habbe2005",608
"hakonarherdibreids1991",609
"harke2000",610
"jacobsen1942",611
"nasman1991",612
"jorgensen1966",613
"lavrsen1960",614
"mauss1980",615
"menghin1980",616
"mullerwille1978",617
"mullerwille1984",21
"mullerwille1980",618
"north1980",619
"nasman1989",620
"ostergren1976",621
"olsson1975",622
"owencrocker1966",623
"ornes1966",624
"paulsen1953",625
"pedersen1995",626
"pedersen1997",115
"pedersen2002",627
"peirce1919",628
"petersen1919",21
"rydbeck1932",629
"schulzedorrlamm1987",630
"handelderwikingerzeitzwischennordundwesteuropaaufgrundarchaologischerzeugnisse1987",631
"klaesoe2005",632
"smidt1991",633
"stocklund1985",634
"strid1961",635
"stromberg1946",636
"svanberg1995",188
"thunmarknylen1995",188
"thunmarknylen2001",188
"bergman2005",188
"thalinbergman2000",188
"theuws2000",188
"turvillepetre1960",188
"wamers1930",637
"whitelock1955",188
"willemsen2004",638
"wilson1955",639
"wrenn1958",188
"zachrisson1984",640
"zachrisson2012",80
"ammann2007",641
"ammann2003",642
"anchukaitis2014",643
"anchukaitis2012",644
"anchukaitis2010",645
"anchukaitis2013",646
"anchukaitis2006",647
"andreuhayles2011",648
"andronova2000",649
"autin2015",650
"biondi1999",651
"bowman1997",652
"bradley2001",653
"breitenmoser2012",654
"briffa1993",655
"briffa1994",656
"briffa1995",657
"briffa2000",658
"briffa1996",659
"briffa1998",660
"briffa2011",661
"briffa2013",662
"briffa2004",663
"briffa2002",664
"brohan2012",665
"buckley2010",666
"buntgen2006",667
"buntgen2013",668
"buntgen2011",669
"buntgen2014",670
"campbell2007",671
"coledai2013",672
"cook1990",673
"cook1987",674
"cook2010",675
"cook1994",676
"cook1995",677
"cook2013",678
"cook1999",679
"cowtan2014",680
"crowley2000",681
"crowley2008",682
"darrigo2011",683
"darrigo2003",684
"darrigo1992",685
"darrigo2004",686
"darrigo2013",687
"darrigo2008",688
"darrigo2015",689
"darrigo2009",690
"darrigo2006",691
"davi2003",692
"delaygue2011",693
"doradolinan2012",694
"edwards2007",695
"emilegeay2013",696
"esper2013",697
"esper2002",698
"esper2014",699
"esper2010",700
"esper2007",701
"esper2012",702
"esper2016",703
"esper2015",704
"esper2005",705
"estrada2013",706
"evans2013",707
"evans2002",708
"evans2001",709
"frank2007",710
"frank2010",711
"fritts1976",712
"fritts1991",713
"gallant2013",714
"gao2008",715
"gao2006",716
"gennaretti2014",717
"gershunov1998",718
"gillett2012",719
"goosse2016",720
"grinsted2004",721
"hakim2016",722
"harris2013",723
"haurwitz1981",724
"hegerl2014",725
"hegerl2007",726
"hegerl2003",727
"hegerl1997",728
"hegerl2006",729
"hegerl2011",730
"helama2014",731
"hughes2002",732
"hughes1994",733
"hughes1999",734
"jacoby1995",735
"jacoby2000",736
"jones2013",737
"jones2009",738
"jones2012",739
"jull2014",740
"kaplan2011",741
"kaufman2014",742
"keigwin2003",743
"kennedy2011",744
"klesse2015",745
"lavigne2013",746
"lean2006",747
"lee2008",748
"lehner2012",749
"lewis2015",750
"li2010",751
"linderholm2015",752
"luckman2005",753
"ludlow2013",754
"mann1998",755
"mann2012",756
"mann2002",757
"mann2013",758
"mann2005",759
"mann2007",760
"mann2008",761
"mann2009",762
"massondelmotte2013",763
"matskovsky2016",764
"matskovsky2014",765
"matthews2005",766
"mccarroll2013",767
"mccarroll2002",768
"mcgregor2015",769
"mckay2014",770
"meehl2004",771
"meko1997",772
"melvin2008",773
"melvin2004",774
"michaelson1987",775
"morice2012",776
"muscheler2007",777
"naulier2015",778
"ogurtsov2016",779
"oman2005",780
"ortega2015",781
"pausata2015",782
"payette2007",783
"pederson2014",784
"phipps2013",785
"plummer2012",786
"pongratz2008",787
"raspopov2008",788
"rimbu2003",789
"rind1999",790
"rind2004",791
"robock2000",792
"rutherford2003",793
"rydval2017",794
"schmidt2010",795
"schmidt2014",796
"schmidt2012",797
"schneider2009",798
"schneider2015",799
"schneider2001",800
"schurer2013",801
"schurer2014",802
"schweingruber1993",803
"schweingruber1978",804
"seager2008",805
"seager2007",806
"shindell2009",807
"shindell2014",808
"shindell2015",809
"shindell2004",810
"shindell2001",811
"shindell2003",812
"sigl2015",813
"smerdon2010",814
"smerdon2008",815
"smerdon2011",816
"smerdon2016",817
"solomon2011",818
"st2014",819
"george2013",820
"steiger2014",821
"steinhilber2009",822
"stenchikov2006",823
"stoffel2015",824
"vonstorch2004",825
"stott2010",826
"stott2009",827
"stott1998",828
"stuiver1993",829
"sundqvist2014",830
"swingedouw2010",831
"szeicz1995",832
"tierney2015",833
"tingley2015",834
"tingley2012",835
"tingley2010",106
"tingley2013",106
"torrence1998",106
"touchan2014",106
"trenberth1984",106
"verosub2008",106
"vieira2010",106
"wagner2001",106
"wagner2005",106
"wang2015",106
"waple2002",106
"wiles2014",106
"wilson2016",106
"wilson2010",106
"wilson2007",106
"wilson2014",106
"wise2015",106
"youngblut2008",106
"zanchettin2012",106
"zhang2016",106
"zorita2003",106
"zwiers2000",106
"ivakin2001",42
"kjellstrom2012",42
"kjellstrom2013",836
"koktvedgaardzeiten1997",837
"kovalenko2006",838
"stolpe1992",42
"nerman1935",200
"helms1988",839
"andren1999",840
"andren2007",841
"back2012",842
"bandmann1951",843
"baudou1989",844
"berend2007",845
"blomkvist1998",846
"blomkvist2002",847
"brendalsmo1994",848
"brink1992",849
"ross2002",850
"diiwel1985",851
"dyggve1952",852
"fabech1991",853
"fehring1991",854
"gotfredsen1988",855
"graslund1992",856
"graslund2001",857
"graslund1993",858
"gren1989",859
"hallansstenholm2006",20
"hedeager1999",21
"hellstrom1996",860
"hernaes1999",861
"hildebrandt1985",862
"hultgard1997",863
"iregren1989",864
"janson1998",865
"jeppesen1991",866
"johannsen1981",867
"johansen1997",868
"krautheimer1942",869
"larsson2004",166
"liden1969",870
"ljungberg1938",871
"mcnicol1997",872
"meckseper1982",873
"nielsen1997",874
"nielsen2005",875
"nordahl1996",876
"olsen1966",15
"olsen1972",877
"rydh1969",878
"sandnes1987",879
"skre1995",880
"sondergaard1972",881
"stamsomunch1991",28
"sundqvist2007",28
"svensson2012",256
"theliander2003",28
"theliander2005",882
"vibemuller1991",28
"vikstrand2001",28
"devries1957",28
"wallander1994",28
"wideen1955",883
"zachrisson1963",28
"strand2010",884
"barber1991",885
"benderjorgensen1986",886
"benderjorgensen1987",887
"benderjorgensen1992",246
"benderjorgensen1995",888
"costin1991",889
"geijer1938",890
"geijer1980",237
"geijer1972",237
"gleba2008",237
"hald1980",237
"hedeagerkrag1994",891
"herlihy1964",237
"hagg1983",892
"hagg1984",237
"hagg1985",237
"hagg1986",893
"hagg1991",237
"ingstad1980",237
"michel2010",237
"martensson2007",237
"martensson2000",237
"pedersen1998",894
"waltonrogers1996",895
"waltonrogers2007",896
"kovalenko2012",42
"geibig1991",188
"zachrisson1998",21
"hookernd",897
"jay2006",898
"kalland2000",899
"kosiba2007",900
"lynnerup1998",901
"mcgovern1985",902
"mcgovern2000",903
"mcgovern1996",904
"mcgovern2005",905
"mcgovern2004",906
"muldner2007",907
"mohl1982",908
"adalsteinsson1990",909
"alexandersen2003",910
"arneborg1990",911
"balslevjorgensen2001",912
"barret2005",913
"bruun1928",914
"commisso2006",915
"commisso2007",916
"enghoff2003",917
"fricke1995",918
"gullov2012",919
"hebsgaard2009",920
"vebaek1992",262
"vebaek1993",262
"oye2001",921
"nelson2003",262
"nelson2012",922
"olafsson2006",262
"privat2002",263
"reitsema2010",262
"schweger1998",262
"simpson2002",262
"simpson2007",262
"edvardsson2012",262
"sveinbjornsdottir2010",262
"vebaek1991",262
"alberti2013",923
"andersson1998",924
"andren1989",925
"arrhenius1962",926
"arrhenius1994",927
"arrhenius1997",15
"arrhenius1932",928
"arwillnordbladh2011",929
"backdanielsson2010",26
"berg2007",930
"bergqvist1999",931
"bragg1997",932
"brink2008",933
"christensen2008",934
"christensen2009",935
"christensen2010",936
"gillespie2008",937
"gilman2010",938
"graslund2005",939
"graslund2008",940
"gronvik2008",941
"hagberg1976",942
"helmbrecht2007",943
"hjorungdal1991",944
"hardh2008",219
"jansson1996",945
"jensen2004",946
"johansson2008",947
"jorgensen2002",948
"jorgensen2008",949
"kuper1988",950
"larsson1997",951
"lassen2003",952
"lundstrom1995",953
"ljungkvist2005",954
"lundgren2007",955
"malmberg2009",956
"malmberg2010",67
"mannering2010",957
"martinson1956",67
"mauss1934",958
"nasstrom2001",67
"raudvere2008",67
"ringkvist1969",67
"roberts1999",67
"silvers2009",67
"solli1999",959
"sonne2010",960
"steinsland2007",67
"stolpe1912",961
"sorensen1997",962
"thomson1997",963
"vikingatidens1995",964
"weiner1985",23
"williams2011",965
"schulzedorrlamm1995",188
"almgern1914",966
"anderson1983",967
"andersson1990",968
"andersson1995",969
"andersson2011",970
"arne1932",67
"arrhenius1976",971
"bradley2002",265
"bradley2003",972
"burstrom2012",973
"chapman1997",974
"chapman1977",975
"chapman2006",976
"climo2002",977
"connerton1989",20
"delvin2007",978
"dommasnes2006",979
"dommasnes2008",980
"duczko1985",981
"jansson1985",161
"jennbert2011",982
"jensen2003",983
"jones2007",20
"kaliff1999",984
"kaliff2001",985
"knappett2012",61
"kokowski2010",61
"tsamis2010",61
"lowenthal1999",61
"vonmuller1958",61
"nora1989",61
"nugent2012",986
"renfrew2004",61
"rowlands1993",987
"rowlands1999",61
"sjogren2003",61
"vandyke2003",61
"williams2003",988
"aqvist1996",20
"artelius1996",20
"baudou2004",989
"bolin2004",990
"bratt2008",991
"burstrom1989",20
"chippendale1983",992
"gosden1994",993
"gustavson1986",20
"lonnroth1977",265
"olivier1999",994
"pollard2002",20
"sawyer2000",995
"shanks1987",996
"stromberg1968",20
"widholm2006",20
"williams2006",26
"zachrisson1994",997
"pagesk2013",998
"aberg1921",999
"adamavbremen1984",1000
"ambrosiani1964",1001
"andersson1992",1002
"andersson1989",1003
"arend1978",1004
"axelsson1993",1005
"baer1998",1006
"baines1989",1007
"berg1987",1008
"bergman1948",1009
"berlo1983",1010
"bjurstrom1996",1011
"blair1989",1012
"brondsted1920",1013
"bugge1953",1014
"carlqvist1977",1015
"carlsson1985",1016
"christiansson1959",1017
"christophersen1982",1018
"claesson1982",1019
"clanchy1979",1020
"crocker1982",1021
"danbolt1989",1022
"ekblad1997",1023
"elgh1987",1024
"vonfriesen1913",1025
"fuglesang1978",1026
"odense1981",1027
"svardstrom1962",1028
"goody1977",1029
"graslund1985",1030
"gronvik1981",1031
"gronvik1985",1032
"gurevich1985",1033
"gustavson1988",1034
"hagenfeldt1996",1035
"hallencreutz1982",1036
"haseloff1981",1037
"hedeager1997",124
"herschend1994",1038
"hildebrandnd",1039
"holmback1943",1040
"holmqvist1951",1041
"holtsmark1960",1042
"hubler1996",1043
"hyenstrand1974",1044
"johansson1996",1045
"kallstrom1992",1046
"klindtjensen1975",1047
"kristoffersen1995",1048
"kyhlberg1983",1049
"lager1995",1050
"lagman1990",1051
"larsson1990",1052
"fornvannen1997",1053
"lindblad1992",1054
"lindell1994",1055
"lindkvist1988",1056
"lindqvist1931",1057
"lindstrom1992",1058
"lonnroth1982",1059
"marcus1992",1060
"meijer1992",1061
"moltke1974",1062
"mostrom1998",1063
"miillernd",1064
"og1911",1065
"ol1900",1066
"olason1989",1067
"ong1982",235
"orsnes1966",1068
"orsnes1969",1069
"owe1995",1070
"palm1992",1071
"peterson1994",1072
"petre1984",1073
"petre1993",1074
"philippa1977",1075
"ragnesten1978",1076
"randsborg1980",1077
"russell1994",1078
"salberger1978",1079
"salin1904",1080
"sandahl1996",1081
"sawyer1988",1082
"sawyer1993",1083
"schuck1935",1084
"segelberg1983",1085
"shetelig1909",1086
"sjoberg1985",1087
"snorres1997",1088
"soderberg1905",1089
"soderqvist1993",1090
"strid1987",1091
"sundqvist1996",1092
"svardstrom1936",1093
"svenbro1975",1094
"thrainsson1994",1095
"varenius1998",1096
"wamers1999",1097
"wijkander1983",1098
"williams1990",1099
"wilson1995",1100
"wilson1994",1101
"zanker1988",1102
"runinskrifter1984",1103
"garlandthomson2002",67
"aarissorensen1988",1104
"aarissorensen2007",1105
"ambrosiani1981",1106
"arneborg1998",1107
"ashby2011",1108
"ashby2013",1109
"smith1995",1110
"barrett2011",1111
"bately2007",1112
"bencard1990",1113
"blaut1993",1114
"buchwald2006",1115
"buckley2011",1116
"buckley2009",1117
"buckley2014",1118
"callmer2002",1119
"sachensymposium2001",1120
"callmer2003",1121
"childe1950",1122
"clarke1991",1123
"coupland2010",1124
"coupland2011",1125
"cowgill2004",1126
"feveile2001",1127
"feveile2006",1128
"fleming2009",1129
"galloway1981",1130
"henderson2005",1131
"hodges1982",1132
"hull2008",1133
"jantzen2013",1134
"keller2010",1135
"kirby2013",1136
"knappett2008",1137
"lie1991",1138
"ling2013",1139
"loveluck2006",1140
"madsen1984",1141
"madsen2004",1142
"madsen2014",1143
"mahler2007",1144
"mainman1999",1145
"mattingly2013",1146
"miksic2000",1147
"muller2012",1148
"nasman2000",1149
"nasman2003",1150
"nesje2012",1151
"rau2010",1152
"renfrew2008",1153
"riddler2003",1154
"rieck2006",1155
"roesdahl2003",62
"lewissimpson2000",62
"roesdahl2001",62
"schyman2012",62
"sinclair2012",62
"skov1997",62
"skov1999",62
"skov2006",62
"skov2010",62
"skre2007",62
"smirnova2002",62
"stephan1994",62
"stewart2013",62
"strohalm2010",62
"taylor2012",117
"theuws2004",62
"trigger2008",62
"ulbricht1978",62
"vandoorn2014",62
"verhulst1994",62
"weber1995",62
"wigh2001",62
"yoffee2005",62
"boric2008",1156
"goransson1999",1157
"hirdman1988",60
"joyce2005",60
"muckenberger2012",60
"nasstrom1986",60
"vikingatidens1995a",60
"almgren1905",1158
"arbman1945",1159
"artelius1999",1160
"artelius2002",1161
"berger1979",1162
"ross1998",1163
"edsman1987",255
"fors2002",255
"halbwachs1952",255
"jennbert1977",255
"lundborg1972",1164
"moon1987",255
"napier1992",255
"rappaport1999",1165
"rolston1987",255
"sahlstrom1948",255
"strom1967",255
"turner1983",255
"thomas1985",255
"vedelnd",1166
"wikstrom1993",255
"janson2009",61
"bergqvist1997",60
"alberti2014",1167
"am2013",1168
"backdanielsson2012",1169
"barad2003",1170
"barad2007",1171
"burstrom1994",1172
"ccby2016",1173
"ekholm1950",1174
"fowler2015",1175
"graslund1991",241
"jonsson2015",1176
"klos2009",1177
"koster2014",1178
"lager2002",1179
"larsson2010",68
"lindeberg2009",68
"mitchell2005",68
"munn1986",68
"nielsen1941",68
"peterson2006",68
"dictionary2016",68
"runtextdatabas2015",68
"saol1998",68
"sjoborgnd",68
"brink1981",68
"hobsbawm1983",265
"jennbert2004",255
"wamers1987",1180
"frick1992",1181
"aatsleff2010",1182
"aberg1936",1183
"albrethsen2002",1184
"brandt2002",1185
"johansen1987",1186
"fraenkelschoorl1978",1187
"garipzanov1980",1188
"grahamcampbell1991",1189
"hyvass1986",1190
"jensen2006",1191
"jorgensen2003",116
"jorgensen2006",1192
"klingenberg1984",1193
"lennarrson1983",1194
"longley1975",1195
"macgregor1993",1196
"moesgaard2010",1197
"monge2003",1198
"nielsen2006",1199
"nielsen2004",1200
"olsen1981",1201
"olsen1977",123
"ryan1997",1202
"rygh2003",1203
"ulriksen1970",1204
"vandoorn2011",1205
"arneborg2003",1206
"arrhenius1995",1207
"ashby2006",1208
"smith1993",1209
"barrett2003",1210
"besteman2004",1211
"biddle2001",1212
"bolin1953",1213
"brettell2000",1214
"brooks1971",1215
"burstrom1993",1216
"byock2001",1217
"carver1990",1218
"carver1995",1219
"clover1988",1220
"coupland1998",1221
"crumlinpedersen1995",1222
"crumlinpedersen2007",1223
"dahljensen1998",1224
"dansgaard1975",1225
"downham2007",1226
"duczko2004",1227
"dumville2002",1228
"dyer2002",1229
"earle1997",1230
"edwards2005",1231
"englert2007",1232
"etchingham1996",1233
"etchingham2007",1234
"forenbaher2005",1235
"fossier1999",1236
"grahamcampbell1975",1237
"hadley2006",263
"halsall2003",1238
"hannon2005",1239
"hansen2000",1240
"haywood1999",1241
"heinsohn2003",1242
"hernaes1997",1243
"hill1981",1244
"hill2001",1245
"hills2003",1246
"hodges2006",1247
"hodges1983",1248
"holm1986",1249
"hunter2007",1250
"johnson2001",1251
"jonsson1911",1252
"karlsson1997",1253
"keegan2004",1254
"keynes1997",1255
"kristoffersen2004",1256
"kuhn1977",1257
"lund1989",1258
"magi1999",1259
"slavi1997",1260
"mccormick2001",1261
"michelli1993",1262
"minorsky1958",1263
"montgomery2006",1264
"montgomery2003",1265
"morris1998",1266
"mullerwille1994",1267
"myhre1987",1268
"myhre1993",1269
"nelson1991",1270
"nelson1997",1271
"nondier2002",1272
"croinin1995",1273
"oppenheimer2007",1274
"owen1999",1275
"paterson2001",1276
"pirenne1939",1277
"reuter1985",70
"richards2000",70
"ridel2007",70
"roesdahl1991",70
"santiagoirizarry2008",70
"sawyer1982",70
"scholz1970",70
"simek2004",70
"skre2001",70
"small1973",70
"stefansson2003",70
"vesteinsson2006",232
"wallace2003",70
"warner1976",70
"weber1992",70
"westerdahl2008",70
"wicker1998",70
"woolf2007",70
"wormald1982",70
"runicdictionary2016",68
"samnordiskruntextdatabas2016",68
"nilsson1996",241
"moltke1942",1278
"aughdal1979",1279
"baug2011",85
"baug2013",1280
"bergstrom2007",1281
"brodshaug1950",1282
"campbell1939",1283
"carelli1997",1284
"cederlund1964",1285
"christophersen1999",1286
"ek1962",1287
"fisher2004",1288
"forster2004",1289
"friisnd",1290
"granlund1956",1291
"grenne2008",1292
"gron1939",1293
"gron1942",1294
"hamilton1956",1295
"helberg2010",1296
"helle1982",1297
"jensen1990",1298
"kaland1987",1299
"kristiansen2009",1300
"processing2009",1301
"kristensen1999",1302
"molaug1982",1303
"keysernd",132
"magnusnd",132
"petersen1951",1304
"reiersen1999",132
"resi1979",132
"rnregestanorvegica1989",132
"roesdahl1980",132
"sindbaek2005",1305
"skaarup2009",132
"skjolsvold1961",1306
"smith1999",1307
"steensberg1964",132
"steuer1987",278
"tengesdal2010",132
"vangstad2003",132
"viklund2007",132
"visted1975",132
"weber1984",1308
"weber1989",1309
"weber1999",132
"oye2002",1310
"oye2009",132
"bockman1997",1311
"gjerpe2005",1312
"glorstad2008",1313
"gudmundsdottir2003",1314
"hufthammer2016",1315
"harke2014",1316
"iversen1999",1317
"jezek2015",1318
"kristoffersen2006",154
"meling2014",154
"metcalf1991",154
"moberg1992",1319
"mullerwille1977",1320
"ohlhaver1939",154
"roberts2015",154
"ronne2002",1321
"sauvage2005",154
"straume1984",1322
"wallander1989",1323
"ostigard2006",154
"fuglesang1986",241
"larsen1989",241
"andersson2005",161
"artelius2010",17
"borgeaud1987",1324
"boyend",1325
"burke1989",1326
"edmonds1999",1327
"fernholm1982",1328
"gosden1998",1329
"hansson1991",56
"hemmendorff1980",56
"stenholm2004",56
"jennbert1991",56
"lindqvist2010",17
"lundborg2007",56
"nagy1976",56
"olson1968",56
"rudbeck1978",56
"stromberg2005",56
"zuesse1987",56
"ayliffe1990",1330
"balasse2003",1331
"batey1998",1332
"becker1998",1333
"becker2011",1334
"behre2008",1335
"benecke1982",1336
"bentley2006",1337
"bosl2006",1338
"butzler1986",1339
"buzon2010",1340
"clementz2001",1341
"doppler2010",1342
"drouet2005",1343
"elsner1989",1344
"frei2011",1345
"fricke1998",1346
"fry2006",1347
"grupe2009",1348
"grupe2010",1349
"grupe2012",1350
"heinrich1987",1351
"heinrich2006",1352
"huster1983",1353
"jacomet2010",1354
"koch2007",1355
"kohn1996",151
"kohn2002",1356
"layman2007",1357
"leethorp1989",1358
"lepiksaar1977",1359
"mewis2004",1360
"miller2010",1361
"mullerwille2002",1362
"newsome2004",1363
"oconnor2004",1364
"phillips2003",1365
"pieper1995",1366
"reichstein1991",1367
"reichstein1966",270
"rozanski1992",270
"schmolcke2006",1368
"schoeninger1984",270
"sjogren2009",1369
"smed2002",270
"stephan2008",270
"stevens2006",270
"surge2005",270
"taastrom1999",270
"tieszen1991",270
"vogel1989",270
"vogel2002",270
"vonlehmann1986",270
"west2010",270
"dommasnes1976",224
"stylegar2010",1370
"stylegar2014",154
"straume1986",1371
"tarlow2016",26
"oye1985",154
"bmasstrom2001",56
"lindqvist2012",56
"adams1991",1372
"arnold2012",1373
"bailey1990",1374
"bailey2015",1375
"bailey2007",1376
"beck2014",1377
"becker1966",1378
"becker1971",1379
"berggren2009",1380
"bille2016",1381
"bloch1977",1382
"boivin2008",1383
"bowker2005",1384
"cobb2012",1385
"delanda2006",1386
"delanda2016",1387
"deleuze2005",1388
"edgeworth2012",1389
"eisenschmidt2013",1390
"ejstrud2000",1391
"fahlander2003",1392
"felding2013",1393
"fundfortidsminder2017",1394
"gell1992",1395
"gerritsen1999",1396
"gerritsen2008",1397
"gosden2015",1398
"gramsch1996",1399
"hamilakis2017",1400
"hansen2015",1401
"harris1989",1402
"holst1999",1403
"holtorf1998",1404
"holtorf2002",1405
"hvass1983",1406
"hvass1985",1407
"ingold2010",1408
"jensen2005",1409
"joy2009",1410
"larsen2007",1411
"laursen2017",1412
"lucas2005",1413
"lucas2008",1414
"lucas2012",1415
"mcanany2009",1416
"mikkelsen1998",228
"sekretariat1997",1417
"mikkelsen2016",1418
"moller2010",1419
"mud2014",1420
"muller1906",1421
"munn1992",1422
"nasman1987",1423
"nativ2017",1424
"olivier2011",1425
"olsen1968",1426
"pauketat2005",1427
"pearson1994",127
"reynolds1994",1428
"rosenberg2010",127
"shennan1993",127
"slotsogkulturstyrelsen2017",127
"sorensen2015",127
"thomas1996",1429
"tornbjerg1998",1430
"tringham2000",127
"vanoyen2015",127
"villumsen2013",127
"witmore2013",127
"zimmermann1998",127
"anckers1993",265
"andersson1999",1431
"brown1991",265
"cassel2004",1432
"cnattingius1930",265
"foxhall2000",1433
"gilchrist2004",265
"jonsson2003",1434
"kallen2004",1435
"moberg1987",1436
"olivier2004",1437
"palm2004",265
"ralph2005",265
"vandyke2003b",1438
"wessen1958",265
"widmark1993",265
"askvik1990",1439
"askvik2008",1440
"askvik2014",1441
"bakmark2014",1442
"bazelmans2009",1443
"berglund1995",1444
"bos2005",1445
"bratrein1994",1446
"buchwald2005",1447
"callmer1991",1448
"callmer1998",1449
"callmer2007",1450
"coupland2002",1451
"crosby1987",1452
"curta2007",1453
"delvaux2017",1454
"downham2011",66
"eldorhagen2001",1455
"ellis1969",1456
"ellmers1985",1457
"etchingham2014",1458
"feveile2000",43
"gardner2007",1459
"gaunt2000",1460
"hald1991",1461
"hansen2017a",1462
"hines1999",1463
"hodges2001",1464
"holand2003",1465
"holberg2015",1466
"holm2015",1467
"iversen2018",1468
"jansen2001",1469
"jellema1955",1470
"jesch2009",1471
"kars1983",85
"knol2017",1472
"koht1919",1473
"krol2006",1474
"lebecq1990",1475
"lebecq1999",1476
"ljungkvist2009",1477
"lonaas2001",1478
"moore1978",1479
"moore1983",1480
"myrvoll1991",85
"nasman1986",1481
"nicolay2005",1482
"nicolay2017",1483
"nilsen2016",1484
"corrain1998",1485
"pilo2011a",85
"resi1990",1486
"resi2008",1487
"roesdahl1995",1488
"schreiner1928",1489
"sheehan2008",1490
"sitzmann2008",1491
"sjovold1974",1492
"skre2018",1493
"sode2017",1494
"stenvik1997",1495
"storli2006",1496
"svennung1967",1497
"walther2004",1498
"wickham2008",1499
"wilson1985",74
"wood1983",1500
"plogmann2006",270
"bonde1994",1501
"brogger1917",95
"dybwad1908",95
"johansen2016",95
"kluwernd",95
"mullerwille1970",1502
"paasche2010",95
"grahamcampbell2004",1503
"thomsen2009",1504
"aud1996",1505
"aud1997",1506
"wamers2005",1507
"lennarrsson1999",1508
"brondsted1924",1509
"skovmand1942",1510
"wamers1991",1511
"lennartsson1999",1512
"andersen1995",1513
"brucemitford2005",1514
"roth2002",1515
"wamers1994a",224
"aud1992",1516
"aarsleff2008",1517
"adamsen1997",1518
"albrethsen2008",1519
"lindahl1984",1520
"thorvildsen1957",1521
"bradley1998",1522
"ambrosiani1984",1523
"bergstel1997",81
"bergsvik2001",81
"boaz1999",81
"skre1998",201
"strade1997",81
"solberg2000",1524
"storli1994",81
"sorensen1979",81
"shetelig1917",1525
"norseng2010",95
"allmae2011",151
"andersen1991",1526
"axboe1995",1527
"baillie1982",1528
"baillie1973",1529
"bjorkvik1999",1530
"bonde1995",1531
"bonde1997",1532
"bonde2005",1533
"bonde2007",1534
"bonde1993",1535
"bonde1982",21
"bonde2009",1536
"brathen1982",1537
"brogger1951",1538
"brucemitford1964",1539
"carver1998",186
"christensen1995",1540
"christensen1993",1541
"christensen2003",1542
"christensen2007",1543
"christensen1994",1544
"christensen1998",1545
"eckstein1977",1546
"euforgen2009",1547
"evison2008",1548
"faegri1954",1549
"filmersankey1992",1550
"grieg1928",1551
"hines1992",1552
"hines1993",1553
"holand2001",74
"hulten1971",1554
"hutchinson1994",1555
"kaennel1995",1556
"lorangend",1557
"marsden1996",1558
"mullerwille1974",1559
"mullerwille1995",1560
"myhre1980",1561
"myhre1998",1562
"myking2011",1563
"naess1969",1564
"nasman1984",1565
"nerman1948",1566
"nordenborgmyhre2004",1567
"opedal1998",1568
"opedal2005",1569
"peets2013",151
"reiersen2009",175
"roesdahl1994",175
"schetelig1902",175
"schetelig1906",175
"schetelig1912",1570
"shetelig1940",1571
"sorensen2001",1572
"sylvester2009",175
"vadstrup1994",175
"mcleod2014",74
"roesdahl2005",1573
"verhulst2002",74
"vinsrygg1979",74
"andersen1988",1574
"smith2007",1575
"barret2006",1576
"barret2000",1577
"blackburn2008",97
"brink2008b",1578
"brooks1979",1579
"buckland1990",1580
"carver2004",1581
"crumlinpederson1995",1582
"downham2000",1583
"forsyth1995",1584
"grahamcampbell1995",1585
"grahamcampbell1998",281
"grahamcampbell2001",1586
"grahamcampbell2003",1587
"gudmundsson1965",1588
"hermannsaudardotir1991",1589
"hines1996",1590
"howlet1999",1591
"metcalf2007",1592
"roesdahl2003b",1593
"myhre2003",1594
"paasche2006",1595
"ralston1997",1596
"randsborg1995",1597
"randsborg2000",1598
"smyth1984",1599
"wamers1998a",66
"weber1991",1600
"whitelock1961",1601
"mierow1915",74
"andersen1989",1602
"benderjorgensen2005",1603
"christiansen2004",1604
"cooke2002",1605
"cooke2005",1606
"damgardsorensen1998",1607
"dybdahl1990",1608
"eldjarn1988",1609
"eldjarn1990",1610
"elstad2002",1611
"elstad2004",1612
"hoeghnd",1613
"kastholm2009",1614
"kaup1996",260
"kjellmo1996",260
"kvamme2004",260
"lightfoot1996",260
"lightfoot1997",260
"myhre2002",1615
"martensson2006",260
"norgard1999",21
"olsennd",260
"olufsennd",260
"rabben2002",1616
"traetteberg1999",260
"franckenwelz2003",260
"westerdahl1995",260
"amundsen2003",81
"alfsen1979",85
"baug2002",1617
"birkedahl1997",1618
"birkedahl2000",1619
"bl1923",85
"christophersen1991",203
"crawford2002",85
"gestsson1959",85
"morcken1964",85
"nielssen2014",1620
"nymoen2011",85
"pilo2007",272
"risbol1994",1621
"schou2007",1622
"schon1995",1623
"sigurdsson1999",1624
"jones1999",1625
"bill2013",43
"callmer1977",1626
"gansum1995",43
"hinsch1945",1627
"hjardar2011",43
"hougen1993",43
"jankuhn1986",1628
"karageorghis1999",43
"kilger2008",1629
"kleingartner2014",1630
"larsen2011",1631
"martens1988",1632
"oye2011",43
"pedersen2001",43
"rispling2008",43
"ros2009",43
"sperber1996",1633
"steuer1997",1634
"wiker2006",43
"bender2002",260
"rasteicher2008",260
"brather1992",186
"capelle1978",1635
"capelle2000",186
"daly2011",186
"geary1994",1636
"holck2009",34
"krogh1982",1637
"kummel2009",186
"larsen2004",1638
"marstrander1986",186
"mullerwille1976",115
"mullerwille1992",186
"nicolaysennda",1639
"randsborg1998",1640
"roesdahl2008",1641
"sigurdsson2003",186
"steinsland2002",186
"vanhaperen2010",186
"berg2015",1642
"anderson1907",246
"becket2010",246
"curle1982",1643
"dickson2000",246
"edlin1973",246
"fentz1992",246
"grahamcampbell2002",281
"grieg1940",1644
"grieve1923",246
"harman1981",246
"loder1935",246
"morgan2012",246
"mcneillnd",246
"ottaway1992",1645
"allerton2007",1646
"barthes1971",1647
"barthes1986",1648
"bellamy2012",1649
"bender1998",1650
"blackwell2007",1651
"blackwell2012",1652
"brisholm1997",1653
"burstrom1996",1654
"burstrom1998",1655
"dannehl2009",1656
"demarrais2004",1657
"denzin1989",1658
"derrida1978",1659
"douglas1993",1660
"eckardt2003",1661
"elfver2008",1662
"epstein1991",1663
"foucault1978",1664
"friedel1993",1665
"gaitanammann2005",1666
"gilchrist2000",1667
"gildonnd",1668
"golofast2003",1669
"gordon2009",1670
"gosden2005",23
"halse2006",1671
"hamilakis1999",1672
"hardh1996",152
"heffernan1988",1673
"herva2010",1674
"hibbert1969",1675
"hicks2010",1676
"hodder2012",1677
"holtorf2001",1678
"holtorf2008",1679
"hoskins1998",23
"humphrey2003",1680
"johnsonnd",1681
"jonsdottir1982",1682
"jonsson1997",1683
"joy2000",1684
"joyce2000",1685
"kilnernd",1686
"kopytoff1986",23
"lamb2011",1687
"lamotta2012",1688
"latour1992",1689
"lindqvist1936",1690
"martindale2009",1691
"mcnaughton2006",1692
"meskell2004",1693
"meskell2005",1694
"michell1982",1695
"miller2000",1696
"nevett1999",1697
"novarr1986",1698
"olsen2003",1699
"olsen2010",1700
"olsen2012",1701
"ostergren1990",1702
"polkey1999",1703
"roos2003",1704
"roymans1995",1705
"shanks1998",1706
"sofaer2007",1707
"spangen2005",1708
"stewart1993",1709
"strathern1988",1710
"thompsonnd",199
"tilley1996",199
"valenze2006",199
"vellinga1999",199
"weiner1992",59
"wilson2008",1711
"witmore2007",199
"woolf1967",199
"armstrong2017",1712
"boggs2016",1713
"boyd2009",1714
"cooper2012",1715
"costanza2007",1716
"crumley1993",1717
"crumley2015",1718
"ipcc2014",1719
"lane2015",1720
"nelson2016",1721
"nielsen2013",1722
"obrien2012",1723
"odlingsmee2013",1724
"riede2018",1725
"rockman2009",1726
"rockman2012",1727
"svenning2013",1728
"whitehead1998",1729
"schetelig1917",1730
"andersson2007",1731
"biddle1976",1732
"christiansen2006",1733
"dommasnes1982",224
"easthope2004",261
"flanders2004",261
"geraghty1996",1734
"gonzalesmarcen2008",261
"hall1994",261
"hamerow2002",228
"hurley1997",1735
"jesch1991",34
"kelly1988",1736
"mcalister2003",261
"milek2006",1737
"munch2003",1738
"osullivan2008",1739
"corrain1983",261
"corrain2005",261
"perring1981",1740
"reilly2003",261
"simpson1999",1741
"simpson2006",261
"stocker2003",1742
"valante2008",1743
"wallace1992",261
"wallace2000",261
"wallace2005",261
"wallace2008",1744
"andersson2000",280
"artursson2005",1745
"bantelmann1975",1746
"beck2004",1747
"bennett2005",1748
"bjorhem1993",1749
"boozer2015",1750
"boye1992",1751
"boye1998",1752
"carlie2005",1753
"carlie2008",1754
"carstens2015",1755
"christensen1973",1756
"christensen2015",123
"eriksen2009",1757
"ethelberg2003",228
"ford1954",1758
"fowler2017",1759
"gjerlevsen2013",1760
"gram2006",1761
"graslund1987",1762
"hakansson2012",1763
"hansen1991",1764
"harrison2011",1765
"hatt1928",1766
"heimer2009",1767
"heimer2006",1768
"herschend1993",1769
"hill1972",1770
"hvass1980",1771
"jensen1986",1772
"jensen1987",1773
"jessen2012",1774
"jessen2003",1775
"jorgensen1995",1776
"kling1984",1777
"komber2001",1778
"komber1999",1779
"krieger1944",1780
"kristensen2015",1781
"lucas2014",1782
"lucas2016",1783
"martens2005",1784
"mikkelsen2003",1785
"mimisson2016",1786
"moller2009",1787
"nielsen1980",1788
"nielsen1998",1789
"nissen1998",1790
"norlund1948",1791
"normark2009",1792
"normark2010",1793
"nylen2009",1794
"olesen1998",1795
"pagh2007",1796
"pedersen2012",1797
"petersen2010",1798
"poulsen2014",1799
"rasmussen1994",1800
"rouse1960",1801
"schietzel1981",49
"schmidt1994",1802
"schultz2015",1803
"siemen2014",1804
"skov1994",1805
"sorensen2011",1806
"sorensen2017",1807
"sovso2013",1808
"spaulding1953",1809
"steward1954",1810
"stouman1980",1811
"tornbjerg2002",89
"vale2017",89
"villumsen2017",89
"waterbolk1994",89
"witmore2014",89
"zimmermann2001",89
"gale2000",246
"graslund1980",161
"acker2007",1812
"andersen1993",1813
"aethelweard1962",1814
"bell1969",1815
"bill1991",1816
"bill2009",1817
"bill2015",1818
"bill2018",1819
"birgisson2008",1820
"bischoff1998",1821
"bonde2011",1822
"bratt2004",1823
"brookes2007",1824
"bruce2002",1825
"brucemitford1952",1826
"brucemitford1978",1827
"byock2013",1828
"cannell2011",1829
"capelle2004",1830
"carver1992",1831
"carver2000",1832
"chase1981",1833
"christensen2016",1834
"crosman1980",1835
"crumlinpedersen1991",1836
"crumlinpedersen1997",1837
"crumlinpedersen2002",1838
"daly2007",1839
"damico2015",1840
"dronkeduchatellier1908",1841
"dusse2013",1842
"engevik2011",1843
"englund1979",1844
"ericsson2005",1845
"farbregd1969",1846
"fett1936",1847
"fidjestol1994",1848
"filmersankey1990",1849
"filmersankey2001",1850
"frank1997",1851
"friisjensen1984",1852
"fritzner1973",1853
"fulk2012",1854
"goeres2015",1855
"grammaticus2005",1856
"grimes2013",1857
"hedeager1996",1858
"hedeager2000",1859
"helgesson2004",1860
"henriksen2016",1861
"holst2017",1862
"hulth2013",1863
"jonsson1923",1864
"krag1991",1865
"krag2012",1866
"larsson2011",1867
"lawson1981",1868
"leontev2017",1869
"lindow1997",1870
"ljungkvist2008",191
"lorangenda",1871
"lonnroth1986",1872
"madsen1997",1873
"malmer1966",1874
"marold2012",1875
"maryon1946",1876
"meri2002",1877
"montgomery2000",1878
"mooney2016",1879
"mundal2018",1880
"myhre1966",1881
"myrvoll2014",1882
"neidorf2016",1883
"newton1993",1884
"nicolaysenndb",1885
"nordman1987",1886
"norr1998",1887
"north2007",1888
"north2011",1889
"jorgensen1999",1890
"opedal1996",1891
"oskarsdottir1994",1892
"ostigard2015",1893
"pedersen2003",1894
"petersen1927",1895
"poel2016",1896
"pollington2008",1897
"ramskou1976",1898
"rieck1988",1899
"ringstad2004",1900
"risberg2011",1901
"sapp2000",1902
"schetelig1905",1903
"schon1999",1904
"sellevold1998",1905
"shetelig1929",1906
"skre2014",283
"sorokin1997",283
"spurkland2005",283
"stefanovich2016",283
"steinsland1991",283
"stenvik1996",283
"sturluson1982",283
"sundqvist2000",1907
"sorensen2006",283
"turvillepetre1964",283
"varenius1992",1908
"vestergaard2007",283
"warmind1995",283
"appadurai1986a",23
"dionysiusnd",199
"amorosi1997",1909
"arnalds2004",1910
"atalay2012",1911
"balee2006",1912
"bolender2012",1913
"bolender2008",1914
"bourdieu1980",1915
"braje2015",1916
"braje2013",1917
"briggs2006",1918
"brownlow2006",1919
"butzer1975",1920
"caseldine2010",1921
"catlin2011",1922
"catlin2013",1923
"catlin2014",1924
"chadwick2013",1925
"chase2014",1926
"correia2013",1927
"crofts2011",1928
"cronon1991",1929
"crumley2003",1930
"crutzen2000",1931
"dasmann1976",1932
"dugmore2004",232
"dugmore2009",1933
"earle2002",1934
"einarsson2015",1935
"ensor2003",1936
"fisher2005",1937
"fisher2009",1938
"foley2013",1939
"hicks2014",1940
"hilger2015",1941
"hill2009",1942
"hodder2004",1943
"ingold1993",23
"johnson2012",1944
"kennett2013",1945
"klein2015",1946
"lansing2007",1947
"larkin2013",1948
"lefebvre1991",1949
"lentfer2002",1950
"lightfoot1998",1951
"logan2013",1952
"mcgovern2007",1953
"melville1990",1954
"mitchell2003",1955
"morton2013",1956
"mrozowski2006",1957
"mrozowski2011",1958
"norgaard2011",1959
"ogilvie2010",1960
"palsson2013",1961
"redman2005",1962
"reitz2012",1963
"robin2006",1964
"rull2013",1965
"steffen2011",1966
"steward1955",1967
"streeter2013",226
"streeter2015",226
"stump2013",226
"thomson2006",226
"thorarinsson1944",1968
"thorhallsdottir2013",226
"vandenoort2013",226
"vanderleeuw2014",226
"wilson1989",226
"woodbridge2012",226
"young2007",226
"miller2012",1969
"arrhenius2009",254
"fleischer2003",254
"franceschi2005",254
"gabriel1991",254
"klaesoe2003",254
"larsen1991",254
"lindow2001",254
"mackeprang1935",254
"mango2002",254
"nielsen2001",254
"orsnes1990",254
"pesch2005",254
"petersen2005",1970
"roesdahl1977",1971
"thrane2005",254
"voss1990",254
"watt2003",254
"callan1927",1972
"brink2002",228
"brogger1945",1973
"falk2008",1974
"gjaerder1952",1975
"gjessing1943",1976
"gotfredsen2003",1977
"grieg1937",1978
"grotowski2009",1979
"gudni1945",1980
"hauck1973",1981
"hellers2012",1982
"hultgard2008",1983
"jesch2000",1984
"johns1982",1985
"kolstrup1993",1986
"korsvoll2011",1987
"lund1974",1988
"macleod2006",1989
"maixner2004",1990
"mckinnell2004",1991
"melsom2003",1992
"meyer1999",1993
"ullerwille1985",1994
"muncknd",1995
"nordland1951",94
"price2013",1996
"pyysiainen2004",94
"resi2013",94
"ritner1988",94
"roesdahl1998",94
"schetelig1920",1997
"thrane1998",94
"thurston1907",94
"weber2012",94
"wilk2000",94
"arrhenius1961",1998
"imer2004",94
"adams2004",1999
"arndt2007",2000
"andersen2017",2001
"bagge2016",2002
"bagge2004",2003
"bauduin2009",2004
"callmer2009",2005
"corrochano2014",2006
"curta2011",2007
"deckers2017",2008
"deckers2012",2009
"dobat2016",2010
"eisenschmidt2004",2011
"fried1994",2012
"garipzanov2008",2013
"gazzoli2011",2014
"henstra2012",2015
"ijssennaggervanderpluijm2017",2016
"jansson1997",2017
"jesch2004",2018
"juul2017",82
"kleiminger1993",2019
"knol2001",2020
"knol1993",82
"knol1999",82
"kramer2000",82
"kramer1996",82
"baume1952",82
"lebecq1983",82
"lund1990",82
"lund2003",21
"mcleod2007",82
"nelson2008",82
"nicolay2014",82
"nijdam2009",82
"nasman2006",116
"price2009",82
"prummel2000",82
"prummel2001",82
"pohl1998",82
"reimitz2008",82
"reuter1991",82
"richards2010",82
"roesdahl1996",2021
"roesdahl1992",82
"roxburgh2013",82
"samplonius1998",82
"sindbaek2008",116
"steuer1974",82
"tummuscheit2018",82
"urbanczyk2009",82
"wawn2002",82
"zettel1977",82
"benecke1994",2022
"bergmannnd",2023
"cluttonbrock1999",2024
"cluttonbrock2012",2025
"damm2000",2026
"davis1978",2027
"degerbol1933",2028
"driscoll2009",2029
"driscoll2007",2030
"engels2001",2031
"ewing1981",2032
"faure2009",2033
"french1988",2034
"gotfredsen2017",2035
"grigson1969",2036
"grigson1989",2037
"hatting1990",2038
"hatting1991",2039
"hatting2004",2040
"jansen1988",2041
"johansson1987",2042
"jorgensen1992",116
"kitchener1991",2043
"knospe1988",2044
"kratochvil1973",2045
"kratochvil1976",2046
"kratochvil1977",2047
"kveiborg2007",2048
"meadow1989",2049
"mohl1961",2050
"mohl1971",2051
"mohl2010",2052
"nyegaard1998",2053
"oconnor2007",2054
"ostergaard2016",2055
"ottoni2017",2056
"petrov1992",2057
"pitakarnnop2017",2058
"rantzau2015",2059
"steineke2017",274
"tchernov1984",274
"tchernov1991",274
"tomtov2009",274
"tomtov2008",274
"tomtov2003",274
"neer2014",274
"vigne2015",274
"vigne2004",274
"zohary1991",274
"andersen2003",2060
"andrews1997",2061
"samling1985",2062
"auch2012",2063
"barrett2007",219
"becker1979",2064
"bencard1973",2065
"bencard1974",2066
"bencard1979",2067
"bencard1970",2068
"benderjorgensen1991",2069
"benderjorgensen2004",2070
"blackmore2001",2071
"bult1988",2072
"callmer1981",2073
"callmer1984",2074
"capelle1980",2075
"croix2014b",2076
"demannd",2077
"ennen1972",2078
"feveile2010",2079
"feveile1998",2080
"frandsen1986",2081
"frandsen1987",2082
"frandsen1988",2083
"frandsen2006a",2084
"haarnagel1941",2085
"haarnagel1963",2086
"hamerow2007",2087
"hamerow2011",2088
"harris1975",2089
"helle2006",2090
"herrmann1978",2091
"herrmann1982",2092
"herschend2009",161
"hines1994",2093
"hodges1988",2094
"hodges1996",2095
"jagodzinski1991",2096
"jankuhn1971",2097
"jankuhn1985",2098
"kuzmin2000",2099
"lucas2001",2100
"lundstrom1981",2101
"malcolm2003",2102
"milek2007",2103
"olsen1975",2104
"reynolds1977",2105
"sedov1985",2106
"siegmuller2010",2107
"stanislawski2011",2108
"steuer1980",2109
"steuer2007",2110
"stiff2001",2111
"sovso2010",2112
"ufkes2011",2113
"urbanczyk1994",2114
"urbanczyk2007",2115
"vanes2009",2116
"bredsdorff1973",141
"mauritsen2015",141
"tornbjerg1989",141
"cluttonbrock1984",274
"adamsen2009",2117
"adriansen2003",2118
"andersen2010",2119
"asingh2001",2120
"axboe2010",2121
"bjornskov2011",2122
"voncarnapbornheim2012",2123
"christiansen2008",2124
"fabech1999",2125
"fabech1995",2126
"fischer1983",256
"garrison2009",2127
"gregory1984",2128
"hansen2012",2129
"hardh1999",2130
"hardh2003",2131
"hedeager2001",2132
"henriksen2000",2133
"henriksen2010",2134
"henriksen2011",2135
"horsnaes2002",2136
"horsnaes2010",2137
"iversen1993",2138
"jorgensen2001",2139
"kristiansen1981",2140
"makeler2003",2141
"moesgaard2009",2142
"museumsloven2006",2143
"nielsen2012",2144
"nielsen1993",2145
"olsen2009",2146
"paulsson1999",256
"petersen1991",2147
"rasmussen2007",2148
"sorensen1991",2149
"eds1998",2150
"thrane1991",2151
"thomas2012",2152
"ulriksen1994",131
"ulst2012",131
"ames2012",2153
"angelbeck2012",2154
"bican1992",2155
"brink1998",2156
"callmer1995",2157
"carballo2016",2158
"carlsson1989",2159
"christaller1933",2160
"christensen2014",2161
"crumley1976",2162
"dam2015",2163
"earle2015",2164
"fabech1998",21
"foucault1980",2165
"foucault1997",2166
"gammeltoft2012",2167
"giddens1976",2168
"gogsigjakobsennd",2169
"helgesson1998",180
"hirth1996",180
"iversen2011",2170
"jorgensen1998",180
"larsson2003",180
"mcguire1996",180
"myrdal2011",180
"ramskou1970",180
"saitta1998",180
"skre2010",2171
"trigger2003",2172
"ulsig2011",180
"aarissorensen2004",274
"abrams1989",2173
"aufderheide1998",2174
"barnes1994",2175
"bass1995",2176
"beard2000",2177
"brettell2012",2178
"brothwell1972",2179
"buckberry2004",2180
"buckberry2007",2181
"buckberry2010",2182
"buckberry2002",2183
"cox2000",2184
"darling2003",263
"daux2008",2185
"ericson1985",2186
"evans2006",2187
"evans2010",263
"evans2012",2188
"hadley1997",2189
"hadley2000",183
"hadley2001",2190
"hadley2002",2191
"hadley2005",2192
"hall2000",2193
"hamilton2014",2194
"hedges2007",2195
"iscan1984",2196
"iscan1985",2197
"liden1994",2198
"longinelli1984",2199
"lovejoy1985",2200
"lucy2005",173
"map2005",173
"maresh1970",173
"mays2000",173
"meindl1985",173
"montgomery2007",173
"montgomery2009",173
"montgomery2011",173
"rasmussen2001",141
"tornbjerg1994",141
"adams1992",2201
"aldeias2016",2202
"arroyokalin2017",2203
"baneijea2015",2204
"barker1977",2205
"benyarku2005",2206
"berggren2003",2207
"borderie2015",2208
"borderie2019",2209
"bowsher2007",2210
"burch2011",2211
"canti2001",2212
"carver2005",2213
"carver2009",2214
"carver2012",2215
"carver2016",2216
"carver2015a",2217
"chadwick1998",2218
"clark1992",2219
"courty1989",195
"deroo2016",2220
"doneus2005",2221
"drewett1999",2222
"fao2006",2223
"fedele1984",2224
"c2006",2225
"feveile1984",2226
"frandsen1984",2227
"french2015",2228
"friesem2017",2229
"galeazzi2016",2230
"gasche1983",2231
"ge1993",2232
"geus2018",2233
"goldberg2003",2234
"heimdahl2005",2235
"hodder1992",2236
"hodder1997",2237
"huisman2017",2238
"hummler2015",2239
"jupiter2018",2240
"karkanas2018",2241
"kimball2016",2242
"kooistrand",2243
"kraling2014",2244
"kristiansen2014",2245
"krupski2017",2246
"langohr1994",2247
"larsson2001",2248
"larsson2009",2249
"macphail2010",195
"macphail2003",2250
"mallol2017",2251
"g2017",2252
"nicosia2013",2253
"opitz2015",2254
"pavel2012",2255
"rentzel2017",2256
"ropke2017",2257
"roskams2001",2258
"saunders2000",2259
"schiffer1987",2260
"sode2010",2261
"stoops2003",2262
"tassie2015",2263
"turney2005",2264
"valente2017",2265
"vanriel2016",2266
"vepraskas2018",2267
"verleyen2017",2268
"vince1995",2269
"weiner2010",2270
"westman1994",2271
"wouters2018",2272
"wouters2019",2273
"wouters2017",2274
"jorgensen1991",2275
"riberhus1990",2276
"posthusskulptur1993",2277
"adderley2010",2278
"akeret2001",2279
"bellens2012",2280
"ball2009",2281
"borderie2011",2282
"brown1984",2283
"bullock1985",2284
"cammas2000",2285
"cammas2001",2286
"davidson2003",2287
"devos2012",2288
"devos2009",2289
"devos2011",2290
"fechner2004",2291
"fondrillon2007",2292
"fondrillon2009",2293
"fredlund1994",2294
"french2003",2295
"gebhardt1999",2296
"goldberg2006",195
"guelat1998",2297
"guttmann2006",2298
"jacobs2010",2299
"kaplan1992",2300
"kiden1991",2301
"kiden2006",2302
"langohr2001",2303
"langohr1976",2304
"macphail1994",2305
"macphail2001",195
"macphail2004",195
"macphail2007",195
"madella2012",2306
"madella2005",2307
"matthews2010",169
"nicosia2012",2308
"pape1966",169
"pieters1990",169
"romans1983",169
"simpson1998",169
"simpson2000",169
"simpson2005",2309
"tys2010",2310
"vandewalle1961",169
"vanes1980",169
"vanheeringen1995",169
"verhaeghe2005",2311
"verhulst1978",169
"vrydaghs2004",169
"vrydaghs2007",169
"wood1978",169
"wouters2012",2312
"sorensen2007",131
"tymorsdetektor2012",131
"watt2000a",2313
"randsborg1994",131
"ulriksen2013",131
"randsborg2007",131
"portableantiquitiesscheme2012",131
"leethorp2008",173
"tainter1988",2314
"hegmon2008",2315
"vesteinsson2007",2316
"vesteinsson2010",232
"mcgovern2009",2317
"church2005",2318
"trigg2009",2319
"fredskild1991",2320
"adderley2005",2321
"adderley2006",2322
"mcgovern2006",2323
"perdikaris2007",2324
"perdikaris2008",2325
"karlsson2000",2326
"mainland2005",2327
"brewington2010",2328
"meldgaard1986",2329
"vesteinsson2004",2330
"church2007",2331
"arnalds1987",2332
"sveinbjorndottir2010",2333
"mcgovern1988",2334
"arneborg2004",2335
"berkes2000",50
"mcintosh2000",50
"vasey1996",50
"mikkelsen2008",50
"barlow1997",50
"patterson2010",50
"meeker2002",50
"oppenheimer2003",50
"ogilvie2009",2336
"cantor2001",50
"mageroy1993",50
"gullov2008",2337
"ogden2007",173
"yorkarchaeologicaltrust1998",2338
"ackermann1999",2339
"agren2007",2340
"ambrosiani2008",2341
"anundsen1985",2342
"bill2010",2343
"bird2008",2344
"brogger1916",2345
"carver1994",2346
"challis2006",2347
"chappell1986",2348
"church2011",2349
"cuslrg2013",2350
"clark2009",2351
"crutchley2010",2352
"davis2000",2353
"doneus2011",2354
"doneus2013",2355
"ekman1996",2356
"ekman2009",2357
"eliassen2009",2358
"falck2013",2359
"fleming1998",2360
"gansum1997",2361
"gansum2007",2362
"gansum2008",2363
"gansum2009",2364
"gron1998",2365
"hafsten1983",2366
"hedeager1988",2367
"henningsmoen1978",2368
"hesnard2004",2369
"hesse2010",2370
"jerpasen1993",2371
"jerpasen1996",2372
"keller1993",2373
"keller1994",2374
"kierulf2012",2375
"klakegg1991",2376
"kokalj2011",2377
"lambeck1995",2378
"lambeck2010",2379
"lisiecki2005",2380
"mangerud2011",2381
"mitrovica2010",2382
"morhange2010",2383
"myhre1994",2384
"myhre1996",1
"myhre2013",2385
"nhs2011",2386
"nicolaysennde",2387
"ostigard2009",2388
"olesen2004",2389
"otvos2000",2390
"passe2001",2391
"pirazzoli1991",2392
"persson2008",2393
"persson2011",2394
"persson2012",2395
"pirazzoli1996",2396
"pugh2004",2397
"risbol2009",286
"simpson2012",286
"solberg2003",2398
"sorensen1999",286
"stabell1980",286
"stular2012",286
"tartaron2013",286
"trinks2007",2399
"vestol2006",286
"vorren2008",286
"watts2001",286
"wehr1999",286
"westerdahl1996",286
"woodroffe2002",286
"abulafia2011",2400
"angenendt2008",2401
"armstrong2009",2402
"arrhenius2011",2403
"augenti2010",2404
"battaglia2001",2405
"behr2014",2406
"museum2009",2407
"bougard2008",2408
"bowden2012",2409
"broodbank2013",2410
"mullerwille2007",2411
"dietrich2012",2412
"doherty1985",2413
"ekelund1994",2414
"gelichi2010",2415
"gelichi2013",2416
"gelichi2012",2417
"henning2007",2418
"henning2008",2419
"herschend1992",2420
"hill1997",2421
"horden2000",2422
"kelly2000",2423
"kocabas2008",2424
"lane2000",2425
"lebecq2000",2426
"liebeschuetz2000",2427
"loveluck2005",2428
"loveluck2007",2429
"loveluck2012",2430
"lowe2006",2431
"maldonadoramirez2011",2432
"marazzi2004",2433
"marsawa2011",2434
"mccormick1997",2435
"mccormick2007",2436
"mithen2011",2437
"mullerwille2010",2438
"nielsen1994",2439
"dwyer1981",2440
"maidin1996",2441
"osullivan2013",2442
"skre2012",2443
"soderberg2004",2444
"arbman1943",161
"barrett1991",2445
"belk1988",2446
"bruck2004",2447
"carlsson1983",2448
"devlin2007",2449
"fowler2004",23
"eriksson2014",2450
"gosden2004",2451
"imer2011",44
"jones2005",2452
"keynes1983",2453
"king2004",44
"krause1966",44
"lemonnier2012",44
"maixner2005",2454
"parkerpearson1999",154
"pearce2013",44
"linder2014",44
"stenberg2007",44
"stenberg2008",44
"akademiens2014",44
"thunmarknylen1983",44
"thunmarknylen1986",44
"thunmarknylen1998",2455
"tolkien1954",44
"tollerton2011",44
"tsigaridasglorstad2012",2456
"webmoor2008",2457
"alberti2016",2458
"ambrosiani1993",2459
"aries1962",2460
"bo1967",2461
"backe1993",2462
"bantelmann1955",2463
"bloch1995",2464
"brink2012",2465
"brown2008",2466
"bruck1999",2467
"callow2006",2468
"cannon2015",2469
"capelle1987",2470
"cuijpers1999",2471
"dedet1990",2472
"eriksen2010",2473
"eriksen2015",2474
"gamble2007",2475
"gejvall1955",2476
"gell1998",2477
"gottlieb2004",2478
"grindkasa2012",2479
"haarnagel1979",2480
"hamerow2006",2481
"hamilakis2013",2482
"hansen2006",2483
"harris2010",2484
"hausfater1984",2485
"holck2008",2486
"hrdy1992",2487
"hrdy1999",2488
"jones2010",2489
"jorgensen2014",2490
"kamp2001",2491
"karsten1994",2492
"kaul2003",2493
"lally2011",2494
"lally2008",2495
"lancy2008",2496
"lillehammer1989",2497
"lillehammer2008",2498
"lillehammer2011",2499
"lunde2011",2500
"menotti2014",2501
"meskell2002",2502
"mithen2000",2503
"moore2009",2504
"mundal1987",2505
"mundal1988",2506
"murphy2014",110
"naumann2012",110
"nielsen1987",110
"nielsen1986",2507
"pentikainen1990",110
"renck2000",2508
"roslund1990",110
"runge2009",110
"sawyer1992",2509
"scheperhughes1992",110
"schlabow1953",110
"schutz2001",110
"sellevold1987",110
"sofaerderevenski2000",2510
"tarlow2000",2511
"toedter2001",110
"ucko1969",110
"viveirosdecastro2004",110
"welinder1998",2512
"domeij1994",124
"domeij2004",2513
"shetelig1944",124
"steuer1994",124
"tomasdotterjakobsson1992",124
"tilley1994",124
"verhulst1999",122
"wheatley1969",122
"wheatley1971",122
"wataghin2011",122
"wickham2012",122
"carver1993",122
"willemsen2010",122
"grimnesmal1985",2514
"landnamabok1997",2515
"andreeff2007",2516
"andren1993",26
"andren1997",2517
"arrhenius1970",2518
"bardseth2009",2519
"beck2010",2520
"bell1992",2521
"bertell2006",2522
"blanton1995",2523
"blier1987",2524
"heyerdahllarsen1995",291
"bourdieu1977",2525
"bradley2005",2526
"brendalsmo1992",2527
"carlie2006",2528
"davidson1964",2529
"davidson1968",2530
"davidson1993",2531
"decerteau1984",2532
"eriksen2011",2533
"feilberg1907",2534
"fendin2006",2535
"fredriksen2002",2536
"gardela2011",137
"gennep1960",2537
"geschwind2005",2538
"graslund1969",2539
"gurevic1969",2540
"hagberg1937",2541
"hallans1997",2542
"heide2006",2543
"herschend1997",2544
"hillier1984",2545
"holmquistolausson1990",2546
"holmquistolausson1996",2547
"holmqvist1961",2548
"holmqvist1933",2549
"johansson1993",2550
"kaliff1997",2551
"kjos2009",2552
"komber1989",2553
"kristensen2010",2554
"kristoffersen2000",2555
"kristoffersen1999",2556
"kristoffersen2010",2557
"lakoff1980",2558
"lang1984",2559
"larrington2007",2560
"petersen1933",2561
"ramqvist1992",2562
"reynolds2009",137
"rodsrud2007",195
"ronne2008",2563
"rundkvist2012",2564
"sander1997",2565
"schmidt1999",2566
"skov2002",2567
"soderberg2006",2568
"solheim1965",19
"steinsland2005",23
"stutz2006",2569
"stutz2008",19
"stutz2010",19
"trumbullnd",19
"tuan1977",19
"turner1967",19
"turner1977",2570
"unwin2007",19
"unwin2009",19
"weibull1911",2571
"weibull1918",19
"wilson1988",2572
"wylie1985",19
"dansgaard1964",151
"eriksson2008",2573
"fischer2007",2574
"fuller2003",263
"hillson1996",2575
"hoppe2003",2576
"ingramnd",2577
"aberg1987",2578
"birck1986",192
"chenery2010",2579
"muldner2005",192
"oneil1994",192
"polet2003",192
"privat2007",192
"richards1998",2580
"schroeder2013",192
"sealy2001",204
"sealy1995",263
"vennemann2002",192
"voerkelius2010",2581
"white1998",2582
"lecolle1985",192
"levinson1987",263
"liden1995",192
"lykoudis2007",192
"mann2003",2583
"moberg2005",2584
"montgomery2005",263
"montgomery2010",2585
"almgren1967",2586
"ambrosiani1988",2587
"ambrosiani1995",2588
"ambrosiani1999",203
"arwidsson1989",2589
"burenhult1984",47
"carcopino1984",47
"ermatinger2015",47
"guliaev2003",47
"hall2016",2590
"hedenstiernajonson2018",47
"jones1968",97
"lancianind",47
"lindquist1978",2591
"lindquist1984",47
"ringstedt1997",2592
"roesdahl1992a",21
"sandberg1994",2593
"selling1940",2594
"stenberger1964",2595
"whittaker2006",2596
"carver2010",122
"yenikapi2008",122
"schulzedorrlamm1998",272
"baastrup2007",272
"baastrup2005",272
"haberstroh2008",272
"ramskou1950",272
"sovso2011",272
"ulriksen2003",272
"ulriksen2006",2597
"arrhenius1960",292
"behmblancke1973",2598
"birkedalchristensen1991",2599
"bode1998",2600
"callmer1999",2601
"carnapbornheim1997",2602
"drescher1983",2603
"fallgren2016",2604
"feveile2014",2605
"fiedel2011",2606
"frick1993",2607
"fuglesang1985",2608
"gjedssobertelsen1991",2609
"gjedssobertelsen1992",2610
"haackolsen2005",2611
"haldenby2010",2612
"hedegaard1989",2613
"hedegaard1992",2614
"hellesolesen1992",2615
"henriksen1998",2616
"henriksen2002",2617
"hines1997",2618
"hoilundnielsen1984",2619
"hoilundnielsen1991",233
"hoilundnielsen2011",2620
"hoilundnielsen2006",2621
"hardh2011",2622
"johansen1992",2623
"jouttijarvi2002",2624
"klindtjensen1957",2625
"lonborg1999",2626
"madsen1990",2627
"maixner2015",2628
"mclean2007",2629
"moesgaard2012",2630
"moesgaard2008",2631
"nerman1969",59
"reichstein1975",130
"sarauw2014",130
"schulzedorrlamm1986",130
"stromberg1961",2632
"trierchristiansen2017",130
"watt1991",2633
"wahlin2014",130
"zimmermann2015",130
"unmarknylen1981",2634
"bremen1975",2635
"tacitus2003",2636
"ambrosiani1985",2637
"andersen2009",2638
"andersson2008b",2639
"andren1991a",2640
"anglert2006",2641
"arne1937",2642
"arrhenius1986",2643
"artelius2008",2644
"biuw1992",2645
"bland1993",2646
"bradley2000",2647
"price2008f",2648
"back2009",2649
"carlie1998",2650
"ross1994",2651
"conti1999",2652
"rosengren1997",2653
"green1995",2654
"hannestad1986",2655
"hansen1989",2656
"hansen1996",2657
"hauck1984",2658
"ruprecht1992",2659
"hellberg1967",2660
"hjarthnerholdar2008",2661
"holmqvist1972",2662
"holmqvist1969",2663
"hultgard1995",2664
"ilkjaer1990",15
"jeppesen2004",2665
"johansen1989",2666
"johns1994",2667
"jong2001",2668
"jorgensen1994",130
"lamm1989",2669
"lamm1999",2670
"lindeblad2007",2671
"lundqvist1997",2672
"lundstrom1988",2673
"milburn1989",2674
"montanari2001",2675
"mortensen1988",2676
"myrberg2005",276
"nilsson1992",2677
"nylen1988",2678
"nasman1993",2679
"ringtved1991",2680
"sanden2001",2681
"sawyer1985",2682
"simek1993",2683
"skovgaardpetersen1981",2684
"price2008h",2685
"staecker1999",137
"strid1993",2686
"price2008i",2687
"sorensen2008",2688
"sorensen1985",2689
"sorensen2000b",2690
"savborg2003",2691
"theuws2001",2692
"thomsen1994",2693
"thrane1987",2694
"thrane1982",2695
"vierck1981",2696
"vikstrand1996",13
"wes1992",13
"widgren1998",13
"stiegemann1999",272
"wieczorek2000",272
"st1916",2697
"croinin1997",2698
"jezek2011",2699
"macairt1983",2700
"schuldt2011",2701
"scott1978",2702
"byrne1973",2703
"warner1997",2704
"dunbabin2002",2705
"kelly2011",2706
"thiaw2011",2707
"toch2000",2708
"toch2014",2709
"mikulcice1973",2710
"machacek2013",2711
"kenny1986",2712
"kruse1995",2713
"borkovsky1954",2714
"graus1957",2715
"davidson1992",2716
"hanuliak1995",2717
"hope2010",2718
"redknap2004",2719
"hills1984",2720
"hirst1985",2721
"forexample1997",2722
"hall1978",2723
"machacek2010",2724
"kjellstrom2009",2725
"aalto2014",7
"ahola2014a",7
"bartlett1993",7
"brondsted1979",7
"buko2008",2726
"fellowsjensen2008",7
"foote1970",2727
"gravesbrown1996",7
"hall2007",2728
"hannestad1970",7
"heininen2014",7
"ingstad1977",7
"jakobsen2015",7
"jansson1991",7
"kakonen1998",7
"konsa2008",2729
"laakso2014",7
"lamm1928",7
"mcdonald2014",7
"moesgaard2011",7
"mohen1992",7
"nerman1958",2730
"noonan1997",7
"pries2014",7
"rahtz1983",7
"richards2005",7
"rimbertnd",7
"roesdahl2012",2731
"roslund2001",7
"sawyer1997",2732
"schalin2014",7
"sindbaek2015",7
"stockmann2015",7
"talvio2014",7
"williams2013a",2733
"winroth2014",2734
"zak1963",7
"zak1967",7
"ulriksen2002",130
"hoilundnielsen1987",130
"barfod2016",2735
"callmer2001",2736
"christophersen2015",2737
"clark2007",2738
"costin2001",2739
"cotton1933",2740
"dobres2000",285
"dobres2014",2741
"feveile2001c",233
"c2006a",2742
"feveile2008",2743
"flad2007",2744
"gebers2004",2745
"henderson2000",2746
"hodges2000",2747
"holback1999",2748
"hybel2007",2749
"jacobs2016",2750
"jankuhn1983",2751
"jennings2016",2752
"jervis2016",2753
"latham2009",2754
"latour2005",2755
"leroigourhan1964",2756
"linaa2015",2757
"lonborg1992",2758
"lonborg1998",2759
"mainman2000",2760
"neiss2012",2761
"oexle1992",2762
"oldeberg1966",2763
"orfanou2018",2764
"ottaway1970",2765
"parkinson2013",2766
"pirenne1927",293
"ramquist1992",293
"renfrew1994",293
"rimbert1961",293
"sage1984",293
"schortman2004",293
"smith2009",293
"smith2017",2767
"trigger1986",293
"ur2014",293
"voncarnapbornheim1996",293
"wailes1996",293
"wickham2009",2768
"wirth1938",293
"alberti2009",17
"andersson1997",17
"aspock2011",17
"effros2002",2769
"fahlander2008",2770
"fahlander2010",17
"fahlander2013",17
"fahlander2014",17
"gansum2004",2771
"hastrup1985",2772
"hedjakobsson2011",17
"holback2016",17
"holbraad2010",2773
"holbraad2017",2774
"holloway2008",17
"klevnas2015",2775
"klevnas2016",17
"kummel2005",17
"olsson2007",17
"orchard2003",2776
"orchard2004",2777
"perabo2017",2778
"runer2014",17
"salmond2014",2779
"stoklund2004",17
"tesch2015",17
"watts2013",17
"wickholm2008",17
"wikstrom2006",17
"williams1998",17
"williams2005",2780
"henning1992",2781
"liebermann1903",2782
"ludvikovsky1978",2783
"campbell1998",2784
"klaniczay1985",266
"mccormick2005",266
"obrien2005",266
"davies2010",266
"valante2000",266
"trestik2015",266
"kenny1987",266
"machacek2017",266
"aspock2008",2785
"galuska2004",266
"galuska2015",266
"schuldt1960",266
"mcdonough1995",266
"klaniczay1953",266
"arwidsson1942",2786
"arwidsson1954",2787
"arwidsson1983",2788
"behmblancke2003",2789
"boeheimnd",2790
"bohner1958",2791
"brucemitford1975",2792
"chaney1970",2793
"claessen1978",2794
"colgrave1992",2795
"cumontnd",2796
"dagron2003",2797
"ellmers1970",2798
"erkens2002",2799
"filmersankey1996",2800
"frazernd",2801
"funcken1977",2802
"gage1988",2803
"goodman1969",2804
"hagen1992",2805
"hanke2001",2806
"harke1992",2807
"hopetaylor1977",2808
"johansen1932",2809
"krausse1999",2810
"latte1988",2811
"lind2003",2812
"mercer1929",12
"minkenberg2003",12
"ullerwille1970",12
"nielsen1996",12
"oconnor1989",2813
"pieper1989",12
"richards1992",12
"service1971",12
"siebert1999",12
"sten1988",2814
"stepper2003",12
"steuer2004",12
"vadstrup1997",12
"devries1956",2815
"werner1986",12
"winkelman1996",12
"anthony1990",2816
"arnold1990",2817
"burmeister2000",2818
"clarke1973",2819
"dennell1996",2820
"haak2010",2821
"james1999",2822
"kohl1995",2823
"kristiansen2017",2824
"richards1996",2825
"schiffels2016",2826
"shennan2013",2827
"trigger1984",2828
"andersen2015",212
"andersen1984",212
"andersen2000",212
"andersen2001",212
"bolander2013",212
"borg1998",212
"feveile2016",212
"gabriel1988",212
"gross1993",212
"jacobsen2001",212
"jantzen1998",212
"kastholm2011",212
"klemensen2000",212
"knorr1938",212
"krabath2001",212
"madsen1999",212
"sabo2013",212
"skaarup2001",212
"jahrhundert1997",212
"skaarup2000",212
"timpel1987",212
"ulriksen2000",212
"voss1961",212
"wagnkilde1999",212
"wagnkilde1997",212
"beck2016",212
"bailey1984",2829
"ballard2003",2830
"bonacich1973",2831
"bradley1988",2832
"carey1997",2833
"cohen1971",2834
"collingwood1927",2835
"curtin1984",2836
"downham2009",2837
"downham2010",2838
"downham2012",2839
"edmonds2009",2840
"edmonds2014",2841
"edwards1990",2842
"freedman1960",2843
"gibbons2003",2844
"gourgouris2005",2845
"griffiths2004",2846
"james1978",2847
"jesch2008",2848
"johnson1999",2849
"johnson2004",2850
"lang1987",2851
"levi2001",2852
"markovits2002",2853
"marstrander1916",2854
"maxwell1998",2855
"mcniven2003",2856
"mcpherson1993",2857
"murray2004",77
"nurse1985",77
"ocorrain1978",77
"ofloinn1987",77
"ofloinn1998",77
"oka2008",77
"omeara1982",77
"sheehan2001",2858
"sigurdsson2000",77
"smith1927",77
"stacey2007",77
"tan1979",77
"tan1993",77
"tsagarousianou2004",77
"wallace1987",77
"brink2006",13
"fabech2006",2859
"herschend2006",2860
"lindqvist1941",235
"sorensen1994b",2861
"liden1996",13
"brink1996",2862
"albrethsen1986",2863
"amorosi1998",2864
"arneborg2000",2865
"barlow2001",2866
"berglund1986",2867
"bond1998",2868
"brewington2007",2869
"buckland1996",2870
"buckland1991",2871
"dawson2003",2872
"dennis1993",2873
"dugmore1991",2874
"dugmore2006",2875
"dugmore1994",2876
"edwards1982",2877
"kristjansson1993",2878
"krogh1974",2879
"lynnerup2000",2880
"lynnerup2003",2881
"mairs2006",2882
"mason1998",2883
"mayewski2002",2884
"mcghee1984",2885
"mcghee2002",2886
"mcgovern1979",2887
"bones1992",2888
"thomas2001",2889
"ogilvie2000",119
"olafsdottir2001",119
"perdikaris1999",119
"petersen2000",119
"schledermann2003",2890
"seaver1996",119
"simpson2001",119
"spufford2006",119
"sutherland2000",2891
"vesteinsson2000",2892
"androshchuk2005",2893
"burstrom1990",2894
"callmer2004",2895
"christensen1981",2896
"christensen1997",294
"damsholt1984",2897
"dommasnes1979",2898
"dommasnes1991",2899
"ellis1943",2900
"p2008",2901
"ewing2006",2902
"gardela2009",2903
"graslund1994",2904
"gron1994",2905
"harrington2007",2906
"smith2004",2907
"holck2006",2908
"ingstad1992",2909
"jochens1996",2910
"jochens1998",34
"jorgensen2005",2911
"larrington1999",2912
"lauritsen2003",2913
"nordberg2002",2914
"paulsen1956",2915
"andersen1922",2916
"sellevold1984",2917
"skaarup1976",115
"stalsberg1991",2918
"stalsberg2001",2919
"stylegar2007",115
"vangpetersen2005",2920
"bolander2017",2921
"henrikson2001",2922
"henrikson2002",2923
"jensen2011",2924
"bakka1993",2925
"bukkemoen2007",2926
"chapman1999",2927
"barndon2006",2928
"gjerpe2007",2929
"graslund1995",2930
"hanisch2000",96
"howardjohnston1993",2931
"kristoffersen1985",96
"lie1992",96
"lowenborg2012",2932
"magnus1983",96
"landbruk2008",96
"nielsen2007",2933
"robin2002",96
"soma2006",96
"tringham1995",96
"valum2011",96
"ostigard2007",96
"anglert1989",2934
"andersson2001",2935
"berglund2017",2936
"brendalsmo2006",2937
"christie1974",2938
"ellingsen2012",2939
"eidshaug2016",2940
"forseth2017",111
"gronnesby1998",111
"guttormsen2002",111
"henriksen2007",111
"heaney1999",111
"herschend1998",2941
"holmsen1976",111
"jensenius2010",111
"jensenius2018",2942
"mokkelbost2015",111
"nordeide2006",111
"rian1992",111
"roskaft2005",111
"sauvage2016",111
"skre1988",111
"steinsland1994",2943
"nielsen2002",2944
"aberg1995",2945
"blum2000",2946
"burton1999",2947
"frei2009",259
"grupe1997",2948
"gustafsson2000",2949
"horwitz1992",2950
"jorkov2010",2951
"knudson2004",2952
"larsen2006",2953
"pollard2011",263
"price1992",2954
"price1994",2955
"price1998",2956
"price2007",2957
"yoder2010",2958
"sugden1982",119
"vesteinsson2002",232
"bjorn1943",2959
"dronke1969",2960
"dronke1997",2961
"einar1934",2962
"ol1954",2963
"bordarson1935",2964
"faulkes1987",2965
"jonsson1929",2966
"jonsson1976",2967
"palsson1972",2968
"hollander2000",2969
"hollander2002",2970
"vesteinn2003",2971
"wasko2006",2972
"zaluskastromberg1973",2973
"zaluskastromberg1986",2974
"adolfsson1995",2975
"carelli2006",295
"arne1941",2976
"arrenhius1961",295
"backdanielsson2001",295
"baines1977",295
"gardela2025",295
"heggstad2006",295
"ingstad1995",295
"jesch1996",295
"kristjansson2007",295
"kempinski2003",295
"kiil1960",295
"kosman1989",295
"kyhlberg1980",2977
"mckinnell2000",295
"mcturknd",295
"monsen1969",295
"moszynski1967",295
"motz1996",295
"neustupny2001",295
"nordstrom2006",295
"raudvere2003",295
"renfrew2000",295
"resiheid2002",295
"ringquist1969",295
"wallis2000",295
"wallis2001",295
"wujewski1991",295
"arneborg2002",119
"edvardsson2004",119
"lynnerup2007",119
"scudder2001",2978
"thorsdrapa1900",2979
"sourcesalberti2009",2980
"amundsen2014",2981
"bruck2013",2982
"carlie2004",2983
"carsten1995",2984
"cleasby1957",2985
"gansum2003",158
"gerritsen1998",158
"herschend2003",2986
"ingold2006",158
"kristiansen2013",158
"levistrauss1983",158
"renck2008",158
"risbolnielsen1995",158
"thomas2015",158
"williams2001",158
"andrews2006",2987
"appelgren2007",2988
"appleby2013",2989
"aspeborg2007",2990
"burenhult2002",2991
"ersgard2006",2992
"hallansstenholm2012a",2993
"klevnas2013",2994
"latour1999",2995
"lundstrom2004",2996
"mejsholm2009",2997
"montell1996",2998
"nilssonstutz2003",137
"olausson1993",2999
"olofsson2006",3000
"salmond2012",3001
"theliander2010",3002
"vinberg2015",3003
"wuopio2015",3004
"skrede2005",3005
"glorstad2013",96
"helga2001",176
"andersen2002",3006
"sayer2009",3007
"ynglingesaga1979",3008
"alcock1991",3009
"als2006",3010
"barrett2001",3011
"bjorgo1995",3012
"blindheim1947",3013
"blindheim1976",3014
"blindheim1978",3015
"blindheim1981",3016
"bodal1998",3017
"boe1934",3018
"braathen1989",3019
"callaway1987",3020
"cessford1996",3021
"crane2002",3022
"damsholt2003",3023
"demarrais1996",3024
"enright1986",3025
"etchingham2001",3026
"fuglesang1972",3027
"goodacre2005",3028
"grahamcampbell1976",3029
"grahamcampbell1983",3030
"grahamcampbell1987",3031
"gupta1992",3032
"gustafson1900",3033
"hall2004",3034
"hammerton2004",3035
"harlow2004",3036
"hedeager1998",3037
"hedeager2005",3038
"hedeager2007",3039
"helgason2000",66
"helgason2001",3040
"hougen2006",3041
"janes1996",3042
"jenkins1997",3043
"johansen1973",3044
"jondell1974",3045
"kaland1995",3046
"kertzner1988",3047
"larsen2001a",3048
"larsen1978",3049
"levine2004",3050
"macdermott1955",3051
"magnus1975",3052
"mahr1941",29
"malmius2003",3053
"nieke1991",29
"nieke1988",29
"olsen2000",3054
"paisley2004",29
"pedersen2010",3055
"petersen1928",29
"ryste2005",23
"skibstedtklaesoe1999",29
"staecker2003",29
"stafford1998",29
"stenberger1958",3056
"stevenson1974",29
"stevenson1987",29
"stevenson1989",29
"stoler2002",29
"sveaasandersen1977",29
"trenchjellicoe1999",29
"tsigaridasglorstad2010a",29
"vandommelen2002",29
"whitfield2001",29
"whitfield2004",29
"wilson1973",29
"nilsson2007",3057
"hennius2008",256
"henriksen2003",256
"holme2000",256
"rundkvist2008",3058
"kristoffersen2009",96
"aqvist2006",3059
"arrhenius1990",3060
"bornaahlkvist1998",3061
"carelli2001",3062
"carlsson1979",3063
"rasmusen1999",3064
"dodgshon1980",3065
"fallgren1993",3066
"gothberg2000",3067
"gurevich1992",222
"herschend1988",222
"hoff1984",222
"hoffman1975",222
"holst2004",228
"hvass1988",228
"jorgensen1987",222
"kaldalmikkelsen1999",222
"liedgren1997",222
"lillehammer1999",161
"olsen1997",3068
"petersson2006",3069
"porsmose1988",3070
"rasmussen1999",222
"riddersporre1995",222
"ringstad1991",222
"roberts1987",222
"selinge2001",222
"sundqvist2002",3071
"thunmark1979",222
"allentoft2015",3072
"brather2004",203
"cabana2011",3073
"childe1929",3074
"greenblatt2009",3075
"harrison2007",3076
"lazaridis2014",3077
"muller2001",3078
"patterson2012",3079
"prescott2013",3080
"price2004",3081
"shennan1989",285
"skoglund2012",3082
"sigfusson1940",3083
"bjorn1943a",3084
"ol1934",3085
"kunz2001",3086
"larrington1991",3087
"tolkien1960",3088
"jakobsson2001",3089
"backdanielsson1968",3090
"carlsson1999",3091
"daviskimball2002",3092
"dieck1975",3093
"dillmann2006",3094
"dommasnes1978",3095
"davidson1972",3096
"davidson1996a",3097
"hedenstiernajonson2014",3098
"hernaes1984",3099
"katrin2005",279
"kalinke1986",279
"eldjarn2000",3100
"lokka2014",279
"majchczack1997",279
"nadolski1954",279
"pestell2013",3101
"petersen1992",279
"sauckel2013",279
"samson1991",279
"straubhaar2002",279
"straubhaar2011",279
"strom1954",279
"svanberg2000",3102
"tolley2009",279
"riksantikvarieambetet2011",256
"henriksen2006a",256
"attar1990",259
"benson2006",259
"bergfjord2012",259
"frei2010a",259
"geus2004",259
"hald1950",259
"heier2009",259
"kohn1999",259
"mannering2011",259
"morita1986",259
"rosborg2003",259
"enright1996",3103
"albarella2004",3104
"albarella2001",3105
"degerbol1948",3106
"dobney2001",3107
"enghoff2005",3108
"graslund2004",3109
"hamiltondyer2002",297
"zmbochenski2001",297
"hatting1998",297
"lepiksaar1966",297
"makowiecki2001",297
"mlikovsky2005",297
"muller1974",297
"oggins2004",297
"prummel1997",297
"serjeantson2011",297
"tomek2000",297
"tyrberg2002",297
"vretemark2010",297
"knipper2017",3110
"arrhenius1973",3111
"bennet1987",3112
"blidmo1976",3113
"blidmo1981",3114
"bratt2009",3115
"eraesko1965",3116
"eriksson2004",3117
"oxford1967",3118
"ferenius1971",3119
"fischer2004",3120
"fischer2005",3121
"fischer2009",3122
"fischer2008",3123
"gronwall1995",3124
"gronwall2009",3125
"hauck1977",3126
"herschend1974",3127
"hoilund2000",3128
"horsnaes2008",3129
"jonsson1992",3130
"kyhlberg1985",3131
"kyhlberg1999",3132
"lallemand1965",3133
"lamm1973",189
"lamm1972",3134
"stockholm1976",3135
"lorren1995",257
"lotter2003",257
"lundstrom1972",257
"magnus2008",257
"ostergren1981",257
"ramqvist1983",257
"selirand1985",257
"sjovold1993",257
"stjernquist1994",257
"waller1996",3136
"eldjarn1948",3137
"eldjarn1953",3138
"gelsinger1981",3139
"gragas1980",3140
"grinderhansen2000",3141
"gulatingslovi1937",3142
"helle2001",3143
"holt1998",3144
"johannesson1969",3145
"jonsson1993",3146
"olafsson1990",239
"risvaag2006",239
"soga1978",239
"soga1981",239
"soga1994",239
"williams2000",239
"ostergren1989",3147
"fridriksson2000",3148
"keller2005",176
"artifact2000",176
"skovmann1942",176
"capelle1968",3149
"grahamcampbell1990",3150
"grahamcampbell1981",176
"lekberg2002",176
"stang1984",176
"blackburn1989",239
"haworth1990",239
"assmann1995",3151
"bogucki2004",3152
"duczko2000",3153
"filipowiak1958",3154
"filipowiak1992",3155
"gorecki2002",3156
"holtzmann1918",3157
"jankuhn1934",3158
"janocha1974",3159
"janowski2009",100
"kara1991",100
"kola1946",100
"lowmianski1957",100
"morawiec1954",100
"nielsen1991",3160
"rajewski1937",100
"ratajczyk2011",100
"rebkowski2011",100
"sikora2012",100
"schulte1918",100
"wojtkowiak2013",100
"zak1957",100
"duczko1996",3161
"hennius2007",3162
"jahrehorn2014",187
"peets2010",151
"storli2007",187
"boddington1996",3163
"geake1992",137
"hockart1938",3164
"sherlock1992",3165
"tomicka1975",294
"andersen1985",3166
"mayor2014",3167
"regal2001",3168
"einarol1934",3169
"pedraza1991",224
"mcguire2009",224
"crowder2000",224
"reimers1999",224
"parle1995",224
"sjovold1917",224
"owen1994",224
"kobylinski1994",224
"halsall1996",224
"callow1995",224
"eldjarn1919",224
"townsend2000",176
"mytum2003a",176
"stummannhansen1996",176
"fanning2014",176
"larsen2000",176
"knudsen2007",176
"richards2007",3170
"haugen1979",176
"saxogrammaticus1996",3171
"miller1997",3172
"ambrosiani1990",3173
"barrett1997",3174
"brogger1921",45
"bull1928",45
"hellan2014",45
"munch1962",45
"reitan2011",45
"resi1985",45
"rolfsen1977",45
"rundberget2007",3175
"rygh1905",45
"rysstad1928",45
"skar1909",45
"sperber2004",45
"steinnes1926",3176
"wenn2017",45
"wenn2016",45
"wiker2013",45
"alexandersen1998",3177
"behrensmeyer1978",3178
"binford1981",3179
"bliujiene2007",3180
"bridault1992",3181
"bronkramsey2013",3182
"carlie2002",3183
"carlie1993",3184
"degrossimazzorin2002",3185
"ewbank1964",3186
"faulkes1995",3187
"frei2013",3188
"goodman1990",3189
"grant1982",3190
"graslund2002",3191
"green1992",3192
"grimm2008",3193
"grimm2010",3194
"prummel2008",3195
"harris1931",3196
"hatting1978",3197
"hatting1985",3198
"helmer1987",3199
"henriksen2015",116
"hillson2000",3200
"jennbert2006",26
"jorgensen2012",3201
"koudelkand",3202
"kveiborg2013",3203
"lauwerier2002",3204
"legge1992",3205
"loumand2006",3206
"magnell2012",3207
"may1985",3208
"monikander2010",3209
"morey2010",3210
"morris2008",3211
"nilsson2003",3212
"nilsson2009",3213
"noenygaard1990",3214
"park1953",3215
"payne1973",3216
"primeau2012",3217
"reimer2013",3218
"reitz1999",3219
"russell2012",3220
"schanche2000",3221
"scheuer2000",196
"schmid1972",196
"serjeantson1991",196
"shipman1984",196
"strom1985",196
"stuartmacadam1985",196
"ubelaker1989",196
"vanhaasteren1974",196
"vretemark1997",196
"referencesanderson2013",3222
"arundale1976",3223
"arundale1981",3224
"ascough2005",3225
"ascough2006",3226
"ascough2007",3227
"ascough2009",3228
"ascough2014",3229
"austin2006",3230
"birgisson2013",3231
"bronkramsey2017",3232
"buonasera2015",3233
"coltrain2003",3234
"coulthard2010",3235
"craig1957",3236
"darwent2016",3237
"dumond1987",3238
"dumond2002",3239
"einarsson2011",3240
"fitzhugh1993",3241
"fitzhugh2004",3242
"friesen2016",3243
"gronnow2017",3244
"hajdas2014",3245
"harritt1995",3246
"smith2012",3247
"smith2014",3248
"smith2015",3249
"smith2016",3250
"heron2010",3251
"holtved1944",3252
"isaksson2010",3253
"issenmen1997",3254
"jull1996",3255
"ledger2016",3256
"linnamae1975",3257
"mangerud1972",3258
"mangerud2006",3259
"maryrousseliere1976",3260
"maryrousseliere1979",3261
"mason1990",3262
"mathiassen1927",3263
"maxwell1973",3264
"maxwell1980",3265
"maxwell1985",3266
"mccullough1989",3267
"mcghee2000",3268
"mcghee2009",3269
"mcghee1976",3270
"morrison1983",3271
"morrison1989",3272
"nilsen2017",3273
"odess1996",3274
"odess1998",3275
"odess2004",3276
"olsson1980",3277
"ostergard2004",3278
"ostergard1999",3279
"owen2002",3280
"park1994",3281
"park2004",3282
"petterson2013",3283
"possnert1997",3284
"raghavan2014",3285
"reimer2001",53
"rogers1998",3286
"sabo1980",53
"sabo1978",3287
"sayle2014",53
"sayle2016",53
"schledermann1978",53
"schledermann1980",3288
"seersholm2016",53
"sinding2015",53
"sinding2017",53
"stuiver1986",53
"sutherland2002",3289
"tauber1979",53
"taylor1995",53
"tremayne2016",53
"arrhenius2001",59
"magnus1997a",3290
"bjgrgo1969",59
"gjessing1929",59
"gjessing1934",3291
"glgrstad2010",59
"lillios1999",3292
"magnus1999",59
"mannering2000",59
"munch1979",59
"nerman1975",59
"nylen1994",3293
"petersen1905",3294
"petersen1907",3295
"ratke2006",59
"sjevold1974",59
"watt2004a",3296
"williams1966",59
"aberg1924",59
"palsson1989",3297
"nordal1933",3298
"adalbjarnarson1941",3299
"andrea2011",3300
"arnold1980",3301
"benstead2006",3302
"bjorck1995",3303
"craig2006",3304
"delrio2005",3305
"fogel1989",3306
"fuller2004",3307
"grupe1986",3308
"habicht1985",90
"harbeck2009",90
"huhneosterloh1997",90
"husterplogmann2006",90
"imhof1977",90
"james1972",90
"jenkins2001",90
"konnor1980",90
"lemke2005",90
"marold2001",90
"jahrgang2002",90
"jonsson1944",3309
"palsson1962",3310
"arwidsson1986",3311
"jorpeland2013",3312
"bersu1966",3313
"dickinson1992",3314
"duczko1989",3315
"dundes1992",3316
"eniosova2009",3317
"fuglesang1989",3318
"gardela2017",3319
"grinsell1973",3320
"gustafson1906",3321
"hansson1938",3322
"henriksen2013",3323
"hildebrandnda",3324
"hjardar2012",39
"harke1990",3325
"hardh1976",39
"jagodzinski2010",39
"kivikoski1946",39
"lorangendb",39
"makarov2017",39
"mannering2017",39
"meaney1981",39
"melin2001",39
"morck1900",39
"novikova1998",39
"olsson1986",39
"pestell2012",39
"petersen1917",39
"robb2001",39
"rudzinski2009",39
"ryghnd",39
"samdal1905",39
"schnittger1920",39
"simonsson1969",39
"stenberger1947",39
"stenberger1953",39
"stenberger1956",39
"thoren1994",39
"thunmarknylen2006",39
"wetzler2017",39
"stjerna1905",3326
"aanestad2015",66
"barrowman2011",66
"bond2016",66
"brundle2003",66
"carver2008",3327
"crawford1987",3328
"dockrill2010",3329
"forsyth2007",66
"gautier2016",66
"griffiths2010",3330
"ritchie1977",3331
"whitelock1979",183
"worsaaend",66
"arbman1933",280
"arbman1935",280
"grahamcampbell1992",3332
"kleinglrtner2007",280
"nordin1990",280
"paulsen1937",280
"pedersen1996",3333
"sundkvist2001",280
"sturluson1993",280
"soderberg2007",280
"tesch1990",280
"tesch2007",3334
"stockholm2007",280
"askeberg1942",97
"metcalf2003",97
"hakon2008",3335
"ohs1985",3336
"baastrup2013",49
"church2013",3
"dugmore2010",3337
"golledge2003",3
"gronnesby2015",3
"klaesoe1997",3
"myhre2000",3
"owen2004",3
"purcell2015",3338
"rockman2003",3339
"shetelig1927",3
"solli1996",3340
"stenvik2001",3341
"vandenoort2011",3
"weber1994",3342
"weber1996",3343
"westerdahl2015",3
"aiken1986",3344
"ambrosiani2000",3345
"carpelan1992",3346
"cassel2008",3347
"cleve1930",3348
"cleve1943",3349
"cleve1978",3350
"ross2001",3351
"edgren1992",3352
"edgren2001",3353
"edgren2008",3354
"emberling1997",3355
"engman1991",3356
"entwistle2000",3357
"fahlander2007",3358
"feldt2002",3359
"gardell2001",3360
"ginters1981",3361
"ginters1984",3362
"gosden2001",3363
"gustin2010",3364
"gustin2015",3365
"hagerman2006",3366
"hall1990",3367
"hall2010",3368
"hardh1984",3369
"holmquistolausson1993",3370
"fuglesang1992",3371
"hulthen1984",3372
"hvoshchinskaja2004",3373
"jaanusson1981",3374
"jaanusson1993",3375
"jansson1988",3376
"jansson1990",3377
"jansson1994",3378
"jansson2000",3379
"kaks1969",3380
"kapchan1999",3381
"kivikoski1937",3382
"kivikoski1938",3383
"kivikoski1951",3384
"kivikoski1964",3385
"kivikoski1969",3386
"kivikoski1973",257
"krylasova2008",3387
"valdemars1995",3388
"kuzminych1996",3389
"kyhlberg1973",3390
"laulumaa2002",3391
"lehtosalohilander1982",3392
"lehtosalohilander1983",3393
"lehtosalohilander1990",3394
"lehtosalohilander1992",3395
"lehtosalohilander2000",3396
"ligi1993",3397
"lindstrom2003",3398
"malarstedt1986",3399
"markus1939",3400
"meinander1957",3401
"meinander1985",138
"pokrovskaja2001",3402
"selling1945",138
"selling1955",213
"sorensen1971",138
"svanbergskane1999",3403
"taavitsainen1990",3404
"tarkiainen2008",138
"thalin1984",138
"uino1997",3405
"uino2006",3406
"wallerstrom2004",138
"wells1998",138
"wells1999",3407
"wiessner1989",3408
"young1995",3409
"wilson2009",3410
"worrell2003",3411
"downham2017c",66
"baudou1963",280
"andersson2006",204
"bjerstaf2002",3412
"brorsson1998",3413
"carlsson1976",3414
"carlsson2008",3415
"clarke1993",3416
"dahlstrom2000",3417
"fallgren1994",3418
"gotfredsen2011",3419
"kidd1980",3420
"grandin2000",3421
"gustafsson2009",3422
"gustafsson2007",3423
"hawthorne1979",3424
"hellqvist2011",3425
"hjartnerholdar1999",3426
"hoven1991",14
"huttu1996",14
"jakobsson1996",14
"jouttijarvi2005",219
"kirpichnikov2004",3427
"lindeblad1996",14
"peets2003",14
"pettersson2005",40
"schmidt1977",3428
"schvindtnd",14
"soderberg2011",14
"soderberg2002",3429
"thomsen2005",219
"wellinder2004",14
"aberg2006",14
"aspinall2011",3430
"baker2013",3431
"bronkramsey2009",3432
"brown2014",3433
"hojdemodel2007",3434
"dobat2009",231
"donat2000",231
"gaffney2003",231
"henning2002",231
"herold2012",231
"jacobsson1999",231
"jensen1988",231
"olesen2000",231
"olsen1999",231
"rindel2002",231
"roesdahl2002",231
"svanberg1999",231
"ulriksen1993",231
"abramson2016",3435
"ager2014",3436
"archibald2007",3437
"baker2011",3438
"blackburn1998",3439
"blair2013",3440
"booth1983",3441
"brookes2013",3442
"cameron1998",3443
"cameron2010",3444
"daubney2016",3445
"dobat2017",3446
"edwards1991",3447
"everson2007",3448
"haldenby2016",3449
"johnson2002",148
"langdon1993",148
"leonard2015",148
"loveluck1996",148
"macgregor2009",148
"mcleod2006",3450
"metcalf1960",148
"pagan1986",3451
"richards1999",148
"richards2004",148
"richards2013",3452
"richards2016",3453
"rogers1993",3454
"steedman1994",148
"stevenson1904",148
"bakka1983",3
"aguilar1986",3455
"bill2007",3456
"caldwell2014",3457
"carwardine1995",3458
"clark1947",3459
"dahl2003",3460
"espinoza1992",3461
"gardiner1997",3462
"haahrkristiansen1997",3463
"hallen1994",3464
"henriksen2009",3465
"holm2012",3466
"isaksen2012",3467
"karlsson2016",3468
"kjermichaelsen1992",3469
"kristensen2007",3470
"laist2017",3471
"lowenstein1993",3472
"lundkoksvik2010",3473
"lundkoksvik2013",3474
"lundqvist1986",3475
"mclees1990",3476
"mulville2002",3477
"nasman1990",3478
"nelson1969",3479
"nilsen2014",3480
"nordahl2001",3481
"petersen1914",3482
"riddler2014",3483
"sandberg1983",3484
"seiler2001",3485
"sjovold1966",3486
"skomsvoll2012",3487
"solberg2007",3488
"stauch1994",3489
"stylegar2005",3490
"svanberg2008",3491
"szabo2008",3492
"teixeira2014",3493
"wickler2012",3494
"arne1934",3495
"arwidsson1977",3496
"graslund2008a",189
"lindqvist1934",189
"lloydsmith2002",189
"madsen1996",189
"schulzedorrlamm2010",189
"schonback1957",189
"schonback2002",189
"hansen2008",3497
"sawyer1962",3498
"gould1903",3499
"biddle1992",3500
"sawyer1998",290
"ulmschneider2000",3501
"blackburn2011",3502
"blackburn1994",3503
"blackburn2001",3504
"blackburn2007",3505
"williams2007",3506
"stocker2000",3507
"foster1924",3508
"oswald1937",3509
"pelteret1980",3510
"pettersson2009",3511
"pirie1997",3512
"richards2009",148
"riley1995",182
"rowe2008",3513
"rowlandson2005",182
"russell2014",182
"sheehan2014",182
"stafford1980",182
"stein2012",182
"stein2013",182
"stein2000",3514
"whitwell1992",182
"williams2002",3515
"hurley2014",182
"abulughod1981",3516
"adger2009",3517
"alexandre1976",3518
"alexandre1987",3519
"ahdr2004",3520
"ahdr2015",3521
"arendt1958",3522
"arnalds1992",3523
"arneborg2008",3524
"batt2015",3525
"bell1978",3526
"bergthorsson1967",3527
"bergthorsson1969",3528
"blondal1999",3529
"bradley1992",3530
"bradley2016",3531
"brazdil1995",3532
"brazdil2005",3533
"boulhosa2012",3534
"campbell2016",3535
"camenisch2016",3536
"casely2007",3537
"crumley2007",3538
"demaree2001",3539
"diaz2011",3540
"dickson1988",3541
"dugmore2005",3542
"dugmore2013",3543
"dugmore2014",3544
"einarsson1994",3545
"garciaherrera2008",3546
"gragas2001",3547
"gudmundsson1997",3548
"gudmundsson2008",3549
"hambrecht2015",3550
"harrison2013",3551
"hartman2015",3552
"hartman2016",3553
"halldorsson1978",3554
"henriksen1995",3555
"hoffmann2014",3556
"holtsmark1956",3557
"hreinsson1997",3558
"ingimundarson1995",3559
"ingimundarson2010",3560
"ingimundarson1998",3561
"ingram1978",3562
"ingram1981",3563
"johannesson1956",3564
"johannesson1974",3565
"johannesson1928",3566
"jones2008",3567
"jones2004",3568
"jones2001",3569
"jonsbok2004",3570
"kristjansson1980",3571
"kirkbride2008",3572
"lamb1965",3573
"larsen1917",3574
"royladurie1972",3575
"ludlow2010",3576
"luterbacher2016",3577
"martinvide1995",3578
"mauelshagen2014",3579
"mcgovern2013",3580
"mcgovern2014",3581
"mcturk2004",3582
"miles2014",3583
"ogilvie1982",3584
"ogilvie1984",3585
"ogilvie1986",3586
"ogilvie1991",3587
"ogilvie1992",3588
"ogilvie1998",3589
"ogilvie2001",3590
"ogilvie2005",3591
"ogilvie2008",3592
"ogilvie1997",3593
"pfister1992",3594
"pfister1998",3595
"pfister1999",3596
"pfister2017",3597
"pribyl2012",3598
"serreze2015",3599
"sigurdsson2004",3600
"smiarowski2014",3601
"smiarowski2017",52
"stern2000",52
"stine1994",52
"stormnd",52
"stora2005",52
"streeter2012",52
"streeter2014",52
"mcgrew1970",52
"teitsson1975",52
"thorarinsson1956",52
"thorarinsson1958",52
"thorarinsson1967",52
"thordarson1993",52
"thordarson2007",52
"thorlaksson1991",52
"thoroddsen1914",52
"thoroddsen1919",52
"thorsteinsson1989",52
"vanengelen2001",52
"vasey2001",52
"vesteinsson2005",52
"vilmundarson1972",52
"waters2016",52
"wheeler2006",52
"young2015",52
"arne1911",138
"arbman1955",138
"callmer2000",3602
"bhabha2004a",3603
"alper2003",3604
"arbman1939",3605
"asmus2012",3606
"bagge2009",3607
"bartels2008",3608
"bartlett1996",3609
"baumgartner2013",3610
"birkebaek1992",3611
"bolton2009",3612
"bompaire1997",3613
"brather2010",3614
"callmer1994",3615
"carelli2012",3616
"christensen2000",3617
"dobat2008",3618
"drjacobsen1942",3619
"eisenschmidt2003",3620
"filipowiak2008",3621
"gelting2007",3622
"gilomen2014",3623
"grahamcampbell1991a",3624
"hatz1974",3625
"hauptmeyer1997",3626
"henricson2006",3627
"herrmann1994",3628
"hilberg2009b",49
"hilberg2010",49
"hinton2008",3629
"hodges2008",3630
"hofmann1984",3631
"hybel2013",3632
"ilisch1988",3633
"jankuhn1937",3634
"jonsson1989",3635
"juraske2010",3636
"kalmring2010e",3637
"keller2008",3638
"klappauf2011",3639
"klappauf2008",3640
"leimus2007",3641
"loveluck2013",3642
"ludtke1985",3643
"ludtke2013",3644
"lund1991",3645
"makeler2005",3646
"metcalf1998",3647
"meyer1998",3648
"moesgaard2006",3649
"noonan1994",3650
"radtke2002",3651
"roesdahl2006",3652
"rundberg2000",3653
"sawyer2013",3654
"sawyer2002",3655
"scheel1940",3656
"schledermann1966",102
"schwantes1932",102
"gratuze2011",102
"sindbaek2012",3657
"spuford1988",102
"steppuhn1998",3658
"stieldorf2012",102
"stoklund2000",102
"tummuscheit2010",102
"verhulst2000",102
"wehner2007",102
"wiechmann2002",102
"williams1997",102
"olsen1945",189
"aberg1953",3659
"skouhansen2008",189
"norr2008",189
"alqahtani2010",3660
"askvik2009",3661
"bankier2006",3662
"batey2013",3663
"beaumont2013",104
"bonsall2009",104
"butler1993",104
"curtissummers2014",104
"fowler2010",3664
"greaves2011",104
"halpin2008",3665
"harris2016",104
"harris2012",104
"mcguire2010",104
"muldner2009",104
"nissan1999",104
"reimann2012",104
"robb2013",104
"welander1987",104
"avdusin1988",40
"clarke1985",40
"crane1999",40
"galton1971",40
"kjellberg1946",40
"krogh2007",3666
"lethlarsen1991",40
"lonborg1994",40
"monteliusnd",40
"martensson1970",40
"possnert2015",40
"soderberg1999",40
"warnke1987",40
"hadley2015",182
"brooks1987",182
"wessexarchaeology1997",182
"bailey1980",3667
"dunwell1995",3668
"evison1969",149
"geake2003",3669
"lang1976",3670
"richards2003",3671
"solberg1985",3672
"vandenoort1993",201
"walsh1998",3673
"kjellberg1947",40
"bakhtin1984",3674
"cohen1995",3675
"crang1994",3676
"edensor1998",3677
"fowler1992",3678
"graver1999",3679
"hewison1987",3680
"koivusalo1998",3681
"littrell1993",3682
"maccannell1976",3683
"macdonald1997",3684
"mccaulay1999",3685
"meethan1996",287
"mordue1998",287
"robb1998",287
"shurmersmith1994",287
"silver1988",287
"urry1990",287
"vestfold1998",287
"watson1994",287
"walsh1992",3686
"wright1985",287
"bohner1991",3687
"brown1988",3688
"bruck2006",3689
"bynum2001",3690
"davidson1978",3691
"dedekam1925",3692
"flores1996",3693
"gaimster1998",3694
"geary1978",3695
"glosecki2000",3696
"hardh2004",3697
"haselof1956",156
"haselof1970",3698
"haselof1981",156
"haselof1984",156
"hoilundnielsen2002",156
"ingold1994",156
"ingold2000",23
"jakobsson1999",156
"jakobsson2003",3699
"jones1998",3700
"kalif1997",156
"kristofersen2000",156
"lindstrom2001",156
"magnus2001",3701
"magnus2002",156
"mansrud2008",156
"meskell2003",156
"morris1991",156
"mullernd",156
"mundal1974",156
"oestigaard1999",156
"oestigaard2000",156
"orchard2002",156
"raudvere2001",156
"roe1995",156
"roth1979",156
"sofaer2006",156
"speake1980",3702
"steenstrpnd",156
"pollard2009",152
"pritsak1970",152
"hughes1995",287
"barnes2012",3703
"christensen1969",3704
"fridell2011",3705
"fuglesang1991",166
"glob1969",3706
"graslund1998",3707
"imer2009",3708
"jacobsen1932",3709
"jacobsen1935",3710
"kallstrom2007",3711
"cour1951",3712
"lerchenielse1993",3713
"lund2014",3714
"moltke1952",250
"moltke1985",3715
"nielsen1969",250
"oebynielsen2007",250
"snaedal1985",250
"stoklund1991",21
"stoklund1994",250
"stoklund2005",250
"stoklund2006",250
"stoklund2010",250
"m2005",250
"storm1977",3716
"bengtsson1954",287
"maccannell1992",287
"yorkarchaeologicaltrust1984",287
"bekpedersen2007",3717
"dennis1980",3718
"dennis2002",3719
"larusson1967",232
"lucas2009",3720
"meulengrachtsorensen1983",3721
"robertsdottir2008",3722
"sveinbjarnardottir2012",3723
"arbman1941",3724
"backstreurom2016",3725
"briggs2007",3726
"brothwell1981",3727
"brotherton2007",3728
"buikstra1994",151
"cassidy2016",3729
"durand2011",3730
"eriksson2016",3731
"gamba2014",3732
"green2008",3733
"vanhamel1934",3734
"helgessonarcini1996",3735
"keller2012",3736
"kircher2012",3737
"lampa2013",3738
"lindstreurom2011",3739
"malmstreurom2009",3740
"meindl1989",3741
"meyer2010",3742
"omrak2016",3743
"oras2016",151
"salmela2011",193
"sawyer2012",193
"skoglund2013",193
"skoglund2014",193
"slovak2011",193
"steinsland2011",193
"stolpend",193
"thalinbergman1986",193
"vanoven2009",193
"vianello2013",193
"wilhelmson2015",193
"yang1998",193
"crawford1999",161
"hedenstiernajonson2000",3744
"jansson1980",161
"kanvall1995",3745
"kjellstrom2005",3746
"kjellstrom1995",161
"nordstrom2007",3747
"rimbert1986",161
"wikborg2007",161
"anderson1909",3748
"annalsofclonmacnoisend",3749
"blindheim1984",3750
"bourke2010",3751
"brink2007",3752
"carroll1995",3753
"hennessynd",3754
"coffey1909",3755
"connolly1987",3756
"crawford1923",3757
"danielsson2015",3758
"farbregd1979",3759
"forte2005",3760
"gerace2014",3761
"gyllensvard2004",3762
"hagland2008",3763
"hall2015",3764
"haseloff1990",3765
"hedeager2015",3766
"henry1965",3767
"holtsmark1989",3768
"jesch2001",3769
"jesch2006",3770
"kelly1993",3771
"lamn2004",3772
"lowe2007",3773
"lucas1967",3774
"lucas1973",3775
"lucas1986",3776
"magnus1932",3777
"mullarkey2014",3778
"murray2012",3779
"murray2014",3780
"murray2015",3781
"murray2016",3782
"nordvig2013",3783
"carragain2010",3784
"odonoghue2011",3785
"floinn1989",3786
"floinn2013",3787
"floinn2015",3788
"omeadhra1988",3789
"ohrn2015",2
"quast2012",2
"rosedahl1992",2
"ryan1989",3790
"ryan1998",2
"solli2013",2
"watt2005",2
"watt2011",2
"youngs1989",3791
"andersen2004",299
"ashby2009",3792
"bakka1965",3793
"blindheim1977",3794
"budd2004",3795
"boe1926",3796
"corrain1972",3797
"christophersen1989",203
"de1995",3798
"etting2013",3799
"fagerland2008",3800
"gaimster1991",3801
"gronnesby2012",3802
"haseloff1979",3803
"haseloff1987",3804
"heenpettersen2013",3805
"helle1991",3806
"herje1989",3807
"herstad2012",3808
"hunter2008",203
"jatten2006",3809
"martens1994",3810
"ofloinn1989",3811
"redmond2007",3812
"resi2005",3813
"roskaft2003",3814
"shepherd1985",142
"skinner2012",142
"skjevik1997",142
"sorheim2010",142
"stenvik1994",142
"trotzig1984",142
"trotzig1991",142
"wilson1965",149
"paulsen1933",3815
"steuer1962",3816
"filipowiak1988",3817
"betz1973",166
"bottgerniedenzu1982",166
"buisson1976",235
"eldjarn1956",3818
"hagen1950",166
"janowski2006",166
"kjaerum1990",3819
"stoodley2000",3820
"meskell1999",161
"andresen2010",3821
"baker2015",3822
"berglund2003",3823
"blackford1991",3824
"bond2001",3825
"bond1997",3826
"bradley1992a",3827
"bradley1993",3828
"conroy2008",3829
"cui2013",3830
"lorenzo2010",3831
"lorenzo2008",3832
"eiriksson2006",3833
"faust2016",3834
"folland2009",3835
"grauel2013",3836
"gray2010",3837
"haldon2016",3838
"hass1996",3839
"helama2009",3840
"hurrell1995",3841
"hurrell2010",3842
"isono2009",3843
"jones2014",3844
"krawczyk2010",3845
"lamb1982",3846
"lamb1985",3847
"larsen2008",3848
"li2016",3849
"ljungqvist2010",3850
"mcdermott2001",3851
"moy2002",3852
"neukom2014",3853
"oliva2012",3854
"randsborg1991",3855
"reimann2011",107
"ribeiro2012",107
"rudaya2016",107
"ruizfernandez2016",107
"scafetta2012",107
"swierczynski2012",107
"ulgen2012",107
"vanloon1978",107
"wanner2008",107
"wanner2001",107
"wanner2011",107
"yan2011",107
"zhong2014",107
"magnus2004",2
"sogness1988",142
"haithabu2003",3856
"coupland1989",3857
"coupland2016",3858
"duczko1997",3859
"helmbrecht2004",3860
"hoilund1986",3861
"hoilund2014",3862
"holst1958",3863
"jorgensen1990",3864
"jorgensen1997",3865
"laurent1978",3866
"lebecq1986",3867
"radtke1981",3868
"schlesinger1972",3869
"schneeweiss2010",168
"shepard2014",168
"shepard1989",168
"staats1974",168
"story2003",168
"andersen2012",3870
"berglund1982",3871
"bican2007",3872
"bican1907",3873
"biltz1969",3874
"broholm1946",3875
"broholm1949",3876
"christensen2006",3877
"dillehay1997",3878
"dix1982",3879
"garfinkel1987",3880
"harrington2000",3881
"houmarknielsen1991",3882
"hoy1995",179
"jensen2002",179
"jons1993",179
"jorgensen2013",179
"kjaer1928",179
"knoll2013",179
"larsen2012",3883
"nielsen1967",179
"petersen1971",179
"schuster2000",179
"seir2013",179
"steensberg1974",179
"thrane1979",179
"uschmann2006",179
"williams2004",179
"duczko2007",3884
"losinski1997",3885
"jagodzinski2008",3886
"bately1980",3887
"bately2009",3888
"gaerte1929",3889
"engel1931",3890
"engel1935",3891
"tischler1902",3892
"bezzenberger1904",3893
"androshchuk2008",3894
"jagodzinski2012",101
"cnotliwy2013",101
"ehrlich1932",101
"ambrosiani1994",233
"arbman1958",101
"carlsson1988",101
"jankuhn1943",3895
"klim1979",101
"steuer1979",101
"arbman1993",63
"berggren2004",63
"bergstrom1941",63
"bjorck2008",63
"broberg1990",63
"egenberg2003",63
"fetisov2008",63
"frostne2002",63
"hennius2016",63
"hennius2005",3896
"heron1989",63
"hiorth1908",63
"hjulstrom2006",63
"hvid2016",63
"karlsson2002",63
"konsa2013",63
"kupiec2015",63
"kurzweil1998",63
"landin2002",63
"lindeblad1994",63
"lindstrom2014",63
"magnusson1986",3897
"neveus1974",63
"persson1994",63
"ravn2016",63
"stahre2012",63
"svenssonhennius2017",63
"villstrand1996",63
"albrectsen1976",3898
"andren1998",3899
"behre1983",3900
"bican2010",3901
"fabricius2009",3902
"hermansen1938",3903
"hjelmqvist1993",3904
"janushevich1979",3905
"kenward1995",3906
"koch2003",3907
"mikkelsen1949",3908
"moltsen1998",133
"ocete2015",133
"petrini2015",133
"schiemann1953",133
"shanahan2015",133
"sherratt2008",133
"smith1990",133
"stummer1911",133
"troelssmith1953",133
"wamers2016",133
"winroth2012",133
"schietzel1985",129
"pilo2008",129
"androshchuk2004a",129
"fabech2009",129
"sanmark2004",3909
"ahnlund1926",129
"ambrosiani1992",129
"ambrosiani1996",129
"andren1985",129
"edgren1995",3910
"franklin1996",3911
"garizpanov2008",129
"gustin1990",129
"johansen2003",3912
"malmer1989",129
"noonan1991",129
"polanyi1978",129
"ros2001",129
"rosberg2009",129
"schorske1998",129
"reimer2004",3913
"svensson2007a",3914
"hilczerowna2037",101
"losinski1995",101
"vonzurmuhlen1940",101
"labuda1961",101
"orosiusnd",101
"andersen2008",3915
"bandholm2012",3916
"carstens2011",3917
"christiansen1999",3918
"christiansen2005",172
"dyggve1955",172
"hollstein1980",172
"holmsgaard1999",172
"hvass1998",172
"krogh1993",172
"lemm2011",3919
"lindblom2011",172
"lindblom2012",172
"mullerwille1991",172
"trillmich1970",172
"fanning1937",3920
"saga1943",3921
"kunz2008",3922
"dasentnd",3923
"andersson2002",3924
"armbruster2002",3925
"bihrer2012",3926
"christensen1985",3927
"claughton2011",3928
"dekowna1990",3929
"osk2009",3930
"elvestad1998",3931
"fanning1990",3932
"hagg2002",3933
"helberg1993",3934
"hepp2007",3935
"hilberg2007",3936
"hingst1955",3937
"kleingartner2007",3938
"mehler2003",3939
"molaug2010",3940
"mullerwille1968",3941
"noonan2000",3942
"olsen2004",3943
"pestell2011",3944
"pierce2009",3945
"reichstein1984",3946
"roberts2008",3947
"englert2007b",3948
"scheel1930",3949
"simek2007",3950
"sode2004",3951
"sode2002",3952
"sorheim2004",181
"stumpel1983",181
"jakobsson2009",181
"tweddle1999",181
"vogel1983",181
"warmlander2010",181
"wedepohl2003",181
"zori2010",3953
"magnusson1966",181
"jessen1958",168
"hoilundnielsen1986",168
"norgardjorgensen1999",3954
"neuefischer2014",168
"siemen1990",168
"spiong2000",168
"thuno2002",168
"williams1999",168
"bemmann1998",3955
"besteman1999",3956
"bjork1957",3957
"brandt1996",3958
"brink1997",3959
"carnapbornheim1996",3960
"egeberghansen1988",3961
"egeberghansen1996",3962
"ethelberg2000",3963
"ringtved1989",3964
"fabech1992",3965
"fenger1971",3966
"hedeager1990",3967
"helgesson2008",3968
"hoilundnielsen2005",3969
"hoilundnielsen1993",3970
"hvass1986",3971
"jarlhansen1988",3972
"jessen2008",3973
"jorgensen1988",244
"jorgensen1996",21
"kopytof1986",3974
"lund1996",3975
"lundhansen1995",3976
"madsen1995",3977
"mauritsen2009",3978
"mikkelsen1990",3979
"mortensen1988a",3980
"mortensen1991",171
"murray1983",3981
"nasman1988",3982
"nasman1997",171
"norbach1998",3983
"norgardjorgensen1996",171
"rasmussen1995",171
"reuter1997",171
"ringtved1986",171
"ringtved1998",171
"sjoholm1988",171
"steuer1982",171
"tacitus1999",171
"ulriksen1989",180
"wenskus1961",3984
"zimmermann2005",171
"bjork1982",172
"christensen1983",3985
"christiansen1995",228
"christiansen1996",3986
"fenger1991",3987
"fokkens1998",228
"jorgensen1940",228
"back1997",203
"polanyi1963",3988
"tummuscheit2003",233
"vestergaard1991",3989
"lysehansen2000",181
"olausson2002",3990
"palliser2000",3991
"hodder2003",3992
"hojbjerg2006",3993
"aarseth1982",3994
"arge1991",3995
"arge2006",3996
"arge2005",3997
"arge2009",3998
"arnalds1997",3999
"bertelsen1985",4000
"bertelsen1998",4001
"buckland2008",4002
"butler2006",4003
"christiansen1990",4004
"christiansen1991",4005
"christiansen1987",4006
"dennis2000",4007
"dugmore2000",232
"dumezil1973",4008
"edvardsson2005",4009
"einarsson1963",4010
"einarsson2002",4011
"fagan2000",4012
"fjaervoll1961",4013
"fredskild1973",4014
"fridriksson1994",4015
"gerrard1991",4016
"gjerland2009",4017
"gronvold1995",4018
"grove1988",4019
"gudmundsson2001",4020
"gudmundsson2004",4021
"guttormsen1994",4022
"halstead1998",4023
"harris1988",4024
"hambrecht2006",4025
"hansen1990",4026
"hastrup1989",4027
"hermannsson1929",4028
"hitzler1979",4029
"hjalmarsson1993",4030
"holling2002",4031
"joensen1976",4032
"joensen1980",4033
"keller1989",4034
"keller1990",4035
"konstam2004",4036
"kristjansdottir2004",4037
"krivogorskaya2005",4038
"lageras2007",4039
"lambin2005",4040
"lawson2006",4041
"mcgovern1980",4042
"mcgovern1981",232
"mcgovern1986",4043
"mcgovern1994",4044
"mahler1989",4045
"mahler1988",4046
"mahler1991",4047
"mahler1990",4048
"mairs2007",4049
"marcus1980",4050
"e2003",4051
"noonan1998",4052
"nordal1952",4053
"nordal1954",4054
"norrevang1970",4055
"olsen1928",4056
"olasson1998",4057
"perdikaris1998",4058
"perdikaris2005",4059
"rieck2002",4060
"sanmark2002",4061
"schofield2007",4062
"simpson2003",4063
"skardi1970",4064
"sveinbjarnardottir1990",120
"sveinbjarnardottir2007",120
"sveinbjarnardottir2008",120
"thomson2003",120
"thomson2005",120
"thomson2007a",120
"vesteinsson2001",120
"wubsmrozewicz2008",120
"thorarinsson1970",120
"aarsleff2005",4065
"almgren1955",4066
"ambrosiani2002",203
"anglert1999",4067
"anglert2001",4068
"arrhenius1992",4069
"eriksson2001",4070
"gjosteinresi1979",4071
"gramstorp2000",4072
"gustafsson1968",4073
"gustin1999",4074
"hardh2007",144
"vonheijne2004",4075
"helgesson1999",4076
"herschend1989",4077
"hjarthnerholdar2002",4078
"horby1988",4079
"jansson1978",4080
"johanssonherven2001",4081
"kresten2001",4082
"klnm1999",4083
"lennartsson1997",4084
"malmer2002",4085
"metcalf1996",4086
"mikhailov2007",4087
"mogren2005",4088
"noonan1984",4089
"riddersporre1998",4090
"ringqvist1968",4091
"rispling2004",4092
"salminen2001",4093
"samuelsson2001",4094
"schulke2008",4095
"serning1956",4096
"silvegren1999",4097
"sindbaek2001",4098
"skibstedklaeso1997",4099
"steineke2005",300
"stenholm1976",300
"stjernquist1995",300
"svanberg1998",4100
"svensson2001",300
"tegner1999",300
"tegner2005",300
"thilderqvist2000",300
"thun1967",300
"wamers1984",4101
"westergren1986",300
"dumvillend",4102
"rau1977",4103
"ager2011",4104
"besteman2009",4105
"coupland2006",4106
"dijkstra2009",143
"grieg1929",143
"kilger2007",143
"knol1998",143
"knol2005",143
"knol2010",143
"sheehan2000",143
"sheehan2011",143
"others1971",143
"woltering2000",143
"woolf1990",143
"cook1965",181
"westness1980",4107
"ahrens2001",4108
"chronicon2001",4109
"dyggve1942",4110
"harck2006",4111
"wesse2006",4112
"janssen2004",4113
"mcneill2004",4114
"chr2009",4115
"klemensen2001",4116
"krogh1981",4117
"lethlarsen2007",4118
"madsen1985",4119
"mcguire2008",170
"petersen1909",170
"staecker2005",170
"trap1964",4120
"sicking2008",120
"woltering2002",143
"sawyer1971a",4121
"eriksen2001",4122
"davidson1979",4123
"hoekstra1940",4124
"rau1972",4125
"rives1985",4126
"south1932",4127
"bantelmann2003",4128
"besteman1997",4129
"boeles1915",4130
"borchling1938",4131
"bregman1998",4132
"ijssennagger2009",4133
"jons2013",4134
"meier2003",4135
"milis1998",220
"nijdam2008",220
"pritsak1981",220
"schokker2008",220
"siems1980",220
"smyth1977",220
"springer2003",220
"theuws2009",220
"vries2007",220
"wood2001",220
"broadberry2010",183
"durkin2014",183
"fenner2005",183
"fox1943",183
"hellenthal2014",4136
"insley1994",183
"johnston2014",183
"loveluck2011",183
"royrvik2010",183
"samuels1989",183
"thomas2006",4137
"townend2002",183
"binns1988",4138
"bjerve1980",4139
"bjorgo1982",4140
"bratrein1984",4141
"bratrein1989",4142
"bull1920",4143
"carstairs1980",4144
"eithun1994",4145
"ekrem2006",4146
"falkanger2007",4147
"fugelsoy1970",4148
"gansum2000",4149
"grimm2004",4150
"hobaek2013",4151
"hodne1976",4152
"holmback1943a",4153
"indrebo1935",4154
"iversen2014",4155
"iversen2007",4156
"jansen1943",4157
"johansen1977",4158
"hauge2007",4159
"lillehammer1994",4160
"lund1955",4161
"lund1959",4162
"lund1965",4163
"loken2001",4164
"nicolaysenndh",4165
"norbergschulz1980",4166
"olsen2005",4167
"olsen2013",4168
"patterson2005",4169
"relph1976",301
"room2005",301
"schutte1933",301
"seip1934",301
"sjovold1962",301
"sjovold1971",301
"solberg2002",301
"storli2000",4170
"stormnda",301
"stormndb",4171
"strom2007",301
"taranger1915",301
"tuan1974",301
"urbanczyk1992",4172
"vesteinsson2013",301
"odegaard2013",301
"ahlkvist2002",4173
"bardseth2007",4174
"carlie1999",4175
"diinhoff2011",4176
"edblom2004",4177
"ericsson2001",4178
"kalmar1991",4179
"eriksson1993",4180
"frolund2007",4181
"gjerdaker2001",4182
"gjerpe2012",4183
"gollwizer2012",4184
"helgesson2002",4185
"hobaek2008",4186
"bergen2009",4187
"oslo1997",4188
"kleven2001",4189
"loken1996",4190
"martens2007",4191
"myhre1972",4192
"olsen1926",4193
"pedersen1990",4194
"petersson2010",298
"reiss1994",298
"reitan2009",298
"reynolds1999",298
"robberstad1967",298
"rosener1995",298
"skre1997",298
"streiffert2005",298
"sorrusten2012",298
"tacitus2001",298
"wasberg1970",298
"odegaard2008",298
"oslo1991",298
"shepared2012",4195
"loog2017",4196
"mcevoy2006",4197
"melchior2008",4198
"milman2003",4199
"bowden2008",4200
"helgason2003",4201
"helgason2009",4202
"kjellstrom2007",4203
"ros2012",4204
"kjellstrom2017",4205
"wikstrom2008",4206
"wikstrom2005",4207
"tillmar2010",4208
"dupuy2001",4209
"karlsson2006",4210
"martiniano2016",4211
"nesbitt2016",4212
"roslund2014",4213
"tesch2001",4214
"vanoven2014",4215
"technology2017",4216
"walsh2014",4217
"walsh2013",4218
"walsh2016",4219
"tesch2013",4220
"hillbom1984",4221
"moorrees1963",4222
"smith1991",4223
"brooks1990",4224
"bruzek2002",4225
"novotny1982",4226
"phenice1969",4227
"evans2004",4228
"meller2012",4229
"knipper2004",4230
"maurer2012",4231
"neumann1974",4232
"asch2003",4233
"lofvendahl1990",4234
"hillson2005",4235
"schour1941",4236
"knipper2014",4237
"rohland2007",4238
"malmstrom2012",4239
"rasmussen2011",4240
"korneliussen2014",4241
"behar2012",4242
"achilli2004",4243
"dupuy2006",4244
"passarino2002",4245
"rootsi2004",165
"auton2015",165
"patterson2006",4246
"zeronmedina2013",165
"hveem2001",165
"whittington2006",165
"donnelly2012",165
"eiberg2008",165
"lamason2005",165
"soejima2007",165
"stokowski2007",165
"aitken2013",4247
"ascough2012",4248
"biddle1985",4249
"biddle1986",4250
"bigsbynd",4251
"bonsall2007",4252
"bronkramsey2004",113
"cook2001",113
"cook2015",113
"deggnd",113
"fuller2005",113
"hedges2004",113
"phillips2001",113
"phillips2014",113
"richards2002",4253
"russell2015",113
"sawyer1957",113
"szpak2014",113
"taylor1989",113
"dyggve1948",170
"jorgensen2002e",23
"jeppesen1990",170
"glob1970",170
"ibsen2005",4254
"junker2003",4255
"berlin2003",4256
"reichchr1995",251
"gotlands1995",251
"wroblewski1963",251
"iineaa1994",251
"bogucki2011",302
"brather1953",302
"fomin1987",302
"jankowiak2015",302
"kara2009",302
"kiersnowski1961",302
"kilger2006",302
"kmietowicz1994",302
"ostergren2009",302
"petrov2014",302
"rebstock2008",302
"arne1946",204
"brady1999",204
"fennomuyingo1997",204
"hedenstiernajonson2001",204
"hedenstiernajonson2002",204
"holmquistolausson1998",4257
"liden1997",204
"lovell1986",4258
"peterson1987",204
"richards2001",4259
"richards2006",4260
"soloman1971",204
"trust1992",204
"birka1992",4261
"carnapbornheim2007",4262
"capitularia1980",4263
"ellmers2009",4264
"gade1993",4265
"geibig1989",4266
"grierson1986",4267
"hingst1958",4268
"hornfuglesang2000",4269
"hoven1990",4270
"jankuhn1951",4271
"jesch1998",48
"kersten1954",48
"kirpichnikov2001",48
"mullerwille2006",48
"nobbel1936",48
"rispling1990",48
"sawyer1987a",48
"schaefer1956",48
"schietzel1980",48
"schild1991",48
"solberg1991",48
"stalsberg2008",48
"steuer1999",203
"steuer2002",4272
"wamers1995",48
"carlson2010",4273
"poulsen1979",4274
"watt1988",244
"reich2003",251
"valujev2005",251
"reich2005",251
"vonzurmuhlen1975",251
"wroblewski2006",4275
"adger2013",4276
"appelt2009",4277
"arneborg1997",4278
"arneborg2005",4279
"barnett2015",4280
"bentley2015",4281
"boyd2011",4282
"brace2011",4283
"brody2001",4284
"buckland2009",4285
"butzer2012",4286
"codding2015",4287
"crumley1994a",4288
"cumming2008",4289
"golding2011",4290
"golding2015",4291
"gullov2004a",4292
"halstead1989",4293
"hayeursmith2016",4294
"hoegsberg2014",4295
"howard1993",4296
"ingram2008",4297
"jesch1989",4298
"kendal2011",4299
"kennett2015",4300
"kopar2009",4301
"kuijpers2014",4302
"laland2006",4303
"laland2011",4304
"laland1999",4305
"ledger2013",4306
"ledger2014",4307
"levistrauss1966",4308
"mason2007",4309
"mcgovern1991",4310
"meaks2005",4311
"mehl2017",4312
"middleton2017",4313
"moltke2015",4314
"myhre2004",4315
"nedkvitne2014",4316
"normandnd",4317
"ostergard2011",4318
"oye2004",4319
"park2005",4320
"reinton1960",4321
"riede2009",4322
"riede2011",4323
"roesdahl2016",4324
"rowleyconwy2013",4325
"rowleyconwy2011",4326
"roussell1941",4327
"sandvik2005",54
"scott2008",54
"scott1992",54
"smith2011a",4328
"sveinbjarnardottir1991",54
"svenning2015",54
"terrel2003",54
"thompson2013",54
"zeder2009",54
"zeder2015",54
"zeder2016",54
"wiechmann1996",144
"schulke2005",303
"andersson2015",4329
"bjorkvik1970",4330
"bjorkvik1972",4331
"blochnakkerud1987",4332
"brendalsmo2014",4333
"brinchmadsen1995",4334
"buchwald1999",4335
"dorum2004",4336
"englund2002",4337
"hauge1946",4338
"helle1974",4339
"hostmadsen1999",4340
"imsen1990",4341
"imsennd",4342
"indrelid2009",4343
"jonsbok1904",4344
"jakobsen1991",86
"knagenhjelm2008",4345
"krag2000",86
"loftsgarden2015",4346
"martens1978",86
"olafsen1916",86
"pleiner2003",86
"ramsey2017",4347
"reinton1956",86
"resi1992",86
"rundberget2013",4348
"sandnes1977",86
"simonsen2001",86
"steinnes1930",86
"szmoniewski2010",86
"taksdal1973",86
"tveiten2012",4349
"oye1977",86
"atkinson1996",4350
"billig1995",4351
"blindheim1953",4352
"diazandreu1996",4353
"eikrem2005",4354
"eriksen1993",4355
"fairclough1992",4356
"gellner1983",4357
"gjerde2010",4358
"gjessing1928",4359
"haavardsholm2004",4360
"hesjedal2000",4361
"hobsbawm1992",4362
"hodder1984",4363
"hougen1965",4364
"harke1998",4365
"jahnsen2015",4366
"jones1996",4367
"kjorup2001",4368
"kristiansen1993",4369
"laclau2001",4370
"martens1960",4371
"munch1985",4372
"opedal1999",4373
"paxton1999",4374
"resi2000",219
"ringrose1993",4375
"schanche1989",4376
"shanks2001",4377
"shetelig1910",4378
"simonsen1967",177
"skre1991",177
"stenvik1980",177
"storli1991",4379
"stylegar2009",177
"sorheim2011",177
"ucko1989",177
"wineburg1991",177
"ostigard2001",177
"of2002",4380
"ambrosiani1972",4381
"stamnes2010",4382
"arnberg1976",4383
"brunstedt1996",4384
"carlsson1997",4385
"conyers2013",4386
"dahlin2001",4387
"hansson2004",4388
"heamagi2006",4389
"herschend1995",4390
"hermodsson2004",4391
"hjulstrom2008",4392
"holmquistolausson1987",4393
"ingelmansundberg1972",4394
"derfruhgeschichtlichen1980",4395
"lamm2011",4396
"larsson2014",4397
"lofterud1970",4398
"lohr1979",4399
"olausson1921",4400
"staecker2009",4401
"soderberg2003",4402
"trinks2008",4403
"trinks2013",4404
"viberg2011",4405
"wadstein1936",164
"ungernd",164
"devlet2001",136
"london1964",136
"fedorova2001",136
"londonhelmbrecht2011",136
"kommunikationsmedien2001",136
"hoj2005",136
"hoj2011",136
"ostergard2008",136
"kastholm1974",136
"seid2009",136
"archaeologica2005",136
"lundhansen1973",136
"lundhansen1974",136
"lundhansen1979",136
"london2002",136
"eliade1964",4406
"vestergaard2014",4407
"arwidsson1984",4408
"abrams2001",149
"abrams2005",4409
"ayers1985",4410
"ayers1994",4411
"callmer1989",4412
"cameron1975",4413
"dallas1964",4414
"dickinson1991",4415
"eilbracht1999",4416
"grahamcampbell1985a",4417
"grahamcampbell1994",4418
"hattatt1987",4419
"madsen1987",4420
"hinton1974",4421
"hinton1975",4422
"hinton1978",4423
"kirk1927",4424
"leahy2003",4425
"leahy1997",183
"margeson1982",4426
"margeson1996",225
"mason1997",225
"owencrocker2002",225
"paterson2004",225
"richardson1993",225
"rieck1982",4427
"roesdahl1981",4428
"rogerson2006",225
"speed2004",4429
"stamper2000",225
"wallis2004",225
"youngs2000",225
"youngs1995",225
"jeppesen2005",164
"mohrchristensen2009",164
"wilken2016",164
"birkas2016",164
"st2008",305
"aqvist2004",305
"axboe1996",305
"st1996",305
"einarsson2008",4430
"ch2004",305
"holmqvist1961a",305
"holmqvist1964",305
"holmqvist1964a",305
"iversen2008",4431
"lindqvist1929",305
"imsen2004",86
"volundarkvida1971",4432
"voluspa1971",4433
"anderson2007",4434
"behrend1970",21
"berggren2006",4435
"boyenda",4436
"bradley1990",4437
"bruck2005",4438
"bruck2007",4439
"bardseth1998",4440
"fowler2001",4441
"fredengren2002",4442
"fuglesang2002",4443
"geisslinger1967",4444
"green1998",4445
"hauck1981",4446
"helgesson1992",4447
"herschend2001",4448
"hvid2005",4449
"iversen1986",4450
"jensen1942",22
"kilfeather2003",22
"kousgardsorensen1968",22
"kousgardsorensen1978",22
"lakoff1999",4451
"lethlarsen1984",4452
"merleauponty1962",4453
"meulengrachtsorensen1995",22
"munksgaard1984",4454
"needham2001",22
"nordell1991",22
"phillips2002",22
"rowlands1971",4455
"seremetakis1994",22
"stutz2004",4456
"thunmarknylen1989",22
"vandenoort2006",22
"vigfussonnd",22
"warmind2004",22
"wiker2000",4457
"zachrisson1962",4458
"baatz1976",4459
"beresford1987",4460
"bican2014",4461
"boethius1931",4462
"devries1935",4463
"ericsson1992",4464
"fuglsang2015",4465
"hanson1995",4466
"haseloff1942",4467
"holtsmark1970",4468
"hopetaylor1950",4469
"jessen2011",4470
"kalmring2014a",4471
"kuhn1995",4472
"lindqvist1923",4473
"middleton2005",4474
"mikkelsen1991",4475
"nasman2001",4476
"oelmann1933",4477
"oelmann1940",4478
"olesen2015",4479
"olsen1967",4480
"palm1937",4481
"rosborn2004",4482
"ruhmann2004",33
"sawyer1986",33
"schafer1977",33
"sundqvist2006",33
"sundqvist2009",33
"terkildsen2014",33
"terkildsen2015",33
"tornbjerg1997",4483
"vikstrand2004",33
"hallstrom1913",4484
"holmquist2002",4485
"aarts2005",4486
"aarts2009",4487
"barndon2004",4488
"berg1989",4489
"berger1996",4490
"bertell2003",4491
"budd1995",4492
"christophersen1992",4493
"creighton2000",4494
"dant1999",4495
"davies1996",4496
"fitzpatrick2005",4497
"galloway2006",4498
"grierson1960",4499
"haaland2004",4500
"hall1999",4501
"haselgrove2005",4502
"hedjakobsson1999",4503
"herbert1993",4504
"hosler1995",4505
"houston2000",4506
"insoll2007",4507
"kemmers2006",4508
"klussendorf2007",4509
"kok2008",4510
"kurke1999",4511
"lightfoot1995",4512
"makeler2010",4513
"marques2007",4514
"martin1991",4515
"merleauponty1944",4516
"miller1998",4517
"mithen2008",4518
"morris1992",4519
"myrberg2010",4520
"nash1978",4521
"nick2005",4522
"oden2009",4523
"papadopoulos1999",4524
"petersson1948",4525
"przybyszewski2007",4526
"rathje2001",4527
"renfrew2009",4528
"rickman1980",83
"seaford2004",83
"small1995",83
"thomsennd",83
"vanarsdell1989",83
"vonreden1995",83
"white1988",83
"wiggwolf2005",83
"zach2005",83
"zanker1987",83
"jane2008",225
"adalsteinsson1999",4529
"agustsson1982",4530
"birkeli1973",4531
"brink2013",4532
"byock2005",4533
"christie1982",4534
"colman1995",4535
"deetz1977",4536
"didiplomatariumislandicumnd",4537
"edwald2012",4538
"foucault1977",4539
"foucault1982",4540
"foucault1988",4541
"foucault1994",4542
"fridriksson2011",4543
"giddens1984",4544
"gilchrist2008",4545
"gilchrist2012",4546
"gullbekk2012",4547
"hall2012",4548
"hugason2000",4549
"isleifsdottir1997",4550
"islendingabok1968",4551
"jensen2013",4552
"jensenius2001",4553
"jonsson2009",4554
"jorgensen2004",4555
"karlsson2001",4556
"karras2003",4557
"karras2012",4558
"kristjansdottir2012",4559
"kristjansdottir2001",4560
"lane2001",4561
"larusson1980",4562
"loren2006",4563
"lynn1984",4564
"magnusdottir2001",4565
"nilsson1994",4566
"nordeide2013",4567
"prescott2011",4568
"jones2003",4569
"runarsdottir2006",4570
"russell2005",93
"salonen2013",93
"sigurdsson2008",4571
"sigurdsson2011",4572
"slupeki2007",93
"spivak1988",93
"stefansson2000",93
"soland2000",93
"young2009",4573
"zoega2002",93
"zoega2012",93
"zoega2010",93
"clarke2004",4574
"sorensen1981",22
"almgren1901",4575
"ambrosiani1991",4576
"ambrosiani1973",4577
"anspach2010",4578
"beskowsjoberg1996",4579
"brucemitford1967",4580
"delaet1956",4581
"ellmers1995",4582
"falk1912",4583
"graslund2003",4584
"hedeagerkrag2004",4585
"holgersson2001",4586
"jonssonnd",157
"kalmring2015",157
"karlsson2011",157
"kidd1988",157
"sjovold1957",157
"westphalen2002",49
"bianchi2010",4587
"enoksen1999",4588
"fuglesang1981",4589
"fuglesang2005",4590
"gadamer1960",4591
"gilchrist2013",4592
"jacobsen1941",4593
"knutzen2005",4594
"knutzen2007",4595
"kohring2014",4596
"lager2003",4597
"ljung2016",4598
"malafouris2013",4599
"merleauponty1994",83
"moser1998",4600
"moser2005",4601
"olick1999",4602
"olsen1941",235
"petursdottir2012",24
"robb2009",24
"shaw2013",24
"smestad1988",24
"steinsland2014",24
"stromback1969",235
"tarlow2012",24
"thorn2002",24
"oebynielsen2005",24
"ambrosiani1982",4603
"arwidsson1984a",4604
"bengtzon2000",4605
"blomqvist2009",4606
"bolin2008",4607
"back2010",4608
"voncarnapbornheim2011",4609
"conolly2006",163
"dahlin1999",163
"odelberg1974",163
"olausson2012",163
"persson2002",163
"rijksmuseumvanoudheden2010",163
"rosen2002",163
"price1990",163
"stavrum1996",163
"trinks2010",4610
"wiklund2009",163
"wahlander1997",163
"kovalenko2007",4611
"kovalenko2008",4612
"kovalenko2003",4613
"arbman2003",4614
"arne1931",4615
"blifeld1977",306
"budur2007",4616
"bulgakova1999",4617
"camer1968",4618
"cherrman1986",4619
"devidson2008",4620
"gurevic1966",4621
"gurevic1999",4622
"herrman1982",4623
"kirpicnikov1986",4624
"kovalenko1988",4625
"kovalenko1994",4626
"kovalenko1996",4627
"kovalenko1999",4628
"kovalenko2000",4629
"kovalenko2001",4630
"kovalenko2002",4631
"kovalenko2005",4632
"kovalenko2009",4633
"kulakov1990",4634
"kulakov1994",4635
"lebedev1965",249
"lovmjanskij1985",249
"melnikova1994",249
"mocja2001",249
"musset1971",249
"puskina1972",249
"scavelev2007",249
"scavelev2009",249
"sinakov2002",249
"smolicev1931",249
"veremejcik2007",249
"zocenko1996",249
"axelsen2014",157
"thunmarknylen2000",157
"wisehn1999",157
"stalberg2000",4636
"ashmore2003",4637
"backlund2001",4638
"barnes2006",4639
"barrett2005",4640
"bradley1987",4641
"card2005",4642
"charleson1905",4643
"fanning1983",4644
"firth1986",4645
"gammeltoft2006",4646
"garrow2005",4647
"gibbon2008",4648
"griiths2006",4649
"griiths2011",4650
"hedges1983",4651
"hermann1978",4652
"hunter1986",4653
"hunter2003",4654
"jesch2005",4655
"laughlin1974",4656
"leonard2010",4657
"lucy2002",4658
"maher2009",4659
"marwick1952",4660
"marwick1970",4661
"milner2007",4662
"morris1989",4663
"nicolaisen1976",4664
"renfrew1979",4665
"ritchie1995",4666
"robertson1991",150
"sandnes2010",150
"semple2007",150
"simon1987",150
"simpson1997",150
"wallacend",150
"wickhamjones2001",150
"williams2009",150
"biddle1991",4667
"flanagan1999",4668
"elder2007",4669
"kelly1956",4670
"kelly1961",4671
"corrain1996",4672
"channing1996",4673
"wallace1967",4674
"afm1908",4675
"fellowsjensen1991",4676
"mahr1929",4677
"mckeown1956",153
"floinn1998",153
"hayden1998",153
"simpson2008",153
"lantmateriet2009",163
"ameziane2004",4678
"arwillnordbladh2001",4679
"hansson2012",4680
"peter2015",4681
"solberg1984",4682
"backdanielsson2015a",4683
"riisoy2015",4684
"wulffandersen1995",4685
"homson1995",150
"homson2001",150
"akin1999",144
"blackburn1997",144
"bogucki2007",144
"chesterkadwell2009",144
"frier2007",144
"kilger2011",144
"kroll2008",144
"kruse1988",4686
"kruse1992",144
"kuroda2008",144
"metcalf1985",144
"naismith2005",144
"pedersen2007",219
"pirie1986",144
"feveile1995",153
"bill2006",153
"sloane2011",153
"halpin2001",153
"kelly2004",153
"kelly2010",153
"lynch2001",153
"alstrom1993",4687
"andersson1983",4688
"arrhenius1982",4689
"beronius2011",4690
"beronius2013",4691
"ekman2000",4692
"frolund2010",4693
"frolund2013",4694
"frolund2011",4695
"goldina2003",4696
"gothberg2014",4697
"hansson2001",4698
"kazanski2007",4699
"lindqvist1945",4700
"lindqvist1949",4701
"ljungkvist2013",4702
"loven2010",4703
"lucas2013",4704
"lundahl2012",4705
"nordahl1993",191
"olausson1966",191
"runer2006",191
"trinks2011",191
"vikstrand2013",191
"aberg1947",191
"leslie1908",153
"simpson2015",153
"hogan1910",153
"hilberg2011",49
"aberg1998",4706
"ambrose1991",4707
"ambrose1987",4708
"arneborg1999c",4709
"barrett1995",4710
"bell2009",4711
"bell2010",4712
"bendrey2009",4713
"bentley2005",4714
"bentley2002",4715
"bowen2002",4716
"geologicalsurvey2010",4717
"bryant1996",4718
"budd2000",4719
"budd2003",4720
"burke1982",4721
"burton1996",4722
"burton1990",4723
"burton2000",4724
"burton1995",4725
"burton2003",4726
"calvin1962",4727
"cameron2007",4728
"carr1962",4729
"chisholm1982",4730
"clayton1963",4731
"coltrain2009",4732
"coplen1994",4733
"coplen1983",4734
"craig1961",4735
"daly2010",4736
"darbyshire1985",4737
"deniro1978",4738
"deniro1981",4739
"dickin1997",4740
"drury1973",4741
"dupras2007",4742
"dupras2001",4743
"eckhardt2009",4744
"elias1980",4745
"ezzo1994",4746
"ezzo1995",4747
"fuller2006",4748
"gallet1998",4749
"gonfiantini2001",4750
"halpin1993",4751
"hatch1966",4752
"hatch1967",4753
"herring1998",4754
"hobson2004",4755
"holm2000",4756
"hurley2010",4757
"iacumin1996",4758
"jim2004",4759
"kellner2007",4760
"knudson2009",4761
"koch1997",4762
"kortshack1965",4763
"lang1988",4764
"leach2009",4765
"leach2010",4766
"leethorp1991",4767
"linderholm2011",4768
"luz1985",151
"luz1984",151
"muller2003",4769
"mcarthur2001",4770
"mccabe2007",4771
"mccormick1982",4772
"minagawa1984",4773
"muldner2011",4774
"negrel2003",4775
"nehlich2009",4776
"obrien1998",4777
"oconnor1988",4778
"odonnabhain2010",4779
"odonnabhain2011",4780
"odonnabhain2001",4781
"oconnor1982",4782
"price1985",4783
"price1986",4784
"ranson1960",4785
"read1934",4786
"schoeninger1978",4787
"schoeninger1979",4788
"schoeninger1983",4789
"schurr1998",4790
"schutkowski1999",4791
"sexton1998",4792
"shaw2009",4793
"shaw2010",4794
"sikora2010",4795
"sikora2011",4796
"sillen1989",209
"sillen1991",209
"sykes2006",209
"tieszen1992",209
"veizer1989",4797
"wallace2006",4798
"wallace1994",209
"whipkey2000",209
"white2000",209
"wilson1977",209
"wolfe2001",209
"wright2005",209
"wright1998",209
"karkanas2010",4799
"macphail2005",195
"carter1998",195
"axboe1986",4800
"broholm1940",4801
"danielsson2007",4802
"danielsson2010",4803
"hauck1978",4804
"holmqvist1960",4805
"iversen1991a",201
"lamm2004a",4806
"mannering2004",159
"mannering2006",159
"mannering2008",159
"mellend",159
"nasstrom1998",159
"nasstrom2009",159
"owencrocker2010",159
"simek2002",159
"stamsomunch2003",159
"watt1999",4807
"watt2001",159
"olausson2014a",191
"klaesoe2010",4808
"capelli2003",4809
"chinnery2006",4810
"brochmann2008",4811
"benedictow2004",4812
"russ2013",4813
"malmstrom2007",4814
"salamon2005",4815
"binladen2007",4816
"behar2007",4817
"prieto2011",4818
"core2011",4819
"helgason2007",4820
"anderson1981",4821
"andrews1999",4822
"venables2002",4823
"pfeiffer1999",4824
"meinila2001",4825
"cardoso2011",253
"dupuy1996",253
"richard2007",253
"tambets2004",253
"metspalu2006",253
"melchior2010",253
"dissing2007",4826
"torroni1996",253
"zachrisson2008",253
"derenko2007",253
"schonberg2011",253
"brink1999",4827
"brink2000",4828
"brink2004d",28
"dent1984",4829
"dinzelbacher1984",4830
"frandsen1999",4831
"hines1989",4832
"hoff1997",4833
"jahnkuhn1951",4834
"jerichow1997",21
"john1991",4835
"lager2001",4836
"liestol1972",4837
"lonaas2004",4838
"richards1990",4839
"rudebeck2002",21
"steinsland1995",4840
"stidsing1999",21
"wilke1999",4841
"ostmo2005",4842
"hultkrantz1991",15
"lund2001",15
"lenntorp2002",15
"nasman1998",4843
"nordberg2003",4844
"grammaticus1924",15
"sundqvist2004",15
"vierck1979",13
"vifot1936",4845
"ljungkvist2015c",4846
"hedenstiernajonson2009",4847
"nmd1919",4848
"habbe2004",4849
"gjellerup1973",4850
"tilley1993",4851
"bonnier1994",4852
"caillet1985",4853
"collinder1972",4854
"hansen1992",4855
"fabech1989",4856
"john1987",4857
"larsson1976",4858
"ljungkvist2004a",4859
"musset1992",4860
"nasstrom1997",4861
"olsen2002",4862
"ravn1999",21
"ritchie1993",21
"stiesdal1952",4863
"lind2004",4864
"mortensen1979",15
"zeitler1979",15
"braadmoen2013",253
"ahrland2013",4865
"aronsson1994",4866
"bell2012",4867
"emanuelsson2003",4868
"george2009",4869
"grimm2013",4870
"harding1992",4871
"harding1997",4872
"jennbert2000",4873
"karlsson2010",4874
"lagerstedt2004",4875
"liedgren1992",4876
"lindholm2013",4877
"magnell2013",4878
"myrstad1996",4879
"nyren2012",4880
"petre1980",4881
"ramqvist2007",4882
"ramqvist1993",190
"risbol2011",4883
"serning1962",190
"sleepersmith2009",190
"stene2011",4884
"storli1993",190
"sundstrom1987",190
"svensson1998",190
"zachrisson2010",4885
"zachrisson1974",190
"ambrose1990",4886
"ambrose1997a",4887
"andersen1960",4888
"bandelt2006",4889
"barrett1999",4890
"barrett2000b",4891
"bocherens2003",4892
"brinkmann1999",4893
"deniro1985",4894
"eriksson2013",4895
"hagelberg1991",4896
"hemmendorff1984",4897
"holck1997",4898
"holck1983",71
"mikkelsen2010",71
"nei1987",71
"opdal1998",71
"paabo1989",71
"ramskou1965",71
"richards1995",71
"rosvold2010",71
"rudbeck2005",71
"sandmo1985",71
"sandmo1984",71
"topf2006",71
"zachrisson2003",4899
"cardon2001",4900
"marchini2004",4901
"bodmer2008",4902
"cavallisforza1994",4903
"quintanamurci1999",4904
"conrad2006",4905
"botigue2013",4906
"ralph2013",4907
"hellenthal2008",4908
"odushlaine2010",4909
"winney2012",4910
"lawson2012",4911
"alexander2009",4912
"pirinen2013",296
"wilson2001",296
"wells2001",296
"pritchard2000",296
"bodmer1980",296
"howie2009",296
"wright1943",296
"rousset2004",296
"lawson1995",296
"bhatia2013",296
"pritchard2001",296
"moorjani2011",296
"falush2003",296
"aikas2009",4913
"aikas2013",4914
"backman1975",4915
"berggren2010",4916
"bergman2008",190
"brightman2012",23
"chapman2000",4917
"clavir2002",4918
"descola1992",23
"descola2013",23
"dubois1999",4919
"edvinger2006",4920
"hallstrom1932",4921
"helanderrenvall2010",4922
"hultkrantz1994",4923
"humphrey1994",4924
"hutton2001",4925
"jernsletten2006",4926
"jordan2003",23
"levy1982",4927
"lund2011",4928
"makarov1991",4929
"manker1938",4930
"manker1950",4931
"manker1957",4932
"mauss1924",4933
"melheim1999",4934
"mulk1996",4935
"mundal1996",4936
"nergard2003",4937
"okkonen2007",4938
"orsneschristensen1956",4939
"parpola2004",4940
"rindstad1997",4941
"rostad2012",4942
"serning1957",4943
"sommerseth2009",4944
"svestad2011",4945
"viveirosdecastro1998",23
"wallerstrom1995",4946
"willerslev2007",23
"zachrisson1992",4947
"havamal1971",4948
"skaldskaparmal1931",4949
"andersen1977a",4950
"binski1996",4951
"borsheim2002",115
"bourdieu1996",4952
"boyendb",4953
"bynum1991",4954
"februar1977",4955
"cinthio1980",4956
"cinthio2002",4957
"eide1973",4958
"fett1961",4959
"fowler2011",4960
"fredriksen2006",4961
"gilchrist2005",4962
"hadley2009",4963
"hadley2011",4964
"harby1994",4965
"holloway2010",4966
"hougen1935",4967
"jeppesen1995a",4968
"kiefferolsen1993",4969
"kristoffersen2008",4970
"larsson2002",4971
"lund2003e",31
"martensson1981",31
"s1992",31
"nordeide2007",31
"rebaysalisbury2010",31
"reynolds2011",4972
"schulke1999",4973
"serning1982",31
"shetelig1912",4974
"thompson2004",31
"wagnkilde2000",244
"wagnkilde2001",244
"swedishspeciesinformationcentre2014",190
"adalsteinsson1997",4975
"bloch1992",4976
"bruun1909",4977
"bruun1910",4978
"bruun1911",4979
"buckert1983",4980
"byock1982",4981
"deheusch1985",4982
"detienne1989",4983
"dillmann1997",4984
"fridriksson2004",232
"gestsdottir2005",4985
"girard1979",4986
"hamertonkelly1987",4987
"hildebrandt1989",4988
"hubertnd",4989
"jam1943",4990
"jones1984",4991
"lucas2006",205
"miller1998a",205
"miller1990",4992
"monsen2004",205
"nasstrom1996",4993
"nobis1962",205
"nordahl1988",4994
"olsen1965",205
"peel1999",205
"roberts2001",4995
"robertsonnd",205
"roesdahl1989",4996
"roussell1937",205
"steinsland2003",2
"thomas2005",4997
"turner1969",4998
"vangiffen1963",205
"vondendriesch1976",205
"gudmundsdottir2015",4999
"ahlberg1978",5000
"akerstromhougen1981",5001
"althaus1993",5002
"andersson1968",5003
"andreeff2014",5004
"andren2012a",5005
"bailey1996",5006
"bailey2000",5007
"bailey1988",5008
"beck1964",5009
"bergmann1941",5010
"blindheim1972",5011
"bohner1976",5012
"bottgerniedenzu1988",5013
"calverleynd",5014
"cumont1942",5015
"devries1933",5016
"diazguardamino2015",5017
"egeler2015",5018
"ellisdavidson1950",5019
"ellisdavidson1969",5020
"ellisdavidson1988",5021
"ellmers1973",5022
"ellmers1981",5023
"ellmers1986",5024
"eshleman1983",5025
"faulkes2005",5026
"fingerlin2010",5027
"fuglesang2004",5028
"graus1977",5029
"guber2011",5030
"hauck1954",5031
"hauck1957",5032
"hauck1980",5033
"hauck1983",5034
"hauck1994",5035
"heinzle2010",5036
"holmqvist1939",36
"holmqvist1952",5037
"hyenstrand1989",36
"kopar2012",36
"kreutzer1989",5038
"lang1983",36
"lehnen1997",5039
"lindqvist1956",5040
"lindqvist1962",36
"malzbender2001",5041
"earl2010",5042
"margeson1980",36
"marold1972",5043
"mundal1998",36
"neckel1983",5044
"nedoma1988",36
"nordin1903",5045
"north2001",36
"nylen1960",5046
"nylen2003",36
"oehrl2006",36
"oehrl2010",5047
"oehrl2011",5048
"oehrl2012",36
"oehrl2013",5049
"oehrl2014",36
"oehrl2015",36
"oehrl2016",36
"olrik1922",36
"quast2009",5050
"reichert2003",36
"reitzenstein1924",36
"remondino2014",5051
"samson2011",5052
"schreiner2000",36
"schreiner2004",36
"vonsee1981",36
"vonsee2009",36
"shetelig1933",36
"simonsson2012",5053
"speidel2004",5054
"stephensnd",5055
"strom1956",36
"swanstrom2010",5056
"vierck2002",5057
"weber1973",5058
"widerstrom2012",5059
"wilson1998",36
"zimmermann2012",5060
"petursdottir2007",5061
"tonning2003",5062
"aannestad2017",5063
"blindheim1963",5064
"butler1990",5065
"crenshaw1989",5066
"danielsson2012",5067
"ekengren2004",5068
"fahlander2012",5069
"fossum1996",5070
"gilchrist1999",5071
"glorstad2009",5072
"gollwitzer1997",5073
"magusnd",5074
"pantman2014",5075
"pedersen2011",5076
"petursdottir2009",5077
"prescott1998",10
"samdal2005",10
"svensson2003",10
"thedeen2012",10
"villa2011",10
"gothberg2006",5078
"gothberg2007",5079
"fagerlund2005",5080
"gothberg2008",5081
"alstrom1996",5082
"anund1997",5083
"berggren1991",308
"elgh1994",308
"frolund2005",308
"frolund2000",308
"hedlund1992",308
"ljungkvist2000",308
"mattsgarden2000",308
"rahmqvist1986",308
"stromback1971",308
"eckmann2004",308
"deweirdt2011",308
"marx2011",308
"skvorzov2011",308
"tilley1999",5084
"blindheim1962",5085
"crusden1965",5086
"eddadigte1971",5087
"egebjerghansen1989",5088
"engberg1995",5089
"mitchell1977",5090
"grieg1920",5091
"holmolsen1975",5092
"jansson1995",155
"johansson1992",155
"kyhlberg1975",155
"lagersted1999",155
"lampe1993",155
"leahy1995",155
"meulengrachtsorensen1991",5093
"motz1983",5094
"needham1967",155
"ofloinn1994",155
"ramskou1964",155
"schjodt1994",5095
"aldritt2003",5096
"allison1997",5097
"arnold1999",5098
"batey1993",5099
"batey2003",5100
"beuermann2011",5101
"bjorkanbukkemoen2017",5102
"bond2007",5103
"crawford1983",5104
"crawford2013",5105
"crossleyholland1982",5106
"cussans2010",5107
"cussans2015",5108
"dietler2001",5109
"fraser2009",5110
"greenacre2007",5111
"griffiths2009",5112
"gudmundsson1993",5113
"halstead2012",5114
"harland2006",5115
"harland2012",5116
"hastorf2017",5117
"hayden2001",5118
"hedeager2012a",5119
"hermannson2011",5120
"jervis2018",5121
"jinenez2011",5122
"jones2018",5123
"madgwick2015",5124
"mainland2016",5125
"mainland2003",5126
"mccormick2002",5127
"mccormick2014",5128
"mcgovern2010",5129
"montgomery2017",5130
"morris1996",5131
"mulville1999",5132
"nicholson2010",5133
"noble2013",5134
"noddle1997",5135
"noddle1977",5136
"oconnor2010",78
"oram2015",78
"palsson1978",5137
"pollock2012",78
"rackham1996",78
"rowleyconwy1983",78
"rowleyconwy2018",78
"seller1986",78
"serjeantson2007",78
"sharples1998",78
"sykes2010",5138
"terbraak2002",78
"woolgar2016",78
"backhouse1984",30
"barrettnd",30
"cohen2003",30
"drachmann1967",30
"gansum2002",30
"hodges1905",30
"idsoe2004",30
"ilkjaer2003",30
"lund2007",30
"morris1983",5139
"murphy1992",30
"mullernda",30
"nasstrom1944",30
"osborne2004",30
"osullivan2000",30
"owencrocker1919",30
"petts2003",30
"sanmark2010",5140
"semple1998",5141
"simek1983",30
"swanton1974",30
"welinder1992",30
"wellendorf2006",30
"wilson1964",30
"magnus2010",10
"svenberg1984",5142
"berg1986",5143
"blumenschine1996",5144
"boessneck1964",5145
"bronkramsey2005",5146
"brown1960",5147
"carter2007",5148
"dahlander1916",5149
"ekman1973",5150
"ekman1974",5151
"ekman1984",5152
"fagerborg1986",5153
"graslund1996",5154
"hemmendorff2010",5155
"holm2006",5156
"holmgren1985",5157
"hultcrantz1996",5158
"insulander1956",5159
"iregren1997",5160
"jakobsson1997",5161
"lauwerier1983",5162
"lemel1999",5163
"lindeblad1997",5164
"lyman1994",5165
"magnell2004",5166
"magnell2006",5167
"nathorstnd",5168
"nordberg2006",5169
"nordenram2001",5170
"nasstrom1988",5171
"paulssonholmberg1997",35
"payne1985",35
"richter1982",35
"rossdale1996",35
"rudebeck2010",35
"sandegren1997",35
"sjodin1980",35
"thilderqvist2005",35
"vikstrand1993",35
"wallin1990",35
"welinder2003",35
"welinder2008",35
"zeder2010",35
"karnell2012",5172
"bailey2003",5173
"capelle2003",5174
"romersdal1961",5175
"nasman1942",5176
"schnittger1912",5177
"brondsted1942",5178
"axboe2007",5179
"corsten1991",5180
"fuglesang2006",5181
"nordeide1948",5182
"ringstad1988",5183
"staecker1990",206
"stoklund2001",206
"strom1984",206
"wamers1997",5184
"mainz1997",206
"westlund1989",206
"zeiten2002",206
"zemitis1997",206
"haugbui1924",5185
"islendingadrapa1973",5186
"andrea2010",5187
"beck1978",5188
"brown1981",5189
"decastro2015",5190
"descola2010",5191
"drachmann1969",5192
"fowler2013",5193
"gansum1999",5194
"geary1979",5195
"geary1986",5196
"harris1985",5197
"hastrup2013",5198
"vigfussonnda",5199
"weismantel2015",5200
"rigsthula1960",5201
"bekpedersen1943",5202
"agnarsdottir1983",5203
"bartram1991",5204
"berson2002",5205
"birch2009",5206
"buckland1985",5207
"byock2004",5208
"christensen1990",5209
"deal1985",5210
"deboer1979",5211
"donat1980",5212
"edvardsson2003",5213
"einarsson1992",5214
"eldjarn1949",5215
"eldjarn1961",5216
"eldjarn1974",5217
"erlingssonnd",5218
"evans1967",5219
"foote1977",5220
"fridriksson1997",5221
"gifford1980",5222
"gudrun2008",5223
"gronvold1980",5224
"gronlie2006",5225
"gudmundssonnd",5226
"hayden1983",5227
"hermannsaudardottir1989",5228
"hinz1989",5229
"hoffmann1964",5230
"iceland1985",5231
"ingimundarson1992",5232
"jones1944",5233
"kobylinski1997",5234
"kuna2005",5235
"lamotta1999",5236
"lange1972",5237
"meier1984",5238
"milek2010",5239
"milek2011a",5240
"milek1997",5241
"murphy1986",5242
"murray1980",5243
"nelson1999",5244
"nelson1996",5245
"oconnell1987",5246
"okelly1954",5247
"olafsdottir1974",5248
"olafsson1992",5249
"olafsson1998",5250
"olafsson2001",5251
"page1995",5252
"stead1982",5253
"stein1989",5254
"stevenson1982",5255
"takacs1968",5256
"taylor1956",5257
"tesch1993",5258
"thorlaksson2000",5259
"urbanczyk1997",5260
"urbanczyk2002",5261
"urbanczyk2001",5262
"urbanczyk2003",5263
"urbanczyk2006",5264
"pierce1998",5265
"rafnsson1977",5266
"reimer2009",5267
"roberts1943",5268
"shetelig1937",5269
"sigurgeirsson2008",232
"simms1988",5270
"snaesdottir1992",5271
"hammarberg1985",206
"thrane1973",123
"samdal2000",206
"moesgaard2004",206
"steinsland1990",206
"artelius2000",5272
"artelius1994",5273
"bordo2008",5274
"bourdieu1999",5275
"broome2015",5276
"hedeager2014",5277
"jansson2005",5278
"leach1958",5279
"rydh1919",5280
"rydh1936",5281
"salin1959",5282
"skoglund2005",5283
"solberg1993",5284
"sten2001",4
"vretemark1983",4
"wallacehadrill1962",4
"wehlin2013",4
"baron2014",5285
"baron2006",5286
"baron2009",5287
"beagrie1989",5288
"bielicki1991",5289
"billstrom1990",5290
"bjorlykke1982",5291
"bjorlykke1990",5292
"bjorlykke1993",5293
"blanchard2001",5294
"bode2008",5295
"bode2009",5296
"boni2000",5297
"brooks2004",5298
"capelle1976",5299
"chen2012",5300
"chernyshev2008",5301
"chugayev2010",5302
"chugayev2013",5303
"duralimuller2005",5304
"gale1992",5305
"guenettebeck2009",5306
"guy1981",5307
"homer1991",5308
"hohndorf1986",5309
"johansson1983",5310
"johansson1984",5311
"johansson1985",5312
"karakaya1988",5313
"kirnbauer2012",5314
"kramers1997",5315
"leveque1993",5316
"loveluck1998",5317
"merkel2015",5318
"mirnejad2011",5319
"nilsen1991",5320
"nriagu1983",5321
"penhallurick1986",5322
"petersen1995",5323
"pollard2008",5324
"rohl1996",5325
"rohl1998",5326
"sayre2001",5327
"shepherd1993",99
"sjastad2011",99
"stacey1975",5328
"stosgale2004",99
"stosgale1997",99
"sundblad1994",99
"tereygeol2005",99
"timberlake2005",99
"trincherini2009",99
"tylecote1992",99
"villa2009",99
"wedepohl1978",99
"kershaw1990",149
"hadley2008",5329
"alexander1987",149
"carter1969",149
"mckinley2000",149
"budd1999",149
"benedictow1992",309
"brothwell1998",309
"crumlinpedersen1992",309
"bacco2006",309
"dunnell1999",309
"dyke1984",309
"gad1984",309
"geist1978",309
"halstead1989a",309
"janssen2003",309
"jones1986",5330
"keller1984",309
"premo2010",309
"thorarinsson1961",309
"weiss1976",309
"abels1988",5331
"geller2005",149
"campbell2001",149
"rollason2000",149
"blackburn2005",5332
"mckinley2003",149
"avery1990",5333
"babel1975",5334
"barrat1964",5335
"bell1996",5336
"bell2000",5337
"biddulph2012",5338
"boorman2002",5339
"breuningmadsen2001",5340
"breuningmadsen2003",5341
"catt1986",5342
"courty2001",5343
"crowther1996",5344
"cruise2000",5345
"engelmark1993",5346
"engelmark2008",5347
"holden1994",5348
"kelley2010",5349
"kooistra1978",5350
"linderholm2007",5351
"linderholm2013",5352
"macphail2000",98
"macphail2009",98
"macphail2012",98
"macphail1998",98
"niblett1999",98
"reineck1986",98
"rentzel1999",98
"rosenqvist1958",98
"stoops2010",98
"thirly2006",98
"veneman1984",98
"viklund2013",98
"wilkinson2012",98
"ipccrkpachauri2014",5353
"reckin2013",5354
"dixon2014",5355
"lee2017",5356
"farbregd2009",5357
"callanan2016",5358
"finstad2008",5359
"vedeler2013",5360
"hafner2015",5361
"kelly2013",5362
"fehrenschmitz2014",5363
"hare2012",5364
"haas2017",5365
"barbier2011",5366
"orengo2013",5367
"hjelle2015",5368
"indrelid2011",5369
"pluskowski2013",76
"indrelid2015",76
"beijersbergen2017",76
"vorren1998",76
"stene2015",76
"benn2010",76
"odegard2017",76
"young2012",76
"helama2012",76
"linderholm2010",76
"matthews2008",76
"bevanger2004",76
"kullman1994",76
"williams2012",76
"armit2014",76
"mann2015",76
"callanan2013",5370
"callanan2015",76
"arjava2005",76
"buntgen2017",76
"nesje2009",76
"villumsen2016",76
"hoeg2014",76
"howardjohnston1998",76
"barrett2016",76
"barth1983",76
"walloe2010",76
"majchczack2014",5371
"berger1970",5372
"hatz2001",5373
"bantelmann1967",5374
"braren1935",277
"kersten1958",277
"segschneider2009",5375
"majchczack1967",277
"beseler1982",277
"erdmann2001",277
"jons2014",277
"laur1959",277
"segschneider2004",277
"stilke2001",277
"stumpel2009",277
"wunderlich2013",277
"jakobsson1992",5376
"wilson1996",5377
"anttonen1992",5378
"baudou1993",5379
"baylisssmith1998",5380
"bergman1995",5381
"bradley1997",5382
"douglas1966",5383
"fellman1906",5384
"gennep1909",5385
"harrison1903",5386
"helskog1999",5387
"hultkrantz1978",5388
"insoll2004",5389
"jordan2001",5390
"kleppe2006",5391
"laestadius2002",5392
"lahelma2005",5393
"mebius1968",5394
"baylisssmith2001",5395
"napolskikh1992",5396
"nordbladh1980",5397
"pettersson1957",5398
"ramqvist2002",5399
"rank1955",5400
"rydving1993",5401
"sammallahti1982",5402
"schanche1995",5403
"solem1933",243
"taavitsainen2003",243
"terebikhin1993",243
"tilley1991",243
"trubshaw1995",243
"turner1978",243
"uibopuu1988",243
"wiik2000",243
"vorren1978",243
"gojda1991",5404
"jezek2002",5405
"ruttkay2002",5406
"takacs2002",5407
"magnusson1973",93
"edvardsson2007",5408
"oye1988",5409
"stenberger1979a",5410
"giffordgonzalez1985",5411
"stead1981",5412
"karras1988",5413
"jochens1995d",34
"gudmundsson2009a",5414
"skjelsvik1958",98
"schindler1956",277
"amundsen2004",5415
"arnalds1995",5416
"canti1999",5417
"canti2003",5418
"carr1984",5419
"hakbijl2002",5420
"hreidarsdottir2005",5421
"johnson1974",5422
"malinskybuller2011",5423
"matthews1997",5424
"mehler2002",5425
"misarti2011",5426
"roberts2003",5427
"rolfsen1980",5428
"sampietro2005",5429
"shahackgross2005",5430
"shahackgross2008",5431
"shillito2011",5432
"smith2001",5433
"snaesdottir2003",5434
"stein1983",197
"stockton1973",197
"sullivan2004",197
"tani1995",197
"terry2004",197
"tinsley2002",197
"vizcaino1999",197
"vyncke2011",197
"wandsnider1996",197
"wilk1979",197
"zielinski1997",5435
"ingold2012",5436
"stoodley1999",5437
"andersson2008f",69
"back2008",69
"frioriksson2013",69
"gunnell1995",5438
"gunnell2004",69
"gunnell2008",69
"harris2000",69
"hallansstenholm2010",69
"lihammer2012",69
"pentz2013",69
"philipotts1920",69
"roberts2009",69
"sjosvard1989",69
"svensson2010",69
"vikstrand2010",69
"wessman2010",26
"wessen2002",5439
"blomkvist1999",5440
"brink2005",5441
"caldwell2003",5442
"lerbom1915",5443
"nyberg1976",5444
"olsson1984",5445
"ortved1933",5446
"rafnsson1974",5447
"rosen1949",258
"ruthstrom1988",258
"ronnby1995",258
"schmidtwiegand1967",258
"schmidtwiegand1989",258
"steffen1943",5448
"yrwing1940",258
"ostergren1992",258
"yrwing1951",258
"yrwing1978",258
"lindroth1915",258
"vangennep1909a",243
"buckley2004",5449
"armit1996",5450
"gammeltoft2004",5451
"hall2008",5452
"jay2013",5453
"jennings2005",5454
"capo1994",5455
"chiaradia2003",5456
"dangela1990",5457
"diefendorf2005",5458
"evans2009",5459
"fronval1995",5460
"keefe2007",5461
"montgomery2002",5462
"parkerpearson2005",5463
"puceat2010",5464
"raiber2009",5465
"sanchezchillon1994",5466
"sellevold1999",75
"simpson2010a",75
"stephan2000",75
"toolis2008",75
"trickett2003",75
"vanrensburg1986",75
"warham2012",75
"woolf2005",75
"pricenda",5467
"bagge1998",311
"chenery2012",5468
"harrison2003",311
"johansen1986",311
"reed1998",311
"sellevold1991",311
"sellevold1996",311
"sellevold2001",5469
"sullivan1981",311
"tauber1981",311
"vandermerwe1978",311
"balodis1940",5470
"bogucki2006",5471
"brundage1991",5472
"christoffersen1996",5473
"crumlinpedersen1989",5474
"crumlinpedersen1996",5475
"crumlinpedersen1998",5476
"ehrensvard1991",5477
"filipowiak1998",5478
"griciuviene2005",5479
"haak2004",5480
"kiaupa2000",5481
"kochkurkina1961",5482
"lang1996",5483
"lang2004",5484
"lehtosalohilander1984",5485
"limbo2004",5486
"lougas1994",5487
"magi2002",5488
"magi2004",5489
"magi2005",5490
"magi2007",5491
"magi2009",5492
"magi2013",5493
"petrenko1995",5494
"radins2006",5495
"rebkowski1998",289
"sedov1974",289
"shepherd1999",289
"sindbaek2003",289
"vijups1997",289
"spingis2008",289
"tvauri1998",289
"vaitkunskiene1995",289
"vasks2008",289
"vassar1939",289
"vassar1975",289
"welinder2009",289
"zarina2006",289
"gramsch2007",312
"zachrisson1989",312
"kopytoff1996",1
"kristiansen1974",312
"pfisterer2008",312
"aberg1990",18
"ambrosiani2005",18
"ambrosiani2016",18
"backstrom2016",18
"blauer2013",18
"burgman1987",18
"fennomuyingo2000",18
"gustin2016",18
"harvig2014",18
"kaislaniem2011",18
"lama2015",18
"leciejewicz1956",18
"lightfoot2016",18
"nironen1997",18
"pellegrini2016",18
"stolpendc",18
"tuross2017",18
"weihed2005",18
"wilhelmson2017",18
"yurtsever1980",18
"nepomniashchii2012",288
"gaidukov1994",288
"kuzmin1997",288
"kuzmin2015",288
"stanislawski2000",285
"britishgeologicalsurvey2001",75
"raudonikas1930",288
"ravdonikas1924",288
"plokhov1996",288
"sturluson2011",5496
"ynglingatal2011",5497
"anbrosiani2007",5498
"banyterowell2005",5499
"bliujiene2008",5500
"blomkvist2005",5501
"bertasius2006",5502
"bonnellnd",5503
"creutz2003",5504
"deemant1977",5505
"ehrensvird1991",5506
"filipowiak1983",5507
"gurevitch1970",5508
"argang2000",5509
"johansen1939",5510
"khvoshchinskaya2004",5511
"lamm2009",5512
"ligi1968",5513
"ligi1995",5514
"baltica2007",5515
"magilougas1993",5516
"melnikova2007",5517
"melnikova1990",5518
"mickevicius1994",5519
"mugurevies1994",5520
"nosoy2001",5521
"nosov2005",5522
"nosov2006",5523
"opik1970",5524
"radin1998",5525
"selart2002",5526
"selirand1974",5527
"sindbek2003",269
"spirgis2008",269
"stubavs1966",269
"sne1997",269
"tamla1977",269
"tarvel1975",269
"tonisson1974",269
"valtonen2007",269
"zabiela2008",269
"zemitis2007",269
"zulkus1991",269
"boyd1985",285
"boyd2005",285
"silliman2001",285
"barrett2002",285
"marshall2002",285
"watt1985",5528
"naum2005",285
"kockakrenz1993",285
"bergatzky1989",285
"tvauri2001",269
"amundsen1996",5529
"auestad1992",5530
"balascio2011",5531
"binns1978",5532
"bratrein1983",5533
"bratrein1991",5534
"bratrein1995",5535
"bruun2007",5536
"evjen2008",5537
"gjessing1973",5538
"grimm1999",5539
"grimm2002",5540
"grimm2006",5541
"grydeland2001",5542
"guttormsen2005",5543
"henriksen1996",5544
"hesjedal1996",5545
"hinsch1960",5546
"hodder1979",5547
"holand1989",5548
"johansen2002",5549
"johansen1982",5550
"johansen1990",5551
"johansen1978",5552
"mathiesen1978",5553
"myhre1978",5554
"myhre1985",5555
"nilsen1998",5556
"nilsen1995",5557
"odner1985",5558
"olsen1998",84
"olsen2001",84
"rolfsen1974",84
"rolfsen1990",84
"said1993",84
"schanche1992",84
"simonsen1980",84
"sobstad1980",84
"spivak1987",84
"spivak1990",84
"storli1985",84
"vorren1985",84
"wickler2005",84
"wik1985",84
"vanderleeuw1989",285
"c2006b",5559
"arbman1969",188
"blair1994",5560
"brink2001",5561
"cameron1988",5562
"carver1988",5563
"carver2001",5564
"carver2002",5565
"cooper1993",5566
"dubois2006",5567
"effros2003",5568
"everson2011",5569
"fabech1994",5570
"fell1956",5571
"geake1997",5572
"grahamcampbell2009",5573
"griffiths1991",5574
"gurney1986",5575
"hall1989",5576
"halsall1989",5577
"hayward2011",5578
"heide2011",5579
"heide2014",145
"hoggett2007",5580
"ilkjaer2002",5581
"jankuhn1955",145
"karras1990",5582
"knapp1999",145
"larrington1996a",5583
"mcleod2013",145
"raffield2013a",72
"hagland2005",145
"randsborg1999",145
"sanmark2009",5584
"scarre2002",145
"scragg1991",145
"semple2010",5585
"sheppard1939",145
"museum2012",145
"harkell2011",145
"thurston2002",5586
"tilley2006",5587
"webster1983",145
"yorke1990",145
"pedersennda",5588
"armbruster2004",5589
"bayley1992",5590
"brinchmadsen1984",233
"feveile1994",5591
"grieg1922",5592
"hedegaard2005",233
"jouttijarvi2006",203
"paulsen1936",139
"pedersen2000",139
"augenti2011",5593
"bilge2013",5594
"bowleg2008",5595
"back2018",5596
"collins2016",5597
"davis2008",5598
"diazandreu2005",5599
"evans1997",5600
"goldhahn2007",5601
"holmquist1990",5602
"holmquist1993",5603
"holmquist2001",5604
"holmquist1998",5605
"holmquist2009",5606
"inall2014",5607
"kaliff1992",46
"laneri2007",46
"nelson2007",46
"olausson2001",46
"popa2014",46
"schietzel1963",46
"thedeen2011",46
"vennatro2016",46
"yotov2016",46
"ashede2015",46
"aagard1984",5608
"arbman1960",5609
"bjeletskij1998",5610
"capelle1962",5611
"dellepiane2009",5612
"edberg2001",5613
"eniosova2008",5614
"gingerich2014",5615
"hermon2008",5616
"jolshin2012",5617
"klindtjensen1965",5618
"neiss2005",5619
"neiss2006",5620
"neiss2009",5621
"neiss2010",230
"puskina1998",230
"scott2002",230
"shearer2012",230
"sholts2012",230
"sholts2010",230
"sholts2011",230
"sotnikova1959",230
"kastholm2008",230
"thunmark1974",230
"wiechmann2001",230
"wolters2006a",230
"hallam2001",46
"ekengren2006",46
"rindal2004",201
"backdanielsson2008",5622
"bennett1987",5623
"carlsson2002",5624
"fabech2004",5625
"henderson1991",5626
"hjorungdal1994",5627
"hovanta1995",5628
"lagerholm2009",5629
"mays1998",5630
"rosten2007",5631
"simpson2004",5632
"sindbaek2006",5633
"smyser1965",160
"stalsberg1987",5634
"thedeen2008",160
"dudo1998",5635
"gragas2000",5636
"grettirssaga1974",5637
"layofharoldtransl1936",5638
"almqvist1965",5639
"almqvist1974",5640
"betzig1982",5641
"brown2009",5642
"camdennd",5643
"chagnon1988",5644
"clover1993",34
"coleman2015",5645
"colwell1988",5646
"coupland2003",5647
"debuse1999",5648
"dickemann1979",5649
"downham2014",5650
"ebel1993",58
"ember1974",5651
"emlen1977",58
"falys2014",5652
"forsgren2004",58
"fuglestvedt2014",58
"goetting2006",58
"griskevicius2012",58
"hill1990",58
"hoglund1993",58
"hudson2004",58
"jacobsen1982",58
"jochens1980",58
"jochens1986",58
"jochens1987",58
"jochens1991",58
"kvarnemo1996",58
"kvarnemo1995",58
"madsen1993",58
"meulengrachtsorensen1980",58
"mitani1996",58
"montgomery2008",5653
"moorad2011",58
"opdahl2003",58
"reichert2006",58
"renaud2000",5654
"sampson2006",58
"schacht2014",58
"szekely2014",58
"thedeen2009",5655
"weir2011",58
"zeitzen2008",58
"staecker2006",5656
"kure2013",5657
"lamm2003",5658
"lamm2003a",5659
"hauck1985",5660
"hauck1969",5661
"neckel1983e",5662
"larrington2014",5663
"bangnd",5664
"buggenda",5665
"dronke1989",5666
"haavardsholm1996",5667
"hauck1982",5668
"heusler1941",5669
"wilhelm1952",5670
"vanderhorst1982",5671
"horst2010",313
"hultgard1987",313
"johansson2013",313
"lamm2003b",313
"mckinnell1994",313
"mckinnell2008",313
"meyernd",313
"north2003",313
"oehrl2009",313
"quast2002",313
"nordal1980",313
"stephensnda",313
"westphal2004",313
"williams1994",313
"musty1974",290
"saxo1931",201
"sopp1999",201
"thomsen1929",201
"blindheim1982",139
"clarke1995",5672
"duner2006",139
"gaut2015",139
"hougen1931",139
"kielland1927",139
"maddicott1989",139
"ryghnde",139
"samson1991a",147
"schramm1955",139
"werner1980",139
"coplen1988",263
"a2007",49
"sjoberg1987",37
"blindheim2008",5673
"brogger1997",5674
"chatwin1990",5675
"eisenschmidt1994",115
"gourevich1999",5676
"gunnell2000",5677
"gunnell2006",5678
"harris2009",5679
"hagg2009",5680
"jakubovskij1926",5681
"liepe1989",5682
"mckinnell2005",5683
"montgomery2004",5684
"ogden2008",5685
"page1985",5686
"petrenko1991",5687
"robbins2004",37
"rundkvist2003",5688
"schjodt2007",5689
"schjodt2009",112
"skre2004",5690
"steinsland1981",112
"stern2009",112
"tollnes1998",112
"faulkes1989",5691
"sekundaerkilder1997",314
"barndon1992",314
"drescher1977",314
"gustafsson2005",314
"haaland1985",314
"jouttijarvi2001",314
"krishnan1976",314
"roesdahl1993",5692
"smith1974",314
"steinsland1997",314
"webster1999",314
"feveile2002b",233
"anderson1992",5693
"balasse2002",5694
"bell2001",5695
"bethard2013",5696
"brabrand1991",5697
"buzon2013",5698
"cameron2011",5699
"cruz2011",5700
"eliason2010",5701
"ferguson2009",5702
"fornander2015",5703
"grupe2011",5704
"haak2008",5705
"hofstra1995",5706
"hunter1975",5707
"kahl2009",5708
"knudson2008",5709
"knudson2011",5710
"lambergkarlovsky1972",140
"lane1972",140
"magnusson1980a",140
"moberg1981",140
"naum2012",5711
"olsen1961",140
"suchey2006",140
"tung2011",140
"turner2009",140
"vos2005",140
"webb1985",140
"wilson1970",140
"crumlinpedersen1988",5712
"zeitzen1997a",5713
"wenger2004",5714
"sofartsmuseums1987",5715
"baxter2008",5716
"christensen1988",5717
"cooper1978",5718
"edgren1988",315
"elsner1992",315
"gillespie2001",315
"grieg1933",315
"hejgaard2010",315
"hojrup1983",315
"jensen2008",315
"sandberg2006",315
"schwartzman2006",315
"smolarek1969",315
"sztompka1994",315
"tesch2005",315
"zeitzen2002",315
"ostergaard2011",315
"hayeursmith2004",160
"byejohansen2004",160
"thunmarknylen2015",160
"albrectsen1994",5719
"althoff1999",5720
"andersen2011",5721
"bede1968",5722
"blair2005",5723
"dulinicz2002",5724
"foote1993",5725
"gullbekk2008",5726
"keynes1991",5727
"kornerupnd",5728
"krag2003",5729
"meier2002",5730
"meulengrachtsorensen1997",5731
"meulengrachtsorensen2001",5732
"miuillermertens1999",5733
"ottodergrosse2001",5734
"pedersen2005",5735
"refskou2004",5736
"roesdahl1983",5737
"roesdahl1987",5738
"roesdahl1999",5739
"roesdahl2004",5740
"schoujorgensen1997",5741
"skovgaardpetersen1977",5742
"steinsland2008",5743
"tesch2008",5744
"wilson1966",202
"porsteinsson1987",202
"fangel1941",5745
"chapman1981",112
"miller2005",112
"nylen1987",112
"andersson2016b",316
"cambridge2017",316
"hauptman2014",316
"aukrust1982",5746
"ayers2016",5747
"bergman2007",5748
"carrer2015",5749
"critch2018",5750
"curdy2016",5751
"norvegicum2019",5752
"finstad2018",5753
"gilck2019",5754
"grjotheim1978",5755
"gunnarsdottir2000",5756
"hollesen2018",5757
"kleiven1973",5758
"kummen1983",5759
"providoli2016",108
"rosvold2017",108
"savioz2016",108
"shawnd",108
"thun2018",108
"timberlid2015",108
"volken2015",108
"younghusbandnd",108
"shetelig1920b",5760
"miles1989",5761
"abbott2005",5762
"gilmour1988",5763
"aitken1966",5764
"aitken1962",5765
"aitken1983",5766
"anon1996",5767
"aspinall1977",5768
"barley1964",5769
"barley1981",5770
"belfiore2007",5771
"blinkhorn2013",5772
"brooks1984",5773
"bryant1977",5774
"dallas1993",5775
"dunning1959",5776
"everson1999",5777
"field1990",5778
"ford1995",5779
"froh2004",5780
"gale1995",5781
"garmonsway1972",5782
"garrigos2001",5783
"golitko2012",5784
"goodwin2013",5785
"harkel2013",5786
"hebditch1964",5787
"hurst1962",5788
"ixer1997",5789
"jordan1994",5790
"kilmurry1980",5791
"leah1994",5792
"vander1993",5793
"mainman1990",5794
"maniatis1981",5795
"maniatis1984",64
"mccarthy1988",64
"miles1974",64
"nailor1984",64
"price1975",64
"quinn2013",64
"rice2005",64
"rogerson1984",5796
"rye1981",64
"sawyer1998c",64
"arwidson1984",5797
"arwidson1986",5798
"arwidson1989",5799
"bennike1985",5800
"bennike1993",5801
"calmer1977",5802
"deniro1988",5803
"gilbert2005",5804
"hoefs2004",5805
"jorkov2007",5806
"kanstrup2006",5807
"leethorp2003",5808
"longin1971",5809
"madsen1988",5810
"reidla2003",5811
"runge2010",5812
"schoeninger1989",5813
"sillen1998",5814
"skibstedklaesoe1997",5815
"sponheimer2006",5816
"vanklinken1999",5817
"verhulst1966",5818
"verhulst1995",5819
"walette2004",5820
"paludan1991",5821
"koch1936",185
"steensberg1952",185
"steensberg1973",185
"dobat2007",185
"meier2007",185
"tesch1992",185
"fangel1998",185
"tollin1998",185
"riddersporre2003",185
"nedkvitne2004",185
"fritz1988",185
"back1995",5822
"gustin2011",5823
"haussig1987",5824
"martin1986",5825
"noonan1985",5826
"noonan1989",5827
"noonan2001",5828
"rispling2007",5829
"roslund1997",214
"roslund2009",214
"roslund2010",5830
"thordeman1926",214
"holmquistolausson2002",214
"johansson1997",214
"jonsson2001",214
"kovalev2001",214
"kovalev2002",214
"kovalev2005",214
"kovalev2011",214
"landgren1998",214
"younghusband1904",108
"of1917",16
"jensson1929",16
"arbman1936",16
"arent1969",16
"ekelund1956",16
"ellisdavidson1967",16
"gjeerder1964",16
"holmavist1955",16
"jansson1963",5831
"perkins2001",16
"price1969",5832
"salin1913",5833
"steinsland1936",16
"agrip1929",16
"hultgard2003",16
"hudson2005",5834
"rediker1987",72
"pennel1997",72
"leeson2009",72
"antony2002",72
"hudson2007",72
"price1991",72
"wulfstan1976",72
"artefacts1980",72
"birkeland1954",72
"arcini2005a",5835
"catling2008",72
"griffiths1991a",72
"richards1989",72
"kanstrup2008",5836
"andersson1975",5837
"arcini2018",5838
"arppe2010",5839
"azmy1999",5840
"buko2013",5841
"chernykh1985",5842
"faure2004",5843
"fraser2018",5844
"hyenstrand1982",5845
"lewis2008",5846
"maldre2018",5847
"margaryan2019",5848
"peschel2014",5849
"punning1987",5850
"raukas2009",151
"ruff2012",151
"sillen1982",151
"trotter1958",5851
"tuuling2011",5852
"wea1980",5853
"woelfel2002",151
"arcini1998",34
"baillie1991",5854
"baillie2015",5855
"bolender2011",5856
"davies2015",5857
"dugmore1992",5858
"edwards2012",5859
"einarsson1988",5860
"erlendsson1995",5861
"haflidason2000",5862
"haflidason1992",5863
"hammer1980",5864
"hermannsaudardottir1988",5865
"lane2014",5866
"larsen1982",5867
"larsen1984",5868
"larsen1977",5869
"lowe2008",5870
"lowe2011",5871
"lowe2015",5872
"lowe2001",5873
"newton2008",5874
"oladottir2008",5875
"ponomareva2015",5876
"roberts2000",5877
"sigurgeirson2014",5878
"sigurgeirsson1995",5879
"sigurgeirsson2007",5880
"sigurgeirsson1998",227
"sigurdsson1982",227
"sveinbjarnardottir2004",227
"theodorsson2009",227
"theodorsson2012",227
"vilhjalmsson1991",227
"vinther2006",227
"zielinski1995",227
"palmerbrown1995",64
"vince2009",64
"andersen1982a",5881
"andersen1996",5882
"bennike1994",5883
"brather2001",162
"burschel1994",162
"caferro2006",162
"christophersen1940",162
"damgaardsorensen1991",162
"fiorato2000",162
"hermann1974",162
"krueger1985",162
"nielsen1990",5884
"petersen1989",162
"roesdahl1975",162
"thordeman1939",162
"ahlstromarcini2005",34
"schjodt2013",34
"anderson2010",5885
"bayman2013",5886
"bentley2007",5887
"brink2014",5888
"buck1938",5889
"erikson2015",5890
"hauofa2008",5891
"heyerdahl1938",5892
"kane1997",5893
"king2003",5894
"kirch2010",5895
"kirch2012",5896
"kirch2014",318
"kirch2007",232
"kirch1992",318
"ljungstrom2004",318
"ravn1993",318
"ravn2011",318
"ravn2018",318
"salmond2010",318
"schjodt2017",318
"smith2010",5897
"spriggs2008",318
"spriggs2016",318
"stolpendd",318
"thomas1997",318
"thomas2010",318
"wawn2000",318
"raukas1997",151
"hinton2005",5898
"hoilundnielsen1999",5899
"leigh1984",319
"clauskrag1982",5900
"ruth1988",5901
"lindkvist2003",5902
"yuhl2013",5903
"cameron2008",5904
"cameron2016",5905
"lewis2017",5906
"karras1980",5907
"larson1935",5908
"lee1936",5909
"audr2001",5910
"benraffield2017",41
"see2012",5911
"reuter2012",41
"blili1996",41
"somerville2014",41
"ch2011",41
"michaelswanton2000",41
"robinson1921",41
"gothenburg2000",41
"goodall1990",41
"henning2012",41
"warner2009",41
"olsson2017",41
"simpson2018",41
"ch2000",41
"lunde2012",41
"jankowiak2016",41
"lewis2016",41
"ostergren2008",41
"kankpeyeng2009",41
"laird2010",41
"bodel2005",41
"walz1977",41
"daniel1992",41
"morgan1998",41
"warren1977",41
"bodel2014",41
"ireland1952",41
"hardh2001",5912
"lamm2005",5913
"lang1995",5914
"salmo1938",5915
"skrzat2010",5916
"tarvel1982",5917
"trotter1952",5918
"anderson2002",5919
"arnold1991",5920
"dowson2006",5921
"dror2017",5922
"fridriksdottir2013",5923
"geller2017",5924
"gero1985",5925
"ghisleni2016",5926
"herget2008",5927
"jansson1992",5928
"jensen2018",5929
"jordan2009",5930
"joyce2008",5931
"knauer2001",5932
"lindqvist2004",5933
"nakhaeizadeh2014",5934
"nilssonstutz2013",5935
"norgardjorgensen1997",5936
"olausson2001a",5937
"reeder2008",5938
"sorensen1983",5939
"stolpe2019",5940
"wylie1992",5941
"dagstorp1999",5942
"mark1998",5943
"bogelund1999",5944
"naes2000",5945
"andersminde1980",5946
"okholm1996",5947
"starigardoldeburg1991",5948
"stro1984",5949
"bchin1965",5950
"albert1999",5951
"albert2002",5952
"barabasi2003",5953
"becker1999",5954
"becker2003",5955
"clarke1972",5956
"dodds2003",5957
"donat1984",5958
"c2006c",5959
"granovetter1973",5960
"herrmann2005",5961
"jacobsson2000",5962
"jons1997",211
"lundquist2003",5963
"meier1991",5964
"ormerod2004",5965
"palmer2003",5966
"palmer2004",5967
"ravasz2003",5968
"renfrew1977",5969
"schoknecht1977",5970
"schuldt1965",5971
"schuldt1967",5972
"schuldt1981",5973
"schuldt1985",5974
"wasserman1994",5975
"watts2003",5976
"watts1998",5977
"wells2005",5978
"wietrzichowski1993",5979
"ahlen1998",5980
"aikio2006",5981
"alenius2007",5982
"alenius2011",5983
"barrett2009",5984
"carpelan1984",5985
"carpelan2003",5986
"carpelan2006",5987
"donner1986",5988
"edberg1999",5989
"fewster2006",5990
"halinen2005",5991
"herrgard2005",5992
"hiekkanen2010",5993
"huurre1983",5994
"hakkinen2010",5995
"ivars2002",5996
"jaakkola1935",5997
"karlsson1987",5998
"korpela2004",5999
"kovalev2007",6000
"kriiska2007",6001
"kumpulainen2004",6002
"kuusela2011",6003
"lehtosalohilander1985",6004
"lehtosalohilander2001",6005
"leskinen2008",6006
"masonen1989",6007
"meinander1950",6008
"moilanen2010",6009
"nordman1944",6010
"norrman1983",6011
"nunez1993",6012
"nunez1995",6013
"orrman1991",6014
"orrman1993",6015
"poutiainen2008",6016
"raninen2010",6017
"ringbom1994",6018
"roeckhansen1995",6019
"salo2000",6020
"schalin2008",6021
"spirgis2006",6022
"spiridonov1991",6023
"taavitsainen1980",6024
"taavisainen1988",6025
"taavitsainen1994",6026
"taavitsainen1999",217
"taavitsainen2007",217
"tomtlund2005",217
"uino2003",217
"maria2001",217
"valtonen2008",217
"viklund2002",217
"wickholm2000",217
"wickholm2004",217
"kirpichnikov1985",6027
"makarov1990",6028
"makarov2009",6029
"melnikova1991",6030
"muller1987",137
"nerman1929",6031
"nosov1992",6032
"nosov2001",6033
"ravdonikas1949",6034
"smolichev1925",306
"sitii2006",306
"andren2004j",37
"beskowsjoberg1987",37
"crumlinpedersen1995d",37
"t1999",37
"grahamcampbell1998j",281
"price1989a",6035
"skaarup1972",37
"terry1990",37
"ludtke2001",6036
"barabas2003",6037
"brinch1991",167
"jansson2008",167
"hakonshetelig1917",167
"harrison2010",252
"russell2007",6038
"budd2014",6039
"score2010",6040
"lundraffield1989",6041
"griffiths1997",281
"ross1983",6042
"thee1980",6043
"baker1997",6044
"khoroshev2007",6045
"kotowicz2007",6046
"macgregor1978",6047
"binns1963",6048
"booth1987",6049
"booth1997",6050
"bulock1960",6051
"clark1966",6052
"craig2010",6053
"cramp1976",6054
"kemp1996",6055
"kershaw2008",6056
"leahy2000",6057
"morris1977",6058
"morris1984",105
"naismith2011",105
"naylor2001",105
"peers1943",105
"powlesland1998",105
"rahtz1967",105
"schoenfelder2011",105
"stocker2007b",105
"thomas2003",105
"townend2014",105
"williams1988",105
"wrathmell2012",105
"richards2014",105
"richards2015",105
"richards1983",6059
"williams1983",6060
"swanton1970",6061
"cluniesross1985",6062
"james1997",6063
"woodward2004",6064
"beskowsjoberg1987a",6065
"beltznd",6066
"clark1984",6067
"davis1983",282
"fehring1987",282
"fehring1995",137
"gerrard2003",282
"hubener1959",282
"karlin1922",282
"liebgott1989",282
"lischnd",282
"moreland1991",282
"sorensen1989",282
"verhaeghe1994",282
"wiessner1939",282
"desha2000",6068
"honolulu1991",6069
"dining1980",6070
"athens2017",6071
"oxfordroutledge2016",6072
"graeber2017",6073
"redknap2004b",6074
"amkreutz2004",6075
"lewis1972",6076
"mattes2016",6077
"mattes2008",6078
"comacchio1983",6079
"whitehouse1983",320
"hooper2006",320
"kirch1985",320
"kristiansen1998",320
"space2015",320
"rainbird2015",320
"ratnagar2001",320
"jp2010",320
"sherratt1993",320
"clark2008",320
"valeri1985",320
"malarlandskapen1993",320
"wallin1993",320
"westerdahl1992",320
"jankuhn1975",167
"ramskou1999",167
"rundkvist2001",167
"windgather1990",167
"windgather2003a",167
"sussex1997",6080
"waitznda",6081
"ramskou1963",167
"neiss2070",167
"attwood2000",6082
"einarsson1991",6083
"blake1962",6084
"durrenburger1934",6085
"ol1939",6086
"ellison2000",6087
"finlay2011",6088
"finlay1959",6089
"kennedy1997",6090
"kunz2000a",6091
"schmeidler1917",6092
"toddnd",6093
"tschan1959",6094
"alkrenawi1999",6095
"alkrenawi2002",6096
"audur2008",6097
"barry1981",6098
"baumeister2004",6099
"betzig1995",6100
"borovsky1999",6101
"boyden2007",6102
"bragg2008",6103
"breitman2004",6104
"broude1976",6105
"caldwell1998",6106
"ross2010",6107
"daly1980",6108
"divale1976",6109
"elbedour2006",6110
"fleisher1999",6111
"fleisher2004",6112
"grossbardshechtman1993",6113
"graslund1989",6114
"henrich2012",6115
"hraundal2014",6116
"huber2011",6117
"jankowiak2008",6118
"jankowiak2005",6119
"karamagi2006",6120
"karras1992",6121
"kress2002",6122
"kolker2014",6123
"larrington2016",6124
"liwoch2007",6125
"ljungqvist2015",6126
"miller1982",6127
"norrman2000",6128
"norstein2014",6129
"odonoghue2004",6130
"omariba2007",6131
"ritchie1976",6132
"saelebakke1986",6133
"schacht2015",6134
"simek1992",25
"sjoberg1976",25
"sorensen1946",25
"wyatt2009",25
"boyes1921",6135
"grierson1959",6136
"gulibekk2005",6137
"hedeager1993",6138
"lunden1999",6139
"steinnes1936",6140
"pormksson1992",6141
"back1984",282
"karlin1923",282
"aberg1923",6142
"aija1997",6143
"ailio1922",6144
"ambrosiani1956",6145
"ambrosiani1968",6146
"arbman1932",6147
"areslatt1993",6148
"arrhenius1999",6149
"atterman1935",6150
"bennettlagerlof1978",6151
"bennett1976",6152
"blindheim1949",6153
"dreijer1966",6154
"drotz1995",6155
"ekholm1918",6156
"eniosova1998",6157
"enqvist1923",6158
"gudesen1980",6159
"hackmannd",6160
"hagberg1966",6161
"helgen1982",6162
"herteig1955",6163
"holmqvist1970",6164
"horfors1988",6165
"kivikoski1980",6166
"lind1984",6167
"lindahl1950",6168
"macgregor1997",6169
"marstrander1973",6170
"martens1969",6171
"monteliusnda",6172
"nilsson1990",6173
"odencrants1933",6174
"rasch2001",6175
"ostergaardjensen1987",6176
"petre1984b",6177
"ramqvist1998",6178
"rasmussen1989",6179
"reisborg1994",6180
"ryghndf",155
"salinnd",6181
"sarauw1923",6182
"schonbeck2002",6183
"serning1960",6184
"simonsson1972",234
"spirgis2007",234
"stjernquist1951",234
"stolpe1927",234
"tillvaxten1909",234
"vangpetersen1991b",234
"vedelnda",234
"worsaaenda",234
"bagge2010",321
"englert2007c",321
"callmer1976",321
"dalton1975",321
"elster2007",321
"finley1973",321
"hansen1977",6185
"jansen2015",321
"lie1988",6186
"mikkelsen2006",321
"mitchell1984",6187
"myrvoll1992",321
"ostmo2011",321
"pilo1990",321
"polanyi1944",6188
"rundberget2009",321
"stenvik2003",6189
"swedberg2014",321
"wiberg1977",321
"voncarnapbornheim2007",6190
"cohen1997",6191
"fuchtbauer1971",6192
"dejong2010",6193
"kiefferolsen1997",6194
"lihammer2007",6195
"lindstrom1991",134
"messenburg1972",134
"milthers1916",134
"moberg1994",134
"naum1925",134
"rossmann2000",134
"safran2005",134
"schoeninger2003",134
"vensild1996",134
"vonhejine2004",134
"wagnkilde1996",134
"nordal1938",25
"sigurdur1938",25
"christensen2012",116
"engberg2002",116
"rieck1992",116
"sigurdsson2012",116
"skre2005",116
"soderberg1966",116
"olausson2009",116
"kvhaa1903",234
"bratt1999",6196
"darvill2004",6197
"driscoll2004",6198
"meaney1995",6199
"meaney1997",6200
"olafsson1985",6201
"pantos2002",6202
"pantos2003",6203
"addyman1981",6204
"alcock1963",6205
"bayley1987",6206
"bayley1991",6207
"bayley2008",6208
"benson1911",6209
"blair1991",6210
"boni2003",6211
"clarke1998",6212
"coatsworth2002",6213
"comber2004",6214
"cowgill2009",6215
"dickens2009",6216
"cowie2012",6217
"craddock1989",6218
"daniels1988",6219
"dommasnes1987",6220
"emery2007",6221
"eremin1998",6222
"wilthew2002",6223
"garmonsway1947",6224
"gilmore1980",6225
"griffiths2007",6226
"hall2001",6227
"higham1993",6228
"hinton1990",6229
"hinton1996",6230
"hinton2000",6231
"hinton2003",6232
"hutcheson2009",6233
"kershaw2010",6234
"laing2006",6235
"loken1987",6236
"macgregor1999",6237
"mann1982",6238
"newman1993",6239
"nicholson1997",6240
"omeadhra1987",6241
"oriordain1971",6242
"owencrocker1986",6243
"paterson1997",6244
"paterson2000",6245
"pritchard1991",6246
"radley1971",6247
"seaman2013",6248
"smith1923",6249
"waltonrogers2004",6250
"taylor1987",6251
"thomas2004",6252
"thomas2008a",146
"tweddle1986",146
"vince2001",6253
"rogers2007",146
"rogers2014",146
"rogers2016",146
"wastling2009",146
"waterman1959",146
"webster2012",146
"caroline1999",6254
"blank2018",6255
"chukhina2015",6256
"davydova1999",57
"dzhakson2002",57
"dzhakson1986",57
"glykou2018",57
"gorelov1997",57
"nv2017",57
"gromig2019",57
"jackson2003",57
"jackson2009",57
"khudoley2013",57
"kirpichnikov1984",57
"kirpichnikov2013",57
"knudson2007",57
"lalazarov2012",57
"moiseyev2014",57
"moisio2015",57
"ostman2004",57
"petrenko1985",57
"petterson1995",57
"platonova1996",57
"raffensperger2014",57
"saarnisto1995",57
"sankina2000",57
"sauramo1929",57
"karlgoran1999",57
"subetto1998",57
"zazzo2004",57
"dunfjeldaagard2005",6257
"reymert1980",6258
"arne1909",6259
"bergstol2002",6260
"bohannan1959",6261
"brogger1928",6262
"fjellstriim1962",6263
"ell1990",6264
"gullbekk2003",185
"jasinski1998",128
"kopytoff2000",128
"montelius1922",128
"niisstriim2001",128
"ojanlatva2003",128
"yrbyggjasaga1989",128
"sandmo1994",128
"kongesagaer1979",128
"steinsland1989",128
"steinsland1992",128
"steinsland1984",128
"stenberger1971",128
"byock1998",6265
"fox1974",6266
"palsson1986",6267
"whitelock1976",6268
"alesina1999",6269
"coffe2006",6270
"dcms2002",6271
"doosje1995",6272
"eger2010",6273
"ellemers1997",6274
"ellisdavidson1976",6275
"jans2015",6276
"stewart1991",6277
"korostelina2007",6278
"lindeman1997",6279
"lonnroth2008",6280
"lund1985",6281
"maderer2014",6282
"mcdonald2012",6283
"petta1992",317
"putnam2006",317
"rhee1996",317
"sawyer1985a",317
"schjodt2011",317
"smith1997",317
"sosis2006",317
"swann2009",317
"swann2012",317
"tajfel1971",317
"thomas1999",317
"tropp2001",317
"whitehouse2012",317
"whitehouse2014",317
"pantos2004",6284
"holmback1933",6285
"lucas1966",307
"bourke1993",307
"hedeager1994",6286
"hardh1988",307
"kruse2007",307
"lieber1989",307
"miller1986",307
"mullerboyson1987",307
"saunders1995",307
"bagerius2001",6287
"batey2012",6288
"becker2007",6289
"bickerton2015",6290
"grahamcampbell2001h",6291
"bird2000",6292
"blackmore2011",6293
"boothby2004",6294
"bychowski2018",6295
"casey2010",6296
"chagnon1992",6297
"coltrane2006",6298
"connell2000",6299
"connell2005",6300
"crawford2007",6301
"damon2006",6302
"dommasnes2008b",6303
"ember2015",6304
"enloe2017",6305
"erikson1950",6306
"pesch2018",6307
"gilligan1982",6308
"gilligan1990",6309
"gowland2001",6310
"gunnell2013",6311
"haapasalo2000",6312
"halstadmcguire2010b",6313
"handel2007",6314
"hays1982",6315
"higate2005",6316
"hinojosa2010",6317
"hollander1949",6318
"hooper2001",6319
"honwana2006",6320
"howard2000",6321
"kaland2008",6322
"kamp2015",6323
"keith2005",6324
"kimball2013",6325
"knusel2000",6326
"larrington2008",6327
"levine1990",6328
"lewissimpson2008",6329
"lillehammer2010",6330
"macinnes2016",6331
"mcguire2016",6332
"mead1934",6333
"meggitt1977",6334
"mellor2014",6335
"murphy2017",6336
"mygland2010",6337
"hencken1933",6338
"orchard2011",6339
"orme1995",6340
"perkins1972",6341
"preston2014",6342
"raninen2008",6343
"scribner1965",6344
"reynolds1991",6345
"ross2018",6346
"shimahara1970",6347
"soderberg2017",6348
"sofaer2011",6349
"solli2008",6350
"squires2013",6351
"swanton1997",6352
"underwood2006",6353
"varney2000",6354
"weinreich2009",6355
"weisner2015",6356
"weisner1977",6357
"werner1964",6358
"wessells2006",6359
"whaley2009",6360
"whitehouse2017",6361
"woolf2017",6362
"snorres1999",128
"armstrong2000",6363
"a2007a",6364
"barrett1994",6365
"binford1972",6366
"brogger1950",6367
"fuglestvedt2007",6368
"grieg1942",6369
"gunnes1976",6370
"holmsen1939",6371
"ilkjaer2000",6372
"kallhovd1994",6373
"krag1995",6374
"munch1981",6375
"munch2007",6376
"myhre1997",6377
"mollerop1957",6378
"mollerop1971",6379
"parkerpearson1982",6380
"petersen1937",6381
"ronneseth1963",6382
"ronneseth1966",6383
"sandnes1997",6384
"shanks1982",242
"sigurdsson1993",242
"slomann1958",242
"sturlasson1964",242
"stenberger1966",242
"stenvik2005",242
"steuer1989",242
"storli2001",6385
"tacitus1977",242
"titlestad1996",242
"thompson1965",242
"appelgrennd",6386
"back2007",6387
"callmer1980",6388
"callmer1986",6389
"carpelan1980",6390
"damell1967",6391
"delort1978",6392
"edgren1999",6393
"ekbo1981",6394
"enqvist2004",6395
"enqvist2006",6396
"floderus1931",6397
"gustavsson2001",6398
"hackman1938",6399
"haggren2005",6400
"hiekkanen2001",6401
"hirviluoto1986",6402
"huurre1987",6403
"huurre1992",6404
"kivikoski1939",6405
"lang1985",6406
"ligi1994",6407
"lind2000",6408
"lind2006",6409
"lind2009",6410
"makarov2006",6411
"morris1999",6412
"raportteja2003",6413
"pimenov1965",6414
"purhonen1992",6415
"purhonen1997",6416
"ryabinin1978",6417
"ryabinin1986",6418
"saksa1985",6419
"saksa1992",6420
"schmid1942",215
"silliman2005",215
"stang1981",215
"stein1998",215
"stein1999",215
"stein2002",6421
"syse1987",215
"taavitsainen2004",215
"tomantera1991",215
"tvauri2005",215
"zakharov2004",215
"boe2012",6422
"fjell2005",6423
"goffman1971",6424
"grieg1943",6425
"holtorf2005",6426
"rasmussen2013",211
"anon2011",6427
"bloch1939",6428
"chin2004",6429
"dillmann1996",6430
"hall1984",267
"hilberg2008a",49
"horton2000",6431
"klejn2009",267
"knirk1999",267
"mcgovern2011",267
"mullerwille1996",267
"nordenborgmyhre2001",267
"nosov1998",267
"steuer1990",267
"vollertsen1989",267
"ward2000",267
"wallace2001",267
"willemsen2009",267
"wynnejones2007",267
"tacitus1997",242
"batey1994",6432
"bjornskov2009",6433
"bohnet2008",6434
"bourdieu1986",6435
"brondsted1960",6436
"chartrand2006",6437
"barry2008",6438
"delhey2005",6439
"dohmen2008",6440
"freitag2008",6441
"greif1989",6442
"greif1993",6443
"greif2006",6444
"greif2012",6445
"guiso2008",6446
"haywood1995",6447
"langer2002",6448
"lookofsky2006",6449
"milgrom1990",6450
"nannestad2008",6451
"nunn2011",6452
"olson1993",6453
"ostrom2009",6454
"ozcan2011",6455
"paldam2000",6456
"putnam1993",6457
"putnam2000",6458
"raffield2009",6459
"ramskou1962",6460
"rothstein2003",275
"rothstein2005",275
"svendsen2004",275
"svendsen2009",275
"svendsen2012",275
"sorensen1990",275
"traunmuller2011",275
"uslaner2002",275
"uslaner2008",275
"vikings1997",275
"weber2009",275
"williamson1993",275
"aegidius1977",6461
"albrectsen1941",6462
"albrectsen1970",6463
"albrectsen1984",6464
"andersen1987",6465
"andersen1998",6466
"andersen1971",6467
"andersson1972",6468
"andren1994",6469
"arentoft1984",6470
"arentoft1985",6471
"arentoft1993",6472
"arentoft1999",6473
"bartholin1976",6474
"bartholin1974",6475
"becker1982",6476
"bertelsen1991",6477
"bertelsen1992",6478
"binderup1996",6479
"bjerregaard2016",6480
"bjerregaard2017",6481
"christensen1975",6482
"christensen1977",6483
"christensen1999",6484
"christensen2017",6485
"elkjaer2001",6486
"og2001",6487
"fussel2008",6488
"amt1992",6489
"gothche1995",6490
"grandtnielsen1982",6491
"harnow2005",6492
"haupt2006",6493
"henrichsen1968",6494
"henriksen1988",6495
"henriksen2012",6496
"hoff2000",6497
"hohenberg1985",6498
"hohenberg1995",6499
"hojlundnielsen1987",6500
"jacobsen2000",6501
"jacobsson2003",6502
"jeppesen1981",6503
"johannsen1995",6504
"jorgensennda",6505
"juel2010",6506
"kousgardsorensen1969",6507
"krongaardkristensen1998",6508
"krongaardkristensen2016",6509
"langkilde2007",6510
"lauritsen1974",6511
"lauritsennd",6512
"levinnielsen1968",6513
"linaa2016",6514
"lindblom2013",6515
"lundhansen1988",6516
"lundo2012",6517
"madsen1982",6518
"mathiesen1922",6519
"mathiesen1927",6520
"mejdahl1993",6521
"moller2008",6522
"nasman1996",6523
"nielsen1984",6524
"nilsen1990",6525
"nilsson2015",6526
"norgaardjorgensen2002",6527
"nyberg1982",6528
"odman2014",6529
"olesen2014",6530
"olsen1969",6531
"pagh2016",6532
"petersen1987",6533
"porsmose1996",6534
"poulsen2015",6535
"riis1999",6536
"rindel2001",6537
"rosch2013",6538
"runge2016",6539
"runge2017",6540
"sanke2001",6541
"schorring2000",6542
"skaarup1997",6543
"skaarup2005",6544
"smed1962",6545
"sonderby1988",198
"stenak2005",198
"tarup1934",198
"thrane1996",198
"trap1957",198
"ulriksen2016",198
"ulriksen2014",198
"vraengmosejensen2017",198
"weber1958",198
"zeeberg2000",198
"zinglersen2004",198
"callmer1990",6546
"mccormic2001a",6547
"halcrow2008",6548
"loyn1977",6549
"bakka1978",6550
"davis1992",6551
"granovetter1985",6552
"gudeman1986",268
"gudeman2001",268
"herschend1980",268
"hirsch1987",268
"lie1997",268
"lunden1972",268
"munksgaard1978",268
"naumann1987",268
"sawyer1989",268
"wilk1996",268
"zafirovski2001",268
"adey2014",6553
"andrushko2011",6554
"beardsley1955",6555
"bergerbrant2007",6556
"binford1980",6557
"bollig1987",6558
"ceruti2004",6559
"cresswell2012",6560
"eerkens2014",6561
"font2012",6562
"frankopan2015",6563
"frei2017",6564
"frobeniusnd",6565
"frobeniusnda",6566
"garnett1945",6567
"gleirscher2004",6568
"greenblatt2010",6569
"gronenborn1999",6570
"heberle1938",6571
"helms1994",6572
"hermes2018",6573
"huntington1996",6574
"jockenhovel1980",6575
"jockenhovel1991",6576
"jockenhovel1995",6577
"jockenhovel1994",6578
"kaufmann2004",6579
"kelly1992",6580
"kelly1995",6581
"kimmig1958",6582
"kootker2016",6583
"krause1988",6584
"lee1966",6585
"ling2014",6586
"lippert2007",6587
"maixner2013",6588
"marshall2015",6589
"melheim2018",6590
"murdock1967",6591
"neaher1979",6592
"neipert2006",6593
"nerlich2009",6594
"oelze2011",6595
"pernter2007",6596
"plomp2017",6597
"podolny2005",6598
"reiter2014",6599
"reiter2015",6600
"schadelindig2003",6601
"scharlotta2018",6602
"scheeres2014",210
"shellar2018",210
"sjastaad1962",210
"stewart2017",210
"tipple2013",210
"vandersanden1996",210
"vandkilde2007",210
"veblennd",210
"welsweyrauch1988",210
"wendrich2008",210
"white2009",210
"beck2013",6603
"blindheim1954",126
"chase1997",126
"enright1988",126
"eriksen2002",126
"gansum2018",6604
"gjerpe2016",126
"meulengrachtsorensen2003",126
"myhrend",126
"nicolaysenndo",126
"sala2008",126
"skyllberg2008",126
"talma1993",126
"warner1987",126
"polanyi1957",268
"swedberg1992b",268
"anderson1998",6605
"asbjornsen1914",6606
"astveit2007",6607
"bangandersen2004",6608
"barth2016",6609
"bjorvand2000",6610
"bjorgo2016",6611
"callanan1906",6612
"christensen1986",6613
"christiend",6614
"vsnd",6615
"clark1975",6616
"derocher2000",6617
"domanska2006",6618
"einbu2005",6619
"finstad2010",6620
"fjellheim2005",6621
"frostatingslova1994",6622
"gibson1979",6623
"giese2013",6624
"gulatingslovi1969",6625
"hansen2005",6626
"hodder2011",6627
"hofseth1980",6628
"hoyer2015",6629
"indrelid2007",6630
"ion1989",6631
"jordhoy2013",6632
"jordhoy2005",6633
"jordhoy2012",11
"lagaboters1979",11
"martinsen2016",11
"molmen1988",11
"ryd2014",11
"roed2014",6634
"roed2015",11
"spiess1979",11
"vorren1944",11
"wammer2007",11
"weber2007",11
"wiberg1987",11
"carlsson2012a",6635
"clareus1999",6636
"conyers2007",6637
"conyers2010",6638
"damiata2013",6639
"daniels2004",6640
"david2008",6641
"gahrn1988",6642
"goodman1993",6643
"goodman2013",6644
"grasmueck2005",6645
"hjulstrom2014",304
"hjulstrom1920",304
"ilisch2004",304
"karlsson2008",304
"larsson1987",304
"leckebusch2003",6646
"lindqvist2000",304
"malmer1982",304
"neubauer2002",6647
"nordenskjoldnd",304
"novo2010",304
"novo2012",304
"poscetti2013",304
"stenberg2006",304
"sundquist2013",304
"viberg2012",304
"urry2007",210
"armstrong1953",6648
"bates2000",6649
"bates2007",6650
"bayer2011",6651
"benedetti2011",6652
"berendsen2000",6653
"bird2010",6654
"bird1985",6655
"bristow2003",6656
"bristow2006",6657
"brivio2000",6658
"brown1997",6659
"burke2008",6660
"butzer1982",6661
"clemmensen2010",6662
"darwin1990",6663
"declercq2012",6664
"fatimarossetti2009",6665
"smedt2011",6666
"denham2008",6667
"deroin2011",6668
"dincauze2000",6669
"doneus2008",6670
"donoghue1988",6671
"embleton1970",6672
"chng2004",6673
"fairbridge1985",6674
"fitch2005",6675
"french2005",6676
"gabler2013",6677
"gaffney2008",6678
"harari1996",6679
"hickin2009",6680
"hodgson1976",6681
"howard2008",6682
"ilves2009",6683
"ilves2012",6684
"jensen1999",6685
"jongmans2007",6686
"kneisel2008",6687
"komar1998",6688
"lasaponara1995",6689
"leopold2010",6690
"linford2006",6691
"lunt2005",6692
"luo2012",6693
"mansfield2007",6694
"mcgraw2014",6695
"mchugh1988",6696
"nau2004",6697
"neal2002",6698
"neubauer2001",6699
"neubauer2004",6700
"proschdanielsen2006",6701
"proulxmcinnis2013",6702
"ramberg2008",6703
"rapp2006",6704
"saey2013",6705
"schrott2008",6706
"short2004",6707
"siart2008",6708
"soil2006",6709
"syvitski1995",125
"tamura2012",125
"taylor1996",125
"trinks2015",125
"vandam2012",125
"wegmann2012",125
"weston2001",125
"wilkinson2003",125
"yoshiki2005",125
"dommasnes1992",6710
"enright1995",207
"hornfuglesang1989",207
"kaliff2004",207
"koktvedgaardzeiten1997b",207
"larsson2005",207
"rosengren2007",207
"eriksen1991",115
"fern2012",115
"kirkup2006",115
"nasstrom1999",115
"sanmark2006",6711
"koivisto1996",6712
"leppaaho1936",6713
"sarasmo1961",6714
"sarkki1976",6715
"cleve1948",6716
"drobin1991",6717
"hirviluoto1976",6718
"honko1960",6719
"huntington1979",6720
"huurre1990",6721
"karvonen1998",6722
"keskitalo1950",6723
"kitzler2000",208
"kivikoski1961",208
"kivikoski1963",208
"lehtosalohilander1988",208
"mandel2003",208
"oestigaard2006",208
"paulaharju1924",208
"purhonen1998",208
"palsi1938",208
"sarkkiisomaa1986",208
"sjoberg1994",208
"tarlow1999",208
"wickholm2005",208
"tacitus1960",207
"graslund1973",207
"randsborg1984",207
"stjernquist1989",207
"blinkhorn1999",236
"brather1996",236
"c2006d",236
"filipowiak1993",236
"soren2002",236
"jankuhn1956",236
"janssen1987",236
"kirpichnikov1997",236
"ohlsson1976",236
"sawyer1977",236
"warnke1992",6724
"bjornstad2010",6725
"bjornstad2012",6726
"brandt2011",6727
"excoffier2010",6728
"flodin1989",6729
"forster2003",6730
"halinen2013",6731
"hartnup2011",6732
"hedman2015",6733
"hofreiter2001",6734
"hufthammer2011",6735
"komber1987",6736
"librado2009",6737
"loftsgarden2017",6738
"luik2015",87
"munch1998",87
"olivieri2014",87
"roed2008",87
"roed2011",87
"roed2018",87
"rytter1997",87
"rytter2007",87
"schia1986",87
"skogland1980",87
"star2018",87
"wandeler2007",87
"marstrander1932",281
"megaw1950",281
"moore1900",281
"shetelig1925",281
"shetelig1945",281
"shetelig1954",281
"whitelock1967",281
"wilson1974",281
"sorensen1988",125
"arnorsdottir1973",6739
"blackburn2009",6740
"bourdieu1990b",6741
"dalton1977",6742
"ed1984a",6743
"gustin1996",6744
"hedegaard2002",229
"heijne2004",229
"horsnaes2000",229
"kazanskij2007",229
"kromann1985",229
"metcalf1997",229
"mikkelsen2001",229
"north1990",6745
"odeback2009",229
"pertznd",229
"ed1905",229
"vinsrygg1975",229
"schia1989",87
"bertran1991",6746
"cammas1994",6747
"cammas1995",6748
"cremaschi2010",6749
"fitzpatrick1993",6750
"galinie2004",118
"loveluck2001",118
"maixner2010",118
"de1997",118
"nicosia2014",118
"schiegl1996",118
"verslype2004",118
"wouters2013",118
"ballantyne1994",6751
"ballantyne1999",6752
"bauge1980",6753
"brandnd",6754
"heggstad1975",6755
"indrebo1936",6756
"jakobsen1936",6757
"mackie2002",6758
"mccullough2000",6759
"nymoen1995",6760
"nymoen1997",6761
"ogrady2008",6762
"paton2011",6763
"palsson2003",6764
"bruce1908",6765
"cant1975",6766
"cleasbynd",6767
"js1914",6768
"coolen2011",6769
"crawford1984",6770
"dodgson1972",6771
"donaldson1958",6772
"edmondstonnd",6773
"fellowsjensen1996",6774
"greignd",6775
"stewart1987",6776
"solvara2002",6777
"waugh2005",6778
"westerdahl2004",216
"westerdahl2004a",216
"zoega1910",216
"peel2009",216
"riisoy2013",216
"ringstad2006",216
"ritchie1997",216
"sanmark2011",216
"schlyternd",216
"barabasi1999a",6779
"freke1992",281
"omgard1980",6780
"taebringmikkelsen1986",6781
"coggins1967",6782
"behrenlubchin1965",6783
"ystadtankbaten1976",6784
"brughmans1989",6785
"worldcatbuttler1991",6786
"cheng2006",6787
"krause2000",6788
"dress2007",6789
"fitzhugh2000a",6790
"forster2006",6791
"gen2008",6792
"graham2006",6793
"hage1991",6794
"isaksen2008",6795
"worldcatjohansen2004",6796
"klincewicz1998",6797
"worldcatkorte2006",323
"labianca2006",323
"lebecq2007",323
"minoux1989",323
"crossrefmizoguchi2009",323
"batagelj2005",323
"randall2001",323
"randall1994",323
"worldcatschofield2005",323
"worldcatsindbaek2010",323
"terrell2010",323
"young2006",323
"valente2005",323
"vince2005",323
"bayley2007",6798
"bech2011",223
"edwards1999",223
"escher1976",223
"higgins1966",223
"ingstad1985",223
"jackson2000",223
"jackson1978",223
"jordan1980",223
"linderothwallace2006",223
"ere2002",223
"morgan1975",223
"rasmussen2010",223
"roussel1941",223
"stonge2000",223
"burstom1993",229
"london1990",6799
"michelmerch1972",6800
"batey1987",6801
"brown2003",6802
"buttler1989",6803
"buttler1991",6804
"crumlinpedersen1984",6805
"driscoll2002",6806
"henry1945",6807
"henry1952",6808
"hubbard1989",6809
"khvoshchinskaya2007",6810
"lane2007",6811
"maclaren1974",6812
"mann1984",6813
"may1948",6814
"mills2007",6815
"osullivan1970",6816
"pearson2001",6817
"rollason2004",6818
"santi2005",6819
"sharples2003",6820
"sidebottom2000",6821
"wallace1981",6822
"wallace1985",6823
"pirenne1938",118
"meier2001",6824
"cabot2004",6825
"ahlen1994",6826
"collen2011",6827
"devries1961",6828
"duwel2001",6829
"eriksson1991",6830
"gelting2000",6831
"gren2003",6832
"gustavson1995",6833
"hafstrom1962",6834
"iversen2004",6835
"kallstrom2012",6836
"krovel2001",6837
"lamm2006",6838
"lindkvist1979",6839
"ljung2001",6840
"lagaboters1915",174
"mejsholm1954",6841
"nasman2008",6842
"nelson2013",6843
"norseng1987",6844
"peterson2007",6845
"peterson2012",6846
"stahle1969",6847
"ringstad1989",6848
"ronneseth1975",6849
"selinge1980",6850
"sturluson1995",6851
"stahle1956",6852
"stahle1958",109
"struck1990",109
"sundqvist2016",6853
"taranger1913",109
"vikstrand2015",109
"vogt2010",109
"williams1996",109
"winberg1985",109
"zachrisson2002a",109
"aitchson1994",6854
"bagge1989",6855
"ballantyne1999a",6856
"bartlett1994",6857
"brink2003",6858
"brynjulfurnd",6859
"dndiplomatariumnorvegicumnd",6860
"driscoll1998",6861
"driscoll2000",6862
"flatman2010",6863
"fornsok2012",6864
"fridriksson2004a",6865
"wollett2004",6866
"damiata2005",6867
"gelling2000",6868
"gilchrist1995",103
"glass2011",6869
"glick2005",103
"groenewoudt2009",103
"gustafsson2001",103
"hebede1968",103
"hellquist1980",103
"henriksen2001b",103
"higham1992",103
"holm2009",6870
"iversen1956",103
"kulikowski2005",103
"larsson1995",103
"goff1988",103
"liebermann1913",103
"mehler2012",103
"moore2005",103
"narmo1996",174
"oosthuizen2011",103
"rippon2004",103
"rygh1907",103
"samdal2008",103
"simonsson1984",103
"staf1935",103
"stocking2000",103
"vesteinsson2011",103
"akureyri2001",103
"vestergaard1988",103
"warner1988",103
"widgren1986",103
"skorokhod2017",306
"smolichev1926",306
"stankevich1962",306
"skorokhod2018",306
"sytyi2006",306
"heid2008",6871
"axboe1991",6872
"bakka1981",6873
"bursche2002",6874
"boe1923",6875
"cipolla1956",6876
"dyhrfjeldjohnsen2013",6877
"engeler1991",6878
"fonnesbechsandberg1985",6879
"fonnesbechsandberg1988",6880
"fonnesbechsandberg1989",6881
"frimannslund1966",6882
"gemici2015",6883
"graeber2011",6884
"guest2008",6885
"hagland1994",6886
"herschend1987",6887
"herschend1991",6888
"humphrey1985",6889
"ingham2004",6890
"innes1913",6891
"innes1914",6892
"kilger2015",6893
"klang2013",6894
"kallstrom2010",6895
"leeper1933",6896
"meikle1994",6897
"munch1956",6898
"munksgaard1956",6899
"naismith2012",6900
"painter2013",6901
"pare2013",6902
"rau2013",6903
"rovelli2012",6904
"ruthstrom1993",6905
"schacht1949",6906
"scull1990",6907
"steuer2013",6908
"stormndd",6909
"voss1955",6910
"wray1999",218
"zelizer1994",218
"zimmermann2003",6911
"ashby2012",6912
"blehr1973",6913
"clarke1988",6914
"donaldson1981",6915
"edwards1997",8
"hunter1982",8
"hunter1989",8
"kjoshanssen1973",8
"macgregor1983",8
"meiri2013",8
"morris1985",8
"smirnova2005b",8
"solazzo2011",8
"sommer2009",8
"sykes2011",8
"wasser2008",8
"biggs2014",6916
"bjordal2017",6917
"bradley1991",6918
"collis1995",6919
"dumville1977",6920
"feldman1975",6921
"fulk2014",6922
"grant1986",6923
"green1965",6924
"gutsmiedlschumann2018",6925
"gothberg2018",6926
"hall2006",6927
"heaney2001",6928
"heinertz1925",6929
"hodder1976",6930
"hardh2002",6931
"ilkjaer2001",6932
"imer2010",6933
"indrebo1932",6934
"jorpeland2018",6935
"klaeber1950",6936
"klaeber2014",6937
"lindkvist2003a",6938
"ljungkvist2017",6939
"malmros1999",6940
"malone1962",6941
"neidorf2013",6942
"neidorf2014",6943
"neidorf2017",6944
"nerman1942",6945
"niles2007",6946
"nasman1999",6947
"osborn2007",6948
"ostmo2018",6949
"pilo1993",6950
"pohl2009",6951
"rau1955",6952
"reichert1987",6953
"reichert1990",6954
"rix2015",6955
"sawyer1991",6956
"schlesinger1965",6957
"schnetz1990",6958
"scull2016",6959
"seiler2018",6960
"steuer2006",6961
"sundqvist2018",6962
"svennung1974",6963
"sorensen1982",6964
"talbot1954",6965
"taranger1934",6966
"teigen2007",6967
"wikborg2018",6968
"wolfram1971",6969
"wolfram2008",32
"wolfram2009",32
"wolfram2011",32
"wood1994",32
"wood1977",32
"aarsleff1955",233
"fuglesang1985b",233
"cunliffe2002",65
"edwards1917",65
"espelund2013",65
"frank1998",65
"harding2013",65
"harris2003",65
"holm2005",65
"metcalf1995",65
"trakadas2014",65
"tschan2002b",65
"vosmer2014",65
"uws2004",218
"wray2004",218
"ahmad2006",6970
"aikawafaure2009",6971
"ankersmit2009",6972
"ashworth2007",6973
"bender1993",6974
"bender2007",6975
"m2002",6976
"bhaskar1989",6977
"binford1962",6978
"bohm2001",6979
"bohm2008",6980
"w2006",6981
"braudel1949",6982
"braziel2003",6983
"carman2002",6984
"chakrabarty2009",6985
"cheape2009",6986
"clark1936",6987
"clark1954",6988
"crossland2005",6989
"crutzen2002",6990
"dawdy2009",6991
"dixon2005",6992
"domanska2009",6993
"domanska2010",6994
"durkheim1904",6995
"dybdahl2010",6996
"eagleton2000",6997
"edgeworth2010",6998
"t2006",6999
"flannery1973",7000
"foley2005",7001
"fraiture2010",7002
"fraiture2009",7003
"fraser2000",7004
"fraser2001",7005
"fukuyama2002",7006
"gibbon1989",7007
"grosjean2007",7008
"hacking1999",7009
"haraway2008",7010
"harman2010",7011
"harrison2009",7012
"hodder1987",7013
"hodder1999",7014
"holmberg2008",7015
"holtorf2007",7016
"holtorf2011",7017
"hyenstrand1988",7018
"jenkins2004",7019
"jong2008",7020
"kirshenblattgimblett1994",7021
"kirshenblattgimblett2004",7022
"kolen2009",7023
"kotchen2007",7024
"kristiansen2002",7025
"kurin2004",7026
"labinger2001",7027
"lakatos1973",7028
"latour1993",7029
"latour2003",7030
"latour2005h",7031
"levistrauss1962",7032
"lowenthal1985",7033
"madsen1900",7034
"mason2000",7035
"moberg1977",7036
"mullerndc",7037
"mullerndd",7038
"nilsen2003",7039
"nummedal1912",7040
"nussbaum1999",7041
"naess1973",7042
"oestigaard2004",7043
"oestigaard2007",7044
"olsen1986",7045
"olwig2001",7046
"parkerpearson2006",7047
"parkin1999",7048
"partner2009",7049
"periman2006",7050
"petersennd",7051
"pickering1993",7052
"pickering1994",7053
"piotrowski2006",7054
"pollard1998",7055
"rorty1989",7056
"rose2007",7057
"ruddiman2003",7058
"ruddiman2005",7059
"samuel1994",7060
"sanden2008",7061
"schanche1983",7062
"schwandt1994",7063
"serres1995",7064
"shanks2010",7065
"skolimowski1974",7066
"skounti2009",7067
"sloterdijk2009",7068
"smail2007",7069
"snow1959",7070
"snow1966",7071
"solli1989",7072
"spiegel2009",7073
"steinberg2002",7074
"stotz2008",7075
"svestad1995",7076
"terrill2008",7077
"todorov1993",7078
"tvedt2010",7079
"waterton2006",7080
"watson1971",7081
"weisman2007",7082
"welinder1986",7083
"white1949",7084
"white1959",245
"willey1958",245
"wolfe2010",245
"zalasiewicz2008",245
"zalasiewicz2010",245
"blindheimnd",203
"ka1999",203
"ka1995",203
"almgren1904",7085
"eibl2005",324
"ernst1989",7086
"faull1976",324
"zielonka1957",324
"zydok2004",324
"bergsveinn2007",32
"granzweig2018",32
"harding1977",137
"mullerwille1987",137
"murphy2008b",137
"pettersson1991",137
"duwel1995",137
"souers1937",235
"becker1973",7087
"keay2014",7088
"evans2015",7089
"stott2018",7090
"kjaer2018",7091
"trier2019",7092
"guyot2018",7093
"rizaldy2018",7094
"colgan2012",7095
"liu2017",7096
"meng2012",7097
"jain1997",7098
"chen2014",7099
"breiman2001",7100
"belgiu2016",7101
"strobl2009",7102
"flemming2007",7103
"rosenkranz2015",7104
"vennersdorf2017",7105
"mitchell1988",7106
"vanderwalt2014",7107
"illingworth1987",7108
"cerrillocuenca2017",7109
"schubert2017",7110
"ester1996",7111
"freeland2016",7112
"trier2009",7113
"kvamme2016",7114
"verdonck2016",7115
"lewis1995",7116
"bryant1987",7117
"guisan1999",7118
"korsgaard2004",7119
"dereu2013",7120
"riley2017",7121
"knudsen2012",7122
"jakobsen2017",7123
"andersen1992",7124
"pedregosa2011",7125
"steffensen2014",7126
"marmol2004",7127
"tsai2008",7128
"andreasen2016",7129
"french2010",7130
"grieve1992",7131
"french2018",7132
"davis2019",7133
"lambers2016",7134
"traviglia2016",7135
"lambers2019",7136
"trier2016",7137
"zingman2016",7138
"verschoofvandervaart2019",7139
"zhu2006",7140
"benediktsson1997",7141
"sevara2018",7142
"fortidsminder2018",7143
"petersen2015",7144
"biermann2016",7145
"harck1986",114
"overgaard2016",114
"harck1990",114
"hoy1991",114
"wu2016",114
"certini2013",114
"zhang2018",114
"silburt2019",114
"hanson2012",114
"cowley2012",114
"sevara2013",114
"jonsson2007",7146
"saxe1970",137
"blochnakkerud1994",174
"blom1991",174
"christophersen1974",174
"frostatingslovahagland1994",174
"indrelid1988",174
"jouttijarvi1991",174
"loftsgarden2011",174
"lyngstrom2009",174
"mjaerum2007",174
"pilo2013",174
"pilo2012",174
"pleiner1989",174
"bagge2008",7147
"brink2008ag",7148
"ekrem1998",7149
"evenstadnd",7150
"gundersen2016",7151
"gunnarsdottir1999",7152
"hoeg1996",7153
"hougen1930",7154
"jacobsen2005",7155
"jordhoy2007",7156
"larsen2009",7157
"magnus2005",7158
"moen1998",92
"orning2008",92
"ostrom1990",92
"risbol2005",92
"saetren2011",92
"salvesen1969",92
"sevatdal1985",92
"solem2004",92
"stenseth2005",92
"ruralia2005",92
"wangen2006",92
"jorgensen1986",203
"alsleben2009",7159
"andreasson2010",7160
"behre1976",7161
"behre1978",7162
"billing1998",7163
"bjorkman2007",7164
"eggen1991",7165
"farrar1998",7166
"fredskild1971",7167
"fruergaard2005",7168
"gleason1994",7169
"greig1996",7170
"harild2007",7171
"heimdahl2009",7172
"heimdahl2010",7173
"helbaek1958",7174
"henriksen2008",7175
"hjelmqvist1963",7176
"holmboe1927",7177
"jacomet1988",7178
"jensen1979",7179
"karg2007",7180
"karg2010",7181
"karg2012",7182
"karg2002",7183
"kirleis2011",7184
"knorzer1999",7185
"kolstrup2009",7186
"korbergrohne1987",7187
"kroll1986",7188
"kroll1987",7189
"kroll2007",7190
"lageras2003",7191
"lange1997",7192
"lundquist2006",284
"moffett2006",284
"moltsen2005",284
"moltsen2009",284
"nielsen2010",284
"pettersson2002",284
"ramskou1974",284
"regnell2001",284
"strank2008",284
"tollin2005",284
"vanderveen2005",284
"stene2014",92
"berg1983",7193
"berglund2015",7194
"bjorkbom1907",7195
"cabouret1989",7196
"emanuelsson2001",7197
"erixon1918",7198
"erixon1956",7199
"frodin1925",7200
"hellstrom1917",7201
"indrelid1994",7202
"kvamme1988",7203
"lofgren1982",7204
"marsden2005",240
"montelius1977",240
"nyman1952",240
"olsson1998",240
"prescott1995",240
"sandnes1989",240
"sandnes1991",240
"schug2010",240
"styhre2013",240
"svensson2015",240
"wennersten2002",240
"whatmore2002",240
"asc1961",7205
"baker2010",7206
"bjornskov2013",7207
"blackburn2014",7208
"blair2014",7209
"campbell1986",7210
"congleton2015",7211
"faith2014",7212
"freudenthal1944",7213
"gillingham1989",7214
"gundlach2019",7215
"hendrickson2018",7216
"hillman2019",7217
"hobbesnd",7218
"keynes1986",7219
"konrad2012",7220
"lambert2017",7221
"lawson1984",7222
"lawson2014",7223
"leeson2007",7224
"miller2014a",7225
"mostert2014",7226
"olson1965",7227
"olson2000",88
"ormrod2000",88
"pelteret2014a",88
"piano2019",88
"powell2009",88
"salter2015",88
"spejlborg2016",88
"vahabi2011",88
"vahabi2016",88
"wareham2012",88
"whitelock2007",88
"yorke2014b",88
"young2016",88
"young2018",88
"adam1917",7228
"grammaticus1979",7229
"bruunnd",7230
"brogger1937",7231
"isleifsson2011",7232
"keegan1987",325
"references2006",325
"einarsson2007",325
"rafnsson1990",325
"rockman2010",325
"steele2003",325
"sigurgeirsson2013",325
"smith2005",325
"sveinbjarnardottir1992",325
"vilhjalmsson1989",325
"walter2010",325
"thorarinsson1943",325
"thorarinsson1977",325
"thordarson1909",325
"lenzen2012",7233
"frachetti2017",7234
"hoffmann2002",7235
"orton2011",7236
"gohring2016",7237
"sundby2008",7238
"opdal2010",7239
"nedkvitne2016",7240
"pauly1995",7241
"jackson2001",7242
"lotze2009",7243
"nielsen2017",7244
"arndt2003",7245
"boessenkool2009",7246
"schroeder2015",7247
"kayser2011",7248
"bradbury2013",7249
"knutsen2010",7250
"selkoe2016",7251
"hutchinson2015",7252
"bradbury2010",7253
"hemmerhansen2013",7254
"sodeland2016",7255
"berg2016",7256
"kirubakaran2016",7257
"barney2017",7258
"hilberg2014f",7259
"orton2014",7260
"nielssen2016",7261
"wickler2014",7262
"ma2012",7263
"green2009",7264
"jonsson2013",7265
"pinhasi2015",7266
"prinz2007",7267
"boessenkool2017",7268
"carpenter2013",7269
"speller2012",7270
"moss2014",7271
"olafsdottir2014",7272
"grealy2016",7273
"nikulina2016",7274
"moss2016",7275
"hoffmann2004",7276
"kirkpatrick2010",7277
"hutchinson2001",7278
"arnason2015",7279
"sorheim2016",7280
"wright2006",7281
"skjaeraasen2011",7282
"barth2017",7283
"knutsen2003",7284
"jorde2007",7285
"neuenfeldt2013",7286
"nielssen2009",7287
"schmolcke2004",7288
"barrett2015",7289
"cooper2000",73
"star2016",73
"schubert2014",73
"lindgreen2012",73
"star2011",73
"torresen2017",73
"li2009",73
"mckenna2010",73
"purcell2007",73
"korlevic2015",73
"damgaard2015",73
"alt1998",7290
"anz1998",7291
"arcini1991",7292
"boylstone2000",7293
"brather2009",7294
"carlsson1990",7295
"duwel1987a",7296
"ebel1987",7297
"finucane2008",7298
"floderus1927",7299
"garve2011",7300
"harke2003",7301
"hoffmann1989",7302
"kattinger1999",7303
"kjellstrom2014",7304
"kunzler1999",7305
"kyhlberg1991",7306
"kyll1964",7307
"lykiardopoulos1981",7308
"malarstedt1979",7309
"milner1991",7310
"mortagua2006",7311
"onasch1981",7312
"philpott1991",7313
"pettersson1966",7314
"molina1970",7315
"ruprecht1958",7316
"salin1952",7317
"sandholm1965",7318
"g2000",7319
"staecker1997",7320
"staecker1998",7321
"staecker2000",7322
"stewart1944",7323
"stewart1946",7324
"svahnstrom1984",7325
"thunmarknylen2004",7326
"taylor2008",7327
"vukovic2009",7328
"westholm1989",194
"wilke1931",194
"wilson1992",194
"yrwing1992",194
"yrwing1994",194
"zipp2010",194
"abels2003",147
"ager2008",147
"valante1998",147
"naismith1995",147
"danecek2011",73
"adams1981",7329
"ayres1985",7330
"barnosky2004",7331
"binford1997",7332
"brandner1998",7333
"catton1980",7334
"cooke1931",7335
"culbert1988",7336
"dalan1997",7337
"dalton2000",7338
"diamond1968",7339
"flenley2002",7340
"flenley1984",7341
"hughes1975",7342
"jacobsen1958",7343
"jevonsnda",7344
"kirch1984",7345
"lopinot1985",7346
"mccoy1976",7347
"malthusnd",7348
"meggers1954",7349
"milner1990",7350
"mulloy1970",7351
"phillips1979",7352
"ponting1985",121
"rees2004",121
"rescher1978",121
"sanders1962",121
"sanders1963",121
"sheets1999",121
"steadman1989",121
"steadman1995",121
"steadman1994",121
"tainter2000",121
"turner1974",121
"vanandel1990",121
"vantilburg1994",121
"banfield1974",7353
"m1962",7354
"cleland1973",7355
"corbeil2000",7356
"fitzhugh1994",264
"harp1975",264
"laeyendecker1993",264
"laver1983",264
"lee1968",264
"maryrousseliere2002",264
"mccartney1973",264
"meldgaard1962",264
"myrvoll1985",264
"odess2000",264
"bstergard1948",264
"park1951",264
"plumet1982",264
"ellesmere2000",264
"brandt2012",299
"hardt2003",7357
"kramer1984",211
"schwank2013",211
"blackburn1986",147
"kershaw2023",147
"redknap2003",147
"wallace2015",147
"reuter1992",147
"redknap2009",147
"blackburn2006",147
"agersnaplarsen2011",211
"schovsbo2013",211
"felixnd",7358
"aspeborg2005",7359
"birddavid1999",7360
"bullough1983",7361
"burnell1999",7362
"cannon1989",7363
"chandler2010",7364
"effros1997",7365
"einsenschmidt2004",7366
"gibbon2007",7367
"halsall1995a",7368
"hamilton2006",7369
"harvey2006",7370
"thorlaksson1978",7371
"gestsdottir1998",7372
"innes2000",7373
"jochens1999",7374
"lastovicka2013",7375
"marshall1950",7376
"patterson1982",184
"prothero2002",184
"radin1986",184
"shapland2012",184
"steinunnkristjansdottir2004",184
"stocker1993",184
"stromback1975",184
"zugaiar2012",184
"geolog1947",7377
"hagberg1967",7378
"hagberg1961",7379
"holmberg1969",7380
"lamm1995",7381
"hamilton2007",7382
"hamilton1996",7383
"hamilton2008",7384
"karlsson2005",7385
"olson2004",7386
"wernerson1996",7387
"annuswer2003",7388
"annuswer2007",7389
"annuswer2002",7390
"arrhenius2011a",7391
"jorpeland2008",7392
"jorpeland2003",7393
"brereton1987",7394
"brink1987",7395
"calissendorff1966",7396
"capelle1995",7397
"carlie2009",7398
"damell2007",7399
"eliade1991",7400
"ericsson2008",7401
"fritsch2004",7402
"hedblom1958",7403
"hedman1989",7404
"holmqvist1980",7405
"hultgard1996",7406
"karlenby2007",7407
"karlsson2007",7408
"lindkvist2007",7409
"lindqvist1910",7410
"lindstromnd",7411
"hansen2011",7412
"lundholm1947",7413
"nordberg2011",326
"nordberg2008",326
"olsson1993",326
"petre2011",326
"schovsbo1987",326
"stjernquist1962",326
"stjernquist1967",326
"stahle1946",326
"vonsydow1978",326
"wessen1923",326
"victor2005",326
"widengren1969",326
"vikstrand2011",7414
"zachrisson2009a",326
"orsnes1964",326
"ehrlich1968",121
"ambrosiani1957",7415
"arnbrosiani1981",7416
"arbmann1940",7417
"backstom2008",7418
"backstrom2003",7419
"bengtzon2001",7420
"booth2008",7421
"floden1993",7422
"friberg1998",7423
"harim2003",7424
"henkel2004",7425
"holmquistolausson1982",7426
"hyenstrand1991",7427
"icomos1993",7428
"kristiansson1996",7429
"lindqvist1928",7430
"linford2010",7431
"lyatski2004",7432
"masters1998",248
"mellinnd",248
"nerman1918",248
"olsson2006",248
"riksantikvarieambetet2007",248
"stavrum1997",248
"stolpende",248
"trinks2012",248
"trotzig1993",248
"wahlander1998",248
"wedmark1999",248
"fridriksson2015",184
"kershaw2015",184
"magnus2009",248
"hart1995",327
"brodersen1967",7433
"eksnd",7434
"nielsenadamsen1991",7435
"feveile1948",7436
"beretninger1997",7437
"andersen1943",7438
"andersenklindtjensennielsen1970",7439
"nielsen1943",7440
"christensen1982",7441
"lindqvist1920",7442
"beretningved1998",7443
"madsen1994",7444
"orsneschristensen1955",7445
"albrectsen1951",7446
"ottaway2004",7447
"adamsen2003",7448
"albrethsen2003",7449
"andersen1970",7450
"axboe1989",7451
"baeksted1972",7452
"christensen1928",7453
"christoffersen1987",7454
"cosack2005",7455
"ethelberg1986",7456
"grambo1999",7457
"hansen2009",7458
"hansen1995",7459
"hultgard1999",7460
"hoj2004",7461
"jennbert2002a",7462
"jensen1998",7463
"lindqvist1921",7464
"lyngstrom1989",328
"neergaardnd",328
"nerman1917",328
"ravn1989",328
"ravn2008",328
"sparrevohn2007",328
"steinsland2000",328
"stoumann2009",328
"ulriksen1999",328
"orsnes1988",328
"sparrevohn2006",328
"sorensen1998",328
"sorensen1993",328
"arcini1999",7465
"beckra2007",7466
"bolender2007",7467
"bolender2010",7468
"braudel1972",7469
"braudel1980",7470
"bynum1995",7471
"chesson2001",7472
"daniell1997",7473
"frioriksson2001",7474
"geake1995",7475
"gejvall1960",7476
"gestsdottir2014",7477
"gilchrist2015",7478
"hadley2010",7479
"halvorsen2008",7480
"harding2005",7481
"joyce2001",7482
"karlsson2004",7483
"mejsholm2008",7484
"meskell1998",7485
"meskell2001",7486
"thorlaksson2005",7487
"rindal1996",7488
"scott2011",7489
"sellevold2004",7490
"sellevold2008",7491
"sewell2005",7492
"sewell1996",7493
"sigurosson2003",7494
"sigurosson2014",7495
"stefansson1975",7496
"stefansson1978",7497
"steffensen1943",7498
"steinberg2016",27
"sveinbjarnardottir2001",27
"tsaliki2008",27
"vilhjalmsson1995",27
"zadorario2003",27
"zoega2014",27
"zoega2015",27
"zoega2007",27
"zori2007",27
"beckerchristensen1981",7499
"belford2017",7500
"dobat2005",7501
"dorey1969",7502
"ethelberg2012",7503
"ethelberg2017",7504
"gudeman1900",7505
"harck1998",55
"haseloff1937",55
"kramer1992",55
"kramer1995",55
"madsen2008",55
"maluck2017",55
"maluck2016",55
"muller1903",55
"nunn2009",55
"schindel1999",55
"spring2015",55
"witte2018",55
"ambrosiani2003",7506
"arrhenius1978",7507
"berthelon2007",7508
"boytrup2013",7509
"danielsson1973",7510
"glover2003",7511
"culture1985",7512
"kingnd",9
"malmer2010",9
"mikkelsen2012",9
"negmatov1999",9
"nicholson2000",9
"noonan1990",9
"rezakhani2010",9
"schumann2011",9
"trotzig1969",9
"witte2017",55
"vangennep1960a",27
"thorgilsson2006",27
"aschehougnd",7513
"benderjorgensen1999",7514
"bjorgo2005",7515
"bjorgo1992",7516
"harrington2008",7517
"kaland1979",7518
"lonning1976",221
"mortensen1994",221
"mortensen1997",221
"martensen2006",221
"ramstad1981",221
"tveiten2011",221
"warburg1974",221
"oye1986",221
"oye2010",7519
"beckerlfred1973",7520
"rdh2007",7521
"hauckarl1970",7522
"bertil2004",7523
"hel2011",7524
"herschendrands1996",7525
"er2001",7526
"lars2015",7527
"lars2012",7528
"lars1998",7529
"lars2004",7530
"erle1994",91
"vist1925",91
"edith1966",91
"martensir1988",91
"sig2011",91
"bernhard1913",91
"von2000",91
"derberg2005",91
"stephenseorgend",91
"sund2002",91
"thunarknlnlena2006",91
"klevnas2007",26
"rundkvist2007",7531
"rundkvist2006",7532
"randers1981",7533
"ramstad2011",221
"roesdahl1978",328
"beckmanthoor2002",7534
"bolin1999",7535
"damell1971",7536
"damell1999",7537
"damell2000",7538
"dybecknd",7539
"florin1963",7540
"forssander1933",7541
"gumaeliusnd",7542
"gothberg1998",7543
"hammar1983",329
"hauptmanwahlgren2002",329
"jensen1997",329
"jonsson1986",329
"lindqvist1912",329
"oldeberg1974",329
"schnell1963",329
"sundqvist1993",329
"vonsydow1926",329
"thedeen2003",329
"wahlfisknd",329
"welinder1990",329
"weiler1999",329
"wigren1987",329
"bjelland2006",292
"carty2005",292
"jansson1962",292
"jeffrey2005",7544
"kitzlerahfeldt2002",292
"kitzlerahfeldt2008",292
"kitzlerahfeldt2009",292
"manneke1984",292
"mahl1990",292
"oehrl2008",292
"sileniuslarsen2009",292
"snaedal2002",292
"snaedal2005",292
"walderhaug1998",292
"widerstrom2002",292
"bildsteine1941",292
"dating2006",292
"andreeff2012a",7545
"backdanielsson2009",7546
"goldhahn2008",7547
"hoilundnielsen2009",7548
"lindgren2008",7549
"oestigaard2013",7550
"thate2009",7551
"thedeen2010",7552
"wessman2007",7553
"jefrey2005",7554
"clarke2001",252
"dietler1996",252
"erlendsson2009",252
"gestsdottir2001",252
"ottir1989",252
"olafsson1979",252
"palsdottir2008",252
"rosenswig2007",252
"roussell1943",252
"stenberger1943",252
"wiessner2001",252
"samnordiskruntextdatabas2005",7555
"andersson2013",7556
"baug2007",7557
"belmont2011",7558
"bjorck2009",7559
"drobin1986",7560
"ek1993",7561
"elfwendahl2001",7562
"elfwendahl1993",7563
"gumaeliusnda",7564
"hallgren2004",7565
"hallgren2005",7566
"hansson1997",7567
"hedblom1996",7568
"hermodsson2009",7569
"junkelmann1997",7570
"kresten1996",7571
"kresten1998",7572
"kresten1994",7573
"lamm2008",7574
"lantmateriet2013",7575
"larsson2012",7576
"lindalv1980",7577
"lundhansen2011",7578
"lothman2004",7579
"mellquistdanielson2011",7580
"myrdal2003",7581
"nilsson1988",38
"olausson2000",38
"persson1997",38
"pettersson1977",38
"pettersson1980",38
"rinnman2013",38
"zachrisson2013",38
"kermode1907",235
"bratt2011",38
"eilersgaardchristensen2011",38
"berg1968",7582
"berglund1991",7583
"bertelsen1979",7584
"bertelsen1995",7585
"bertelsen2005a",7586
"boserup1965",7587
"boserup1981",7588
"brush1987",7589
"vries1974",7590
"hasund1919",7591
"hasund1924",7592
"helle1995",7593
"holm1995",7594
"holm2005a",7595
"holmsen1961",7596
"holmsen1940",7597
"iversen1997",7598
"jirlow1970",7599
"lerche1994",7600
"lunden2004",7601
"martens2009",7602
"munch1966",7603
"myrdal1985",7604
"stockholm1997",7605
"myrdal1999",7606
"orrman2003",7607
"porsmose1981",7608
"porsmose1987",7609
"ramskou1981",7610
"ramskou1975",7611
"sandnes1978",238
"schmidtsabo2001",238
"schmidtsabo2005",238
"steensberg1956",238
"svartkristiansen2005",238
"svartkristiansen2006",238
"valensendstad1964",238
"oye2003",238
"oye2005",238
"bergen2011",238
"zachrisson2006",238
"bergstol2003",238
"villages1968",238
"amorosi1996",7612
"andersen1997",7613
"arneborg1993",7614
"christiansen1997",7615
"degerbol1929",7616
"degerbol1936",7617
"degerbol1941",7618
"andrew2009",7619
"einarsson1984",7620
"einarssonbjarni2011",7621
"gardarsdottir2008",7622
"gerstenberger1997",7623
"guy2010",7624
"gwiazda2005",7625
"johannesson1946",7626
"jonsson1930",7627
"kamenov2008",7628
"krahl2010",7629
"ljungqvist2005",7630
"mcgovern2001",7631
"miksic2013",7632
"norlund1930",7633
"oomen2002",51
"outridge2003",51
"palsdottir2010",51
"robinson2004",51
"roussell1936",51
"seaver2009",51
"sinclair2007",51
"smiarowski2009",51
"smiarowski2013",51
"stefansson1993",51
"sveinbjornsdottir2004",51
"whitehouse1998",51
"borsheim2001",7634
"clover1986",7635
"coleman2014",7636
"conkey1984",7637
"gero1991",5
"hofseth1999",5
"heernes1984",5
"jochens2002",5
"kershaw1989",5
"laqueur1990",5
"mortensen2004",5
"mundal2014",5
"njalssoga1975",5
"riisoy2016",5
"sanmark2014",5
"sigurdardottir2002",5
"sigurdsson2010",5
"jorgensen1997a",234
"zachrisson2004a",28
"cluniesross1998",7638
"ryan1987",7639
"wilson1955b",7640
"mulk1997",243
"jons1997a",7641
"thunmarknylen2006a",230
"ljungkvist2011a",191
"ulriksen2011a",7642
"robberstad1937",239
"hagland1978",239
"dyrhaug1981",239
"rigsantikvarensarkaeologiskesekretariat1987",7643
"suchodolski2002",147
"bulska1996",285
"dennis1980a",239
"killock2008",72
"murphy2008",7644
"goody1986",241
"christensenetal1992",7645
"hungrvaka2002",184
"kjalnesingasaga1959",184
"gulathinglaw1994",19
"ibnfadlan2012",19
"price2006c",109
"pricemortimer2014",91
"neiss2007",230
"askvikresi1984",74
"waterbolk1990",170
"kalmring2010f",49
"kalmring2010g",49
"tomasson1996",119
"simek2006",7646
"westerdahl2010",164
"strinngolm2007",249
"christensen1991b",7647
"larsensorensen2005",7648
"andersenetal1985",7649
"sikora2013",100
"eriksenetal2009",170
"hafsaas2007",170
"esverwers1980",220
"gerrets2012",220
"skre2007b",220
"egebjerghansen1992",155
"egilssaga1888",155
"edvardsson2005b",135
"edvardssonmcgovern2007",135
"macgregoretal1999",135
"magery1958",135
"magnusson1886",135
"alenstampetersson1952",7650
"baastruppetersen2010",7651
"baastrup1990",7652
"petersen1940a",7653
"jensenmoller2009",7654
"wilson1960b",7655
"nielsen2002b",7656
"boguckijagodzinski2012",100
"kulakov2005",251
"kleemann1939b",251
"stankus1995b",289
"forssander1943",7657
"feveile2006a",7658
"riddersporre1989",185
"andersen2009a",185
"fidjestol1994a",239
"gurevich1963",251
"thunmarknylen1995a",251
"junker2003a",251
"kulakov1994a",251
"capelle2003a",207
"ambrosiani1996a",167
"plather2011",167
"ljungkvist2008a",157
"steuer2002a",157
"pedersen2014a",157
"zachrisson2009",38
"wessen1940",38
"skre2013",139
"billig1995a",177
"hate1996",201
"feveile2010a",256
"paterson2002",143
"reimer2013a",116
"stamsomunch1970",7659
"skibstedklaesoe1999",203
"segschneider2016",277
"myrberg2008a",83
"hammarberg1989",276
"harrison2014a",7660
"simms1998",135
"leciejewicz1962",101
"leciejewicz1979",101
"riabinin1994a",288
"ostigard1985",154
"solberg1985a",154
"zachrisson2011a",164
"zachrisson2012a",164
"thorarinsson1981",119
"jankowiak2012",266
"larsson2004a",91
"orton1993",64
"jones2003a",64
"warmind1995a",112
"christensen1983a",170
"boivin2000",265
"vanhouts1999",265
"sofaerderevenski2000a",265
"tringham1994",265
"brinchpetersen2006",216
"harck1997",7661
"ahlinsundman2012",161
"adamofbremen1959",134
"sawyer2006",249
"dersarkissian2013",253
"mulk1991",243
"kitzlerahfeldt2012",36
"stummannhansen2003",160
"price2008b",37
"smallwood2007",7662
"downham2017",7663
"braconi2005",7664
"hadley2016a",7665
"worldhealthorganization2018",7666
"addyman1969",7667
"addyman1972",7668
"ballinsmith1994",8
"wallerstrom1997",81
"ostmo2000",81
"fridriksdottir1991",13
"brondsted1962",147
"adamsgilmour2010",64
"baeksted1952",241
"snaedalbrink1984",241
"morris1892",27
"grandtnielsen1974",198
"norgardjorgensen2011",14
"latour1984",7669
"ofloinn2001",7670
"birkedahlchristensen1924",7671
"henriksen1982",7672
"rispling2000",7673
"mollerhansen2000",7674
"roesdahl1986",7675
"wamers1997a",7676
"back1963",7677
"helgesson1987",7678
"jorgensen1980",7679
"jorgensen1980a",7680
"wilson1960a",1
"brondsted1924a",7681
"christiansen1948",7682
"christensen1992a",178
"klaesoe1994",178
"klaesoe1995",178
"klaesoe2002",178
"kleingartner2010",178
"mullerwille2005",178
"odell1959",178
"schulke1992",178
"sindbaek2012a",178
"steuer2010",178
"lundhansen1987",178
"vraengmosejensen2008",178
"mullerwille1978a",178
"ocorrain2001",75
"norderang2004a",7683
"denooy2005",7684
"snorristurluson1964",109
"larsson1873",7685
"carroll2014",7686
"coleman2014a",25
"henriksen2013a",7687
"leahy1997a",225
"fischer2008a",189
"arents2010a",168
"voncarnapbornheim2007a",49
"christensen1991a",170
"jacobsen1942a",170
"ambrosiani1994a",164
"holmquist2015",164
"jeppesen1988",164
"risberg1997",164
"vickers1975",164
"hardh2001a",167
"nielsen1999",234
"iaea2006",209
"fagerlund1993a",308
"hammarberg1976",206
"gansum1998",291
"andersen1970a",206
"englert2009",14
"ambrose1999",119
"robinson2006",274
"norrman2008a",25
"karnell2012a",7688
"jansson2007",188
"macane2001",269
"vonamira1933",194
"pestell2003",7689
"hanks1989",241
"knappett2008a",199
"rhiel1996",199
"dahlback1984",191
"lundqvist1997a",7690
"jensen1995",202
"faulkes1998",7691
"ingold1988",190
"pahlsson1984",243
"hauksson1972",7692
"roberts2005",135
"bjorklund2015",7693
"bjorklund2014",7694
"ilumae2016",165
"zoega2013",227
"mauritsen1982",277
"richards2000a",173
"gunther2015",193
"blifeld1977a",306
"hellesolesen1992a",130
"snorristurluson1997",15
"rcahms2011",150
"mullermertens1999",202
"grahamcampbell1995a",281
"rogerson1995",7695
"wademartins1980",7696
"williams1979",7697
"emery2007a",7698
"hall1989a",7699
"dodd2003",7700
"cunliffe1977",7701
"audouy2009",79
"king1978",79
"carver1978",79
"coggins1983",79
"tylor2005",79
"carver1981",79
"mahony1982",79
"gardiner1990",79
"rogerson1984a",79
"hurst1983",79
"dalwood1992",79
"mainman2000a",79
"loveluck2007a",79
"gould1967",79
"schoknecht1977a",7702
"herrmann2005a",7703
"andersson1994",221
"tacitus1999a",7704
"jorgensen2009a",32
"lundborg2006a",167
"lynnerup2014a",54
"price2005a",7705
"skre2011c",268
"ahlback1990",7706
"hansen1979",7707
"andren1957",7708
"anglert1993",7709
"asad1993",7710
"backdanielsson1999",7711
"bergner1987",7712
"beskow1964",7713
"bostrem1995",7714
"dentz2000",7715
"dillman1997",7716
"duczko1993",7717
"edsman1967",7718
"eisenhofer1950",7719
"fehn1958",7720
"gallen1957",7721
"gjerlow1960",7722
"helander1974",7723
"helander1993",7724
"holmberg1991",7725
"hultgard1992",7726
"tregren1989",7727
"jansson1998",7728
"arkeologisk1981",7729
"holmbick1933",7730
"johansson1965",7731
"olsen1993",7732
"klackenberg1992",7733
"kousgardsorensen1989",7734
"lindgren1987",7735
"molland1976",7736
"nilsson1987",7737
"norberg1958",7738
"nasstrem1996",330
"rentzhog1987",330
"smith1987",330
"steinsland1986",330
"steinsland1998",330
"strembick1935",330
"sundqvist1998",330
"sverdrup1942",330
"sederberg2001",330
"ullen1983",330
"wessen1929",330
"miiller1991",330
"wikman1957",330
"devries1970",330
"fran2006",7739
"arwillnordbladh2005",7740
"fernstal2004",7741
"grislund2002",7742
"grislund2005",7743
"gustavson2000",7744
"vanhouts2001",7745
"lykke2003",7746
"mckinnell2003",7747
"vonmiiller1956",7748
"sundgvist1998",7749
"sundqvist2005",7750
"ortnamnslexikon2003",7751
"sorlin2001",7752
"widmark1995",7753
"barndon1995",7754
"bjornstad2003",7755
"burford1972",7756
"brelstord1949",7757
"brown1995",7758
"childs1991",7759
"childs2005",7760
"cline1937",7761
"davidson1982",7762
"delcourt1957",7763
"dommasnes1997",7764
"englund1999",7765
"espclund2004",7766
"forbe1969",7767
"janson1969",7768
"gjeerdcr1949",7769
"jacobsen2003",7770
"hermundstad1995",7771
"hesio1984",7772
"hines2003",7773
"kriger1999",7774
"maret1980",7775
"marte2002",7776
"mcnaughton1988",7777
"miillerwille1977",7778
"nodanskog2003",7779
"odner1969",7780
"pleiner1969",7781
"raudvere2004",7782
"oldeberg1943",271
"randers1988",271
"reid1995",271
"roesdal1980",271
"rundberget2002",271
"sasson1983",271
"schmidt1997",271
"sjolsvold1949",271
"stigum1971",271
"tveiten2005",271
"todnem1999",271
"vannoten1972",271
"wertime1980",271
"anonym1901",7783
"arne1905",7784
"artelius1993",7785
"artelius2003",7786
"barraud1994",7787
"berger1966",7788
"birkeli1938",7789
"colpe1987",7790
"connelid1993",7791
"furingsten1986",7792
"geels1985",7793
"grislund2001",7794
"hansson1998",7795
"koepping1987",7796
"moberg1950",7797
"nyalssaga1981",7798
"nyalssaga2002",273
"webernd",273
"selinge1986",273
"shepherd1987",273
"stremberg1993",273
"sarlvik1976",273
"trotzig2000",273
"turner1982",273
"almgren1900",273
"1919",273
"birkeli1944",273
"levistrauss1952",273
"sahlstrem1951",273
"selinge1997",273
"kristiansen1984",276
"armstrong1917",7799
"batey1988",7800
"fowler1963",7801
"freke2002",7802
"hudson1998",7803
"jones1971",247
"kermode1994",247
"kruse2017",247
"laing1987",247
"g1983",247
"megaw1938",247
"miller1999",247
"morris1980",247
"muhr2002",247
"corrain2008",247
"olsen1954",247
"oriordain1973",247
"riordain1949",247
"rhysnd",247
"abbott2008",7804
"horizon2008",7805
"andersen1994",7806
"andren2012",7807
"arrhenius2013",7808
"axboe1999",7809
"axboe2001",7810
"axboe2005",7811
"baillie1994",7812
"baillie1995",7813
"baillie1997",7814
"baillie1999",7815
"baillie2001",7816
"baillie2006",7817
"baillie2008",7818
"baillie2010",7819
"barbante2012",7820
"barnish1992",7821
"behre1996",7822
"berglund1996",7823
"bernhardsson2007",7824
"bork1998",7825
"bosley1989",7826
"briffa1990",7827
"briffa1992",7828
"buckland1997",7829
"doreler1992",7830
"doreler2012",7831
"dull2001",7832
"dull2010",7833
"eggum2007",7834
"fehr2011",7835
"gelling1969",7836
"graslund2009",7837
"grattan2007",7838
"grudd2006",7839
"grudd2002",7840
"gunnel2013",7841
"vulnerabilityhalsall2003",7842
"jansen2000",7843
"kaul2004",7844
"keys1999",7845
"kutterolf2008",7846
"lowenborg2010",7847
"nasman2012",7848
"nerman1963",7849
"oppenheimer2011",7850
"pentikainen1989",7851
"rampino1988",7852
"rigby2004",7853
"salzer2007",310
"stenberger1933",310
"stenberger1955",310
"stothers1984",310
"stothers1983",310
"textor2003",310
"torrence2002",310
"traufetter2004",310
"vervruggen1996",310
"vitaliano1968",310
"welinder1975",310
"wylie1989",310
"vulnerabilityzachrisson2010",310
"zerefos2007",310
"kuhl1999",299
"harris2006a",112
"harris2006b",226
"kintigh2014a",226
"jensen1993a",74
"jensen1993b",7854
"petersen1993a",272
"petersen1993b",171
"petersen1993c",51
"mullerwille2001a",99
"mullerwille2004b",129
"price2012b",7855
"thomas2000b",149
"thomas2008c",182
"ambrose1993a",90
"ambrose1993b",204
"barrett2004a",263
"barrett2004b",90
"barrett2004c",73
"barrett2004d",29
"price2010a",26
"barrett2008a",7856
"solli2002a",23
"price2002a",162
"lund2013a",17
"sorensen2001a",37
"duczko2004a",70
"gustin2004a",43
"helms1993a",155
"price2016a",7857
"svanberg2003a",70
"zachrisson1994a",17
"bradley2000a",4
"byock2001a",70
"hedenstiernajonson2006a",157
"jorgensen2003a",4
"linderholm2008a",263
"montgomery2003a",140
"olsen2003a",110
"arwillnordbladh2007a",7858
"gansum2004a",17
"hodges2012a",65
"nielsen1997a",15
"zachrisson2004b",13
"arwillnordbladh1998a",10
"christensen1991c",172
"christensen2015a",33
"dobat2008a",49
"fabech1998b",7859
"gansum2004b",243
"hedeager1992a",70
"kleiminger1993a",31
"loveluck2006a",62
"lund2008a",7860
"mcnicol1997a",28
"norlund1948a",141
"pedersen2010a",29
"arne1932a",61
"baastrup2012a",1
"barrett2008b",74
"budd2000a",134
"downham2007a",70
"franklin1996a",129
"gardela2011a",194
"geary1994a",4
"gosden1998a",17
"grahamcampbell2001a",7861
"graslund2001a",25
"hardh1976a",128
"hedeager1999a",7862
"hedeager1999b",60
"jansson1984a",1
"jesch2015a",47
"jorgensen2008a",13
"simpson2005a",75
"skre2008a",229
"williams2011a",60
"wilson2008a",146
"andersen1995a",7863
"artelius2013a",7864
"ashby2011a",62
"barrett2007a",190
"bergstol2004a",80
"biddle2001a",70
"biddle1992a",160
"bill2013a",125
"bradley2003a",70
"brink2004a",216
"buko2008a",7
"carver1998a",12
"chenery2014a",140
"christensen2010a",60
"christensen2010b",33
"christensen1991d",254
"duczko1985a",7865
"faure1986a",259
"foote1970a",7
"gardela2012a",137
"gardela2009a",135
"geijer1938a",9
"graslund1992a",33
"hadley2002a",7866
"hedeager2005a",29
"hillerdal2009a",138
"hines1997a",146
"iversen2007a",301
"jorgensen2014a",158
"kilger2008a",4
"krogh2007a",202
"kyhlberg1980a",295
"larsson2009a",240
"leslie2015a",113
"lonnroth1997a",7
"milek2012a",93
"montgomery2006a",209
"nasman2003a",62
"naumann2014a",253
"nilsson2003a",196
"nylen1994a",46
"olsen2012a",199
"pedersen2003a",7867
"pedersen1996a",280
"pedersen1999",300
"pilo2018a",11
"price2019b",47
"price2013a",7868
"price1989",7869
"raffield2016b",148
"richards2003a",75
"richards2002a",113
"roesdahl2006a",102
"rundkvist2008a",26
"sawyer1992a",207
"scudder2000a",7870
"skre2007a",131
"solli1999a",60
"stylegar2007a",10
"stylegar2005a",37
"thomas1996a",24
"trinks2007a",286
"williams2016a",2
"williams2003a",112
"wilson2008b",160
"adams2004a",252
"alberti2009a",23
"ambrosiani2002a",300
"amundsen2015a",11
"andersen1998a",198
"andersson2004a",109
"arbman1980a",156
"ashby2014a",7871
"bakka1993a",7872
"bradley2003b",61
"brink1998a",180
"brink1996a",218
"brink2005a",258
"brogger1916a",99
"bryant1996a",7873
"buckley2010a",106
"callanan2013a",76
"callmer2008a",215
"callmer1984a",7874
"callmer2001a",32
"carver1992a",37
"christensen2008a",60
"christensen2007a",172
"clark2007a",293
"crawford1987a",75
"degerbol1948a",196
"dickinson1992a",39
"drescher1983a",229
"duczko1997a",135
"edgren1995a",129
"einarsson1994a",52
"eriksen2015a",66
"fabech1991a",196
"fabech1995a",131
"fabech1992a",21
"fahlander2008a",11
"forster2004a",150
"frei2009a",133
"frolund2007a",298
"gansum2004c",26
"glorstad2008a",158
"glosecki1989a",156
"grahamcampbell2011a",275
"graslund2007a",7875
"graslund1992b",68
"graslund2004a",297
"green1998a",32
"grimes2013a",283
"gustin2004b",1
"hagg1984a",159
"hall2014a",173
"hall2004a",29
"hardh2007a",300
"harke1997a",160
"harrison2008a",135
"hauck1977a",257
"hedegaard2007a",300
"hedenstiernajonson2006b",94
"helgason2000a",29
"hilberg2010a",102
"jakobsson2003a",156
"jankuhn1937a",102
"jansson1984b",1
"johansen1973a",29
"jones2012a",106
"jones2008a",52
"jorgensen2003b",13
"jorgensen1988a",228
"jorgensen2002a",155
"kaland1995a",181
"kiefferolsen1993a",31
"kilger2008b",199
"klindtjensen1975a",245
"kyhlberg1980b",218
"larsen2004a",186
"larsson1997a",60
"lee2008a",106
"li2010a",106
"lie1991a",62
"ljungberg1938a",28
"lucas2008a",27
"macphail2003a",118
"macphail2007a",118
"madsen1991a",198
"malmer1966a",283
"mannering2010a",60
"marold2012a",283
"melchior2008a",71
"muller2003a",210
"mullerwille1977a",154
"myhre1992a",242
"myhre2003a",32
"myhre2003b",7876
"myhre1994a",286
"myrberg2008b",216
"nasstrom2001a",180
"nelson2012a",262
"nelson1991a",70
"nielsen1986a",158
"nielsen1991a",197
"olsen2003b",242
"olsen2000a",29
"pedersen2008a",218
"pedersen2006a",202
"petersen1951a",142
"petersen2005a",254
"price2000a",70
"price1985a",151
"quast2009a",36
"roesdahl2014a",89
"roesdahl1977a",170
"roslund2010a",215
"rundkvist2010a",2
"rundkvist2003a",7877
"samson1991b",139
"sanmark2010a",30
"sawyer1050",32
"sawyer1962a",182
"schneider2015a",106
"semple2013a",216
"sindbaek2012b",165
"skre2007c",191
"skre2007d",172
"skre2007e",160
"soderberg2000a",300
"sorensen1997a",60
"speake1980a",156
"storli2006a",74
"thomas2012a",131
"vesteinsson2004a",252
"warnke1992a",236
"wawn2000a",7878
"white2000a",151
"williams2015a",2
"williams2005a",17
"williams2005b",208
"williams2001a",2
"williams2004a",7879
"zachrisson2004c",38
"zachrisson1997a",80
"zachrisson1984a",215
"zachrisson2010a",218
"zachrisson2003a",71
"larsen2001t",29
"akerstromhougen1981a",4
"alenius2011a",215
"ambrose1993c",134
"ambrosiani1984a",81
"ambrosiani1985a",13
"ambrosiani1991a",236
"amundsen2001a",96
"andersen1995b",260
"andersen1995c",175
"andersen1991a",37
"andersen2010a",131
"andersen1984a",202
"anderson1907a",104
"andersson2008a",237
"andersson1998a",67
"andersson1995a",7880
"andersson2011a",61
"andersson2005a",7881
"andersson2005b",31
"andersson1999a",7882
"andersson2003a",16
"andersson2007a",160
"andersson2000a",89
"andersson2000b",221
"andersson2006a",14
"andren2004a",112
"andren1997a",248
"andren2006",7883
"androshchuk2012a",9
"anglert2006a",33
"arne1932b",189
"arneborg2000a",54
"arrhenius1985a",175
"arrhenius1997a",7884
"arrhenius1997b",67
"arrhenius1995a",4
"arrhenius1973a",257
"artelius1999a",56
"artelius1999b",56
"arwidsson1942a",157
"ashby2013a",8
"backdanielsson2010a",67
"bakka1971a",221
"bakka1973a",80
"bakka1976a",81
"barndon2005b",10
"barrett2003a",160
"bately2007a",74
"bately2007b",32
"batey1993a",78
"bayley2008a",146
"bekpedersen2009a",135
"benderjorgensen1987a",246
"benderjorgensen1995a",237
"bergstol2008a",177
"besteman2004a",143
"blake1962a",7885
"bogucki2007a",217
"bradley1993a",107
"bradley1990a",145
"brather2012a",168
"brink1992a",258
"brink2012a",165
"brink2012b",165
"brink2007a",2
"brink2013a",218
"brink1999a",7886
"brink1990a",35
"brogger1917a",94
"brogger1917b",94
"brogger1945a",31
"bruck2006a",10
"brunstedt1996a",4
"buckland1990a",85
"buckland2008a",54
"budd2004a",142
"callmer1992a",7887
"callmer1991a",74
"callmer1998a",180
"callmer1977a",160
"callmer1981a",214
"callmer2000b",214
"callmer1994a",112
"carlsson1983a",258
"carver1995a",7888
"chappell1986a",125
"christensen2013a",7889
"christensen2008b",89
"christensen2008c",170
"christensen2010c",4
"christensen2004a",175
"christensen2004b",202
"christensen2007b",175
"christensen1983b",228
"christensen1983c",207
"christophersen1982a",241
"church2007a",50
"craig1957a",263
"crawford1999a",135
"crawford2006a",150
"curta2007a",74
"curta2006a",218
"dobat2010a",33
"doneus2011a",248
"doneus2013a",125
"downham2012a",75
"dugmore2007a",50
"dugmore2012a",227
"edgren1995b",217
"edmonds2009a",146
"edwards2012a",227
"ellmers1995a",157
"ellmers1995b",112
"enghoff2003a",262
"eriksen2013a",80
"eriksen1993a",177
"fehring1995a",282
"feveile2009a",7890
"fischer2004a",238
"fridriksson2004b",205
"fry2006a",90
"fuglesang1991a",250
"gansum1996a",186
"gansum2004d",7891
"gardela2013b",194
"gardela2012c",7892
"gardela2015a",194
"gardela2018a",7893
"gardela2016c",7894
"gardela2009b",7895
"gjerpe2005a",31
"glob1969a",250
"grahamcampbell1980a",7896
"grahamcampbell1994a",225
"grahamcampbell2009a",146
"graslund2007b",138
"graslund2001b",19
"graslund2008b",24
"graslund2008c",189
"graslund1995b",25
"graslund1998a",7897
"grierson1986a",218
"hadley2000a",173
"hadley2000b",148
"hall1990a",138
"hall1999a",83
"halsall1998a",184
"hansen2015a",87
"hansen2017c",73
"hansen1989a",228
"hansen2005a",284
"hardh2003a",65
"harris2016a",24
"harrison2015a",7898
"harrison2014b",226
"harrison2013a",7899
"harrison2010a",7900
"harrison2010b",245
"harrison2007a",150
"harrison2008b",7901
"haseloff1981a",241
"hauck1978a",7902
"hedeager2004a",158
"hedeager1999c",7903
"hedenstiernajonson2014a",7904
"hedges2007a",192
"helama2017a",7905
"helberg2010a",85
"henning2007a",118
"henriksen2015a",196
"hernaes1984a",193
"herschend1992a",7906
"herschend1997a",15
"hjelle2015a",108
"hobsbawm1983a",177
"hodges2008a",267
"hoeg2014a",108
"hoilundnielsen1999b",233
"holmquistolausson1998a",204
"holmqvist1951a",241
"holst1110",173
"holst2013a",55
"holt1998a",239
"holt1998b",181
"hugason2000a",93
"imer2011a",250
"imer2011b",250
"ingstad1982a",177
"islendingabok1968a",184
"jacobsen1941a",16
"jakobsson2003b",7907
"jansson1984c",24
"jansson1985a",3
"jansson1985b",9
"jansson1985c",9
"jansson1997a",204
"jensen2004a",13
"jensen2004b",31
"jensen2006a",178
"jensen1986a",89
"jensen1992a",131
"jensen1993c",130
"jeppesen2010a",272
"jesch2009a",74
"jesch2009b",3
"jesch1991a",207
"jessen2012a",89
"jessen2012b",96
"jones1997a",7908
"jones2013a",274
"jones2009a",25
"jones2012b",7909
"jones2005a",44
"jones2005b",284
"jonsson2003a",7910
"jorgensen2002b",67
"jorgensen1995a",89
"jorgensen1992a",65
"jorgensen1998a",181
"jorgensen1994a",38
"joyce2000a",199
"kennedy2011a",122
"kleingartner2013a",7911
"kleingartner2014a",43
"klos2009a",24
"komber1999a",89
"kovalev2002a",9
"kristiansen1999a",46
"kristoffersen2004a",7912
"kristoffersen2010a",19
"krogh1982a",120
"kyhlberg1973a",214
"lambeck2010a",125
"larsen2007a",127
"larsen2011a",211
"larsson1990a",241
"larsson2006a",127
"larsson2006c",33
"lee2008b",27
"lehtosalohilander1982a",217
"leimus2007a",269
"leontev2017a",7913
"lewis2015a",226
"lie1952a",241
"ligi1993a",138
"lillehammer1999a",222
"ljungkvist2008b",190
"ljungqvist2010a",133
"lonnroth1982a",258
"lovejoy1985a",140
"lowe2008a",227
"lucas2008b",51
"lucy2002a",31
"ludowici2010a",122
"luhmlund1961",188
"lund2006a",220
"lund2008b",94
"lund2003a",7914
"lundborg1972a",255
"macphail1994a",169
"magnus1997",234
"magnusson1983a",135
"mann2003a",192
"marold2001a",181
"mccormick2012a",122
"mcgovern2009a",135
"mcgovern2013a",133
"meier2001a",194
"meskell2005a",199
"mikkelsen1994a",284
"mikkelsen1998a",127
"mikkelsen2008a",130
"mjaerum2012a",80
"moesgaard2008a",202
"muldner2007a",192
"murray1983a",171
"murray1983b",228
"myhre1992b",186
"myhre1992d",158
"myhre1987a",7915
"myhre1993a",175
"myhre1980a",175
"myhre1997a",32
"naismith2012a",218
"nasman1989a",13
"nasman2000a",275
"nasman1984a",257
"naum2012a",114
"neckel1983a",7916
"negrel2003a",209
"nelson1999a",202
"nelson2012b",53
"nielsen1998a",89
"nielsen2001a",130
"nielsen1994a",122
"nielsen2002a",234
"nielsen2002c",236
"nielsen1990a",162
"nordeide2011a",7917
"oehrl2011a",7918
"oehrl2013a",7919
"olesen2004a",114
"olsen2009a",111
"olsen2001a",108
"olsson2004a",163
"osullivan2008a",261
"others1998",13
"oye2001a",262
"oye2002a",221
"oye2009a",54
"oye2009b",7920
"oye2010a",221
"pagan1986a",148
"pedersen2009b",162
"pedersen2014c",10
"pedersen2015a",130
"pedersen2008b",5
"pedersen2001a",7921
"pedersen2003b",180
"pedersen2011a",10
"perdikaris2008a",50
"perdikaris2008b",120
"petersen1919b",142
"petre1993a",160
"petursdottir2009a",10
"pilo2007a",234
"pirenne1927a",118
"price2000b",7922
"price2008c",296
"price2018e",7923
"price2008d",202
"raghavan2014a",53
"ramskou1976a",7924
"rasmussen2014a",250
"rasmussen1992",228
"raudvere2003a",7925
"reynolds1994a",127
"richards1998a",7926
"richards1996a",287
"roberts2003a",197
"roberts2000a",227
"roesdahl2014b",231
"roesdahl2003a",48
"roesdahl2005a",202
"roesdahl2005b",37
"roesdahl1996a",7927
"roesdahl1981a",202
"rolfsen1980a",218
"roskaft2005a",242
"roslund2001a",194
"rundkvist2007a",7928
"salin1904a",7929
"sanmark2013b",92
"sawyer2000c",109
"sawyer1988a",109
"sawyer2003a",7930
"sawyer2003b",7931
"sawyer2002a",109
"sawyer1987",24
"schetelig1912a",175
"schneidhofer2017b",126
"sealy2001a",192
"shanks1998a",83
"shetelig1940a",175
"shetelig1944a",142
"sigfusson1940a",25
"sigurdsson2008a",253
"sigurdsson2011a",93
"simek1993a",7932
"simpson2002a",261
"simpson2002b",120
"sindbaek2011b",7933
"sindbaek2014d",7934
"sindbaek2012c",108
"skre2008b",118
"skre2010a",122
"skre2004a",112
"smith2007a",7935
"smith2009a",245
"smith2011",216
"smith2001a",197
"soderberg2006a",14
"soderberg2002a",191
"soderberg2003a",126
"soderberg1996a",163
"solli1999b",25
"solli1996a",3
"solli1996b",177
"solli2008a",245
"solli2008b",245
"sorensen2017a",114
"sorensen1991a",131
"sorensen1999a",171
"staecker2001a",7936
"staecker2009a",194
"steinsland1994a",271
"steinsland2013",7937
"stene2011a",190
"stene2015a",92
"stenvik2001a",3
"steuer1997a",142
"steward1955a",245
"stolpe1912a",159
"stolpe1912b",91
"stylegar2010a",95
"sundqvist2014a",191
"svensson2009c",7938
"svensson2006a",80
"svensson2013a",190
"svensson2008a",240
"sykes2010a",78
"tesch2007a",280
"tesch2007b",93
"theliander2005a",28
"thomas1991a",7939
"thomas2006a",183
"thomsen2005a",14
"thomson2007",227
"thrane1987a",225
"thunmarknylen1995b",194
"turner2007a",7940
"vesteinsson2016a",7941
"vesteinsson2007a",50
"vesteinsson2007b",205
"vesteinsson2004b",205
"vesteinsson2001a",205
"vestergaard2007a",202
"wagner2001a",99
"wallander1989a",154
"waller1996a",257
"walsh2014a",108
"wamers1985a",142
"wamers1999a",241
"watt1999a",159
"watt1999b",159
"wells1999a",138
"white1988a",25
"wickholm2008a",217
"wideen1955a",28
"widgren1998a",120
"wilkinson2003a",245
"williams2011b",146
"williams2007a",4
"williams2002a",218
"wilson2006a",43
"wilson2006b",206
"wilson2007a",217
"wilson2007b",210
"wilson2008c",199
"wilson2008d",197
"wilson1998a",245
"wilson1996b",245
"zachrisson2002",80
"zachrisson2011b",4
"zachrisson2009b",38
"zachrisson2014c",196
"zachrisson2008a",10
"zori2013a",78
