"node_id","community_id"
"aannestad2018",1
"heenpettersen2018",2
"heenpettersen2019",3
"lund2016",4
"lund2021",5
"moen2020",6
"ambrosiani2015",7
"croix2015",8
"vonholstein2014",9
"warmlander2015",10
"lund2019",11
"solli2018",12
"dobat2006",13
"fabech2013",14
"gustafsson2011a",15
"larsson2007",16
"price2006",17
"fahlander2016",18
"price2018b",19
"eriksen2013",20
"andren2013a",21
"lund2004",22
"lund2005",22
"lund2008",23
"lund2017",24
"lund2020",25
"raffield2018",26
"williams2016",27
"zoega2017",28
"andren2013",29
"glorstad2012",30
"lund2010",31
"lund2013",32
"lund2015",24
"skre2019",33
"jessen2016",34
"price2014d",35
"magnell2010",36
"oehrl2017",37
"price2008a",38
"zachrisson2014a",39
"gardela2018",40
"gustafsson2016",41
"raffield2019",42
"androshchuk2018",43
"bill2017a",44
"burstrom2015",45
"glorstad2017",46
"odeback2018",47
"edberg2019",48
"kalmring2010",49
"voncarnapbornheim2014",50
"dugmore2012",51
"frei2015",52
"hartman2017",53
"hayeursmith2018a",54
"jackson2018",55
"tummuscheit2019",56
"artelius2013",57
"fahlander2018",18
"price2019",58
"raffield2016",59
"glorstad2015",60
"arwillnordbladh2013",61
"arwillnordbladh2013a",62
"ashby2015",63
"hennius2018",64
"perry2016",65
"sindbaek2017",66
"griffiths2019",67
"arwillnordbladh2012",61
"backdanielsson2016",68
"price2014",69
"barrett2010",70
"naumann2014",71
"price2014a",72
"star2017",73
"baug2019",74
"montgomery2014",75
"pilo2018",76
"downham2016",77
"mainland2018",78
"sindbaek2016",79
"amundsen2017",80
"bergstol2004",81
"croix2019",82
"kemmers2011",83
"nielsen2011",84
"baug2017",85
"loftsgarden2019",86
"rosvold2019",87
"svendsen2019",88
"beck2018",89
"grupe2013",90
"zachrisson2017a",91
"stene2017",92
"kristjansdottir2015",93
"bill2016",94
"bill2017",95
"fredriksen2014",96
"gullbekk2014",97
"macphail2013",98
"pedersen2015",99
"williams2014",100
"gardela2015",101
"jagodzinski2014",102
"hilberg2016",103
"sanmark2013",104
"harris2017",105
"richards2018",106
"anchukaitis2017",107
"helama2017",108
"pilo2020",109
"zachrisson2017",110
"eriksen2017",111
"ellingsen2019",112
"price2010",113
"jarman2018",114
"stott2019",115
"ulriksen2018",116
"pedersen2019",117
"sindbaek2018",118
"wouters2016",119
"dugmore2007",120
"keller2016",121
"tainter2006",122
"carver2015",123
"runge2018",124
"domeijlundborg2012",125
"schneidhofer2017",126
"tonning2020",127
"barrett2008",70
"beck2017",128
"spangen2009",129
"hillerdal2010",130
"christiansen2019",131
"dobat2013",132
"baug2015",133
"henriksen2017",134
"price2012",135
"milek2012",136
"kastholm2016",137
"toplak2018",138
"gustin2017",139
"pedersen2017",140
"peschel2017",141
"christensen2018",142
"heenpettersen2014",143
"ijssennagger2015",144
"kershaw2017",145
"raffield2014",146
"rogers2020",147
"williams2015",148
"hadley2018",149
"mcleod2011",150
"leonard2011",151
"price2020",152
"hrnjic2018",153
"kelly2015",154
"barndon2018",155
"lund2006",156
"hedeager2010",157
"kalmring2018",158
"eriksen2016",159
"mannering2013",160
"osullivan2015",161
"hedenstiernajonson2015",162
"price2011",163
"kalmring2012",164
"kalmring2017",165
"krzewinska2018",166
"helmbrecht2012",167
"oehrl2019",37
"sindbaek2014",168
"hilberg2018",169
"devos2013",170
"holst2013",171
"holst2014",172
"jessen2014",173
"buckberry2014",174
"tveiten2017",175
"bonde2016",176
"glorstad2014",177
"jahnsen2016",178
"baastrup2014",179
"henriksen2014",180
"borake2018",181
"hilberg2014",182
"hadley2016",183
"kershaw2016",184
"vesteinsson2016",185
"poulsen2011",186
"bill2012",187
"gustavsson2015",188
"androshchuk2010",189
"graslund2011",190
"lindholm2016",191
"ljungkvist2018",192
"chenery2014",193
"hedenstiernajonson2017",194
"toplak2015",195
"macphail2016",196
"gotfredsen2014",197
"milek2013",198
"runge2018a",199
"burstrom2014",200
"abrams2012",201
"pedersen2006",202
"roesdahl2011",203
"skre2011b",204
"linderholm2008",205
"lucas2007",206
"pedersen2009a",207
"rosengren2010",208
"wickholm2006",209
"knudson2012",210
"reiter2019",211
"tummuscheit2014",212
"feveile2017",213
"roslund2013",214
"roslund2015",215
"roslund2017",216
"sanmark2013a",217
"raninen2014",218
"skre2017",219
"skre2011a",97
"ijssennagger2013",220
"oye2014",221
"fallgren2008",222
"sutherland2015",223
"halstadmcguire2010",224
"kershaw2009",225
"catlin2016",226
"schmid2017",227
"holst2010",228
"sindbaek2011",229
"ljungkvist2015",192
"neiss2016",230
"goodchild2017",231
"vesteinsson2012",232
"sindbaek2011a",233
"aannestad2018a",1
"rundkvist2010",234
"staecker2004a",235
"sindbaek2007",236
"strand2011",237
"oye2016",238
"price2016",152
"gullbekk2011",239
"svensson2018",240
"andren2000",241
"storli2010c",242
"mulk2007",243
"naum2004",244
"solli2011",245
"becket2013",246
"steinforth2018",247
"trinks2014",248
"kovalenko2013",249
"imer2014",250
"ibsen2010",251
"harrison2016",107
"zori2013",252
"krzewinska2015",253
"christensen2013",254
"artelius2005",255
"feveile2012",256
"fischer2011",257
"myrberg2008",258
"frei2012",259
"benderjorgensen2012",260
"boyd2013",261
"arneborg2012",262
"pollard2012",263
"sutherland2009",264
"arwillnordbladh2008b",265
"fontaine2017",266
"sindbaek2013a",267
"skre2016",268
"arwillnordbladh2007",265
"magi2011",269
"becker2012",270
"barndon2005a",271
"ashby2015a",63
"feveile2011",272
"artelius2004a",273
"bitzthorsen2018",274
"svendsen2016",275
"myrberg2009",276
"majchczack2018",277
"skre2011",278
"gardela2013a",279
"gustafsson2011",280
"steinforth2015",281
"roslund2005",282
"bill2020",283
"rohdesloth2012",284
"naum2007",285
"draganits2015",286
"halewood2001",287
"pentz2009",254
"croix2021",82
"nosov2018",288
"magi2016",289
"perry2019",290
"lundborg2006",125
"lia2004",291
"croix2016",8
"gardela2014",8
"wicker2013",292
"kitzlerahfeldt2013",292
"croix2019a",293
"feveile2015",213
"gardela2013",294
"gardela2008",295
"price2005",295
"andren2006b",30
"leslie2015",296
"frei2012a",259
"gotfredsen2014a",297
"iversen2013",298
"gardela2018b",40
"hillerdal2009",130
"hayeursmith2013",53
"tummuscheit2012",299
"hedeager2003",157
"hennius2018a",64
"hardh2010",300
"iversen2015",301
"jankowiak2018",302
"jorgensen2010",303
"rundkvist2015",304
"kastholm2015",137
"jorgensen2009",305
"skorokhod2020",306
"sheehan2013",307
"ljungkvist2011",308
"sanmark2008",31
"richards2011",150
"lynnerup2014",309
"graslund2012a",76
"price2015",310
"price2014b",69
"price2014c",311
"myrberg2009a",312
"kalmring2016",19
"raffield2017",59
"kitzlerahfeld2015a",313
"pedersen2016b",140
"pedersen2009",314
"ravn2012",315
"price2018a",316
"raffield2016a",317
"price2018c",318
"pluskowski2010",319
"raffield2019a",42
"price2018d",320
"skre2017b",321
"price2019a",58
"andersson2008",322
"sindbaek2007a",236
"sindbaek2013",323
"semple2013",104
"toplak2017",324
"vesteinsson2014",325
"zachrisson2014",326
"williams2014a",327
"ulriksen2011",328
"zachrisson2004",329
"andren2002b",330
"aannestad2015",331
"ahola2014",332
"ambrosiani2013",7
"andersson2004",333
"andersson2016",334
"andren2002",22
"andren2004",335
"androshchuk2013",336
"androshchuk2014",43
"androshchuk2012",337
"androshchuk2016",338
"arents2010",50
"armbruster2010",339
"artelius2007",340
"arwillnordbladh1998",341
"ashby2014",342
"s2019",343
"backdanielsson2007",344
"ed2012",345
"barth1969",346
"e2014",347
"bergstol2008",348
"beroniusjorpeland2018",349
"bhabha1994",350
"bjerg2013",351
"blaszczyk2017",352
"d2016",353
"bogucki2012",354
"borake2019",355
"brather2013",356
"brewer2018",357
"brink2011",358
"buntgen2016",359
"callmer2017",360
"cannell2016",361
"clarke2017",362
"croix2012",363
"croix2020",364
"crumlinpedersen2010",365
"diamond2005",366
"dobat2014",367
"domeijlundborg2004",368
"englert2015",369
"eriksen2019",370
"eriksen1994",81
"eriksson2018",371
"feveile2009",372
"forster2009",373
"frieman2019",374
"frog2014",375
"furholt2018",376
"furholt2019",377
"gardela2012",378
"gerds2015",379
"gjerpe2008",380
"gjerpe2017",381
"gossler2018",382
"grahamcampbell2013",383
"grahamcampbell2011",384
"graslund2007",385
"graslund2018",386
"griffiths2003",387
"gruszczynski2018",388
"hadley2013",150
"hall2014",389
"hallansstenholm2012",390
"hansen2017",391
"hansson2018",392
"hardh2016",153
"harrison2015",393
"harrison2014",394
"hedjakobsson2003",395
"hedeager2004",24
"hedeager2011",396
"hedenstiernajonson2006",162
"hedenstiernajonson2012",397
"helmbrecht2011",61
"hilberg2013",398
"n2017",399
"hodges2012",400
"holmquist2013",401
"ingvardson2012",402
"jackson2019",403
"janowski2015",404
"jennbert2015",405
"jensen2010",406
"jesch2015",407
"jones1997",408
"kalmring2013",409
"kershaw2013",410
"kershaw2019",411
"kirpichnikov2018",412
"kleingartner2013",413
"lemm2014",414
"lia2002",187
"ljungkvist2006",415
"loe2014",416
"lund2009",24
"madsen2010",417
"magi2015",418
"magi2018",419
"magi2019",420
"mehler2015",421
"melheim2016",422
"merkel2016",153
"mikhaylov2016",423
"moen2011",424
"moen2019",425
"moesgaard2015",426
"mozdzioch2013",427
"myhre2015",428
"myrberg2007",429
"naum2008",430
"nordahl2018",431
"nordeide2016",432
"norstein2020",433
"opedal2010",434
"oye2013",435
"paterson2014",436
"pearson2018",437
"pedersen2004",202
"pedersen2014",438
"pedersen2016",439
"pilo2005",440
"price2000",441
"price2002",24
"price2001",442
"price2008",443
"price2018",444
"raja2018",445
"rasmussen2014",212
"rebkowski2019",446
"richards2012",447
"roesdahl2014",448
"roslund2007",449
"rundberget2017",450
"russel2014",451
"said1978",452
"sanmark2017",453
"schietzel2014",454
"schultze2008",50
"sharples2020",455
"skre2008",97
"soderberg2005",456
"solli2002",457
"spangen2006",458
"staecker2004",459
"stanislawski2013",460
"stanislawski2014",461
"stidsing2014",117
"svanberg2003",462
"thate2007",21
"toplak2016",463
"tummuscheit2011",212
"turner2006",464
"ulriksen2019",465
"vedeler2014",466
"vonholstein2016",467
"wallace2016",468
"wickham2005",469
"williams2020",470
"wilson2018",471
"zachrisson2011",472
"zori2014",473
"strand2001",474
"andren2014",475
"birkett2020",476
"brorsson2010",477
"cooijmans2020",478
"christiansen2014",479
"dobat2010",50
"gardela2016",480
"gjerde2009",481
"glorstad2010",482
"graslund2010",100
"grundvad2017",483
"gustafsson2013",41
"smith2013",484
"laroche1997",485
"lemm2013",486
"martin2020",487
"mcanany2010",488
"morawiec2009",489
"nordeide2011",490
"olsson2004",491
"ratican2020",492
"roesdahl2009",493
"rundkvist2011",100
"rostad2016",494
"sindbaek2009",495
"sveinbjarnardottir2016",496
"williams2010",97
"ambrosiani2001",162
"graslund1984",7
"hraundal2013",7
"ilisch1990",7
"jansson1986",497
"jansson1987",498
"jansson1989",7
"wikander1978",7
"aannestad2016",499
"andren2011",500
"baastrup2012",501
"baastrup2010",502
"bagge1991",503
"bakka1963",504
"bakka1961",505
"bakka1971",506
"blackburn2002",507
"blindheim1973",235
"blindheim1999",508
"blindheim1995",509
"boe1940",510
"callmer1992",511
"callmer2008",512
"cramp1997",513
"downham2008",514
"dumville2008",515
"ekengren2009",516
"gaut2001",517
"gaut2011",518
"geber1991",519
"gosden1999",24
"grahamcampbell2000",520
"gustin2004",521
"hahn2013",522
"hedeager2002",22
"hedeager1992",523
"helms1993",524
"heyerdahllarsen1981",525
"hines1984",526
"hodder1982",527
"hodder1986",528
"hagg1974",529
"jansson1984",530
"vidar2010",1
"krag1994",1
"kristiansen2005",1
"maran2012",1
"marstrander1963",1
"mauss1950",1
"mikkelsen2002",1
"myhre1992",531
"croinin1989",1
"pedersen2008",1
"peets2012",188
"petersen1940",1
"raven2005",532
"rogers2006",1
"simonsen1981",1
"skaare1963",1
"skaare1976",1
"solli1995",1
"thomas1991",1
"waller1982",1
"wamers1985",1
"wamers2011",1
"williams2008",1
"wilson2006",1
"amundsen2001",533
"amundsen2011",534
"amundsen2015",535
"amundsen2007",536
"apel2001",537
"apel2005",538
"aronsson1991",539
"askeladden2015",540
"bakka1973",541
"bakka1976",542
"barth1976",543
"barth1996",544
"baudou1987",545
"bergman2016",546
"bergsland1992",547
"bergstol1997",548
"bergstol2009",549
"bjorn1934",550
"boaz1997",551
"bolstad1980",552
"braseth2014",553
"brendalsmo2003",554
"brogger1942",555
"bull2002",556
"byggstoyl2012",557
"damm2010",558
"fjellheim1999",559
"fjellheim2012",560
"forsberg2005",561
"fossum2006",562
"fredriksen1983",563
"fuglesang1980",81
"fuglestvedt2006",564
"gjerde2016",565
"gjessing1945",566
"grandell1986",567
"grimbe2013",568
"gustafson1988",569
"gustavsen2014",570
"hagen1946",571
"hagstrom2010",572
"hallgren2008",573
"hansen2004",574
"hansen2014",575
"hedman2003",576
"helstad2001",577
"hildre2012",578
"hole2013",579
"holm1991",580
"holm2016",581
"holseng2004",582
"hougen1947",583
"indreko1956",584
"jenkins2008",585
"johansen1981",586
"kleppe1977",587
"lannerbro1976",588
"marstrander1977",589
"mathiesen2005",590
"melheim2015",591
"mikkelsen1994",592
"mikkelsen1975",593
"mjaerum2012",594
"mulk1994",595
"myhre1962",596
"norell1987",597
"nou2007",598
"nyland2016",599
"odner1983",81
"odner2000",600
"ojala2009",601
"olsen1985",602
"olsen1991",603
"pareli1991",604
"prescott2009",605
"schanche1985",606
"scheen1979",607
"serning1966",608
"sjurseike1994",609
"skandfer1996",610
"skjolsvold1980",611
"skjolsvold1981",612
"skjolsvold1984",613
"smith2006",614
"soborg1988",615
"solberg1986",616
"sommerseth2011",617
"spangberg2014",618
"spangen2010",80
"stene2010",80
"stenvik1988",80
"svensson2006",619
"swensen2017",80
"trigger2006",80
"vorren1965",80
"wegraeus1971",80
"zachrisson1997",81
"zachrisson2015",80
"abrams2004",620
"phil2010",621
"fanning1994",622
"sheehan1998",201
"sheehan2009",623
"omeadhra1979",624
"blackburn1981",201
"glorstad1987",201
"grahamcampbell1984",201
"jensen1968",201
"davidson1962",24
"grinsell1961",625
"bjorn1940",626
"kovalev2004",627
"arbman1940",628
"arne1914",7
"bearman2014",7
"anonymous2012",201
"ljung2010",201
"lang2001",629
"cohen2004",201
"jesch2002",201
"whaley2004",201
"tweddle1995",201
"coatsworth2008",201
"grahamcampbell1980",630
"wamers2009",201
"grahamcampbell2007",201
"brunning2013",631
"sonderso2005",632
"stenalt1960",633
"kolindsund1936",634
"luhm1903",635
"androshchuk2001",636
"androshchuk2002",637
"androshchuk2003",638
"androshchuk2009",639
"androshchuk2004",640
"appadurai1937",641
"arbman1937",642
"arrhenius1985",643
"bazelmans1999",644
"bergman1976",645
"behmer1939",646
"behrend1936",647
"brondsted1936",116
"chase1979",648
"colmo1953",649
"cross1914",650
"falk1914",651
"gameson2001",652
"gansum1991",653
"geibig1992",654
"grahamcampbell1968",655
"gurevich1968",656
"habbe2005",657
"hakonarherdibreids1991",658
"harke2000",659
"jacobsen1942",660
"nasman1991",661
"jorgensen1966",662
"lavrsen1960",663
"mauss1980",664
"menghin1980",665
"mullerwille1978",666
"mullerwille1984",22
"mullerwille1980",667
"north1980",668
"nasman1989",669
"ostergren1976",670
"olsson1975",671
"owencrocker1966",672
"ornes1966",673
"paulsen1953",674
"pedersen1995",675
"pedersen1997",116
"pedersen2002",676
"peirce1919",677
"petersen1919",22
"rydbeck1932",678
"schulzedorrlamm1987",679
"handelderwikingerzeitzwischennordundwesteuropaaufgrundarchaologischerzeugnisse1987",680
"klaesoe2005",681
"smidt1991",682
"stocklund1985",683
"strid1961",684
"stromberg1946",189
"svanberg1995",189
"thunmarknylen1995",189
"thunmarknylen2001",189
"bergman2005",189
"thalinbergman2000",189
"theuws2000",189
"turvillepetre1960",189
"wamers1930",685
"whitelock1955",189
"willemsen2004",686
"wilson1955",687
"wrenn1958",189
"zachrisson1984",688
"zachrisson2012",80
"ammann2007",689
"ammann2003",690
"anchukaitis2014",691
"anchukaitis2012",692
"anchukaitis2010",693
"anchukaitis2013",694
"anchukaitis2006",695
"andreuhayles2011",696
"andronova2000",697
"autin2015",698
"biondi1999",699
"bowman1997",700
"bradley2001",701
"breitenmoser2012",702
"briffa1993",703
"briffa1994",704
"briffa1995",705
"briffa2000",706
"briffa1996",707
"briffa1998",708
"briffa2011",709
"briffa2013",710
"briffa2004",711
"briffa2002",712
"brohan2012",713
"buckley2010",714
"buntgen2006",715
"buntgen2013",716
"buntgen2011",717
"buntgen2014",718
"campbell2007",719
"coledai2013",720
"cook1990",721
"cook1987",722
"cook2010",723
"cook1994",724
"cook1995",725
"cook2013",726
"cook1999",727
"cowtan2014",728
"crowley2000",729
"crowley2008",730
"darrigo2011",731
"darrigo2003",732
"darrigo1992",733
"darrigo2004",734
"darrigo2013",735
"darrigo2008",736
"darrigo2015",737
"darrigo2009",738
"darrigo2006",739
"davi2003",740
"delaygue2011",741
"doradolinan2012",742
"edwards2007",743
"emilegeay2013",744
"esper2013",745
"esper2002",746
"esper2014",747
"esper2010",748
"esper2007",749
"esper2012",750
"esper2016",751
"esper2015",752
"esper2005",753
"estrada2013",754
"evans2013",755
"evans2002",756
"evans2001",757
"frank2007",758
"frank2010",759
"fritts1976",760
"fritts1991",761
"gallant2013",762
"gao2008",763
"gao2006",764
"gennaretti2014",765
"gershunov1998",766
"gillett2012",767
"goosse2016",768
"grinsted2004",769
"hakim2016",770
"harris2013",771
"haurwitz1981",772
"hegerl2014",773
"hegerl2007",774
"hegerl2003",775
"hegerl1997",776
"hegerl2006",777
"hegerl2011",778
"helama2014",779
"hughes2002",780
"hughes1994",781
"hughes1999",782
"jacoby1995",783
"jacoby2000",784
"jones2013",785
"jones2009",786
"jones2012",787
"jull2014",788
"kaplan2011",789
"kaufman2014",790
"keigwin2003",791
"kennedy2011",792
"klesse2015",793
"lavigne2013",794
"lean2006",795
"lee2008",796
"lehner2012",797
"lewis2015",798
"li2010",799
"linderholm2015",800
"luckman2005",801
"ludlow2013",802
"mann1998",803
"mann2012",804
"mann2002",805
"mann2013",806
"mann2005",807
"mann2007",808
"mann2008",809
"mann2009",810
"massondelmotte2013",811
"matskovsky2016",812
"matskovsky2014",813
"matthews2005",814
"mccarroll2013",815
"mccarroll2002",816
"mcgregor2015",817
"mckay2014",818
"meehl2004",819
"meko1997",820
"melvin2008",821
"melvin2004",822
"michaelson1987",823
"morice2012",824
"muscheler2007",825
"naulier2015",826
"ogurtsov2016",827
"oman2005",828
"ortega2015",829
"pausata2015",830
"payette2007",831
"pederson2014",832
"phipps2013",833
"plummer2012",834
"pongratz2008",835
"raspopov2008",836
"rimbu2003",837
"rind1999",838
"rind2004",839
"robock2000",840
"rutherford2003",841
"rydval2017",842
"schmidt2010",843
"schmidt2014",844
"schmidt2012",845
"schneider2009",846
"schneider2015",847
"schneider2001",848
"schurer2013",849
"schurer2014",850
"schweingruber1993",851
"schweingruber1978",852
"seager2008",853
"seager2007",854
"shindell2009",855
"shindell2014",856
"shindell2015",857
"shindell2004",858
"shindell2001",859
"shindell2003",860
"sigl2015",861
"smerdon2010",862
"smerdon2008",863
"smerdon2011",864
"smerdon2016",865
"solomon2011",866
"st2014",867
"george2013",868
"steiger2014",869
"steinhilber2009",870
"stenchikov2006",871
"stoffel2015",872
"vonstorch2004",873
"stott2010",874
"stott2009",875
"stott1998",876
"stuiver1993",877
"sundqvist2014",878
"swingedouw2010",879
"szeicz1995",880
"tierney2015",881
"tingley2015",107
"tingley2012",107
"tingley2010",107
"tingley2013",107
"torrence1998",107
"touchan2014",107
"trenberth1984",107
"verosub2008",107
"vieira2010",107
"wagner2001",107
"wagner2005",107
"wang2015",107
"waple2002",107
"wiles2014",107
"wilson2016",107
"wilson2010",107
"wilson2007",107
"wilson2014",107
"wise2015",107
"youngblut2008",107
"zanchettin2012",107
"zhang2016",107
"zorita2003",107
"zwiers2000",107
"ivakin2001",43
"kjellstrom2012",43
"kjellstrom2013",882
"koktvedgaardzeiten1997",883
"kovalenko2006",884
"stolpe1992",43
"nerman1935",201
"helms1988",885
"andren1999",886
"andren2007",887
"back2012",888
"bandmann1951",889
"baudou1989",890
"berend2007",891
"blomkvist1998",892
"blomkvist2002",893
"brendalsmo1994",894
"brink1992",895
"ross2002",896
"diiwel1985",897
"dyggve1952",898
"fabech1991",899
"fehring1991",900
"gotfredsen1988",901
"graslund1992",902
"graslund2001",18
"graslund1993",903
"gren1989",904
"hallansstenholm2006",21
"hedeager1999",22
"hellstrom1996",905
"hernaes1999",906
"hildebrandt1985",907
"hultgard1997",908
"iregren1989",909
"janson1998",910
"jeppesen1991",911
"johannsen1981",912
"johansen1997",913
"krautheimer1942",914
"larsson2004",915
"liden1969",916
"ljungberg1938",917
"mcnicol1997",918
"meckseper1982",919
"nielsen1997",920
"nielsen2005",921
"nordahl1996",922
"olsen1966",202
"olsen1972",923
"rydh1969",924
"sandnes1987",925
"skre1995",29
"sondergaard1972",29
"stamsomunch1991",29
"sundqvist2007",29
"svensson2012",256
"theliander2003",29
"theliander2005",926
"vibemuller1991",29
"vikstrand2001",29
"devries1957",29
"wallander1994",29
"wideen1955",927
"zachrisson1963",29
"strand2010",928
"barber1991",929
"benderjorgensen1986",930
"benderjorgensen1987",931
"benderjorgensen1992",932
"benderjorgensen1995",933
"costin1991",237
"geijer1938",934
"geijer1980",237
"geijer1972",237
"gleba2008",237
"hald1980",237
"hedeagerkrag1994",935
"herlihy1964",237
"hagg1983",936
"hagg1984",237
"hagg1985",237
"hagg1986",937
"hagg1991",237
"ingstad1980",237
"michel2010",237
"martensson2007",237
"martensson2000",237
"pedersen1998",938
"waltonrogers1996",939
"waltonrogers2007",940
"kovalenko2012",43
"geibig1991",189
"zachrisson1998",22
"hookernd",941
"jay2006",942
"kalland2000",943
"kosiba2007",944
"lynnerup1998",945
"mcgovern1985",946
"mcgovern2000",947
"mcgovern1996",948
"mcgovern2005",949
"mcgovern2004",950
"muldner2007",951
"mohl1982",952
"adalsteinsson1990",953
"alexandersen2003",954
"arneborg1990",955
"balslevjorgensen2001",956
"barret2005",957
"bruun1928",958
"commisso2006",959
"commisso2007",960
"enghoff2003",961
"fricke1995",962
"gullov2012",963
"hebsgaard2009",262
"vebaek1992",262
"vebaek1993",262
"oye2001",964
"nelson2003",262
"nelson2012",965
"olafsson2006",262
"privat2002",263
"reitsema2010",262
"schweger1998",262
"simpson2002",262
"simpson2007",262
"edvardsson2012",262
"sveinbjornsdottir2010",262
"vebaek1991",262
"alberti2013",61
"andersson1998",966
"andren1989",967
"arrhenius1962",968
"arrhenius1994",61
"arrhenius1997",969
"arrhenius1932",970
"arwillnordbladh2011",971
"backdanielsson2010",100
"berg2007",972
"bergqvist1999",61
"bragg1997",61
"brink2008",973
"christensen2008",117
"christensen2009",61
"christensen2010",974
"gillespie2008",975
"gilman2010",976
"graslund2005",977
"graslund2008",978
"gronvik2008",979
"hagberg1976",980
"helmbrecht2007",168
"hjorungdal1991",981
"hardh2008",982
"jansson1996",983
"jensen2004",61
"johansson2008",984
"jorgensen2002",985
"jorgensen2008",986
"kuper1988",987
"larsson1997",988
"lassen2003",61
"lundstrom1995",989
"ljungkvist2005",990
"lundgren2007",991
"malmberg2009",992
"malmberg2010",993
"mannering2010",994
"martinson1956",995
"mauss1934",996
"nasstrom2001",997
"raudvere2008",998
"ringkvist1969",999
"roberts1999",1000
"silvers2009",1001
"solli1999",1002
"sonne2010",61
"steinsland2007",1003
"stolpe1912",1004
"sorensen1997",1005
"thomson1997",61
"vikingatidens1995",61
"weiner1985",24
"williams2011",1006
"schulzedorrlamm1995",189
"almgern1914",1007
"anderson1983",1008
"andersson1990",1009
"andersson1995",1010
"andersson2011",18
"arne1932",1011
"arrhenius1976",1012
"bradley2002",265
"bradley2003",1013
"burstrom2012",1014
"chapman1997",1015
"chapman1977",1016
"chapman2006",1017
"climo2002",1018
"connerton1989",21
"delvin2007",1019
"dommasnes2006",1020
"dommasnes2008",1021
"duczko1985",1022
"jansson1985",168
"jennbert2011",1023
"jensen2003",1024
"jones2007",21
"kaliff1999",62
"kaliff2001",1025
"knappett2012",62
"kokowski2010",62
"tsamis2010",62
"lowenthal1999",62
"vonmuller1958",62
"nora1989",62
"nugent2012",62
"renfrew2004",62
"rowlands1993",1026
"rowlands1999",62
"sjogren2003",62
"vandyke2003",21
"williams2003",1027
"aqvist1996",21
"artelius1996",21
"baudou2004",1028
"bolin2004",1029
"bratt2008",21
"burstrom1989",21
"chippendale1983",1030
"gosden1994",1031
"gustavson1986",21
"lonnroth1977",265
"olivier1999",1032
"pollard2002",21
"sawyer2000",1033
"shanks1987",1034
"stromberg1968",21
"widholm2006",21
"williams2006",100
"zachrisson1994",228
"pagesk2013",1035
"aberg1921",1036
"adamavbremen1984",1037
"ambrosiani1964",1038
"andersson1992",1039
"andersson1989",1040
"arend1978",1041
"axelsson1993",1042
"baer1998",1043
"baines1989",1044
"berg1987",1045
"bergman1948",1046
"berlo1983",1047
"bjurstrom1996",1048
"blair1989",1049
"brondsted1920",1050
"bugge1953",1051
"carlqvist1977",1052
"carlsson1985",1053
"christiansson1959",1054
"christophersen1982",1055
"claesson1982",1056
"clanchy1979",1057
"crocker1982",1058
"danbolt1989",1059
"ekblad1997",1060
"elgh1987",1061
"vonfriesen1913",1062
"fuglesang1978",1063
"odense1981",1064
"svardstrom1962",1065
"goody1977",1066
"graslund1985",1067
"gronvik1981",1068
"gronvik1985",1069
"gurevich1985",1070
"gustavson1988",1071
"hagenfeldt1996",1072
"hallencreutz1982",1073
"haseloff1981",1074
"hedeager1997",125
"herschend1994",1075
"hildebrandnd",1076
"holmback1943",1077
"holmqvist1951",1078
"holtsmark1960",1079
"hubler1996",1080
"hyenstrand1974",1081
"johansson1996",1082
"kallstrom1992",1083
"klindtjensen1975",1084
"kristoffersen1995",1085
"kyhlberg1983",1086
"lager1995",1087
"lagman1990",1088
"larsson1990",1089
"fornvannen1997",1090
"lindblad1992",1091
"lindell1994",1092
"lindkvist1988",1093
"lindqvist1931",1094
"lindstrom1992",1095
"lonnroth1982",1096
"marcus1992",1097
"meijer1992",1098
"moltke1974",1099
"mostrom1998",1100
"miillernd",1101
"og1911",1102
"ol1900",1103
"olason1989",1104
"ong1982",21
"orsnes1966",168
"orsnes1969",1105
"owe1995",1106
"palm1992",1107
"peterson1994",1108
"petre1984",1109
"petre1993",1110
"philippa1977",1111
"ragnesten1978",1112
"randsborg1980",1113
"russell1994",1114
"salberger1978",1115
"salin1904",1116
"sandahl1996",1117
"sawyer1988",1118
"sawyer1993",1119
"schuck1935",1120
"segelberg1983",1121
"shetelig1909",1122
"sjoberg1985",1123
"snorres1997",1124
"soderberg1905",1125
"soderqvist1993",1126
"strid1987",1127
"sundqvist1996",1128
"svardstrom1936",1129
"svenbro1975",1130
"thrainsson1994",1131
"varenius1998",1132
"wamers1999",1133
"wijkander1983",1134
"williams1990",1135
"wilson1995",1136
"wilson1994",1137
"zanker1988",1138
"runinskrifter1984",241
"garlandthomson2002",1139
"aarissorensen1988",1140
"aarissorensen2007",1141
"ambrosiani1981",1142
"arneborg1998",1143
"ashby2011",1144
"ashby2013",1145
"smith1995",1146
"barrett2011",1147
"bately2007",1148
"bencard1990",1149
"blaut1993",1150
"buchwald2006",1151
"buckley2011",1152
"buckley2009",1153
"buckley2014",1154
"callmer2002",1155
"sachensymposium2001",1156
"callmer2003",1157
"childe1950",1158
"clarke1991",1159
"coupland2010",1160
"coupland2011",1161
"cowgill2004",1162
"feveile2001",1163
"feveile2006",118
"fleming2009",1164
"galloway1981",1165
"henderson2005",1166
"hodges1982",1167
"hull2008",1168
"jantzen2013",1169
"keller2010",1170
"kirby2013",1171
"knappett2008",1172
"lie1991",1173
"ling2013",1174
"loveluck2006",1175
"madsen1984",1176
"madsen2004",1177
"madsen2014",1178
"mahler2007",1179
"mainman1999",1180
"mattingly2013",1181
"miksic2000",1182
"muller2012",1183
"nasman2000",1184
"nasman2003",1185
"nesje2012",1186
"rau2010",1187
"renfrew2008",1188
"riddler2003",1189
"rieck2006",63
"roesdahl2003",63
"lewissimpson2000",63
"roesdahl2001",63
"schyman2012",63
"sinclair2012",63
"skov1997",63
"skov1999",63
"skov2006",63
"skov2010",63
"skre2007",63
"smirnova2002",63
"stephan1994",63
"stewart2013",63
"strohalm2010",63
"taylor2012",63
"theuws2004",63
"trigger2008",63
"ulbricht1978",63
"vandoorn2014",63
"verhulst1994",63
"weber1995",63
"wigh2001",63
"yoffee2005",63
"boric2008",1190
"goransson1999",1191
"hirdman1988",1192
"joyce2005",1193
"muckenberger2012",1194
"nasstrom1986",1195
"vikingatidens1995a",1196
"almgren1905",1197
"arbman1945",1198
"artelius1999",1199
"artelius2002",1200
"berger1979",1201
"ross1998",255
"edsman1987",255
"fors2002",255
"halbwachs1952",255
"jennbert1977",255
"lundborg1972",1202
"moon1987",255
"napier1992",255
"rappaport1999",1203
"rolston1987",255
"sahlstrom1948",255
"strom1967",255
"turner1983",255
"thomas1985",255
"vedelnd",1204
"wikstrom1993",255
"janson2009",62
"bergqvist1997",1205
"alberti2014",1206
"am2013",1207
"backdanielsson2012",1208
"barad2003",1209
"barad2007",1210
"burstrom1994",1211
"ccby2016",1212
"ekholm1950",1213
"fowler2015",1214
"graslund1991",241
"jonsson2015",1215
"klos2009",1216
"koster2014",1217
"lager2002",1218
"larsson2010",68
"lindeberg2009",68
"mitchell2005",68
"munn1986",68
"nielsen1941",68
"peterson2006",68
"dictionary2016",68
"runtextdatabas2015",68
"saol1998",68
"sjoborgnd",68
"brink1981",68
"hobsbawm1983",265
"jennbert2004",255
"wamers1987",1219
"frick1992",1220
"aatsleff2010",1221
"aberg1936",1222
"albrethsen2002",1223
"brandt2002",1224
"johansen1987",1225
"fraenkelschoorl1978",1226
"garipzanov1980",1227
"grahamcampbell1991",1228
"hyvass1986",1229
"jensen2006",1230
"jorgensen2003",117
"jorgensen2006",1231
"klingenberg1984",1232
"lennarrson1983",1233
"longley1975",1234
"macgregor1993",1235
"moesgaard2010",1236
"monge2003",1237
"nielsen2006",1238
"nielsen2004",1239
"olsen1981",1240
"olsen1977",142
"ryan1997",1241
"rygh2003",1242
"ulriksen1970",1243
"vandoorn2011",1244
"arneborg2003",1245
"arrhenius1995",1246
"ashby2006",1247
"smith1993",1248
"barrett2003",1249
"besteman2004",1250
"biddle2001",1251
"bolin1953",1252
"brettell2000",1253
"brooks1971",1254
"burstrom1993",1255
"byock2001",1256
"carver1990",1257
"carver1995",1258
"clover1988",1259
"coupland1998",1260
"crumlinpedersen1995",1261
"crumlinpedersen2007",1262
"dahljensen1998",1263
"dansgaard1975",1264
"downham2007",1265
"duczko2004",1266
"dumville2002",1267
"dyer2002",1268
"earle1997",1269
"edwards2005",1270
"englert2007",1271
"etchingham1996",1272
"etchingham2007",1273
"forenbaher2005",1274
"fossier1999",1275
"grahamcampbell1975",1276
"hadley2006",263
"halsall2003",1277
"hannon2005",1278
"hansen2000",1279
"haywood1999",1280
"heinsohn2003",1281
"hernaes1997",1282
"hill1981",1283
"hill2001",1284
"hills2003",1285
"hodges2006",1286
"hodges1983",1287
"holm1986",1288
"hunter2007",1289
"johnson2001",1290
"jonsson1911",1291
"karlsson1997",1292
"keegan2004",1293
"keynes1997",1294
"kristoffersen2004",1295
"kuhn1977",1296
"lund1989",1297
"magi1999",1298
"slavi1997",1299
"mccormick2001",1300
"michelli1993",1301
"minorsky1958",1302
"montgomery2006",1303
"montgomery2003",1304
"morris1998",1305
"mullerwille1994",1306
"myhre1987",1307
"myhre1993",1308
"nelson1991",1309
"nelson1997",1310
"nondier2002",1311
"croinin1995",1312
"oppenheimer2007",1313
"owen1999",1314
"paterson2001",70
"pirenne1939",70
"reuter1985",70
"richards2000",70
"ridel2007",70
"roesdahl1991",70
"santiagoirizarry2008",70
"sawyer1982",70
"scholz1970",70
"simek2004",70
"skre2001",70
"small1973",70
"stefansson2003",70
"vesteinsson2006",232
"wallace2003",70
"warner1976",70
"weber1992",70
"westerdahl2008",70
"wicker1998",70
"woolf2007",70
"wormald1982",70
"runicdictionary2016",68
"samnordiskruntextdatabas2016",68
"nilsson1996",241
"moltke1942",68
"aughdal1979",1315
"baug2011",1316
"baug2013",1317
"bergstrom2007",1318
"brodshaug1950",1319
"campbell1939",1320
"carelli1997",1321
"cederlund1964",1322
"christophersen1999",1323
"ek1962",1324
"fisher2004",1325
"forster2004",1326
"friisnd",1327
"granlund1956",1328
"grenne2008",1329
"gron1939",1330
"gron1942",1331
"hamilton1956",246
"helberg2010",1332
"helle1982",1333
"jensen1990",1334
"kaland1987",1335
"kristiansen2009",1336
"processing2009",1337
"kristensen1999",133
"molaug1982",133
"keysernd",133
"magnusnd",133
"petersen1951",1338
"reiersen1999",133
"resi1979",1339
"rnregestanorvegica1989",133
"roesdahl1980",133
"sindbaek2005",44
"skaarup2009",133
"skjolsvold1961",1340
"smith1999",133
"steensberg1964",133
"steuer1987",278
"tengesdal2010",133
"vangstad2003",85
"viklund2007",133
"visted1975",133
"weber1984",1341
"weber1989",1342
"weber1999",133
"oye2002",1343
"oye2009",133
"bockman1997",1344
"gjerpe2005",1345
"glorstad2008",1346
"gudmundsdottir2003",1347
"hufthammer2016",1348
"harke2014",1349
"iversen1999",1350
"jezek2015",155
"kristoffersen2006",155
"meling2014",155
"metcalf1991",155
"moberg1992",1351
"mullerwille1977",1352
"ohlhaver1939",155
"roberts2015",155
"ronne2002",1353
"sauvage2005",155
"straume1984",1354
"wallander1989",1355
"ostigard2006",155
"fuglesang1986",241
"larsen1989",241
"andersson2005",1356
"artelius2010",18
"borgeaud1987",1357
"boyend",1358
"burke1989",1359
"edmonds1999",1360
"fernholm1982",1361
"gosden1998",57
"hansson1991",57
"hemmendorff1980",57
"stenholm2004",57
"jennbert1991",57
"lindqvist2010",18
"lundborg2007",57
"nagy1976",57
"olson1968",57
"rudbeck1978",57
"stromberg2005",57
"zuesse1987",57
"ayliffe1990",1362
"balasse2003",1363
"batey1998",1364
"becker1998",1365
"becker2011",1366
"behre2008",1367
"benecke1982",1368
"bentley2006",1369
"bosl2006",1370
"butzler1986",1371
"buzon2010",1372
"clementz2001",1373
"doppler2010",1374
"drouet2005",1375
"elsner1989",1376
"frei2011",1377
"fricke1998",1378
"fry2006",1379
"grupe2009",1380
"grupe2010",1381
"grupe2012",1382
"heinrich1987",1383
"heinrich2006",1384
"huster1983",1385
"jacomet2010",1386
"koch2007",1387
"kohn1996",152
"kohn2002",1388
"layman2007",1389
"leethorp1989",1390
"lepiksaar1977",1391
"mewis2004",1392
"miller2010",1393
"mullerwille2002",1394
"newsome2004",1395
"oconnor2004",1396
"phillips2003",1397
"pieper1995",1398
"reichstein1991",270
"reichstein1966",270
"rozanski1992",270
"schmolcke2006",1399
"schoeninger1984",270
"sjogren2009",1400
"smed2002",270
"stephan2008",270
"stevens2006",270
"surge2005",270
"taastrom1999",270
"tieszen1991",270
"vogel1989",270
"vogel2002",270
"vonlehmann1986",270
"west2010",270
"dommasnes1976",224
"stylegar2010",1401
"stylegar2014",155
"straume1986",1402
"tarlow2016",100
"oye1985",155
"bmasstrom2001",57
"lindqvist2012",57
"adams1991",1403
"arnold2012",1404
"bailey1990",1405
"bailey2015",1406
"bailey2007",1407
"beck2014",1408
"becker1966",1409
"becker1971",1410
"berggren2009",1411
"bille2016",1412
"bloch1977",1413
"boivin2008",1414
"bowker2005",1415
"cobb2012",1416
"delanda2006",1417
"delanda2016",1418
"deleuze2005",1419
"edgeworth2012",1420
"eisenschmidt2013",1421
"ejstrud2000",1422
"fahlander2003",1423
"felding2013",1424
"fundfortidsminder2017",1425
"gell1992",1426
"gerritsen1999",1427
"gerritsen2008",1428
"gosden2015",1429
"gramsch1996",1430
"hamilakis2017",1431
"hansen2015",1432
"harris1989",1433
"holst1999",1434
"holtorf1998",1435
"holtorf2002",1436
"hvass1983",1437
"hvass1985",228
"ingold2010",1438
"jensen2005",1439
"joy2009",1440
"larsen2007",1441
"laursen2017",1442
"lucas2005",1443
"lucas2008",1444
"lucas2012",1445
"mcanany2009",1446
"mikkelsen1998",228
"sekretariat1997",1447
"mikkelsen2016",1448
"moller2010",1449
"mud2014",1450
"muller1906",1451
"munn1992",1452
"nasman1987",1453
"nativ2017",1454
"olivier2011",1455
"olsen1968",1456
"pauketat2005",128
"pearson1994",128
"reynolds1994",1457
"rosenberg2010",128
"shennan1993",128
"slotsogkulturstyrelsen2017",128
"sorensen2015",128
"thomas1996",1458
"tornbjerg1998",1459
"tringham2000",128
"vanoyen2015",128
"villumsen2013",128
"witmore2013",128
"zimmermann1998",128
"anckers1993",265
"andersson1999",1460
"brown1991",265
"cassel2004",1461
"cnattingius1930",265
"foxhall2000",1462
"gilchrist2004",265
"jonsson2003",1463
"kallen2004",1464
"moberg1987",280
"olivier2004",1465
"palm2004",265
"ralph2005",265
"vandyke2003b",1466
"wessen1958",265
"widmark1993",265
"askvik1990",1467
"askvik2008",1468
"askvik2014",1469
"bakmark2014",1470
"bazelmans2009",1471
"berglund1995",1472
"bos2005",1473
"bratrein1994",1474
"buchwald2005",1475
"callmer1991",1476
"callmer1998",1477
"callmer2007",1478
"coupland2002",1479
"crosby1987",1480
"curta2007",1481
"delvaux2017",1482
"downham2011",67
"eldorhagen2001",1483
"ellis1969",1484
"ellmers1985",1485
"etchingham2014",1486
"feveile2000",44
"gardner2007",1487
"gaunt2000",1488
"hald1991",1489
"hansen2017a",1490
"hines1999",1491
"hodges2001",1492
"holand2003",1493
"holberg2015",1494
"holm2015",1495
"iversen2018",1496
"jansen2001",1497
"jellema1955",1498
"jesch2009",1499
"kars1983",85
"knol2017",1500
"koht1919",1501
"krol2006",1502
"lebecq1990",1503
"lebecq1999",1504
"ljungkvist2009",1505
"lonaas2001",1506
"moore1978",1507
"moore1983",1508
"myrvoll1991",85
"nasman1986",1509
"nicolay2005",1510
"nicolay2017",1511
"nilsen2016",1512
"corrain1998",1513
"pilo2011a",1514
"resi1990",1515
"resi2008",204
"roesdahl1995",1516
"schreiner1928",1517
"sheehan2008",1518
"sitzmann2008",1519
"sjovold1974",1520
"skre2018",1521
"sode2017",1522
"stenvik1997",1523
"storli2006",1524
"svennung1967",1525
"walther2004",1526
"wickham2008",74
"wilson1985",74
"wood1983",74
"plogmann2006",270
"bonde1994",1527
"brogger1917",95
"dybwad1908",95
"johansen2016",95
"kluwernd",95
"mullerwille1970",1528
"paasche2010",95
"grahamcampbell2004",1529
"thomsen2009",1530
"aud1996",1531
"aud1997",1532
"wamers2005",1533
"lennarrsson1999",1534
"brondsted1924",1535
"skovmand1942",1536
"wamers1991",1537
"lennartsson1999",1538
"andersen1995",1539
"brucemitford2005",1540
"roth2002",1541
"wamers1994a",1542
"aud1992",1543
"aarsleff2008",1544
"adamsen1997",1545
"albrethsen2008",1546
"lindahl1984",1547
"thorvildsen1957",1548
"bradley1998",1549
"ambrosiani1984",1550
"bergstel1997",81
"bergsvik2001",81
"boaz1999",81
"skre1998",202
"strade1997",81
"solberg2000",1551
"storli1994",81
"sorensen1979",81
"shetelig1917",1552
"norseng2010",95
"allmae2011",152
"andersen1991",1553
"axboe1995",1554
"baillie1982",1555
"baillie1973",1556
"bjorkvik1999",1557
"bonde1995",1558
"bonde1997",1559
"bonde2005",1560
"bonde2007",1561
"bonde1993",1562
"bonde1982",22
"bonde2009",1563
"brathen1982",1564
"brogger1951",1565
"brucemitford1964",1566
"carver1998",187
"christensen1995",1567
"christensen1993",1568
"christensen2003",1569
"christensen2007",1570
"christensen1994",1571
"christensen1998",1572
"eckstein1977",50
"euforgen2009",1573
"evison2008",1574
"faegri1954",1575
"filmersankey1992",1576
"grieg1928",1577
"hines1992",1578
"hines1993",1579
"holand2001",74
"hulten1971",1580
"hutchinson1994",1581
"kaennel1995",1582
"lorangend",1583
"marsden1996",1584
"mullerwille1974",1585
"mullerwille1995",1586
"myhre1980",1587
"myhre1998",1588
"myking2011",1589
"naess1969",1590
"nasman1984",1591
"nerman1948",1592
"nordenborgmyhre2004",1593
"opedal1998",176
"opedal2005",176
"peets2013",152
"reiersen2009",176
"roesdahl1994",1594
"schetelig1902",176
"schetelig1906",176
"schetelig1912",1595
"shetelig1940",1596
"sorensen2001",1597
"sylvester2009",176
"vadstrup1994",176
"mcleod2014",74
"roesdahl2005",1598
"verhulst2002",1599
"vinsrygg1979",74
"andersen1988",1600
"smith2007",1601
"barret2006",1602
"barret2000",1603
"blackburn2008",44
"brink2008b",1604
"brooks1979",1605
"buckland1990",1606
"carver2004",1607
"crumlinpederson1995",1608
"downham2000",1609
"forsyth1995",1610
"grahamcampbell1995",281
"grahamcampbell1998",246
"grahamcampbell2001",1611
"grahamcampbell2003",1612
"gudmundsson1965",1613
"hermannsaudardotir1991",1614
"hines1996",1615
"howlet1999",1616
"metcalf2007",1617
"roesdahl2003b",1618
"myhre2003",1619
"paasche2006",1620
"ralston1997",1621
"randsborg1995",1622
"randsborg2000",1623
"smyth1984",1624
"wamers1998a",67
"weber1991",1625
"whitelock1961",1626
"mierow1915",74
"andersen1989",1627
"benderjorgensen2005",1628
"christiansen2004",1629
"cooke2002",1630
"cooke2005",1631
"damgardsorensen1998",1632
"dybdahl1990",1633
"eldjarn1988",1634
"eldjarn1990",1635
"elstad2002",1636
"elstad2004",1637
"hoeghnd",1638
"kastholm2009",260
"kaup1996",260
"kjellmo1996",260
"kvamme2004",260
"lightfoot1996",260
"lightfoot1997",260
"myhre2002",1639
"martensson2006",260
"norgard1999",22
"olsennd",260
"olufsennd",260
"rabben2002",1640
"traetteberg1999",260
"franckenwelz2003",260
"westerdahl1995",260
"amundsen2003",81
"alfsen1979",85
"baug2002",1641
"birkedahl1997",85
"birkedahl2000",85
"bl1923",85
"christophersen1991",85
"crawford2002",85
"gestsson1959",85
"morcken1964",85
"nielssen2014",1642
"nymoen2011",85
"pilo2007",272
"risbol1994",1643
"schou2007",1644
"schon1995",1645
"sigurdsson1999",1646
"jones1999",1647
"bill2013",44
"callmer1977",1648
"gansum1995",44
"hinsch1945",1649
"hjardar2011",44
"hougen1993",44
"jankuhn1986",1650
"karageorghis1999",44
"kilger2008",1651
"kleingartner2014",1652
"larsen2011",1653
"martens1988",1654
"oye2011",1655
"pedersen2001",44
"rispling2008",44
"ros2009",44
"sperber1996",1656
"steuer1997",44
"wiker2006",44
"bender2002",260
"rasteicher2008",260
"brather1992",187
"capelle1978",1657
"capelle2000",187
"daly2011",187
"geary1994",1658
"holck2009",35
"krogh1982",1659
"kummel2009",187
"larsen2004",1660
"marstrander1986",187
"mullerwille1976",116
"mullerwille1992",187
"nicolaysennda",1661
"randsborg1998",1662
"roesdahl2008",1663
"sigurdsson2003",187
"steinsland2002",1664
"vanhaperen2010",187
"berg2015",1665
"anderson1907",246
"becket2010",246
"curle1982",246
"dickson2000",246
"edlin1973",246
"fentz1992",246
"grahamcampbell2002",281
"grieg1940",1666
"grieve1923",246
"harman1981",246
"loder1935",246
"morgan2012",246
"mcneillnd",246
"ottaway1992",1667
"allerton2007",1668
"barthes1971",1669
"barthes1986",1670
"bellamy2012",1671
"bender1998",1672
"blackwell2007",1673
"blackwell2012",1674
"brisholm1997",1675
"burstrom1996",1676
"burstrom1998",1677
"dannehl2009",1678
"demarrais2004",1679
"denzin1989",1680
"derrida1978",1681
"douglas1993",1682
"eckardt2003",1683
"elfver2008",1684
"epstein1991",1685
"foucault1978",1686
"friedel1993",1687
"gaitanammann2005",1688
"gilchrist2000",1689
"gildonnd",1690
"golofast2003",1691
"gordon2009",1692
"gosden2005",24
"halse2006",1693
"hamilakis1999",1694
"hardh1996",278
"heffernan1988",1695
"herva2010",1696
"hibbert1969",1697
"hicks2010",1698
"hodder2012",1699
"holtorf2001",1700
"holtorf2008",1701
"hoskins1998",24
"humphrey2003",1702
"johnsonnd",1703
"jonsdottir1982",1704
"jonsson1997",1705
"joy2000",1706
"joyce2000",1707
"kilnernd",1708
"kopytoff1986",24
"lamb2011",1709
"lamotta2012",1710
"latour1992",1711
"lindqvist1936",1712
"martindale2009",1713
"mcnaughton2006",1714
"meskell2004",1715
"meskell2005",1716
"michell1982",1717
"miller2000",1718
"nevett1999",1719
"novarr1986",1720
"olsen2003",1721
"olsen2010",1722
"olsen2012",1723
"ostergren1990",1724
"polkey1999",1725
"roos2003",1726
"roymans1995",1727
"shanks1998",1728
"sofaer2007",1729
"spangen2005",1730
"stewart1993",1731
"strathern1988",200
"thompsonnd",200
"tilley1996",200
"valenze2006",200
"vellinga1999",200
"weiner1992",1732
"wilson2008",1733
"witmore2007",200
"woolf1967",200
"armstrong2017",1734
"boggs2016",1735
"boyd2009",1736
"cooper2012",1737
"costanza2007",1738
"crumley1993",1739
"crumley2015",1740
"ipcc2014",1741
"lane2015",1742
"nelson2016",1743
"nielsen2013",1744
"obrien2012",1745
"odlingsmee2013",1746
"riede2018",1747
"rockman2009",1748
"rockman2012",1749
"svenning2013",1750
"whitehead1998",1751
"schetelig1917",1752
"andersson2007",1753
"biddle1976",1754
"christiansen2006",1755
"dommasnes1982",1756
"easthope2004",261
"flanders2004",261
"geraghty1996",1757
"gonzalesmarcen2008",261
"hall1994",261
"hamerow2002",228
"hurley1997",1758
"jesch1991",1759
"kelly1988",1760
"mcalister2003",261
"milek2006",1761
"munch2003",1762
"osullivan2008",1763
"corrain1983",261
"corrain2005",261
"perring1981",1764
"reilly2003",261
"simpson1999",1765
"simpson2006",261
"stocker2003",261
"valante2008",1766
"wallace1992",261
"wallace2000",261
"wallace2005",261
"wallace2008",1767
"andersson2000",1768
"artursson2005",1769
"bantelmann1975",1770
"beck2004",1771
"bennett2005",1772
"bjorhem1993",1773
"boozer2015",1774
"boye1992",1775
"boye1998",1776
"carlie2005",1777
"carlie2008",1778
"carstens2015",1779
"christensen1973",1780
"christensen2015",124
"eriksen2009",1781
"ethelberg2003",228
"ford1954",1782
"fowler2017",1783
"gjerlevsen2013",1784
"gram2006",1785
"graslund1987",1786
"hakansson2012",1787
"hansen1991",1788
"harrison2011",1789
"hatt1928",1790
"heimer2009",1791
"heimer2006",1792
"herschend1993",1793
"hill1972",1794
"hvass1980",1795
"jensen1986",1796
"jensen1987",1797
"jessen2012",1798
"jessen2003",1799
"jorgensen1995",1800
"kling1984",1801
"komber2001",1802
"komber1999",1803
"krieger1944",1804
"kristensen2015",1805
"lucas2014",1806
"lucas2016",1807
"martens2005",1808
"mikkelsen2003",1809
"mimisson2016",1810
"moller2009",1811
"nielsen1980",1812
"nielsen1998",1813
"nissen1998",1814
"norlund1948",124
"normark2009",1815
"normark2010",1816
"nylen2009",1817
"olesen1998",1818
"pagh2007",1819
"pedersen2012",1820
"petersen2010",1821
"poulsen2014",1822
"rasmussen1994",1823
"rouse1960",1824
"schietzel1981",1825
"schmidt1994",1826
"schultz2015",1827
"siemen2014",1828
"skov1994",1829
"sorensen2011",1830
"sorensen2017",1831
"sovso2013",1832
"spaulding1953",1833
"steward1954",89
"stouman1980",89
"tornbjerg2002",89
"vale2017",89
"villumsen2017",89
"waterbolk1994",89
"witmore2014",89
"zimmermann2001",89
"gale2000",246
"graslund1980",205
"bill2019",1834
"acker2007",1835
"andersen1993",1836
"aethelweard1962",1837
"bell1969",1838
"bill1991",1839
"bill2009",1840
"bill2015",1841
"bill2018",1842
"birgisson2008",1843
"bischoff1998",1844
"bonde2011",1845
"bratt2004",1846
"brookes2007",1847
"bruce2002",1848
"brucemitford1952",1849
"brucemitford1978",1850
"byock2013",1851
"cannell2011",1852
"capelle2004",1853
"carver1992",1854
"carver2000",1855
"chase1981",1856
"christensen2016",1857
"crosman1980",1858
"crumlinpedersen1991",1859
"crumlinpedersen1997",1860
"crumlinpedersen2002",1861
"daly2007",1862
"damico2015",1863
"dronkeduchatellier1908",1864
"dusse2013",1865
"engevik2011",1866
"englund1979",1867
"ericsson2005",1868
"farbregd1969",1869
"fett1936",1870
"fidjestol1994",1871
"filmersankey1990",1872
"filmersankey2001",1873
"frank1997",1874
"friisjensen1984",1875
"fritzner1973",1876
"fulk2012",1877
"goeres2015",1878
"grammaticus2005",1879
"grimes2013",1880
"hedeager1996",1881
"hedeager2000",1882
"helgesson2004",1883
"henriksen2016",1884
"holst2017",1885
"hulth2013",1886
"jonsson1923",1887
"krag1991",1888
"krag2012",1889
"larsson2011",1890
"lawson1981",1891
"leontev2017",1892
"lindow1997",1893
"ljungkvist2008",188
"lorangenda",1894
"lonnroth1986",1895
"madsen1997",1896
"malmer1966",1897
"marold2012",1898
"maryon1946",1899
"meri2002",1900
"montgomery2000",1901
"mooney2016",1902
"mundal2018",1903
"myhre1966",1904
"myrvoll2014",1905
"neidorf2016",1906
"newton1993",1907
"nicolaysenndb",1908
"nordman1987",1909
"norr1998",1910
"north2007",1911
"north2011",1912
"jorgensen1999",1913
"opedal1996",1914
"oskarsdottir1994",1915
"ostigard2015",1916
"pedersen2003",1917
"petersen1927",1918
"poel2016",1919
"pollington2008",1920
"ramskou1976",1921
"rieck1988",1922
"ringstad2004",1923
"risberg2011",1924
"sapp2000",1925
"schetelig1905",1926
"schon1999",1927
"sellevold1998",1928
"shetelig1929",283
"skre2014",283
"sorokin1997",283
"spurkland2005",283
"stefanovich2016",283
"steinsland1991",283
"stenvik1996",283
"sturluson1982",283
"sundqvist2000",1929
"sorensen2006",283
"turvillepetre1964",283
"varenius1992",1930
"vestergaard2007",283
"warmind1995",283
"appadurai1986a",24
"dionysiusnd",200
"amorosi1997",1931
"arnalds2004",1932
"atalay2012",1933
"balee2006",1934
"bolender2012",1935
"bolender2008",1936
"bourdieu1980",1937
"braje2015",1938
"braje2013",1939
"briggs2006",1940
"brownlow2006",1941
"butzer1975",1942
"caseldine2010",1943
"catlin2011",1944
"catlin2013",1945
"catlin2014",1946
"chadwick2013",1947
"chase2014",1948
"correia2013",1949
"crofts2011",1950
"cronon1991",1951
"crumley2003",1952
"crutzen2000",1953
"dasmann1976",1954
"dugmore2004",232
"dugmore2009",1955
"earle2002",1956
"einarsson2015",1957
"ensor2003",1958
"fisher2005",1959
"fisher2009",1960
"foley2013",1961
"hicks2014",1962
"hilger2015",1963
"hill2009",1964
"hodder2004",1965
"ingold1993",24
"johnson2012",1966
"kennett2013",1967
"klein2015",1968
"lansing2007",1969
"larkin2013",1970
"lefebvre1991",1971
"lentfer2002",1972
"lightfoot1998",1973
"logan2013",1974
"mcgovern2007",1975
"melville1990",1976
"mitchell2003",1977
"morton2013",1978
"mrozowski2006",1979
"mrozowski2011",1980
"norgaard2011",1981
"ogilvie2010",1982
"palsson2013",1983
"redman2005",1984
"reitz2012",1985
"robin2006",1986
"rull2013",1987
"steffen2011",1988
"steward1955",226
"streeter2013",226
"streeter2015",226
"stump2013",226
"thomson2006",226
"thorarinsson1944",1989
"thorhallsdottir2013",226
"vandenoort2013",226
"vanderleeuw2014",226
"wilson1989",226
"woodbridge2012",226
"young2007",226
"miller2012",1990
"arrhenius2009",254
"fleischer2003",254
"franceschi2005",254
"gabriel1991",254
"klaesoe2003",254
"larsen1991",254
"lindow2001",254
"mackeprang1935",254
"mango2002",254
"nielsen2001",254
"orsnes1990",254
"pesch2005",254
"petersen2005",1991
"roesdahl1977",1992
"thrane2005",254
"voss1990",254
"watt2003",254
"callan1927",1993
"brink2002",1994
"brogger1945",1995
"falk2008",1996
"gjaerder1952",1997
"gjessing1943",1998
"gotfredsen2003",1999
"grieg1937",2000
"grotowski2009",2001
"gudni1945",2002
"hauck1973",2003
"hellers2012",2004
"hultgard2008",2005
"jesch2000",2006
"johns1982",2007
"kolstrup1993",2008
"korsvoll2011",2009
"lund1974",2010
"macleod2006",2011
"maixner2004",2012
"mckinnell2004",2013
"melsom2003",2014
"meyer1999",2015
"ullerwille1985",2016
"muncknd",94
"nordland1951",94
"price2013",2017
"pyysiainen2004",94
"resi2013",94
"ritner1988",94
"roesdahl1998",94
"schetelig1920",2018
"thrane1998",94
"thurston1907",94
"weber2012",94
"wilk2000",94
"arrhenius1961",2019
"imer2004",94
"adams2004",2020
"arndt2007",2021
"andersen2017",2022
"bagge2016",2023
"bagge2004",2024
"bauduin2009",2025
"callmer2009",2026
"corrochano2014",2027
"curta2011",2028
"deckers2017",2029
"deckers2012",2030
"dobat2016",2031
"eisenschmidt2004",2032
"fried1994",2033
"garipzanov2008",2034
"gazzoli2011",2035
"henstra2012",2036
"ijssennaggervanderpluijm2017",2037
"jansson1997",2038
"jesch2004",2039
"juul2017",82
"kleiminger1993",2040
"knol2001",82
"knol1993",82
"knol1999",82
"kramer2000",82
"kramer1996",82
"baume1952",82
"lebecq1983",82
"lund1990",82
"lund2003",22
"mcleod2007",82
"nelson2008",82
"nicolay2014",82
"nijdam2009",82
"nasman2006",117
"price2009",82
"prummel2000",82
"prummel2001",82
"pohl1998",82
"reimitz2008",82
"reuter1991",82
"richards2010",82
"roesdahl1996",2041
"roesdahl1992",82
"roxburgh2013",82
"samplonius1998",82
"sindbaek2008",2042
"steuer1974",82
"tummuscheit2018",82
"urbanczyk2009",82
"wawn2002",82
"zettel1977",82
"benecke1994",2043
"bergmannnd",2044
"cluttonbrock1999",2045
"cluttonbrock2012",2046
"damm2000",2047
"davis1978",2048
"degerbol1933",2049
"driscoll2009",2050
"driscoll2007",2051
"engels2001",2052
"ewing1981",2053
"faure2009",2054
"french1988",2055
"gotfredsen2017",2056
"grigson1969",2057
"grigson1989",2058
"hatting1990",2059
"hatting1991",2060
"hatting2004",2061
"jansen1988",2062
"johansson1987",2063
"jorgensen1992",117
"kitchener1991",2064
"knospe1988",2065
"kratochvil1973",2066
"kratochvil1976",2067
"kratochvil1977",2068
"kveiborg2007",2069
"meadow1989",2070
"mohl1961",2071
"mohl1971",2072
"mohl2010",2073
"nyegaard1998",2074
"oconnor2007",2075
"ostergaard2016",2076
"ottoni2017",2077
"petrov1992",2078
"pitakarnnop2017",2079
"rantzau2015",274
"steineke2017",274
"tchernov1984",274
"tchernov1991",274
"tomtov2009",274
"tomtov2008",274
"tomtov2003",274
"neer2014",274
"vigne2015",274
"vigne2004",274
"zohary1991",274
"andersen2003",2080
"andrews1997",2081
"samling1985",2082
"auch2012",2083
"barrett2007",2084
"becker1979",2085
"bencard1973",2086
"bencard1974",2087
"bencard1979",2088
"bencard1970",2089
"benderjorgensen1991",2090
"benderjorgensen2004",2091
"blackmore2001",2092
"bult1988",2093
"callmer1981",2094
"callmer1984",204
"capelle1980",2095
"croix2014b",2096
"demannd",2097
"ennen1972",2098
"feveile2010",2099
"feveile1998",2100
"frandsen1986",2101
"frandsen1987",2102
"frandsen1988",2103
"frandsen2006a",2104
"haarnagel1941",2105
"haarnagel1963",2106
"hamerow2007",2107
"hamerow2011",2108
"harris1975",2109
"helle2006",2110
"herrmann1978",2111
"herrmann1982",2112
"herschend2009",2113
"hines1994",2114
"hodges1988",2115
"hodges1996",2116
"jagodzinski1991",2117
"jankuhn1971",2118
"jankuhn1985",2119
"kuzmin2000",2120
"lucas2001",2121
"lundstrom1981",2122
"malcolm2003",2123
"milek2007",2124
"olsen1975",2125
"reynolds1977",2126
"sedov1985",2127
"siegmuller2010",2128
"stanislawski2011",2129
"steuer1980",2130
"steuer2007",2131
"stiff2001",2132
"sovso2010",2133
"ufkes2011",2134
"urbanczyk1994",2135
"urbanczyk2007",2136
"vanes2009",2137
"bredsdorff1973",142
"mauritsen2015",142
"tornbjerg1989",142
"cluttonbrock1984",274
"adamsen2009",2138
"adriansen2003",2139
"andersen2010",2140
"asingh2001",2141
"axboe2010",2142
"bjornskov2011",2143
"voncarnapbornheim2012",2144
"christiansen2008",2145
"fabech1999",2146
"fabech1995",2147
"fischer1983",256
"garrison2009",2148
"gregory1984",2149
"hansen2012",2150
"hardh1999",2151
"hardh2003",2152
"hedeager2001",16
"henriksen2000",2153
"henriksen2010",2154
"henriksen2011",2155
"horsnaes2002",2156
"horsnaes2010",2157
"iversen1993",2158
"jorgensen2001",2159
"kristiansen1981",2160
"makeler2003",2161
"moesgaard2009",2162
"museumsloven2006",2163
"nielsen2012",2164
"nielsen1993",2165
"olsen2009",2166
"paulsson1999",256
"petersen1991",2167
"rasmussen2007",2168
"sorensen1991",2169
"eds1998",132
"thrane1991",132
"thomas2012",2170
"ulriksen1994",132
"ulst2012",132
"ames2012",2171
"angelbeck2012",2172
"bican1992",2173
"brink1998",2174
"callmer1995",2175
"carballo2016",2176
"carlsson1989",2177
"christaller1933",2178
"christensen2014",2179
"crumley1976",2180
"dam2015",2181
"earle2015",2182
"fabech1998",22
"foucault1980",2183
"foucault1997",2184
"gammeltoft2012",2185
"giddens1976",181
"gogsigjakobsennd",181
"helgesson1998",181
"hirth1996",181
"iversen2011",2186
"jorgensen1998",181
"larsson2003",181
"mcguire1996",181
"myrdal2011",181
"ramskou1970",181
"saitta1998",181
"skre2010",2187
"trigger2003",2188
"ulsig2011",181
"aarissorensen2004",274
"abrams1989",2189
"aufderheide1998",2190
"barnes1994",2191
"bass1995",2192
"beard2000",2193
"brettell2012",2194
"brothwell1972",2195
"buckberry2004",2196
"buckberry2007",2197
"buckberry2010",2198
"buckberry2002",2199
"cox2000",2200
"darling2003",263
"daux2008",2201
"ericson1985",2202
"evans2006",2203
"evans2010",2204
"evans2012",2205
"hadley1997",2206
"hadley2000",184
"hadley2001",2207
"hadley2002",2208
"hadley2005",2209
"hall2000",2210
"hamilton2014",2211
"hedges2007",2212
"iscan1984",2213
"iscan1985",2214
"liden1994",174
"longinelli1984",2215
"lovejoy1985",2216
"lucy2005",174
"map2005",174
"maresh1970",174
"mays2000",174
"meindl1985",174
"montgomery2007",174
"montgomery2009",174
"montgomery2011",174
"rasmussen2001",142
"tornbjerg1994",142
"adams1992",2217
"aldeias2016",2218
"arroyokalin2017",2219
"baneijea2015",2220
"barker1977",2221
"benyarku2005",2222
"berggren2003",2223
"borderie2015",2224
"borderie2019",2225
"bowsher2007",2226
"burch2011",2227
"canti2001",2228
"carver2005",2229
"carver2009",2230
"carver2012",2231
"carver2016",2232
"carver2015a",2233
"chadwick1998",2234
"clark1992",2235
"courty1989",196
"deroo2016",2236
"doneus2005",2237
"drewett1999",2238
"fao2006",2239
"fedele1984",2240
"c2006",2241
"feveile1984",2242
"frandsen1984",2243
"french2015",2244
"friesem2017",2245
"galeazzi2016",2246
"gasche1983",2247
"ge1993",2248
"geus2018",2249
"goldberg2003",2250
"heimdahl2005",2251
"hodder1992",2252
"hodder1997",2253
"huisman2017",2254
"hummler2015",2255
"jupiter2018",2256
"karkanas2018",2257
"kimball2016",2258
"kooistrand",2259
"kraling2014",2260
"kristiansen2014",2261
"krupski2017",2262
"langohr1994",2263
"larsson2001",2264
"larsson2009",2265
"macphail2010",196
"macphail2003",2266
"mallol2017",2267
"g2017",2268
"nicosia2013",2269
"opitz2015",2270
"pavel2012",2271
"rentzel2017",2272
"ropke2017",2273
"roskams2001",2274
"saunders2000",2275
"schiffer1987",2276
"sode2010",2277
"stoops2003",2278
"tassie2015",2279
"turney2005",2280
"valente2017",2281
"vanriel2016",2282
"vepraskas2018",2283
"verleyen2017",2284
"vince1995",2285
"weiner2010",2286
"westman1994",2287
"wouters2018",2288
"wouters2019",2289
"wouters2017",2290
"jorgensen1991",2291
"riberhus1990",2292
"posthusskulptur1993",2293
"adderley2010",2294
"akeret2001",2295
"bellens2012",2296
"ball2009",2297
"borderie2011",2298
"brown1984",2299
"bullock1985",2300
"cammas2000",2301
"cammas2001",2302
"davidson2003",2303
"devos2012",2304
"devos2009",2305
"devos2011",2306
"fechner2004",2307
"fondrillon2007",2308
"fondrillon2009",2309
"fredlund1994",2310
"french2003",2311
"gebhardt1999",2312
"goldberg2006",196
"guelat1998",2313
"guttmann2006",2314
"jacobs2010",2315
"kaplan1992",2316
"kiden1991",2317
"kiden2006",2318
"langohr2001",2319
"langohr1976",170
"macphail1994",2320
"macphail2001",196
"macphail2004",196
"macphail2007",196
"madella2012",170
"madella2005",170
"matthews2010",170
"nicosia2012",2321
"pape1966",170
"pieters1990",170
"romans1983",170
"simpson1998",170
"simpson2000",170
"simpson2005",2322
"tys2010",2323
"vandewalle1961",2324
"vanes1980",170
"vanheeringen1995",170
"verhaeghe2005",2325
"verhulst1978",2326
"vrydaghs2004",170
"vrydaghs2007",170
"wood1978",170
"wouters2012",2327
"sorensen2007",132
"tymorsdetektor2012",132
"watt2000a",132
"randsborg1994",2328
"ulriksen2013",132
"randsborg2007",132
"portableantiquitiesscheme2012",132
"leethorp2008",174
"tainter1988",2329
"hegmon2008",2330
"vesteinsson2007",2331
"vesteinsson2010",232
"mcgovern2009",2332
"church2005",2333
"trigg2009",2334
"fredskild1991",2335
"adderley2005",2336
"adderley2006",2337
"mcgovern2006",2338
"perdikaris2007",2339
"perdikaris2008",2340
"karlsson2000",2341
"mainland2005",2342
"brewington2010",2343
"meldgaard1986",2344
"vesteinsson2004",2345
"church2007",2346
"arnalds1987",2347
"sveinbjorndottir2010",2348
"mcgovern1988",2349
"arneborg2004",2350
"berkes2000",51
"mcintosh2000",51
"vasey1996",51
"mikkelsen2008",51
"barlow1997",51
"patterson2010",51
"meeker2002",51
"oppenheimer2003",51
"ogilvie2009",2351
"cantor2001",51
"mageroy1993",51
"gullov2008",51
"ogden2007",174
"yorkarchaeologicaltrust1998",2352
"draganits2014",2353
"ackermann1999",2354
"agren2007",2355
"ambrosiani2008",2356
"anundsen1985",2357
"bill2010",2358
"bird2008",2359
"brogger1916",2360
"carver1994",2361
"challis2006",2362
"chappell1986",2363
"church2011",2364
"cuslrg2013",2365
"clark2009",2366
"crutchley2010",2367
"davis2000",2368
"doneus2011",2369
"doneus2013",2370
"ekman1996",2371
"ekman2009",2372
"eliassen2009",2373
"falck2013",2374
"fleming1998",2375
"gansum1997",2376
"gansum2007",2377
"gansum2008",2378
"gansum2009",2379
"gron1998",2380
"hafsten1983",2381
"hedeager1988",2382
"henningsmoen1978",2383
"hesnard2004",2384
"hesse2010",2385
"jerpasen1993",2386
"jerpasen1996",2387
"keller1993",2388
"keller1994",2389
"kierulf2012",2390
"klakegg1991",2391
"kokalj2011",2392
"lambeck1995",2393
"lambeck2010",2394
"lisiecki2005",2395
"mangerud2011",2396
"mitrovica2010",2397
"morhange2010",2398
"myhre1994",2399
"myhre1996",1
"myhre2013",2400
"nhs2011",2401
"nicolaysennde",2402
"ostigard2009",2403
"olesen2004",2404
"otvos2000",2405
"passe2001",2406
"pirazzoli1991",2407
"persson2008",2408
"persson2011",2409
"persson2012",2410
"pirazzoli1996",2411
"pugh2004",286
"risbol2009",286
"simpson2012",286
"solberg2003",2412
"sorensen1999",286
"stabell1980",286
"stular2012",286
"tartaron2013",286
"trinks2007",2413
"vestol2006",286
"vorren2008",286
"watts2001",286
"wehr1999",286
"westerdahl1996",286
"woodroffe2002",286
"abulafia2011",2414
"angenendt2008",2415
"armstrong2009",2416
"arrhenius2011",2417
"augenti2010",2418
"battaglia2001",2419
"behr2014",2420
"museum2009",2421
"bougard2008",2422
"bowden2012",2423
"broodbank2013",2424
"mullerwille2007",2425
"dietrich2012",2426
"doherty1985",2427
"ekelund1994",2428
"gelichi2010",2429
"gelichi2013",2430
"gelichi2012",2431
"henning2007",2432
"henning2008",2433
"herschend1992",2434
"hill1997",2435
"horden2000",2436
"kelly2000",2437
"kocabas2008",2438
"lane2000",2439
"lebecq2000",2440
"liebeschuetz2000",2441
"loveluck2005",2442
"loveluck2007",2443
"loveluck2012",2444
"lowe2006",2445
"maldonadoramirez2011",2446
"marazzi2004",2447
"marsawa2011",2448
"mccormick1997",2449
"mccormick2007",2450
"mithen2011",2451
"mullerwille2010",2452
"nielsen1994",2453
"dwyer1981",2454
"maidin1996",2455
"osullivan2013",2456
"skre2012",123
"soderberg2004",123
"arbman1943",116
"barrett1991",2457
"belk1988",2458
"bruck2004",2459
"carlsson1983",2460
"devlin2007",2461
"fowler2004",24
"eriksson2014",45
"gosden2004",2462
"imer2011",45
"jones2005",2463
"keynes1983",2464
"king2004",45
"krause1966",45
"lemonnier2012",45
"maixner2005",2465
"parkerpearson1999",155
"pearce2013",45
"linder2014",45
"stenberg2007",45
"stenberg2008",45
"akademiens2014",45
"thunmarknylen1983",45
"thunmarknylen1986",45
"thunmarknylen1998",2466
"tolkien1954",45
"tollerton2011",45
"tsigaridasglorstad2012",2467
"webmoor2008",2468
"alberti2016",2469
"ambrosiani1993",2470
"aries1962",2471
"bo1967",2472
"backe1993",2473
"bantelmann1955",2474
"bloch1995",2475
"brink2012",2476
"brown2008",2477
"bruck1999",2478
"callow2006",2479
"cannon2015",2480
"capelle1987",2481
"cuijpers1999",2482
"dedet1990",2483
"eriksen2010",2484
"eriksen2015",2485
"gamble2007",2486
"gejvall1955",2487
"gell1998",2488
"gottlieb2004",2489
"grindkasa2012",2490
"haarnagel1979",2491
"hamerow2006",2492
"hamilakis2013",2493
"hansen2006",2494
"harris2010",2495
"hausfater1984",2496
"holck2008",2497
"hrdy1992",2498
"hrdy1999",2499
"jones2010",2500
"jorgensen2014",2501
"kamp2001",2502
"karsten1994",2503
"kaul2003",2504
"lally2011",2505
"lally2008",2506
"lancy2008",2507
"lillehammer1989",2508
"lillehammer2008",2509
"lillehammer2011",2510
"lunde2011",2511
"menotti2014",2512
"meskell2002",2513
"mithen2000",2514
"moore2009",111
"mundal1987",2515
"mundal1988",2516
"murphy2014",111
"naumann2012",111
"nielsen1987",111
"nielsen1986",2517
"pentikainen1990",111
"renck2000",2518
"roslund1990",111
"runge2009",111
"sawyer1992",2519
"scheperhughes1992",111
"schlabow1953",111
"schutz2001",111
"sellevold1987",111
"sofaerderevenski2000",2520
"tarlow2000",2521
"toedter2001",111
"ucko1969",111
"viveirosdecastro2004",111
"welinder1998",2522
"domeij1994",125
"domeij2004",2523
"shetelig1944",125
"steuer1994",125
"tomasdotterjakobsson1992",125
"tilley1994",125
"verhulst1999",123
"wheatley1969",123
"wheatley1971",123
"wataghin2011",123
"wickham2012",123
"carver1993",123
"willemsen2010",123
"grimnesmal1985",2524
"landnamabok1997",2525
"andreeff2007",2526
"andren1993",2527
"andren1997",2528
"arrhenius1970",2529
"bardseth2009",2530
"beck2010",2531
"bell1992",2532
"bertell2006",2533
"blanton1995",2534
"blier1987",2535
"heyerdahllarsen1995",291
"bourdieu1977",2536
"bradley2005",2537
"brendalsmo1992",2538
"carlie2006",2539
"davidson1964",2540
"davidson1968",2541
"davidson1993",2542
"decerteau1984",2543
"eriksen2011",2544
"feilberg1907",2545
"fendin2006",2546
"fredriksen2002",2547
"gardela2011",138
"gennep1960",2548
"geschwind2005",2549
"graslund1969",2550
"gurevic1969",2551
"hagberg1937",2552
"hallans1997",2553
"heide2006",2554
"herschend1997",2555
"hillier1984",2556
"holmquistolausson1990",2557
"holmquistolausson1996",2558
"holmqvist1961",2559
"holmqvist1933",2560
"johansson1993",2561
"kaliff1997",2562
"kjos2009",2563
"komber1989",2564
"kristensen2010",2565
"kristoffersen2000",2566
"kristoffersen1999",2567
"kristoffersen2010",2568
"lakoff1980",2569
"lang1984",177
"larrington2007",2570
"petersen1933",2571
"ramqvist1992",2572
"reynolds2009",2573
"rodsrud2007",196
"ronne2008",2574
"rundkvist2012",2575
"sander1997",2576
"schmidt1999",2577
"skov2002",2578
"soderberg2006",2579
"solheim1965",20
"steinsland2005",24
"stutz2006",2580
"stutz2008",20
"stutz2010",20
"trumbullnd",20
"tuan1977",20
"turner1967",20
"turner1977",2581
"unwin2007",20
"unwin2009",20
"weibull1911",2582
"weibull1918",20
"wilson1988",2583
"wylie1985",20
"dansgaard1964",152
"eriksson2008",2584
"fischer2007",2585
"fuller2003",263
"hillson1996",2586
"hoppe2003",2587
"ingramnd",2588
"aberg1987",2589
"birck1986",193
"chenery2010",2590
"muldner2005",193
"oneil1994",193
"polet2003",193
"privat2007",193
"richards1998",177
"schroeder2013",193
"sealy2001",205
"sealy1995",263
"vennemann2002",193
"voerkelius2010",259
"white1998",2591
"lecolle1985",193
"levinson1987",263
"liden1995",193
"lykoudis2007",193
"mann2003",2592
"moberg2005",2593
"montgomery2005",263
"montgomery2010",193
"almgren1967",2594
"ambrosiani1988",48
"ambrosiani1995",48
"ambrosiani1999",204
"arwidsson1989",2595
"burenhult1984",48
"carcopino1984",48
"ermatinger2015",48
"guliaev2003",48
"hall2016",48
"hedenstiernajonson2018",48
"jones1968",48
"lancianind",48
"lindquist1978",2596
"lindquist1984",48
"ringstedt1997",2597
"roesdahl1992a",22
"sandberg1994",2598
"selling1940",48
"stenberger1964",2599
"whittaker2006",48
"carver2010",2600
"yenikapi2008",123
"schulzedorrlamm1998",272
"baastrup2007",272
"baastrup2005",2601
"haberstroh2008",272
"ramskou1950",272
"sovso2011",272
"ulriksen2003",272
"ulriksen2006",2602
"arrhenius1960",292
"behmblancke1973",2603
"birkedalchristensen1991",2604
"bode1998",2605
"callmer1999",2606
"carnapbornheim1997",2607
"drescher1983",233
"fallgren2016",2608
"feveile2014",2609
"fiedel2011",2610
"frick1993",2611
"fuglesang1985",2612
"gjedssobertelsen1991",2613
"gjedssobertelsen1992",2614
"haackolsen2005",2615
"haldenby2010",2616
"hedegaard1989",2617
"hedegaard1992",2618
"hellesolesen1992",2619
"henriksen1998",2620
"henriksen2002",2621
"hines1997",2622
"hoilundnielsen1984",2623
"hoilundnielsen1991",233
"hoilundnielsen2011",2624
"hoilundnielsen2006",2625
"hardh2011",2626
"johansen1992",2627
"jouttijarvi2002",2628
"klindtjensen1957",2629
"lonborg1999",2630
"madsen1990",2631
"maixner2015",2632
"mclean2007",2633
"moesgaard2012",2634
"moesgaard2008",2635
"nerman1969",131
"reichstein1975",131
"sarauw2014",131
"schulzedorrlamm1986",131
"stromberg1961",2636
"trierchristiansen2017",131
"watt1991",16
"wahlin2014",131
"zimmermann2015",131
"unmarknylen1981",48
"bremen1975",2637
"tacitus2003",2638
"ambrosiani1985",2639
"andersen2009",2640
"andersson2008b",2641
"andren1991a",2642
"anglert2006",2643
"arne1937",2644
"arrhenius1986",2645
"artelius2008",2646
"biuw1992",2647
"bland1993",2648
"bradley2000",2649
"price2008f",2650
"back2009",2651
"carlie1998",2652
"ross1994",2653
"conti1999",2654
"rosengren1997",2655
"green1995",2656
"hannestad1986",2657
"hansen1989",2658
"hansen1996",2659
"hauck1984",2660
"ruprecht1992",2661
"hellberg1967",2662
"hjarthnerholdar2008",2663
"holmqvist1972",2664
"holmqvist1969",2665
"hultgard1995",2666
"ilkjaer1990",16
"jeppesen2004",2667
"johansen1989",2668
"johns1994",2669
"jong2001",2670
"jorgensen1994",131
"lamm1989",2671
"lamm1999",2672
"lindeblad2007",2673
"lundqvist1997",2674
"lundstrom1988",2675
"milburn1989",2676
"montanari2001",2677
"mortensen1988",16
"myrberg2005",20
"nilsson1992",2678
"nylen1988",2679
"nasman1993",2680
"ringtved1991",2681
"sanden2001",2682
"sawyer1985",2683
"simek1993",2684
"skovgaardpetersen1981",2685
"price2008h",2686
"staecker1999",138
"strid1993",2687
"price2008i",2688
"sorensen2008",2689
"sorensen1985",2690
"sorensen2000b",2691
"savborg2003",2692
"theuws2001",2693
"thomsen1994",2694
"thrane1987",14
"thrane1982",14
"vierck1981",2695
"vikstrand1996",14
"wes1992",14
"widgren1998",14
"stiegemann1999",272
"wieczorek2000",272
"st1916",2696
"croinin1997",2697
"jezek2011",2698
"macairt1983",2699
"schuldt2011",2700
"scott1978",2701
"byrne1973",2702
"warner1997",2703
"dunbabin2002",2704
"kelly2011",2705
"thiaw2011",2706
"toch2000",2707
"toch2014",2708
"mikulcice1973",2709
"machacek2013",2710
"kenny1986",2711
"kruse1995",2712
"borkovsky1954",2713
"graus1957",2714
"davidson1992",2715
"hanuliak1995",2716
"hope2010",2717
"redknap2004",2718
"hills1984",2719
"hirst1985",2720
"forexample1997",2721
"hall1978",2722
"machacek2010",2723
"kjellstrom2009",2724
"aalto2014",8
"ahola2014a",8
"bartlett1993",8
"brondsted1979",8
"buko2008",2725
"fellowsjensen2008",8
"foote1970",2726
"gravesbrown1996",8
"hall2007",2727
"hannestad1970",8
"heininen2014",8
"ingstad1977",8
"jakobsen2015",8
"jansson1991",8
"kakonen1998",8
"konsa2008",188
"laakso2014",8
"lamm1928",8
"mcdonald2014",8
"moesgaard2011",8
"mohen1992",8
"nerman1958",152
"noonan1997",8
"pries2014",8
"rahtz1983",8
"richards2005",8
"rimbertnd",8
"roesdahl2012",8
"roslund2001",2728
"sawyer1997",2729
"schalin2014",8
"sindbaek2015",8
"stockmann2015",8
"talvio2014",8
"williams2013a",100
"winroth2014",2730
"zak1963",8
"zak1967",8
"ulriksen2002",131
"hoilundnielsen1987",233
"barfod2016",2731
"callmer2001",2732
"christophersen2015",2733
"clark2007",2734
"costin2001",2735
"cotton1933",2736
"dobres2000",285
"dobres2014",2737
"feveile2001c",2738
"c2006a",2739
"feveile2008",2740
"flad2007",2741
"gebers2004",2742
"henderson2000",2743
"hodges2000",2744
"holback1999",2745
"hybel2007",2746
"jacobs2016",2747
"jankuhn1983",2748
"jennings2016",2749
"jervis2016",2750
"latham2009",2751
"latour2005",2752
"leroigourhan1964",2753
"linaa2015",2754
"lonborg1992",2755
"lonborg1998",2756
"mainman2000",2757
"neiss2012",2758
"oexle1992",2759
"oldeberg1966",2760
"orfanou2018",2761
"ottaway1970",2762
"parkinson2013",2763
"pirenne1927",2764
"ramquist1992",2765
"renfrew1994",293
"rimbert1961",293
"sage1984",293
"schortman2004",293
"smith2009",293
"smith2017",293
"trigger1986",293
"ur2014",293
"voncarnapbornheim1996",293
"wailes1996",293
"wickham2009",293
"wirth1938",293
"alberti2009",18
"andersson1997",18
"aspock2011",18
"effros2002",2766
"fahlander2008",2767
"fahlander2010",18
"fahlander2013",18
"fahlander2014",18
"gansum2004",2768
"hastrup1985",2769
"hedjakobsson2011",18
"holback2016",18
"holbraad2010",2770
"holbraad2017",2771
"holloway2008",18
"klevnas2015",2772
"klevnas2016",18
"kummel2005",18
"olsson2007",18
"orchard2003",2773
"orchard2004",2774
"perabo2017",2775
"runer2014",18
"salmond2014",2776
"stoklund2004",18
"tesch2015",18
"watts2013",18
"wickholm2008",18
"wikstrom2006",18
"williams1998",18
"williams2005",2777
"henning1992",2778
"liebermann1903",2779
"ludvikovsky1978",2780
"campbell1998",266
"klaniczay1985",266
"mccormick2005",266
"obrien2005",266
"davies2010",266
"valante2000",266
"trestik2015",266
"kenny1987",266
"machacek2017",266
"aspock2008",2781
"galuska2004",266
"galuska2015",266
"schuldt1960",266
"mcdonough1995",266
"klaniczay1953",266
"arwidsson1942",2782
"arwidsson1954",2783
"arwidsson1983",2784
"behmblancke2003",2785
"boeheimnd",2786
"bohner1958",2787
"brucemitford1975",2788
"chaney1970",2789
"claessen1978",2790
"colgrave1992",2791
"cumontnd",2792
"dagron2003",2793
"ellmers1970",2794
"erkens2002",2795
"filmersankey1996",2796
"frazernd",2797
"funcken1977",2798
"gage1988",2799
"goodman1969",2800
"hagen1992",2801
"hanke2001",2802
"harke1992",2803
"hopetaylor1977",2804
"johansen1932",2805
"krausse1999",2806
"latte1988",2807
"lind2003",13
"mercer1929",13
"minkenberg2003",13
"ullerwille1970",13
"nielsen1996",13
"oconnor1989",2808
"pieper1989",13
"richards1992",13
"service1971",13
"siebert1999",13
"sten1988",2809
"stepper2003",13
"steuer2004",13
"vadstrup1997",13
"devries1956",2810
"werner1986",13
"winkelman1996",13
"anthony1990",2811
"arnold1990",2812
"burmeister2000",2813
"clarke1973",2814
"dennell1996",2815
"haak2010",2816
"james1999",2817
"kohl1995",2818
"kristiansen2017",2819
"richards1996",2820
"schiffels2016",2821
"shennan2013",2822
"trigger1984",2823
"andersen2015",213
"andersen1984",213
"andersen2000",213
"andersen2001",213
"bolander2013",213
"borg1998",213
"feveile2016",213
"gabriel1988",213
"gross1993",213
"jacobsen2001",213
"jantzen1998",213
"kastholm2011",213
"klemensen2000",213
"knorr1938",213
"krabath2001",213
"madsen1999",213
"sabo2013",213
"skaarup2001",213
"jahrhundert1997",213
"skaarup2000",213
"timpel1987",213
"ulriksen2000",213
"voss1961",213
"wagnkilde1999",213
"wagnkilde1997",213
"beck2016",213
"bailey1984",2824
"ballard2003",2825
"bonacich1973",2826
"bradley1988",2827
"carey1997",2828
"cohen1971",2829
"collingwood1927",2830
"curtin1984",2831
"downham2009",2832
"downham2010",2833
"downham2012",2834
"edmonds2009",2835
"edmonds2014",2836
"edwards1990",2837
"freedman1960",2838
"gibbons2003",2839
"gourgouris2005",2840
"griffiths2004",2841
"james1978",2842
"jesch2008",2843
"johnson1999",2844
"johnson2004",2845
"lang1987",2846
"levi2001",2847
"markovits2002",2848
"marstrander1916",2849
"maxwell1998",2850
"mcniven2003",2851
"mcpherson1993",77
"murray2004",77
"nurse1985",77
"ocorrain1978",77
"ofloinn1987",77
"ofloinn1998",77
"oka2008",77
"omeara1982",77
"sheehan2001",2852
"sigurdsson2000",77
"smith1927",77
"stacey2007",77
"tan1979",77
"tan1993",77
"tsagarousianou2004",77
"wallace1987",77
"brink2006",14
"fabech2006",2853
"herschend2006",72
"lindqvist1941",2854
"sorensen1994b",2855
"liden1996",14
"brink1996",2856
"albrethsen1986",2857
"amorosi1998",2858
"arneborg2000",2859
"barlow2001",2860
"berglund1986",2861
"bond1998",2862
"brewington2007",2863
"buckland1996",2864
"buckland1991",2865
"dawson2003",2866
"dennis1993",2867
"dugmore1991",2868
"dugmore2006",2869
"dugmore1994",2870
"edwards1982",2871
"kristjansson1993",2872
"krogh1974",2873
"lynnerup2000",2874
"lynnerup2003",2875
"mairs2006",2876
"mason1998",2877
"mayewski2002",2878
"mcghee1984",2879
"mcghee2002",2880
"mcgovern1979",2881
"bones1992",2882
"thomas2001",120
"ogilvie2000",120
"olafsdottir2001",120
"perdikaris1999",120
"petersen2000",120
"schledermann2003",2883
"seaver1996",120
"simpson2001",120
"spufford2006",120
"sutherland2000",2884
"vesteinsson2000",2885
"androshchuk2005",2886
"burstrom1990",2887
"callmer2004",2888
"christensen1981",2889
"christensen1997",294
"damsholt1984",2890
"dommasnes1979",2891
"dommasnes1991",2892
"ellis1943",2893
"p2008",2894
"ewing2006",2895
"gardela2009",2896
"graslund1994",2897
"gron1994",2898
"harrington2007",2899
"smith2004",2900
"holck2006",2901
"ingstad1992",2902
"jochens1996",2903
"jochens1998",2904
"jorgensen2005",2905
"larrington1999",2906
"lauritsen2003",2907
"nordberg2002",2908
"paulsen1956",2909
"andersen1922",2910
"sellevold1984",2911
"skaarup1976",116
"stalsberg1991",2912
"stalsberg2001",2913
"stylegar2007",116
"vangpetersen2005",2914
"bolander2017",2915
"henrikson2001",2916
"henrikson2002",2917
"jensen2011",2918
"bakka1993",2919
"bukkemoen2007",2920
"chapman1999",2921
"barndon2006",2922
"gjerpe2007",96
"graslund1995",2923
"hanisch2000",96
"howardjohnston1993",2924
"kristoffersen1985",96
"lie1992",96
"lowenborg2012",2925
"magnus1983",96
"landbruk2008",96
"nielsen2007",2926
"robin2002",96
"soma2006",96
"tringham1995",96
"valum2011",96
"ostigard2007",96
"anglert1989",2927
"andersson2001",2928
"berglund2017",2929
"brendalsmo2006",2930
"christie1974",2931
"ellingsen2012",2932
"eidshaug2016",2933
"forseth2017",112
"gronnesby1998",112
"guttormsen2002",112
"henriksen2007",112
"heaney1999",112
"herschend1998",112
"holmsen1976",112
"jensenius2010",112
"jensenius2018",2934
"mokkelbost2015",112
"nordeide2006",112
"rian1992",112
"roskaft2005",112
"sauvage2016",112
"skre1988",112
"steinsland1994",2935
"nielsen2002",2936
"aberg1995",2937
"blum2000",2938
"burton1999",2939
"frei2009",259
"grupe1997",2940
"gustafsson2000",2941
"horwitz1992",2942
"jorkov2010",2943
"knudson2004",2944
"larsen2006",2945
"pollard2011",263
"price1992",2946
"price1994",2947
"price1998",2948
"price2007",2949
"yoder2010",2950
"sugden1982",120
"vesteinsson2002",232
"gardela2007",2951
"bjorn1943",2952
"dronke1969",2953
"dronke1997",2954
"einar1934",2955
"ol1954",2956
"bordarson1935",2957
"faulkes1987",2958
"jonsson1929",2959
"jonsson1976",2960
"palsson1972",2961
"hollander2000",2962
"hollander2002",2963
"vesteinn2003",2964
"wasko2006",2965
"zaluskastromberg1973",2966
"zaluskastromberg1986",2967
"adolfsson1995",295
"carelli2006",295
"arne1941",295
"arrenhius1961",295
"backdanielsson2001",295
"baines1977",295
"gardela2025",295
"heggstad2006",295
"ingstad1995",295
"jesch1996",295
"kristjansson2007",295
"kempinski2003",295
"kiil1960",295
"kosman1989",295
"kyhlberg1980",2968
"mckinnell2000",295
"mcturknd",295
"monsen1969",295
"moszynski1967",295
"motz1996",295
"neustupny2001",295
"nordstrom2006",295
"raudvere2003",295
"renfrew2000",295
"resiheid2002",295
"ringquist1969",295
"wallis2000",295
"wallis2001",295
"wujewski1991",295
"arneborg2002",120
"edvardsson2004",120
"lynnerup2007",120
"scudder2001",2969
"thorsdrapa1900",2970
"sourcesalberti2009",2971
"amundsen2014",2972
"bruck2013",2973
"carlie2004",2974
"carsten1995",2975
"cleasby1957",159
"gansum2003",159
"gerritsen1998",159
"herschend2003",2976
"ingold2006",159
"kristiansen2013",159
"levistrauss1983",159
"renck2008",159
"risbolnielsen1995",159
"thomas2015",159
"williams2001",159
"andrews2006",2977
"appelgren2007",2978
"appleby2013",2979
"aspeborg2007",2980
"burenhult2002",2981
"ersgard2006",2982
"hallansstenholm2012a",2983
"klevnas2013",2984
"latour1999",2985
"lundstrom2004",2986
"mejsholm2009",2987
"montell1996",2988
"nilssonstutz2003",138
"olausson1993",2989
"olofsson2006",2990
"salmond2012",2991
"theliander2010",2992
"vinberg2015",2993
"wuopio2015",2994
"skrede2005",2995
"glorstad2013",96
"helga2001",177
"andersen2002",2996
"sayer2009",2997
"ynglingesaga1979",2998
"alcock1991",2999
"als2006",3000
"barrett2001",3001
"bjorgo1995",3002
"blindheim1947",3003
"blindheim1976",3004
"blindheim1978",3005
"blindheim1981",3006
"bodal1998",3007
"boe1934",3008
"braathen1989",3009
"callaway1987",3010
"cessford1996",3011
"crane2002",3012
"damsholt2003",3013
"demarrais1996",3014
"enright1986",3015
"etchingham2001",3016
"fuglesang1972",3017
"goodacre2005",3018
"grahamcampbell1976",3019
"grahamcampbell1983",3020
"grahamcampbell1987",3021
"gupta1992",3022
"gustafson1900",3023
"hall2004",3024
"hammerton2004",3025
"harlow2004",3026
"hedeager1998",3027
"hedeager2005",3028
"hedeager2007",3029
"helgason2000",67
"helgason2001",3030
"hougen2006",3031
"janes1996",3032
"jenkins1997",3033
"johansen1973",3034
"jondell1974",3035
"kaland1995",3036
"kertzner1988",3037
"larsen2001a",3038
"larsen1978",3039
"levine2004",3040
"macdermott1955",3041
"magnus1975",30
"mahr1941",30
"malmius2003",30
"nieke1991",30
"nieke1988",30
"olsen2000",3042
"paisley2004",30
"pedersen2010",3043
"petersen1928",30
"ryste2005",24
"skibstedtklaesoe1999",30
"staecker2003",30
"stafford1998",30
"stenberger1958",3044
"stevenson1974",30
"stevenson1987",30
"stevenson1989",30
"stoler2002",30
"sveaasandersen1977",30
"trenchjellicoe1999",30
"tsigaridasglorstad2010a",30
"vandommelen2002",30
"whitfield2001",30
"whitfield2004",30
"wilson1973",30
"nilsson2007",3045
"hennius2008",256
"henriksen2003",256
"holme2000",256
"rundkvist2008",3046
"kristoffersen2009",96
"aqvist2006",3047
"arrhenius1990",3048
"bornaahlkvist1998",3049
"carelli2001",3050
"carlsson1979",3051
"rasmusen1999",3052
"dodgshon1980",3053
"fallgren1993",3054
"gothberg2000",222
"gurevich1992",222
"herschend1988",222
"hoff1984",222
"hoffman1975",222
"holst2004",228
"hvass1988",228
"jorgensen1987",222
"kaldalmikkelsen1999",222
"liedgren1997",222
"lillehammer1999",162
"olsen1997",3055
"petersson2006",3056
"porsmose1988",3057
"rasmussen1999",222
"riddersporre1995",222
"ringstad1991",222
"roberts1987",222
"selinge2001",222
"sundqvist2002",3058
"thunmark1979",222
"allentoft2015",3059
"brather2004",204
"cabana2011",3060
"childe1929",3061
"greenblatt2009",3062
"harrison2007",3063
"lazaridis2014",3064
"muller2001",3065
"patterson2012",3066
"prescott2013",3067
"price2004",3068
"shennan1989",285
"skoglund2012",3069
"sigfusson1940",3070
"bjorn1943a",3071
"ol1934",3072
"kunz2001",3073
"larrington1991",3074
"tolkien1960",3075
"jakobsson2001",3076
"backdanielsson1968",3077
"carlsson1999",3078
"daviskimball2002",3079
"dieck1975",3080
"dillmann2006",3081
"dommasnes1978",3082
"davidson1972",3083
"davidson1996a",3084
"hedenstiernajonson2014",3085
"hernaes1984",3086
"katrin2005",279
"kalinke1986",279
"eldjarn2000",3087
"lokka2014",279
"majchczack1997",279
"nadolski1954",279
"pestell2013",3088
"petersen1992",279
"sauckel2013",279
"samson1991",279
"straubhaar2002",279
"straubhaar2011",279
"strom1954",279
"svanberg2000",3089
"tolley2009",279
"riksantikvarieambetet2011",256
"henriksen2006a",256
"attar1990",259
"benson2006",259
"bergfjord2012",259
"frei2010a",259
"geus2004",259
"hald1950",259
"heier2009",259
"kohn1999",259
"mannering2011",259
"morita1986",259
"rosborg2003",259
"enright1996",3090
"gotfredsen2013",3091
"albarella2004",3092
"albarella2001",3093
"degerbol1948",3094
"dobney2001",3095
"enghoff2005",297
"graslund2004",3096
"hamiltondyer2002",297
"zmbochenski2001",297
"hatting1998",297
"lepiksaar1966",297
"makowiecki2001",297
"mlikovsky2005",297
"muller1974",297
"oggins2004",297
"prummel1997",297
"serjeantson2011",297
"tomek2000",297
"tyrberg2002",297
"vretemark2010",297
"knipper2017",3097
"arrhenius1973",3098
"bennet1987",3099
"blidmo1976",3100
"blidmo1981",3101
"bratt2009",3102
"eraesko1965",3103
"eriksson2004",3104
"oxford1967",3105
"ferenius1971",3106
"fischer2004",3107
"fischer2005",3108
"fischer2009",3109
"fischer2008",190
"gronwall1995",3110
"gronwall2009",3111
"hauck1977",3112
"herschend1974",3113
"hoilund2000",3114
"horsnaes2008",3115
"jonsson1992",3116
"kyhlberg1985",3117
"kyhlberg1999",3118
"lallemand1965",257
"lamm1973",190
"lamm1972",257
"stockholm1976",257
"lorren1995",257
"lotter2003",257
"lundstrom1972",257
"magnus2008",3119
"ostergren1981",257
"ramqvist1983",257
"selirand1985",257
"sjovold1993",257
"stjernquist1994",257
"waller1996",3120
"eldjarn1948",3121
"eldjarn1953",3122
"gelsinger1981",3123
"gragas1980",3124
"grinderhansen2000",3125
"gulatingslovi1937",3126
"helle2001",3127
"holt1998",3128
"johannesson1969",3129
"jonsson1993",239
"olafsson1990",239
"risvaag2006",239
"soga1978",239
"soga1981",239
"soga1994",239
"williams2000",239
"ostergren1989",239
"fridriksson2000",3130
"keller2005",177
"artifact2000",177
"skovmann1942",177
"capelle1968",3131
"grahamcampbell1990",3132
"grahamcampbell1981",177
"lekberg2002",177
"stang1984",177
"blackburn1989",239
"haworth1990",239
"assmann1995",3133
"bogucki2004",3134
"duczko2000",3135
"filipowiak1958",3136
"filipowiak1992",3137
"gorecki2002",3138
"holtzmann1918",3139
"jankuhn1934",3140
"janocha1974",101
"janowski2009",101
"kara1991",101
"kola1946",101
"lowmianski1957",101
"morawiec1954",101
"nielsen1991",3141
"rajewski1937",101
"ratajczyk2011",101
"rebkowski2011",101
"sikora2012",101
"schulte1918",101
"wojtkowiak2013",101
"zak1957",101
"duczko1996",3142
"hennius2007",3143
"jahrehorn2014",188
"peets2010",188
"storli2007",3144
"boddington1996",3145
"geake1992",138
"hockart1938",3146
"sherlock1992",3147
"tomicka1975",294
"andersen1985",3148
"mayor2014",3149
"regal2001",3150
"einarol1934",3151
"pedraza1991",224
"mcguire2009",224
"crowder2000",224
"reimers1999",224
"parle1995",224
"sjovold1917",224
"owen1994",224
"kobylinski1994",224
"halsall1996",224
"callow1995",224
"eldjarn1919",224
"townsend2000",177
"mytum2003a",177
"stummannhansen1996",177
"fanning2014",177
"larsen2000",3152
"knudsen2007",177
"richards2007",3153
"haugen1979",177
"saxogrammaticus1996",3154
"miller1997",3155
"ambrosiani1990",3156
"barrett1997",3157
"brogger1921",46
"bull1928",46
"hellan2014",46
"munch1962",46
"reitan2011",46
"resi1985",46
"rolfsen1977",46
"rundberget2007",3158
"rygh1905",46
"rysstad1928",46
"skar1909",46
"sperber2004",46
"steinnes1926",3159
"wenn2017",46
"wenn2016",46
"wiker2013",46
"alexandersen1998",3160
"behrensmeyer1978",3161
"binford1981",3162
"bliujiene2007",3163
"bridault1992",3164
"bronkramsey2013",3165
"carlie2002",3166
"carlie1993",3167
"degrossimazzorin2002",3168
"ewbank1964",3169
"faulkes1995",3170
"frei2013",3171
"goodman1990",3172
"grant1982",3173
"graslund2002",3174
"green1992",3175
"grimm2008",3176
"grimm2010",3177
"prummel2008",3178
"harris1931",3179
"hatting1978",3180
"hatting1985",3181
"helmer1987",3182
"henriksen2015",117
"hillson2000",3183
"jennbert2006",100
"jorgensen2012",3184
"koudelkand",3185
"kveiborg2013",3186
"lauwerier2002",3187
"legge1992",3188
"loumand2006",3189
"magnell2012",3190
"may1985",3191
"monikander2010",3192
"morey2010",3193
"morris2008",3194
"nilsson2003",3195
"nilsson2009",3196
"noenygaard1990",3197
"park1953",3198
"payne1973",3199
"primeau2012",3200
"reimer2013",3201
"reitz1999",3202
"russell2012",197
"schanche2000",3203
"scheuer2000",197
"schmid1972",197
"serjeantson1991",197
"shipman1984",197
"strom1985",197
"stuartmacadam1985",197
"ubelaker1989",197
"vanhaasteren1974",197
"vretemark1997",197
"referencesanderson2013",3204
"arundale1976",3205
"arundale1981",3206
"ascough2005",3207
"ascough2006",3208
"ascough2007",3209
"ascough2009",3210
"ascough2014",3211
"austin2006",3212
"birgisson2013",3213
"bronkramsey2017",3214
"buonasera2015",3215
"coltrain2003",3216
"coulthard2010",3217
"craig1957",3218
"darwent2016",3219
"dumond1987",3220
"dumond2002",3221
"einarsson2011",3222
"fitzhugh1993",3223
"fitzhugh2004",3224
"friesen2016",3225
"gronnow2017",3226
"hajdas2014",3227
"harritt1995",3228
"smith2012",3229
"smith2014",3230
"smith2015",3231
"smith2016",3232
"heron2010",3233
"holtved1944",3234
"isaksson2010",3235
"issenmen1997",3236
"jull1996",3237
"ledger2016",3238
"linnamae1975",3239
"mangerud1972",3240
"mangerud2006",3241
"maryrousseliere1976",3242
"maryrousseliere1979",3243
"mason1990",3244
"mathiassen1927",3245
"maxwell1973",3246
"maxwell1980",3247
"maxwell1985",3248
"mccullough1989",3249
"mcghee2000",3250
"mcghee2009",3251
"mcghee1976",3252
"morrison1983",3253
"morrison1989",3254
"nilsen2017",3255
"odess1996",3256
"odess1998",3257
"odess2004",3258
"olsson1980",3259
"ostergard2004",3260
"ostergard1999",3261
"owen2002",3262
"park1994",3263
"park2004",3264
"petterson2013",3265
"possnert1997",54
"raghavan2014",3266
"reimer2001",54
"rogers1998",3267
"sabo1980",54
"sabo1978",3268
"sayle2014",54
"sayle2016",54
"schledermann1978",54
"schledermann1980",3269
"seersholm2016",54
"sinding2015",54
"sinding2017",54
"stuiver1986",54
"sutherland2002",3270
"tauber1979",54
"taylor1995",54
"tremayne2016",54
"arrhenius2001",3271
"magnus1997a",3272
"bjgrgo1969",60
"gjessing1929",60
"gjessing1934",60
"glgrstad2010",60
"lillios1999",3273
"magnus1999",60
"mannering2000",60
"munch1979",60
"nerman1975",60
"nylen1994",3274
"petersen1905",60
"petersen1907",3275
"ratke2006",60
"sjevold1974",60
"watt2004a",3276
"williams1966",60
"aberg1924",60
"palsson1989",3277
"nordal1933",3278
"adalbjarnarson1941",3279
"andrea2011",3280
"arnold1980",3281
"benstead2006",3282
"bjorck1995",3283
"craig2006",3284
"delrio2005",3285
"fogel1989",3286
"fuller2004",90
"grupe1986",90
"habicht1985",90
"harbeck2009",90
"huhneosterloh1997",90
"husterplogmann2006",90
"imhof1977",90
"james1972",90
"jenkins2001",90
"konnor1980",90
"lemke2005",90
"marold2001",90
"jahrgang2002",90
"jonsson1944",3287
"palsson1962",3288
"arwidsson1986",3289
"jorpeland2013",3290
"bersu1966",3291
"dickinson1992",3292
"duczko1989",3293
"dundes1992",3294
"eniosova2009",3295
"fuglesang1989",3296
"gardela2017",3297
"grinsell1973",3298
"gustafson1906",3299
"hansson1938",3300
"henriksen2013",40
"hildebrandnda",40
"hjardar2012",40
"harke1990",3301
"hardh1976",40
"jagodzinski2010",40
"kivikoski1946",40
"lorangendb",40
"makarov2017",40
"mannering2017",40
"meaney1981",40
"melin2001",40
"morck1900",40
"novikova1998",40
"olsson1986",40
"pestell2012",40
"petersen1917",40
"robb2001",40
"rudzinski2009",40
"ryghnd",40
"samdal1905",40
"schnittger1920",40
"simonsson1969",40
"stenberger1947",40
"stenberger1953",40
"stenberger1956",40
"thoren1994",40
"thunmarknylen2006",40
"wetzler2017",40
"stjerna1905",60
"aanestad2015",67
"barrowman2011",67
"bond2016",67
"brundle2003",67
"carver2008",3302
"crawford1987",3303
"dockrill2010",3304
"forsyth2007",67
"gautier2016",67
"griffiths2010",3305
"ritchie1977",3306
"whitelock1979",281
"worsaaend",67
"arbman1933",280
"arbman1935",280
"grahamcampbell1992",3307
"kleinglrtner2007",280
"nordin1990",280
"paulsen1937",280
"pedersen1996",3308
"sundkvist2001",280
"sturluson1993",280
"soderberg2007",280
"tesch1990",280
"tesch2007",3309
"stockholm2007",280
"askeberg1942",97
"metcalf2003",97
"hakon2008",3310
"ohs1985",3311
"baastrup2013",50
"church2013",3
"dugmore2010",3312
"golledge2003",3
"gronnesby2015",3
"klaesoe1997",3
"myhre2000",3
"owen2004",3
"purcell2015",3313
"rockman2003",232
"shetelig1927",3
"solli1996",3314
"stenvik2001",3315
"vandenoort2011",3
"weber1994",3316
"weber1996",3317
"westerdahl2015",3
"aiken1986",3318
"ambrosiani2000",3319
"carpelan1992",3320
"cassel2008",3321
"cleve1930",3322
"cleve1943",3323
"cleve1978",3324
"ross2001",3325
"edgren1992",3326
"edgren2001",3327
"edgren2008",3328
"emberling1997",3329
"engman1991",3330
"entwistle2000",3331
"fahlander2007",3332
"feldt2002",3333
"gardell2001",3334
"ginters1981",3335
"ginters1984",3336
"gosden2001",3337
"gustin2010",3338
"gustin2015",3339
"hagerman2006",3340
"hall1990",3341
"hall2010",3342
"hardh1984",3343
"holmquistolausson1993",3344
"fuglesang1992",3345
"hulthen1984",3346
"hvoshchinskaja2004",3347
"jaanusson1981",3348
"jaanusson1993",3349
"jansson1988",204
"jansson1990",3350
"jansson1994",3351
"jansson2000",3352
"kaks1969",3353
"kapchan1999",3354
"kivikoski1937",3355
"kivikoski1938",3356
"kivikoski1951",3357
"kivikoski1964",3358
"kivikoski1969",3359
"kivikoski1973",152
"krylasova2008",3360
"valdemars1995",3361
"kuzminych1996",3362
"kyhlberg1973",3363
"laulumaa2002",3364
"lehtosalohilander1982",3365
"lehtosalohilander1983",3366
"lehtosalohilander1990",3367
"lehtosalohilander1992",3368
"lehtosalohilander2000",3369
"ligi1993",3370
"lindstrom2003",3371
"malarstedt1986",3372
"markus1939",3373
"meinander1957",3374
"meinander1985",139
"pokrovskaja2001",3375
"selling1945",139
"selling1955",214
"sorensen1971",139
"svanbergskane1999",3376
"taavitsainen1990",3377
"tarkiainen2008",139
"thalin1984",139
"uino1997",3378
"uino2006",3379
"wallerstrom2004",139
"wells1998",139
"wells1999",3380
"wiessner1989",3381
"young1995",3382
"wilson2009",3383
"worrell2003",3384
"downham2017c",67
"baudou1963",280
"andersson2006",3385
"bjerstaf2002",3386
"brorsson1998",3387
"carlsson1976",3388
"carlsson2008",3389
"clarke1993",130
"dahlstrom2000",3390
"fallgren1994",3391
"gotfredsen2011",3392
"kidd1980",3393
"grandin2000",3394
"gustafsson2009",3395
"gustafsson2007",3396
"hawthorne1979",3397
"hellqvist2011",3398
"hjartnerholdar1999",3399
"hoven1991",3400
"huttu1996",15
"jakobsson1996",15
"jouttijarvi2005",204
"kirpichnikov2004",15
"lindeblad1996",15
"peets2003",15
"pettersson2005",41
"schmidt1977",15
"schvindtnd",15
"soderberg2011",15
"soderberg2002",3401
"thomsen2005",97
"wellinder2004",15
"aberg2006",15
"aspinall2011",3402
"baker2013",3403
"bronkramsey2009",3404
"brown2014",3405
"hojdemodel2007",231
"dobat2009",231
"donat2000",231
"gaffney2003",231
"henning2002",231
"herold2012",231
"jacobsson1999",231
"jensen1988",231
"olesen2000",231
"olsen1999",231
"rindel2002",231
"roesdahl2002",231
"svanberg1999",231
"ulriksen1993",3406
"abramson2016",3407
"ager2014",3408
"archibald2007",3409
"baker2011",3410
"blackburn1998",3411
"blair2013",3412
"booth1983",3413
"brookes2013",3414
"cameron1998",3415
"cameron2010",3416
"daubney2016",149
"dobat2017",3417
"edwards1991",3418
"everson2007",3419
"haldenby2016",3420
"johnson2002",149
"langdon1993",149
"leonard2015",149
"loveluck1996",149
"macgregor2009",149
"mcleod2006",149
"metcalf1960",149
"pagan1986",3421
"richards1999",149
"richards2004",3422
"richards2013",3423
"richards2016",3424
"rogers1993",3425
"steedman1994",149
"stevenson1904",149
"bakka1983",3
"aguilar1986",3426
"bill2007",3427
"caldwell2014",3428
"carwardine1995",3429
"clark1947",3430
"dahl2003",3431
"espinoza1992",3432
"gardiner1997",3433
"haahrkristiansen1997",3434
"hallen1994",3435
"henriksen2009",3436
"holm2012",3437
"isaksen2012",3438
"karlsson2016",3439
"kjermichaelsen1992",3440
"kristensen2007",3441
"laist2017",3442
"lowenstein1993",3443
"lundkoksvik2010",3444
"lundkoksvik2013",3445
"lundqvist1986",3446
"mclees1990",3447
"mulville2002",3448
"nasman1990",3449
"nelson1969",3450
"nilsen2014",3451
"nordahl2001",3452
"petersen1914",3453
"riddler2014",3454
"sandberg1983",3455
"seiler2001",3456
"sjovold1966",3457
"skomsvoll2012",3458
"solberg2007",3459
"stauch1994",3460
"stylegar2005",3461
"svanberg2008",3462
"szabo2008",3463
"teixeira2014",3464
"wickler2012",3465
"arne1934",3466
"arwidsson1977",3467
"graslund2008a",190
"lindqvist1934",190
"lloydsmith2002",190
"madsen1996",190
"schulzedorrlamm2010",190
"schonback1957",190
"schonback2002",190
"hansen2008",3468
"sawyer1962",3469
"gould1903",3470
"biddle1992",3471
"sawyer1998",290
"ulmschneider2000",3472
"blackburn2011",3473
"blackburn1994",3474
"blackburn2001",3475
"blackburn2007",145
"williams2007",145
"stocker2000",3476
"foster1924",3477
"oswald1937",3478
"pelteret1980",3479
"pettersson2009",3480
"pirie1997",183
"richards2009",183
"riley1995",183
"rowe2008",3481
"rowlandson2005",183
"russell2014",183
"sheehan2014",183
"stafford1980",183
"stein2012",183
"stein2013",183
"stein2000",3482
"whitwell1992",183
"williams2002",3483
"hurley2014",183
"abulughod1981",3484
"adger2009",3485
"alexandre1976",3486
"alexandre1987",3487
"ahdr2004",3488
"ahdr2015",3489
"arendt1958",3490
"arnalds1992",3491
"arneborg2008",3492
"batt2015",3493
"bell1978",3494
"bergthorsson1967",3495
"bergthorsson1969",3496
"blondal1999",3497
"bradley1992",3498
"bradley2016",3499
"brazdil1995",3500
"brazdil2005",3501
"boulhosa2012",3502
"campbell2016",3503
"camenisch2016",3504
"casely2007",3505
"crumley2007",3506
"demaree2001",3507
"diaz2011",3508
"dickson1988",3509
"dugmore2005",3510
"dugmore2013",3511
"dugmore2014",3512
"einarsson1994",3513
"garciaherrera2008",3514
"gragas2001",3515
"gudmundsson1997",3516
"gudmundsson2008",3517
"hambrecht2015",3518
"harrison2013",3519
"hartman2015",3520
"hartman2016",3521
"halldorsson1978",3522
"henriksen1995",3523
"hoffmann2014",3524
"holtsmark1956",3525
"hreinsson1997",3526
"ingimundarson1995",3527
"ingimundarson2010",3528
"ingimundarson1998",3529
"ingram1978",3530
"ingram1981",3531
"johannesson1956",3532
"johannesson1974",3533
"johannesson1928",3534
"jones2008",3535
"jones2004",3536
"jones2001",3537
"jonsbok2004",3538
"kristjansson1980",3539
"kirkbride2008",3540
"lamb1965",3541
"larsen1917",3542
"royladurie1972",3543
"ludlow2010",3544
"luterbacher2016",3545
"martinvide1995",3546
"mauelshagen2014",3547
"mcgovern2013",3548
"mcgovern2014",3549
"mcturk2004",3550
"miles2014",3551
"ogilvie1982",3552
"ogilvie1984",3553
"ogilvie1986",3554
"ogilvie1991",3555
"ogilvie1992",3556
"ogilvie1998",3557
"ogilvie2001",3558
"ogilvie2005",3559
"ogilvie2008",3560
"ogilvie1997",3561
"pfister1992",3562
"pfister1998",3563
"pfister1999",3564
"pfister2017",3565
"pribyl2012",3566
"serreze2015",3567
"sigurdsson2004",53
"smiarowski2014",53
"smiarowski2017",53
"stern2000",53
"stine1994",53
"stormnd",53
"stora2005",53
"streeter2012",53
"streeter2014",53
"mcgrew1970",53
"teitsson1975",53
"thorarinsson1956",53
"thorarinsson1958",53
"thorarinsson1967",53
"thordarson1993",53
"thordarson2007",53
"thorlaksson1991",53
"thoroddsen1914",53
"thoroddsen1919",53
"thorsteinsson1989",53
"vanengelen2001",53
"vasey2001",53
"vesteinsson2005",53
"vilmundarson1972",53
"waters2016",53
"wheeler2006",53
"young2015",53
"arne1911",139
"arbman1955",139
"callmer2000",3568
"bhabha2004a",3569
"alper2003",3570
"arbman1939",3571
"asmus2012",3572
"bagge2009",3573
"bartels2008",3574
"bartlett1996",3575
"baumgartner2013",3576
"birkebaek1992",3577
"bolton2009",3578
"bompaire1997",3579
"brather2010",3580
"callmer1994",3581
"carelli2012",3582
"christensen2000",3583
"dobat2008",3584
"drjacobsen1942",3585
"eisenschmidt2003",3586
"filipowiak2008",3587
"gelting2007",3588
"gilomen2014",3589
"grahamcampbell1991a",3590
"hatz1974",3591
"hauptmeyer1997",3592
"henricson2006",3593
"herrmann1994",3594
"hilberg2009b",50
"hilberg2010",50
"hinton2008",3595
"hodges2008",3596
"hofmann1984",3597
"hybel2013",3598
"ilisch1988",3599
"jankuhn1937",3600
"jonsson1989",3601
"juraske2010",3602
"kalmring2010e",3603
"keller2008",3604
"klappauf2011",3605
"klappauf2008",3606
"leimus2007",3607
"loveluck2013",3608
"ludtke1985",3609
"ludtke2013",3610
"lund1991",3611
"makeler2005",3612
"metcalf1998",3613
"meyer1998",3614
"moesgaard2006",3615
"noonan1994",3616
"radtke2002",3617
"roesdahl2006",3618
"rundberg2000",3619
"sawyer2013",3620
"sawyer2002",3621
"scheel1940",103
"schledermann1966",103
"schwantes1932",103
"gratuze2011",103
"sindbaek2012",3622
"spuford1988",103
"steppuhn1998",3623
"stieldorf2012",103
"stoklund2000",103
"tummuscheit2010",103
"verhulst2000",103
"wehner2007",103
"wiechmann2002",103
"williams1997",103
"olsen1945",190
"aberg1953",3624
"skouhansen2008",190
"norr2008",190
"alqahtani2010",3625
"askvik2009",3626
"bankier2006",105
"batey2013",105
"beaumont2013",105
"bonsall2009",105
"butler1993",105
"curtissummers2014",105
"fowler2010",3627
"greaves2011",105
"halpin2008",3628
"harris2016",3629
"harris2012",105
"mcguire2010",105
"muldner2009",105
"nissan1999",105
"reimann2012",105
"robb2013",105
"welander1987",105
"avdusin1988",41
"clarke1985",41
"crane1999",41
"galton1971",41
"kjellberg1946",41
"krogh2007",3630
"lethlarsen1991",41
"lonborg1994",41
"monteliusnd",41
"martensson1970",41
"possnert2015",41
"soderberg1999",41
"warnke1987",41
"hadley2015",183
"brooks1987",149
"wessexarchaeology1997",183
"bailey1980",3631
"dunwell1995",3632
"evison1969",150
"geake2003",3633
"lang1976",3634
"richards2003",3635
"solberg1985",3636
"vandenoort1993",202
"walsh1998",3637
"kjellberg1947",41
"bakhtin1984",3638
"cohen1995",3639
"crang1994",3640
"edensor1998",3641
"fowler1992",3642
"graver1999",3643
"hewison1987",3644
"koivusalo1998",3645
"littrell1993",3646
"maccannell1976",3647
"macdonald1997",3648
"mccaulay1999",287
"meethan1996",287
"mordue1998",287
"robb1998",287
"shurmersmith1994",287
"silver1988",287
"urry1990",287
"vestfold1998",287
"watson1994",287
"walsh1992",3649
"wright1985",287
"bohner1991",3650
"brown1988",3651
"bruck2006",3652
"bynum2001",3653
"davidson1978",3654
"dedekam1925",3655
"flores1996",3656
"gaimster1998",3657
"geary1978",3658
"glosecki2000",3659
"hardh2004",3660
"haselof1956",157
"haselof1970",157
"haselof1981",157
"haselof1984",157
"hoilundnielsen2002",157
"ingold1994",157
"ingold2000",157
"jakobsson1999",157
"jakobsson2003",3661
"jones1998",3662
"kalif1997",157
"kristofersen2000",157
"lindstrom2001",157
"magnus2001",3663
"magnus2002",157
"mansrud2008",157
"meskell2003",157
"morris1991",157
"mullernd",157
"mundal1974",157
"oestigaard1999",157
"oestigaard2000",157
"orchard2002",157
"raudvere2001",157
"roe1995",157
"roth1979",157
"sofaer2006",157
"speake1980",3664
"steenstrpnd",157
"pollard2009",153
"pritsak1970",153
"hughes1995",287
"barnes2012",3665
"christensen1969",3666
"fridell2011",3667
"fuglesang1991",167
"glob1969",3668
"graslund1998",3669
"imer2009",3670
"jacobsen1932",3671
"jacobsen1935",3672
"kallstrom2007",3673
"cour1951",3674
"lerchenielse1993",3675
"lund2014",250
"moltke1952",250
"moltke1985",3676
"nielsen1969",250
"oebynielsen2007",250
"snaedal1985",250
"stoklund1991",22
"stoklund1994",250
"stoklund2005",250
"stoklund2006",250
"stoklund2010",250
"m2005",250
"storm1977",3677
"bengtsson1954",287
"maccannell1992",287
"yorkarchaeologicaltrust1984",287
"bekpedersen2007",3678
"dennis1980",3679
"dennis2002",3680
"larusson1967",232
"lucas2009",3681
"meulengrachtsorensen1983",3682
"robertsdottir2008",3683
"sveinbjarnardottir2012",3684
"arbman1941",3685
"backstreurom2016",3686
"briggs2007",3687
"brothwell1981",3688
"brotherton2007",3689
"buikstra1994",152
"cassidy2016",3690
"durand2011",3691
"eriksson2016",3692
"gamba2014",3693
"green2008",3694
"vanhamel1934",3695
"helgessonarcini1996",3696
"keller2012",3697
"kircher2012",3698
"lampa2013",3699
"lindstreurom2011",3700
"malmstreurom2009",3701
"meindl1989",3702
"meyer2010",3703
"omrak2016",194
"oras2016",152
"salmela2011",194
"sawyer2012",194
"skoglund2013",194
"skoglund2014",194
"slovak2011",194
"steinsland2011",194
"stolpend",194
"thalinbergman1986",194
"vanoven2009",194
"vianello2013",194
"wilhelmson2015",194
"yang1998",194
"crawford1999",162
"hedenstiernajonson2000",3704
"jansson1980",162
"kanvall1995",3705
"kjellstrom2005",3706
"kjellstrom1995",162
"nordstrom2007",3707
"rimbert1986",162
"wikborg2007",162
"anderson1909",3708
"annalsofclonmacnoisend",3709
"blindheim1984",3710
"bourke2010",3711
"brink2007",3712
"carroll1995",3713
"hennessynd",3714
"coffey1909",3715
"connolly1987",3716
"crawford1923",3717
"danielsson2015",3718
"farbregd1979",3719
"forte2005",3720
"gerace2014",3721
"gyllensvard2004",3722
"hagland2008",3723
"hall2015",3724
"haseloff1990",3725
"hedeager2015",3726
"henry1965",3727
"holtsmark1989",3728
"jesch2001",3729
"jesch2006",3730
"kelly1993",3731
"lamn2004",3732
"lowe2007",3733
"lucas1967",3734
"lucas1973",3735
"lucas1986",3736
"magnus1932",3737
"mullarkey2014",3738
"murray2012",3739
"murray2014",3740
"murray2015",3741
"murray2016",3742
"nordvig2013",3743
"carragain2010",3744
"odonoghue2011",3745
"floinn1989",3746
"floinn2013",3747
"floinn2015",3748
"omeadhra1988",3749
"ohrn2015",3750
"quast2012",2
"rosedahl1992",2
"ryan1989",3751
"ryan1998",2
"solli2013",2
"watt2005",2
"watt2011",2
"youngs1989",2
"andersen2004",299
"ashby2009",3752
"bakka1965",3753
"blindheim1977",3754
"budd2004",3755
"boe1926",3756
"corrain1972",3757
"christophersen1989",3758
"de1995",3759
"etting2013",3760
"fagerland2008",3761
"gaimster1991",3762
"gronnesby2012",3763
"haseloff1979",3764
"haseloff1987",3765
"heenpettersen2013",3766
"helle1991",3767
"herje1989",3768
"herstad2012",3769
"hunter2008",3770
"jatten2006",3771
"martens1994",3772
"ofloinn1989",3773
"redmond2007",3774
"resi2005",3775
"roskaft2003",143
"shepherd1985",143
"skinner2012",143
"skjevik1997",143
"sorheim2010",143
"stenvik1994",143
"trotzig1984",143
"trotzig1991",3776
"wilson1965",143
"paulsen1933",3777
"steuer1962",3778
"filipowiak1988",3779
"betz1973",167
"bottgerniedenzu1982",167
"buisson1976",235
"eldjarn1956",3780
"hagen1950",167
"janowski2006",167
"kjaerum1990",3781
"stoodley2000",3782
"meskell1999",162
"andresen2010",3783
"baker2015",3784
"berglund2003",3785
"blackford1991",3786
"bond2001",3787
"bond1997",3788
"bradley1992a",3789
"bradley1993",3790
"conroy2008",3791
"cui2013",3792
"lorenzo2010",3793
"lorenzo2008",3794
"eiriksson2006",3795
"faust2016",3796
"folland2009",3797
"grauel2013",3798
"gray2010",3799
"haldon2016",3800
"hass1996",3801
"helama2009",3802
"hurrell1995",3803
"hurrell2010",3804
"isono2009",3805
"jones2014",3806
"krawczyk2010",3807
"lamb1982",3808
"lamb1985",3809
"larsen2008",3810
"li2016",3811
"ljungqvist2010",3812
"mcdermott2001",3813
"moy2002",3814
"neukom2014",3815
"oliva2012",3816
"randsborg1991",108
"reimann2011",108
"ribeiro2012",108
"rudaya2016",108
"ruizfernandez2016",108
"scafetta2012",108
"swierczynski2012",108
"ulgen2012",108
"vanloon1978",108
"wanner2008",108
"wanner2001",108
"wanner2011",108
"yan2011",108
"zhong2014",108
"magnus2004",2
"sogness1988",143
"haithabu2003",3817
"coupland1989",3818
"coupland2016",3819
"duczko1997",3820
"helmbrecht2004",3821
"hoilund1986",3822
"hoilund2014",3823
"holst1958",3824
"jorgensen1990",233
"jorgensen1997",3825
"laurent1978",3826
"lebecq1986",3827
"radtke1981",169
"schlesinger1972",169
"schneeweiss2010",169
"shepard2014",169
"shepard1989",169
"staats1974",169
"story2003",169
"andersen2012",3828
"berglund1982",3829
"bican2007",3830
"bican1907",3831
"biltz1969",3832
"broholm1946",3833
"broholm1949",3834
"christensen2006",3835
"dillehay1997",3836
"dix1982",3837
"garfinkel1987",3838
"harrington2000",180
"houmarknielsen1991",180
"hoy1995",180
"jensen2002",180
"jons1993",180
"jorgensen2013",3839
"kjaer1928",180
"knoll2013",180
"larsen2012",3840
"nielsen1967",180
"petersen1971",180
"schuster2000",180
"seir2013",180
"steensberg1974",180
"thrane1979",180
"uschmann2006",180
"williams2004",180
"duczko2007",3841
"losinski1997",3842
"jagodzinski2008",3843
"bately1980",3844
"bately2009",3845
"gaerte1929",3846
"engel1931",3847
"engel1935",3848
"tischler1902",3849
"bezzenberger1904",3850
"androshchuk2008",3851
"jagodzinski2012",102
"cnotliwy2013",102
"ehrlich1932",102
"ambrosiani1994",102
"arbman1958",102
"carlsson1988",102
"jankuhn1943",3852
"klim1979",102
"steuer1979",102
"arbman1993",64
"berggren2004",64
"bergstrom1941",64
"bjorck2008",64
"broberg1990",64
"egenberg2003",64
"fetisov2008",64
"frostne2002",64
"hennius2016",64
"hennius2005",3853
"heron1989",64
"hiorth1908",64
"hjulstrom2006",64
"hvid2016",64
"karlsson2002",64
"konsa2013",64
"kupiec2015",64
"kurzweil1998",64
"landin2002",64
"lindeblad1994",64
"lindstrom2014",64
"magnusson1986",3854
"neveus1974",64
"persson1994",64
"ravn2016",64
"stahre2012",64
"svenssonhennius2017",64
"villstrand1996",64
"albrectsen1976",3855
"andren1998",3856
"behre1983",3857
"bican2010",3858
"fabricius2009",3859
"hermansen1938",3860
"hjelmqvist1993",3861
"janushevich1979",3862
"kenward1995",3863
"koch2003",3864
"mikkelsen1949",134
"moltsen1998",134
"ocete2015",134
"petrini2015",134
"schiemann1953",134
"shanahan2015",134
"sherratt2008",134
"smith1990",134
"stummer1911",134
"troelssmith1953",134
"wamers2016",134
"winroth2012",134
"schietzel1985",130
"pilo2008",130
"androshchuk2004a",130
"fabech2009",130
"sanmark2004",130
"ahnlund1926",130
"ambrosiani1992",130
"ambrosiani1996",130
"andren1985",130
"edgren1995",3865
"franklin1996",3866
"garizpanov2008",130
"gustin1990",130
"johansen2003",130
"malmer1989",130
"noonan1991",130
"polanyi1978",130
"ros2001",130
"rosberg2009",130
"schorske1998",130
"reimer2004",3867
"svensson2007a",3868
"hilczerowna2037",102
"losinski1995",102
"vonzurmuhlen1940",102
"labuda1961",102
"orosiusnd",102
"andersen2008",3869
"bandholm2012",3870
"carstens2011",173
"christiansen1999",173
"christiansen2005",173
"dyggve1955",173
"hollstein1980",173
"holmsgaard1999",173
"hvass1998",173
"krogh1993",3871
"lemm2011",3872
"lindblom2011",173
"lindblom2012",173
"mullerwille1991",173
"trillmich1970",173
"fanning1937",3873
"saga1943",3874
"kunz2008",3875
"dasentnd",3876
"andersson2002",3877
"armbruster2002",3878
"bihrer2012",3879
"christensen1985",3880
"claughton2011",3881
"dekowna1990",3882
"osk2009",3883
"elvestad1998",3884
"fanning1990",3885
"hagg2002",3886
"helberg1993",3887
"hepp2007",3888
"hilberg2007",3889
"hingst1955",3890
"kleingartner2007",50
"mehler2003",3891
"molaug2010",3892
"mullerwille1968",3893
"noonan2000",3894
"olsen2004",3895
"pestell2011",3896
"pierce2009",3897
"reichstein1984",3898
"roberts2008",3899
"englert2007b",3900
"scheel1930",3901
"simek2007",3902
"sode2004",3903
"sode2002",3904
"sorheim2004",182
"stumpel1983",182
"jakobsson2009",182
"tweddle1999",182
"vogel1983",182
"warmlander2010",182
"wedepohl2003",182
"zori2010",3905
"magnusson1966",182
"jessen1958",169
"hoilundnielsen1986",169
"norgardjorgensen1999",3906
"neuefischer2014",169
"siemen1990",169
"spiong2000",169
"thuno2002",169
"williams1999",169
"bemmann1998",3907
"besteman1999",3908
"bjork1957",3909
"brandt1996",3910
"brink1997",3911
"carnapbornheim1996",3912
"egeberghansen1988",3913
"egeberghansen1996",3914
"ethelberg2000",3915
"ringtved1989",3916
"fabech1992",3917
"fenger1971",3918
"hedeager1990",3919
"helgesson2008",3920
"hoilundnielsen2005",3921
"hoilundnielsen1993",3922
"hvass1986",3923
"jarlhansen1988",3924
"jessen2008",3925
"jorgensen1988",244
"jorgensen1996",22
"kopytof1986",3926
"lund1996",3927
"lundhansen1995",3928
"madsen1995",3929
"mauritsen2009",3930
"mikkelsen1990",3931
"mortensen1988a",3932
"mortensen1991",172
"murray1983",3933
"nasman1988",3934
"nasman1997",172
"norbach1998",3935
"norgardjorgensen1996",172
"rasmussen1995",172
"reuter1997",172
"ringtved1986",172
"ringtved1998",172
"sjoholm1988",172
"steuer1982",172
"tacitus1999",172
"ulriksen1989",172
"wenskus1961",3936
"zimmermann2005",172
"bjork1982",173
"christensen1983",3937
"christiansen1995",228
"christiansen1996",3938
"fenger1991",3939
"fokkens1998",228
"jorgensen1940",228
"back1997",204
"polanyi1963",3940
"tummuscheit2003",233
"vestergaard1991",3941
"lysehansen2000",182
"olausson2002",3942
"palliser2000",3943
"hodder2003",3944
"hojbjerg2006",3945
"aarseth1982",3946
"arge1991",3947
"arge2006",3948
"arge2005",3949
"arge2009",3950
"arnalds1997",3951
"bertelsen1985",3952
"bertelsen1998",3953
"buckland2008",3954
"butler2006",3955
"christiansen1990",3956
"christiansen1991",3957
"christiansen1987",3958
"dennis2000",3959
"dugmore2000",232
"dumezil1973",3960
"edvardsson2005",3961
"einarsson1963",3962
"einarsson2002",3963
"fagan2000",3964
"fjaervoll1961",3965
"fredskild1973",3966
"fridriksson1994",3967
"gerrard1991",3968
"gjerland2009",3969
"gronvold1995",3970
"grove1988",3971
"gudmundsson2001",3972
"gudmundsson2004",3973
"guttormsen1994",3974
"halstead1998",3975
"harris1988",3976
"hambrecht2006",3977
"hansen1990",3978
"hastrup1989",3979
"hermannsson1929",3980
"hitzler1979",3981
"hjalmarsson1993",3982
"holling2002",3983
"joensen1976",3984
"joensen1980",3985
"keller1989",3986
"keller1990",3987
"konstam2004",3988
"kristjansdottir2004",3989
"krivogorskaya2005",3990
"lageras2007",3991
"lambin2005",3992
"lawson2006",3993
"mcgovern1980",3994
"mcgovern1981",232
"mcgovern1986",3995
"mcgovern1994",3996
"mahler1989",3997
"mahler1988",3998
"mahler1991",3999
"mahler1990",4000
"mairs2007",4001
"marcus1980",4002
"e2003",4003
"noonan1998",4004
"nordal1952",4005
"nordal1954",4006
"norrevang1970",4007
"olsen1928",4008
"olasson1998",4009
"perdikaris1998",4010
"perdikaris2005",4011
"rieck2002",4012
"sanmark2002",4013
"schofield2007",4014
"simpson2003",4015
"skardi1970",121
"sveinbjarnardottir1990",121
"sveinbjarnardottir2007",121
"sveinbjarnardottir2008",121
"thomson2003",121
"thomson2005",121
"thomson2007a",121
"vesteinsson2001",121
"wubsmrozewicz2008",121
"thorarinsson1970",121
"aarsleff2005",4016
"almgren1955",233
"ambrosiani2002",4017
"anglert1999",4018
"anglert2001",4019
"arrhenius1992",4020
"eriksson2001",4021
"gjosteinresi1979",4022
"gramstorp2000",4023
"gustafsson1968",4024
"gustin1999",4025
"hardh2007",145
"vonheijne2004",4026
"helgesson1999",4027
"herschend1989",4028
"hjarthnerholdar2002",4029
"horby1988",4030
"jansson1978",292
"johanssonherven2001",4031
"kresten2001",4032
"klnm1999",4033
"lennartsson1997",4034
"malmer2002",4035
"metcalf1996",4036
"mikhailov2007",4037
"mogren2005",4038
"noonan1984",4039
"riddersporre1998",4040
"ringqvist1968",4041
"rispling2004",4042
"salminen2001",4043
"samuelsson2001",4044
"schulke2008",4045
"serning1956",4046
"silvegren1999",4047
"sindbaek2001",4048
"skibstedklaeso1997",4049
"steineke2005",300
"stenholm1976",300
"stjernquist1995",300
"svanberg1998",300
"svensson2001",300
"tegner1999",300
"tegner2005",300
"thilderqvist2000",300
"thun1967",300
"wamers1984",4050
"westergren1986",300
"dumvillend",4051
"rau1977",4052
"ager2011",4053
"besteman2009",4054
"coupland2006",144
"dijkstra2009",144
"grieg1929",144
"kilger2007",144
"knol1998",144
"knol2005",144
"knol2010",144
"sheehan2000",144
"sheehan2011",144
"others1971",144
"woltering2000",144
"woolf1990",144
"cook1965",182
"westness1980",4055
"ahrens2001",4056
"chronicon2001",4057
"dyggve1942",4058
"harck2006",4059
"wesse2006",4060
"janssen2004",4061
"mcneill2004",4062
"chr2009",4063
"klemensen2001",4064
"krogh1981",4065
"lethlarsen2007",4066
"madsen1985",171
"mcguire2008",171
"petersen1909",171
"staecker2005",171
"trap1964",4067
"sicking2008",121
"woltering2002",144
"sawyer1971a",4068
"eriksen2001",4069
"davidson1979",4070
"hoekstra1940",4071
"rau1972",4072
"rives1985",4073
"south1932",4074
"bantelmann2003",4075
"besteman1997",4076
"boeles1915",4077
"borchling1938",4078
"bregman1998",4079
"ijssennagger2009",4080
"jons2013",4081
"meier2003",220
"milis1998",220
"nijdam2008",220
"pritsak1981",220
"schokker2008",220
"siems1980",220
"smyth1977",220
"springer2003",220
"theuws2009",220
"vries2007",220
"wood2001",220
"broadberry2010",184
"durkin2014",184
"fenner2005",184
"fox1943",184
"hellenthal2014",4082
"insley1994",184
"johnston2014",184
"loveluck2011",184
"royrvik2010",184
"samuels1989",184
"thomas2006",4083
"townend2002",184
"binns1988",4084
"bjerve1980",4085
"bjorgo1982",4086
"bratrein1984",4087
"bratrein1989",4088
"bull1920",4089
"carstairs1980",4090
"eithun1994",4091
"ekrem2006",4092
"falkanger2007",4093
"fugelsoy1970",4094
"gansum2000",4095
"grimm2004",4096
"hobaek2013",4097
"hodne1976",4098
"holmback1943a",4099
"indrebo1935",4100
"iversen2014",4101
"iversen2007",4102
"jansen1943",4103
"johansen1977",4104
"hauge2007",4105
"lillehammer1994",4106
"lund1955",4107
"lund1959",4108
"lund1965",4109
"loken2001",4110
"nicolaysenndh",4111
"norbergschulz1980",4112
"olsen2005",4113
"olsen2013",4114
"patterson2005",4115
"relph1976",301
"room2005",301
"schutte1933",301
"seip1934",301
"sjovold1962",301
"sjovold1971",301
"solberg2002",301
"storli2000",4116
"stormnda",301
"stormndb",301
"strom2007",301
"taranger1915",301
"tuan1974",301
"urbanczyk1992",301
"vesteinsson2013",4117
"odegaard2013",301
"forest2011",4118
"ahlkvist2002",4119
"bardseth2007",4120
"carlie1999",4121
"diinhoff2011",4122
"edblom2004",4123
"ericsson2001",4124
"kalmar1991",4125
"eriksson1993",4126
"frolund2007",4127
"gjerdaker2001",4128
"gjerpe2012",4129
"gollwizer2012",4130
"helgesson2002",4131
"hobaek2008",4132
"bergen2009",4133
"oslo1997",4134
"kleven2001",4135
"loken1996",4136
"martens2007",4137
"myhre1972",4138
"olsen1926",4139
"pedersen1990",298
"petersson2010",298
"reiss1994",298
"reitan2009",298
"reynolds1999",298
"robberstad1967",298
"rosener1995",298
"skre1997",298
"streiffert2005",298
"sorrusten2012",298
"tacitus2001",298
"wasberg1970",298
"odegaard2008",298
"oslo1991",298
"shepared2012",4140
"loog2017",4141
"mcevoy2006",4142
"melchior2008",4143
"milman2003",4144
"bowden2008",4145
"helgason2003",4146
"helgason2009",4147
"kjellstrom2007",4148
"ros2012",4149
"kjellstrom2017",4150
"wikstrom2008",4151
"wikstrom2005",4152
"tillmar2010",4153
"dupuy2001",4154
"karlsson2006",4155
"martiniano2016",4156
"nesbitt2016",4157
"roslund2014",4158
"tesch2001",4159
"vanoven2014",4160
"technology2017",4161
"walsh2014",4162
"walsh2013",4163
"walsh2016",4164
"tesch2013",4165
"hillbom1984",4166
"moorrees1963",4167
"smith1991",4168
"brooks1990",4169
"bruzek2002",4170
"novotny1982",4171
"phenice1969",4172
"evans2004",4173
"meller2012",4174
"knipper2004",4175
"maurer2012",4176
"neumann1974",4177
"asch2003",4178
"lofvendahl1990",4179
"hillson2005",4180
"schour1941",4181
"knipper2014",4182
"rohland2007",4183
"malmstrom2012",4184
"rasmussen2011",4185
"korneliussen2014",4186
"behar2012",4187
"achilli2004",4188
"dupuy2006",166
"passarino2002",4189
"rootsi2004",166
"auton2015",166
"patterson2006",4190
"zeronmedina2013",166
"hveem2001",166
"whittington2006",166
"donnelly2012",166
"eiberg2008",166
"lamason2005",166
"soejima2007",166
"stokowski2007",166
"aitken2013",4191
"ascough2012",4192
"biddle1985",4193
"biddle1986",4194
"bigsbynd",4195
"bonsall2007",114
"bronkramsey2004",114
"cook2001",114
"cook2015",114
"deggnd",114
"fuller2005",114
"hedges2004",114
"phillips2001",114
"phillips2014",114
"richards2002",4196
"russell2015",114
"sawyer1957",114
"szpak2014",114
"taylor1989",114
"dyggve1948",171
"jorgensen2002e",24
"jeppesen1990",171
"glob1970",171
"ibsen2005",4197
"junker2003",4198
"berlin2003",251
"reichchr1995",251
"gotlands1995",251
"wroblewski1963",251
"iineaa1994",251
"kershaw2018",4199
"bogucki2011",302
"brather1953",302
"fomin1987",302
"jankowiak2015",302
"kara2009",302
"kiersnowski1961",302
"kilger2006",302
"kmietowicz1994",302
"ostergren2009",302
"petrov2014",302
"rebstock2008",302
"arne1946",205
"brady1999",205
"fennomuyingo1997",205
"hedenstiernajonson2001",205
"hedenstiernajonson2002",205
"holmquistolausson1998",4200
"liden1997",205
"lovell1986",4201
"peterson1987",205
"richards2001",4202
"richards2006",263
"soloman1971",205
"trust1992",205
"birka1992",4203
"carnapbornheim2007",4204
"capitularia1980",4205
"ellmers2009",4206
"gade1993",4207
"geibig1989",4208
"grierson1986",4209
"hingst1958",4210
"hornfuglesang2000",4211
"hoven1990",4212
"jankuhn1951",49
"jesch1998",49
"kersten1954",49
"kirpichnikov2001",49
"mullerwille2006",49
"nobbel1936",49
"rispling1990",49
"sawyer1987a",49
"schaefer1956",49
"schietzel1980",49
"schild1991",49
"solberg1991",49
"stalsberg2008",49
"steuer1999",204
"steuer2002",4213
"wamers1995",49
"carlson2010",4214
"poulsen1979",4215
"watt1988",244
"reich2003",251
"valujev2005",251
"reich2005",251
"vonzurmuhlen1975",251
"wroblewski2006",4216
"adger2013",4217
"appelt2009",4218
"arneborg1997",4219
"arneborg2005",4220
"barnett2015",4221
"bentley2015",4222
"boyd2011",4223
"brace2011",4224
"brody2001",4225
"buckland2009",4226
"butzer2012",4227
"codding2015",4228
"crumley1994a",4229
"cumming2008",4230
"golding2011",4231
"golding2015",4232
"gullov2004a",4233
"halstead1989",4234
"hayeursmith2016",4235
"hoegsberg2014",4236
"howard1993",4237
"ingram2008",4238
"jesch1989",4239
"kendal2011",4240
"kennett2015",4241
"kopar2009",4242
"kuijpers2014",4243
"laland2006",4244
"laland2011",4245
"laland1999",4246
"ledger2013",4247
"ledger2014",4248
"levistrauss1966",4249
"mason2007",4250
"mcgovern1991",4251
"meaks2005",4252
"mehl2017",4253
"middleton2017",4254
"moltke2015",4255
"myhre2004",4256
"nedkvitne2014",4257
"normandnd",4258
"ostergard2011",4259
"oye2004",4260
"park2005",4261
"reinton1960",4262
"riede2009",4263
"riede2011",4264
"roesdahl2016",4265
"rowleyconwy2013",4266
"rowleyconwy2011",55
"roussell1941",4267
"sandvik2005",55
"scott2008",55
"scott1992",55
"smith2011a",4268
"sveinbjarnardottir1991",55
"svenning2015",55
"terrel2003",55
"thompson2013",55
"zeder2009",55
"zeder2015",55
"zeder2016",55
"wiechmann1996",145
"schulke2005",303
"andersson2015",4269
"bjorkvik1970",4270
"bjorkvik1972",4271
"blochnakkerud1987",4272
"brendalsmo2014",4273
"brinchmadsen1995",4274
"buchwald1999",4275
"dorum2004",4276
"englund2002",4277
"hauge1946",4278
"helle1974",4279
"hostmadsen1999",4280
"imsen1990",4281
"imsennd",4282
"indrelid2009",4283
"jonsbok1904",86
"jakobsen1991",86
"knagenhjelm2008",4284
"krag2000",86
"loftsgarden2015",4285
"martens1978",86
"olafsen1916",86
"pleiner2003",86
"ramsey2017",4286
"reinton1956",86
"resi1992",86
"rundberget2013",4287
"sandnes1977",86
"simonsen2001",86
"steinnes1930",86
"szmoniewski2010",86
"taksdal1973",86
"tveiten2012",175
"oye1977",86
"atkinson1996",4288
"billig1995",4289
"blindheim1953",4290
"diazandreu1996",4291
"eikrem2005",4292
"eriksen1993",4293
"fairclough1992",4294
"gellner1983",4295
"gjerde2010",4296
"gjessing1928",4297
"haavardsholm2004",4298
"hesjedal2000",4299
"hobsbawm1992",4300
"hodder1984",4301
"hougen1965",4302
"harke1998",4303
"jahnsen2015",4304
"jones1996",4305
"kjorup2001",4306
"kristiansen1993",4307
"laclau2001",4308
"martens1960",4309
"munch1985",4310
"opedal1999",4311
"paxton1999",4312
"resi2000",4313
"ringrose1993",4314
"schanche1989",4315
"shanks2001",4316
"shetelig1910",178
"simonsen1967",178
"skre1991",178
"stenvik1980",178
"storli1991",4317
"stylegar2009",178
"sorheim2011",178
"ucko1989",178
"wineburg1991",178
"ostigard2001",178
"of2002",4318
"ambrosiani1972",4319
"stamnes2010",4320
"arnberg1976",4321
"brunstedt1996",4322
"carlsson1997",4323
"conyers2013",4324
"dahlin2001",4325
"hansson2004",4326
"heamagi2006",4327
"herschend1995",4328
"hermodsson2004",4329
"hjulstrom2008",4330
"holmquistolausson1987",4331
"ingelmansundberg1972",4332
"derfruhgeschichtlichen1980",4333
"lamm2011",4334
"larsson2014",4335
"lofterud1970",4336
"lohr1979",4337
"olausson1921",4338
"staecker2009",4339
"soderberg2003",4340
"trinks2008",4341
"trinks2013",4342
"viberg2011",4343
"wadstein1936",165
"ungernd",165
"devlet2001",137
"london1964",137
"fedorova2001",137
"londonhelmbrecht2011",137
"kommunikationsmedien2001",137
"hoj2005",137
"hoj2011",137
"ostergard2008",137
"kastholm1974",137
"seid2009",137
"archaeologica2005",137
"lundhansen1973",137
"lundhansen1974",137
"lundhansen1979",137
"london2002",137
"eliade1964",4344
"vestergaard2014",4345
"arwidsson1984",4346
"abrams2001",150
"abrams2005",4347
"ayers1985",4348
"ayers1994",4349
"callmer1989",4350
"cameron1975",4351
"dallas1964",4352
"dickinson1991",4353
"eilbracht1999",4354
"grahamcampbell1985a",4355
"grahamcampbell1994",4356
"hattatt1987",4357
"madsen1987",4358
"hinton1974",4359
"hinton1975",4360
"hinton1978",4361
"kirk1927",4362
"leahy2003",4363
"leahy1997",184
"margeson1982",225
"margeson1996",225
"mason1997",225
"owencrocker2002",225
"paterson2004",225
"richardson1993",225
"rieck1982",4364
"roesdahl1981",4365
"rogerson2006",225
"speed2004",4366
"stamper2000",225
"wallis2004",225
"youngs2000",225
"youngs1995",225
"jeppesen2005",165
"mohrchristensen2009",165
"wilken2016",165
"birkas2016",165
"st2008",305
"aqvist2004",305
"axboe1996",305
"st1996",305
"einarsson2008",4367
"ch2004",305
"holmqvist1961a",305
"holmqvist1964",305
"holmqvist1964a",305
"iversen2008",4368
"lindqvist1929",305
"imsen2004",86
"volundarkvida1971",4369
"voluspa1971",4370
"anderson2007",4371
"behrend1970",22
"berggren2006",4372
"boyenda",4373
"bradley1990",4374
"bruck2005",4375
"bruck2007",4376
"bardseth1998",4377
"fowler2001",4378
"fredengren2002",4379
"fuglesang2002",4380
"geisslinger1967",4381
"green1998",4382
"hauck1981",4383
"helgesson1992",4384
"herschend2001",4385
"hvid2005",4386
"iversen1986",23
"jensen1942",23
"kilfeather2003",23
"kousgardsorensen1968",23
"kousgardsorensen1978",23
"lakoff1999",4387
"lethlarsen1984",4388
"merleauponty1962",4389
"meulengrachtsorensen1995",23
"munksgaard1984",4390
"needham2001",23
"nordell1991",23
"phillips2002",23
"rowlands1971",4391
"seremetakis1994",23
"stutz2004",4392
"thunmarknylen1989",23
"vandenoort2006",23
"vigfussonnd",23
"warmind2004",23
"wiker2000",4393
"zachrisson1962",4394
"baatz1976",4395
"beresford1987",4396
"bican2014",4397
"boethius1931",4398
"devries1935",4399
"ericsson1992",4400
"fuglsang2015",4401
"hanson1995",4402
"haseloff1942",4403
"holtsmark1970",4404
"hopetaylor1950",4405
"jessen2011",4406
"kalmring2014a",4407
"kuhn1995",4408
"lindqvist1923",4409
"middleton2005",4410
"mikkelsen1991",4411
"nasman2001",4412
"oelmann1933",4413
"oelmann1940",4414
"olesen2015",4415
"olsen1967",4416
"palm1937",4417
"rosborn2004",4418
"ruhmann2004",34
"sawyer1986",34
"schafer1977",34
"sundqvist2006",34
"sundqvist2009",34
"terkildsen2014",34
"terkildsen2015",34
"tornbjerg1997",34
"vikstrand2004",34
"hallstrom1913",4419
"holmquist2002",4420
"aarts2005",4421
"aarts2009",4422
"barndon2004",4423
"berg1989",4424
"berger1996",4425
"bertell2003",4426
"budd1995",4427
"christophersen1992",4428
"creighton2000",4429
"dant1999",4430
"davies1996",4431
"fitzpatrick2005",4432
"galloway2006",4433
"grierson1960",4434
"haaland2004",4435
"hall1999",4436
"haselgrove2005",4437
"hedjakobsson1999",4438
"herbert1993",4439
"hosler1995",4440
"houston2000",4441
"insoll2007",4442
"kemmers2006",4443
"klussendorf2007",4444
"kok2008",4445
"kurke1999",4446
"lightfoot1995",4447
"makeler2010",4448
"marques2007",4449
"martin1991",4450
"merleauponty1944",4451
"miller1998",4452
"mithen2008",4453
"morris1992",4454
"myrberg2010",4455
"nash1978",4456
"nick2005",4457
"oden2009",4458
"papadopoulos1999",4459
"petersson1948",4460
"przybyszewski2007",4461
"rathje2001",4462
"renfrew2009",83
"rickman1980",83
"seaford2004",83
"small1995",83
"thomsennd",83
"vanarsdell1989",83
"vonreden1995",83
"white1988",83
"wiggwolf2005",83
"zach2005",83
"zanker1987",83
"jane2008",225
"adalsteinsson1999",4463
"agustsson1982",4464
"birkeli1973",4465
"brink2013",4466
"byock2005",4467
"christie1982",4468
"colman1995",4469
"deetz1977",4470
"didiplomatariumislandicumnd",4471
"edwald2012",4472
"foucault1977",4473
"foucault1982",4474
"foucault1988",4475
"foucault1994",4476
"fridriksson2011",4477
"giddens1984",4478
"gilchrist2008",4479
"gilchrist2012",4480
"gullbekk2012",4481
"hall2012",4482
"hugason2000",4483
"isleifsdottir1997",4484
"islendingabok1968",4485
"jensen2013",4486
"jensenius2001",4487
"jonsson2009",4488
"jorgensen2004",4489
"karlsson2001",4490
"karras2003",4491
"karras2012",4492
"kristjansdottir2012",4493
"kristjansdottir2001",4494
"lane2001",4495
"larusson1980",4496
"loren2006",4497
"lynn1984",4498
"magnusdottir2001",4499
"nilsson1994",4500
"nordeide2013",4501
"prescott2011",4502
"jones2003",93
"runarsdottir2006",93
"russell2005",93
"salonen2013",93
"sigurdsson2008",4503
"sigurdsson2011",4504
"slupeki2007",93
"spivak1988",93
"stefansson2000",93
"soland2000",93
"young2009",4505
"zoega2002",93
"zoega2012",93
"zoega2010",93
"clarke2004",4506
"sorensen1981",23
"almgren1901",4507
"ambrosiani1991",4508
"ambrosiani1973",4509
"anspach2010",4510
"beskowsjoberg1996",4511
"brucemitford1967",4512
"delaet1956",4513
"ellmers1995",4514
"falk1912",4515
"graslund2003",4516
"hedeagerkrag2004",158
"holgersson2001",158
"jonssonnd",158
"kalmring2015",158
"karlsson2011",158
"kidd1988",158
"sjovold1957",158
"westphalen2002",50
"bianchi2010",4517
"enoksen1999",4518
"fuglesang1981",4519
"fuglesang2005",4520
"gadamer1960",4521
"gilchrist2013",4522
"jacobsen1941",4523
"knutzen2005",4524
"knutzen2007",4525
"kohring2014",4526
"lager2003",4527
"ljung2016",4528
"malafouris2013",4529
"merleauponty1994",83
"moser1998",4530
"moser2005",4531
"olick1999",4532
"olsen1941",235
"petursdottir2012",25
"robb2009",25
"shaw2013",25
"smestad1988",25
"steinsland2014",25
"stromback1969",235
"tarlow2012",25
"thorn2002",25
"oebynielsen2005",25
"ambrosiani1982",4533
"arwidsson1984a",4534
"bengtzon2000",4535
"blomqvist2009",4536
"bolin2008",4537
"back2010",4538
"voncarnapbornheim2011",4539
"conolly2006",164
"dahlin1999",164
"odelberg1974",164
"olausson2012",164
"persson2002",164
"rijksmuseumvanoudheden2010",164
"rosen2002",164
"price1990",164
"stavrum1996",164
"trinks2010",4540
"wiklund2009",164
"wahlander1997",164
"kovalenko2007",4541
"kovalenko2008",4542
"kovalenko2003",4543
"arbman2003",4544
"arne1931",4545
"blifeld1977",306
"budur2007",4546
"bulgakova1999",4547
"camer1968",4548
"cherrman1986",4549
"devidson2008",4550
"gurevic1966",4551
"gurevic1999",4552
"herrman1982",4553
"kirpicnikov1986",4554
"kovalenko1988",4555
"kovalenko1994",4556
"kovalenko1996",4557
"kovalenko1999",4558
"kovalenko2000",4559
"kovalenko2001",4560
"kovalenko2002",4561
"kovalenko2005",4562
"kovalenko2009",4563
"kulakov1990",249
"kulakov1994",4564
"lebedev1965",249
"lovmjanskij1985",249
"melnikova1994",249
"mocja2001",249
"musset1971",249
"puskina1972",249
"scavelev2007",249
"scavelev2009",249
"sinakov2002",249
"smolicev1931",249
"veremejcik2007",249
"zocenko1996",249
"axelsen2014",4565
"thunmarknylen2000",158
"wisehn1999",158
"stalberg2000",4566
"ashmore2003",4567
"backlund2001",4568
"barnes2006",4569
"barrett2005",4570
"bradley1987",4571
"card2005",4572
"charleson1905",4573
"fanning1983",4574
"firth1986",4575
"gammeltoft2006",4576
"garrow2005",4577
"gibbon2008",4578
"griiths2006",4579
"griiths2011",4580
"hedges1983",4581
"hermann1978",4582
"hunter1986",4583
"hunter2003",4584
"jesch2005",4585
"laughlin1974",4586
"leonard2010",4587
"lucy2002",4588
"maher2009",4589
"marwick1952",4590
"marwick1970",4591
"milner2007",4592
"morris1989",4593
"nicolaisen1976",4594
"renfrew1979",151
"ritchie1995",151
"robertson1991",151
"sandnes2010",151
"semple2007",151
"simon1987",151
"simpson1997",151
"wallacend",151
"wickhamjones2001",151
"williams2009",4595
"biddle1991",4596
"flanagan1999",4597
"elder2007",4598
"kelly1956",4599
"kelly1961",4600
"corrain1996",4601
"channing1996",4602
"wallace1967",4603
"afm1908",4604
"fellowsjensen1991",4605
"mahr1929",154
"mckeown1956",154
"floinn1998",154
"hayden1998",154
"simpson2008",154
"lantmateriet2009",164
"ameziane2004",4606
"arwillnordbladh2001",4607
"hansson2012",4608
"peter2015",4609
"solberg1984",4610
"backdanielsson2015a",25
"riisoy2015",4611
"wulffandersen1995",4612
"homson1995",151
"homson2001",151
"akin1999",145
"blackburn1997",145
"bogucki2007",145
"chesterkadwell2009",145
"frier2007",145
"kilger2011",145
"kroll2008",145
"kruse1988",4613
"kruse1992",4614
"kuroda2008",145
"metcalf1985",145
"naismith2005",145
"pedersen2007",204
"pirie1986",145
"feveile1995",154
"bill2006",154
"sloane2011",154
"halpin2001",154
"kelly2004",154
"kelly2010",154
"lynch2001",154
"alstrom1993",4615
"andersson1983",4616
"arrhenius1982",4617
"beronius2011",4618
"beronius2013",4619
"ekman2000",4620
"frolund2010",4621
"frolund2013",4622
"frolund2011",4623
"goldina2003",4624
"gothberg2014",4625
"hansson2001",4626
"kazanski2007",4627
"lindqvist1945",4628
"lindqvist1949",4629
"ljungkvist2013",4630
"loven2010",4631
"lucas2013",192
"lundahl2012",192
"nordahl1993",192
"olausson1966",192
"runer2006",192
"trinks2011",192
"vikstrand2013",192
"aberg1947",192
"leslie1908",154
"simpson2015",154
"hogan1910",154
"hilberg2011",50
"aberg1998",4632
"ambrose1991",4633
"ambrose1987",4634
"arneborg1999c",4635
"barrett1995",4636
"bell2009",4637
"bell2010",4638
"bendrey2009",4639
"bentley2005",4640
"bentley2002",4641
"bowen2002",4642
"geologicalsurvey2010",4643
"bryant1996",4644
"budd2000",4645
"budd2003",4646
"burke1982",4647
"burton1996",4648
"burton1990",4649
"burton2000",4650
"burton1995",4651
"burton2003",4652
"calvin1962",4653
"cameron2007",4654
"carr1962",4655
"chisholm1982",4656
"clayton1963",4657
"coltrain2009",4658
"coplen1994",4659
"coplen1983",4660
"craig1961",4661
"daly2010",4662
"darbyshire1985",4663
"deniro1978",4664
"deniro1981",4665
"dickin1997",4666
"drury1973",4667
"dupras2007",4668
"dupras2001",4669
"eckhardt2009",4670
"elias1980",4671
"ezzo1994",4672
"ezzo1995",4673
"fuller2006",4674
"gallet1998",4675
"gonfiantini2001",4676
"halpin1993",4677
"hatch1966",4678
"hatch1967",4679
"herring1998",4680
"hobson2004",4681
"holm2000",4682
"hurley2010",4683
"iacumin1996",4684
"jim2004",4685
"kellner2007",4686
"knudson2009",4687
"koch1997",4688
"kortshack1965",4689
"lang1988",4690
"leach2009",4691
"leach2010",4692
"leethorp1991",4693
"linderholm2011",4694
"luz1985",152
"luz1984",152
"muller2003",4695
"mcarthur2001",4696
"mccabe2007",4697
"mccormick1982",4698
"minagawa1984",4699
"muldner2011",4700
"negrel2003",4701
"nehlich2009",4702
"obrien1998",4703
"oconnor1988",4704
"odonnabhain2010",4705
"odonnabhain2011",4706
"odonnabhain2001",4707
"oconnor1982",4708
"price1985",4709
"price1986",4710
"ranson1960",4711
"read1934",4712
"schoeninger1978",4713
"schoeninger1979",4714
"schoeninger1983",4715
"schurr1998",4716
"schutkowski1999",4717
"sexton1998",4718
"shaw2009",4719
"shaw2010",4720
"sikora2010",4721
"sikora2011",210
"sillen1989",210
"sillen1991",210
"sykes2006",210
"tieszen1992",210
"veizer1989",4722
"wallace2006",4723
"wallace1994",210
"whipkey2000",210
"white2000",210
"wilson1977",210
"wolfe2001",210
"wright2005",210
"wright1998",210
"karkanas2010",4724
"macphail2005",196
"carter1998",196
"axboe1986",4725
"broholm1940",4726
"danielsson2007",4727
"danielsson2010",4728
"hauck1978",4729
"holmqvist1960",4730
"iversen1991a",202
"lamm2004a",160
"mannering2004",160
"mannering2006",160
"mannering2008",160
"mellend",160
"nasstrom1998",160
"nasstrom2009",160
"owencrocker2010",160
"simek2002",160
"stamsomunch2003",160
"watt1999",4731
"watt2001",160
"olausson2014a",192
"klaesoe2010",4732
"capelli2003",4733
"chinnery2006",4734
"brochmann2008",4735
"benedictow2004",4736
"russ2013",4737
"malmstrom2007",4738
"salamon2005",4739
"binladen2007",4740
"behar2007",4741
"prieto2011",4742
"core2011",4743
"helgason2007",4744
"anderson1981",4745
"andrews1999",4746
"venables2002",253
"pfeiffer1999",253
"meinila2001",253
"cardoso2011",253
"dupuy1996",4747
"richard2007",253
"tambets2004",253
"metspalu2006",253
"melchior2010",253
"dissing2007",253
"torroni1996",4748
"zachrisson2008",253
"derenko2007",253
"schonberg2011",253
"brink1999",4749
"brink2000",4750
"brink2004d",29
"dent1984",4751
"dinzelbacher1984",4752
"frandsen1999",4753
"hines1989",4754
"hoff1997",4755
"jahnkuhn1951",4756
"jerichow1997",22
"john1991",4757
"lager2001",4758
"liestol1972",4759
"lonaas2004",4760
"richards1990",4761
"rudebeck2002",22
"steinsland1995",4762
"stidsing1999",22
"wilke1999",4763
"ostmo2005",4764
"hultkrantz1991",16
"lund2001",16
"lenntorp2002",16
"nasman1998",4765
"nordberg2003",4766
"grammaticus1924",16
"sundqvist2004",16
"vierck1979",16
"vifot1936",4767
"ljungkvist2015c",4768
"hedenstiernajonson2009",4769
"nmd1919",4770
"habbe2004",4771
"gjellerup1973",4772
"tilley1993",4773
"bonnier1994",4774
"caillet1985",4775
"collinder1972",4776
"hansen1992",4777
"fabech1989",4778
"john1987",4779
"larsson1976",4780
"ljungkvist2004a",4781
"musset1992",4782
"nasstrom1997",4783
"olsen2002",4784
"ravn1999",22
"ritchie1993",22
"stiesdal1952",4785
"lind2004",4786
"mortensen1979",16
"zeitler1979",16
"braadmoen2013",253
"ahrland2013",4787
"aronsson1994",4788
"bell2012",4789
"emanuelsson2003",4790
"george2009",4791
"grimm2013",4792
"harding1992",4793
"harding1997",4794
"jennbert2000",4795
"karlsson2010",4796
"lagerstedt2004",4797
"liedgren1992",4798
"lindholm2013",4799
"magnell2013",4800
"myrstad1996",4801
"nyren2012",4802
"petre1980",4803
"ramqvist2007",4804
"ramqvist1993",191
"risbol2011",4805
"serning1962",191
"sleepersmith2009",191
"stene2011",4806
"storli1993",191
"sundstrom1987",191
"svensson1998",191
"zachrisson2010",4807
"zachrisson1974",191
"ambrose1990",4808
"ambrose1997a",4809
"andersen1960",4810
"bandelt2006",4811
"barrett1999",4812
"barrett2000b",4813
"bocherens2003",4814
"brinkmann1999",4815
"deniro1985",4816
"eriksson2013",4817
"hagelberg1991",4818
"hemmendorff1984",4819
"holck1997",71
"holck1983",71
"mikkelsen2010",71
"nei1987",71
"opdal1998",71
"paabo1989",71
"ramskou1965",71
"richards1995",71
"rosvold2010",71
"rudbeck2005",71
"sandmo1985",71
"sandmo1984",71
"topf2006",71
"zachrisson2003",17
"cardon2001",4820
"marchini2004",4821
"bodmer2008",4822
"cavallisforza1994",4823
"quintanamurci1999",4824
"conrad2006",4825
"botigue2013",4826
"ralph2013",4827
"hellenthal2008",4828
"odushlaine2010",4829
"winney2012",4830
"lawson2012",4831
"alexander2009",296
"pirinen2013",296
"wilson2001",296
"wells2001",296
"pritchard2000",296
"bodmer1980",296
"howie2009",296
"wright1943",296
"rousset2004",296
"lawson1995",296
"bhatia2013",296
"pritchard2001",296
"moorjani2011",296
"falush2003",296
"aikas2009",4832
"aikas2013",4833
"backman1975",4834
"berggren2010",4835
"bergman2008",191
"brightman2012",24
"chapman2000",4836
"clavir2002",4837
"descola1992",24
"descola2013",24
"dubois1999",4838
"edvinger2006",4839
"hallstrom1932",4840
"helanderrenvall2010",4841
"hultkrantz1994",4842
"humphrey1994",4843
"hutton2001",4844
"jernsletten2006",4845
"jordan2003",24
"levy1982",4846
"lund2011",4847
"makarov1991",4848
"manker1938",4849
"manker1950",4850
"manker1957",4851
"mauss1924",4852
"melheim1999",4853
"mulk1996",4854
"mundal1996",4855
"nergard2003",4856
"okkonen2007",4857
"orsneschristensen1956",4858
"parpola2004",4859
"rindstad1997",4860
"rostad2012",4861
"serning1957",4862
"sommerseth2009",4863
"svestad2011",4864
"viveirosdecastro1998",24
"wallerstrom1995",4865
"willerslev2007",24
"zachrisson1992",4866
"havamal1971",4867
"skaldskaparmal1931",4868
"andersen1977a",4869
"binski1996",4870
"borsheim2002",116
"bourdieu1996",4871
"boyendb",4872
"bynum1991",4873
"februar1977",4874
"cinthio1980",4875
"cinthio2002",4876
"eide1973",4877
"fett1961",4878
"fowler2011",4879
"fredriksen2006",4880
"gilchrist2005",4881
"hadley2009",4882
"hadley2011",4883
"harby1994",4884
"holloway2010",4885
"hougen1935",4886
"jeppesen1995a",4887
"kiefferolsen1993",4888
"kristoffersen2008",27
"larsson2002",4889
"lund2003e",32
"martensson1981",32
"s1992",32
"nordeide2007",32
"rebaysalisbury2010",32
"reynolds2011",4890
"schulke1999",4891
"serning1982",32
"shetelig1912",4892
"thompson2004",32
"wagnkilde2000",244
"wagnkilde2001",244
"swedishspeciesinformationcentre2014",191
"adalsteinsson1997",4893
"bloch1992",4894
"bruun1909",4895
"bruun1910",4896
"bruun1911",4897
"buckert1983",4898
"byock1982",4899
"deheusch1985",4900
"detienne1989",4901
"dillmann1997",4902
"fridriksson2004",232
"gestsdottir2005",4903
"girard1979",4904
"hamertonkelly1987",4905
"hildebrandt1989",4906
"hubertnd",4907
"jam1943",206
"jones1984",4908
"lucas2006",206
"miller1998a",206
"miller1990",4909
"monsen2004",206
"nasstrom1996",4910
"nobis1962",206
"nordahl1988",4911
"olsen1965",206
"peel1999",206
"roberts2001",4912
"robertsonnd",206
"roesdahl1989",4913
"roussell1937",206
"steinsland2003",2
"thomas2005",148
"turner1969",4914
"vangiffen1963",206
"vondendriesch1976",206
"gudmundsdottir2015",4915
"ahlberg1978",4916
"akerstromhougen1981",4917
"althaus1993",4918
"andersson1968",4919
"andreeff2014",4920
"andren2012a",4921
"bailey1996",4922
"bailey2000",4923
"bailey1988",4924
"beck1964",4925
"bergmann1941",4926
"blindheim1972",4927
"bohner1976",4928
"bottgerniedenzu1988",4929
"calverleynd",4930
"cumont1942",4931
"devries1933",4932
"diazguardamino2015",4933
"egeler2015",4934
"ellisdavidson1950",4935
"ellisdavidson1969",4936
"ellisdavidson1988",4937
"ellmers1973",4938
"ellmers1981",4939
"ellmers1986",4940
"eshleman1983",4941
"faulkes2005",4942
"fingerlin2010",4943
"fuglesang2004",4944
"graus1977",4945
"guber2011",4946
"hauck1954",4947
"hauck1957",4948
"hauck1980",4949
"hauck1983",4950
"hauck1994",4951
"heinzle2010",37
"holmqvist1939",37
"holmqvist1952",37
"hyenstrand1989",37
"kopar2012",37
"kreutzer1989",4952
"lang1983",37
"lehnen1997",4953
"lindqvist1956",4954
"lindqvist1962",37
"malzbender2001",4955
"earl2010",4956
"margeson1980",37
"marold1972",4957
"mundal1998",37
"neckel1983",4958
"nedoma1988",37
"nordin1903",4959
"north2001",37
"nylen1960",4960
"nylen2003",37
"oehrl2006",37
"oehrl2010",4961
"oehrl2011",4962
"oehrl2012",37
"oehrl2013",4963
"oehrl2014",37
"oehrl2015",37
"oehrl2016",37
"olrik1922",37
"quast2009",4964
"reichert2003",37
"reitzenstein1924",37
"remondino2014",4965
"samson2011",4966
"schreiner2000",37
"schreiner2004",37
"vonsee1981",37
"vonsee2009",37
"shetelig1933",37
"simonsson2012",4967
"speidel2004",4968
"stephensnd",4969
"strom1956",37
"swanstrom2010",4970
"vierck2002",4971
"weber1973",4972
"widerstrom2012",4973
"wilson1998",37
"zimmermann2012",4974
"petursdottir2007",4975
"tonning2003",4976
"aannestad2017",4977
"blindheim1963",4978
"butler1990",4979
"crenshaw1989",4980
"danielsson2012",4981
"ekengren2004",4982
"fahlander2012",4983
"fossum1996",4984
"gilchrist1999",4985
"glorstad2009",4986
"gollwitzer1997",11
"magusnd",11
"pantman2014",4987
"pedersen2011",4988
"petursdottir2009",4989
"prescott1998",11
"samdal2005",11
"svensson2003",11
"thedeen2012",11
"villa2011",11
"gothberg2006",4990
"gothberg2007",4991
"fagerlund2005",4992
"gothberg2008",4993
"alstrom1996",4994
"anund1997",308
"berggren1991",308
"elgh1994",308
"frolund2005",308
"frolund2000",308
"hedlund1992",308
"ljungkvist2000",308
"mattsgarden2000",308
"rahmqvist1986",308
"stromback1971",308
"eckmann2004",308
"deweirdt2011",308
"marx2011",308
"skvorzov2011",308
"tilley1999",4995
"blindheim1962",4996
"crusden1965",4997
"eddadigte1971",4998
"egebjerghansen1989",4999
"engberg1995",5000
"mitchell1977",156
"grieg1920",156
"holmolsen1975",156
"jansson1995",156
"johansson1992",156
"kyhlberg1975",156
"lagersted1999",156
"lampe1993",156
"leahy1995",156
"meulengrachtsorensen1991",5001
"motz1983",5002
"needham1967",156
"ofloinn1994",156
"ramskou1964",156
"schjodt1994",5003
"aldritt2003",5004
"allison1997",5005
"arnold1999",5006
"batey1993",5007
"batey2003",5008
"beuermann2011",5009
"bjorkanbukkemoen2017",5010
"bond2007",5011
"crawford1983",5012
"crawford2013",5013
"crossleyholland1982",5014
"cussans2010",5015
"cussans2015",5016
"dietler2001",5017
"fraser2009",5018
"greenacre2007",5019
"griffiths2009",5020
"gudmundsson1993",5021
"halstead2012",5022
"harland2006",5023
"harland2012",5024
"hastorf2017",5025
"hayden2001",5026
"hedeager2012a",5027
"hermannson2011",5028
"jervis2018",5029
"jinenez2011",5030
"jones2018",5031
"madgwick2015",5032
"mainland2016",5033
"mainland2003",5034
"mccormick2002",5035
"mccormick2014",5036
"mcgovern2010",5037
"montgomery2017",5038
"morris1996",5039
"mulville1999",5040
"nicholson2010",5041
"noble2013",5042
"noddle1997",5043
"noddle1977",78
"oconnor2010",78
"oram2015",78
"palsson1978",5044
"pollock2012",78
"rackham1996",78
"rowleyconwy1983",78
"rowleyconwy2018",78
"seller1986",78
"serjeantson2007",78
"sharples1998",78
"sykes2010",5045
"terbraak2002",78
"woolgar2016",78
"backhouse1984",31
"barrettnd",31
"cohen2003",31
"drachmann1967",31
"gansum2002",31
"hodges1905",31
"idsoe2004",31
"ilkjaer2003",31
"lund2007",31
"morris1983",5046
"murphy1992",31
"mullernda",31
"nasstrom1944",31
"osborne2004",31
"osullivan2000",31
"owencrocker1919",31
"petts2003",31
"sanmark2010",5047
"semple1998",5048
"simek1983",31
"swanton1974",31
"welinder1992",31
"wellendorf2006",31
"wilson1964",31
"magnus2010",11
"svenberg1984",5049
"berg1986",5050
"blumenschine1996",5051
"boessneck1964",5052
"bronkramsey2005",5053
"brown1960",5054
"carter2007",5055
"dahlander1916",5056
"ekman1973",5057
"ekman1974",5058
"ekman1984",5059
"fagerborg1986",5060
"graslund1996",5061
"hemmendorff2010",5062
"holm2006",5063
"holmgren1985",5064
"hultcrantz1996",5065
"insulander1956",5066
"iregren1997",5067
"jakobsson1997",5068
"lauwerier1983",5069
"lemel1999",5070
"lindeblad1997",5071
"lyman1994",5072
"magnell2004",5073
"magnell2006",5074
"nathorstnd",5075
"nordberg2006",5076
"nordenram2001",5077
"nasstrom1988",36
"paulssonholmberg1997",36
"payne1985",36
"richter1982",36
"rossdale1996",36
"rudebeck2010",36
"sandegren1997",36
"sjodin1980",36
"thilderqvist2005",36
"vikstrand1993",36
"wallin1990",36
"welinder2003",36
"welinder2008",36
"zeder2010",36
"karnell2012",5078
"bailey2003",5079
"capelle2003",5080
"romersdal1961",5081
"nasman1942",5082
"schnittger1912",5083
"brondsted1942",5084
"axboe2007",5085
"corsten1991",5086
"fuglesang2006",5087
"nordeide1948",5088
"ringstad1988",207
"staecker1990",207
"stoklund2001",207
"strom1984",207
"wamers1997",5089
"mainz1997",207
"westlund1989",207
"zeiten2002",207
"zemitis1997",207
"haugbui1924",5090
"islendingadrapa1973",5091
"andrea2010",5092
"beck1978",5093
"brown1981",5094
"decastro2015",5095
"descola2010",5096
"drachmann1969",5097
"fowler2013",5098
"gansum1999",5099
"geary1979",5100
"geary1986",5101
"harris1985",5102
"hastrup2013",5103
"vigfussonnda",5104
"weismantel2015",5105
"rigsthula1960",5106
"bekpedersen1943",5107
"agnarsdottir1983",5108
"bartram1991",5109
"berson2002",5110
"birch2009",5111
"buckland1985",5112
"byock2004",5113
"christensen1990",5114
"deal1985",5115
"deboer1979",5116
"donat1980",5117
"edvardsson2003",5118
"einarsson1992",5119
"eldjarn1949",5120
"eldjarn1961",5121
"eldjarn1974",5122
"erlingssonnd",5123
"evans1967",5124
"foote1977",5125
"fridriksson1997",5126
"gifford1980",5127
"gudrun2008",5128
"gronvold1980",5129
"gronlie2006",5130
"gudmundssonnd",5131
"hayden1983",5132
"hermannsaudardottir1989",5133
"hinz1989",5134
"hoffmann1964",5135
"iceland1985",5136
"ingimundarson1992",5137
"jones1944",5138
"kobylinski1997",5139
"kuna2005",5140
"lamotta1999",5141
"lange1972",5142
"meier1984",5143
"milek2010",5144
"milek2011a",5145
"milek1997",5146
"murphy1986",5147
"murray1980",5148
"nelson1999",5149
"nelson1996",5150
"oconnell1987",5151
"okelly1954",5152
"olafsdottir1974",5153
"olafsson1992",5154
"olafsson1998",5155
"olafsson2001",5156
"page1995",5157
"stead1982",5158
"stein1989",5159
"stevenson1982",5160
"takacs1968",5161
"taylor1956",5162
"tesch1993",5163
"thorlaksson2000",5164
"urbanczyk1997",5165
"urbanczyk2002",5166
"urbanczyk2001",5167
"urbanczyk2003",5168
"urbanczyk2006",5169
"pierce1998",5170
"rafnsson1977",5171
"reimer2009",5172
"roberts1943",5173
"shetelig1937",5174
"sigurgeirsson2008",232
"simms1988",5175
"snaesdottir1992",5176
"hammarberg1985",207
"thrane1973",124
"samdal2000",207
"moesgaard2004",207
"steinsland1990",207
"artelius2000",5177
"artelius1994",5178
"bordo2008",5179
"bourdieu1999",5180
"broome2015",5181
"hedeager2014",5182
"jansson2005",5183
"leach1958",5184
"rydh1919",5185
"rydh1936",5186
"salin1959",4
"skoglund2005",4
"solberg1993",4
"sten2001",4
"vretemark1983",4
"wallacehadrill1962",4
"wehlin2013",4
"baron2014",5187
"baron2006",5188
"baron2009",5189
"beagrie1989",5190
"bielicki1991",5191
"billstrom1990",5192
"bjorlykke1982",5193
"bjorlykke1990",5194
"bjorlykke1993",5195
"blanchard2001",5196
"bode2008",5197
"bode2009",5198
"boni2000",5199
"brooks2004",5200
"capelle1976",5201
"chen2012",5202
"chernyshev2008",5203
"chugayev2010",5204
"chugayev2013",5205
"duralimuller2005",5206
"gale1992",5207
"guenettebeck2009",5208
"guy1981",5209
"homer1991",5210
"hohndorf1986",5211
"johansson1983",5212
"johansson1984",5213
"johansson1985",5214
"karakaya1988",5215
"kirnbauer2012",5216
"kramers1997",5217
"leveque1993",5218
"loveluck1998",5219
"merkel2015",5220
"mirnejad2011",5221
"nilsen1991",5222
"nriagu1983",5223
"penhallurick1986",5224
"petersen1995",5225
"pollard2008",5226
"rohl1996",5227
"rohl1998",5228
"sayre2001",99
"shepherd1993",99
"sjastad2011",99
"stacey1975",5229
"stosgale2004",99
"stosgale1997",99
"sundblad1994",99
"tereygeol2005",99
"timberlake2005",99
"trincherini2009",99
"tylecote1992",99
"villa2009",99
"wedepohl1978",99
"kershaw1990",150
"hadley2008",5230
"alexander1987",150
"carter1969",150
"mckinley2000",150
"budd1999",150
"benedictow1992",309
"brothwell1998",309
"crumlinpedersen1992",309
"bacco2006",309
"dunnell1999",309
"dyke1984",309
"gad1984",309
"geist1978",309
"halstead1989a",309
"janssen2003",309
"jones1986",5231
"keller1984",309
"premo2010",309
"thorarinsson1961",309
"weiss1976",309
"abels1988",5232
"geller2005",150
"campbell2001",150
"rollason2000",150
"blackburn2005",5233
"mckinley2003",150
"avery1990",5234
"babel1975",5235
"barrat1964",5236
"bell1996",5237
"bell2000",5238
"biddulph2012",5239
"boorman2002",5240
"breuningmadsen2001",5241
"breuningmadsen2003",5242
"catt1986",5243
"courty2001",5244
"crowther1996",5245
"cruise2000",5246
"engelmark1993",5247
"engelmark2008",5248
"holden1994",5249
"kelley2010",5250
"kooistra1978",5251
"linderholm2007",5252
"linderholm2013",98
"macphail2000",98
"macphail2009",98
"macphail2012",98
"macphail1998",98
"niblett1999",98
"reineck1986",98
"rentzel1999",98
"rosenqvist1958",98
"stoops2010",98
"thirly2006",98
"veneman1984",98
"viklund2013",98
"wilkinson2012",98
"ipccrkpachauri2014",5253
"reckin2013",5254
"dixon2014",5255
"lee2017",5256
"farbregd2009",5257
"callanan2016",5258
"finstad2008",5259
"vedeler2013",5260
"hafner2015",5261
"kelly2013",5262
"fehrenschmitz2014",5263
"hare2012",5264
"haas2017",5265
"barbier2011",5266
"orengo2013",5267
"hjelle2015",76
"indrelid2011",76
"pluskowski2013",76
"indrelid2015",76
"beijersbergen2017",76
"vorren1998",76
"stene2015",76
"benn2010",76
"odegard2017",76
"young2012",76
"helama2012",76
"linderholm2010",76
"matthews2008",76
"bevanger2004",76
"kullman1994",76
"williams2012",76
"armit2014",76
"mann2015",76
"callanan2013",5268
"callanan2015",76
"arjava2005",76
"buntgen2017",76
"nesje2009",76
"villumsen2016",76
"hoeg2014",76
"howardjohnston1998",76
"barrett2016",76
"barth1983",76
"walloe2010",76
"majchczack2014",5269
"berger1970",5270
"hatz2001",5271
"bantelmann1967",277
"braren1935",277
"kersten1958",277
"segschneider2009",5272
"majchczack1967",277
"beseler1982",277
"erdmann2001",277
"jons2014",277
"laur1959",277
"segschneider2004",277
"stilke2001",277
"stumpel2009",277
"wunderlich2013",277
"jakobsson1992",5273
"wilson1996",5274
"anttonen1992",5275
"baudou1993",5276
"baylisssmith1998",5277
"bergman1995",5278
"bradley1997",5279
"douglas1966",5280
"fellman1906",5281
"gennep1909",5282
"harrison1903",5283
"helskog1999",5284
"hultkrantz1978",5285
"insoll2004",5286
"jordan2001",5287
"kleppe2006",5288
"laestadius2002",5289
"lahelma2005",5290
"mebius1968",5291
"baylisssmith2001",5292
"napolskikh1992",5293
"nordbladh1980",5294
"pettersson1957",5295
"ramqvist2002",5296
"rank1955",5297
"rydving1993",5298
"sammallahti1982",5299
"schanche1995",243
"solem1933",243
"taavitsainen2003",243
"terebikhin1993",243
"tilley1991",243
"trubshaw1995",243
"turner1978",243
"uibopuu1988",243
"wiik2000",243
"vorren1978",243
"gojda1991",5300
"jezek2002",5301
"ruttkay2002",5302
"takacs2002",5303
"magnusson1973",93
"edvardsson2007",5304
"oye1988",5305
"stenberger1979a",5306
"giffordgonzalez1985",5307
"stead1981",5308
"karras1988",5309
"jochens1995d",5310
"gudmundsson2009a",136
"skjelsvik1958",98
"schindler1956",277
"amundsen2004",5311
"arnalds1995",5312
"canti1999",5313
"canti2003",5314
"carr1984",5315
"hakbijl2002",5316
"hreidarsdottir2005",5317
"johnson1974",5318
"malinskybuller2011",5319
"matthews1997",5320
"mehler2002",5321
"misarti2011",5322
"roberts2003",5323
"rolfsen1980",5324
"sampietro2005",5325
"shahackgross2005",5326
"shahackgross2008",5327
"shillito2011",5328
"smith2001",5329
"snaesdottir2003",198
"stein1983",198
"stockton1973",198
"sullivan2004",198
"tani1995",198
"terry2004",198
"tinsley2002",198
"vizcaino1999",198
"vyncke2011",198
"wandsnider1996",198
"wilk1979",198
"zielinski1997",5330
"ingold2012",5331
"stoodley1999",5332
"andersson2008f",69
"back2008",69
"frioriksson2013",69
"gunnell1995",5333
"gunnell2004",69
"gunnell2008",69
"harris2000",69
"hallansstenholm2010",69
"lihammer2012",69
"pentz2013",69
"philipotts1920",69
"roberts2009",69
"sjosvard1989",69
"svensson2010",69
"vikstrand2010",69
"wessman2010",69
"wessen2002",5334
"blomkvist1999",5335
"brink2005",5336
"caldwell2003",5337
"lerbom1915",5338
"nyberg1976",5339
"olsson1984",5340
"ortved1933",5341
"rafnsson1974",258
"rosen1949",258
"ruthstrom1988",258
"ronnby1995",258
"schmidtwiegand1967",258
"schmidtwiegand1989",258
"steffen1943",5342
"yrwing1940",258
"ostergren1992",258
"yrwing1951",258
"yrwing1978",258
"lindroth1915",258
"vangennep1909a",243
"buckley2004",5343
"armit1996",5344
"gammeltoft2004",5345
"hall2008",5346
"jay2013",5347
"jennings2005",5348
"capo1994",5349
"chiaradia2003",5350
"dangela1990",5351
"diefendorf2005",5352
"evans2009",5353
"fronval1995",5354
"keefe2007",5355
"montgomery2002",5356
"parkerpearson2005",5357
"puceat2010",5358
"raiber2009",75
"sanchezchillon1994",75
"sellevold1999",75
"simpson2010a",5359
"stephan2000",75
"toolis2008",75
"trickett2003",75
"vanrensburg1986",75
"warham2012",75
"woolf2005",75
"pricenda",5360
"bagge1998",311
"chenery2012",5361
"harrison2003",311
"johansen1986",311
"reed1998",311
"sellevold1991",311
"sellevold1996",311
"sellevold2001",5362
"sullivan1981",311
"tauber1981",311
"vandermerwe1978",311
"balodis1940",5363
"bogucki2006",5364
"brundage1991",5365
"christoffersen1996",5366
"crumlinpedersen1989",5367
"crumlinpedersen1996",5368
"crumlinpedersen1998",5369
"ehrensvard1991",5370
"filipowiak1998",5371
"griciuviene2005",5372
"haak2004",5373
"kiaupa2000",5374
"kochkurkina1961",5375
"lang1996",5376
"lang2004",5377
"lehtosalohilander1984",5378
"limbo2004",5379
"lougas1994",5380
"magi2002",5381
"magi2004",5382
"magi2005",5383
"magi2007",5384
"magi2009",5385
"magi2013",5386
"petrenko1995",5387
"radins2006",289
"rebkowski1998",289
"sedov1974",289
"shepherd1999",289
"sindbaek2003",289
"vijups1997",289
"spingis2008",289
"tvauri1998",289
"vaitkunskiene1995",289
"vasks2008",289
"vassar1939",289
"vassar1975",289
"welinder2009",289
"zarina2006",289
"gramsch2007",312
"zachrisson1989",312
"kopytoff1996",1
"kristiansen1974",312
"pfisterer2008",312
"aberg1990",19
"ambrosiani2005",19
"ambrosiani2016",19
"backstrom2016",19
"blauer2013",19
"burgman1987",19
"fennomuyingo2000",19
"gustin2016",19
"harvig2014",19
"kaislaniem2011",19
"lama2015",19
"leciejewicz1956",19
"lightfoot2016",19
"nironen1997",19
"pellegrini2016",19
"stolpendc",19
"tuross2017",19
"weihed2005",19
"wilhelmson2017",19
"yurtsever1980",19
"nepomniashchii2012",288
"gaidukov1994",288
"kuzmin1997",288
"kuzmin2015",288
"stanislawski2000",285
"britishgeologicalsurvey2001",75
"raudonikas1930",288
"ravdonikas1924",288
"plokhov1996",288
"sturluson2011",5388
"ynglingatal2011",5389
"anbrosiani2007",5390
"banyterowell2005",5391
"bliujiene2008",5392
"blomkvist2005",5393
"bertasius2006",5394
"bonnellnd",5395
"creutz2003",5396
"deemant1977",5397
"ehrensvird1991",5398
"filipowiak1983",5399
"gurevitch1970",5400
"argang2000",5401
"johansen1939",5402
"khvoshchinskaya2004",5403
"lamm2009",5404
"ligi1968",5405
"ligi1995",5406
"baltica2007",5407
"magilougas1993",5408
"melnikova2007",5409
"melnikova1990",5410
"mickevicius1994",5411
"mugurevies1994",5412
"nosoy2001",5413
"nosov2005",5414
"nosov2006",5415
"opik1970",5416
"radin1998",5417
"selart2002",5418
"selirand1974",269
"sindbek2003",269
"spirgis2008",269
"stubavs1966",269
"sne1997",269
"tamla1977",269
"tarvel1975",269
"tonisson1974",269
"valtonen2007",269
"zabiela2008",269
"zemitis2007",269
"zulkus1991",269
"boyd1985",285
"boyd2005",285
"silliman2001",285
"barrett2002",285
"marshall2002",285
"watt1985",5419
"naum2005",285
"kockakrenz1993",285
"bergatzky1989",285
"tvauri2001",269
"amundsen1996",5420
"auestad1992",5421
"balascio2011",5422
"binns1978",5423
"bratrein1983",5424
"bratrein1991",5425
"bratrein1995",5426
"bruun2007",5427
"evjen2008",5428
"gjessing1973",5429
"grimm1999",5430
"grimm2002",5431
"grimm2006",5432
"grydeland2001",5433
"guttormsen2005",5434
"henriksen1996",5435
"hesjedal1996",5436
"hinsch1960",5437
"hodder1979",5438
"holand1989",5439
"johansen2002",5440
"johansen1982",5441
"johansen1990",5442
"johansen1978",5443
"mathiesen1978",5444
"myhre1978",5445
"myhre1985",5446
"nilsen1998",5447
"nilsen1995",5448
"odner1985",84
"olsen1998",84
"olsen2001",84
"rolfsen1974",84
"rolfsen1990",84
"said1993",84
"schanche1992",84
"simonsen1980",84
"sobstad1980",84
"spivak1987",84
"spivak1990",84
"storli1985",84
"vorren1985",84
"wickler2005",84
"wik1985",84
"vanderleeuw1989",285
"c2006b",5449
"arbman1969",189
"blair1994",5450
"brink2001",5451
"cameron1988",5452
"carver1988",5453
"carver2001",5454
"carver2002",5455
"cooper1993",5456
"dubois2006",5457
"effros2003",5458
"everson2011",5459
"fabech1994",5460
"fell1956",5461
"geake1997",5462
"grahamcampbell2009",5463
"griffiths1991",72
"gurney1986",5464
"hall1989",5465
"halsall1989",5466
"hayward2011",5467
"heide2011",146
"heide2014",146
"hoggett2007",5468
"ilkjaer2002",66
"jankuhn1955",146
"karras1990",5469
"knapp1999",146
"larrington1996a",5470
"mcleod2013",146
"raffield2013a",5471
"hagland2005",146
"randsborg1999",146
"sanmark2009",5472
"scarre2002",146
"scragg1991",146
"semple2010",5473
"sheppard1939",146
"museum2012",146
"harkell2011",146
"thurston2002",5474
"tilley2006",5475
"webster1983",146
"yorke1990",146
"pedersennda",5476
"armbruster2004",140
"bayley1992",5477
"brinchmadsen1984",233
"feveile1994",5478
"grieg1922",5479
"hedegaard2005",233
"jouttijarvi2006",204
"paulsen1936",140
"pedersen2000",140
"augenti2011",5480
"bilge2013",5481
"bowleg2008",5482
"back2018",5483
"collins2016",5484
"davis2008",5485
"diazandreu2005",5486
"evans1997",5487
"goldhahn2007",5488
"holmquist1990",5489
"holmquist1993",5490
"holmquist2001",5491
"holmquist1998",5492
"holmquist2009",5493
"inall2014",5494
"kaliff1992",47
"laneri2007",47
"nelson2007",47
"olausson2001",47
"popa2014",47
"schietzel1963",47
"thedeen2011",47
"vennatro2016",47
"yotov2016",47
"ashede2015",47
"aagard1984",5495
"arbman1960",5496
"bjeletskij1998",5497
"capelle1962",5498
"dellepiane2009",5499
"edberg2001",5500
"eniosova2008",5501
"gingerich2014",5502
"hermon2008",5503
"jolshin2012",5504
"klindtjensen1965",5505
"neiss2005",5506
"neiss2006",5507
"neiss2009",230
"neiss2010",230
"puskina1998",230
"scott2002",230
"shearer2012",230
"sholts2012",230
"sholts2010",230
"sholts2011",230
"sotnikova1959",230
"kastholm2008",230
"thunmark1974",230
"wiechmann2001",230
"wolters2006a",230
"hallam2001",47
"ekengren2006",47
"rindal2004",202
"backdanielsson2008",5508
"bennett1987",5509
"carlsson2002",5510
"fabech2004",5511
"henderson1991",5512
"hjorungdal1994",5513
"hovanta1995",5514
"lagerholm2009",5515
"mays1998",5516
"rosten2007",5517
"simpson2004",161
"sindbaek2006",5518
"smyser1965",161
"stalsberg1987",161
"thedeen2008",161
"dudo1998",5519
"gragas2000",5520
"grettirssaga1974",5521
"layofharoldtransl1936",5522
"almqvist1965",5523
"almqvist1974",5524
"betzig1982",5525
"brown2009",5526
"camdennd",5527
"chagnon1988",5528
"clover1993",5529
"coleman2015",5530
"colwell1988",5531
"coupland2003",5532
"debuse1999",5533
"dickemann1979",5534
"downham2014",5535
"ebel1993",59
"ember1974",59
"emlen1977",59
"falys2014",5536
"forsgren2004",59
"fuglestvedt2014",59
"goetting2006",59
"griskevicius2012",59
"hill1990",59
"hoglund1993",59
"hudson2004",59
"jacobsen1982",59
"jochens1980",59
"jochens1986",59
"jochens1987",59
"jochens1991",59
"kvarnemo1996",59
"kvarnemo1995",59
"madsen1993",59
"meulengrachtsorensen1980",59
"mitani1996",59
"montgomery2008",5537
"moorad2011",59
"opdahl2003",59
"reichert2006",59
"renaud2000",59
"sampson2006",59
"schacht2014",59
"szekely2014",59
"thedeen2009",5538
"weir2011",59
"zeitzen2008",59
"staecker2006",5539
"kure2013",5540
"lamm2003",5541
"lamm2003a",5542
"hauck1985",5543
"hauck1969",5544
"neckel1983e",5545
"larrington2014",5546
"bangnd",5547
"buggenda",5548
"dronke1989",5549
"haavardsholm1996",5550
"hauck1982",5551
"heusler1941",5552
"wilhelm1952",5553
"vanderhorst1982",313
"horst2010",313
"hultgard1987",313
"johansson2013",313
"lamm2003b",313
"mckinnell1994",313
"mckinnell2008",313
"meyernd",313
"north2003",313
"oehrl2009",313
"quast2002",313
"nordal1980",313
"stephensnda",313
"westphal2004",313
"williams1994",313
"musty1974",290
"saxo1931",202
"sopp1999",202
"thomsen1929",202
"blindheim1982",140
"clarke1995",5554
"duner2006",140
"gaut2015",140
"hougen1931",140
"kielland1927",140
"maddicott1989",140
"ryghnde",140
"samson1991a",148
"schramm1955",140
"werner1980",140
"coplen1988",263
"a2007",50
"sjoberg1987",38
"blindheim2008",5555
"brogger1997",5556
"chatwin1990",5557
"eisenschmidt1994",38
"gourevich1999",5558
"gunnell2000",5559
"gunnell2006",5560
"harris2009",5561
"hagg2009",5562
"jakubovskij1926",5563
"liepe1989",5564
"mckinnell2005",5565
"montgomery2004",5566
"ogden2008",5567
"page1985",5568
"petrenko1991",5569
"robbins2004",38
"rundkvist2003",5570
"schjodt2007",113
"schjodt2009",113
"skre2004",5571
"steinsland1981",113
"stern2009",113
"tollnes1998",113
"faulkes1989",5572
"pedersenndb",5573
"sekundaerkilder1997",314
"barndon1992",314
"drescher1977",314
"gustafsson2005",314
"haaland1985",314
"jouttijarvi2001",314
"krishnan1976",314
"roesdahl1993",5574
"smith1974",314
"steinsland1997",314
"webster1999",314
"feveile2002b",233
"anderson1992",5575
"balasse2002",5576
"bell2001",5577
"bethard2013",5578
"brabrand1991",5579
"buzon2013",5580
"cameron2011",5581
"cruz2011",5582
"eliason2010",5583
"ferguson2009",5584
"fornander2015",5585
"grupe2011",5586
"haak2008",5587
"hofstra1995",5588
"hunter1975",5589
"kahl2009",5590
"knudson2008",5591
"knudson2011",5592
"lambergkarlovsky1972",5593
"lane1972",5594
"magnusson1980a",5595
"moberg1981",141
"naum2012",141
"olsen1961",141
"suchey2006",141
"tung2011",141
"turner2009",141
"vos2005",141
"webb1985",141
"wilson1970",141
"crumlinpedersen1988",5596
"zeitzen1997a",5597
"wenger2004",5598
"sofartsmuseums1987",5599
"baxter2008",5600
"christensen1988",5601
"cooper1978",315
"edgren1988",315
"elsner1992",315
"gillespie2001",315
"grieg1933",315
"hejgaard2010",315
"hojrup1983",315
"jensen2008",315
"sandberg2006",315
"schwartzman2006",315
"smolarek1969",315
"sztompka1994",315
"tesch2005",315
"zeitzen2002",315
"ostergaard2011",315
"hayeursmith2004",161
"byejohansen2004",161
"thunmarknylen2015",161
"albrectsen1994",5602
"althoff1999",5603
"andersen2011",5604
"bede1968",5605
"blair2005",5606
"dulinicz2002",5607
"foote1993",5608
"gullbekk2008",5609
"keynes1991",5610
"kornerupnd",5611
"krag2003",5612
"meier2002",5613
"meulengrachtsorensen1997",5614
"meulengrachtsorensen2001",5615
"miuillermertens1999",5616
"ottodergrosse2001",5617
"pedersen2005",5618
"refskou2004",5619
"roesdahl1983",5620
"roesdahl1987",5621
"roesdahl1999",5622
"roesdahl2004",5623
"schoujorgensen1997",5624
"skovgaardpetersen1977",5625
"steinsland2008",5626
"tesch2008",203
"wilson1966",203
"porsteinsson1987",203
"fangel1941",5627
"chapman1981",113
"miller2005",113
"nylen1987",113
"andersson2016b",316
"cambridge2017",316
"hauptman2014",316
"aukrust1982",5628
"ayers2016",5629
"bergman2007",5630
"carrer2015",5631
"critch2018",5632
"curdy2016",5633
"norvegicum2019",5634
"finstad2018",5635
"gilck2019",5636
"grjotheim1978",5637
"gunnarsdottir2000",5638
"hollesen2018",5639
"kleiven1973",5640
"kummen1983",109
"providoli2016",109
"rosvold2017",109
"savioz2016",109
"shawnd",109
"thun2018",109
"timberlid2015",109
"volken2015",109
"younghusbandnd",109
"shetelig1920b",5641
"miles1989",5642
"abbott2005",5643
"gilmour1988",5644
"aitken1966",5645
"aitken1962",5646
"aitken1983",5647
"anon1996",5648
"aspinall1977",5649
"barley1964",5650
"barley1981",5651
"belfiore2007",5652
"blinkhorn2013",5653
"brooks1984",5654
"bryant1977",5655
"dallas1993",5656
"dunning1959",5657
"everson1999",5658
"field1990",5659
"ford1995",5660
"froh2004",5661
"gale1995",5662
"garmonsway1972",5663
"garrigos2001",5664
"golitko2012",5665
"goodwin2013",5666
"harkel2013",5667
"hebditch1964",5668
"hurst1962",5669
"ixer1997",5670
"jordan1994",5671
"kilmurry1980",5672
"leah1994",5673
"vander1993",5674
"mainman1990",5675
"maniatis1981",65
"maniatis1984",65
"mccarthy1988",65
"miles1974",65
"nailor1984",65
"price1975",65
"quinn2013",65
"rice2005",65
"rogerson1984",5676
"rye1981",65
"sawyer1998c",65
"arwidson1984",5677
"arwidson1986",5678
"arwidson1989",5679
"bennike1985",5680
"bennike1993",5681
"calmer1977",5682
"deniro1988",5683
"gilbert2005",5684
"hoefs2004",5685
"jorkov2007",5686
"kanstrup2006",5687
"leethorp2003",5688
"longin1971",5689
"madsen1988",5690
"reidla2003",5691
"runge2010",5692
"schoeninger1989",5693
"sillen1998",5694
"skibstedklaesoe1997",5695
"sponheimer2006",5696
"vanklinken1999",5697
"verhulst1966",5698
"verhulst1995",5699
"walette2004",5700
"paludan1991",186
"koch1936",186
"steensberg1952",186
"steensberg1973",186
"dobat2007",186
"meier2007",186
"tesch1992",186
"fangel1998",186
"tollin1998",186
"riddersporre2003",186
"nedkvitne2004",186
"fritz1988",186
"back1995",5701
"gustin2011",5702
"haussig1987",5703
"martin1986",5704
"noonan1985",5705
"noonan1989",5706
"noonan2001",5707
"rispling2007",215
"roslund1997",215
"roslund2009",215
"roslund2010",5708
"thordeman1926",215
"holmquistolausson2002",215
"johansson1997",215
"jonsson2001",215
"kovalev2001",215
"kovalev2002",215
"kovalev2005",215
"kovalev2011",215
"landgren1998",215
"younghusband1904",109
"of1917",17
"jensson1929",17
"arbman1936",17
"arent1969",17
"ekelund1956",17
"ellisdavidson1967",17
"gjeerder1964",17
"holmavist1955",17
"jansson1963",5709
"perkins2001",17
"price1969",5710
"salin1913",5711
"steinsland1936",17
"agrip1929",17
"hultgard2003",17
"hudson2005",5712
"rediker1987",72
"pennel1997",72
"leeson2009",72
"antony2002",72
"hudson2007",72
"price1991",72
"wulfstan1976",72
"artefacts1980",72
"birkeland1954",72
"arcini2005a",5713
"catling2008",72
"griffiths1991a",72
"richards1989",72
"kanstrup2008",5714
"andersson1975",5715
"arcini2018",5716
"arppe2010",5717
"azmy1999",5718
"buko2013",5719
"chernykh1985",5720
"faure2004",152
"fraser2018",5721
"hyenstrand1982",5722
"lewis2008",5723
"maldre2018",5724
"margaryan2019",5725
"peschel2014",5726
"punning1987",5727
"raukas2009",152
"ruff2012",152
"sillen1982",152
"trotter1958",5728
"tuuling2011",5729
"wea1980",5730
"woelfel2002",152
"arcini1998",35
"baillie1991",5731
"baillie2015",5732
"bolender2011",5733
"davies2015",5734
"dugmore1992",5735
"edwards2012",5736
"einarsson1988",5737
"erlendsson1995",5738
"haflidason2000",5739
"haflidason1992",5740
"hammer1980",5741
"hermannsaudardottir1988",5742
"lane2014",5743
"larsen1982",5744
"larsen1984",5745
"larsen1977",5746
"lowe2008",5747
"lowe2011",5748
"lowe2015",5749
"lowe2001",5750
"newton2008",5751
"oladottir2008",5752
"ponomareva2015",5753
"roberts2000",252
"sigurgeirson2014",5754
"sigurgeirsson1995",5755
"sigurgeirsson2007",227
"sigurgeirsson1998",227
"sigurdsson1982",227
"sveinbjarnardottir2004",227
"theodorsson2009",227
"theodorsson2012",227
"vilhjalmsson1991",227
"vinther2006",227
"zielinski1995",227
"palmerbrown1995",65
"vince2009",65
"andersen1982a",5756
"andersen1996",163
"bennike1994",163
"brather2001",163
"burschel1994",163
"caferro2006",163
"christophersen1940",163
"damgaardsorensen1991",163
"fiorato2000",163
"hermann1974",163
"krueger1985",163
"nielsen1990",5757
"petersen1989",163
"roesdahl1975",163
"thordeman1939",163
"ahlstromarcini2005",35
"schjodt2013",35
"anderson2010",5758
"bayman2013",5759
"bentley2007",5760
"brink2014",5761
"buck1938",5762
"erikson2015",5763
"hauofa2008",5764
"heyerdahl1938",5765
"kane1997",5766
"king2003",5767
"kirch2010",5768
"kirch2012",5769
"kirch2014",318
"kirch2007",232
"kirch1992",318
"ljungstrom2004",318
"ravn1993",318
"ravn2011",318
"ravn2018",318
"salmond2010",318
"schjodt2017",318
"smith2010",318
"spriggs2008",318
"spriggs2016",318
"stolpendd",318
"thomas1997",318
"thomas2010",318
"wawn2000",318
"raukas1997",152
"hinton2005",5770
"hoilundnielsen1999",5771
"leigh1984",319
"clauskrag1982",5772
"ruth1988",5773
"lindkvist2003",5774
"yuhl2013",5775
"cameron2008",5776
"cameron2016",5777
"lewis2017",5778
"karras1980",5779
"larson1935",5780
"lee1936",5781
"audr2001",42
"benraffield2017",42
"see2012",42
"reuter2012",42
"blili1996",42
"somerville2014",42
"ch2011",42
"michaelswanton2000",42
"robinson1921",42
"gothenburg2000",42
"goodall1990",42
"henning2012",42
"warner2009",42
"olsson2017",42
"simpson2018",42
"ch2000",42
"lunde2012",42
"jankowiak2016",42
"lewis2016",42
"ostergren2008",42
"kankpeyeng2009",42
"laird2010",42
"bodel2005",42
"walz1977",42
"daniel1992",42
"morgan1998",42
"warren1977",42
"bodel2014",42
"ireland1952",42
"hardh2001",5782
"lamm2005",5783
"lang1995",5784
"salmo1938",5785
"skrzat2010",5786
"tarvel1982",5787
"trotter1952",5788
"anderson2002",5789
"arnold1991",5790
"dowson2006",5791
"dror2017",5792
"fridriksdottir2013",5793
"geller2017",5794
"gero1985",5795
"ghisleni2016",5796
"herget2008",5797
"jansson1992",5798
"jensen2018",5799
"jordan2009",5800
"joyce2008",5801
"knauer2001",5802
"lindqvist2004",5803
"nakhaeizadeh2014",5804
"nilssonstutz2013",5805
"norgardjorgensen1997",5806
"olausson2001a",5807
"reeder2008",5808
"sorensen1983",5809
"stolpe2019",5810
"wylie1992",5811
"dagstorp1999",5812
"mark1998",5813
"bogelund1999",5814
"naes2000",5815
"andersminde1980",5816
"okholm1996",5817
"starigardoldeburg1991",5818
"stro1984",5819
"bchin1965",5820
"albert1999",5821
"albert2002",5822
"barabasi2003",5823
"becker1999",5824
"becker2003",5825
"clarke1972",5826
"dodds2003",5827
"donat1984",5828
"c2006c",5829
"granovetter1973",5830
"herrmann2005",5831
"jacobsson2000",5832
"jons1997",212
"lundquist2003",5833
"meier1991",5834
"ormerod2004",5835
"palmer2003",5836
"palmer2004",5837
"ravasz2003",5838
"renfrew1977",5839
"schoknecht1977",5840
"schuldt1965",5841
"schuldt1967",5842
"schuldt1981",5843
"schuldt1985",5844
"wasserman1994",5845
"watts2003",5846
"watts1998",5847
"wells2005",5848
"wietrzichowski1993",5849
"ahlen1998",5850
"aikio2006",5851
"alenius2007",5852
"alenius2011",5853
"barrett2009",5854
"carpelan1984",5855
"carpelan2003",5856
"carpelan2006",5857
"donner1986",5858
"edberg1999",5859
"fewster2006",5860
"halinen2005",5861
"herrgard2005",5862
"hiekkanen2010",5863
"huurre1983",5864
"hakkinen2010",5865
"ivars2002",5866
"jaakkola1935",5867
"karlsson1987",5868
"korpela2004",5869
"kovalev2007",5870
"kriiska2007",5871
"kumpulainen2004",5872
"kuusela2011",5873
"lehtosalohilander1985",5874
"lehtosalohilander2001",5875
"leskinen2008",5876
"masonen1989",5877
"meinander1950",5878
"moilanen2010",5879
"nordman1944",5880
"norrman1983",5881
"nunez1993",5882
"nunez1995",5883
"orrman1991",5884
"orrman1993",5885
"poutiainen2008",5886
"raninen2010",5887
"ringbom1994",5888
"roeckhansen1995",5889
"salo2000",5890
"schalin2008",5891
"spirgis2006",5892
"spiridonov1991",5893
"taavitsainen1980",5894
"taavisainen1988",218
"taavitsainen1994",5895
"taavitsainen1999",218
"taavitsainen2007",218
"tomtlund2005",218
"uino2003",218
"maria2001",218
"valtonen2008",218
"viklund2002",218
"wickholm2000",218
"wickholm2004",218
"kirpichnikov1985",5896
"makarov1990",5897
"makarov2009",5898
"melnikova1991",5899
"muller1987",116
"nerman1929",5900
"nosov1992",5901
"nosov2001",5902
"ravdonikas1949",5903
"smolichev1925",306
"sitii2006",306
"andren2004j",38
"beskowsjoberg1987",38
"crumlinpedersen1995d",38
"t1999",38
"grahamcampbell1998j",281
"price1989a",5904
"skaarup1972",38
"terry1990",38
"ludtke2001",5905
"barabas2003",5906
"brinch1991",168
"jansson2008",168
"hakonshetelig1917",168
"harrison2010",252
"russell2007",5907
"budd2014",5908
"score2010",5909
"lundraffield1989",5910
"griffiths1997",281
"ross1983",5911
"thee1980",5912
"baker1997",5913
"khoroshev2007",5914
"kotowicz2007",5915
"macgregor1978",5916
"binns1963",5917
"booth1987",5918
"booth1997",5919
"bulock1960",5920
"clark1966",5921
"craig2010",5922
"cramp1976",5923
"kemp1996",5924
"kershaw2008",5925
"leahy2000",106
"morris1977",106
"morris1984",106
"naismith2011",106
"naylor2001",106
"peers1943",106
"powlesland1998",106
"rahtz1967",106
"schoenfelder2011",106
"stocker2007b",106
"thomas2003",5926
"townend2014",106
"williams1988",106
"wrathmell2012",106
"richards2014",106
"richards2015",106
"richards1983",5927
"williams1983",5928
"swanton1970",5929
"cluniesross1985",5930
"james1997",5931
"woodward2004",5932
"beskowsjoberg1987a",5933
"beltznd",5934
"clark1984",282
"davis1983",282
"fehring1987",282
"fehring1995",138
"gerrard2003",282
"hubener1959",282
"karlin1922",282
"liebgott1989",282
"lischnd",282
"moreland1991",282
"sorensen1989",282
"verhaeghe1994",282
"wiessner1939",282
"desha2000",5935
"honolulu1991",5936
"dining1980",5937
"athens2017",5938
"oxfordroutledge2016",5939
"graeber2017",5940
"redknap2004b",5941
"amkreutz2004",5942
"lewis1972",5943
"mattes2016",5944
"mattes2008",5945
"comacchio1983",320
"whitehouse1983",320
"hooper2006",320
"kirch1985",320
"kristiansen1998",320
"space2015",320
"rainbird2015",320
"ratnagar2001",320
"jp2010",320
"sherratt1993",320
"clark2008",320
"valeri1985",320
"malarlandskapen1993",320
"wallin1993",320
"westerdahl1992",320
"jankuhn1975",233
"ramskou1999",168
"rundkvist2001",168
"windgather1990",168
"windgather2003a",168
"sussex1997",5946
"waitznda",5947
"ramskou1963",168
"neiss2070",168
"attwood2000",5948
"einarsson1991",5949
"blake1962",5950
"durrenburger1934",5951
"ol1939",5952
"ellison2000",5953
"finlay2011",5954
"finlay1959",5955
"kennedy1997",5956
"kunz2000a",5957
"schmeidler1917",5958
"toddnd",5959
"tschan1959",5960
"alkrenawi1999",5961
"alkrenawi2002",5962
"audur2008",5963
"barry1981",5964
"baumeister2004",5965
"betzig1995",5966
"borovsky1999",5967
"boyden2007",5968
"bragg2008",5969
"breitman2004",5970
"broude1976",5971
"caldwell1998",5972
"ross2010",5973
"daly1980",5974
"divale1976",5975
"elbedour2006",5976
"fleisher1999",5977
"fleisher2004",5978
"grossbardshechtman1993",5979
"graslund1989",5980
"henrich2012",5981
"hraundal2014",5982
"huber2011",5983
"jankowiak2008",5984
"jankowiak2005",5985
"karamagi2006",5986
"karras1992",5987
"kress2002",5988
"kolker2014",5989
"larrington2016",5990
"liwoch2007",5991
"ljungqvist2015",5992
"miller1982",5993
"norrman2000",5994
"norstein2014",5995
"odonoghue2004",5996
"omariba2007",5997
"ritchie1976",5998
"saelebakke1986",26
"schacht2015",26
"simek1992",26
"sjoberg1976",26
"sorensen1946",26
"wyatt2009",26
"boyes1921",5999
"grierson1959",6000
"gulibekk2005",6001
"hedeager1993",6002
"lunden1999",6003
"steinnes1936",6004
"pormksson1992",6005
"back1984",282
"karlin1923",282
"aberg1923",6006
"aija1997",6007
"ailio1922",6008
"ambrosiani1956",6009
"ambrosiani1968",6010
"arbman1932",6011
"areslatt1993",6012
"arrhenius1999",6013
"atterman1935",6014
"bennettlagerlof1978",6015
"bennett1976",6016
"blindheim1949",6017
"dreijer1966",6018
"drotz1995",6019
"ekholm1918",6020
"eniosova1998",6021
"enqvist1923",6022
"gudesen1980",6023
"hackmannd",6024
"hagberg1966",6025
"helgen1982",6026
"herteig1955",6027
"holmqvist1970",6028
"horfors1988",6029
"kivikoski1980",6030
"lind1984",6031
"lindahl1950",6032
"macgregor1997",6033
"marstrander1973",6034
"martens1969",6035
"monteliusnda",6036
"nilsson1990",6037
"odencrants1933",6038
"rasch2001",6039
"ostergaardjensen1987",6040
"petre1984b",6041
"ramqvist1998",6042
"rasmussen1989",6043
"reisborg1994",6044
"ryghndf",6045
"salinnd",6046
"sarauw1923",6047
"schonbeck2002",6048
"serning1960",234
"simonsson1972",234
"spirgis2007",234
"stjernquist1951",234
"stolpe1927",234
"tillvaxten1909",234
"vangpetersen1991b",234
"vedelnda",234
"worsaaenda",234
"bagge2010",321
"englert2007c",321
"callmer1976",321
"dalton1975",321
"elster2007",321
"finley1973",321
"hansen1977",6049
"jansen2015",321
"lie1988",6050
"mikkelsen2006",321
"mitchell1984",6051
"myrvoll1992",321
"ostmo2011",321
"pilo1990",321
"polanyi1944",6052
"rundberget2009",321
"stenvik2003",321
"swedberg2014",321
"wiberg1977",321
"voncarnapbornheim2007",6053
"cohen1997",6054
"fuchtbauer1971",6055
"dejong2010",6056
"kiefferolsen1997",135
"lihammer2007",135
"lindstrom1991",135
"messenburg1972",135
"milthers1916",135
"moberg1994",135
"naum1925",135
"rossmann2000",135
"safran2005",135
"schoeninger2003",135
"vensild1996",135
"vonhejine2004",135
"wagnkilde1996",135
"nordal1938",26
"sigurdur1938",26
"christensen2012",117
"engberg2002",117
"rieck1992",117
"sigurdsson2012",117
"skre2005",117
"soderberg1966",117
"olausson2009",117
"kvhaa1903",234
"bratt1999",6057
"darvill2004",6058
"driscoll2004",6059
"meaney1995",6060
"meaney1997",6061
"olafsson1985",6062
"pantos2002",6063
"pantos2003",6064
"addyman1981",6065
"alcock1963",6066
"bayley1987",6067
"bayley1991",6068
"bayley2008",6069
"benson1911",6070
"blair1991",6071
"boni2003",6072
"clarke1998",6073
"coatsworth2002",6074
"comber2004",6075
"cowgill2009",6076
"dickens2009",6077
"cowie2012",6078
"craddock1989",6079
"daniels1988",6080
"dommasnes1987",6081
"emery2007",6082
"eremin1998",6083
"wilthew2002",6084
"garmonsway1947",6085
"gilmore1980",6086
"griffiths2007",6087
"hall2001",6088
"higham1993",6089
"hinton1990",6090
"hinton1996",6091
"hinton2000",6092
"hinton2003",6093
"hutcheson2009",6094
"kershaw2010",6095
"laing2006",6096
"loken1987",6097
"macgregor1999",6098
"mann1982",6099
"newman1993",6100
"nicholson1997",6101
"omeadhra1987",6102
"oriordain1971",6103
"owencrocker1986",6104
"paterson1997",6105
"paterson2000",6106
"pritchard1991",6107
"radley1971",6108
"seaman2013",6109
"smith1923",6110
"waltonrogers2004",6111
"taylor1987",6112
"thomas2004",147
"thomas2008a",147
"tweddle1986",147
"vince2001",6113
"rogers2007",147
"rogers2014",147
"rogers2016",147
"wastling2009",147
"waterman1959",147
"webster2012",147
"caroline1999",6114
"blank2018",58
"chukhina2015",58
"davydova1999",58
"dzhakson2002",58
"dzhakson1986",58
"glykou2018",58
"gorelov1997",58
"nv2017",58
"gromig2019",58
"jackson2003",58
"jackson2009",58
"khudoley2013",58
"kirpichnikov1984",58
"kirpichnikov2013",58
"knudson2007",58
"lalazarov2012",58
"moiseyev2014",58
"moisio2015",58
"ostman2004",58
"petrenko1985",58
"petterson1995",58
"platonova1996",58
"raffensperger2014",58
"saarnisto1995",58
"sankina2000",58
"sauramo1929",58
"karlgoran1999",58
"subetto1998",58
"zazzo2004",58
"dunfjeldaagard2005",6115
"reymert1980",6116
"arne1909",6117
"bergstol2002",6118
"bohannan1959",6119
"brogger1928",6120
"fjellstriim1962",6121
"ell1990",129
"gullbekk2003",186
"jasinski1998",129
"kopytoff2000",129
"montelius1922",129
"niisstriim2001",129
"ojanlatva2003",129
"yrbyggjasaga1989",129
"sandmo1994",129
"kongesagaer1979",129
"steinsland1989",129
"steinsland1992",129
"steinsland1984",129
"stenberger1971",129
"raffield2015",6122
"byock1998",6123
"fox1974",6124
"palsson1986",6125
"whitelock1976",6126
"alesina1999",6127
"coffe2006",6128
"dcms2002",6129
"doosje1995",6130
"eger2010",6131
"ellemers1997",6132
"ellisdavidson1976",6133
"jans2015",6134
"stewart1991",6135
"korostelina2007",6136
"lindeman1997",6137
"lonnroth2008",6138
"lund1985",6139
"maderer2014",6140
"mcdonald2012",317
"petta1992",317
"putnam2006",317
"rhee1996",317
"sawyer1985a",317
"schjodt2011",317
"smith1997",317
"sosis2006",317
"swann2009",317
"swann2012",317
"tajfel1971",317
"thomas1999",317
"tropp2001",317
"whitehouse2012",317
"whitehouse2014",317
"pantos2004",6141
"holmback1933",6142
"lucas1966",307
"bourke1993",307
"hedeager1994",6143
"hardh1988",307
"kruse2007",307
"lieber1989",307
"miller1986",307
"mullerboyson1987",307
"saunders1995",307
"bagerius2001",6144
"batey2012",6145
"becker2007",6146
"bickerton2015",6147
"grahamcampbell2001h",6148
"bird2000",6149
"blackmore2011",6150
"boothby2004",6151
"bychowski2018",6152
"casey2010",6153
"chagnon1992",6154
"coltrane2006",6155
"connell2000",6156
"connell2005",6157
"crawford2007",6158
"damon2006",6159
"dommasnes2008b",6160
"ember2015",6161
"enloe2017",6162
"erikson1950",6163
"pesch2018",6164
"gilligan1982",6165
"gilligan1990",6166
"gowland2001",6167
"gunnell2013",6168
"haapasalo2000",6169
"halstadmcguire2010b",6170
"handel2007",6171
"hays1982",6172
"higate2005",6173
"hinojosa2010",6174
"hollander1949",6175
"hooper2001",6176
"honwana2006",6177
"howard2000",6178
"kaland2008",6179
"kamp2015",6180
"keith2005",6181
"kimball2013",6182
"knusel2000",6183
"larrington2008",6184
"levine1990",6185
"lewissimpson2008",6186
"lillehammer2010",6187
"macinnes2016",6188
"mcguire2016",6189
"mead1934",6190
"meggitt1977",6191
"mellor2014",6192
"murphy2017",6193
"mygland2010",6194
"hencken1933",6195
"orchard2011",6196
"orme1995",6197
"perkins1972",6198
"preston2014",6199
"raninen2008",6200
"scribner1965",6201
"reynolds1991",6202
"ross2018",6203
"shimahara1970",6204
"soderberg2017",6205
"sofaer2011",6206
"solli2008",6207
"squires2013",6208
"swanton1997",6209
"underwood2006",6210
"varney2000",6211
"weinreich2009",6212
"weisner2015",6213
"weisner1977",6214
"werner1964",6215
"wessells2006",6216
"whaley2009",6217
"whitehouse2017",6218
"woolf2017",6219
"snorres1999",129
"armstrong2000",6220
"a2007a",6221
"barrett1994",6222
"binford1972",6223
"brogger1950",6224
"fuglestvedt2007",6225
"grieg1942",6226
"gunnes1976",6227
"holmsen1939",6228
"ilkjaer2000",6229
"kallhovd1994",6230
"krag1995",6231
"munch1981",6232
"munch2007",6233
"myhre1997",6234
"mollerop1957",6235
"mollerop1971",6236
"parkerpearson1982",6237
"petersen1937",6238
"ronneseth1963",6239
"ronneseth1966",6240
"sandnes1997",6241
"shanks1982",242
"sigurdsson1993",242
"slomann1958",242
"sturlasson1964",242
"stenberger1966",242
"stenvik2005",242
"steuer1989",242
"storli2001",242
"tacitus1977",242
"titlestad1996",242
"thompson1965",242
"appelgrennd",6242
"back2007",6243
"callmer1980",6244
"callmer1986",6245
"carpelan1980",6246
"damell1967",6247
"delort1978",6248
"edgren1999",6249
"ekbo1981",6250
"enqvist2004",6251
"enqvist2006",6252
"floderus1931",6253
"gustavsson2001",6254
"hackman1938",6255
"haggren2005",6256
"hiekkanen2001",6257
"hirviluoto1986",6258
"huurre1987",6259
"huurre1992",6260
"kivikoski1939",6261
"lang1985",6262
"ligi1994",6263
"lind2000",6264
"lind2006",6265
"lind2009",6266
"makarov2006",6267
"morris1999",6268
"raportteja2003",6269
"pimenov1965",6270
"purhonen1992",6271
"purhonen1997",6272
"ryabinin1978",6273
"ryabinin1986",6274
"saksa1985",6275
"saksa1992",216
"schmid1942",216
"silliman2005",216
"stang1981",216
"stein1998",216
"stein1999",216
"stein2002",6276
"syse1987",216
"taavitsainen2004",216
"tomantera1991",216
"tvauri2005",216
"zakharov2004",216
"boe2012",6277
"fjell2005",6278
"goffman1971",6279
"grieg1943",6280
"holtorf2005",6281
"rasmussen2013",212
"anon2011",6282
"bloch1939",6283
"chin2004",6284
"dillmann1996",6285
"hall1984",267
"hilberg2008a",267
"horton2000",6286
"klejn2009",267
"knirk1999",267
"mcgovern2011",267
"mullerwille1996",267
"nordenborgmyhre2001",267
"nosov1998",267
"steuer1990",267
"vollertsen1989",267
"ward2000",267
"wallace2001",267
"willemsen2009",267
"wynnejones2007",267
"tacitus1997",242
"batey1994",6287
"bjornskov2009",6288
"bohnet2008",6289
"bourdieu1986",6290
"brondsted1960",6291
"chartrand2006",6292
"barry2008",6293
"delhey2005",6294
"dohmen2008",6295
"freitag2008",6296
"greif1989",6297
"greif1993",6298
"greif2006",6299
"greif2012",6300
"guiso2008",6301
"haywood1995",6302
"langer2002",6303
"lookofsky2006",6304
"milgrom1990",6305
"nannestad2008",6306
"nunn2011",6307
"olson1993",6308
"ostrom2009",6309
"ozcan2011",6310
"paldam2000",6311
"putnam1993",6312
"putnam2000",6313
"raffield2009",6314
"ramskou1962",275
"rothstein2003",275
"rothstein2005",275
"svendsen2004",275
"svendsen2009",275
"svendsen2012",275
"sorensen1990",275
"traunmuller2011",275
"uslaner2002",275
"uslaner2008",275
"vikings1997",275
"weber2009",275
"williamson1993",275
"aegidius1977",6315
"albrectsen1941",6316
"albrectsen1970",6317
"albrectsen1984",6318
"andersen1987",6319
"andersen1998",6320
"andersen1971",6321
"andersson1972",6322
"andren1994",6323
"arentoft1984",6324
"arentoft1985",6325
"arentoft1993",6326
"arentoft1999",6327
"bartholin1976",6328
"bartholin1974",6329
"becker1982",6330
"bertelsen1991",6331
"bertelsen1992",6332
"binderup1996",6333
"bjerregaard2016",6334
"bjerregaard2017",6335
"christensen1975",6336
"christensen1977",6337
"christensen1999",6338
"christensen2017",6339
"elkjaer2001",6340
"og2001",6341
"fussel2008",6342
"amt1992",6343
"gothche1995",6344
"grandtnielsen1982",6345
"harnow2005",6346
"haupt2006",6347
"henrichsen1968",6348
"henriksen1988",6349
"henriksen2012",6350
"hoff2000",6351
"hohenberg1985",6352
"hohenberg1995",6353
"hojlundnielsen1987",6354
"jacobsen2000",6355
"jacobsson2003",6356
"jeppesen1981",6357
"johannsen1995",6358
"jorgensennda",6359
"juel2010",6360
"kousgardsorensen1969",6361
"krongaardkristensen1998",6362
"krongaardkristensen2016",6363
"langkilde2007",6364
"lauritsen1974",6365
"lauritsennd",6366
"levinnielsen1968",6367
"linaa2016",6368
"lindblom2013",6369
"lundhansen1988",6370
"lundo2012",6371
"madsen1982",6372
"mathiesen1922",6373
"mathiesen1927",6374
"mejdahl1993",6375
"moller2008",6376
"nasman1996",6377
"nielsen1984",6378
"nilsen1990",6379
"nilsson2015",6380
"norgaardjorgensen2002",6381
"nyberg1982",6382
"odman2014",6383
"olesen2014",6384
"olsen1969",6385
"pagh2016",6386
"petersen1987",6387
"porsmose1996",6388
"poulsen2015",6389
"riis1999",6390
"rindel2001",6391
"rosch2013",6392
"runge2016",6393
"runge2017",6394
"sanke2001",6395
"schorring2000",6396
"skaarup1997",6397
"skaarup2005",6398
"smed1962",199
"sonderby1988",199
"stenak2005",199
"tarup1934",199
"thrane1996",199
"trap1957",199
"ulriksen2016",199
"ulriksen2014",199
"vraengmosejensen2017",199
"weber1958",199
"zeeberg2000",199
"zinglersen2004",199
"callmer1990",118
"mccormic2001a",118
"halcrow2008",6399
"loyn1977",6400
"bakka1978",6401
"davis1992",6402
"granovetter1985",6403
"gudeman1986",268
"gudeman2001",268
"herschend1980",268
"hirsch1987",268
"lie1997",268
"lunden1972",268
"munksgaard1978",268
"naumann1987",268
"sawyer1989",268
"wilk1996",268
"zafirovski2001",268
"adey2014",6404
"andrushko2011",6405
"beardsley1955",6406
"bergerbrant2007",6407
"binford1980",6408
"bollig1987",6409
"ceruti2004",6410
"cresswell2012",6411
"eerkens2014",6412
"font2012",6413
"frankopan2015",6414
"frei2017",6415
"frobeniusnd",6416
"frobeniusnda",6417
"garnett1945",6418
"gleirscher2004",6419
"greenblatt2010",6420
"gronenborn1999",6421
"heberle1938",6422
"helms1994",6423
"hermes2018",6424
"huntington1996",6425
"jockenhovel1980",6426
"jockenhovel1991",6427
"jockenhovel1995",6428
"jockenhovel1994",6429
"kaufmann2004",6430
"kelly1992",6431
"kelly1995",6432
"kimmig1958",6433
"kootker2016",6434
"krause1988",6435
"lee1966",6436
"ling2014",6437
"lippert2007",6438
"maixner2013",6439
"marshall2015",6440
"melheim2018",6441
"murdock1967",6442
"neaher1979",6443
"neipert2006",6444
"nerlich2009",6445
"oelze2011",6446
"pernter2007",6447
"plomp2017",6448
"podolny2005",6449
"reiter2014",6450
"reiter2015",6451
"schadelindig2003",6452
"scharlotta2018",211
"scheeres2014",211
"shellar2018",211
"sjastaad1962",211
"stewart2017",211
"tipple2013",211
"vandersanden1996",211
"vandkilde2007",211
"veblennd",211
"welsweyrauch1988",211
"wendrich2008",211
"white2009",211
"beck2013",127
"blindheim1954",127
"chase1997",127
"enright1988",127
"eriksen2002",127
"gansum2018",6453
"gjerpe2016",127
"meulengrachtsorensen2003",127
"myhrend",127
"nicolaysenndo",127
"sala2008",127
"skyllberg2008",127
"talma1993",127
"warner1987",127
"polanyi1957",268
"swedberg1992b",268
"anderson1998",6454
"asbjornsen1914",6455
"astveit2007",6456
"bangandersen2004",6457
"barth2016",6458
"bjorvand2000",6459
"bjorgo2016",6460
"callanan1906",6461
"christensen1986",6462
"christiend",6463
"vsnd",6464
"clark1975",6465
"derocher2000",6466
"domanska2006",6467
"einbu2005",6468
"finstad2010",6469
"fjellheim2005",6470
"frostatingslova1994",6471
"gibson1979",6472
"giese2013",6473
"gulatingslovi1969",6474
"hansen2005",6475
"hodder2011",6476
"hofseth1980",6477
"hoyer2015",6478
"indrelid2007",6479
"ion1989",12
"jordhoy2013",12
"jordhoy2005",12
"jordhoy2012",12
"lagaboters1979",12
"martinsen2016",12
"molmen1988",6480
"ryd2014",12
"roed2014",6481
"roed2015",12
"spiess1979",12
"vorren1944",12
"wammer2007",12
"weber2007",12
"wiberg1987",12
"rundkvist2014",6482
"carlsson2012a",6483
"clareus1999",6484
"conyers2007",6485
"conyers2010",6486
"damiata2013",6487
"daniels2004",6488
"david2008",6489
"gahrn1988",6490
"goodman1993",6491
"goodman2013",6492
"grasmueck2005",304
"hjulstrom2014",304
"hjulstrom1920",304
"ilisch2004",304
"karlsson2008",304
"larsson1987",304
"leckebusch2003",6493
"lindqvist2000",304
"malmer1982",304
"neubauer2002",6494
"nordenskjoldnd",304
"novo2010",304
"novo2012",304
"poscetti2013",304
"stenberg2006",304
"sundquist2013",304
"viberg2012",304
"urry2007",211
"armstrong1953",6495
"bates2000",6496
"bates2007",6497
"bayer2011",6498
"benedetti2011",6499
"berendsen2000",6500
"bird2010",6501
"bird1985",6502
"bristow2003",6503
"bristow2006",6504
"brivio2000",6505
"brown1997",6506
"burke2008",6507
"butzer1982",6508
"clemmensen2010",6509
"darwin1990",6510
"declercq2012",6511
"fatimarossetti2009",6512
"smedt2011",6513
"denham2008",6514
"deroin2011",6515
"dincauze2000",6516
"doneus2008",6517
"donoghue1988",6518
"embleton1970",6519
"chng2004",6520
"fairbridge1985",6521
"fitch2005",6522
"french2005",6523
"gabler2013",6524
"gaffney2008",6525
"harari1996",6526
"hickin2009",6527
"hodgson1976",6528
"howard2008",6529
"ilves2009",6530
"ilves2012",6531
"jensen1999",6532
"jongmans2007",6533
"kneisel2008",6534
"komar1998",6535
"lasaponara1995",6536
"leopold2010",6537
"linford2006",6538
"lunt2005",6539
"luo2012",6540
"mansfield2007",6541
"mcgraw2014",6542
"mchugh1988",6543
"nau2004",6544
"neal2002",6545
"neubauer2001",6546
"neubauer2004",6547
"proschdanielsen2006",6548
"proulxmcinnis2013",6549
"ramberg2008",6550
"rapp2006",6551
"saey2013",6552
"schrott2008",6553
"short2004",6554
"siart2008",6555
"soil2006",126
"syvitski1995",126
"tamura2012",126
"taylor1996",126
"trinks2015",126
"vandam2012",126
"wegmann2012",126
"weston2001",126
"wilkinson2003",126
"yoshiki2005",126
"dommasnes1992",208
"enright1995",208
"hornfuglesang1989",208
"kaliff2004",208
"koktvedgaardzeiten1997b",208
"larsson2005",208
"rosengren2007",208
"eriksen1991",116
"fern2012",116
"kirkup2006",116
"nasstrom1999",116
"sanmarknda",6556
"sanmark2006",6557
"koivisto1996",6558
"leppaaho1936",6559
"sarasmo1961",6560
"sarkki1976",6561
"cleve1948",6562
"drobin1991",6563
"hirviluoto1976",6564
"honko1960",6565
"huntington1979",6566
"huurre1990",6567
"karvonen1998",209
"keskitalo1950",209
"kitzler2000",209
"kivikoski1961",209
"kivikoski1963",209
"lehtosalohilander1988",209
"mandel2003",209
"oestigaard2006",209
"paulaharju1924",209
"purhonen1998",209
"palsi1938",209
"sarkkiisomaa1986",209
"sjoberg1994",209
"tarlow1999",209
"wickholm2005",209
"tacitus1960",208
"graslund1973",208
"randsborg1984",208
"stjernquist1989",208
"blinkhorn1999",236
"brather1996",236
"c2006d",236
"filipowiak1993",236
"soren2002",236
"jankuhn1956",236
"janssen1987",236
"kirpichnikov1997",236
"ohlsson1976",236
"sawyer1977",236
"warnke1992",6568
"bjornstad2010",6569
"bjornstad2012",6570
"brandt2011",6571
"excoffier2010",6572
"flodin1989",6573
"forster2003",6574
"halinen2013",6575
"hartnup2011",6576
"hedman2015",6577
"hofreiter2001",6578
"hufthammer2011",6579
"komber1987",6580
"librado2009",6581
"loftsgarden2017",87
"luik2015",87
"munch1998",87
"olivieri2014",87
"roed2008",87
"roed2011",87
"roed2018",87
"rytter1997",87
"rytter2007",87
"schia1986",87
"skogland1980",87
"star2018",87
"wandeler2007",87
"marstrander1932",281
"megaw1950",281
"moore1900",281
"shetelig1925",281
"shetelig1945",281
"shetelig1954",281
"whitelock1967",281
"wilson1974",281
"sorensen1988",126
"arnorsdottir1973",6582
"blackburn2009",6583
"bourdieu1990b",6584
"dalton1977",6585
"ed1984a",6586
"gustin1996",6587
"hedegaard2002",229
"heijne2004",229
"horsnaes2000",229
"kazanskij2007",229
"kromann1985",229
"metcalf1997",229
"mikkelsen2001",229
"north1990",6588
"odeback2009",229
"pertznd",229
"ed1905",229
"vinsrygg1975",229
"schia1989",87
"bertran1991",6589
"cammas1994",6590
"cammas1995",6591
"cremaschi2010",6592
"fitzpatrick1993",119
"galinie2004",119
"loveluck2001",119
"maixner2010",119
"de1997",119
"nicosia2014",119
"schiegl1996",119
"verslype2004",119
"wouters2013",119
"ballantyne1994",6593
"ballantyne1999",6594
"bauge1980",6595
"brandnd",6596
"heggstad1975",6597
"indrebo1936",6598
"jakobsen1936",6599
"mackie2002",6600
"mccullough2000",6601
"nymoen1995",6602
"nymoen1997",6603
"ogrady2008",6604
"paton2011",6605
"palsson2003",6606
"bruce1908",6607
"cant1975",6608
"cleasbynd",6609
"js1914",6610
"coolen2011",6611
"crawford1984",6612
"dodgson1972",6613
"donaldson1958",6614
"edmondstonnd",6615
"fellowsjensen1996",6616
"greignd",6617
"stewart1987",6618
"solvara2002",6619
"waugh2005",217
"westerdahl2004",217
"westerdahl2004a",217
"zoega1910",217
"peel2009",217
"riisoy2013",217
"ringstad2006",217
"ritchie1997",217
"sanmark2011",217
"schlyternd",217
"barabasi1999a",6620
"freke1992",281
"knappett2025",6621
"omgard1980",6622
"taebringmikkelsen1986",6623
"coggins1967",6624
"behrenlubchin1965",6625
"ystadtankbaten1976",6626
"brughmans1989",6627
"worldcatbuttler1991",6628
"cheng2006",6629
"krause2000",6630
"dress2007",6631
"fitzhugh2000a",6632
"forster2006",6633
"gen2008",6634
"graham2006",6635
"hage1991",6636
"isaksen2008",6637
"worldcatjohansen2004",6638
"klincewicz1998",323
"worldcatkorte2006",323
"labianca2006",323
"lebecq2007",323
"minoux1989",323
"crossrefmizoguchi2009",323
"batagelj2005",323
"randall2001",323
"randall1994",323
"worldcatschofield2005",323
"worldcatsindbaek2010",323
"terrell2010",323
"young2006",323
"valente2005",323
"vince2005",323
"bayley2007",223
"bech2011",223
"edwards1999",223
"escher1976",223
"higgins1966",223
"ingstad1985",223
"jackson2000",223
"jackson1978",223
"jordan1980",223
"linderothwallace2006",223
"ere2002",223
"morgan1975",223
"rasmussen2010",223
"roussel1941",223
"stonge2000",223
"burstom1993",229
"london1990",6639
"michelmerch1972",6640
"batey1987",6641
"brown2003",6642
"buttler1989",6643
"buttler1991",6644
"crumlinpedersen1984",6645
"driscoll2002",6646
"henry1945",6647
"henry1952",6648
"hubbard1989",6649
"khvoshchinskaya2007",6650
"lane2007",6651
"maclaren1974",6652
"mann1984",6653
"may1948",6654
"mills2007",6655
"osullivan1970",6656
"pearson2001",6657
"rollason2004",6658
"santi2005",6659
"sharples2003",6660
"sidebottom2000",6661
"wallace1981",6662
"wallace1985",6663
"pirenne1938",119
"meier2001",6664
"cabot2004",6665
"ahlen1994",6666
"collen2011",6667
"devries1961",6668
"duwel2001",6669
"eriksson1991",6670
"gelting2000",6671
"gren2003",6672
"gustavson1995",6673
"hafstrom1962",6674
"iversen2004",6675
"kallstrom2012",6676
"krovel2001",6677
"lamm2006",6678
"lindkvist1979",6679
"ljung2001",6680
"lagaboters1915",175
"mejsholm1954",6681
"nasman2008",6682
"nelson2013",6683
"norseng1987",6684
"peterson2007",6685
"peterson2012",6686
"stahle1969",6687
"ringstad1989",6688
"ronneseth1975",6689
"selinge1980",6690
"sturluson1995",6691
"stahle1956",110
"stahle1958",110
"struck1990",110
"sundqvist2016",6692
"taranger1913",110
"vikstrand2015",110
"vogt2010",110
"williams1996",110
"winberg1985",110
"zachrisson2002a",110
"aitchson1994",6693
"bagge1989",6694
"ballantyne1999a",6695
"bartlett1994",6696
"brink2003",6697
"brynjulfurnd",6698
"dndiplomatariumnorvegicumnd",6699
"driscoll1998",6700
"driscoll2000",6701
"flatman2010",6702
"fornsok2012",6703
"fridriksson2004a",6704
"wollett2004",6705
"damiata2005",6706
"gelling2000",104
"gilchrist1995",104
"glass2011",104
"glick2005",104
"groenewoudt2009",104
"gustafsson2001",104
"hebede1968",104
"hellquist1980",104
"henriksen2001b",104
"higham1992",104
"holm2009",6707
"iversen1956",104
"kulikowski2005",104
"larsson1995",104
"goff1988",104
"liebermann1913",104
"mehler2012",104
"moore2005",104
"narmo1996",175
"oosthuizen2011",104
"rippon2004",104
"rygh1907",104
"samdal2008",104
"simonsson1984",104
"staf1935",104
"stocking2000",104
"vesteinsson2011",104
"akureyri2001",104
"vestergaard1988",104
"warner1988",104
"widgren1986",104
"skorokhod2017",306
"smolichev1926",306
"stankevich1962",306
"skorokhod2018",306
"sytyi2006",306
"heid2008",6708
"axboe1991",6709
"bakka1981",6710
"bursche2002",6711
"boe1923",6712
"cipolla1956",6713
"dyhrfjeldjohnsen2013",6714
"engeler1991",6715
"fonnesbechsandberg1985",6716
"fonnesbechsandberg1988",6717
"fonnesbechsandberg1989",6718
"frimannslund1966",6719
"gemici2015",6720
"graeber2011",6721
"guest2008",6722
"hagland1994",6723
"herschend1987",6724
"herschend1991",6725
"humphrey1985",6726
"ingham2004",6727
"innes1913",6728
"innes1914",6729
"kilger2015",6730
"klang2013",6731
"kallstrom2010",6732
"leeper1933",6733
"meikle1994",6734
"munch1956",6735
"munksgaard1956",6736
"naismith2012",6737
"painter2013",6738
"pare2013",6739
"rau2013",6740
"rovelli2012",6741
"ruthstrom1993",6742
"schacht1949",6743
"scull1990",6744
"steuer2013",6745
"stormndd",6746
"voss1955",219
"wray1999",219
"zelizer1994",219
"zimmermann2003",219
"ashby2012",6747
"blehr1973",6748
"clarke1988",6749
"donaldson1981",9
"edwards1997",9
"hunter1982",9
"hunter1989",9
"kjoshanssen1973",9
"macgregor1983",9
"meiri2013",9
"morris1985",9
"smirnova2005b",9
"solazzo2011",9
"sommer2009",9
"sykes2011",9
"wasser2008",9
"biggs2014",6750
"bjordal2017",6751
"bradley1991",6752
"collis1995",6753
"dumville1977",6754
"feldman1975",6755
"fulk2014",6756
"grant1986",6757
"green1965",6758
"gutsmiedlschumann2018",6759
"gothberg2018",6760
"hall2006",6761
"heaney2001",6762
"heinertz1925",6763
"hodder1976",6764
"hardh2002",6765
"ilkjaer2001",6766
"imer2010",6767
"indrebo1932",6768
"jorpeland2018",6769
"klaeber1950",6770
"klaeber2014",6771
"lindkvist2003a",6772
"ljungkvist2017",6773
"malmros1999",6774
"malone1962",6775
"neidorf2013",6776
"neidorf2014",6777
"neidorf2017",6778
"nerman1942",6779
"niles2007",6780
"nasman1999",6781
"osborn2007",6782
"ostmo2018",6783
"pilo1993",6784
"pohl2009",6785
"rau1955",6786
"reichert1987",6787
"reichert1990",6788
"rix2015",6789
"sawyer1991",6790
"schlesinger1965",6791
"schnetz1990",6792
"scull2016",6793
"seiler2018",6794
"steuer2006",6795
"sundqvist2018",6796
"svennung1974",6797
"sorensen1982",6798
"talbot1954",6799
"taranger1934",6800
"teigen2007",6801
"wikborg2018",6802
"wolfram1971",33
"wolfram2008",33
"wolfram2009",33
"wolfram2011",33
"wood1994",33
"wood1977",33
"aarsleff1955",233
"fuglesang1985b",233
"cunliffe2002",66
"edwards1917",66
"espelund2013",66
"frank1998",66
"harding2013",66
"harris2003",66
"holm2005",66
"metcalf1995",66
"trakadas2014",66
"tschan2002b",66
"vosmer2014",66
"uws2004",219
"wray2004",219
"ahmad2006",6803
"aikawafaure2009",6804
"ankersmit2009",6805
"ashworth2007",6806
"bender1993",6807
"bender2007",6808
"m2002",6809
"bhaskar1989",6810
"binford1962",6811
"bohm2001",6812
"bohm2008",6813
"w2006",6814
"braudel1949",6815
"braziel2003",6816
"carman2002",6817
"chakrabarty2009",6818
"cheape2009",6819
"clark1936",6820
"clark1954",6821
"crossland2005",6822
"crutzen2002",6823
"dawdy2009",6824
"dixon2005",6825
"domanska2009",6826
"domanska2010",6827
"durkheim1904",6828
"dybdahl2010",6829
"eagleton2000",6830
"edgeworth2010",6831
"t2006",6832
"flannery1973",6833
"foley2005",6834
"fraiture2010",6835
"fraiture2009",6836
"fraser2000",6837
"fraser2001",6838
"fukuyama2002",6839
"gibbon1989",6840
"grosjean2007",6841
"hacking1999",6842
"haraway2008",6843
"harman2010",6844
"harrison2009",6845
"hodder1987",6846
"hodder1999",6847
"holmberg2008",6848
"holtorf2007",6849
"holtorf2011",6850
"hyenstrand1988",6851
"jenkins2004",6852
"jong2008",6853
"kirshenblattgimblett1994",6854
"kirshenblattgimblett2004",6855
"kolen2009",6856
"kotchen2007",6857
"kristiansen2002",6858
"kurin2004",6859
"labinger2001",6860
"lakatos1973",6861
"latour1993",6862
"latour2003",6863
"latour2005h",6864
"levistrauss1962",6865
"lowenthal1985",6866
"madsen1900",6867
"mason2000",6868
"moberg1977",6869
"mullerndc",6870
"mullerndd",6871
"nilsen2003",6872
"nummedal1912",6873
"nussbaum1999",6874
"naess1973",6875
"oestigaard2004",6876
"oestigaard2007",6877
"olsen1986",6878
"olwig2001",6879
"parkerpearson2006",6880
"parkin1999",6881
"partner2009",6882
"periman2006",6883
"petersennd",6884
"pickering1993",6885
"pickering1994",6886
"piotrowski2006",6887
"pollard1998",6888
"rorty1989",6889
"rose2007",6890
"ruddiman2003",6891
"ruddiman2005",6892
"samuel1994",6893
"sanden2008",6894
"schanche1983",6895
"schwandt1994",6896
"serres1995",6897
"shanks2010",6898
"skolimowski1974",6899
"skounti2009",6900
"sloterdijk2009",6901
"smail2007",6902
"snow1959",6903
"snow1966",6904
"solli1989",6905
"spiegel2009",6906
"steinberg2002",6907
"stotz2008",6908
"svestad1995",6909
"terrill2008",6910
"todorov1993",6911
"tvedt2010",6912
"waterton2006",6913
"watson1971",6914
"weisman2007",6915
"welinder1986",6916
"white1949",245
"white1959",245
"willey1958",245
"wolfe2010",245
"zalasiewicz2008",245
"zalasiewicz2010",245
"blindheimnd",204
"ka1999",204
"ka1995",204
"almgren1904",6917
"eibl2005",324
"ernst1989",6918
"faull1976",324
"zielonka1957",324
"zydok2004",324
"bergsveinn2007",33
"granzweig2018",33
"harding1977",138
"mullerwille1987",138
"murphy2008b",6919
"pettersson1991",138
"duwel1995",138
"souers1937",235
"becker1973",6920
"keay2014",6921
"evans2015",6922
"stott2018",6923
"kjaer2018",6924
"trier2019",6925
"guyot2018",6926
"rizaldy2018",6927
"colgan2012",6928
"liu2017",6929
"meng2012",6930
"jain1997",6931
"chen2014",6932
"breiman2001",6933
"belgiu2016",6934
"strobl2009",6935
"flemming2007",6936
"rosenkranz2015",6937
"vennersdorf2017",6938
"mitchell1988",6939
"vanderwalt2014",6940
"illingworth1987",6941
"cerrillocuenca2017",6942
"schubert2017",6943
"ester1996",6944
"freeland2016",6945
"trier2009",6946
"kvamme2016",6947
"verdonck2016",6948
"lewis1995",6949
"bryant1987",6950
"guisan1999",6951
"korsgaard2004",6952
"dereu2013",6953
"riley2017",6954
"knudsen2012",6955
"jakobsen2017",6956
"andersen1992",6957
"pedregosa2011",6958
"steffensen2014",6959
"marmol2004",6960
"tsai2008",6961
"andreasen2016",6962
"french2010",6963
"grieve1992",6964
"french2018",6965
"davis2019",6966
"lambers2016",6967
"traviglia2016",6968
"lambers2019",6969
"trier2016",6970
"zingman2016",6971
"verschoofvandervaart2019",6972
"zhu2006",6973
"benediktsson1997",6974
"sevara2018",6975
"fortidsminder2018",6976
"petersen2015",6977
"biermann2016",115
"harck1986",115
"overgaard2016",115
"harck1990",115
"hoy1991",115
"wu2016",115
"certini2013",115
"zhang2018",115
"silburt2019",115
"hanson2012",115
"cowley2012",115
"sevara2013",115
"jonsson2007",6978
"saxe1970",138
"blochnakkerud1994",175
"blom1991",175
"christophersen1974",175
"frostatingslovahagland1994",175
"indrelid1988",175
"jouttijarvi1991",175
"loftsgarden2011",175
"lyngstrom2009",175
"mjaerum2007",175
"pilo2013",175
"pilo2012",175
"pleiner1989",175
"bagge2008",6979
"brink2008ag",6980
"ekrem1998",6981
"evenstadnd",6982
"gundersen2016",6983
"gunnarsdottir1999",6984
"hoeg1996",6985
"hougen1930",6986
"jacobsen2005",6987
"jordhoy2007",6988
"larsen2009",6989
"magnus2005",92
"moen1998",92
"orning2008",92
"ostrom1990",92
"risbol2005",92
"saetren2011",92
"salvesen1969",92
"sevatdal1985",92
"solem2004",92
"stenseth2005",92
"ruralia2005",92
"wangen2006",92
"jorgensen1986",204
"alsleben2009",6990
"andreasson2010",6991
"behre1976",6992
"behre1978",6993
"billing1998",6994
"bjorkman2007",6995
"eggen1991",6996
"farrar1998",6997
"fredskild1971",6998
"fruergaard2005",6999
"gleason1994",7000
"greig1996",7001
"harild2007",7002
"heimdahl2009",7003
"heimdahl2010",7004
"helbaek1958",7005
"henriksen2008",7006
"hjelmqvist1963",7007
"holmboe1927",7008
"jacomet1988",7009
"jensen1979",7010
"karg2007",7011
"karg2010",7012
"karg2012",7013
"karg2002",7014
"kirleis2011",7015
"knorzer1999",7016
"kolstrup2009",7017
"korbergrohne1987",7018
"kroll1986",7019
"kroll1987",7020
"kroll2007",7021
"lageras2003",7022
"lange1997",284
"lundquist2006",284
"moffett2006",284
"moltsen2005",284
"moltsen2009",284
"nielsen2010",284
"pettersson2002",284
"ramskou1974",284
"regnell2001",284
"strank2008",284
"tollin2005",284
"vanderveen2005",284
"stene2014",92
"berg1983",7023
"berglund2015",7024
"bjorkbom1907",7025
"cabouret1989",7026
"emanuelsson2001",7027
"erixon1918",7028
"erixon1956",7029
"frodin1925",7030
"hellstrom1917",7031
"indrelid1994",7032
"kvamme1988",240
"lofgren1982",240
"marsden2005",240
"montelius1977",240
"nyman1952",240
"olsson1998",240
"prescott1995",7033
"sandnes1989",240
"sandnes1991",240
"schug2010",240
"styhre2013",240
"svensson2015",240
"wennersten2002",240
"whatmore2002",240
"asc1961",7034
"baker2010",7035
"bjornskov2013",7036
"blackburn2014",7037
"blair2014",7038
"campbell1986",7039
"congleton2015",7040
"faith2014",7041
"freudenthal1944",7042
"gillingham1989",7043
"gundlach2019",7044
"hendrickson2018",7045
"hillman2019",7046
"hobbesnd",7047
"keynes1986",7048
"konrad2012",7049
"lambert2017",7050
"lawson1984",7051
"lawson2014",7052
"leeson2007",7053
"miller2014a",7054
"mostert2014",7055
"olson1965",88
"olson2000",88
"ormrod2000",88
"pelteret2014a",88
"piano2019",88
"powell2009",88
"salter2015",88
"spejlborg2016",88
"vahabi2011",88
"vahabi2016",88
"wareham2012",88
"whitelock2007",88
"yorke2014b",88
"young2016",88
"young2018",88
"adam1917",7056
"grammaticus1979",7057
"bruunnd",7058
"brogger1937",7059
"isleifsson2011",325
"keegan1987",325
"references2006",325
"einarsson2007",325
"rafnsson1990",325
"rockman2010",325
"steele2003",325
"sigurgeirsson2013",325
"smith2005",325
"sveinbjarnardottir1992",325
"vilhjalmsson1989",325
"walter2010",325
"thorarinsson1943",325
"thorarinsson1977",325
"thordarson1909",325
"lenzen2012",7060
"frachetti2017",7061
"hoffmann2002",7062
"orton2011",7063
"gohring2016",7064
"sundby2008",7065
"opdal2010",7066
"nedkvitne2016",7067
"pauly1995",7068
"jackson2001",7069
"lotze2009",7070
"nielsen2017",7071
"arndt2003",7072
"boessenkool2009",7073
"schroeder2015",7074
"kayser2011",7075
"bradbury2013",7076
"knutsen2010",7077
"selkoe2016",7078
"hutchinson2015",7079
"bradbury2010",7080
"hemmerhansen2013",7081
"sodeland2016",7082
"berg2016",7083
"kirubakaran2016",7084
"barney2017",7085
"hilberg2014f",7086
"orton2014",7087
"nielssen2016",7088
"wickler2014",7089
"ma2012",7090
"green2009",7091
"jonsson2013",7092
"pinhasi2015",7093
"prinz2007",7094
"boessenkool2017",7095
"carpenter2013",7096
"speller2012",7097
"moss2014",7098
"olafsdottir2014",7099
"grealy2016",7100
"nikulina2016",7101
"moss2016",7102
"hoffmann2004",7103
"kirkpatrick2010",7104
"hutchinson2001",7105
"arnason2015",7106
"sorheim2016",7107
"wright2006",7108
"skjaeraasen2011",7109
"barth2017",7110
"knutsen2003",7111
"jorde2007",7112
"neuenfeldt2013",7113
"nielssen2009",7114
"schmolcke2004",7115
"barrett2015",73
"cooper2000",73
"star2016",73
"schubert2014",73
"lindgreen2012",73
"star2011",73
"torresen2017",73
"li2009",73
"mckenna2010",73
"purcell2007",73
"korlevic2015",73
"damgaard2015",73
"alt1998",7116
"anz1998",7117
"arcini1991",7118
"boylstone2000",7119
"brather2009",7120
"carlsson1990",7121
"duwel1987a",7122
"ebel1987",7123
"finucane2008",7124
"floderus1927",7125
"garve2011",7126
"harke2003",7127
"hoffmann1989",7128
"kattinger1999",7129
"kjellstrom2014",7130
"kunzler1999",7131
"kyhlberg1991",7132
"kyll1964",7133
"lykiardopoulos1981",7134
"malarstedt1979",7135
"milner1991",7136
"mortagua2006",7137
"onasch1981",7138
"philpott1991",7139
"pettersson1966",7140
"molina1970",7141
"ruprecht1958",7142
"salin1952",7143
"sandholm1965",7144
"g2000",7145
"staecker1997",7146
"staecker1998",7147
"staecker2000",7148
"stewart1944",7149
"stewart1946",7150
"svahnstrom1984",7151
"thunmarknylen2004",7152
"taylor2008",7153
"vukovic2009",195
"westholm1989",195
"wilke1931",195
"wilson1992",195
"yrwing1992",195
"yrwing1994",195
"zipp2010",195
"abels2003",148
"ager2008",148
"valante1998",148
"naismith1995",148
"danecek2011",73
"adams1981",7154
"ayres1985",7155
"barnosky2004",7156
"binford1997",7157
"brandner1998",7158
"catton1980",7159
"cooke1931",7160
"culbert1988",7161
"dalan1997",7162
"dalton2000",7163
"diamond1968",7164
"flenley2002",7165
"flenley1984",7166
"hughes1975",7167
"jacobsen1958",7168
"jevonsnda",7169
"kirch1984",7170
"lopinot1985",7171
"mccoy1976",7172
"malthusnd",7173
"meggers1954",7174
"milner1990",7175
"mulloy1970",7176
"phillips1979",122
"ponting1985",122
"rees2004",122
"rescher1978",122
"sanders1962",122
"sanders1963",122
"sheets1999",122
"steadman1989",122
"steadman1995",122
"steadman1994",122
"tainter2000",122
"turner1974",122
"vanandel1990",122
"vantilburg1994",122
"banfield1974",7177
"m1962",7178
"cleland1973",7179
"corbeil2000",264
"fitzhugh1994",264
"harp1975",264
"laeyendecker1993",264
"laver1983",264
"lee1968",264
"maryrousseliere2002",264
"mccartney1973",264
"meldgaard1962",264
"myrvoll1985",264
"odess2000",264
"bstergard1948",264
"park1951",264
"plumet1982",264
"ellesmere2000",264
"brandt2012",299
"hardt2003",7180
"kramer1984",212
"schwank2013",212
"blackburn1986",148
"kershaw2023",148
"redknap2003",148
"wallace2015",148
"reuter1992",148
"redknap2009",148
"blackburn2006",148
"agersnaplarsen2011",212
"schovsbo2013",212
"felixnd",7181
"aspeborg2005",7182
"birddavid1999",7183
"bullough1983",7184
"burnell1999",7185
"cannon1989",7186
"chandler2010",7187
"effros1997",7188
"einsenschmidt2004",7189
"gibbon2007",7190
"halsall1995a",7191
"hamilton2006",7192
"harvey2006",7193
"thorlaksson1978",7194
"gestsdottir1998",7195
"innes2000",7196
"jochens1999",7197
"lastovicka2013",7198
"marshall1950",185
"patterson1982",185
"prothero2002",185
"radin1986",185
"shapland2012",185
"steinunnkristjansdottir2004",185
"stocker1993",185
"stromback1975",185
"zugaiar2012",185
"geolog1947",7199
"hagberg1967",7200
"hagberg1961",7201
"holmberg1969",7202
"lamm1995",7203
"hamilton2007",7204
"hamilton1996",7205
"hamilton2008",7206
"karlsson2005",7207
"olson2004",7208
"wernerson1996",7209
"annuswer2003",7210
"annuswer2007",7211
"annuswer2002",7212
"arrhenius2011a",7213
"jorpeland2008",7214
"jorpeland2003",7215
"brereton1987",7216
"brink1987",7217
"calissendorff1966",7218
"capelle1995",7219
"carlie2009",7220
"damell2007",7221
"eliade1991",7222
"ericsson2008",7223
"fritsch2004",7224
"hedblom1958",7225
"hedman1989",7226
"holmqvist1980",7227
"hultgard1996",7228
"karlenby2007",7229
"karlsson2007",7230
"lindkvist2007",7231
"lindqvist1910",7232
"lindstromnd",7233
"hansen2011",7234
"lundholm1947",326
"nordberg2011",326
"nordberg2008",326
"olsson1993",326
"petre2011",326
"schovsbo1987",326
"stjernquist1962",326
"stjernquist1967",326
"stahle1946",326
"vonsydow1978",326
"wessen1923",326
"victor2005",326
"widengren1969",326
"vikstrand2011",7235
"zachrisson2009a",326
"orsnes1964",326
"ehrlich1968",122
"ambrosiani1957",7236
"arnbrosiani1981",7237
"arbmann1940",7238
"backstom2008",7239
"backstrom2003",7240
"bengtzon2001",7241
"booth2008",7242
"floden1993",7243
"friberg1998",7244
"harim2003",7245
"henkel2004",7246
"holmquistolausson1982",7247
"hyenstrand1991",7248
"icomos1993",7249
"kristiansson1996",7250
"lindqvist1928",7251
"linford2010",7252
"lyatski2004",248
"masters1998",248
"mellinnd",248
"nerman1918",248
"olsson2006",248
"riksantikvarieambetet2007",248
"stavrum1997",248
"stolpende",248
"trinks2012",248
"trotzig1993",248
"wahlander1998",248
"wedmark1999",248
"fridriksson2015",185
"kershaw2015",185
"magnus2009",248
"williams2017",7253
"hart1995",327
"brodersen1967",7254
"eksnd",7255
"nielsenadamsen1991",7256
"feveile1948",7257
"beretninger1997",7258
"andersen1943",7259
"andersenklindtjensennielsen1970",7260
"nielsen1943",7261
"christensen1982",7262
"lindqvist1920",7263
"beretningved1998",7264
"madsen1994",7265
"orsneschristensen1955",7266
"albrectsen1951",7267
"ottaway2004",7268
"adamsen2003",7269
"albrethsen2003",7270
"andersen1970",7271
"axboe1989",7272
"baeksted1972",7273
"christensen1928",7274
"christoffersen1987",7275
"cosack2005",7276
"ethelberg1986",7277
"grambo1999",7278
"hansen2009",7279
"hansen1995",7280
"hultgard1999",7281
"hoj2004",7282
"jennbert2002a",7283
"jensen1998",7284
"lindqvist1921",328
"lyngstrom1989",328
"neergaardnd",328
"nerman1917",328
"ravn1989",328
"ravn2008",328
"sparrevohn2007",328
"steinsland2000",328
"stoumann2009",328
"ulriksen1999",328
"orsnes1988",328
"sparrevohn2006",328
"sorensen1998",328
"sorensen1993",328
"arcini1999",7285
"beckra2007",7286
"bolender2007",7287
"bolender2010",7288
"braudel1972",7289
"braudel1980",7290
"bynum1995",7291
"chesson2001",7292
"daniell1997",7293
"frioriksson2001",7294
"geake1995",7295
"gejvall1960",7296
"gestsdottir2014",7297
"gilchrist2015",7298
"hadley2010",7299
"halvorsen2008",7300
"harding2005",7301
"joyce2001",7302
"karlsson2004",7303
"mejsholm2008",7304
"meskell1998",7305
"meskell2001",7306
"thorlaksson2005",7307
"rindal1996",7308
"scott2011",7309
"sellevold2004",7310
"sellevold2008",7311
"sewell2005",7312
"sewell1996",7313
"sigurosson2003",7314
"sigurosson2014",7315
"stefansson1975",7316
"stefansson1978",7317
"steffensen1943",28
"steinberg2016",28
"sveinbjarnardottir2001",28
"tsaliki2008",28
"vilhjalmsson1995",28
"zadorario2003",28
"zoega2014",28
"zoega2015",28
"zoega2007",28
"zori2007",28
"beckerchristensen1981",7318
"belford2017",7319
"dobat2005",7320
"dorey1969",7321
"ethelberg2012",7322
"ethelberg2017",7323
"gudeman1900",56
"harck1998",56
"haseloff1937",56
"kramer1992",56
"kramer1995",56
"madsen2008",56
"maluck2017",56
"maluck2016",56
"muller1903",56
"nunn2009",56
"schindel1999",56
"spring2015",56
"witte2018",56
"ambrosiani2003",7324
"arrhenius1978",7325
"berthelon2007",7326
"boytrup2013",7327
"danielsson1973",7328
"glover2003",7329
"culture1985",10
"kingnd",10
"malmer2010",10
"mikkelsen2012",10
"negmatov1999",10
"nicholson2000",10
"noonan1990",10
"rezakhani2010",10
"schumann2011",10
"trotzig1969",10
"witte2017",56
"vangennep1960a",28
"thorgilsson2006",28
"aschehougnd",7330
"benderjorgensen1999",7331
"bjorgo2005",7332
"bjorgo1992",7333
"harrington2008",7334
"kaland1979",221
"lonning1976",221
"mortensen1994",221
"mortensen1997",221
"martensen2006",221
"ramstad1981",221
"tveiten2011",221
"warburg1974",221
"oye1986",221
"oye2010",7335
"beckerlfred1973",7336
"rdh2007",7337
"hauckarl1970",7338
"bertil2004",7339
"hel2011",7340
"herschendrands1996",7341
"er2001",7342
"lars2015",7343
"lars2012",7344
"lars1998",7345
"lars2004",91
"erle1994",91
"vist1925",91
"edith1966",91
"martensir1988",91
"sig2011",91
"bernhard1913",91
"von2000",91
"derberg2005",91
"stephenseorgend",91
"sund2002",91
"thunarknlnlena2006",91
"klevnas2007",100
"rundkvist2007",27
"rundkvist2006",100
"randers1981",85
"ramstad2011",221
"roesdahl1978",328
"beckmanthoor2002",7346
"bolin1999",7347
"damell1971",7348
"damell1999",7349
"damell2000",7350
"dybecknd",7351
"florin1963",7352
"forssander1933",7353
"gumaeliusnd",7354
"gothberg1998",329
"hammar1983",329
"hauptmanwahlgren2002",329
"jensen1997",329
"jonsson1986",329
"lindqvist1912",329
"oldeberg1974",329
"schnell1963",329
"sundqvist1993",329
"vonsydow1926",329
"thedeen2003",329
"wahlfisknd",329
"welinder1990",329
"weiler1999",329
"wigren1987",329
"bjelland2006",292
"carty2005",292
"jansson1962",292
"jeffrey2005",7355
"kitzlerahfeldt2002",292
"kitzlerahfeldt2008",292
"kitzlerahfeldt2009",292
"manneke1984",292
"mahl1990",292
"oehrl2008",292
"sileniuslarsen2009",292
"snaedal2002",292
"snaedal2005",292
"walderhaug1998",292
"widerstrom2002",292
"bildsteine1941",292
"dating2006",292
"andreeff2012a",27
"backdanielsson2009",27
"goldhahn2008",27
"hoilundnielsen2009",27
"lindgren2008",27
"oestigaard2013",27
"thate2009",27
"thedeen2010",27
"wessman2007",27
"jefrey2005",7356
"clarke2001",252
"dietler1996",252
"erlendsson2009",252
"gestsdottir2001",252
"ottir1989",252
"olafsson1979",252
"palsdottir2008",252
"rosenswig2007",252
"roussell1943",252
"stenberger1943",252
"wiessner2001",252
"samnordiskruntextdatabas2005",7357
"andersson2013",7358
"baug2007",7359
"belmont2011",7360
"bjorck2009",7361
"drobin1986",7362
"ek1993",7363
"elfwendahl2001",7364
"elfwendahl1993",7365
"gumaeliusnda",7366
"hallgren2004",7367
"hallgren2005",7368
"hansson1997",7369
"hedblom1996",7370
"hermodsson2009",7371
"junkelmann1997",7372
"kresten1996",7373
"kresten1998",7374
"kresten1994",7375
"lamm2008",7376
"lantmateriet2013",7377
"larsson2012",7378
"lindalv1980",7379
"lundhansen2011",7380
"lothman2004",7381
"mellquistdanielson2011",7382
"myrdal2003",39
"nilsson1988",39
"olausson2000",39
"persson1997",39
"pettersson1977",39
"pettersson1980",39
"rinnman2013",39
"zachrisson2013",39
"kermode1907",235
"bratt2011",39
"eilersgaardchristensen2011",39
"berg1968",7383
"berglund1991",7384
"bertelsen1979",7385
"bertelsen1995",7386
"bertelsen2005a",7387
"boserup1965",7388
"boserup1981",7389
"brush1987",7390
"vries1974",7391
"hasund1919",7392
"hasund1924",7393
"helle1995",7394
"holm1995",7395
"holm2005a",7396
"holmsen1961",7397
"holmsen1940",7398
"iversen1997",7399
"jirlow1970",7400
"lerche1994",7401
"lunden2004",7402
"martens2009",7403
"munch1966",7404
"myrdal1985",7405
"stockholm1997",7406
"myrdal1999",7407
"orrman2003",7408
"porsmose1981",7409
"porsmose1987",7410
"ramskou1981",7411
"ramskou1975",238
"sandnes1978",238
"schmidtsabo2001",238
"schmidtsabo2005",238
"steensberg1956",238
"svartkristiansen2005",238
"svartkristiansen2006",238
"valensendstad1964",238
"oye2003",238
"oye2005",238
"bergen2011",238
"zachrisson2006",238
"bergstol2003",238
"villages1968",238
"amorosi1996",7412
"andersen1997",7413
"arneborg1993",7414
"christiansen1997",7415
"degerbol1929",7416
"degerbol1936",7417
"degerbol1941",7418
"andrew2009",7419
"einarsson1984",7420
"einarssonbjarni2011",7421
"gardarsdottir2008",7422
"gerstenberger1997",7423
"guy2010",7424
"gwiazda2005",7425
"johannesson1946",7426
"jonsson1930",7427
"kamenov2008",7428
"krahl2010",7429
"ljungqvist2005",7430
"mcgovern2001",7431
"miksic2013",7432
"norlund1930",52
"oomen2002",52
"outridge2003",52
"palsdottir2010",52
"robinson2004",52
"roussell1936",52
"seaver2009",52
"sinclair2007",52
"smiarowski2009",52
"smiarowski2013",52
"stefansson1993",52
"sveinbjornsdottir2004",52
"whitehouse1998",52
"borsheim2001",7433
"clover1986",7434
"coleman2014",7435
"conkey1984",7436
"gero1991",6
"hofseth1999",6
"heernes1984",6
"jochens2002",6
"kershaw1989",6
"laqueur1990",6
"mortensen2004",6
"mundal2014",6
"njalssoga1975",6
"riisoy2016",6
"sanmark2014",6
"sigurdardottir2002",6
"sigurdsson2010",6
"jorgensen1997a",234
"jorgensenndb",7437
"ravn2012a",7438
"zachrisson2004a",7439
"cluniesross1998",7440
"ryan1987",7441
"wilson1955b",7442
"mulk1997",243
"jons1997a",7443
"thunmarknylen2006a",230
"gardelanda",7444
"ljungkvist2011a",192
"ulriksen2011a",7445
"robberstad1937",239
"hagland1978",239
"dyrhaug1981",239
"rigsantikvarensarkaeologiskesekretariat1987",7446
"suchodolski2002",148
"bulska1996",285
"dennis1980a",7447
"killock2008",72
"murphy2008",7448
"goody1986",241
"christensenetal1992",7449
"hungrvaka2002",185
"kjalnesingasaga1959",185
"gulathinglaw1994",20
"ibnfadlan2012",20
"price2006c",110
"pricemortimer2014",91
"neiss2007",230
"askvikresi1984",74
"waterbolk1990",171
"kalmring2010f",182
"kalmring2010g",50
"tomasson1996",120
"simek2006",7450
"westerdahl2010",165
"strinngolm2007",249
"christensen1991b",7451
"larsensorensen2005",7452
"andersenetal1985",7453
"sikora2013",101
"eriksenetal2009",171
"hafsaas2007",171
"esverwers1980",220
"gerrets2012",220
"skre2007b",220
"egebjerghansen1992",156
"egilssaga1888",156
"edvardsson2005b",136
"edvardssonmcgovern2007",136
"macgregoretal1999",136
"magery1958",136
"magnusson1886",136
"alenstampetersson1952",7454
"baastruppetersen2010",7455
"baastrup1990",7456
"petersen1940a",7457
"jensenmoller2009",7458
"wilson1960b",7459
"nielsen2002b",7460
"boguckijagodzinski2012",101
"kulakov2005",251
"kleemann1939b",251
"stankus1995b",289
"forssander1943",7461
"feveile2006a",7462
"riddersporre1989",186
"andersen2009a",186
"fidjestol1994a",239
"gurevich1963",251
"thunmarknylen1995a",251
"junker2003a",251
"kulakov1994a",251
"capelle2003a",208
"ambrosiani1996a",168
"plather2011",168
"ljungkvist2008a",158
"steuer2002a",158
"pedersen2014a",158
"zachrisson2009",39
"wessen1940",39
"skre2013",140
"billig1995a",178
"hate1996",202
"feveile2010a",256
"paterson2002",144
"reimer2013a",117
"stamsomunch1970",7463
"skibstedklaesoe1999",204
"segschneider2016",277
"myrberg2008a",83
"hammarberg1989",276
"harrison2014a",7464
"simms1998",136
"leciejewicz1962",102
"leciejewicz1979",102
"riabinin1994a",288
"ostigard1985",155
"solberg1985a",155
"zachrisson2011a",165
"zachrisson2012a",165
"thorarinsson1981",120
"jankowiak2012",266
"larsson2004a",91
"orton1993",65
"jones2003a",65
"warmind1995a",113
"christensen1983a",171
"boivin2000",265
"vanhouts1999",265
"sofaerderevenski2000a",265
"tringham1994",265
"brinchpetersen2006",217
"harck1997",7465
"ahlinsundman2012",162
"adamofbremen1959",135
"sawyer2006",249
"dersarkissian2013",253
"mulk1991",243
"kitzlerahfeldt2012",37
"stummannhansen2003",161
"price2008b",38
"smallwood2007",7466
"downham2017",7467
"braconi2005",7468
"hadley2016a",7469
"worldhealthorganization2018",7470
"addyman1969",7471
"addyman1972",7472
"ballinsmith1994",9
"wallerstrom1997",81
"ostmo2000",81
"fridriksdottir1991",14
"brondsted1962",148
"adamsgilmour2010",65
"baeksted1952",241
"snaedalbrink1984",241
"morris1892",28
"grandtnielsen1974",199
"norgardjorgensen2011",15
"latour1984",46
"ofloinn2001",7473
"birkedahlchristensen1924",7474
"henriksen1982",7475
"rispling2000",7476
"mollerhansen2000",7477
"roesdahl1986",7478
"wamers1997a",7479
"back1963",7480
"helgesson1987",7481
"jorgensen1980",7482
"jorgensen1980a",7483
"wilson1960a",1
"brondsted1924a",7484
"christiansen1948",179
"christensen1992a",179
"klaesoe1994",179
"klaesoe1995",179
"klaesoe2002",179
"kleingartner2010",179
"mullerwille2005",179
"odell1959",179
"schulke1992",179
"sindbaek2012a",179
"steuer2010",179
"lundhansen1987",179
"vraengmosejensen2008",179
"mullerwille1978a",179
"ocorrain2001",75
"norderang2004a",292
"denooy2005",7485
"snorristurluson1964",110
"larsson1873",7486
"carroll2014",7487
"coleman2014a",7488
"henriksen2013a",7489
"leahy1997a",225
"fischer2008a",190
"arents2010a",272
"voncarnapbornheim2007a",50
"christensen1991a",171
"jacobsen1942a",171
"ambrosiani1994a",165
"holmquist2015",165
"jeppesen1988",165
"risberg1997",165
"vickers1975",165
"hardh2001a",168
"nielsen1999",234
"iaea2006",210
"fagerlund1993a",308
"hammarberg1976",207
"gansum1998",291
"andersen1970a",207
"englert2009",15
"ambrose1999",120
"robinson2006",274
"norrman2008a",26
"karnell2012a",100
"jansson2007",189
"macane2001",269
"vonamira1933",195
"pestell2003",7490
"hanks1989",241
"knappett2008a",200
"rhiel1996",200
"dahlback1984",192
"lundqvist1997a",7491
"jensen1995",203
"faulkes1998",7492
"ingold1988",191
"pahlsson1984",243
"hauksson1972",7493
"roberts2005",136
"bjorklund2015",7494
"bjorklund2014",7495
"ilumae2016",166
"zoega2013",227
"mauritsen1982",277
"richards2000a",174
"gunther2015",194
"blifeld1977a",306
"hellesolesen1992a",131
"snorristurluson1997",16
"rcahms2011",151
"mullermertens1999",203
"grahamcampbell1995a",281
"rogerson1995",7496
"wademartins1980",7497
"williams1979",7498
"emery2007a",7499
"hall1989a",7500
"dodd2003",7501
"cunliffe1977",79
"audouy2009",79
"king1978",79
"carver1978",79
"coggins1983",79
"tylor2005",79
"carver1981",79
"mahony1982",79
"gardiner1990",79
"rogerson1984a",79
"hurst1983",79
"dalwood1992",79
"mainman2000a",79
"loveluck2007a",79
"gould1967",79
"schoknecht1977a",7502
"herrmann2005a",7503
"andersson1994",221
"tacitus1999a",7504
"cannell2016a",7505
"gardela2014a",7506
"hardh2010a",7507
"iversen2015a",7508
"jorgensen2009a",33
"lundborg2006a",7509
"lynnerup2014a",55
"price2005a",7510
"pluskowski2010a",7511
"skre2011c",268
"the2017",7512
"sanmark2008a",7513
"sheehan2013a",7514
"vesteinsson2014a",7515
"zachrisson2014b",7516
"ahlback1990",7517
"hansen1979",7518
"andren1957",7519
"anglert1993",7520
"asad1993",7521
"backdanielsson1999",7522
"bergner1987",7523
"beskow1964",7524
"bostrem1995",7525
"dentz2000",7526
"dillman1997",7527
"duczko1993",7528
"edsman1967",7529
"eisenhofer1950",7530
"fehn1958",7531
"gallen1957",7532
"gjerlow1960",7533
"helander1974",7534
"helander1993",7535
"holmberg1991",7536
"hultgard1992",7537
"tregren1989",7538
"jansson1998",7539
"arkeologisk1981",7540
"holmbick1933",7541
"johansson1965",7542
"olsen1993",7543
"klackenberg1992",7544
"kousgardsorensen1989",7545
"lindgren1987",7546
"molland1976",7547
"nilsson1987",7548
"norberg1958",330
"nasstrem1996",330
"rentzhog1987",330
"smith1987",330
"steinsland1986",330
"steinsland1998",330
"strembick1935",330
"sundqvist1998",330
"sverdrup1942",330
"sederberg2001",330
"ullen1983",330
"wessen1929",330
"miiller1991",330
"wikman1957",330
"devries1970",330
"andren2013b",7549
"fran2006",7550
"arwillnordbladh2005",7551
"fernstal2004",7552
"grislund2002",7553
"grislund2005",7554
"gustavson2000",7555
"vanhouts2001",7556
"lykke2003",7557
"mckinnell2003",7558
"vonmiiller1956",7559
"sundgvist1998",7560
"sundqvist2005",7561
"ortnamnslexikon2003",7562
"sorlin2001",7563
"widmark1995",7564
"barndon1995",7565
"bjornstad2003",7566
"burford1972",7567
"brelstord1949",7568
"brown1995",7569
"childs1991",7570
"childs2005",7571
"cline1937",7572
"davidson1982",7573
"delcourt1957",7574
"dommasnes1997",7575
"englund1999",7576
"espclund2004",7577
"forbe1969",7578
"janson1969",7579
"gjeerdcr1949",7580
"jacobsen2003",7581
"hermundstad1995",7582
"hesio1984",7583
"hines2003",7584
"kriger1999",7585
"maret1980",7586
"marte2002",7587
"mcnaughton1988",7588
"miillerwille1977",7589
"nodanskog2003",7590
"odner1969",7591
"pleiner1969",7592
"raudvere2004",271
"oldeberg1943",271
"randers1988",271
"reid1995",271
"roesdal1980",271
"rundberget2002",271
"sasson1983",271
"schmidt1997",271
"sjolsvold1949",271
"stigum1971",271
"tveiten2005",271
"todnem1999",271
"vannoten1972",271
"wertime1980",271
"anonym1901",7593
"arne1905",7594
"artelius1993",7595
"artelius2003",7596
"barraud1994",7597
"berger1966",7598
"birkeli1938",7599
"colpe1987",7600
"connelid1993",7601
"furingsten1986",7602
"geels1985",7603
"grislund2001",7604
"hansson1998",7605
"koepping1987",7606
"moberg1950",7607
"nyalssaga1981",273
"nyalssaga2002",273
"webernd",273
"selinge1986",273
"shepherd1987",273
"stremberg1993",273
"sarlvik1976",273
"trotzig2000",273
"turner1982",273
"almgren1900",273
"1919",273
"birkeli1944",273
"levistrauss1952",273
"sahlstrem1951",273
"selinge1997",273
"andren2013c",7608
"kristiansen1984",276
"armstrong1917",7609
"batey1988",7610
"fowler1963",7611
"freke2002",7612
"hudson1998",247
"jones1971",247
"kermode1994",247
"kruse2017",247
"laing1987",247
"g1983",247
"megaw1938",247
"miller1999",247
"morris1980",247
"muhr2002",247
"corrain2008",247
"olsen1954",247
"oriordain1973",247
"riordain1949",247
"rhysnd",247
"abbott2008",7613
"horizon2008",7614
"andersen1994",7615
"andren2012",7616
"arrhenius2013",7617
"axboe1999",7618
"axboe2001",7619
"axboe2005",7620
"baillie1994",7621
"baillie1995",7622
"baillie1997",7623
"baillie1999",7624
"baillie2001",7625
"baillie2006",7626
"baillie2008",7627
"baillie2010",7628
"barbante2012",7629
"barnish1992",7630
"behre1996",7631
"berglund1996",7632
"bernhardsson2007",7633
"bork1998",7634
"bosley1989",7635
"briffa1990",7636
"briffa1992",7637
"buckland1997",7638
"doreler1992",7639
"doreler2012",7640
"dull2001",7641
"dull2010",7642
"eggum2007",7643
"fehr2011",7644
"gelling1969",7645
"graslund2009",7646
"grattan2007",7647
"grudd2006",7648
"grudd2002",7649
"gunnel2013",7650
"vulnerabilityhalsall2003",7651
"jansen2000",7652
"kaul2004",7653
"keys1999",7654
"kutterolf2008",7655
"lowenborg2010",7656
"nasman2012",7657
"nerman1963",7658
"oppenheimer2011",7659
"pentikainen1989",7660
"rampino1988",7661
"rigby2004",310
"salzer2007",310
"stenberger1933",310
"stenberger1955",310
"stothers1984",310
"stothers1983",310
"textor2003",310
"torrence2002",310
"traufetter2004",310
"vervruggen1996",310
"vitaliano1968",310
"welinder1975",310
"wylie1989",310
"vulnerabilityzachrisson2010",310
"zerefos2007",310
"kuhl1999",299
"harris2006a",113
"harris2006b",226
"kintigh2014a",226
"jensen1993a",74
"jensen1993b",7662
"petersen1993a",272
"petersen1993b",172
"petersen1993c",52
"mullerwille2001a",99
"mullerwille2004b",130
"price2012b",141
"thomas2000b",150
"thomas2008c",183
"ambrose1993a",90
"ambrose1993b",205
"barrett2004a",263
"barrett2004b",268
"barrett2004c",73
"barrett2004d",30
"price2010a",18
"barrett2008a",229
"solli2002a",24
"price2002a",259
"lund2013a",27
"sorensen2001a",38
"duczko2004a",70
"gustin2004a",143
"helms1993a",7663
"price2016a",7664
"svanberg2003a",70
"zachrisson1994a",18
"bradley2000a",4
"byock2001a",70
"hedenstiernajonson2006a",158
"jorgensen2003a",165
"linderholm2008a",263
"montgomery2003a",141
"olsen2003a",111
"arwillnordbladh2007a",27
"gansum2004a",18
"hodges2012a",66
"nielsen1997a",16
"zachrisson2004b",14
"arwillnordbladh1998a",6
"christensen1991c",173
"christensen2015a",34
"dobat2008a",50
"fabech1998b",7665
"gansum2004b",243
"hedeager1992a",70
"kleiminger1993a",32
"loveluck2006a",63
"lund2008a",7666
"mcnicol1997a",29
"norlund1948a",34
"pedersen2010a",30
"arne1932a",62
"baastrup2012a",1
"barrett2008b",74
"budd2000a",141
"downham2007a",70
"franklin1996a",130
"gardela2011a",195
"geary1994a",32
"gosden1998a",18
"grahamcampbell2001a",2
"graslund2001a",26
"hardh1976a",129
"hedeager1999a",7667
"hedeager1999b",61
"jansson1984a",1
"jesch2015a",7668
"jorgensen2008a",14
"simpson2005a",75
"skre2008a",229
"williams2011a",61
"wilson2008a",147
"andersen1995a",7669
"artelius2013a",7670
"ashby2011a",63
"barrett2007a",191
"bergstol2004a",7671
"biddle2001a",70
"biddle1992a",47
"bill2013a",126
"bradley2003a",70
"brink2004a",217
"buko2008a",8
"carver1998a",13
"chenery2014a",141
"christensen2010a",61
"christensen2010b",231
"christensen1991d",254
"duczko1985a",139
"faure1986a",141
"foote1970a",8
"gardela2012a",138
"gardela2009a",136
"geijer1938a",10
"graslund1992a",34
"hadley2002a",7672
"hedeager2005a",30
"hillerdal2009a",139
"hines1997a",147
"iversen2007a",301
"jorgensen2014a",159
"kilger2008a",4
"krogh2007a",203
"kyhlberg1980a",295
"larsson2009a",240
"leslie2015a",114
"lonnroth1997a",8
"milek2012a",7673
"montgomery2006a",210
"nasman2003a",63
"naumann2014a",5
"nilsson2003a",197
"nylen1994a",60
"olsen2012a",200
"pedersen2003a",7674
"pedersen1996a",280
"pedersen1999",300
"pilo2018a",5
"price2019b",48
"price2013a",7675
"price1989",7676
"raffield2016b",149
"richards2003a",75
"richards2002a",114
"roesdahl2006a",103
"rundkvist2008a",100
"sawyer1992a",208
"scudder2000a",7677
"skre2007a",164
"solli1999a",61
"stylegar2007a",11
"stylegar2005a",38
"thomas1996a",25
"trinks2007a",286
"williams2016a",2
"williams2003a",113
"wilson2008b",161
"adams2004a",252
"alberti2009a",24
"ambrosiani2002a",300
"amundsen2015a",12
"andersen1998a",199
"andersson2004a",110
"arbman1980a",157
"ashby2014a",27
"bakka1993a",7678
"bradley2003b",62
"brink1998a",181
"brink1996a",219
"brink2005a",258
"brogger1916a",99
"bryant1996a",7679
"buckley2010a",107
"callanan2013a",76
"callmer2008a",216
"callmer1984a",236
"callmer2001a",33
"carver1992a",38
"christensen2008a",61
"christensen2007a",173
"clark2007a",293
"crawford1987a",75
"degerbol1948a",197
"dickinson1992a",40
"drescher1983a",229
"duczko1997a",136
"edgren1995a",130
"einarsson1994a",53
"eriksen2015a",67
"fabech1991a",197
"fabech1995a",132
"fabech1992a",22
"fahlander2008a",12
"forster2004a",151
"frei2009a",134
"frolund2007a",298
"gansum2004c",100
"glorstad2008a",159
"glosecki1989a",157
"grahamcampbell2011a",275
"graslund2007a",5
"graslund1992b",68
"graslund2004a",297
"green1998a",33
"grimes2013a",283
"gustin2004b",1
"hagg1984a",160
"hall2014a",174
"hall2004a",30
"hardh2007a",300
"harke1997a",161
"harrison2008a",136
"hauck1977a",257
"hedegaard2007a",300
"hedenstiernajonson2006b",94
"helgason2000a",30
"hilberg2010a",103
"jakobsson2003a",157
"jankuhn1937a",103
"jansson1984b",1
"johansen1973a",30
"jones2012a",107
"jones2008a",53
"jorgensen2003b",14
"jorgensen1988a",228
"jorgensen2002a",156
"kaland1995a",182
"kiefferolsen1993a",32
"kilger2008b",200
"klindtjensen1975a",245
"kyhlberg1980b",219
"larsen2004a",187
"larsson1997a",61
"lee2008a",107
"li2010a",107
"lie1991a",63
"ljungberg1938a",29
"lucas2008a",28
"macphail2003a",119
"macphail2007a",119
"madsen1991a",199
"malmer1966a",283
"mannering2010a",61
"marold2012a",283
"melchior2008a",71
"muller2003a",211
"mullerwille1977a",155
"myhre1992a",242
"myhre2003a",33
"myhre2003b",7680
"myhre1994a",286
"myrberg2008b",217
"nasstrom2001a",181
"nelson2012a",262
"nelson1991a",70
"nielsen1986a",159
"nielsen1991a",198
"olsen2003b",242
"olsen2000a",30
"pedersen2008a",219
"pedersen2006a",203
"petersen1951a",2
"petersen2005a",254
"price2000a",70
"price1985a",152
"quast2009a",37
"roesdahl2014a",131
"roesdahl1977a",171
"roslund2010a",216
"rundkvist2010a",3
"rundkvist2003a",7681
"samson1991b",140
"sanmark2010a",31
"sawyer1050",33
"sawyer1962a",183
"schneider2015a",107
"semple2013a",217
"sindbaek2012b",166
"skre2007c",192
"skre2007d",173
"skre2007e",161
"soderberg2000a",300
"sorensen1997a",61
"speake1980a",157
"storli2006a",74
"thomas2012a",132
"vesteinsson2004a",252
"warnke1992a",236
"wawn2000a",7682
"white2000a",152
"williams2015a",2
"williams2005a",18
"williams2005b",47
"williams2001a",2
"williams2004a",7683
"zachrisson2004c",39
"zachrisson1997a",80
"zachrisson1984a",216
"zachrisson2010a",191
"zachrisson2003a",71
"larsen2001t",30
"akerstromhougen1981a",4
"alenius2011a",216
"ambrose1993c",135
"ambrosiani1984a",81
"ambrosiani1985a",14
"ambrosiani1991a",236
"amundsen2001a",96
"andersen1995b",260
"andersen1995c",176
"andersen1991a",38
"andersen2010a",132
"andersen1984a",203
"anderson1907a",105
"andersson2008a",237
"andersson1998a",7684
"andersson1995a",7685
"andersson2011a",62
"andersson2005a",7686
"andersson2005b",32
"andersson1999a",7687
"andersson2003a",17
"andersson2007a",161
"andersson2000a",89
"andersson2000b",221
"andersson2006a",15
"andren2004a",113
"andren1997a",248
"andren2006",7688
"androshchuk2012a",10
"androshchuk2016a",5
"anglert2006a",34
"arne1932b",190
"arneborg2000a",55
"arrhenius1985a",176
"arrhenius1997a",7689
"arrhenius1997b",7690
"arrhenius1995a",4
"arrhenius1973a",257
"artelius1999a",57
"artelius1999b",57
"arwidsson1942a",158
"ashby2013a",9
"backdanielsson2010a",7691
"bakka1971a",221
"bakka1973a",80
"bakka1976a",81
"barndon2005b",11
"barrett2003a",161
"bately2007a",74
"bately2007b",33
"batey1993a",78
"bayley2008a",147
"bekpedersen2009a",136
"benderjorgensen1987a",246
"benderjorgensen1995a",237
"bergstol2008a",178
"besteman2004a",144
"blake1962a",7692
"bogucki2007a",218
"bradley1993a",108
"bradley1990a",146
"brather2012a",169
"brink1992a",258
"brink2012a",166
"brink2012b",166
"brink2007a",2
"brink2013a",219
"brink1999a",7693
"brink1990a",36
"brogger1917a",94
"brogger1917b",94
"brogger1945a",32
"bruck2006a",11
"brunstedt1996a",4
"buckland1990a",85
"buckland2008a",55
"budd2004a",143
"callmer1992a",7694
"callmer1991a",74
"callmer1998a",181
"callmer1977a",161
"callmer1981a",215
"callmer2000b",215
"callmer1994a",113
"carlsson1983a",258
"carver1995a",7695
"chappell1986a",126
"christensen2013a",7696
"christensen2013b",5
"christensen2008b",89
"christensen2008c",171
"christensen2010c",4
"christensen2004a",176
"christensen2004b",203
"christensen2007b",176
"christensen1983b",228
"christensen1983c",208
"christophersen1982a",241
"church2007a",51
"craig1957a",263
"crawford1999a",136
"crawford2006a",151
"curta2007a",74
"curta2006a",219
"dobat2010a",34
"doneus2011a",248
"doneus2013a",126
"downham2012a",75
"dugmore2007a",51
"dugmore2012a",227
"edgren1995b",218
"edmonds2009a",147
"edwards2012a",227
"ellmers1995a",158
"ellmers1995b",113
"enghoff2003a",262
"eriksen2013a",80
"eriksen1993a",178
"fehring1995a",282
"feveile2009a",7697
"fischer2004a",238
"fridriksson2004b",206
"fry2006a",90
"fuglesang1991a",250
"gansum1996a",187
"gansum2004d",7698
"gardela2013b",195
"gardela2012b",5
"gardela2012c",7699
"gardela2015a",195
"gardela2018a",7700
"gardela2016b",5
"gardela2016c",27
"gardela2009b",7701
"gjerpe2005a",32
"glob1969a",250
"grahamcampbell1980a",7702
"grahamcampbell1994a",225
"grahamcampbell2009a",147
"graslund2007b",139
"graslund2018a",5
"graslund2001b",20
"graslund2008b",25
"graslund2008c",190
"graslund1995b",26
"graslund1998a",7703
"grierson1986a",219
"hadley2000a",174
"hadley2000b",149
"hall1990a",139
"hall1999a",83
"halsall1998a",185
"hansen2015a",87
"hansen2017c",73
"hansen1989a",228
"hansen2005a",284
"hardh2003a",66
"harris2016a",25
"harrison2015a",7704
"harrison2014b",226
"harrison2013a",7705
"harrison2010a",7706
"harrison2010b",245
"harrison2007a",151
"harrison2008b",7707
"haseloff1981a",241
"hauck1978a",7708
"hedeager2004a",159
"hedeager1999c",7709
"hedenstiernajonson2014a",7710
"hedges2007a",193
"helama2017a",7711
"helberg2010a",85
"henning2007a",119
"henriksen2015a",197
"hernaes1984a",194
"herschend1992a",7712
"herschend1997a",16
"hjelle2015a",109
"hobsbawm1983a",178
"hodges2008a",267
"hoeg2014a",109
"hoilundnielsen1999b",233
"holmquistolausson1998a",205
"holmqvist1951a",241
"holst1110",174
"holst2013a",56
"holt1998a",239
"holt1998b",182
"hugason2000a",93
"imer2011a",250
"imer2011b",250
"ingstad1982a",178
"islendingabok1968a",185
"jacobsen1941a",17
"jakobsson2003b",7713
"jansson1984c",25
"jansson1985a",3
"jansson1985b",10
"jansson1985c",10
"jansson1997a",205
"jensen2004a",14
"jensen2004b",32
"jensen2006a",179
"jensen1986a",89
"jensen1992a",132
"jensen1993c",131
"jeppesen2010a",272
"jesch2009a",74
"jesch2009b",3
"jesch1991a",208
"jessen2012a",89
"jessen2012b",96
"jones1997a",7714
"jones2013a",274
"jones2009a",26
"jones2012b",7715
"jones2005a",45
"jones2005b",284
"jonsson2003a",7716
"jorgensen2002b",7717
"jorgensen1995a",89
"jorgensen1992a",66
"jorgensen1998a",182
"jorgensen1994a",39
"joyce2000a",200
"kennedy2011a",123
"kleingartner2013a",7718
"kleingartner2014a",44
"klos2009a",25
"komber1999a",89
"kovalev2002a",10
"kristiansen1999a",47
"kristoffersen2004a",7719
"kristoffersen2010a",20
"krogh1982a",121
"kyhlberg1973a",215
"lambeck2010a",126
"larsen2007a",128
"larsen2011a",212
"larsson1990a",241
"larsson2006a",128
"larsson2006c",34
"lee2008b",28
"lehtosalohilander1982a",218
"leimus2007a",269
"leontev2017a",7720
"lewis2015a",226
"lie1952a",241
"ligi1993a",139
"lillehammer1999a",222
"ljungkvist2008b",191
"ljungqvist2010a",134
"lonnroth1982a",258
"lovejoy1985a",141
"lowe2008a",227
"lucas2008b",52
"lucy2002a",32
"ludowici2010a",123
"luhmlund1961",189
"lund2006a",220
"lund2008b",94
"lund2003a",7721
"lundborg1972a",255
"macphail1994a",170
"magnus1997",234
"magnusson1983a",136
"mann2003a",193
"marold2001a",182
"mccormick2012a",123
"mcgovern2009a",136
"mcgovern2013a",134
"meier2001a",195
"meskell2005a",200
"mikkelsen1994a",284
"mikkelsen1998a",128
"mikkelsen2008a",131
"mjaerum2012a",80
"moesgaard2008a",203
"muldner2007a",193
"murray1983a",172
"murray1983b",228
"myhre1992b",187
"myhre1992d",159
"myhre1987a",7722
"myhre1993a",176
"myhre1980a",176
"myhre1997a",33
"naismith2012a",219
"nasman1989a",14
"nasman2000a",275
"nasman1984a",257
"naum2007a",5
"naum2012a",115
"neckel1983a",7723
"negrel2003a",210
"nelson1999a",203
"nelson2012b",54
"nielsen1998a",89
"nielsen2001a",131
"nielsen1994a",123
"nielsen2002a",234
"nielsen2002c",236
"nielsen1990a",163
"nordeide2011a",100
"oehrl2017a",5
"oehrl2011a",7724
"oehrl2013a",7725
"olesen2004a",115
"olsen2009a",112
"olsen2001a",109
"olsson2004a",164
"osullivan2008a",261
"others1998",14
"oye2001a",262
"oye2002a",221
"oye2009a",55
"oye2009b",7726
"oye2010a",221
"pagan1986a",149
"pedersen2009b",163
"pedersen2014c",11
"pedersen2015a",131
"pedersen2008b",6
"pedersen2001a",7727
"pedersen2003b",181
"pedersen2011a",11
"perdikaris2008a",51
"perdikaris2008b",121
"petersen1919b",143
"petre1993a",161
"petursdottir2009a",11
"pilo2007a",234
"pirenne1927a",119
"pluskowski2010b",5
"price2000b",7728
"price2008c",296
"price2018e",7729
"price2008d",203
"raghavan2014a",54
"ramskou1976a",7730
"rasmussen2014a",250
"rasmussen1992",228
"raudvere2003a",7731
"reynolds1994a",128
"richards1998a",7732
"richards1996a",287
"roberts2003a",198
"roberts2000a",227
"roesdahl2014b",231
"roesdahl2014c",5
"roesdahl2003a",49
"roesdahl2005a",203
"roesdahl2005b",38
"roesdahl1996a",7733
"roesdahl1981a",203
"rolfsen1980a",219
"roskaft2005a",242
"roslund2001a",195
"rundkvist2007a",100
"salin1904a",7734
"sanmark2013b",92
"sawyer2000c",110
"sawyer1988a",110
"sawyer2003a",7735
"sawyer2003b",7736
"sawyer2002a",110
"sawyer1987",25
"schetelig1912a",176
"schneidhofer2017b",127
"sealy2001a",193
"shanks1998a",83
"shetelig1940a",176
"shetelig1944a",143
"sigfusson1940a",26
"sigurdsson2008a",253
"sigurdsson2011a",93
"simek1993a",7737
"simpson2002a",261
"simpson2002b",121
"sindbaek2011b",7738
"sindbaek2014d",7739
"sindbaek2012c",109
"skre2008b",119
"skre2010a",123
"skre2004a",113
"smith2007a",7740
"smith2009a",245
"smith2011",217
"smith2001a",198
"soderberg2006a",15
"soderberg2002a",192
"soderberg2003a",127
"soderberg1996a",164
"solli2011a",5
"solli1999b",26
"solli1996a",3
"solli1996b",178
"solli2008a",245
"solli2008b",245
"sorensen2017a",115
"sorensen1991a",132
"sorensen1999a",172
"staecker2001a",7741
"staecker2009a",195
"steinsland1994a",271
"steinsland2013",7742
"stene2011a",191
"stene2015a",92
"stenvik2001a",3
"steuer1997a",143
"steward1955a",245
"stolpe1912a",160
"stolpe1912b",91
"stylegar2010a",95
"sundqvist2014a",192
"svensson2009a",5
"svensson2009c",7743
"svensson2006a",80
"svensson2013a",191
"svensson2008a",240
"sykes2010a",78
"tesch2007a",280
"tesch2007b",93
"theliander2005a",29
"thomas1991a",7744
"thomas2006a",184
"thomsen2005a",15
"thomson2007",227
"thrane1987a",225
"thunmarknylen1995b",195
"turner2007a",7745
"vesteinsson2016a",7746
"vesteinsson2007a",51
"vesteinsson2007b",206
"vesteinsson2004b",206
"vesteinsson2001a",206
"vestergaard2007a",203
"wagner2001a",99
"wallander1989a",155
"waller1996a",257
"walsh2014a",109
"wamers1985a",143
"wamers1999a",241
"watt1999a",160
"watt1999b",160
"wells1999a",139
"white1988a",26
"wickholm2008a",218
"wideen1955a",29
"widgren1998a",121
"wilkinson2003a",245
"williams2010a",5
"williams2011b",147
"williams2007a",4
"williams2002a",219
"wilson2006a",44
"wilson2006b",207
"wilson2007a",218
"wilson2007b",211
"wilson2008c",200
"wilson2008d",198
"wilson1998a",245
"wilson1996b",245
"zachrisson2002",80
"zachrisson2011b",4
"zachrisson2009b",39
"zachrisson2014c",197
"zachrisson2008a",11
"zori2013a",78
