"node_id","community_id"
"aannestad2018",1
"heenpettersen2018",2
"heenpettersen2019",3
"lund2016",4
"lund2021",5
"moen2020",6
"ambrosiani2015",7
"croix2015",8
"vonholstein2014",9
"warmlander2015",10
"lund2019",11
"solli2018",12
"dobat2006",13
"fabech2013",14
"gustafsson2011a",15
"larsson2007",16
"price2006",17
"fahlander2016",18
"price2018b",19
"eriksen2013",20
"andren2013a",21
"lund2004",22
"lund2005",22
"lund2008",23
"lund2017",24
"lund2020",25
"raffield2018",26
"williams2016",27
"zoega2017",28
"andren2013",29
"glorstad2012",30
"lund2010",31
"lund2013",32
"lund2015",24
"skre2019",33
"jessen2016",34
"price2014d",35
"magnell2010",36
"oehrl2017",37
"price2008a",38
"zachrisson2014a",39
"gardela2018",40
"gustafsson2016",41
"raffield2019",42
"androshchuk2018",43
"bill2017a",44
"burstrom2015",45
"glorstad2017",46
"odeback2018",47
"edberg2019",48
"kalmring2010",49
"voncarnapbornheim2014",50
"dugmore2012",51
"frei2015",52
"hartman2017",53
"hayeursmith2018a",54
"jackson2018",55
"tummuscheit2019",56
"artelius2013",57
"fahlander2018",18
"price2019",58
"raffield2016",59
"glorstad2015",60
"arwillnordbladh2013",61
"arwillnordbladh2013a",62
"ashby2015",63
"hennius2018",64
"perry2016",65
"sindbaek2017",66
"griffiths2019",67
"arwillnordbladh2012",61
"backdanielsson2016",68
"price2014",69
"barrett2010",70
"naumann2014",71
"price2014a",72
"star2017",73
"baug2019",74
"montgomery2014",75
"pilo2018",76
"downham2016",77
"mainland2018",78
"sindbaek2016",79
"amundsen2017",80
"bergstol2004",81
"croix2019",82
"kemmers2011",83
"nielsen2011",84
"baug2017",85
"loftsgarden2019",86
"rosvold2019",87
"svendsen2019",88
"beck2018",89
"grupe2013",90
"zachrisson2017a",91
"stene2017",92
"kristjansdottir2015",93
"bill2016",94
"bill2017",95
"fredriksen2014",96
"gullbekk2014",97
"macphail2013",98
"pedersen2015",99
"williams2014",100
"gardela2015",101
"jagodzinski2014",102
"hilberg2016",103
"sanmark2013",104
"harris2017",105
"richards2018",106
"anchukaitis2017",107
"helama2017",108
"pilo2020",109
"zachrisson2017",110
"eriksen2017",111
"ellingsen2019",112
"price2010",113
"jarman2018",114
"stott2019",115
"ulriksen2018",116
"pedersen2019",117
"sindbaek2018",118
"wouters2016",119
"dugmore2007",120
"keller2016",121
"tainter2006",122
"carver2015",123
"runge2018",124
"domeijlundborg2012",125
"schneidhofer2017",126
"tonning2020",127
"barrett2008",70
"beck2017",128
"spangen2009",129
"hillerdal2010",130
"christiansen2019",131
"dobat2013",132
"baug2015",133
"henriksen2017",134
"price2012",135
"milek2012",136
"kastholm2016",137
"toplak2018",138
"gustin2017",139
"pedersen2017",140
"peschel2017",141
"christensen2018",142
"heenpettersen2014",143
"ijssennagger2015",144
"kershaw2017",145
"raffield2014",146
"rogers2020",147
"williams2015",148
"hadley2018",149
"mcleod2011",150
"leonard2011",151
"price2020",152
"hrnjic2018",153
"kelly2015",154
"barndon2018",155
"lund2006",156
"hedeager2010",157
"kalmring2018",158
"eriksen2016",159
"mannering2013",160
"osullivan2015",161
"hedenstiernajonson2015",162
"price2011",163
"kalmring2012",164
"kalmring2017",165
"krzewinska2018",166
"helmbrecht2012",167
"oehrl2019",37
"sindbaek2014",168
"hilberg2018",169
"devos2013",170
"holst2013",171
"holst2014",172
"jessen2014",173
"buckberry2014",174
"tveiten2017",175
"bonde2016",176
"glorstad2014",177
"jahnsen2016",178
"baastrup2014",179
"henriksen2014",180
"borake2018",181
"hilberg2014",182
"hadley2016",183
"kershaw2016",184
"vesteinsson2016",185
"poulsen2011",186
"bill2012",187
"gustavsson2015",188
"androshchuk2010",189
"graslund2011",190
"lindholm2016",191
"ljungkvist2018",192
"chenery2014",193
"hedenstiernajonson2017",194
"toplak2015",195
"macphail2016",196
"gotfredsen2014",197
"milek2013",198
"runge2018a",199
"burstrom2014",200
"abrams2012",201
"pedersen2006",202
"roesdahl2011",203
"skre2011b",204
"linderholm2008",205
"lucas2007",206
"pedersen2009a",207
"rosengren2010",208
"wickholm2006",209
"knudson2012",210
"reiter2019",211
"tummuscheit2014",212
"feveile2017",213
"roslund2013",214
"roslund2015",215
"roslund2017",216
"sanmark2013a",217
"raninen2014",218
"skre2017",219
"skre2011a",97
"ijssennagger2013",220
"oye2014",221
"fallgren2008",222
"sutherland2015",223
"halstadmcguire2010",224
"kershaw2009",225
"catlin2016",226
"schmid2017",227
"holst2010",228
"sindbaek2011",229
"ljungkvist2015",192
"neiss2016",230
"goodchild2017",231
"vesteinsson2012",232
"sindbaek2011a",233
"aannestad2018a",1
"rundkvist2010",234
"staecker2004a",235
"sindbaek2007",236
"strand2011",237
"oye2016",238
"price2016",152
"gullbekk2011",239
"svensson2018",240
"andren2000",241
"storli2010c",242
"mulk2007",243
"naum2004",244
"solli2011",245
"becket2013",246
"steinforth2018",247
"trinks2014",248
"kovalenko2013",249
"imer2014",250
"ibsen2010",251
"harrison2016",107
"zori2013",252
"krzewinska2015",253
"christensen2013",254
"artelius2005",255
"feveile2012",256
"fischer2011",257
"myrberg2008",258
"frei2012",259
"benderjorgensen2012",260
"boyd2013",261
"arneborg2012",262
"pollard2012",263
"sutherland2009",264
"arwillnordbladh2008b",265
"fontaine2017",266
"sindbaek2013a",267
"skre2016",268
"arwillnordbladh2007",265
"magi2011",269
"becker2012",270
"barndon2005a",271
"ashby2015a",63
"feveile2011",272
"artelius2004a",273
"bitzthorsen2018",274
"svendsen2016",275
"myrberg2009",276
"majchczack2018",277
"skre2011",278
"gardela2013a",279
"gustafsson2011",280
"steinforth2015",281
"roslund2005",282
"bill2020",283
"rohdesloth2012",284
"naum2007",285
"draganits2015",286
"halewood2001",287
"pentz2009",254
"croix2021",82
"nosov2018",288
"magi2016",289
"perry2019",290
"lundborg2006",125
"lia2004",291
"croix2016",8
"gardela2014",8
"wicker2013",292
"kitzlerahfeldt2013",292
"croix2019a",293
"feveile2015",213
"gardela2013",294
"gardela2008",295
"price2005",295
"andren2006b",30
"leslie2015",296
"frei2012a",259
"gotfredsen2014a",297
"iversen2013",298
"gardela2018b",40
"hillerdal2009",130
"hayeursmith2013",53
"tummuscheit2012",299
"hedeager2003",157
"hennius2018a",64
"hardh2010",300
"iversen2015",301
"jankowiak2018",302
"jorgensen2010",303
"rundkvist2015",304
"kastholm2015",137
"jorgensen2009",305
"skorokhod2020",306
"sheehan2013",307
"ljungkvist2011",308
"sanmark2008",31
"richards2011",150
"lynnerup2014",309
"graslund2012a",76
"price2015",310
"price2014b",69
"price2014c",311
"myrberg2009a",312
"kalmring2016",19
"raffield2017",59
"kitzlerahfeld2015a",313
"pedersen2016b",140
"pedersen2009",314
"ravn2012",315
"price2018a",316
"raffield2016a",317
"price2018c",318
"pluskowski2010",319
"raffield2019a",42
"price2018d",320
"skre2017b",321
"price2019a",58
"andersson2008",322
"sindbaek2007a",236
"sindbaek2013",323
"semple2013",104
"toplak2017",324
"vesteinsson2014",325
"zachrisson2014",326
"williams2014a",327
"ulriksen2011",328
"zachrisson2004",329
"andren2002b",330
"aannestad2015",331
"ahola2014",332
"ambrosiani2013",7
"andersson2004",333
"andersson2016",334
"andren2002",22
"andren2004",335
"androshchuk2013",336
"androshchuk2014",43
"androshchuk2012",337
"androshchuk2016",338
"arents2010",339
"armbruster2010",340
"artelius2007",341
"arwillnordbladh1998",342
"ashby2014",343
"s2019",344
"backdanielsson2007",345
"ed2012",346
"barth1969",347
"e2014",348
"bergstol2008",349
"beroniusjorpeland2018",350
"bhabha1994",351
"bjerg2013",352
"blaszczyk2017",353
"d2016",354
"bogucki2012",355
"borake2019",356
"brather2013",357
"brewer2018",358
"brink2011",359
"buntgen2016",360
"callmer2017",361
"cannell2016",362
"clarke2017",363
"croix2012",364
"croix2020",365
"crumlinpedersen2010",366
"diamond2005",367
"dobat2014",368
"domeijlundborg2004",369
"englert2015",370
"eriksen2019",371
"eriksen1994",372
"eriksson2018",373
"feveile2009",374
"forster2009",375
"frieman2019",376
"frog2014",377
"furholt2018",378
"furholt2019",379
"gardela2012",380
"gerds2015",381
"gjerpe2008",382
"gjerpe2017",383
"gossler2018",384
"grahamcampbell2013",385
"grahamcampbell2011",386
"graslund2007",387
"graslund2018",388
"griffiths2003",389
"gruszczynski2018",390
"hadley2013",391
"hall2014",392
"hallansstenholm2012",393
"hansen2017",394
"hansson2018",395
"hardh2016",153
"harrison2015",396
"harrison2014",397
"hedjakobsson2003",398
"hedeager2004",399
"hedeager2011",400
"hedenstiernajonson2006",162
"hedenstiernajonson2012",401
"helmbrecht2011",61
"hilberg2013",402
"n2017",403
"hodges2012",404
"holmquist2013",405
"ingvardson2012",406
"jackson2019",407
"janowski2015",408
"jennbert2015",409
"jensen2010",410
"jesch2015",411
"jones1997",412
"kalmring2013",413
"kershaw2013",414
"kershaw2019",415
"kirpichnikov2018",416
"kleingartner2013",417
"lemm2014",418
"lia2002",419
"ljungkvist2006",420
"loe2014",421
"lund2009",24
"madsen2010",422
"magi2015",423
"magi2018",424
"magi2019",425
"mehler2015",426
"melheim2016",427
"merkel2016",153
"mikhaylov2016",428
"moen2011",429
"moen2019",430
"moesgaard2015",431
"mozdzioch2013",432
"myhre2015",433
"myrberg2007",434
"naum2008",435
"nordahl2018",436
"nordeide2016",437
"norstein2020",438
"opedal2010",439
"oye2013",440
"paterson2014",441
"pearson2018",442
"pedersen2004",202
"pedersen2014",443
"pedersen2016",444
"pilo2005",445
"price2000",446
"price2002",24
"price2001",447
"price2008",448
"price2018",449
"raja2018",450
"rasmussen2014",212
"rebkowski2019",451
"richards2012",452
"roesdahl2014",453
"roslund2007",454
"rundberget2017",455
"russel2014",456
"said1978",457
"sanmark2017",458
"schietzel2014",459
"schultze2008",460
"sharples2020",461
"skre2008",97
"soderberg2005",462
"solli2002",463
"spangen2006",464
"staecker2004",465
"stanislawski2013",466
"stanislawski2014",467
"stidsing2014",468
"svanberg2003",469
"thate2007",470
"toplak2016",471
"tummuscheit2011",212
"turner2006",472
"ulriksen2019",473
"vedeler2014",474
"vonholstein2016",475
"wallace2016",476
"wickham2005",477
"williams2020",478
"wilson2018",479
"zachrisson2011",480
"zori2014",481
"strand2001",482
"andren2014",483
"birkett2020",484
"brorsson2010",485
"cooijmans2020",486
"christiansen2014",487
"dobat2010",50
"gardela2016",488
"gjerde2009",489
"glorstad2010",490
"graslund2010",491
"grundvad2017",492
"gustafsson2013",493
"smith2013",494
"laroche1997",495
"lemm2013",496
"martin2020",497
"mcanany2010",498
"morawiec2009",499
"nordeide2011",500
"olsson2004",501
"ratican2020",502
"roesdahl2009",503
"rundkvist2011",504
"rostad2016",505
"sindbaek2009",506
"sveinbjarnardottir2016",507
"williams2010",97
"ambrosiani2001",162
"graslund1984",7
"hraundal2013",7
"ilisch1990",7
"jansson1986",508
"jansson1987",509
"jansson1989",7
"wikander1978",7
"aannestad2016",510
"andren2011",511
"baastrup2012",512
"baastrup2010",513
"bagge1991",514
"bakka1963",515
"bakka1961",516
"bakka1971",517
"blackburn2002",518
"blindheim1973",235
"blindheim1999",519
"blindheim1995",520
"boe1940",521
"callmer1992",522
"callmer2008",523
"cramp1997",524
"downham2008",525
"dumville2008",526
"ekengren2009",527
"gaut2001",528
"gaut2011",529
"geber1991",530
"gosden1999",24
"grahamcampbell2000",531
"gustin2004",532
"hahn2013",533
"hedeager2002",22
"hedeager1992",534
"helms1993",535
"heyerdahllarsen1981",536
"hines1984",537
"hodder1982",538
"hodder1986",539
"hagg1974",540
"jansson1984",541
"vidar2010",542
"krag1994",543
"kristiansen2005",544
"maran2012",545
"marstrander1963",546
"mauss1950",547
"mikkelsen2002",1
"myhre1992",548
"croinin1989",1
"pedersen2008",1
"peets2012",188
"petersen1940",1
"raven2005",549
"rogers2006",1
"simonsen1981",1
"skaare1963",1
"skaare1976",1
"solli1995",1
"thomas1991",1
"waller1982",1
"wamers1985",1
"wamers2011",1
"williams2008",1
"wilson2006",1
"amundsen2001",550
"amundsen2011",551
"amundsen2015",552
"amundsen2007",553
"apel2001",554
"apel2005",555
"aronsson1991",556
"askeladden2015",557
"bakka1973",558
"bakka1976",559
"barth1976",560
"barth1996",561
"baudou1987",562
"bergman2016",563
"bergsland1992",564
"bergstol1997",565
"bergstol2009",566
"bjorn1934",567
"boaz1997",568
"bolstad1980",569
"braseth2014",570
"brendalsmo2003",571
"brogger1942",572
"bull2002",573
"byggstoyl2012",574
"damm2010",575
"fjellheim1999",576
"fjellheim2012",577
"forsberg2005",578
"fossum2006",579
"fredriksen1983",580
"fuglesang1980",581
"fuglestvedt2006",582
"gjerde2016",583
"gjessing1945",584
"grandell1986",585
"grimbe2013",586
"gustafson1988",587
"gustavsen2014",588
"hagen1946",589
"hagstrom2010",590
"hallgren2008",591
"hansen2004",592
"hansen2014",593
"hedman2003",594
"helstad2001",595
"hildre2012",596
"hole2013",597
"holm1991",598
"holm2016",599
"holseng2004",600
"hougen1947",601
"indreko1956",602
"jenkins2008",603
"johansen1981",604
"kleppe1977",605
"lannerbro1976",606
"marstrander1977",607
"mathiesen2005",608
"melheim2015",609
"mikkelsen1994",610
"mikkelsen1975",611
"mjaerum2012",612
"mulk1994",613
"myhre1962",614
"norell1987",615
"nou2007",616
"nyland2016",617
"odner1983",618
"odner2000",619
"ojala2009",620
"olsen1985",621
"olsen1991",622
"pareli1991",623
"prescott2009",624
"schanche1985",625
"scheen1979",626
"serning1966",627
"sjurseike1994",628
"skandfer1996",629
"skjolsvold1980",630
"skjolsvold1981",631
"skjolsvold1984",632
"smith2006",633
"soborg1988",634
"solberg1986",635
"sommerseth2011",636
"spangberg2014",637
"spangen2010",638
"stene2010",639
"stenvik1988",640
"svensson2006",641
"swensen2017",80
"trigger2006",80
"vorren1965",80
"wegraeus1971",80
"zachrisson1997",81
"zachrisson2015",80
"abrams2004",642
"phil2010",643
"fanning1994",644
"sheehan1998",645
"sheehan2009",646
"omeadhra1979",647
"blackburn1981",648
"glorstad1987",649
"grahamcampbell1984",201
"jensen1968",201
"davidson1962",24
"grinsell1961",650
"bjorn1940",651
"kovalev2004",652
"arbman1940",653
"arne1914",7
"bearman2014",7
"anonymous2012",201
"ljung2010",201
"lang2001",654
"cohen2004",201
"jesch2002",201
"whaley2004",201
"tweddle1995",201
"coatsworth2008",201
"grahamcampbell1980",655
"wamers2009",201
"grahamcampbell2007",201
"brunning2013",656
"sonderso2005",657
"stenalt1960",658
"kolindsund1936",659
"luhm1903",660
"androshchuk2001",661
"androshchuk2002",662
"androshchuk2003",663
"androshchuk2009",664
"androshchuk2004",665
"appadurai1937",666
"arbman1937",667
"arrhenius1985",668
"bazelmans1999",669
"bergman1976",670
"behmer1939",671
"behrend1936",672
"brondsted1936",116
"chase1979",673
"colmo1953",674
"cross1914",675
"falk1914",676
"gameson2001",677
"gansum1991",678
"geibig1992",679
"grahamcampbell1968",680
"gurevich1968",681
"habbe2005",682
"hakonarherdibreids1991",683
"harke2000",684
"jacobsen1942",685
"nasman1991",686
"jorgensen1966",687
"lavrsen1960",688
"mauss1980",689
"menghin1980",690
"mullerwille1978",691
"mullerwille1984",22
"mullerwille1980",692
"north1980",693
"nasman1989",694
"ostergren1976",695
"olsson1975",696
"owencrocker1966",697
"ornes1966",698
"paulsen1953",699
"pedersen1995",700
"pedersen1997",116
"pedersen2002",701
"peirce1919",702
"petersen1919",22
"rydbeck1932",703
"schulzedorrlamm1987",704
"handelderwikingerzeitzwischennordundwesteuropaaufgrundarchaologischerzeugnisse1987",705
"klaesoe2005",706
"smidt1991",707
"stocklund1985",708
"strid1961",709
"stromberg1946",710
"svanberg1995",711
"thunmarknylen1995",712
"thunmarknylen2001",189
"bergman2005",189
"thalinbergman2000",189
"theuws2000",189
"turvillepetre1960",189
"wamers1930",713
"whitelock1955",189
"willemsen2004",714
"wilson1955",715
"wrenn1958",189
"zachrisson1984",716
"zachrisson2012",80
"ammann2007",717
"ammann2003",718
"anchukaitis2014",719
"anchukaitis2012",720
"anchukaitis2010",721
"anchukaitis2013",722
"anchukaitis2006",723
"andreuhayles2011",724
"andronova2000",725
"autin2015",726
"biondi1999",727
"bowman1997",728
"bradley2001",729
"breitenmoser2012",730
"briffa1993",731
"briffa1994",732
"briffa1995",733
"briffa2000",734
"briffa1996",735
"briffa1998",736
"briffa2011",737
"briffa2013",738
"briffa2004",739
"briffa2002",740
"brohan2012",741
"buckley2010",742
"buntgen2006",743
"buntgen2013",744
"buntgen2011",745
"buntgen2014",746
"campbell2007",747
"coledai2013",748
"cook1990",749
"cook1987",750
"cook2010",751
"cook1994",752
"cook1995",753
"cook2013",754
"cook1999",755
"cowtan2014",756
"crowley2000",757
"crowley2008",758
"darrigo2011",759
"darrigo2003",760
"darrigo1992",761
"darrigo2004",762
"darrigo2013",763
"darrigo2008",764
"darrigo2015",765
"darrigo2009",766
"darrigo2006",767
"davi2003",768
"delaygue2011",769
"doradolinan2012",770
"edwards2007",771
"emilegeay2013",772
"esper2013",773
"esper2002",774
"esper2014",775
"esper2010",776
"esper2007",777
"esper2012",778
"esper2016",779
"esper2015",780
"esper2005",781
"estrada2013",782
"evans2013",783
"evans2002",784
"evans2001",785
"frank2007",786
"frank2010",787
"fritts1976",788
"fritts1991",789
"gallant2013",790
"gao2008",791
"gao2006",792
"gennaretti2014",793
"gershunov1998",794
"gillett2012",795
"goosse2016",796
"grinsted2004",797
"hakim2016",798
"harris2013",799
"haurwitz1981",800
"hegerl2014",801
"hegerl2007",802
"hegerl2003",803
"hegerl1997",804
"hegerl2006",805
"hegerl2011",806
"helama2014",807
"hughes2002",808
"hughes1994",809
"hughes1999",810
"jacoby1995",811
"jacoby2000",812
"jones2013",813
"jones2009",814
"jones2012",815
"jull2014",816
"kaplan2011",817
"kaufman2014",818
"keigwin2003",819
"kennedy2011",820
"klesse2015",821
"lavigne2013",822
"lean2006",823
"lee2008",824
"lehner2012",825
"lewis2015",826
"li2010",827
"linderholm2015",828
"luckman2005",829
"ludlow2013",830
"mann1998",831
"mann2012",832
"mann2002",833
"mann2013",834
"mann2005",835
"mann2007",836
"mann2008",837
"mann2009",838
"massondelmotte2013",839
"matskovsky2016",840
"matskovsky2014",841
"matthews2005",842
"mccarroll2013",843
"mccarroll2002",844
"mcgregor2015",845
"mckay2014",846
"meehl2004",847
"meko1997",848
"melvin2008",849
"melvin2004",850
"michaelson1987",851
"morice2012",852
"muscheler2007",853
"naulier2015",854
"ogurtsov2016",855
"oman2005",856
"ortega2015",857
"pausata2015",858
"payette2007",859
"pederson2014",860
"phipps2013",861
"plummer2012",862
"pongratz2008",863
"raspopov2008",864
"rimbu2003",865
"rind1999",866
"rind2004",867
"robock2000",868
"rutherford2003",869
"rydval2017",870
"schmidt2010",871
"schmidt2014",872
"schmidt2012",873
"schneider2009",874
"schneider2015",875
"schneider2001",876
"schurer2013",877
"schurer2014",878
"schweingruber1993",879
"schweingruber1978",880
"seager2008",881
"seager2007",882
"shindell2009",883
"shindell2014",884
"shindell2015",885
"shindell2004",886
"shindell2001",887
"shindell2003",888
"sigl2015",889
"smerdon2010",890
"smerdon2008",891
"smerdon2011",892
"smerdon2016",893
"solomon2011",894
"st2014",895
"george2013",896
"steiger2014",897
"steinhilber2009",898
"stenchikov2006",899
"stoffel2015",900
"vonstorch2004",901
"stott2010",902
"stott2009",903
"stott1998",904
"stuiver1993",905
"sundqvist2014",906
"swingedouw2010",907
"szeicz1995",908
"tierney2015",909
"tingley2015",910
"tingley2012",911
"tingley2010",912
"tingley2013",913
"torrence1998",914
"touchan2014",915
"trenberth1984",107
"verosub2008",107
"vieira2010",107
"wagner2001",107
"wagner2005",107
"wang2015",107
"waple2002",107
"wiles2014",107
"wilson2016",107
"wilson2010",107
"wilson2007",107
"wilson2014",107
"wise2015",107
"youngblut2008",107
"zanchettin2012",107
"zhang2016",107
"zorita2003",107
"zwiers2000",107
"ivakin2001",43
"kjellstrom2012",43
"kjellstrom2013",916
"koktvedgaardzeiten1997",917
"kovalenko2006",918
"stolpe1992",43
"nerman1935",201
"helms1988",919
"andren1999",920
"andren2007",921
"back2012",922
"bandmann1951",923
"baudou1989",924
"berend2007",925
"blomkvist1998",926
"blomkvist2002",927
"brendalsmo1994",928
"brink1992",929
"ross2002",930
"diiwel1985",931
"dyggve1952",932
"fabech1991",933
"fehring1991",934
"gotfredsen1988",935
"graslund1992",936
"graslund2001",937
"graslund1993",938
"gren1989",939
"hallansstenholm2006",940
"hedeager1999",22
"hellstrom1996",941
"hernaes1999",942
"hildebrandt1985",943
"hultgard1997",944
"iregren1989",945
"janson1998",946
"jeppesen1991",947
"johannsen1981",948
"johansen1997",949
"krautheimer1942",950
"larsson2004",951
"liden1969",952
"ljungberg1938",953
"mcnicol1997",954
"meckseper1982",955
"nielsen1997",956
"nielsen2005",957
"nordahl1996",958
"olsen1966",202
"olsen1972",959
"rydh1969",960
"sandnes1987",961
"skre1995",962
"sondergaard1972",963
"stamsomunch1991",964
"sundqvist2007",29
"svensson2012",256
"theliander2003",29
"theliander2005",965
"vibemuller1991",29
"vikstrand2001",29
"devries1957",29
"wallander1994",29
"wideen1955",966
"zachrisson1963",29
"strand2010",967
"barber1991",968
"benderjorgensen1986",969
"benderjorgensen1987",970
"benderjorgensen1992",971
"benderjorgensen1995",972
"costin1991",973
"geijer1938",974
"geijer1980",975
"geijer1972",976
"gleba2008",237
"hald1980",237
"hedeagerkrag1994",977
"herlihy1964",237
"hagg1983",978
"hagg1984",237
"hagg1985",237
"hagg1986",979
"hagg1991",237
"ingstad1980",237
"michel2010",237
"martensson2007",237
"martensson2000",237
"pedersen1998",980
"waltonrogers1996",981
"waltonrogers2007",982
"kovalenko2012",43
"geibig1991",189
"zachrisson1998",22
"hookernd",983
"jay2006",984
"kalland2000",985
"kosiba2007",986
"lynnerup1998",987
"mcgovern1985",988
"mcgovern2000",989
"mcgovern1996",990
"mcgovern2005",991
"mcgovern2004",992
"muldner2007",993
"mohl1982",994
"adalsteinsson1990",995
"alexandersen2003",996
"arneborg1990",997
"balslevjorgensen2001",998
"barret2005",999
"bruun1928",1000
"commisso2006",1001
"commisso2007",1002
"enghoff2003",1003
"fricke1995",1004
"gullov2012",1005
"hebsgaard2009",1006
"vebaek1992",1007
"vebaek1993",1008
"oye2001",1009
"nelson2003",262
"nelson2012",1010
"olafsson2006",262
"privat2002",1011
"reitsema2010",262
"schweger1998",262
"simpson2002",262
"simpson2007",262
"edvardsson2012",262
"sveinbjornsdottir2010",262
"vebaek1991",262
"alberti2013",61
"andersson1998",1012
"andren1989",1013
"arrhenius1962",1014
"arrhenius1994",61
"arrhenius1997",1015
"arrhenius1932",1016
"arwillnordbladh2011",1017
"backdanielsson2010",100
"berg2007",1018
"bergqvist1999",61
"bragg1997",61
"brink2008",1019
"christensen2008",1020
"christensen2009",61
"christensen2010",1021
"gillespie2008",1022
"gilman2010",1023
"graslund2005",1024
"graslund2008",1025
"gronvik2008",1026
"hagberg1976",1027
"helmbrecht2007",1028
"hjorungdal1991",1029
"hardh2008",1030
"jansson1996",1031
"jensen2004",61
"johansson2008",1032
"jorgensen2002",1033
"jorgensen2008",1034
"kuper1988",1035
"larsson1997",1036
"lassen2003",61
"lundstrom1995",1037
"ljungkvist2005",1038
"lundgren2007",1039
"malmberg2009",1040
"malmberg2010",1041
"mannering2010",1042
"martinson1956",1043
"mauss1934",1044
"nasstrom2001",1045
"raudvere2008",1046
"ringkvist1969",1047
"roberts1999",1048
"silvers2009",1049
"solli1999",1050
"sonne2010",61
"steinsland2007",1051
"stolpe1912",1052
"sorensen1997",1053
"thomson1997",61
"vikingatidens1995",61
"weiner1985",24
"williams2011",1054
"schulzedorrlamm1995",189
"almgern1914",1055
"anderson1983",1056
"andersson1990",1057
"andersson1995",1058
"andersson2011",1059
"arne1932",1060
"arrhenius1976",1061
"bradley2002",265
"bradley2003",1062
"burstrom2012",1063
"chapman1997",1064
"chapman1977",1065
"chapman2006",1066
"climo2002",1067
"connerton1989",21
"delvin2007",1068
"dommasnes2006",1069
"dommasnes2008",1070
"duczko1985",1071
"jansson1985",1072
"jennbert2011",1073
"jensen2003",1074
"jones2007",21
"kaliff1999",1075
"kaliff2001",1076
"knappett2012",1077
"kokowski2010",1078
"tsamis2010",62
"lowenthal1999",62
"vonmuller1958",62
"nora1989",62
"nugent2012",62
"renfrew2004",62
"rowlands1993",1079
"rowlands1999",62
"sjogren2003",62
"vandyke2003",21
"williams2003",1080
"aqvist1996",21
"artelius1996",21
"baudou2004",1081
"bolin2004",1082
"bratt2008",21
"burstrom1989",21
"chippendale1983",1083
"gosden1994",1084
"gustavson1986",21
"lonnroth1977",265
"olivier1999",1085
"pollard2002",21
"sawyer2000",1086
"shanks1987",1087
"stromberg1968",21
"widholm2006",21
"williams2006",100
"zachrisson1994",1088
"pagesk2013",1089
"aberg1921",1090
"adamavbremen1984",1091
"ambrosiani1964",1092
"andersson1992",1093
"andersson1989",1094
"arend1978",1095
"axelsson1993",1096
"baer1998",1097
"baines1989",1098
"berg1987",1099
"bergman1948",1100
"berlo1983",1101
"bjurstrom1996",1102
"blair1989",1103
"brondsted1920",1104
"bugge1953",1105
"carlqvist1977",1106
"carlsson1985",1107
"christiansson1959",1108
"christophersen1982",1109
"claesson1982",1110
"clanchy1979",1111
"crocker1982",1112
"danbolt1989",1113
"ekblad1997",1114
"elgh1987",1115
"vonfriesen1913",1116
"fuglesang1978",1117
"odense1981",1118
"svardstrom1962",1119
"goody1977",1120
"graslund1985",1121
"gronvik1981",1122
"gronvik1985",1123
"gurevich1985",1124
"gustavson1988",1125
"hagenfeldt1996",1126
"hallencreutz1982",1127
"haseloff1981",1128
"hedeager1997",125
"herschend1994",1129
"hildebrandnd",1130
"holmback1943",1131
"holmqvist1951",1132
"holtsmark1960",1133
"hubler1996",1134
"hyenstrand1974",1135
"johansson1996",1136
"kallstrom1992",1137
"klindtjensen1975",1138
"kristoffersen1995",1139
"kyhlberg1983",1140
"lager1995",1141
"lagman1990",1142
"larsson1990",1143
"fornvannen1997",1144
"lindblad1992",1145
"lindell1994",1146
"lindkvist1988",1147
"lindqvist1931",1148
"lindstrom1992",1149
"lonnroth1982",1150
"marcus1992",1151
"meijer1992",1152
"moltke1974",1153
"mostrom1998",1154
"miillernd",1155
"og1911",1156
"ol1900",1157
"olason1989",1158
"ong1982",21
"orsnes1966",1159
"orsnes1969",1160
"owe1995",1161
"palm1992",1162
"peterson1994",1163
"petre1984",1164
"petre1993",1165
"philippa1977",1166
"ragnesten1978",1167
"randsborg1980",1168
"russell1994",1169
"salberger1978",1170
"salin1904",1171
"sandahl1996",1172
"sawyer1988",1173
"sawyer1993",1174
"schuck1935",1175
"segelberg1983",1176
"shetelig1909",1177
"sjoberg1985",1178
"snorres1997",1179
"soderberg1905",1180
"soderqvist1993",1181
"strid1987",1182
"sundqvist1996",1183
"svardstrom1936",1184
"svenbro1975",1185
"thrainsson1994",1186
"varenius1998",1187
"wamers1999",1188
"wijkander1983",1189
"williams1990",1190
"wilson1995",1191
"wilson1994",1192
"zanker1988",1193
"runinskrifter1984",1194
"garlandthomson2002",1195
"aarissorensen1988",1196
"aarissorensen2007",1197
"ambrosiani1981",1198
"arneborg1998",1199
"ashby2011",1200
"ashby2013",1201
"smith1995",1202
"barrett2011",1203
"bately2007",1204
"bencard1990",1205
"blaut1993",1206
"buchwald2006",1207
"buckley2011",1208
"buckley2009",1209
"buckley2014",1210
"callmer2002",1211
"sachensymposium2001",1212
"callmer2003",1213
"childe1950",1214
"clarke1991",1215
"coupland2010",1216
"coupland2011",1217
"cowgill2004",1218
"feveile2001",1219
"feveile2006",118
"fleming2009",1220
"galloway1981",1221
"henderson2005",1222
"hodges1982",1223
"hull2008",1224
"jantzen2013",1225
"keller2010",1226
"kirby2013",1227
"knappett2008",1228
"lie1991",1229
"ling2013",1230
"loveluck2006",1231
"madsen1984",1232
"madsen2004",1233
"madsen2014",1234
"mahler2007",1235
"mainman1999",1236
"mattingly2013",1237
"miksic2000",1238
"muller2012",1239
"nasman2000",1240
"nasman2003",1241
"nesje2012",1242
"rau2010",1243
"renfrew2008",1244
"riddler2003",1245
"rieck2006",1246
"roesdahl2003",1247
"lewissimpson2000",1248
"roesdahl2001",1249
"schyman2012",1250
"sinclair2012",1251
"skov1997",63
"skov1999",63
"skov2006",63
"skov2010",63
"skre2007",63
"smirnova2002",63
"stephan1994",63
"stewart2013",63
"strohalm2010",63
"taylor2012",63
"theuws2004",63
"trigger2008",63
"ulbricht1978",63
"vandoorn2014",63
"verhulst1994",63
"weber1995",63
"wigh2001",63
"yoffee2005",63
"boric2008",1252
"goransson1999",1253
"hirdman1988",1254
"joyce2005",1255
"muckenberger2012",1256
"nasstrom1986",1257
"vikingatidens1995a",1258
"almgren1905",1259
"arbman1945",1260
"artelius1999",1261
"artelius2002",1262
"berger1979",1263
"ross1998",1264
"edsman1987",1265
"fors2002",1266
"halbwachs1952",255
"jennbert1977",255
"lundborg1972",1267
"moon1987",255
"napier1992",255
"rappaport1999",1268
"rolston1987",255
"sahlstrom1948",255
"strom1967",255
"turner1983",255
"thomas1985",255
"vedelnd",1269
"wikstrom1993",255
"janson2009",62
"bergqvist1997",1270
"alberti2014",1271
"am2013",1272
"backdanielsson2012",1273
"barad2003",1274
"barad2007",1275
"burstrom1994",1276
"ccby2016",1277
"ekholm1950",1278
"fowler2015",1279
"graslund1991",1280
"jonsson2015",1281
"klos2009",1282
"koster2014",1283
"lager2002",1284
"larsson2010",1285
"lindeberg2009",1286
"mitchell2005",1287
"munn1986",68
"nielsen1941",68
"peterson2006",68
"dictionary2016",68
"runtextdatabas2015",68
"saol1998",68
"sjoborgnd",68
"brink1981",68
"hobsbawm1983",265
"jennbert2004",255
"wamers1987",1288
"frick1992",1289
"aatsleff2010",1290
"aberg1936",1291
"albrethsen2002",1292
"brandt2002",1293
"johansen1987",1294
"fraenkelschoorl1978",1295
"garipzanov1980",1296
"grahamcampbell1991",1297
"hyvass1986",1298
"jensen2006",1299
"jorgensen2003",117
"jorgensen2006",1300
"klingenberg1984",1301
"lennarrson1983",1302
"longley1975",1303
"macgregor1993",1304
"moesgaard2010",1305
"monge2003",1306
"nielsen2006",1307
"nielsen2004",1308
"olsen1981",1309
"olsen1977",142
"ryan1997",1310
"rygh2003",1311
"ulriksen1970",1312
"vandoorn2011",1313
"arneborg2003",1314
"arrhenius1995",1315
"ashby2006",1316
"smith1993",1317
"barrett2003",1318
"besteman2004",1319
"biddle2001",1320
"bolin1953",1321
"brettell2000",1322
"brooks1971",1323
"burstrom1993",1324
"byock2001",1325
"carver1990",1326
"carver1995",1327
"clover1988",1328
"coupland1998",1329
"crumlinpedersen1995",1330
"crumlinpedersen2007",1331
"dahljensen1998",1332
"dansgaard1975",1333
"downham2007",1334
"duczko2004",1335
"dumville2002",1336
"dyer2002",1337
"earle1997",1338
"edwards2005",1339
"englert2007",1340
"etchingham1996",1341
"etchingham2007",1342
"forenbaher2005",1343
"fossier1999",1344
"grahamcampbell1975",1345
"hadley2006",263
"halsall2003",1346
"hannon2005",1347
"hansen2000",1348
"haywood1999",1349
"heinsohn2003",1350
"hernaes1997",1351
"hill1981",1352
"hill2001",1353
"hills2003",1354
"hodges2006",1355
"hodges1983",1356
"holm1986",1357
"hunter2007",1358
"johnson2001",1359
"jonsson1911",1360
"karlsson1997",1361
"keegan2004",1362
"keynes1997",1363
"kristoffersen2004",1364
"kuhn1977",1365
"lund1989",1366
"magi1999",1367
"slavi1997",1368
"mccormick2001",1369
"michelli1993",1370
"minorsky1958",1371
"montgomery2006",1372
"montgomery2003",1373
"morris1998",1374
"mullerwille1994",1375
"myhre1987",1376
"myhre1993",1377
"nelson1991",1378
"nelson1997",1379
"nondier2002",1380
"croinin1995",1381
"oppenheimer2007",1382
"owen1999",1383
"paterson2001",1384
"pirenne1939",1385
"reuter1985",1386
"richards2000",1387
"ridel2007",1388
"roesdahl1991",1389
"santiagoirizarry2008",70
"sawyer1982",70
"scholz1970",70
"simek2004",70
"skre2001",70
"small1973",70
"stefansson2003",70
"vesteinsson2006",232
"wallace2003",70
"warner1976",70
"weber1992",70
"westerdahl2008",70
"wicker1998",70
"woolf2007",70
"wormald1982",70
"runicdictionary2016",68
"samnordiskruntextdatabas2016",68
"nilsson1996",1390
"moltke1942",68
"aughdal1979",1391
"baug2011",1392
"baug2013",1393
"bergstrom2007",1394
"brodshaug1950",1395
"campbell1939",1396
"carelli1997",1397
"cederlund1964",1398
"christophersen1999",1399
"ek1962",1400
"fisher2004",1401
"forster2004",1402
"friisnd",1403
"granlund1956",1404
"grenne2008",1405
"gron1939",1406
"gron1942",1407
"hamilton1956",1408
"helberg2010",1409
"helle1982",1410
"jensen1990",1411
"kaland1987",1412
"kristiansen2009",1413
"processing2009",1414
"kristensen1999",1415
"molaug1982",1416
"keysernd",1417
"magnusnd",133
"petersen1951",1418
"reiersen1999",133
"resi1979",1419
"rnregestanorvegica1989",133
"roesdahl1980",133
"sindbaek2005",1420
"skaarup2009",133
"skjolsvold1961",1421
"smith1999",133
"steensberg1964",133
"steuer1987",278
"tengesdal2010",133
"vangstad2003",1422
"viklund2007",133
"visted1975",133
"weber1984",1423
"weber1989",1424
"weber1999",133
"oye2002",1425
"oye2009",133
"bockman1997",1426
"gjerpe2005",1427
"glorstad2008",1428
"gudmundsdottir2003",1429
"hufthammer2016",1430
"harke2014",1431
"iversen1999",1432
"jezek2015",1433
"kristoffersen2006",1434
"meling2014",1435
"metcalf1991",155
"moberg1992",1436
"mullerwille1977",1437
"ohlhaver1939",155
"roberts2015",155
"ronne2002",1438
"sauvage2005",155
"straume1984",1439
"wallander1989",1440
"ostigard2006",155
"fuglesang1986",241
"larsen1989",241
"andersson2005",1441
"artelius2010",1442
"borgeaud1987",1443
"boyend",1444
"burke1989",1445
"edmonds1999",1446
"fernholm1982",1447
"gosden1998",1448
"hansson1991",1449
"hemmendorff1980",1450
"stenholm2004",57
"jennbert1991",57
"lindqvist2010",1451
"lundborg2007",57
"nagy1976",57
"olson1968",57
"rudbeck1978",57
"stromberg2005",57
"zuesse1987",57
"ayliffe1990",1452
"balasse2003",1453
"batey1998",1454
"becker1998",1455
"becker2011",1456
"behre2008",1457
"benecke1982",1458
"bentley2006",1459
"bosl2006",1460
"butzler1986",1461
"buzon2010",1462
"clementz2001",1463
"doppler2010",1464
"drouet2005",1465
"elsner1989",1466
"frei2011",1467
"fricke1998",1468
"fry2006",1469
"grupe2009",1470
"grupe2010",1471
"grupe2012",1472
"heinrich1987",1473
"heinrich2006",1474
"huster1983",1475
"jacomet2010",1476
"koch2007",1477
"kohn1996",152
"kohn2002",1478
"layman2007",1479
"leethorp1989",1480
"lepiksaar1977",1481
"mewis2004",1482
"miller2010",1483
"mullerwille2002",1484
"newsome2004",1485
"oconnor2004",1486
"phillips2003",1487
"pieper1995",1488
"reichstein1991",1489
"reichstein1966",1490
"rozanski1992",1491
"schmolcke2006",1492
"schoeninger1984",270
"sjogren2009",1493
"smed2002",270
"stephan2008",270
"stevens2006",270
"surge2005",270
"taastrom1999",270
"tieszen1991",270
"vogel1989",270
"vogel2002",270
"vonlehmann1986",270
"west2010",270
"dommasnes1976",224
"stylegar2010",1494
"stylegar2014",155
"straume1986",1495
"tarlow2016",100
"oye1985",155
"bmasstrom2001",57
"lindqvist2012",57
"adams1991",1496
"arnold2012",1497
"bailey1990",1498
"bailey2015",1499
"bailey2007",1500
"beck2014",1501
"becker1966",1502
"becker1971",1503
"berggren2009",1504
"bille2016",1505
"bloch1977",1506
"boivin2008",1507
"bowker2005",1508
"cobb2012",1509
"delanda2006",1510
"delanda2016",1511
"deleuze2005",1512
"edgeworth2012",1513
"eisenschmidt2013",1514
"ejstrud2000",1515
"fahlander2003",1516
"felding2013",1517
"fundfortidsminder2017",1518
"gell1992",1519
"gerritsen1999",1520
"gerritsen2008",1521
"gosden2015",1522
"gramsch1996",1523
"hamilakis2017",1524
"hansen2015",1525
"harris1989",1526
"holst1999",1527
"holtorf1998",1528
"holtorf2002",1529
"hvass1983",1530
"hvass1985",1531
"ingold2010",1532
"jensen2005",1533
"joy2009",1534
"larsen2007",1535
"laursen2017",1536
"lucas2005",1537
"lucas2008",1538
"lucas2012",1539
"mcanany2009",1540
"mikkelsen1998",1541
"sekretariat1997",1542
"mikkelsen2016",1543
"moller2010",1544
"mud2014",1545
"muller1906",1546
"munn1992",1547
"nasman1987",1548
"nativ2017",1549
"olivier2011",1550
"olsen1968",1551
"pauketat2005",1552
"pearson1994",1553
"reynolds1994",1554
"rosenberg2010",1555
"shennan1993",128
"slotsogkulturstyrelsen2017",128
"sorensen2015",128
"thomas1996",1556
"tornbjerg1998",1557
"tringham2000",128
"vanoyen2015",128
"villumsen2013",128
"witmore2013",128
"zimmermann1998",128
"anckers1993",265
"andersson1999",1558
"brown1991",265
"cassel2004",1559
"cnattingius1930",265
"foxhall2000",1560
"gilchrist2004",265
"jonsson2003",1561
"kallen2004",1562
"moberg1987",1563
"olivier2004",1564
"palm2004",265
"ralph2005",265
"vandyke2003b",1565
"wessen1958",265
"widmark1993",265
"askvik1990",1566
"askvik2008",1567
"askvik2014",1568
"bakmark2014",1569
"bazelmans2009",1570
"berglund1995",1571
"bos2005",1572
"bratrein1994",1573
"buchwald2005",1574
"callmer1991",1575
"callmer1998",1576
"callmer2007",1577
"coupland2002",1578
"crosby1987",1579
"curta2007",1580
"delvaux2017",1581
"downham2011",67
"eldorhagen2001",1582
"ellis1969",1583
"ellmers1985",1584
"etchingham2014",1585
"feveile2000",1586
"gardner2007",1587
"gaunt2000",1588
"hald1991",1589
"hansen2017a",1590
"hines1999",1591
"hodges2001",1592
"holand2003",1593
"holberg2015",1594
"holm2015",1595
"iversen2018",1596
"jansen2001",1597
"jellema1955",1598
"jesch2009",1599
"kars1983",1600
"knol2017",1601
"koht1919",1602
"krol2006",1603
"lebecq1990",1604
"lebecq1999",1605
"ljungkvist2009",1606
"lonaas2001",1607
"moore1978",1608
"moore1983",1609
"myrvoll1991",1610
"nasman1986",1611
"nicolay2005",1612
"nicolay2017",1613
"nilsen2016",1614
"corrain1998",1615
"pilo2011a",1616
"resi1990",1617
"resi2008",1618
"roesdahl1995",1619
"schreiner1928",1620
"sheehan2008",1621
"sitzmann2008",1622
"sjovold1974",1623
"skre2018",1624
"sode2017",1625
"stenvik1997",1626
"storli2006",1627
"svennung1967",1628
"walther2004",1629
"wickham2008",1630
"wilson1985",1631
"wood1983",1632
"plogmann2006",270
"bonde1994",1633
"brogger1917",95
"dybwad1908",95
"johansen2016",95
"kluwernd",95
"mullerwille1970",1634
"paasche2010",95
"grahamcampbell2004",1635
"thomsen2009",1636
"aud1996",1637
"aud1997",1638
"wamers2005",1639
"lennarrsson1999",1640
"brondsted1924",1641
"skovmand1942",1642
"wamers1991",1643
"lennartsson1999",1644
"andersen1995",1645
"brucemitford2005",1646
"roth2002",1647
"wamers1994a",1648
"aud1992",1649
"aarsleff2008",1650
"adamsen1997",1651
"albrethsen2008",1652
"lindahl1984",1653
"thorvildsen1957",1654
"bradley1998",1655
"ambrosiani1984",1656
"bergstel1997",81
"bergsvik2001",81
"boaz1999",81
"skre1998",202
"strade1997",81
"solberg2000",1657
"storli1994",81
"sorensen1979",81
"shetelig1917",1658
"norseng2010",95
"allmae2011",152
"andersen1991",1659
"axboe1995",1660
"baillie1982",1661
"baillie1973",1662
"bjorkvik1999",1663
"bonde1995",1664
"bonde1997",1665
"bonde2005",1666
"bonde2007",1667
"bonde1993",1668
"bonde1982",22
"bonde2009",1669
"brathen1982",1670
"brogger1951",1671
"brucemitford1964",1672
"carver1998",187
"christensen1995",1673
"christensen1993",1674
"christensen2003",1675
"christensen2007",1676
"christensen1994",1677
"christensen1998",1678
"eckstein1977",50
"euforgen2009",1679
"evison2008",1680
"faegri1954",1681
"filmersankey1992",1682
"grieg1928",1683
"hines1992",1684
"hines1993",1685
"holand2001",74
"hulten1971",1686
"hutchinson1994",1687
"kaennel1995",1688
"lorangend",1689
"marsden1996",1690
"mullerwille1974",1691
"mullerwille1995",1692
"myhre1980",1693
"myhre1998",1694
"myking2011",1695
"naess1969",1696
"nasman1984",1697
"nerman1948",1698
"nordenborgmyhre2004",1699
"opedal1998",1700
"opedal2005",1701
"peets2013",152
"reiersen2009",1702
"roesdahl1994",1703
"schetelig1902",176
"schetelig1906",176
"schetelig1912",1704
"shetelig1940",1705
"sorensen2001",1706
"sylvester2009",176
"vadstrup1994",176
"mcleod2014",74
"roesdahl2005",1707
"verhulst2002",1708
"vinsrygg1979",74
"andersen1988",1709
"smith2007",1710
"barret2006",1711
"barret2000",1712
"blackburn2008",1713
"brink2008b",1714
"brooks1979",1715
"buckland1990",1716
"carver2004",1717
"crumlinpederson1995",1718
"downham2000",1719
"forsyth1995",1720
"grahamcampbell1995",1721
"grahamcampbell1998",1722
"grahamcampbell2001",1723
"grahamcampbell2003",1724
"gudmundsson1965",1725
"hermannsaudardotir1991",1726
"hines1996",1727
"howlet1999",1728
"metcalf2007",1729
"roesdahl2003b",1730
"myhre2003",1731
"paasche2006",1732
"ralston1997",1733
"randsborg1995",1734
"randsborg2000",1735
"smyth1984",1736
"wamers1998a",67
"weber1991",1737
"whitelock1961",1738
"mierow1915",74
"andersen1989",1739
"benderjorgensen2005",1740
"christiansen2004",1741
"cooke2002",1742
"cooke2005",1743
"damgardsorensen1998",1744
"dybdahl1990",1745
"eldjarn1988",1746
"eldjarn1990",1747
"elstad2002",1748
"elstad2004",1749
"hoeghnd",1750
"kastholm2009",1751
"kaup1996",1752
"kjellmo1996",1753
"kvamme2004",260
"lightfoot1996",260
"lightfoot1997",260
"myhre2002",1754
"martensson2006",260
"norgard1999",22
"olsennd",260
"olufsennd",260
"rabben2002",1755
"traetteberg1999",260
"franckenwelz2003",260
"westerdahl1995",260
"amundsen2003",81
"alfsen1979",85
"baug2002",1756
"birkedahl1997",85
"birkedahl2000",85
"bl1923",85
"christophersen1991",85
"crawford2002",85
"gestsson1959",85
"morcken1964",85
"nielssen2014",1757
"nymoen2011",85
"pilo2007",272
"risbol1994",1758
"schou2007",1759
"schon1995",1760
"sigurdsson1999",1761
"jones1999",1762
"bill2013",44
"callmer1977",1763
"gansum1995",44
"hinsch1945",1764
"hjardar2011",44
"hougen1993",44
"jankuhn1986",1765
"karageorghis1999",44
"kilger2008",1766
"kleingartner2014",1767
"larsen2011",1768
"martens1988",1769
"oye2011",1770
"pedersen2001",44
"rispling2008",44
"ros2009",44
"sperber1996",1771
"steuer1997",44
"wiker2006",44
"bender2002",260
"rasteicher2008",260
"brather1992",187
"capelle1978",1772
"capelle2000",187
"daly2011",187
"geary1994",1773
"holck2009",35
"krogh1982",1774
"kummel2009",187
"larsen2004",1775
"marstrander1986",187
"mullerwille1976",116
"mullerwille1992",187
"nicolaysennda",1776
"randsborg1998",1777
"roesdahl2008",1778
"sigurdsson2003",187
"steinsland2002",1779
"vanhaperen2010",187
"berg2015",1780
"anderson1907",1781
"becket2010",246
"curle1982",246
"dickson2000",246
"edlin1973",246
"fentz1992",246
"grahamcampbell2002",1782
"grieg1940",1783
"grieve1923",246
"harman1981",246
"loder1935",246
"morgan2012",246
"mcneillnd",246
"ottaway1992",1784
"allerton2007",1785
"barthes1971",1786
"barthes1986",1787
"bellamy2012",1788
"bender1998",1789
"blackwell2007",1790
"blackwell2012",1791
"brisholm1997",1792
"burstrom1996",1793
"burstrom1998",1794
"dannehl2009",1795
"demarrais2004",1796
"denzin1989",1797
"derrida1978",1798
"douglas1993",1799
"eckardt2003",1800
"elfver2008",1801
"epstein1991",1802
"foucault1978",1803
"friedel1993",1804
"gaitanammann2005",1805
"gilchrist2000",1806
"gildonnd",1807
"golofast2003",1808
"gordon2009",1809
"gosden2005",24
"halse2006",1810
"hamilakis1999",1811
"hardh1996",278
"heffernan1988",1812
"herva2010",1813
"hibbert1969",1814
"hicks2010",1815
"hodder2012",1816
"holtorf2001",1817
"holtorf2008",1818
"hoskins1998",24
"humphrey2003",1819
"johnsonnd",1820
"jonsdottir1982",1821
"jonsson1997",1822
"joy2000",1823
"joyce2000",1824
"kilnernd",1825
"kopytoff1986",24
"lamb2011",1826
"lamotta2012",1827
"latour1992",1828
"lindqvist1936",1829
"martindale2009",1830
"mcnaughton2006",1831
"meskell2004",1832
"meskell2005",1833
"michell1982",1834
"miller2000",1835
"nevett1999",1836
"novarr1986",1837
"olsen2003",1838
"olsen2010",1839
"olsen2012",1840
"ostergren1990",1841
"polkey1999",1842
"roos2003",1843
"roymans1995",1844
"shanks1998",1845
"sofaer2007",1846
"spangen2005",1847
"stewart1993",1848
"strathern1988",1849
"thompsonnd",1850
"tilley1996",1851
"valenze2006",200
"vellinga1999",200
"weiner1992",1852
"wilson2008",1853
"witmore2007",200
"woolf1967",200
"armstrong2017",1854
"boggs2016",1855
"boyd2009",1856
"cooper2012",1857
"costanza2007",1858
"crumley1993",1859
"crumley2015",1860
"ipcc2014",1861
"lane2015",1862
"nelson2016",1863
"nielsen2013",1864
"obrien2012",1865
"odlingsmee2013",1866
"riede2018",1867
"rockman2009",1868
"rockman2012",1869
"svenning2013",1870
"whitehead1998",1871
"schetelig1917",1872
"andersson2007",1873
"biddle1976",1874
"christiansen2006",1875
"dommasnes1982",1876
"easthope2004",1877
"flanders2004",1878
"geraghty1996",1879
"gonzalesmarcen2008",1880
"hall1994",261
"hamerow2002",228
"hurley1997",1881
"jesch1991",1882
"kelly1988",1883
"mcalister2003",261
"milek2006",1884
"munch2003",1885
"osullivan2008",1886
"corrain1983",261
"corrain2005",261
"perring1981",1887
"reilly2003",261
"simpson1999",1888
"simpson2006",261
"stocker2003",261
"valante2008",1889
"wallace1992",261
"wallace2000",261
"wallace2005",261
"wallace2008",1890
"andersson2000",1891
"artursson2005",1892
"bantelmann1975",1893
"beck2004",1894
"bennett2005",1895
"bjorhem1993",1896
"boozer2015",1897
"boye1992",1898
"boye1998",1899
"carlie2005",1900
"carlie2008",1901
"carstens2015",1902
"christensen1973",1903
"christensen2015",124
"eriksen2009",1904
"ethelberg2003",228
"ford1954",1905
"fowler2017",1906
"gjerlevsen2013",1907
"gram2006",1908
"graslund1987",1909
"hakansson2012",1910
"hansen1991",1911
"harrison2011",1912
"hatt1928",1913
"heimer2009",1914
"heimer2006",1915
"herschend1993",1916
"hill1972",1917
"hvass1980",1918
"jensen1986",1919
"jensen1987",1920
"jessen2012",1921
"jessen2003",1922
"jorgensen1995",1923
"kling1984",1924
"komber2001",1925
"komber1999",1926
"krieger1944",1927
"kristensen2015",1928
"lucas2014",1929
"lucas2016",1930
"martens2005",1931
"mikkelsen2003",1932
"mimisson2016",1933
"moller2009",1934
"nielsen1980",1935
"nielsen1998",1936
"nissen1998",1937
"norlund1948",124
"normark2009",1938
"normark2010",1939
"nylen2009",1940
"olesen1998",1941
"pagh2007",1942
"pedersen2012",1943
"petersen2010",1944
"poulsen2014",1945
"rasmussen1994",1946
"rouse1960",1947
"schietzel1981",1948
"schmidt1994",1949
"schultz2015",1950
"siemen2014",1951
"skov1994",1952
"sorensen2011",1953
"sorensen2017",1954
"sovso2013",1955
"spaulding1953",1956
"steward1954",1957
"stouman1980",1958
"tornbjerg2002",1959
"vale2017",89
"villumsen2017",89
"waterbolk1994",89
"witmore2014",89
"zimmermann2001",89
"gale2000",246
"graslund1980",1960
"bill2019",1961
"acker2007",1962
"andersen1993",1963
"aethelweard1962",1964
"bell1969",1965
"bill1991",1966
"bill2009",1967
"bill2015",1968
"bill2018",1969
"birgisson2008",1970
"bischoff1998",1971
"bonde2011",1972
"bratt2004",1973
"brookes2007",1974
"bruce2002",1975
"brucemitford1952",1976
"brucemitford1978",1977
"byock2013",1978
"cannell2011",1979
"capelle2004",1980
"carver1992",1981
"carver2000",1982
"chase1981",1983
"christensen2016",1984
"crosman1980",1985
"crumlinpedersen1991",1986
"crumlinpedersen1997",1987
"crumlinpedersen2002",1988
"daly2007",1989
"damico2015",1990
"dronkeduchatellier1908",1991
"dusse2013",1992
"engevik2011",1993
"englund1979",1994
"ericsson2005",1995
"farbregd1969",1996
"fett1936",1997
"fidjestol1994",1998
"filmersankey1990",1999
"filmersankey2001",2000
"frank1997",2001
"friisjensen1984",2002
"fritzner1973",2003
"fulk2012",2004
"goeres2015",2005
"grammaticus2005",2006
"grimes2013",2007
"hedeager1996",2008
"hedeager2000",2009
"helgesson2004",2010
"henriksen2016",2011
"holst2017",2012
"hulth2013",2013
"jonsson1923",2014
"krag1991",2015
"krag2012",2016
"larsson2011",2017
"lawson1981",2018
"leontev2017",2019
"lindow1997",2020
"ljungkvist2008",188
"lorangenda",2021
"lonnroth1986",2022
"madsen1997",2023
"malmer1966",2024
"marold2012",2025
"maryon1946",2026
"meri2002",2027
"montgomery2000",2028
"mooney2016",2029
"mundal2018",2030
"myhre1966",2031
"myrvoll2014",2032
"neidorf2016",2033
"newton1993",2034
"nicolaysenndb",2035
"nordman1987",2036
"norr1998",2037
"north2007",2038
"north2011",2039
"jorgensen1999",2040
"opedal1996",2041
"oskarsdottir1994",2042
"ostigard2015",2043
"pedersen2003",2044
"petersen1927",2045
"poel2016",2046
"pollington2008",2047
"ramskou1976",2048
"rieck1988",2049
"ringstad2004",2050
"risberg2011",2051
"sapp2000",2052
"schetelig1905",2053
"schon1999",2054
"sellevold1998",2055
"shetelig1929",2056
"skre2014",2057
"sorokin1997",2058
"spurkland2005",283
"stefanovich2016",283
"steinsland1991",283
"stenvik1996",283
"sturluson1982",283
"sundqvist2000",2059
"sorensen2006",283
"turvillepetre1964",283
"varenius1992",2060
"vestergaard2007",283
"warmind1995",283
"appadurai1986a",24
"dionysiusnd",200
"amorosi1997",2061
"arnalds2004",2062
"atalay2012",2063
"balee2006",2064
"bolender2012",2065
"bolender2008",2066
"bourdieu1980",2067
"braje2015",2068
"braje2013",2069
"briggs2006",2070
"brownlow2006",2071
"butzer1975",2072
"caseldine2010",2073
"catlin2011",2074
"catlin2013",2075
"catlin2014",2076
"chadwick2013",2077
"chase2014",2078
"correia2013",2079
"crofts2011",2080
"cronon1991",2081
"crumley2003",2082
"crutzen2000",2083
"dasmann1976",2084
"dugmore2004",232
"dugmore2009",2085
"earle2002",2086
"einarsson2015",2087
"ensor2003",2088
"fisher2005",2089
"fisher2009",2090
"foley2013",2091
"hicks2014",2092
"hilger2015",2093
"hill2009",2094
"hodder2004",2095
"ingold1993",24
"johnson2012",2096
"kennett2013",2097
"klein2015",2098
"lansing2007",2099
"larkin2013",2100
"lefebvre1991",2101
"lentfer2002",2102
"lightfoot1998",2103
"logan2013",2104
"mcgovern2007",2105
"melville1990",2106
"mitchell2003",2107
"morton2013",2108
"mrozowski2006",2109
"mrozowski2011",2110
"norgaard2011",2111
"ogilvie2010",2112
"palsson2013",2113
"redman2005",2114
"reitz2012",2115
"robin2006",2116
"rull2013",2117
"steffen2011",2118
"steward1955",2119
"streeter2013",2120
"streeter2015",2121
"stump2013",226
"thomson2006",226
"thorarinsson1944",2122
"thorhallsdottir2013",226
"vandenoort2013",226
"vanderleeuw2014",226
"wilson1989",226
"woodbridge2012",226
"young2007",226
"miller2012",2123
"arrhenius2009",254
"fleischer2003",254
"franceschi2005",254
"gabriel1991",254
"klaesoe2003",254
"larsen1991",254
"lindow2001",254
"mackeprang1935",254
"mango2002",254
"nielsen2001",254
"orsnes1990",254
"pesch2005",254
"petersen2005",2124
"roesdahl1977",2125
"thrane2005",254
"voss1990",254
"watt2003",254
"callan1927",2126
"brink2002",2127
"brogger1945",2128
"falk2008",2129
"gjaerder1952",2130
"gjessing1943",2131
"gotfredsen2003",2132
"grieg1937",2133
"grotowski2009",2134
"gudni1945",2135
"hauck1973",2136
"hellers2012",2137
"hultgard2008",2138
"jesch2000",2139
"johns1982",2140
"kolstrup1993",2141
"korsvoll2011",2142
"lund1974",2143
"macleod2006",2144
"maixner2004",2145
"mckinnell2004",2146
"melsom2003",2147
"meyer1999",2148
"ullerwille1985",2149
"muncknd",2150
"nordland1951",2151
"price2013",2152
"pyysiainen2004",2153
"resi2013",94
"ritner1988",94
"roesdahl1998",94
"schetelig1920",2154
"thrane1998",94
"thurston1907",94
"weber2012",94
"wilk2000",94
"arrhenius1961",2155
"imer2004",94
"adams2004",2156
"arndt2007",2157
"andersen2017",2158
"bagge2016",2159
"bagge2004",2160
"bauduin2009",2161
"callmer2009",2162
"corrochano2014",2163
"curta2011",2164
"deckers2017",2165
"deckers2012",2166
"dobat2016",2167
"eisenschmidt2004",2168
"fried1994",2169
"garipzanov2008",2170
"gazzoli2011",2171
"henstra2012",2172
"ijssennaggervanderpluijm2017",2173
"jansson1997",2174
"jesch2004",2175
"juul2017",2176
"kleiminger1993",2177
"knol2001",2178
"knol1993",2179
"knol1999",2180
"kramer2000",2181
"kramer1996",2182
"baume1952",82
"lebecq1983",82
"lund1990",82
"lund2003",22
"mcleod2007",82
"nelson2008",82
"nicolay2014",82
"nijdam2009",82
"nasman2006",117
"price2009",82
"prummel2000",82
"prummel2001",82
"pohl1998",82
"reimitz2008",82
"reuter1991",82
"richards2010",82
"roesdahl1996",2183
"roesdahl1992",82
"roxburgh2013",82
"samplonius1998",82
"sindbaek2008",2184
"steuer1974",82
"tummuscheit2018",82
"urbanczyk2009",82
"wawn2002",82
"zettel1977",82
"benecke1994",2185
"bergmannnd",2186
"cluttonbrock1999",2187
"cluttonbrock2012",2188
"damm2000",2189
"davis1978",2190
"degerbol1933",2191
"driscoll2009",2192
"driscoll2007",2193
"engels2001",2194
"ewing1981",2195
"faure2009",2196
"french1988",2197
"gotfredsen2017",2198
"grigson1969",2199
"grigson1989",2200
"hatting1990",2201
"hatting1991",2202
"hatting2004",2203
"jansen1988",2204
"johansson1987",2205
"jorgensen1992",117
"kitchener1991",2206
"knospe1988",2207
"kratochvil1973",2208
"kratochvil1976",2209
"kratochvil1977",2210
"kveiborg2007",2211
"meadow1989",2212
"mohl1961",2213
"mohl1971",2214
"mohl2010",2215
"nyegaard1998",2216
"oconnor2007",2217
"ostergaard2016",2218
"ottoni2017",2219
"petrov1992",2220
"pitakarnnop2017",2221
"rantzau2015",2222
"steineke2017",2223
"tchernov1984",2224
"tchernov1991",274
"tomtov2009",274
"tomtov2008",274
"tomtov2003",274
"neer2014",274
"vigne2015",274
"vigne2004",274
"zohary1991",274
"andersen2003",2225
"andrews1997",2226
"samling1985",2227
"auch2012",2228
"barrett2007",2229
"becker1979",2230
"bencard1973",2231
"bencard1974",2232
"bencard1979",2233
"bencard1970",2234
"benderjorgensen1991",2235
"benderjorgensen2004",2236
"blackmore2001",2237
"bult1988",2238
"callmer1981",2239
"callmer1984",2240
"capelle1980",2241
"croix2014b",2242
"demannd",2243
"ennen1972",2244
"feveile2010",2245
"feveile1998",2246
"frandsen1986",2247
"frandsen1987",2248
"frandsen1988",2249
"frandsen2006a",2250
"haarnagel1941",2251
"haarnagel1963",2252
"hamerow2007",2253
"hamerow2011",2254
"harris1975",2255
"helle2006",2256
"herrmann1978",2257
"herrmann1982",2258
"herschend2009",2259
"hines1994",2260
"hodges1988",2261
"hodges1996",2262
"jagodzinski1991",2263
"jankuhn1971",2264
"jankuhn1985",2265
"kuzmin2000",2266
"lucas2001",2267
"lundstrom1981",2268
"malcolm2003",2269
"milek2007",2270
"olsen1975",2271
"reynolds1977",2272
"sedov1985",2273
"siegmuller2010",2274
"stanislawski2011",2275
"steuer1980",2276
"steuer2007",2277
"stiff2001",2278
"sovso2010",2279
"ufkes2011",2280
"urbanczyk1994",2281
"urbanczyk2007",2282
"vanes2009",2283
"bredsdorff1973",142
"mauritsen2015",142
"tornbjerg1989",142
"cluttonbrock1984",274
"adamsen2009",2284
"adriansen2003",2285
"andersen2010",2286
"asingh2001",2287
"axboe2010",2288
"bjornskov2011",2289
"voncarnapbornheim2012",2290
"christiansen2008",2291
"fabech1999",2292
"fabech1995",2293
"fischer1983",256
"garrison2009",2294
"gregory1984",2295
"hansen2012",2296
"hardh1999",2297
"hardh2003",2298
"hedeager2001",2299
"henriksen2000",2300
"henriksen2010",2301
"henriksen2011",2302
"horsnaes2002",2303
"horsnaes2010",2304
"iversen1993",2305
"jorgensen2001",2306
"kristiansen1981",2307
"makeler2003",2308
"moesgaard2009",2309
"museumsloven2006",2310
"nielsen2012",2311
"nielsen1993",2312
"olsen2009",2313
"paulsson1999",256
"petersen1991",2314
"rasmussen2007",2315
"sorensen1991",2316
"eds1998",2317
"thrane1991",2318
"thomas2012",2319
"ulriksen1994",2320
"ulst2012",132
"ames2012",2321
"angelbeck2012",2322
"bican1992",2323
"brink1998",2324
"callmer1995",2325
"carballo2016",2326
"carlsson1989",2327
"christaller1933",2328
"christensen2014",2329
"crumley1976",2330
"dam2015",2331
"earle2015",2332
"fabech1998",22
"foucault1980",2333
"foucault1997",2334
"gammeltoft2012",2335
"giddens1976",2336
"gogsigjakobsennd",2337
"helgesson1998",2338
"hirth1996",181
"iversen2011",2339
"jorgensen1998",181
"larsson2003",181
"mcguire1996",181
"myrdal2011",181
"ramskou1970",181
"saitta1998",181
"skre2010",2340
"trigger2003",2341
"ulsig2011",181
"aarissorensen2004",274
"abrams1989",2342
"aufderheide1998",2343
"barnes1994",2344
"bass1995",2345
"beard2000",2346
"brettell2012",2347
"brothwell1972",2348
"buckberry2004",2349
"buckberry2007",2350
"buckberry2010",2351
"buckberry2002",2352
"cox2000",2353
"darling2003",263
"daux2008",2354
"ericson1985",2355
"evans2006",2356
"evans2010",2357
"evans2012",2358
"hadley1997",2359
"hadley2000",2360
"hadley2001",2361
"hadley2002",2362
"hadley2005",2363
"hall2000",2364
"hamilton2014",2365
"hedges2007",2366
"iscan1984",2367
"iscan1985",2368
"liden1994",2369
"longinelli1984",2370
"lovejoy1985",2371
"lucy2005",2372
"map2005",2373
"maresh1970",174
"mays2000",174
"meindl1985",174
"montgomery2007",174
"montgomery2009",174
"montgomery2011",174
"rasmussen2001",142
"tornbjerg1994",142
"adams1992",2374
"aldeias2016",2375
"arroyokalin2017",2376
"baneijea2015",2377
"barker1977",2378
"benyarku2005",2379
"berggren2003",2380
"borderie2015",2381
"borderie2019",2382
"bowsher2007",2383
"burch2011",2384
"canti2001",2385
"carver2005",2386
"carver2009",2387
"carver2012",2388
"carver2016",2389
"carver2015a",2390
"chadwick1998",2391
"clark1992",2392
"courty1989",196
"deroo2016",2393
"doneus2005",2394
"drewett1999",2395
"fao2006",2396
"fedele1984",2397
"c2006",2398
"feveile1984",2399
"frandsen1984",2400
"french2015",2401
"friesem2017",2402
"galeazzi2016",2403
"gasche1983",2404
"ge1993",2405
"geus2018",2406
"goldberg2003",2407
"heimdahl2005",2408
"hodder1992",2409
"hodder1997",2410
"huisman2017",2411
"hummler2015",2412
"jupiter2018",2413
"karkanas2018",2414
"kimball2016",2415
"kooistrand",2416
"kraling2014",2417
"kristiansen2014",2418
"krupski2017",2419
"langohr1994",2420
"larsson2001",2421
"larsson2009",2422
"macphail2010",196
"macphail2003",2423
"mallol2017",2424
"g2017",2425
"nicosia2013",2426
"opitz2015",2427
"pavel2012",2428
"rentzel2017",2429
"ropke2017",2430
"roskams2001",2431
"saunders2000",2432
"schiffer1987",2433
"sode2010",2434
"stoops2003",2435
"tassie2015",2436
"turney2005",2437
"valente2017",2438
"vanriel2016",2439
"vepraskas2018",2440
"verleyen2017",2441
"vince1995",2442
"weiner2010",2443
"westman1994",2444
"wouters2018",2445
"wouters2019",2446
"wouters2017",2447
"jorgensen1991",2448
"riberhus1990",2449
"posthusskulptur1993",2450
"adderley2010",2451
"akeret2001",2452
"bellens2012",2453
"ball2009",2454
"borderie2011",2455
"brown1984",2456
"bullock1985",2457
"cammas2000",2458
"cammas2001",2459
"davidson2003",2460
"devos2012",2461
"devos2009",2462
"devos2011",2463
"fechner2004",2464
"fondrillon2007",2465
"fondrillon2009",2466
"fredlund1994",2467
"french2003",2468
"gebhardt1999",2469
"goldberg2006",196
"guelat1998",2470
"guttmann2006",2471
"jacobs2010",2472
"kaplan1992",2473
"kiden1991",2474
"kiden2006",2475
"langohr2001",2476
"langohr1976",2477
"macphail1994",2478
"macphail2001",196
"macphail2004",196
"macphail2007",196
"madella2012",2479
"madella2005",2480
"matthews2010",170
"nicosia2012",2481
"pape1966",170
"pieters1990",170
"romans1983",170
"simpson1998",170
"simpson2000",170
"simpson2005",2482
"tys2010",2483
"vandewalle1961",2484
"vanes1980",170
"vanheeringen1995",170
"verhaeghe2005",2485
"verhulst1978",2486
"vrydaghs2004",170
"vrydaghs2007",170
"wood1978",170
"wouters2012",2487
"sorensen2007",132
"tymorsdetektor2012",132
"watt2000a",132
"randsborg1994",2488
"ulriksen2013",132
"randsborg2007",132
"portableantiquitiesscheme2012",132
"leethorp2008",174
"tainter1988",2489
"hegmon2008",2490
"vesteinsson2007",2491
"vesteinsson2010",232
"mcgovern2009",2492
"church2005",2493
"trigg2009",2494
"fredskild1991",2495
"adderley2005",2496
"adderley2006",2497
"mcgovern2006",2498
"perdikaris2007",2499
"perdikaris2008",2500
"karlsson2000",2501
"mainland2005",2502
"brewington2010",2503
"meldgaard1986",2504
"vesteinsson2004",2505
"church2007",2506
"arnalds1987",2507
"sveinbjorndottir2010",2508
"mcgovern1988",2509
"arneborg2004",2510
"berkes2000",2511
"mcintosh2000",2512
"vasey1996",2513
"mikkelsen2008",51
"barlow1997",51
"patterson2010",51
"meeker2002",51
"oppenheimer2003",51
"ogilvie2009",2514
"cantor2001",51
"mageroy1993",51
"gullov2008",51
"ogden2007",174
"yorkarchaeologicaltrust1998",2515
"draganits2014",2516
"ackermann1999",2517
"agren2007",2518
"ambrosiani2008",2519
"anundsen1985",2520
"bill2010",2521
"bird2008",2522
"brogger1916",2523
"carver1994",2524
"challis2006",2525
"chappell1986",2526
"church2011",2527
"cuslrg2013",2528
"clark2009",2529
"crutchley2010",2530
"davis2000",2531
"doneus2011",2532
"doneus2013",2533
"ekman1996",2534
"ekman2009",2535
"eliassen2009",2536
"falck2013",2537
"fleming1998",2538
"gansum1997",2539
"gansum2007",2540
"gansum2008",2541
"gansum2009",2542
"gron1998",2543
"hafsten1983",2544
"hedeager1988",2545
"henningsmoen1978",2546
"hesnard2004",2547
"hesse2010",2548
"jerpasen1993",2549
"jerpasen1996",2550
"keller1993",2551
"keller1994",2552
"kierulf2012",2553
"klakegg1991",2554
"kokalj2011",2555
"lambeck1995",2556
"lambeck2010",2557
"lisiecki2005",2558
"mangerud2011",2559
"mitrovica2010",2560
"morhange2010",2561
"myhre1994",2562
"myhre1996",1
"myhre2013",2563
"nhs2011",2564
"nicolaysennde",2565
"ostigard2009",2566
"olesen2004",2567
"otvos2000",2568
"passe2001",2569
"pirazzoli1991",2570
"persson2008",2571
"persson2011",2572
"persson2012",2573
"pirazzoli1996",2574
"pugh2004",2575
"risbol2009",2576
"simpson2012",2577
"solberg2003",2578
"sorensen1999",286
"stabell1980",286
"stular2012",286
"tartaron2013",286
"trinks2007",2579
"vestol2006",286
"vorren2008",286
"watts2001",286
"wehr1999",286
"westerdahl1996",286
"woodroffe2002",286
"abulafia2011",2580
"angenendt2008",2581
"armstrong2009",2582
"arrhenius2011",2583
"augenti2010",2584
"battaglia2001",2585
"behr2014",2586
"museum2009",2587
"bougard2008",2588
"bowden2012",2589
"broodbank2013",2590
"mullerwille2007",2591
"dietrich2012",2592
"doherty1985",2593
"ekelund1994",2594
"gelichi2010",2595
"gelichi2013",2596
"gelichi2012",2597
"henning2007",2598
"henning2008",2599
"herschend1992",2600
"hill1997",2601
"horden2000",2602
"kelly2000",2603
"kocabas2008",2604
"lane2000",2605
"lebecq2000",2606
"liebeschuetz2000",2607
"loveluck2005",2608
"loveluck2007",2609
"loveluck2012",2610
"lowe2006",2611
"maldonadoramirez2011",2612
"marazzi2004",2613
"marsawa2011",2614
"mccormick1997",2615
"mccormick2007",2616
"mithen2011",2617
"mullerwille2010",2618
"nielsen1994",2619
"dwyer1981",2620
"maidin1996",2621
"osullivan2013",2622
"skre2012",2623
"soderberg2004",2624
"arbman1943",116
"barrett1991",2625
"belk1988",2626
"bruck2004",2627
"carlsson1983",2628
"devlin2007",2629
"fowler2004",24
"eriksson2014",2630
"gosden2004",2631
"imer2011",2632
"jones2005",2633
"keynes1983",2634
"king2004",2635
"krause1966",45
"lemonnier2012",45
"maixner2005",2636
"parkerpearson1999",155
"pearce2013",45
"linder2014",45
"stenberg2007",45
"stenberg2008",45
"akademiens2014",45
"thunmarknylen1983",45
"thunmarknylen1986",45
"thunmarknylen1998",2637
"tolkien1954",45
"tollerton2011",45
"tsigaridasglorstad2012",2638
"webmoor2008",2639
"alberti2016",2640
"ambrosiani1993",2641
"aries1962",2642
"bo1967",2643
"backe1993",2644
"bantelmann1955",2645
"bloch1995",2646
"brink2012",2647
"brown2008",2648
"bruck1999",2649
"callow2006",2650
"cannon2015",2651
"capelle1987",2652
"cuijpers1999",2653
"dedet1990",2654
"eriksen2010",2655
"eriksen2015",2656
"gamble2007",2657
"gejvall1955",2658
"gell1998",2659
"gottlieb2004",2660
"grindkasa2012",2661
"haarnagel1979",2662
"hamerow2006",2663
"hamilakis2013",2664
"hansen2006",2665
"harris2010",2666
"hausfater1984",2667
"holck2008",2668
"hrdy1992",2669
"hrdy1999",2670
"jones2010",2671
"jorgensen2014",2672
"kamp2001",2673
"karsten1994",2674
"kaul2003",2675
"lally2011",2676
"lally2008",2677
"lancy2008",2678
"lillehammer1989",2679
"lillehammer2008",2680
"lillehammer2011",2681
"lunde2011",2682
"menotti2014",2683
"meskell2002",2684
"mithen2000",2685
"moore2009",2686
"mundal1987",2687
"mundal1988",2688
"murphy2014",2689
"naumann2012",2690
"nielsen1987",111
"nielsen1986",2691
"pentikainen1990",111
"renck2000",2692
"roslund1990",111
"runge2009",111
"sawyer1992",2693
"scheperhughes1992",111
"schlabow1953",111
"schutz2001",111
"sellevold1987",111
"sofaerderevenski2000",2694
"tarlow2000",2695
"toedter2001",111
"ucko1969",111
"viveirosdecastro2004",111
"welinder1998",2696
"domeij1994",125
"domeij2004",2697
"shetelig1944",125
"steuer1994",125
"tomasdotterjakobsson1992",125
"tilley1994",125
"verhulst1999",2698
"wheatley1969",123
"wheatley1971",123
"wataghin2011",123
"wickham2012",123
"carver1993",123
"willemsen2010",123
"grimnesmal1985",2699
"landnamabok1997",2700
"andreeff2007",2701
"andren1993",2702
"andren1997",2703
"arrhenius1970",2704
"bardseth2009",2705
"beck2010",2706
"bell1992",2707
"bertell2006",2708
"blanton1995",2709
"blier1987",2710
"heyerdahllarsen1995",291
"bourdieu1977",2711
"bradley2005",2712
"brendalsmo1992",2713
"carlie2006",2714
"davidson1964",2715
"davidson1968",2716
"davidson1993",2717
"decerteau1984",2718
"eriksen2011",2719
"feilberg1907",2720
"fendin2006",2721
"fredriksen2002",2722
"gardela2011",138
"gennep1960",2723
"geschwind2005",2724
"graslund1969",2725
"gurevic1969",2726
"hagberg1937",2727
"hallans1997",2728
"heide2006",2729
"herschend1997",2730
"hillier1984",2731
"holmquistolausson1990",2732
"holmquistolausson1996",2733
"holmqvist1961",2734
"holmqvist1933",2735
"johansson1993",2736
"kaliff1997",2737
"kjos2009",2738
"komber1989",2739
"kristensen2010",2740
"kristoffersen2000",2741
"kristoffersen1999",2742
"kristoffersen2010",2743
"lakoff1980",2744
"lang1984",2745
"larrington2007",2746
"petersen1933",2747
"ramqvist1992",2748
"reynolds2009",2749
"rodsrud2007",196
"ronne2008",2750
"rundkvist2012",2751
"sander1997",2752
"schmidt1999",2753
"skov2002",2754
"soderberg2006",2755
"solheim1965",2756
"steinsland2005",24
"stutz2006",2757
"stutz2008",2758
"stutz2010",2759
"trumbullnd",20
"tuan1977",20
"turner1967",20
"turner1977",2760
"unwin2007",20
"unwin2009",20
"weibull1911",2761
"weibull1918",20
"wilson1988",2762
"wylie1985",20
"dansgaard1964",152
"eriksson2008",2763
"fischer2007",2764
"fuller2003",263
"hillson1996",2765
"hoppe2003",2766
"ingramnd",2767
"aberg1987",2768
"birck1986",2769
"chenery2010",2770
"muldner2005",2771
"oneil1994",2772
"polet2003",193
"privat2007",193
"richards1998",2773
"schroeder2013",193
"sealy2001",2774
"sealy1995",263
"vennemann2002",193
"voerkelius2010",2775
"white1998",2776
"lecolle1985",193
"levinson1987",263
"liden1995",193
"lykoudis2007",193
"mann2003",2777
"moberg2005",2778
"montgomery2005",263
"montgomery2010",193
"almgren1967",2779
"ambrosiani1988",2780
"ambrosiani1995",2781
"ambrosiani1999",2782
"arwidsson1989",2783
"burenhult1984",2784
"carcopino1984",48
"ermatinger2015",48
"guliaev2003",48
"hall2016",48
"hedenstiernajonson2018",48
"jones1968",48
"lancianind",48
"lindquist1978",2785
"lindquist1984",48
"ringstedt1997",2786
"roesdahl1992a",22
"sandberg1994",2787
"selling1940",48
"stenberger1964",2788
"whittaker2006",48
"carver2010",2789
"yenikapi2008",123
"schulzedorrlamm1998",272
"baastrup2007",272
"baastrup2005",2790
"haberstroh2008",272
"ramskou1950",272
"sovso2011",272
"ulriksen2003",272
"ulriksen2006",2791
"arrhenius1960",292
"behmblancke1973",2792
"birkedalchristensen1991",2793
"bode1998",2794
"callmer1999",2795
"carnapbornheim1997",2796
"drescher1983",2797
"fallgren2016",2798
"feveile2014",2799
"fiedel2011",2800
"frick1993",2801
"fuglesang1985",2802
"gjedssobertelsen1991",2803
"gjedssobertelsen1992",2804
"haackolsen2005",2805
"haldenby2010",2806
"hedegaard1989",2807
"hedegaard1992",2808
"hellesolesen1992",2809
"henriksen1998",2810
"henriksen2002",2811
"hines1997",2812
"hoilundnielsen1984",2813
"hoilundnielsen1991",233
"hoilundnielsen2011",2814
"hoilundnielsen2006",2815
"hardh2011",2816
"johansen1992",2817
"jouttijarvi2002",2818
"klindtjensen1957",2819
"lonborg1999",2820
"madsen1990",2821
"maixner2015",2822
"mclean2007",2823
"moesgaard2012",2824
"moesgaard2008",2825
"nerman1969",2826
"reichstein1975",2827
"sarauw2014",2828
"schulzedorrlamm1986",131
"stromberg1961",2829
"trierchristiansen2017",131
"watt1991",2830
"wahlin2014",131
"zimmermann2015",131
"unmarknylen1981",48
"bremen1975",2831
"tacitus2003",2832
"ambrosiani1985",2833
"andersen2009",2834
"andersson2008b",2835
"andren1991a",2836
"anglert2006",2837
"arne1937",2838
"arrhenius1986",2839
"artelius2008",2840
"biuw1992",2841
"bland1993",2842
"bradley2000",2843
"price2008f",2844
"back2009",2845
"carlie1998",2846
"ross1994",2847
"conti1999",2848
"rosengren1997",2849
"green1995",2850
"hannestad1986",2851
"hansen1989",2852
"hansen1996",2853
"hauck1984",2854
"ruprecht1992",2855
"hellberg1967",2856
"hjarthnerholdar2008",2857
"holmqvist1972",2858
"holmqvist1969",2859
"hultgard1995",2860
"ilkjaer1990",2861
"jeppesen2004",2862
"johansen1989",2863
"johns1994",2864
"jong2001",2865
"jorgensen1994",131
"lamm1989",2866
"lamm1999",2867
"lindeblad2007",2868
"lundqvist1997",2869
"lundstrom1988",2870
"milburn1989",2871
"montanari2001",2872
"mortensen1988",16
"myrberg2005",20
"nilsson1992",2873
"nylen1988",2874
"nasman1993",2875
"ringtved1991",2876
"sanden2001",2877
"sawyer1985",2878
"simek1993",2879
"skovgaardpetersen1981",2880
"price2008h",2881
"staecker1999",138
"strid1993",2882
"price2008i",2883
"sorensen2008",2884
"sorensen1985",2885
"sorensen2000b",2886
"savborg2003",2887
"theuws2001",2888
"thomsen1994",2889
"thrane1987",2890
"thrane1982",2891
"vierck1981",2892
"vikstrand1996",2893
"wes1992",14
"widgren1998",14
"stiegemann1999",272
"wieczorek2000",272
"st1916",2894
"croinin1997",2895
"jezek2011",2896
"macairt1983",2897
"schuldt2011",2898
"scott1978",2899
"byrne1973",2900
"warner1997",2901
"dunbabin2002",2902
"kelly2011",2903
"thiaw2011",2904
"toch2000",2905
"toch2014",2906
"mikulcice1973",2907
"machacek2013",2908
"kenny1986",2909
"kruse1995",2910
"borkovsky1954",2911
"graus1957",2912
"davidson1992",2913
"hanuliak1995",2914
"hope2010",2915
"redknap2004",2916
"hills1984",2917
"hirst1985",2918
"forexample1997",2919
"hall1978",2920
"machacek2010",2921
"kjellstrom2009",2922
"aalto2014",8
"ahola2014a",8
"bartlett1993",8
"brondsted1979",8
"buko2008",2923
"fellowsjensen2008",8
"foote1970",2924
"gravesbrown1996",8
"hall2007",2925
"hannestad1970",8
"heininen2014",8
"ingstad1977",8
"jakobsen2015",8
"jansson1991",8
"kakonen1998",8
"konsa2008",188
"laakso2014",8
"lamm1928",8
"mcdonald2014",8
"moesgaard2011",8
"mohen1992",8
"nerman1958",152
"noonan1997",8
"pries2014",8
"rahtz1983",8
"richards2005",8
"rimbertnd",8
"roesdahl2012",8
"roslund2001",2926
"sawyer1997",2927
"schalin2014",8
"sindbaek2015",8
"stockmann2015",8
"talvio2014",8
"williams2013a",100
"winroth2014",2928
"zak1963",8
"zak1967",8
"ulriksen2002",131
"hoilundnielsen1987",233
"barfod2016",2929
"callmer2001",2930
"christophersen2015",2931
"clark2007",2932
"costin2001",2933
"cotton1933",2934
"dobres2000",2935
"dobres2014",2936
"feveile2001c",2937
"c2006a",2938
"feveile2008",2939
"flad2007",2940
"gebers2004",2941
"henderson2000",2942
"hodges2000",2943
"holback1999",2944
"hybel2007",2945
"jacobs2016",2946
"jankuhn1983",2947
"jennings2016",2948
"jervis2016",2949
"latham2009",2950
"latour2005",2951
"leroigourhan1964",2952
"linaa2015",2953
"lonborg1992",2954
"lonborg1998",2955
"mainman2000",2956
"neiss2012",2957
"oexle1992",2958
"oldeberg1966",2959
"orfanou2018",2960
"ottaway1970",2961
"parkinson2013",2962
"pirenne1927",2963
"ramquist1992",2964
"renfrew1994",2965
"rimbert1961",293
"sage1984",293
"schortman2004",293
"smith2009",293
"smith2017",293
"trigger1986",293
"ur2014",293
"voncarnapbornheim1996",293
"wailes1996",293
"wickham2009",293
"wirth1938",293
"alberti2009",2966
"andersson1997",2967
"aspock2011",18
"effros2002",2968
"fahlander2008",2969
"fahlander2010",18
"fahlander2013",18
"fahlander2014",18
"gansum2004",2970
"hastrup1985",2971
"hedjakobsson2011",18
"holback2016",18
"holbraad2010",2972
"holbraad2017",2973
"holloway2008",18
"klevnas2015",2974
"klevnas2016",18
"kummel2005",18
"olsson2007",18
"orchard2003",2975
"orchard2004",2976
"perabo2017",2977
"runer2014",18
"salmond2014",2978
"stoklund2004",18
"tesch2015",18
"watts2013",18
"wickholm2008",18
"wikstrom2006",18
"williams1998",18
"williams2005",2979
"henning1992",2980
"liebermann1903",2981
"ludvikovsky1978",2982
"campbell1998",2983
"klaniczay1985",2984
"mccormick2005",2985
"obrien2005",266
"davies2010",266
"valante2000",266
"trestik2015",266
"kenny1987",266
"machacek2017",266
"aspock2008",2986
"galuska2004",266
"galuska2015",266
"schuldt1960",266
"mcdonough1995",266
"klaniczay1953",266
"arwidsson1942",2987
"arwidsson1954",2988
"arwidsson1983",2989
"behmblancke2003",2990
"boeheimnd",2991
"bohner1958",2992
"brucemitford1975",2993
"chaney1970",2994
"claessen1978",2995
"colgrave1992",2996
"cumontnd",2997
"dagron2003",2998
"ellmers1970",2999
"erkens2002",3000
"filmersankey1996",3001
"frazernd",3002
"funcken1977",3003
"gage1988",3004
"goodman1969",3005
"hagen1992",3006
"hanke2001",3007
"harke1992",3008
"hopetaylor1977",3009
"johansen1932",3010
"krausse1999",3011
"latte1988",3012
"lind2003",3013
"mercer1929",3014
"minkenberg2003",3015
"ullerwille1970",13
"nielsen1996",13
"oconnor1989",3016
"pieper1989",13
"richards1992",13
"service1971",13
"siebert1999",13
"sten1988",3017
"stepper2003",13
"steuer2004",13
"vadstrup1997",13
"devries1956",3018
"werner1986",13
"winkelman1996",13
"anthony1990",3019
"arnold1990",3020
"burmeister2000",3021
"clarke1973",3022
"dennell1996",3023
"haak2010",3024
"james1999",3025
"kohl1995",3026
"kristiansen2017",3027
"richards1996",3028
"schiffels2016",3029
"shennan2013",3030
"trigger1984",3031
"andersen2015",3032
"andersen1984",3033
"andersen2000",3034
"andersen2001",213
"bolander2013",213
"borg1998",213
"feveile2016",213
"gabriel1988",213
"gross1993",213
"jacobsen2001",213
"jantzen1998",213
"kastholm2011",213
"klemensen2000",213
"knorr1938",213
"krabath2001",213
"madsen1999",213
"sabo2013",213
"skaarup2001",213
"jahrhundert1997",213
"skaarup2000",213
"timpel1987",213
"ulriksen2000",213
"voss1961",213
"wagnkilde1999",213
"wagnkilde1997",213
"beck2016",213
"bailey1984",3035
"ballard2003",3036
"bonacich1973",3037
"bradley1988",3038
"carey1997",3039
"cohen1971",3040
"collingwood1927",3041
"curtin1984",3042
"downham2009",3043
"downham2010",3044
"downham2012",3045
"edmonds2009",3046
"edmonds2014",3047
"edwards1990",3048
"freedman1960",3049
"gibbons2003",3050
"gourgouris2005",3051
"griffiths2004",3052
"james1978",3053
"jesch2008",3054
"johnson1999",3055
"johnson2004",3056
"lang1987",3057
"levi2001",3058
"markovits2002",3059
"marstrander1916",3060
"maxwell1998",3061
"mcniven2003",3062
"mcpherson1993",3063
"murray2004",3064
"nurse1985",3065
"ocorrain1978",77
"ofloinn1987",77
"ofloinn1998",77
"oka2008",77
"omeara1982",77
"sheehan2001",3066
"sigurdsson2000",77
"smith1927",77
"stacey2007",77
"tan1979",77
"tan1993",77
"tsagarousianou2004",77
"wallace1987",77
"brink2006",14
"fabech2006",3067
"herschend2006",3068
"lindqvist1941",3069
"sorensen1994b",3070
"liden1996",14
"brink1996",3071
"albrethsen1986",3072
"amorosi1998",3073
"arneborg2000",3074
"barlow2001",3075
"berglund1986",3076
"bond1998",3077
"brewington2007",3078
"buckland1996",3079
"buckland1991",3080
"dawson2003",3081
"dennis1993",3082
"dugmore1991",3083
"dugmore2006",3084
"dugmore1994",3085
"edwards1982",3086
"kristjansson1993",3087
"krogh1974",3088
"lynnerup2000",3089
"lynnerup2003",3090
"mairs2006",3091
"mason1998",3092
"mayewski2002",3093
"mcghee1984",3094
"mcghee2002",3095
"mcgovern1979",3096
"bones1992",3097
"thomas2001",3098
"ogilvie2000",3099
"olafsdottir2001",3100
"perdikaris1999",120
"petersen2000",120
"schledermann2003",3101
"seaver1996",120
"simpson2001",120
"spufford2006",120
"sutherland2000",3102
"vesteinsson2000",3103
"androshchuk2005",3104
"burstrom1990",3105
"callmer2004",3106
"christensen1981",3107
"christensen1997",294
"damsholt1984",3108
"dommasnes1979",3109
"dommasnes1991",3110
"ellis1943",3111
"p2008",3112
"ewing2006",3113
"gardela2009",3114
"graslund1994",3115
"gron1994",3116
"harrington2007",3117
"smith2004",3118
"holck2006",3119
"ingstad1992",3120
"jochens1996",3121
"jochens1998",3122
"jorgensen2005",3123
"larrington1999",3124
"lauritsen2003",3125
"nordberg2002",3126
"paulsen1956",3127
"andersen1922",3128
"sellevold1984",3129
"skaarup1976",116
"stalsberg1991",3130
"stalsberg2001",3131
"stylegar2007",116
"vangpetersen2005",3132
"bolander2017",3133
"henrikson2001",3134
"henrikson2002",3135
"jensen2011",3136
"bakka1993",3137
"bukkemoen2007",3138
"chapman1999",3139
"barndon2006",3140
"gjerpe2007",3141
"graslund1995",3142
"hanisch2000",3143
"howardjohnston1993",3144
"kristoffersen1985",3145
"lie1992",96
"lowenborg2012",3146
"magnus1983",96
"landbruk2008",96
"nielsen2007",3147
"robin2002",96
"soma2006",96
"tringham1995",96
"valum2011",96
"ostigard2007",96
"anglert1989",3148
"andersson2001",3149
"berglund2017",3150
"brendalsmo2006",3151
"christie1974",3152
"ellingsen2012",3153
"eidshaug2016",3154
"forseth2017",3155
"gronnesby1998",3156
"guttormsen2002",3157
"henriksen2007",112
"heaney1999",112
"herschend1998",112
"holmsen1976",112
"jensenius2010",112
"jensenius2018",3158
"mokkelbost2015",112
"nordeide2006",112
"rian1992",112
"roskaft2005",112
"sauvage2016",112
"skre1988",112
"steinsland1994",3159
"nielsen2002",3160
"aberg1995",3161
"blum2000",3162
"burton1999",3163
"frei2009",3164
"grupe1997",3165
"gustafsson2000",3166
"horwitz1992",3167
"jorkov2010",3168
"knudson2004",3169
"larsen2006",3170
"pollard2011",263
"price1992",3171
"price1994",3172
"price1998",3173
"price2007",3174
"yoder2010",3175
"sugden1982",120
"vesteinsson2002",232
"gardela2007",3176
"bjorn1943",3177
"dronke1969",3178
"dronke1997",3179
"einar1934",3180
"ol1954",3181
"bordarson1935",3182
"faulkes1987",3183
"jonsson1929",3184
"jonsson1976",3185
"palsson1972",3186
"hollander2000",3187
"hollander2002",3188
"vesteinn2003",3189
"wasko2006",3190
"zaluskastromberg1973",3191
"zaluskastromberg1986",3192
"adolfsson1995",3193
"carelli2006",3194
"arne1941",3195
"arrenhius1961",3196
"backdanielsson2001",3197
"baines1977",3198
"gardela2025",3199
"heggstad2006",295
"ingstad1995",295
"jesch1996",295
"kristjansson2007",295
"kempinski2003",295
"kiil1960",295
"kosman1989",295
"kyhlberg1980",3200
"mckinnell2000",295
"mcturknd",295
"monsen1969",295
"moszynski1967",295
"motz1996",295
"neustupny2001",295
"nordstrom2006",295
"raudvere2003",295
"renfrew2000",295
"resiheid2002",295
"ringquist1969",295
"wallis2000",295
"wallis2001",295
"wujewski1991",295
"arneborg2002",120
"edvardsson2004",120
"lynnerup2007",120
"scudder2001",3201
"thorsdrapa1900",3202
"sourcesalberti2009",3203
"amundsen2014",3204
"bruck2013",3205
"carlie2004",3206
"carsten1995",3207
"cleasby1957",3208
"gansum2003",3209
"gerritsen1998",3210
"herschend2003",3211
"ingold2006",159
"kristiansen2013",159
"levistrauss1983",159
"renck2008",159
"risbolnielsen1995",159
"thomas2015",159
"williams2001",159
"andrews2006",3212
"appelgren2007",3213
"appleby2013",3214
"aspeborg2007",3215
"burenhult2002",3216
"ersgard2006",3217
"hallansstenholm2012a",3218
"klevnas2013",3219
"latour1999",3220
"lundstrom2004",3221
"mejsholm2009",3222
"montell1996",3223
"nilssonstutz2003",138
"olausson1993",3224
"olofsson2006",3225
"salmond2012",3226
"theliander2010",3227
"vinberg2015",3228
"wuopio2015",3229
"skrede2005",3230
"glorstad2013",96
"helga2001",3231
"andersen2002",3232
"sayer2009",3233
"ynglingesaga1979",3234
"alcock1991",3235
"als2006",3236
"barrett2001",3237
"bjorgo1995",3238
"blindheim1947",3239
"blindheim1976",3240
"blindheim1978",3241
"blindheim1981",3242
"bodal1998",3243
"boe1934",3244
"braathen1989",3245
"callaway1987",3246
"cessford1996",3247
"crane2002",3248
"damsholt2003",3249
"demarrais1996",3250
"enright1986",3251
"etchingham2001",3252
"fuglesang1972",3253
"goodacre2005",3254
"grahamcampbell1976",3255
"grahamcampbell1983",3256
"grahamcampbell1987",3257
"gupta1992",3258
"gustafson1900",3259
"hall2004",3260
"hammerton2004",3261
"harlow2004",3262
"hedeager1998",3263
"hedeager2005",3264
"hedeager2007",3265
"helgason2000",67
"helgason2001",3266
"hougen2006",3267
"janes1996",3268
"jenkins1997",3269
"johansen1973",3270
"jondell1974",3271
"kaland1995",3272
"kertzner1988",3273
"larsen2001a",3274
"larsen1978",3275
"levine2004",3276
"macdermott1955",3277
"magnus1975",3278
"mahr1941",3279
"malmius2003",3280
"nieke1991",3281
"nieke1988",3282
"olsen2000",3283
"paisley2004",3284
"pedersen2010",3285
"petersen1928",30
"ryste2005",24
"skibstedtklaesoe1999",30
"staecker2003",30
"stafford1998",30
"stenberger1958",3286
"stevenson1974",30
"stevenson1987",30
"stevenson1989",30
"stoler2002",30
"sveaasandersen1977",30
"trenchjellicoe1999",30
"tsigaridasglorstad2010a",30
"vandommelen2002",30
"whitfield2001",30
"whitfield2004",30
"wilson1973",30
"nilsson2007",3287
"hennius2008",256
"henriksen2003",256
"holme2000",256
"rundkvist2008",3288
"kristoffersen2009",96
"aqvist2006",3289
"arrhenius1990",3290
"bornaahlkvist1998",3291
"carelli2001",3292
"carlsson1979",3293
"rasmusen1999",3294
"dodgshon1980",3295
"fallgren1993",3296
"gothberg2000",3297
"gurevich1992",3298
"herschend1988",3299
"hoff1984",222
"hoffman1975",222
"holst2004",228
"hvass1988",228
"jorgensen1987",222
"kaldalmikkelsen1999",222
"liedgren1997",222
"lillehammer1999",162
"olsen1997",3300
"petersson2006",3301
"porsmose1988",3302
"rasmussen1999",222
"riddersporre1995",222
"ringstad1991",222
"roberts1987",222
"selinge2001",222
"sundqvist2002",3303
"thunmark1979",222
"allentoft2015",3304
"brather2004",204
"cabana2011",3305
"childe1929",3306
"greenblatt2009",3307
"harrison2007",3308
"lazaridis2014",3309
"muller2001",3310
"patterson2012",3311
"prescott2013",3312
"price2004",3313
"shennan1989",285
"skoglund2012",3314
"sigfusson1940",3315
"bjorn1943a",3316
"ol1934",3317
"kunz2001",3318
"larrington1991",3319
"tolkien1960",3320
"jakobsson2001",3321
"backdanielsson1968",3322
"carlsson1999",3323
"daviskimball2002",3324
"dieck1975",3325
"dillmann2006",3326
"dommasnes1978",3327
"davidson1972",3328
"davidson1996a",3329
"hedenstiernajonson2014",3330
"hernaes1984",3331
"katrin2005",279
"kalinke1986",279
"eldjarn2000",3332
"lokka2014",279
"majchczack1997",279
"nadolski1954",279
"pestell2013",3333
"petersen1992",279
"sauckel2013",279
"samson1991",279
"straubhaar2002",279
"straubhaar2011",279
"strom1954",279
"svanberg2000",3334
"tolley2009",279
"riksantikvarieambetet2011",256
"henriksen2006a",256
"attar1990",259
"benson2006",259
"bergfjord2012",259
"frei2010a",259
"geus2004",259
"hald1950",259
"heier2009",259
"kohn1999",259
"mannering2011",259
"morita1986",259
"rosborg2003",259
"enright1996",3335
"gotfredsen2013",3336
"albarella2004",3337
"albarella2001",3338
"degerbol1948",3339
"dobney2001",3340
"enghoff2005",3341
"graslund2004",3342
"hamiltondyer2002",3343
"zmbochenski2001",3344
"hatting1998",297
"lepiksaar1966",297
"makowiecki2001",297
"mlikovsky2005",297
"muller1974",297
"oggins2004",297
"prummel1997",297
"serjeantson2011",297
"tomek2000",297
"tyrberg2002",297
"vretemark2010",297
"knipper2017",3345
"arrhenius1973",3346
"bennet1987",3347
"blidmo1976",3348
"blidmo1981",3349
"bratt2009",3350
"eraesko1965",3351
"eriksson2004",3352
"oxford1967",3353
"ferenius1971",3354
"fischer2004",3355
"fischer2005",3356
"fischer2009",3357
"fischer2008",3358
"gronwall1995",3359
"gronwall2009",3360
"hauck1977",3361
"herschend1974",3362
"hoilund2000",3363
"horsnaes2008",3364
"jonsson1992",3365
"kyhlberg1985",3366
"kyhlberg1999",3367
"lallemand1965",3368
"lamm1973",3369
"lamm1972",3370
"stockholm1976",3371
"lorren1995",257
"lotter2003",257
"lundstrom1972",257
"magnus2008",3372
"ostergren1981",257
"ramqvist1983",257
"selirand1985",257
"sjovold1993",257
"stjernquist1994",257
"waller1996",3373
"eldjarn1948",3374
"eldjarn1953",3375
"gelsinger1981",3376
"gragas1980",3377
"grinderhansen2000",3378
"gulatingslovi1937",3379
"helle2001",3380
"holt1998",3381
"johannesson1969",3382
"jonsson1993",3383
"olafsson1990",3384
"risvaag2006",3385
"soga1978",239
"soga1981",239
"soga1994",239
"williams2000",239
"ostergren1989",239
"fridriksson2000",3386
"keller2005",177
"artifact2000",177
"skovmann1942",177
"capelle1968",3387
"grahamcampbell1990",3388
"grahamcampbell1981",177
"lekberg2002",177
"stang1984",177
"blackburn1989",239
"haworth1990",239
"assmann1995",3389
"bogucki2004",3390
"duczko2000",3391
"filipowiak1958",3392
"filipowiak1992",3393
"gorecki2002",3394
"holtzmann1918",3395
"jankuhn1934",3396
"janocha1974",3397
"janowski2009",3398
"kara1991",3399
"kola1946",101
"lowmianski1957",101
"morawiec1954",101
"nielsen1991",3400
"rajewski1937",101
"ratajczyk2011",101
"rebkowski2011",101
"sikora2012",101
"schulte1918",101
"wojtkowiak2013",101
"zak1957",101
"duczko1996",3401
"hennius2007",3402
"jahrehorn2014",188
"peets2010",188
"storli2007",3403
"boddington1996",3404
"geake1992",138
"hockart1938",3405
"sherlock1992",3406
"tomicka1975",294
"andersen1985",3407
"mayor2014",3408
"regal2001",3409
"einarol1934",3410
"pedraza1991",224
"mcguire2009",224
"crowder2000",224
"reimers1999",224
"parle1995",224
"sjovold1917",224
"owen1994",224
"kobylinski1994",224
"halsall1996",224
"callow1995",224
"eldjarn1919",224
"townsend2000",177
"mytum2003a",177
"stummannhansen1996",177
"fanning2014",177
"larsen2000",3411
"knudsen2007",177
"richards2007",3412
"haugen1979",177
"saxogrammaticus1996",3413
"miller1997",3414
"ambrosiani1990",3415
"barrett1997",3416
"brogger1921",3417
"bull1928",3418
"hellan2014",3419
"munch1962",46
"reitan2011",46
"resi1985",46
"rolfsen1977",46
"rundberget2007",3420
"rygh1905",46
"rysstad1928",46
"skar1909",46
"sperber2004",46
"steinnes1926",3421
"wenn2017",46
"wenn2016",46
"wiker2013",46
"alexandersen1998",3422
"behrensmeyer1978",3423
"binford1981",3424
"bliujiene2007",3425
"bridault1992",3426
"bronkramsey2013",3427
"carlie2002",3428
"carlie1993",3429
"degrossimazzorin2002",3430
"ewbank1964",3431
"faulkes1995",3432
"frei2013",3433
"goodman1990",3434
"grant1982",3435
"graslund2002",3436
"green1992",3437
"grimm2008",3438
"grimm2010",3439
"prummel2008",3440
"harris1931",3441
"hatting1978",3442
"hatting1985",3443
"helmer1987",3444
"henriksen2015",117
"hillson2000",3445
"jennbert2006",100
"jorgensen2012",3446
"koudelkand",3447
"kveiborg2013",3448
"lauwerier2002",3449
"legge1992",3450
"loumand2006",3451
"magnell2012",3452
"may1985",3453
"monikander2010",3454
"morey2010",3455
"morris2008",3456
"nilsson2003",3457
"nilsson2009",3458
"noenygaard1990",3459
"park1953",3460
"payne1973",3461
"primeau2012",3462
"reimer2013",3463
"reitz1999",3464
"russell2012",3465
"schanche2000",3466
"scheuer2000",3467
"schmid1972",3468
"serjeantson1991",197
"shipman1984",197
"strom1985",197
"stuartmacadam1985",197
"ubelaker1989",197
"vanhaasteren1974",197
"vretemark1997",197
"referencesanderson2013",3469
"arundale1976",3470
"arundale1981",3471
"ascough2005",3472
"ascough2006",3473
"ascough2007",3474
"ascough2009",3475
"ascough2014",3476
"austin2006",3477
"birgisson2013",3478
"bronkramsey2017",3479
"buonasera2015",3480
"coltrain2003",3481
"coulthard2010",3482
"craig1957",3483
"darwent2016",3484
"dumond1987",3485
"dumond2002",3486
"einarsson2011",3487
"fitzhugh1993",3488
"fitzhugh2004",3489
"friesen2016",3490
"gronnow2017",3491
"hajdas2014",3492
"harritt1995",3493
"smith2012",3494
"smith2014",3495
"smith2015",3496
"smith2016",3497
"heron2010",3498
"holtved1944",3499
"isaksson2010",3500
"issenmen1997",3501
"jull1996",3502
"ledger2016",3503
"linnamae1975",3504
"mangerud1972",3505
"mangerud2006",3506
"maryrousseliere1976",3507
"maryrousseliere1979",3508
"mason1990",3509
"mathiassen1927",3510
"maxwell1973",3511
"maxwell1980",3512
"maxwell1985",3513
"mccullough1989",3514
"mcghee2000",3515
"mcghee2009",3516
"mcghee1976",3517
"morrison1983",3518
"morrison1989",3519
"nilsen2017",3520
"odess1996",3521
"odess1998",3522
"odess2004",3523
"olsson1980",3524
"ostergard2004",3525
"ostergard1999",3526
"owen2002",3527
"park1994",3528
"park2004",3529
"petterson2013",3530
"possnert1997",3531
"raghavan2014",3532
"reimer2001",3533
"rogers1998",3534
"sabo1980",3535
"sabo1978",3536
"sayle2014",54
"sayle2016",54
"schledermann1978",54
"schledermann1980",3537
"seersholm2016",54
"sinding2015",54
"sinding2017",54
"stuiver1986",54
"sutherland2002",3538
"tauber1979",54
"taylor1995",54
"tremayne2016",54
"arrhenius2001",3539
"magnus1997a",3540
"bjgrgo1969",3541
"gjessing1929",3542
"gjessing1934",3543
"glgrstad2010",60
"lillios1999",3544
"magnus1999",60
"mannering2000",60
"munch1979",60
"nerman1975",60
"nylen1994",3545
"petersen1905",60
"petersen1907",3546
"ratke2006",60
"sjevold1974",60
"watt2004a",3547
"williams1966",60
"aberg1924",60
"palsson1989",3548
"nordal1933",3549
"adalbjarnarson1941",3550
"andrea2011",3551
"arnold1980",3552
"benstead2006",3553
"bjorck1995",3554
"craig2006",3555
"delrio2005",3556
"fogel1989",3557
"fuller2004",3558
"grupe1986",3559
"habicht1985",3560
"harbeck2009",90
"huhneosterloh1997",90
"husterplogmann2006",90
"imhof1977",90
"james1972",90
"jenkins2001",90
"konnor1980",90
"lemke2005",90
"marold2001",90
"jahrgang2002",90
"jonsson1944",3561
"palsson1962",3562
"arwidsson1986",3563
"jorpeland2013",3564
"bersu1966",3565
"dickinson1992",3566
"duczko1989",3567
"dundes1992",3568
"eniosova2009",3569
"fuglesang1989",3570
"gardela2017",3571
"grinsell1973",3572
"gustafson1906",3573
"hansson1938",3574
"henriksen2013",3575
"hildebrandnda",3576
"hjardar2012",3577
"harke1990",3578
"hardh1976",3579
"jagodzinski2010",3580
"kivikoski1946",3581
"lorangendb",40
"makarov2017",40
"mannering2017",40
"meaney1981",40
"melin2001",40
"morck1900",40
"novikova1998",40
"olsson1986",40
"pestell2012",40
"petersen1917",40
"robb2001",40
"rudzinski2009",40
"ryghnd",40
"samdal1905",40
"schnittger1920",40
"simonsson1969",40
"stenberger1947",40
"stenberger1953",40
"stenberger1956",40
"thoren1994",40
"thunmarknylen2006",40
"wetzler2017",40
"stjerna1905",60
"aanestad2015",67
"barrowman2011",67
"bond2016",67
"brundle2003",67
"carver2008",3582
"crawford1987",3583
"dockrill2010",3584
"forsyth2007",67
"gautier2016",67
"griffiths2010",3585
"ritchie1977",3586
"whitelock1979",3587
"worsaaend",67
"arbman1933",3588
"arbman1935",280
"grahamcampbell1992",3589
"kleinglrtner2007",280
"nordin1990",280
"paulsen1937",280
"pedersen1996",3590
"sundkvist2001",280
"sturluson1993",280
"soderberg2007",280
"tesch1990",280
"tesch2007",3591
"stockholm2007",280
"askeberg1942",97
"metcalf2003",97
"hakon2008",3592
"ohs1985",3593
"baastrup2013",50
"church2013",3594
"dugmore2010",3595
"golledge2003",3596
"gronnesby2015",3597
"klaesoe1997",3
"myhre2000",3
"owen2004",3
"purcell2015",3598
"rockman2003",232
"shetelig1927",3
"solli1996",3599
"stenvik2001",3600
"vandenoort2011",3
"weber1994",3601
"weber1996",3602
"westerdahl2015",3
"aiken1986",3603
"ambrosiani2000",3604
"carpelan1992",3605
"cassel2008",3606
"cleve1930",3607
"cleve1943",3608
"cleve1978",3609
"ross2001",3610
"edgren1992",3611
"edgren2001",3612
"edgren2008",3613
"emberling1997",3614
"engman1991",3615
"entwistle2000",3616
"fahlander2007",3617
"feldt2002",3618
"gardell2001",3619
"ginters1981",3620
"ginters1984",3621
"gosden2001",3622
"gustin2010",3623
"gustin2015",3624
"hagerman2006",3625
"hall1990",3626
"hall2010",3627
"hardh1984",3628
"holmquistolausson1993",3629
"fuglesang1992",3630
"hulthen1984",3631
"hvoshchinskaja2004",3632
"jaanusson1981",3633
"jaanusson1993",3634
"jansson1988",204
"jansson1990",3635
"jansson1994",3636
"jansson2000",3637
"kaks1969",3638
"kapchan1999",3639
"kivikoski1937",3640
"kivikoski1938",3641
"kivikoski1951",3642
"kivikoski1964",3643
"kivikoski1969",3644
"kivikoski1973",152
"krylasova2008",3645
"valdemars1995",3646
"kuzminych1996",3647
"kyhlberg1973",3648
"laulumaa2002",3649
"lehtosalohilander1982",3650
"lehtosalohilander1983",3651
"lehtosalohilander1990",3652
"lehtosalohilander1992",3653
"lehtosalohilander2000",3654
"ligi1993",3655
"lindstrom2003",3656
"malarstedt1986",3657
"markus1939",3658
"meinander1957",3659
"meinander1985",3660
"pokrovskaja2001",3661
"selling1945",3662
"selling1955",214
"sorensen1971",3663
"svanbergskane1999",3664
"taavitsainen1990",3665
"tarkiainen2008",139
"thalin1984",139
"uino1997",3666
"uino2006",3667
"wallerstrom2004",139
"wells1998",139
"wells1999",3668
"wiessner1989",3669
"young1995",3670
"wilson2009",3671
"worrell2003",3672
"downham2017c",67
"baudou1963",280
"andersson2006",3673
"bjerstaf2002",3674
"brorsson1998",3675
"carlsson1976",3676
"carlsson2008",3677
"clarke1993",130
"dahlstrom2000",3678
"fallgren1994",3679
"gotfredsen2011",3680
"kidd1980",3681
"grandin2000",3682
"gustafsson2009",3683
"gustafsson2007",3684
"hawthorne1979",3685
"hellqvist2011",3686
"hjartnerholdar1999",3687
"hoven1991",3688
"huttu1996",3689
"jakobsson1996",3690
"jouttijarvi2005",204
"kirpichnikov2004",3691
"lindeblad1996",15
"peets2003",15
"pettersson2005",3692
"schmidt1977",15
"schvindtnd",15
"soderberg2011",15
"soderberg2002",3693
"thomsen2005",97
"wellinder2004",15
"aberg2006",15
"aspinall2011",3694
"baker2013",3695
"bronkramsey2009",3696
"brown2014",3697
"hojdemodel2007",3698
"dobat2009",3699
"donat2000",3700
"gaffney2003",231
"henning2002",231
"herold2012",231
"jacobsson1999",231
"jensen1988",231
"olesen2000",231
"olsen1999",231
"rindel2002",231
"roesdahl2002",231
"svanberg1999",231
"ulriksen1993",3701
"abramson2016",3702
"ager2014",3703
"archibald2007",3704
"baker2011",3705
"blackburn1998",3706
"blair2013",3707
"booth1983",3708
"brookes2013",3709
"cameron1998",3710
"cameron2010",3711
"daubney2016",3712
"dobat2017",3713
"edwards1991",3714
"everson2007",3715
"haldenby2016",3716
"johnson2002",3717
"langdon1993",3718
"leonard2015",149
"loveluck1996",149
"macgregor2009",149
"mcleod2006",149
"metcalf1960",149
"pagan1986",3719
"richards1999",149
"richards2004",3720
"richards2013",3721
"richards2016",3722
"rogers1993",3723
"steedman1994",149
"stevenson1904",149
"bakka1983",3
"aguilar1986",3724
"bill2007",3725
"caldwell2014",3726
"carwardine1995",3727
"clark1947",3728
"dahl2003",3729
"espinoza1992",3730
"gardiner1997",3731
"haahrkristiansen1997",3732
"hallen1994",3733
"henriksen2009",3734
"holm2012",3735
"isaksen2012",3736
"karlsson2016",3737
"kjermichaelsen1992",3738
"kristensen2007",3739
"laist2017",3740
"lowenstein1993",3741
"lundkoksvik2010",3742
"lundkoksvik2013",3743
"lundqvist1986",3744
"mclees1990",3745
"mulville2002",3746
"nasman1990",3747
"nelson1969",3748
"nilsen2014",3749
"nordahl2001",3750
"petersen1914",3751
"riddler2014",3752
"sandberg1983",3753
"seiler2001",3754
"sjovold1966",3755
"skomsvoll2012",3756
"solberg2007",3757
"stauch1994",3758
"stylegar2005",3759
"svanberg2008",3760
"szabo2008",3761
"teixeira2014",3762
"wickler2012",3763
"arne1934",3764
"arwidsson1977",3765
"graslund2008a",3766
"lindqvist1934",190
"lloydsmith2002",190
"madsen1996",190
"schulzedorrlamm2010",190
"schonback1957",190
"schonback2002",190
"hansen2008",3767
"sawyer1962",3768
"gould1903",3769
"biddle1992",3770
"sawyer1998",290
"ulmschneider2000",3771
"blackburn2011",3772
"blackburn1994",3773
"blackburn2001",3774
"blackburn2007",3775
"williams2007",3776
"stocker2000",3777
"foster1924",3778
"oswald1937",3779
"pelteret1980",3780
"pettersson2009",3781
"pirie1997",3782
"richards2009",3783
"riley1995",3784
"rowe2008",3785
"rowlandson2005",183
"russell2014",183
"sheehan2014",183
"stafford1980",183
"stein2012",183
"stein2013",183
"stein2000",3786
"whitwell1992",183
"williams2002",3787
"hurley2014",183
"abulughod1981",3788
"adger2009",3789
"alexandre1976",3790
"alexandre1987",3791
"ahdr2004",3792
"ahdr2015",3793
"arendt1958",3794
"arnalds1992",3795
"arneborg2008",3796
"batt2015",3797
"bell1978",3798
"bergthorsson1967",3799
"bergthorsson1969",3800
"blondal1999",3801
"bradley1992",3802
"bradley2016",3803
"brazdil1995",3804
"brazdil2005",3805
"boulhosa2012",3806
"campbell2016",3807
"camenisch2016",3808
"casely2007",3809
"crumley2007",3810
"demaree2001",3811
"diaz2011",3812
"dickson1988",3813
"dugmore2005",3814
"dugmore2013",3815
"dugmore2014",3816
"einarsson1994",3817
"garciaherrera2008",3818
"gragas2001",3819
"gudmundsson1997",3820
"gudmundsson2008",3821
"hambrecht2015",3822
"harrison2013",3823
"hartman2015",3824
"hartman2016",3825
"halldorsson1978",3826
"henriksen1995",3827
"hoffmann2014",3828
"holtsmark1956",3829
"hreinsson1997",3830
"ingimundarson1995",3831
"ingimundarson2010",3832
"ingimundarson1998",3833
"ingram1978",3834
"ingram1981",3835
"johannesson1956",3836
"johannesson1974",3837
"johannesson1928",3838
"jones2008",3839
"jones2004",3840
"jones2001",3841
"jonsbok2004",3842
"kristjansson1980",3843
"kirkbride2008",3844
"lamb1965",3845
"larsen1917",3846
"royladurie1972",3847
"ludlow2010",3848
"luterbacher2016",3849
"martinvide1995",3850
"mauelshagen2014",3851
"mcgovern2013",3852
"mcgovern2014",3853
"mcturk2004",3854
"miles2014",3855
"ogilvie1982",3856
"ogilvie1984",3857
"ogilvie1986",3858
"ogilvie1991",3859
"ogilvie1992",3860
"ogilvie1998",3861
"ogilvie2001",3862
"ogilvie2005",3863
"ogilvie2008",3864
"ogilvie1997",3865
"pfister1992",3866
"pfister1998",3867
"pfister1999",3868
"pfister2017",3869
"pribyl2012",3870
"serreze2015",3871
"sigurdsson2004",3872
"smiarowski2014",3873
"smiarowski2017",3874
"stern2000",3875
"stine1994",3876
"stormnd",3877
"stora2005",53
"streeter2012",53
"streeter2014",53
"mcgrew1970",53
"teitsson1975",53
"thorarinsson1956",53
"thorarinsson1958",53
"thorarinsson1967",53
"thordarson1993",53
"thordarson2007",53
"thorlaksson1991",53
"thoroddsen1914",53
"thoroddsen1919",53
"thorsteinsson1989",53
"vanengelen2001",53
"vasey2001",53
"vesteinsson2005",53
"vilmundarson1972",53
"waters2016",53
"wheeler2006",53
"young2015",53
"arne1911",139
"arbman1955",139
"callmer2000",3878
"bhabha2004a",3879
"alper2003",3880
"arbman1939",3881
"asmus2012",3882
"bagge2009",3883
"bartels2008",3884
"bartlett1996",3885
"baumgartner2013",3886
"birkebaek1992",3887
"bolton2009",3888
"bompaire1997",3889
"brather2010",3890
"callmer1994",3891
"carelli2012",3892
"christensen2000",3893
"dobat2008",3894
"drjacobsen1942",3895
"eisenschmidt2003",3896
"filipowiak2008",3897
"gelting2007",3898
"gilomen2014",3899
"grahamcampbell1991a",3900
"hatz1974",3901
"hauptmeyer1997",3902
"henricson2006",3903
"herrmann1994",3904
"hilberg2009b",50
"hilberg2010",50
"hinton2008",3905
"hodges2008",3906
"hofmann1984",3907
"hybel2013",3908
"ilisch1988",3909
"jankuhn1937",3910
"jonsson1989",3911
"juraske2010",3912
"kalmring2010e",3913
"keller2008",3914
"klappauf2011",3915
"klappauf2008",3916
"leimus2007",3917
"loveluck2013",3918
"ludtke1985",3919
"ludtke2013",3920
"lund1991",3921
"makeler2005",3922
"metcalf1998",3923
"meyer1998",3924
"moesgaard2006",3925
"noonan1994",3926
"radtke2002",3927
"roesdahl2006",3928
"rundberg2000",3929
"sawyer2013",3930
"sawyer2002",3931
"scheel1940",3932
"schledermann1966",3933
"schwantes1932",3934
"gratuze2011",103
"sindbaek2012",3935
"spuford1988",103
"steppuhn1998",3936
"stieldorf2012",103
"stoklund2000",103
"tummuscheit2010",103
"verhulst2000",103
"wehner2007",103
"wiechmann2002",103
"williams1997",103
"olsen1945",190
"aberg1953",3937
"skouhansen2008",190
"norr2008",190
"alqahtani2010",3938
"askvik2009",3939
"bankier2006",3940
"batey2013",3941
"beaumont2013",3942
"bonsall2009",105
"butler1993",105
"curtissummers2014",105
"fowler2010",3943
"greaves2011",105
"halpin2008",3944
"harris2016",3945
"harris2012",105
"mcguire2010",105
"muldner2009",105
"nissan1999",105
"reimann2012",105
"robb2013",105
"welander1987",105
"avdusin1988",3946
"clarke1985",41
"crane1999",41
"galton1971",41
"kjellberg1946",41
"krogh2007",3947
"lethlarsen1991",41
"lonborg1994",41
"monteliusnd",41
"martensson1970",41
"possnert2015",41
"soderberg1999",41
"warnke1987",41
"hadley2015",183
"brooks1987",149
"wessexarchaeology1997",183
"bailey1980",3948
"dunwell1995",3949
"evison1969",3950
"geake2003",3951
"lang1976",3952
"richards2003",3953
"solberg1985",3954
"vandenoort1993",202
"walsh1998",3955
"kjellberg1947",41
"bakhtin1984",3956
"cohen1995",3957
"crang1994",3958
"edensor1998",3959
"fowler1992",3960
"graver1999",3961
"hewison1987",3962
"koivusalo1998",3963
"littrell1993",3964
"maccannell1976",3965
"macdonald1997",3966
"mccaulay1999",3967
"meethan1996",3968
"mordue1998",3969
"robb1998",287
"shurmersmith1994",287
"silver1988",287
"urry1990",287
"vestfold1998",287
"watson1994",287
"walsh1992",3970
"wright1985",287
"bohner1991",3971
"brown1988",3972
"bruck2006",3973
"bynum2001",3974
"davidson1978",3975
"dedekam1925",3976
"flores1996",3977
"gaimster1998",3978
"geary1978",3979
"glosecki2000",3980
"hardh2004",3981
"haselof1956",3982
"haselof1970",3983
"haselof1981",3984
"haselof1984",3985
"hoilundnielsen2002",3986
"ingold1994",3987
"ingold2000",157
"jakobsson1999",157
"jakobsson2003",3988
"jones1998",3989
"kalif1997",157
"kristofersen2000",157
"lindstrom2001",157
"magnus2001",3990
"magnus2002",157
"mansrud2008",157
"meskell2003",157
"morris1991",157
"mullernd",157
"mundal1974",157
"oestigaard1999",157
"oestigaard2000",157
"orchard2002",157
"raudvere2001",157
"roe1995",157
"roth1979",157
"sofaer2006",157
"speake1980",3991
"steenstrpnd",157
"pollard2009",153
"pritsak1970",153
"hughes1995",287
"barnes2012",3992
"christensen1969",3993
"fridell2011",3994
"fuglesang1991",167
"glob1969",3995
"graslund1998",3996
"imer2009",3997
"jacobsen1932",3998
"jacobsen1935",3999
"kallstrom2007",4000
"cour1951",4001
"lerchenielse1993",4002
"lund2014",4003
"moltke1952",4004
"moltke1985",4005
"nielsen1969",4006
"oebynielsen2007",250
"snaedal1985",250
"stoklund1991",22
"stoklund1994",250
"stoklund2005",250
"stoklund2006",250
"stoklund2010",250
"m2005",250
"storm1977",4007
"bengtsson1954",287
"maccannell1992",287
"yorkarchaeologicaltrust1984",287
"bekpedersen2007",4008
"dennis1980",4009
"dennis2002",4010
"larusson1967",232
"lucas2009",4011
"meulengrachtsorensen1983",4012
"robertsdottir2008",4013
"sveinbjarnardottir2012",4014
"arbman1941",4015
"backstreurom2016",4016
"briggs2007",4017
"brothwell1981",4018
"brotherton2007",4019
"buikstra1994",152
"cassidy2016",4020
"durand2011",4021
"eriksson2016",4022
"gamba2014",4023
"green2008",4024
"vanhamel1934",4025
"helgessonarcini1996",4026
"keller2012",4027
"kircher2012",4028
"lampa2013",4029
"lindstreurom2011",4030
"malmstreurom2009",4031
"meindl1989",4032
"meyer2010",4033
"omrak2016",4034
"oras2016",152
"salmela2011",4035
"sawyer2012",4036
"skoglund2013",194
"skoglund2014",194
"slovak2011",194
"steinsland2011",194
"stolpend",194
"thalinbergman1986",194
"vanoven2009",194
"vianello2013",194
"wilhelmson2015",194
"yang1998",194
"crawford1999",162
"hedenstiernajonson2000",4037
"jansson1980",162
"kanvall1995",4038
"kjellstrom2005",4039
"kjellstrom1995",162
"nordstrom2007",4040
"rimbert1986",162
"wikborg2007",162
"anderson1909",4041
"annalsofclonmacnoisend",4042
"blindheim1984",4043
"bourke2010",4044
"brink2007",4045
"carroll1995",4046
"hennessynd",4047
"coffey1909",4048
"connolly1987",4049
"crawford1923",4050
"danielsson2015",4051
"farbregd1979",4052
"forte2005",4053
"gerace2014",4054
"gyllensvard2004",4055
"hagland2008",4056
"hall2015",4057
"haseloff1990",4058
"hedeager2015",4059
"henry1965",4060
"holtsmark1989",4061
"jesch2001",4062
"jesch2006",4063
"kelly1993",4064
"lamn2004",4065
"lowe2007",4066
"lucas1967",4067
"lucas1973",4068
"lucas1986",4069
"magnus1932",4070
"mullarkey2014",4071
"murray2012",4072
"murray2014",4073
"murray2015",4074
"murray2016",4075
"nordvig2013",4076
"carragain2010",4077
"odonoghue2011",4078
"floinn1989",4079
"floinn2013",4080
"floinn2015",4081
"omeadhra1988",4082
"ohrn2015",4083
"quast2012",4084
"rosedahl1992",4085
"ryan1989",4086
"ryan1998",4087
"solli2013",2
"watt2005",2
"watt2011",2
"youngs1989",2
"andersen2004",299
"ashby2009",4088
"bakka1965",4089
"blindheim1977",4090
"budd2004",4091
"boe1926",4092
"corrain1972",4093
"christophersen1989",4094
"de1995",4095
"etting2013",4096
"fagerland2008",4097
"gaimster1991",4098
"gronnesby2012",4099
"haseloff1979",4100
"haseloff1987",4101
"heenpettersen2013",4102
"helle1991",4103
"herje1989",4104
"herstad2012",4105
"hunter2008",4106
"jatten2006",4107
"martens1994",4108
"ofloinn1989",4109
"redmond2007",4110
"resi2005",4111
"roskaft2003",4112
"shepherd1985",4113
"skinner2012",4114
"skjevik1997",143
"sorheim2010",143
"stenvik1994",143
"trotzig1984",143
"trotzig1991",4115
"wilson1965",143
"paulsen1933",4116
"steuer1962",4117
"filipowiak1988",4118
"betz1973",167
"bottgerniedenzu1982",167
"buisson1976",235
"eldjarn1956",4119
"hagen1950",167
"janowski2006",167
"kjaerum1990",4120
"stoodley2000",4121
"meskell1999",162
"andresen2010",4122
"baker2015",4123
"berglund2003",4124
"blackford1991",4125
"bond2001",4126
"bond1997",4127
"bradley1992a",4128
"bradley1993",4129
"conroy2008",4130
"cui2013",4131
"lorenzo2010",4132
"lorenzo2008",4133
"eiriksson2006",4134
"faust2016",4135
"folland2009",4136
"grauel2013",4137
"gray2010",4138
"haldon2016",4139
"hass1996",4140
"helama2009",4141
"hurrell1995",4142
"hurrell2010",4143
"isono2009",4144
"jones2014",4145
"krawczyk2010",4146
"lamb1982",4147
"lamb1985",4148
"larsen2008",4149
"li2016",4150
"ljungqvist2010",4151
"mcdermott2001",4152
"moy2002",4153
"neukom2014",4154
"oliva2012",4155
"randsborg1991",4156
"reimann2011",4157
"ribeiro2012",4158
"rudaya2016",108
"ruizfernandez2016",108
"scafetta2012",108
"swierczynski2012",108
"ulgen2012",108
"vanloon1978",108
"wanner2008",108
"wanner2001",108
"wanner2011",108
"yan2011",108
"zhong2014",108
"magnus2004",2
"sogness1988",143
"haithabu2003",4159
"coupland1989",4160
"coupland2016",4161
"duczko1997",4162
"helmbrecht2004",4163
"hoilund1986",4164
"hoilund2014",4165
"holst1958",4166
"jorgensen1990",233
"jorgensen1997",4167
"laurent1978",4168
"lebecq1986",4169
"radtke1981",4170
"schlesinger1972",4171
"schneeweiss2010",4172
"shepard2014",169
"shepard1989",169
"staats1974",169
"story2003",169
"andersen2012",4173
"berglund1982",4174
"bican2007",4175
"bican1907",4176
"biltz1969",4177
"broholm1946",4178
"broholm1949",4179
"christensen2006",4180
"dillehay1997",4181
"dix1982",4182
"garfinkel1987",4183
"harrington2000",4184
"houmarknielsen1991",4185
"hoy1995",4186
"jensen2002",180
"jons1993",180
"jorgensen2013",4187
"kjaer1928",180
"knoll2013",180
"larsen2012",4188
"nielsen1967",180
"petersen1971",180
"schuster2000",180
"seir2013",180
"steensberg1974",180
"thrane1979",180
"uschmann2006",180
"williams2004",180
"duczko2007",4189
"losinski1997",4190
"jagodzinski2008",4191
"bately1980",4192
"bately2009",4193
"gaerte1929",4194
"engel1931",4195
"engel1935",4196
"tischler1902",4197
"bezzenberger1904",4198
"androshchuk2008",4199
"jagodzinski2012",4200
"cnotliwy2013",4201
"ehrlich1932",4202
"ambrosiani1994",102
"arbman1958",102
"carlsson1988",102
"jankuhn1943",4203
"klim1979",102
"steuer1979",102
"arbman1993",4204
"berggren2004",4205
"bergstrom1941",4206
"bjorck2008",64
"broberg1990",64
"egenberg2003",64
"fetisov2008",64
"frostne2002",64
"hennius2016",64
"hennius2005",4207
"heron1989",64
"hiorth1908",64
"hjulstrom2006",64
"hvid2016",64
"karlsson2002",64
"konsa2013",64
"kupiec2015",64
"kurzweil1998",64
"landin2002",64
"lindeblad1994",64
"lindstrom2014",64
"magnusson1986",4208
"neveus1974",64
"persson1994",64
"ravn2016",64
"stahre2012",64
"svenssonhennius2017",64
"villstrand1996",64
"albrectsen1976",4209
"andren1998",4210
"behre1983",4211
"bican2010",4212
"fabricius2009",4213
"hermansen1938",4214
"hjelmqvist1993",4215
"janushevich1979",4216
"kenward1995",4217
"koch2003",4218
"mikkelsen1949",4219
"moltsen1998",4220
"ocete2015",4221
"petrini2015",134
"schiemann1953",134
"shanahan2015",134
"sherratt2008",134
"smith1990",134
"stummer1911",134
"troelssmith1953",134
"wamers2016",134
"winroth2012",134
"schietzel1985",130
"pilo2008",130
"androshchuk2004a",130
"fabech2009",130
"sanmark2004",130
"ahnlund1926",130
"ambrosiani1992",130
"ambrosiani1996",130
"andren1985",130
"edgren1995",4222
"franklin1996",4223
"garizpanov2008",130
"gustin1990",130
"johansen2003",130
"malmer1989",130
"noonan1991",130
"polanyi1978",130
"ros2001",130
"rosberg2009",130
"schorske1998",130
"reimer2004",4224
"svensson2007a",4225
"hilczerowna2037",102
"losinski1995",102
"vonzurmuhlen1940",102
"labuda1961",102
"orosiusnd",102
"andersen2008",4226
"bandholm2012",4227
"carstens2011",4228
"christiansen1999",4229
"christiansen2005",4230
"dyggve1955",173
"hollstein1980",173
"holmsgaard1999",173
"hvass1998",173
"krogh1993",4231
"lemm2011",4232
"lindblom2011",173
"lindblom2012",173
"mullerwille1991",173
"trillmich1970",173
"fanning1937",4233
"saga1943",4234
"kunz2008",4235
"dasentnd",4236
"andersson2002",4237
"armbruster2002",4238
"bihrer2012",4239
"christensen1985",4240
"claughton2011",4241
"dekowna1990",4242
"osk2009",4243
"elvestad1998",4244
"fanning1990",4245
"hagg2002",4246
"helberg1993",4247
"hepp2007",4248
"hilberg2007",4249
"hingst1955",4250
"kleingartner2007",50
"mehler2003",4251
"molaug2010",4252
"mullerwille1968",4253
"noonan2000",4254
"olsen2004",4255
"pestell2011",4256
"pierce2009",4257
"reichstein1984",4258
"roberts2008",4259
"englert2007b",4260
"scheel1930",4261
"simek2007",4262
"sode2004",4263
"sode2002",4264
"sorheim2004",4265
"stumpel1983",4266
"jakobsson2009",4267
"tweddle1999",182
"vogel1983",182
"warmlander2010",182
"wedepohl2003",182
"zori2010",4268
"magnusson1966",182
"jessen1958",169
"hoilundnielsen1986",169
"norgardjorgensen1999",4269
"neuefischer2014",169
"siemen1990",169
"spiong2000",169
"thuno2002",169
"williams1999",169
"bemmann1998",4270
"besteman1999",4271
"bjork1957",4272
"brandt1996",4273
"brink1997",4274
"carnapbornheim1996",4275
"egeberghansen1988",4276
"egeberghansen1996",4277
"ethelberg2000",4278
"ringtved1989",4279
"fabech1992",4280
"fenger1971",4281
"hedeager1990",4282
"helgesson2008",4283
"hoilundnielsen2005",4284
"hoilundnielsen1993",4285
"hvass1986",4286
"jarlhansen1988",4287
"jessen2008",4288
"jorgensen1988",244
"jorgensen1996",22
"kopytof1986",4289
"lund1996",4290
"lundhansen1995",4291
"madsen1995",4292
"mauritsen2009",4293
"mikkelsen1990",4294
"mortensen1988a",4295
"mortensen1991",4296
"murray1983",4297
"nasman1988",4298
"nasman1997",4299
"norbach1998",4300
"norgardjorgensen1996",4301
"rasmussen1995",172
"reuter1997",172
"ringtved1986",172
"ringtved1998",172
"sjoholm1988",172
"steuer1982",172
"tacitus1999",172
"ulriksen1989",172
"wenskus1961",4302
"zimmermann2005",172
"bjork1982",173
"christensen1983",4303
"christiansen1995",228
"christiansen1996",4304
"fenger1991",4305
"fokkens1998",228
"jorgensen1940",228
"back1997",204
"polanyi1963",4306
"tummuscheit2003",233
"vestergaard1991",4307
"lysehansen2000",182
"olausson2002",4308
"palliser2000",4309
"hodder2003",4310
"hojbjerg2006",4311
"aarseth1982",4312
"arge1991",4313
"arge2006",4314
"arge2005",4315
"arge2009",4316
"arnalds1997",4317
"bertelsen1985",4318
"bertelsen1998",4319
"buckland2008",4320
"butler2006",4321
"christiansen1990",4322
"christiansen1991",4323
"christiansen1987",4324
"dennis2000",4325
"dugmore2000",232
"dumezil1973",4326
"edvardsson2005",4327
"einarsson1963",4328
"einarsson2002",4329
"fagan2000",4330
"fjaervoll1961",4331
"fredskild1973",4332
"fridriksson1994",4333
"gerrard1991",4334
"gjerland2009",4335
"gronvold1995",4336
"grove1988",4337
"gudmundsson2001",4338
"gudmundsson2004",4339
"guttormsen1994",4340
"halstead1998",4341
"harris1988",4342
"hambrecht2006",4343
"hansen1990",4344
"hastrup1989",4345
"hermannsson1929",4346
"hitzler1979",4347
"hjalmarsson1993",4348
"holling2002",4349
"joensen1976",4350
"joensen1980",4351
"keller1989",4352
"keller1990",4353
"konstam2004",4354
"kristjansdottir2004",4355
"krivogorskaya2005",4356
"lageras2007",4357
"lambin2005",4358
"lawson2006",4359
"mcgovern1980",4360
"mcgovern1981",232
"mcgovern1986",4361
"mcgovern1994",4362
"mahler1989",4363
"mahler1988",4364
"mahler1991",4365
"mahler1990",4366
"mairs2007",4367
"marcus1980",4368
"e2003",4369
"noonan1998",4370
"nordal1952",4371
"nordal1954",4372
"norrevang1970",4373
"olsen1928",4374
"olasson1998",4375
"perdikaris1998",4376
"perdikaris2005",4377
"rieck2002",4378
"sanmark2002",4379
"schofield2007",4380
"simpson2003",4381
"skardi1970",4382
"sveinbjarnardottir1990",4383
"sveinbjarnardottir2007",4384
"sveinbjarnardottir2008",121
"thomson2003",121
"thomson2005",121
"thomson2007a",121
"vesteinsson2001",121
"wubsmrozewicz2008",121
"thorarinsson1970",121
"aarsleff2005",4385
"almgren1955",233
"ambrosiani2002",4386
"anglert1999",4387
"anglert2001",4388
"arrhenius1992",4389
"eriksson2001",4390
"gjosteinresi1979",4391
"gramstorp2000",4392
"gustafsson1968",4393
"gustin1999",4394
"hardh2007",4395
"vonheijne2004",4396
"helgesson1999",4397
"herschend1989",4398
"hjarthnerholdar2002",4399
"horby1988",4400
"jansson1978",292
"johanssonherven2001",4401
"kresten2001",4402
"klnm1999",4403
"lennartsson1997",4404
"malmer2002",4405
"metcalf1996",4406
"mikhailov2007",4407
"mogren2005",4408
"noonan1984",4409
"riddersporre1998",4410
"ringqvist1968",4411
"rispling2004",4412
"salminen2001",4413
"samuelsson2001",4414
"schulke2008",4415
"serning1956",4416
"silvegren1999",4417
"sindbaek2001",4418
"skibstedklaeso1997",4419
"steineke2005",4420
"stenholm1976",4421
"stjernquist1995",4422
"svanberg1998",300
"svensson2001",300
"tegner1999",300
"tegner2005",300
"thilderqvist2000",300
"thun1967",300
"wamers1984",4423
"westergren1986",300
"dumvillend",4424
"rau1977",4425
"ager2011",4426
"besteman2009",4427
"coupland2006",4428
"dijkstra2009",4429
"grieg1929",4430
"kilger2007",144
"knol1998",144
"knol2005",144
"knol2010",144
"sheehan2000",144
"sheehan2011",144
"others1971",144
"woltering2000",144
"woolf1990",144
"cook1965",182
"westness1980",4431
"ahrens2001",4432
"chronicon2001",4433
"dyggve1942",4434
"harck2006",4435
"wesse2006",4436
"janssen2004",4437
"mcneill2004",4438
"chr2009",4439
"klemensen2001",4440
"krogh1981",4441
"lethlarsen2007",4442
"madsen1985",4443
"mcguire2008",4444
"petersen1909",4445
"staecker2005",171
"trap1964",4446
"sicking2008",121
"woltering2002",144
"sawyer1971a",4447
"eriksen2001",4448
"davidson1979",4449
"hoekstra1940",4450
"rau1972",4451
"rives1985",4452
"south1932",4453
"bantelmann2003",4454
"besteman1997",4455
"boeles1915",4456
"borchling1938",4457
"bregman1998",4458
"ijssennagger2009",4459
"jons2013",4460
"meier2003",4461
"milis1998",4462
"nijdam2008",4463
"pritsak1981",220
"schokker2008",220
"siems1980",220
"smyth1977",220
"springer2003",220
"theuws2009",220
"vries2007",220
"wood2001",220
"broadberry2010",184
"durkin2014",184
"fenner2005",184
"fox1943",184
"hellenthal2014",4464
"insley1994",184
"johnston2014",184
"loveluck2011",184
"royrvik2010",184
"samuels1989",184
"thomas2006",4465
"townend2002",184
"binns1988",4466
"bjerve1980",4467
"bjorgo1982",4468
"bratrein1984",4469
"bratrein1989",4470
"bull1920",4471
"carstairs1980",4472
"eithun1994",4473
"ekrem2006",4474
"falkanger2007",4475
"fugelsoy1970",4476
"gansum2000",4477
"grimm2004",4478
"hobaek2013",4479
"hodne1976",4480
"holmback1943a",4481
"indrebo1935",4482
"iversen2014",4483
"iversen2007",4484
"jansen1943",4485
"johansen1977",4486
"hauge2007",4487
"lillehammer1994",4488
"lund1955",4489
"lund1959",4490
"lund1965",4491
"loken2001",4492
"nicolaysenndh",4493
"norbergschulz1980",4494
"olsen2005",4495
"olsen2013",4496
"patterson2005",4497
"relph1976",4498
"room2005",4499
"schutte1933",4500
"seip1934",301
"sjovold1962",301
"sjovold1971",301
"solberg2002",301
"storli2000",4501
"stormnda",301
"stormndb",301
"strom2007",301
"taranger1915",301
"tuan1974",301
"urbanczyk1992",301
"vesteinsson2013",4502
"odegaard2013",301
"forest2011",4503
"ahlkvist2002",4504
"bardseth2007",4505
"carlie1999",4506
"diinhoff2011",4507
"edblom2004",4508
"ericsson2001",4509
"kalmar1991",4510
"eriksson1993",4511
"frolund2007",4512
"gjerdaker2001",4513
"gjerpe2012",4514
"gollwizer2012",4515
"helgesson2002",4516
"hobaek2008",4517
"bergen2009",4518
"oslo1997",4519
"kleven2001",4520
"loken1996",4521
"martens2007",4522
"myhre1972",4523
"olsen1926",4524
"pedersen1990",4525
"petersson2010",4526
"reiss1994",4527
"reitan2009",298
"reynolds1999",298
"robberstad1967",298
"rosener1995",298
"skre1997",298
"streiffert2005",298
"sorrusten2012",298
"tacitus2001",298
"wasberg1970",298
"odegaard2008",298
"oslo1991",298
"shepared2012",4528
"loog2017",4529
"mcevoy2006",4530
"melchior2008",4531
"milman2003",4532
"bowden2008",4533
"helgason2003",4534
"helgason2009",4535
"kjellstrom2007",4536
"ros2012",4537
"kjellstrom2017",4538
"wikstrom2008",4539
"wikstrom2005",4540
"tillmar2010",4541
"dupuy2001",4542
"karlsson2006",4543
"martiniano2016",4544
"nesbitt2016",4545
"roslund2014",4546
"tesch2001",4547
"vanoven2014",4548
"technology2017",4549
"walsh2014",4550
"walsh2013",4551
"walsh2016",4552
"tesch2013",4553
"hillbom1984",4554
"moorrees1963",4555
"smith1991",4556
"brooks1990",4557
"bruzek2002",4558
"novotny1982",4559
"phenice1969",4560
"evans2004",4561
"meller2012",4562
"knipper2004",4563
"maurer2012",4564
"neumann1974",4565
"asch2003",4566
"lofvendahl1990",4567
"hillson2005",4568
"schour1941",4569
"knipper2014",4570
"rohland2007",4571
"malmstrom2012",4572
"rasmussen2011",4573
"korneliussen2014",4574
"behar2012",4575
"achilli2004",4576
"dupuy2006",4577
"passarino2002",4578
"rootsi2004",4579
"auton2015",4580
"patterson2006",4581
"zeronmedina2013",166
"hveem2001",166
"whittington2006",166
"donnelly2012",166
"eiberg2008",166
"lamason2005",166
"soejima2007",166
"stokowski2007",166
"aitken2013",4582
"ascough2012",4583
"biddle1985",4584
"biddle1986",4585
"bigsbynd",4586
"bonsall2007",4587
"bronkramsey2004",4588
"cook2001",4589
"cook2015",114
"deggnd",114
"fuller2005",114
"hedges2004",114
"phillips2001",114
"phillips2014",114
"richards2002",4590
"russell2015",114
"sawyer1957",114
"szpak2014",114
"taylor1989",114
"dyggve1948",171
"jorgensen2002e",24
"jeppesen1990",171
"glob1970",171
"ibsen2005",4591
"junker2003",4592
"berlin2003",4593
"reichchr1995",4594
"gotlands1995",4595
"wroblewski1963",251
"iineaa1994",251
"kershaw2018",4596
"bogucki2011",302
"brather1953",302
"fomin1987",302
"jankowiak2015",302
"kara2009",302
"kiersnowski1961",302
"kilger2006",302
"kmietowicz1994",302
"ostergren2009",302
"petrov2014",302
"rebstock2008",302
"arne1946",205
"brady1999",205
"fennomuyingo1997",205
"hedenstiernajonson2001",205
"hedenstiernajonson2002",205
"holmquistolausson1998",4597
"liden1997",205
"lovell1986",4598
"peterson1987",205
"richards2001",4599
"richards2006",263
"soloman1971",205
"trust1992",205
"birka1992",4600
"carnapbornheim2007",4601
"capitularia1980",4602
"ellmers2009",4603
"gade1993",4604
"geibig1989",4605
"grierson1986",4606
"hingst1958",4607
"hornfuglesang2000",4608
"hoven1990",4609
"jankuhn1951",4610
"jesch1998",4611
"kersten1954",4612
"kirpichnikov2001",49
"mullerwille2006",49
"nobbel1936",49
"rispling1990",49
"sawyer1987a",49
"schaefer1956",49
"schietzel1980",49
"schild1991",49
"solberg1991",49
"stalsberg2008",49
"steuer1999",204
"steuer2002",4613
"wamers1995",49
"carlson2010",4614
"poulsen1979",4615
"watt1988",244
"reich2003",251
"valujev2005",251
"reich2005",251
"vonzurmuhlen1975",251
"wroblewski2006",4616
"adger2013",4617
"appelt2009",4618
"arneborg1997",4619
"arneborg2005",4620
"barnett2015",4621
"bentley2015",4622
"boyd2011",4623
"brace2011",4624
"brody2001",4625
"buckland2009",4626
"butzer2012",4627
"codding2015",4628
"crumley1994a",4629
"cumming2008",4630
"golding2011",4631
"golding2015",4632
"gullov2004a",4633
"halstead1989",4634
"hayeursmith2016",4635
"hoegsberg2014",4636
"howard1993",4637
"ingram2008",4638
"jesch1989",4639
"kendal2011",4640
"kennett2015",4641
"kopar2009",4642
"kuijpers2014",4643
"laland2006",4644
"laland2011",4645
"laland1999",4646
"ledger2013",4647
"ledger2014",4648
"levistrauss1966",4649
"mason2007",4650
"mcgovern1991",4651
"meaks2005",4652
"mehl2017",4653
"middleton2017",4654
"moltke2015",4655
"myhre2004",4656
"nedkvitne2014",4657
"normandnd",4658
"ostergard2011",4659
"oye2004",4660
"park2005",4661
"reinton1960",4662
"riede2009",4663
"riede2011",4664
"roesdahl2016",4665
"rowleyconwy2013",4666
"rowleyconwy2011",4667
"roussell1941",4668
"sandvik2005",4669
"scott2008",4670
"scott1992",55
"smith2011a",4671
"sveinbjarnardottir1991",55
"svenning2015",55
"terrel2003",55
"thompson2013",55
"zeder2009",55
"zeder2015",55
"zeder2016",55
"wiechmann1996",145
"schulke2005",303
"andersson2015",4672
"bjorkvik1970",4673
"bjorkvik1972",4674
"blochnakkerud1987",4675
"brendalsmo2014",4676
"brinchmadsen1995",4677
"buchwald1999",4678
"dorum2004",4679
"englund2002",4680
"hauge1946",4681
"helle1974",4682
"hostmadsen1999",4683
"imsen1990",4684
"imsennd",4685
"indrelid2009",4686
"jonsbok1904",4687
"jakobsen1991",4688
"knagenhjelm2008",4689
"krag2000",4690
"loftsgarden2015",4691
"martens1978",86
"olafsen1916",86
"pleiner2003",86
"ramsey2017",4692
"reinton1956",86
"resi1992",86
"rundberget2013",4693
"sandnes1977",86
"simonsen2001",86
"steinnes1930",86
"szmoniewski2010",86
"taksdal1973",86
"tveiten2012",4694
"oye1977",86
"atkinson1996",4695
"billig1995",4696
"blindheim1953",4697
"diazandreu1996",4698
"eikrem2005",4699
"eriksen1993",4700
"fairclough1992",4701
"gellner1983",4702
"gjerde2010",4703
"gjessing1928",4704
"haavardsholm2004",4705
"hesjedal2000",4706
"hobsbawm1992",4707
"hodder1984",4708
"hougen1965",4709
"harke1998",4710
"jahnsen2015",4711
"jones1996",4712
"kjorup2001",4713
"kristiansen1993",4714
"laclau2001",4715
"martens1960",4716
"munch1985",4717
"opedal1999",4718
"paxton1999",4719
"resi2000",4720
"ringrose1993",4721
"schanche1989",4722
"shanks2001",4723
"shetelig1910",4724
"simonsen1967",4725
"skre1991",4726
"stenvik1980",178
"storli1991",4727
"stylegar2009",178
"sorheim2011",178
"ucko1989",178
"wineburg1991",178
"ostigard2001",178
"of2002",4728
"ambrosiani1972",4729
"stamnes2010",4730
"arnberg1976",4731
"brunstedt1996",4732
"carlsson1997",4733
"conyers2013",4734
"dahlin2001",4735
"hansson2004",4736
"heamagi2006",4737
"herschend1995",4738
"hermodsson2004",4739
"hjulstrom2008",4740
"holmquistolausson1987",4741
"ingelmansundberg1972",4742
"derfruhgeschichtlichen1980",4743
"lamm2011",4744
"larsson2014",4745
"lofterud1970",4746
"lohr1979",4747
"olausson1921",4748
"staecker2009",4749
"soderberg2003",4750
"trinks2008",4751
"trinks2013",4752
"viberg2011",4753
"wadstein1936",4754
"ungernd",4755
"devlet2001",137
"london1964",137
"fedorova2001",137
"londonhelmbrecht2011",137
"kommunikationsmedien2001",137
"hoj2005",137
"hoj2011",137
"ostergard2008",137
"kastholm1974",137
"seid2009",137
"archaeologica2005",137
"lundhansen1973",137
"lundhansen1974",137
"lundhansen1979",137
"london2002",137
"eliade1964",4756
"vestergaard2014",4757
"arwidsson1984",4758
"abrams2001",150
"abrams2005",4759
"ayers1985",4760
"ayers1994",4761
"callmer1989",4762
"cameron1975",4763
"dallas1964",4764
"dickinson1991",4765
"eilbracht1999",4766
"grahamcampbell1985a",4767
"grahamcampbell1994",4768
"hattatt1987",4769
"madsen1987",4770
"hinton1974",4771
"hinton1975",4772
"hinton1978",4773
"kirk1927",4774
"leahy2003",4775
"leahy1997",184
"margeson1982",4776
"margeson1996",4777
"mason1997",4778
"owencrocker2002",225
"paterson2004",225
"richardson1993",225
"rieck1982",4779
"roesdahl1981",4780
"rogerson2006",225
"speed2004",4781
"stamper2000",225
"wallis2004",225
"youngs2000",225
"youngs1995",225
"jeppesen2005",4782
"mohrchristensen2009",165
"wilken2016",165
"birkas2016",165
"st2008",305
"aqvist2004",305
"axboe1996",305
"st1996",305
"einarsson2008",4783
"ch2004",305
"holmqvist1961a",305
"holmqvist1964",305
"holmqvist1964a",305
"iversen2008",4784
"lindqvist1929",305
"imsen2004",86
"volundarkvida1971",4785
"voluspa1971",4786
"anderson2007",4787
"behrend1970",22
"berggren2006",4788
"boyenda",4789
"bradley1990",4790
"bruck2005",4791
"bruck2007",4792
"bardseth1998",4793
"fowler2001",4794
"fredengren2002",4795
"fuglesang2002",4796
"geisslinger1967",4797
"green1998",4798
"hauck1981",4799
"helgesson1992",4800
"herschend2001",4801
"hvid2005",4802
"iversen1986",4803
"jensen1942",4804
"kilfeather2003",4805
"kousgardsorensen1968",23
"kousgardsorensen1978",23
"lakoff1999",4806
"lethlarsen1984",4807
"merleauponty1962",4808
"meulengrachtsorensen1995",23
"munksgaard1984",4809
"needham2001",23
"nordell1991",23
"phillips2002",23
"rowlands1971",4810
"seremetakis1994",23
"stutz2004",4811
"thunmarknylen1989",23
"vandenoort2006",23
"vigfussonnd",23
"warmind2004",23
"wiker2000",4812
"zachrisson1962",4813
"baatz1976",4814
"beresford1987",4815
"bican2014",4816
"boethius1931",4817
"devries1935",4818
"ericsson1992",4819
"fuglsang2015",4820
"hanson1995",4821
"haseloff1942",4822
"holtsmark1970",4823
"hopetaylor1950",4824
"jessen2011",4825
"kalmring2014a",4826
"kuhn1995",4827
"lindqvist1923",4828
"middleton2005",4829
"mikkelsen1991",4830
"nasman2001",4831
"oelmann1933",4832
"oelmann1940",4833
"olesen2015",4834
"olsen1967",4835
"palm1937",4836
"rosborn2004",4837
"ruhmann2004",4838
"sawyer1986",4839
"schafer1977",4840
"sundqvist2006",34
"sundqvist2009",34
"terkildsen2014",34
"terkildsen2015",34
"tornbjerg1997",34
"vikstrand2004",34
"hallstrom1913",4841
"holmquist2002",4842
"aarts2005",4843
"aarts2009",4844
"barndon2004",4845
"berg1989",4846
"berger1996",4847
"bertell2003",4848
"budd1995",4849
"christophersen1992",4850
"creighton2000",4851
"dant1999",4852
"davies1996",4853
"fitzpatrick2005",4854
"galloway2006",4855
"grierson1960",4856
"haaland2004",4857
"hall1999",4858
"haselgrove2005",4859
"hedjakobsson1999",4860
"herbert1993",4861
"hosler1995",4862
"houston2000",4863
"insoll2007",4864
"kemmers2006",4865
"klussendorf2007",4866
"kok2008",4867
"kurke1999",4868
"lightfoot1995",4869
"makeler2010",4870
"marques2007",4871
"martin1991",4872
"merleauponty1944",4873
"miller1998",4874
"mithen2008",4875
"morris1992",4876
"myrberg2010",4877
"nash1978",4878
"nick2005",4879
"oden2009",4880
"papadopoulos1999",4881
"petersson1948",4882
"przybyszewski2007",4883
"rathje2001",4884
"renfrew2009",4885
"rickman1980",4886
"seaford2004",4887
"small1995",83
"thomsennd",83
"vanarsdell1989",83
"vonreden1995",83
"white1988",83
"wiggwolf2005",83
"zach2005",83
"zanker1987",83
"jane2008",225
"adalsteinsson1999",4888
"agustsson1982",4889
"birkeli1973",4890
"brink2013",4891
"byock2005",4892
"christie1982",4893
"colman1995",4894
"deetz1977",4895
"didiplomatariumislandicumnd",4896
"edwald2012",4897
"foucault1977",4898
"foucault1982",4899
"foucault1988",4900
"foucault1994",4901
"fridriksson2011",4902
"giddens1984",4903
"gilchrist2008",4904
"gilchrist2012",4905
"gullbekk2012",4906
"hall2012",4907
"hugason2000",4908
"isleifsdottir1997",4909
"islendingabok1968",4910
"jensen2013",4911
"jensenius2001",4912
"jonsson2009",4913
"jorgensen2004",4914
"karlsson2001",4915
"karras2003",4916
"karras2012",4917
"kristjansdottir2012",4918
"kristjansdottir2001",4919
"lane2001",4920
"larusson1980",4921
"loren2006",4922
"lynn1984",4923
"magnusdottir2001",4924
"nilsson1994",4925
"nordeide2013",4926
"prescott2011",4927
"jones2003",4928
"runarsdottir2006",4929
"russell2005",4930
"salonen2013",93
"sigurdsson2008",4931
"sigurdsson2011",4932
"slupeki2007",93
"spivak1988",93
"stefansson2000",93
"soland2000",93
"young2009",4933
"zoega2002",93
"zoega2012",93
"zoega2010",93
"clarke2004",4934
"sorensen1981",23
"almgren1901",4935
"ambrosiani1991",4936
"ambrosiani1973",4937
"anspach2010",4938
"beskowsjoberg1996",4939
"brucemitford1967",4940
"delaet1956",4941
"ellmers1995",4942
"falk1912",4943
"graslund2003",4944
"hedeagerkrag2004",4945
"holgersson2001",4946
"jonssonnd",4947
"kalmring2015",158
"karlsson2011",158
"kidd1988",158
"sjovold1957",158
"westphalen2002",50
"bianchi2010",4948
"enoksen1999",4949
"fuglesang1981",4950
"fuglesang2005",4951
"gadamer1960",4952
"gilchrist2013",4953
"jacobsen1941",4954
"knutzen2005",4955
"knutzen2007",4956
"kohring2014",4957
"lager2003",4958
"ljung2016",4959
"malafouris2013",4960
"merleauponty1994",83
"moser1998",4961
"moser2005",4962
"olick1999",4963
"olsen1941",235
"petursdottir2012",4964
"robb2009",4965
"shaw2013",4966
"smestad1988",25
"steinsland2014",25
"stromback1969",235
"tarlow2012",25
"thorn2002",25
"oebynielsen2005",25
"ambrosiani1982",4967
"arwidsson1984a",4968
"bengtzon2000",4969
"blomqvist2009",4970
"bolin2008",4971
"back2010",4972
"voncarnapbornheim2011",4973
"conolly2006",4974
"dahlin1999",4975
"odelberg1974",4976
"olausson2012",164
"persson2002",164
"rijksmuseumvanoudheden2010",164
"rosen2002",164
"price1990",164
"stavrum1996",164
"trinks2010",4977
"wiklund2009",164
"wahlander1997",164
"kovalenko2007",4978
"kovalenko2008",4979
"kovalenko2003",4980
"arbman2003",4981
"arne1931",4982
"blifeld1977",306
"budur2007",4983
"bulgakova1999",4984
"camer1968",4985
"cherrman1986",4986
"devidson2008",4987
"gurevic1966",4988
"gurevic1999",4989
"herrman1982",4990
"kirpicnikov1986",4991
"kovalenko1988",4992
"kovalenko1994",4993
"kovalenko1996",4994
"kovalenko1999",4995
"kovalenko2000",4996
"kovalenko2001",4997
"kovalenko2002",4998
"kovalenko2005",4999
"kovalenko2009",5000
"kulakov1990",5001
"kulakov1994",5002
"lebedev1965",5003
"lovmjanskij1985",5004
"melnikova1994",249
"mocja2001",249
"musset1971",249
"puskina1972",249
"scavelev2007",249
"scavelev2009",249
"sinakov2002",249
"smolicev1931",249
"veremejcik2007",249
"zocenko1996",249
"axelsen2014",5005
"thunmarknylen2000",158
"wisehn1999",158
"stalberg2000",5006
"ashmore2003",5007
"backlund2001",5008
"barnes2006",5009
"barrett2005",5010
"bradley1987",5011
"card2005",5012
"charleson1905",5013
"fanning1983",5014
"firth1986",5015
"gammeltoft2006",5016
"garrow2005",5017
"gibbon2008",5018
"griiths2006",5019
"griiths2011",5020
"hedges1983",5021
"hermann1978",5022
"hunter1986",5023
"hunter2003",5024
"jesch2005",5025
"laughlin1974",5026
"leonard2010",5027
"lucy2002",5028
"maher2009",5029
"marwick1952",5030
"marwick1970",5031
"milner2007",5032
"morris1989",5033
"nicolaisen1976",5034
"renfrew1979",5035
"ritchie1995",5036
"robertson1991",5037
"sandnes2010",151
"semple2007",151
"simon1987",151
"simpson1997",151
"wallacend",151
"wickhamjones2001",151
"williams2009",5038
"biddle1991",5039
"flanagan1999",5040
"elder2007",5041
"kelly1956",5042
"kelly1961",5043
"corrain1996",5044
"channing1996",5045
"wallace1967",5046
"afm1908",5047
"fellowsjensen1991",5048
"mahr1929",5049
"mckeown1956",5050
"floinn1998",5051
"hayden1998",154
"simpson2008",154
"lantmateriet2009",164
"ameziane2004",5052
"arwillnordbladh2001",5053
"hansson2012",5054
"peter2015",5055
"solberg1984",5056
"backdanielsson2015a",25
"riisoy2015",5057
"wulffandersen1995",5058
"homson1995",151
"homson2001",151
"akin1999",145
"blackburn1997",145
"bogucki2007",145
"chesterkadwell2009",145
"frier2007",145
"kilger2011",145
"kroll2008",145
"kruse1988",5059
"kruse1992",5060
"kuroda2008",145
"metcalf1985",145
"naismith2005",145
"pedersen2007",204
"pirie1986",145
"feveile1995",154
"bill2006",154
"sloane2011",154
"halpin2001",154
"kelly2004",154
"kelly2010",154
"lynch2001",154
"alstrom1993",5061
"andersson1983",5062
"arrhenius1982",5063
"beronius2011",5064
"beronius2013",5065
"ekman2000",5066
"frolund2010",5067
"frolund2013",5068
"frolund2011",5069
"goldina2003",5070
"gothberg2014",5071
"hansson2001",5072
"kazanski2007",5073
"lindqvist1945",5074
"lindqvist1949",5075
"ljungkvist2013",5076
"loven2010",5077
"lucas2013",5078
"lundahl2012",5079
"nordahl1993",5080
"olausson1966",192
"runer2006",192
"trinks2011",192
"vikstrand2013",192
"aberg1947",192
"leslie1908",154
"simpson2015",154
"hogan1910",154
"hilberg2011",50
"aberg1998",5081
"ambrose1991",5082
"ambrose1987",5083
"arneborg1999c",5084
"barrett1995",5085
"bell2009",5086
"bell2010",5087
"bendrey2009",5088
"bentley2005",5089
"bentley2002",5090
"bowen2002",5091
"geologicalsurvey2010",5092
"bryant1996",5093
"budd2000",5094
"budd2003",5095
"burke1982",5096
"burton1996",5097
"burton1990",5098
"burton2000",5099
"burton1995",5100
"burton2003",5101
"calvin1962",5102
"cameron2007",5103
"carr1962",5104
"chisholm1982",5105
"clayton1963",5106
"coltrain2009",5107
"coplen1994",5108
"coplen1983",5109
"craig1961",5110
"daly2010",5111
"darbyshire1985",5112
"deniro1978",5113
"deniro1981",5114
"dickin1997",5115
"drury1973",5116
"dupras2007",5117
"dupras2001",5118
"eckhardt2009",5119
"elias1980",5120
"ezzo1994",5121
"ezzo1995",5122
"fuller2006",5123
"gallet1998",5124
"gonfiantini2001",5125
"halpin1993",5126
"hatch1966",5127
"hatch1967",5128
"herring1998",5129
"hobson2004",5130
"holm2000",5131
"hurley2010",5132
"iacumin1996",5133
"jim2004",5134
"kellner2007",5135
"knudson2009",5136
"koch1997",5137
"kortshack1965",5138
"lang1988",5139
"leach2009",5140
"leach2010",5141
"leethorp1991",5142
"linderholm2011",5143
"luz1985",152
"luz1984",152
"muller2003",5144
"mcarthur2001",5145
"mccabe2007",5146
"mccormick1982",5147
"minagawa1984",5148
"muldner2011",5149
"negrel2003",5150
"nehlich2009",5151
"obrien1998",5152
"oconnor1988",5153
"odonnabhain2010",5154
"odonnabhain2011",5155
"odonnabhain2001",5156
"oconnor1982",5157
"price1985",5158
"price1986",5159
"ranson1960",5160
"read1934",5161
"schoeninger1978",5162
"schoeninger1979",5163
"schoeninger1983",5164
"schurr1998",5165
"schutkowski1999",5166
"sexton1998",5167
"shaw2009",5168
"shaw2010",5169
"sikora2010",5170
"sikora2011",5171
"sillen1989",5172
"sillen1991",5173
"sykes2006",210
"tieszen1992",210
"veizer1989",5174
"wallace2006",5175
"wallace1994",210
"whipkey2000",210
"white2000",210
"wilson1977",210
"wolfe2001",210
"wright2005",210
"wright1998",210
"karkanas2010",5176
"macphail2005",196
"carter1998",196
"axboe1986",5177
"broholm1940",5178
"danielsson2007",5179
"danielsson2010",5180
"hauck1978",5181
"holmqvist1960",5182
"iversen1991a",202
"lamm2004a",5183
"mannering2004",5184
"mannering2006",5185
"mannering2008",160
"mellend",160
"nasstrom1998",160
"nasstrom2009",160
"owencrocker2010",160
"simek2002",160
"stamsomunch2003",160
"watt1999",5186
"watt2001",160
"olausson2014a",192
"klaesoe2010",5187
"capelli2003",5188
"chinnery2006",5189
"brochmann2008",5190
"benedictow2004",5191
"russ2013",5192
"malmstrom2007",5193
"salamon2005",5194
"binladen2007",5195
"behar2007",5196
"prieto2011",5197
"core2011",5198
"helgason2007",5199
"anderson1981",5200
"andrews1999",5201
"venables2002",5202
"pfeiffer1999",5203
"meinila2001",5204
"cardoso2011",253
"dupuy1996",5205
"richard2007",253
"tambets2004",253
"metspalu2006",253
"melchior2010",253
"dissing2007",253
"torroni1996",5206
"zachrisson2008",253
"derenko2007",253
"schonberg2011",253
"brink1999",5207
"brink2000",5208
"brink2004d",29
"dent1984",5209
"dinzelbacher1984",5210
"frandsen1999",5211
"hines1989",5212
"hoff1997",5213
"jahnkuhn1951",5214
"jerichow1997",22
"john1991",5215
"lager2001",5216
"liestol1972",5217
"lonaas2004",5218
"richards1990",5219
"rudebeck2002",22
"steinsland1995",5220
"stidsing1999",22
"wilke1999",5221
"ostmo2005",5222
"hultkrantz1991",16
"lund2001",16
"lenntorp2002",16
"nasman1998",5223
"nordberg2003",5224
"grammaticus1924",16
"sundqvist2004",16
"vierck1979",16
"vifot1936",5225
"ljungkvist2015c",5226
"hedenstiernajonson2009",5227
"nmd1919",5228
"habbe2004",5229
"gjellerup1973",5230
"tilley1993",5231
"bonnier1994",5232
"caillet1985",5233
"collinder1972",5234
"hansen1992",5235
"fabech1989",5236
"john1987",5237
"larsson1976",5238
"ljungkvist2004a",5239
"musset1992",5240
"nasstrom1997",5241
"olsen2002",5242
"ravn1999",22
"ritchie1993",22
"stiesdal1952",5243
"lind2004",5244
"mortensen1979",16
"zeitler1979",16
"braadmoen2013",253
"ahrland2013",5245
"aronsson1994",5246
"bell2012",5247
"emanuelsson2003",5248
"george2009",5249
"grimm2013",5250
"harding1992",5251
"harding1997",5252
"jennbert2000",5253
"karlsson2010",5254
"lagerstedt2004",5255
"liedgren1992",5256
"lindholm2013",5257
"magnell2013",5258
"myrstad1996",5259
"nyren2012",5260
"petre1980",5261
"ramqvist2007",5262
"ramqvist1993",5263
"risbol2011",5264
"serning1962",5265
"sleepersmith2009",5266
"stene2011",5267
"storli1993",191
"sundstrom1987",191
"svensson1998",191
"zachrisson2010",5268
"zachrisson1974",191
"ambrose1990",5269
"ambrose1997a",5270
"andersen1960",5271
"bandelt2006",5272
"barrett1999",5273
"barrett2000b",5274
"bocherens2003",5275
"brinkmann1999",5276
"deniro1985",5277
"eriksson2013",5278
"hagelberg1991",5279
"hemmendorff1984",5280
"holck1997",5281
"holck1983",5282
"mikkelsen2010",5283
"nei1987",71
"opdal1998",71
"paabo1989",71
"ramskou1965",71
"richards1995",71
"rosvold2010",71
"rudbeck2005",71
"sandmo1985",71
"sandmo1984",71
"topf2006",71
"zachrisson2003",5284
"cardon2001",5285
"marchini2004",5286
"bodmer2008",5287
"cavallisforza1994",5288
"quintanamurci1999",5289
"conrad2006",5290
"botigue2013",5291
"ralph2013",5292
"hellenthal2008",5293
"odushlaine2010",5294
"winney2012",5295
"lawson2012",5296
"alexander2009",5297
"pirinen2013",5298
"wilson2001",5299
"wells2001",296
"pritchard2000",296
"bodmer1980",296
"howie2009",296
"wright1943",296
"rousset2004",296
"lawson1995",296
"bhatia2013",296
"pritchard2001",296
"moorjani2011",296
"falush2003",296
"aikas2009",5300
"aikas2013",5301
"backman1975",5302
"berggren2010",5303
"bergman2008",191
"brightman2012",24
"chapman2000",5304
"clavir2002",5305
"descola1992",24
"descola2013",24
"dubois1999",5306
"edvinger2006",5307
"hallstrom1932",5308
"helanderrenvall2010",5309
"hultkrantz1994",5310
"humphrey1994",5311
"hutton2001",5312
"jernsletten2006",5313
"jordan2003",24
"levy1982",5314
"lund2011",5315
"makarov1991",5316
"manker1938",5317
"manker1950",5318
"manker1957",5319
"mauss1924",5320
"melheim1999",5321
"mulk1996",5322
"mundal1996",5323
"nergard2003",5324
"okkonen2007",5325
"orsneschristensen1956",5326
"parpola2004",5327
"rindstad1997",5328
"rostad2012",5329
"serning1957",5330
"sommerseth2009",5331
"svestad2011",5332
"viveirosdecastro1998",24
"wallerstrom1995",5333
"willerslev2007",24
"zachrisson1992",5334
"havamal1971",5335
"skaldskaparmal1931",5336
"andersen1977a",5337
"binski1996",5338
"borsheim2002",116
"bourdieu1996",5339
"boyendb",5340
"bynum1991",5341
"februar1977",5342
"cinthio1980",5343
"cinthio2002",5344
"eide1973",5345
"fett1961",5346
"fowler2011",5347
"fredriksen2006",5348
"gilchrist2005",5349
"hadley2009",5350
"hadley2011",5351
"harby1994",5352
"holloway2010",5353
"hougen1935",5354
"jeppesen1995a",5355
"kiefferolsen1993",5356
"kristoffersen2008",5357
"larsson2002",5358
"lund2003e",5359
"martensson1981",5360
"s1992",5361
"nordeide2007",32
"rebaysalisbury2010",32
"reynolds2011",5362
"schulke1999",5363
"serning1982",32
"shetelig1912",5364
"thompson2004",32
"wagnkilde2000",244
"wagnkilde2001",244
"swedishspeciesinformationcentre2014",191
"adalsteinsson1997",5365
"bloch1992",5366
"bruun1909",5367
"bruun1910",5368
"bruun1911",5369
"buckert1983",5370
"byock1982",5371
"deheusch1985",5372
"detienne1989",5373
"dillmann1997",5374
"fridriksson2004",232
"gestsdottir2005",5375
"girard1979",5376
"hamertonkelly1987",5377
"hildebrandt1989",5378
"hubertnd",5379
"jam1943",5380
"jones1984",5381
"lucas2006",5382
"miller1998a",5383
"miller1990",5384
"monsen2004",206
"nasstrom1996",5385
"nobis1962",206
"nordahl1988",5386
"olsen1965",206
"peel1999",206
"roberts2001",5387
"robertsonnd",206
"roesdahl1989",5388
"roussell1937",206
"steinsland2003",2
"thomas2005",5389
"turner1969",5390
"vangiffen1963",206
"vondendriesch1976",206
"gudmundsdottir2015",5391
"ahlberg1978",5392
"akerstromhougen1981",5393
"althaus1993",5394
"andersson1968",5395
"andreeff2014",5396
"andren2012a",5397
"bailey1996",5398
"bailey2000",5399
"bailey1988",5400
"beck1964",5401
"bergmann1941",5402
"blindheim1972",5403
"bohner1976",5404
"bottgerniedenzu1988",5405
"calverleynd",5406
"cumont1942",5407
"devries1933",5408
"diazguardamino2015",5409
"egeler2015",5410
"ellisdavidson1950",5411
"ellisdavidson1969",5412
"ellisdavidson1988",5413
"ellmers1973",5414
"ellmers1981",5415
"ellmers1986",5416
"eshleman1983",5417
"faulkes2005",5418
"fingerlin2010",5419
"fuglesang2004",5420
"graus1977",5421
"guber2011",5422
"hauck1954",5423
"hauck1957",5424
"hauck1980",5425
"hauck1983",5426
"hauck1994",5427
"heinzle2010",5428
"holmqvist1939",5429
"holmqvist1952",5430
"hyenstrand1989",5431
"kopar2012",5432
"kreutzer1989",5433
"lang1983",5434
"lehnen1997",5435
"lindqvist1956",5436
"lindqvist1962",37
"malzbender2001",5437
"earl2010",5438
"margeson1980",37
"marold1972",5439
"mundal1998",37
"neckel1983",5440
"nedoma1988",37
"nordin1903",5441
"north2001",37
"nylen1960",5442
"nylen2003",37
"oehrl2006",37
"oehrl2010",5443
"oehrl2011",5444
"oehrl2012",37
"oehrl2013",5445
"oehrl2014",37
"oehrl2015",37
"oehrl2016",37
"olrik1922",37
"quast2009",5446
"reichert2003",37
"reitzenstein1924",37
"remondino2014",5447
"samson2011",5448
"schreiner2000",37
"schreiner2004",37
"vonsee1981",37
"vonsee2009",37
"shetelig1933",37
"simonsson2012",5449
"speidel2004",5450
"stephensnd",5451
"strom1956",37
"swanstrom2010",5452
"vierck2002",5453
"weber1973",5454
"widerstrom2012",5455
"wilson1998",37
"zimmermann2012",5456
"petursdottir2007",5457
"tonning2003",5458
"aannestad2017",5459
"blindheim1963",5460
"butler1990",5461
"crenshaw1989",5462
"danielsson2012",5463
"ekengren2004",5464
"fahlander2012",5465
"fossum1996",5466
"gilchrist1999",5467
"glorstad2009",5468
"gollwitzer1997",5469
"magusnd",5470
"pantman2014",5471
"pedersen2011",5472
"petursdottir2009",5473
"prescott1998",5474
"samdal2005",11
"svensson2003",11
"thedeen2012",11
"villa2011",11
"gothberg2006",5475
"gothberg2007",5476
"fagerlund2005",5477
"gothberg2008",5478
"alstrom1996",5479
"anund1997",5480
"berggren1991",5481
"elgh1994",5482
"frolund2005",308
"frolund2000",308
"hedlund1992",308
"ljungkvist2000",308
"mattsgarden2000",308
"rahmqvist1986",308
"stromback1971",308
"eckmann2004",308
"deweirdt2011",308
"marx2011",308
"skvorzov2011",308
"tilley1999",5483
"blindheim1962",5484
"crusden1965",5485
"eddadigte1971",5486
"egebjerghansen1989",5487
"engberg1995",5488
"mitchell1977",5489
"grieg1920",5490
"holmolsen1975",5491
"jansson1995",156
"johansson1992",156
"kyhlberg1975",156
"lagersted1999",156
"lampe1993",156
"leahy1995",156
"meulengrachtsorensen1991",5492
"motz1983",5493
"needham1967",156
"ofloinn1994",156
"ramskou1964",156
"schjodt1994",5494
"aldritt2003",5495
"allison1997",5496
"arnold1999",5497
"batey1993",5498
"batey2003",5499
"beuermann2011",5500
"bjorkanbukkemoen2017",5501
"bond2007",5502
"crawford1983",5503
"crawford2013",5504
"crossleyholland1982",5505
"cussans2010",5506
"cussans2015",5507
"dietler2001",5508
"fraser2009",5509
"greenacre2007",5510
"griffiths2009",5511
"gudmundsson1993",5512
"halstead2012",5513
"harland2006",5514
"harland2012",5515
"hastorf2017",5516
"hayden2001",5517
"hedeager2012a",5518
"hermannson2011",5519
"jervis2018",5520
"jinenez2011",5521
"jones2018",5522
"madgwick2015",5523
"mainland2016",5524
"mainland2003",5525
"mccormick2002",5526
"mccormick2014",5527
"mcgovern2010",5528
"montgomery2017",5529
"morris1996",5530
"mulville1999",5531
"nicholson2010",5532
"noble2013",5533
"noddle1997",5534
"noddle1977",5535
"oconnor2010",5536
"oram2015",5537
"palsson1978",5538
"pollock2012",78
"rackham1996",78
"rowleyconwy1983",78
"rowleyconwy2018",78
"seller1986",78
"serjeantson2007",78
"sharples1998",78
"sykes2010",5539
"terbraak2002",78
"woolgar2016",78
"backhouse1984",31
"barrettnd",31
"cohen2003",31
"drachmann1967",31
"gansum2002",31
"hodges1905",31
"idsoe2004",31
"ilkjaer2003",31
"lund2007",31
"morris1983",5540
"murphy1992",31
"mullernda",31
"nasstrom1944",31
"osborne2004",31
"osullivan2000",31
"owencrocker1919",31
"petts2003",31
"sanmark2010",5541
"semple1998",5542
"simek1983",31
"swanton1974",31
"welinder1992",31
"wellendorf2006",31
"wilson1964",31
"magnus2010",11
"svenberg1984",5543
"berg1986",5544
"blumenschine1996",5545
"boessneck1964",5546
"bronkramsey2005",5547
"brown1960",5548
"carter2007",5549
"dahlander1916",5550
"ekman1973",5551
"ekman1974",5552
"ekman1984",5553
"fagerborg1986",5554
"graslund1996",5555
"hemmendorff2010",5556
"holm2006",5557
"holmgren1985",5558
"hultcrantz1996",5559
"insulander1956",5560
"iregren1997",5561
"jakobsson1997",5562
"lauwerier1983",5563
"lemel1999",5564
"lindeblad1997",5565
"lyman1994",5566
"magnell2004",5567
"magnell2006",5568
"nathorstnd",5569
"nordberg2006",5570
"nordenram2001",5571
"nasstrom1988",5572
"paulssonholmberg1997",5573
"payne1985",5574
"richter1982",36
"rossdale1996",36
"rudebeck2010",36
"sandegren1997",36
"sjodin1980",36
"thilderqvist2005",36
"vikstrand1993",36
"wallin1990",36
"welinder2003",36
"welinder2008",36
"zeder2010",36
"karnell2012",5575
"bailey2003",5576
"capelle2003",5577
"romersdal1961",5578
"nasman1942",5579
"schnittger1912",5580
"brondsted1942",5581
"axboe2007",5582
"corsten1991",5583
"fuglesang2006",5584
"nordeide1948",5585
"ringstad1988",5586
"staecker1990",5587
"stoklund2001",5588
"strom1984",207
"wamers1997",5589
"mainz1997",207
"westlund1989",207
"zeiten2002",207
"zemitis1997",207
"haugbui1924",5590
"islendingadrapa1973",5591
"andrea2010",5592
"beck1978",5593
"brown1981",5594
"decastro2015",5595
"descola2010",5596
"drachmann1969",5597
"fowler2013",5598
"gansum1999",5599
"geary1979",5600
"geary1986",5601
"harris1985",5602
"hastrup2013",5603
"vigfussonnda",5604
"weismantel2015",5605
"rigsthula1960",5606
"bekpedersen1943",5607
"agnarsdottir1983",5608
"bartram1991",5609
"berson2002",5610
"birch2009",5611
"buckland1985",5612
"byock2004",5613
"christensen1990",5614
"deal1985",5615
"deboer1979",5616
"donat1980",5617
"edvardsson2003",5618
"einarsson1992",5619
"eldjarn1949",5620
"eldjarn1961",5621
"eldjarn1974",5622
"erlingssonnd",5623
"evans1967",5624
"foote1977",5625
"fridriksson1997",5626
"gifford1980",5627
"gudrun2008",5628
"gronvold1980",5629
"gronlie2006",5630
"gudmundssonnd",5631
"hayden1983",5632
"hermannsaudardottir1989",5633
"hinz1989",5634
"hoffmann1964",5635
"iceland1985",5636
"ingimundarson1992",5637
"jones1944",5638
"kobylinski1997",5639
"kuna2005",5640
"lamotta1999",5641
"lange1972",5642
"meier1984",5643
"milek2010",5644
"milek2011a",5645
"milek1997",5646
"murphy1986",5647
"murray1980",5648
"nelson1999",5649
"nelson1996",5650
"oconnell1987",5651
"okelly1954",5652
"olafsdottir1974",5653
"olafsson1992",5654
"olafsson1998",5655
"olafsson2001",5656
"page1995",5657
"stead1982",5658
"stein1989",5659
"stevenson1982",5660
"takacs1968",5661
"taylor1956",5662
"tesch1993",5663
"thorlaksson2000",5664
"urbanczyk1997",5665
"urbanczyk2002",5666
"urbanczyk2001",5667
"urbanczyk2003",5668
"urbanczyk2006",5669
"pierce1998",5670
"rafnsson1977",5671
"reimer2009",5672
"roberts1943",5673
"shetelig1937",5674
"sigurgeirsson2008",232
"simms1988",5675
"snaesdottir1992",5676
"hammarberg1985",207
"thrane1973",124
"samdal2000",207
"moesgaard2004",207
"steinsland1990",207
"artelius2000",5677
"artelius1994",5678
"bordo2008",5679
"bourdieu1999",5680
"broome2015",5681
"hedeager2014",5682
"jansson2005",5683
"leach1958",5684
"rydh1919",5685
"rydh1936",5686
"salin1959",5687
"skoglund2005",5688
"solberg1993",5689
"sten2001",4
"vretemark1983",4
"wallacehadrill1962",4
"wehlin2013",4
"baron2014",5690
"baron2006",5691
"baron2009",5692
"beagrie1989",5693
"bielicki1991",5694
"billstrom1990",5695
"bjorlykke1982",5696
"bjorlykke1990",5697
"bjorlykke1993",5698
"blanchard2001",5699
"bode2008",5700
"bode2009",5701
"boni2000",5702
"brooks2004",5703
"capelle1976",5704
"chen2012",5705
"chernyshev2008",5706
"chugayev2010",5707
"chugayev2013",5708
"duralimuller2005",5709
"gale1992",5710
"guenettebeck2009",5711
"guy1981",5712
"homer1991",5713
"hohndorf1986",5714
"johansson1983",5715
"johansson1984",5716
"johansson1985",5717
"karakaya1988",5718
"kirnbauer2012",5719
"kramers1997",5720
"leveque1993",5721
"loveluck1998",5722
"merkel2015",5723
"mirnejad2011",5724
"nilsen1991",5725
"nriagu1983",5726
"penhallurick1986",5727
"petersen1995",5728
"pollard2008",5729
"rohl1996",5730
"rohl1998",5731
"sayre2001",5732
"shepherd1993",5733
"sjastad2011",5734
"stacey1975",5735
"stosgale2004",99
"stosgale1997",99
"sundblad1994",99
"tereygeol2005",99
"timberlake2005",99
"trincherini2009",99
"tylecote1992",99
"villa2009",99
"wedepohl1978",99
"kershaw1990",150
"hadley2008",5736
"alexander1987",150
"carter1969",150
"mckinley2000",150
"budd1999",150
"benedictow1992",5737
"brothwell1998",5738
"crumlinpedersen1992",309
"bacco2006",309
"dunnell1999",309
"dyke1984",309
"gad1984",309
"geist1978",309
"halstead1989a",309
"janssen2003",309
"jones1986",5739
"keller1984",309
"premo2010",309
"thorarinsson1961",309
"weiss1976",309
"abels1988",5740
"geller2005",150
"campbell2001",150
"rollason2000",150
"blackburn2005",5741
"mckinley2003",150
"avery1990",5742
"babel1975",5743
"barrat1964",5744
"bell1996",5745
"bell2000",5746
"biddulph2012",5747
"boorman2002",5748
"breuningmadsen2001",5749
"breuningmadsen2003",5750
"catt1986",5751
"courty2001",5752
"crowther1996",5753
"cruise2000",5754
"engelmark1993",5755
"engelmark2008",5756
"holden1994",5757
"kelley2010",5758
"kooistra1978",5759
"linderholm2007",5760
"linderholm2013",5761
"macphail2000",5762
"macphail2009",5763
"macphail2012",98
"macphail1998",98
"niblett1999",98
"reineck1986",98
"rentzel1999",98
"rosenqvist1958",98
"stoops2010",98
"thirly2006",98
"veneman1984",98
"viklund2013",98
"wilkinson2012",98
"ipccrkpachauri2014",5764
"reckin2013",5765
"dixon2014",5766
"lee2017",5767
"farbregd2009",5768
"callanan2016",5769
"finstad2008",5770
"vedeler2013",5771
"hafner2015",5772
"kelly2013",5773
"fehrenschmitz2014",5774
"hare2012",5775
"haas2017",5776
"barbier2011",5777
"orengo2013",5778
"hjelle2015",5779
"indrelid2011",5780
"pluskowski2013",5781
"indrelid2015",5782
"beijersbergen2017",5783
"vorren1998",5784
"stene2015",76
"benn2010",76
"odegard2017",76
"young2012",76
"helama2012",76
"linderholm2010",76
"matthews2008",76
"bevanger2004",76
"kullman1994",76
"williams2012",76
"armit2014",76
"mann2015",76
"callanan2013",5785
"callanan2015",76
"arjava2005",76
"buntgen2017",76
"nesje2009",76
"villumsen2016",76
"hoeg2014",76
"howardjohnston1998",76
"barrett2016",76
"barth1983",76
"walloe2010",76
"majchczack2014",5786
"berger1970",5787
"hatz2001",5788
"bantelmann1967",5789
"braren1935",5790
"kersten1958",5791
"segschneider2009",5792
"majchczack1967",277
"beseler1982",277
"erdmann2001",277
"jons2014",277
"laur1959",277
"segschneider2004",277
"stilke2001",277
"stumpel2009",277
"wunderlich2013",277
"jakobsson1992",5793
"wilson1996",5794
"anttonen1992",5795
"baudou1993",5796
"baylisssmith1998",5797
"bergman1995",5798
"bradley1997",5799
"douglas1966",5800
"fellman1906",5801
"gennep1909",5802
"harrison1903",5803
"helskog1999",5804
"hultkrantz1978",5805
"insoll2004",5806
"jordan2001",5807
"kleppe2006",5808
"laestadius2002",5809
"lahelma2005",5810
"mebius1968",5811
"baylisssmith2001",5812
"napolskikh1992",5813
"nordbladh1980",5814
"pettersson1957",5815
"ramqvist2002",5816
"rank1955",5817
"rydving1993",5818
"sammallahti1982",5819
"schanche1995",5820
"solem1933",5821
"taavitsainen2003",5822
"terebikhin1993",243
"tilley1991",243
"trubshaw1995",243
"turner1978",243
"uibopuu1988",243
"wiik2000",243
"vorren1978",243
"gojda1991",5823
"jezek2002",5824
"ruttkay2002",5825
"takacs2002",5826
"magnusson1973",93
"edvardsson2007",5827
"oye1988",5828
"stenberger1979a",5829
"giffordgonzalez1985",5830
"stead1981",5831
"karras1988",5832
"jochens1995d",5833
"gudmundsson2009a",5834
"skjelsvik1958",98
"schindler1956",277
"amundsen2004",5835
"arnalds1995",5836
"canti1999",5837
"canti2003",5838
"carr1984",5839
"hakbijl2002",5840
"hreidarsdottir2005",5841
"johnson1974",5842
"malinskybuller2011",5843
"matthews1997",5844
"mehler2002",5845
"misarti2011",5846
"roberts2003",5847
"rolfsen1980",5848
"sampietro2005",5849
"shahackgross2005",5850
"shahackgross2008",5851
"shillito2011",5852
"smith2001",5853
"snaesdottir2003",5854
"stein1983",5855
"stockton1973",5856
"sullivan2004",198
"tani1995",198
"terry2004",198
"tinsley2002",198
"vizcaino1999",198
"vyncke2011",198
"wandsnider1996",198
"wilk1979",198
"zielinski1997",5857
"ingold2012",5858
"stoodley1999",5859
"andersson2008f",69
"back2008",69
"frioriksson2013",69
"gunnell1995",5860
"gunnell2004",69
"gunnell2008",69
"harris2000",69
"hallansstenholm2010",69
"lihammer2012",69
"pentz2013",69
"philipotts1920",69
"roberts2009",69
"sjosvard1989",69
"svensson2010",69
"vikstrand2010",69
"wessman2010",69
"wessen2002",5861
"blomkvist1999",5862
"brink2005",5863
"caldwell2003",5864
"lerbom1915",5865
"nyberg1976",5866
"olsson1984",5867
"ortved1933",5868
"rafnsson1974",5869
"rosen1949",5870
"ruthstrom1988",5871
"ronnby1995",258
"schmidtwiegand1967",258
"schmidtwiegand1989",258
"steffen1943",5872
"yrwing1940",258
"ostergren1992",258
"yrwing1951",258
"yrwing1978",258
"lindroth1915",258
"vangennep1909a",243
"buckley2004",5873
"armit1996",5874
"gammeltoft2004",5875
"hall2008",5876
"jay2013",5877
"jennings2005",5878
"capo1994",5879
"chiaradia2003",5880
"dangela1990",5881
"diefendorf2005",5882
"evans2009",5883
"fronval1995",5884
"keefe2007",5885
"montgomery2002",5886
"parkerpearson2005",5887
"puceat2010",5888
"raiber2009",5889
"sanchezchillon1994",5890
"sellevold1999",5891
"simpson2010a",5892
"stephan2000",75
"toolis2008",75
"trickett2003",75
"vanrensburg1986",75
"warham2012",75
"woolf2005",75
"pricenda",5893
"bagge1998",311
"chenery2012",5894
"harrison2003",311
"johansen1986",311
"reed1998",311
"sellevold1991",311
"sellevold1996",311
"sellevold2001",5895
"sullivan1981",311
"tauber1981",311
"vandermerwe1978",311
"balodis1940",5896
"bogucki2006",5897
"brundage1991",5898
"christoffersen1996",5899
"crumlinpedersen1989",5900
"crumlinpedersen1996",5901
"crumlinpedersen1998",5902
"ehrensvard1991",5903
"filipowiak1998",5904
"griciuviene2005",5905
"haak2004",5906
"kiaupa2000",5907
"kochkurkina1961",5908
"lang1996",5909
"lang2004",5910
"lehtosalohilander1984",5911
"limbo2004",5912
"lougas1994",5913
"magi2002",5914
"magi2004",5915
"magi2005",5916
"magi2007",5917
"magi2009",5918
"magi2013",5919
"petrenko1995",5920
"radins2006",5921
"rebkowski1998",5922
"sedov1974",5923
"shepherd1999",289
"sindbaek2003",289
"vijups1997",289
"spingis2008",289
"tvauri1998",289
"vaitkunskiene1995",289
"vasks2008",289
"vassar1939",289
"vassar1975",289
"welinder2009",289
"zarina2006",289
"gramsch2007",312
"zachrisson1989",312
"kopytoff1996",1
"kristiansen1974",312
"pfisterer2008",312
"aberg1990",19
"ambrosiani2005",19
"ambrosiani2016",19
"backstrom2016",19
"blauer2013",19
"burgman1987",19
"fennomuyingo2000",19
"gustin2016",19
"harvig2014",19
"kaislaniem2011",19
"lama2015",19
"leciejewicz1956",19
"lightfoot2016",19
"nironen1997",19
"pellegrini2016",19
"stolpendc",19
"tuross2017",19
"weihed2005",19
"wilhelmson2017",19
"yurtsever1980",19
"nepomniashchii2012",288
"gaidukov1994",288
"kuzmin1997",288
"kuzmin2015",288
"stanislawski2000",285
"britishgeologicalsurvey2001",75
"raudonikas1930",288
"ravdonikas1924",288
"plokhov1996",288
"sturluson2011",5924
"ynglingatal2011",5925
"anbrosiani2007",5926
"banyterowell2005",5927
"bliujiene2008",5928
"blomkvist2005",5929
"bertasius2006",5930
"bonnellnd",5931
"creutz2003",5932
"deemant1977",5933
"ehrensvird1991",5934
"filipowiak1983",5935
"gurevitch1970",5936
"argang2000",5937
"johansen1939",5938
"khvoshchinskaya2004",5939
"lamm2009",5940
"ligi1968",5941
"ligi1995",5942
"baltica2007",5943
"magilougas1993",5944
"melnikova2007",5945
"melnikova1990",5946
"mickevicius1994",5947
"mugurevies1994",5948
"nosoy2001",5949
"nosov2005",5950
"nosov2006",5951
"opik1970",5952
"radin1998",5953
"selart2002",5954
"selirand1974",5955
"sindbek2003",5956
"spirgis2008",5957
"stubavs1966",269
"sne1997",269
"tamla1977",269
"tarvel1975",269
"tonisson1974",269
"valtonen2007",269
"zabiela2008",269
"zemitis2007",269
"zulkus1991",269
"boyd1985",285
"boyd2005",285
"silliman2001",285
"barrett2002",285
"marshall2002",285
"watt1985",5958
"naum2005",285
"kockakrenz1993",285
"bergatzky1989",285
"tvauri2001",269
"amundsen1996",5959
"auestad1992",5960
"balascio2011",5961
"binns1978",5962
"bratrein1983",5963
"bratrein1991",5964
"bratrein1995",5965
"bruun2007",5966
"evjen2008",5967
"gjessing1973",5968
"grimm1999",5969
"grimm2002",5970
"grimm2006",5971
"grydeland2001",5972
"guttormsen2005",5973
"henriksen1996",5974
"hesjedal1996",5975
"hinsch1960",5976
"hodder1979",5977
"holand1989",5978
"johansen2002",5979
"johansen1982",5980
"johansen1990",5981
"johansen1978",5982
"mathiesen1978",5983
"myhre1978",5984
"myhre1985",5985
"nilsen1998",5986
"nilsen1995",5987
"odner1985",5988
"olsen1998",5989
"olsen2001",5990
"rolfsen1974",84
"rolfsen1990",84
"said1993",84
"schanche1992",84
"simonsen1980",84
"sobstad1980",84
"spivak1987",84
"spivak1990",84
"storli1985",84
"vorren1985",84
"wickler2005",84
"wik1985",84
"vanderleeuw1989",285
"c2006b",5991
"arbman1969",189
"blair1994",5992
"brink2001",5993
"cameron1988",5994
"carver1988",5995
"carver2001",5996
"carver2002",5997
"cooper1993",5998
"dubois2006",5999
"effros2003",6000
"everson2011",6001
"fabech1994",6002
"fell1956",6003
"geake1997",6004
"grahamcampbell2009",6005
"griffiths1991",6006
"gurney1986",6007
"hall1989",6008
"halsall1989",6009
"hayward2011",6010
"heide2011",6011
"heide2014",6012
"hoggett2007",6013
"ilkjaer2002",6014
"jankuhn1955",6015
"karras1990",6016
"knapp1999",146
"larrington1996a",6017
"mcleod2013",146
"raffield2013a",6018
"hagland2005",146
"randsborg1999",146
"sanmark2009",6019
"scarre2002",146
"scragg1991",146
"semple2010",6020
"sheppard1939",146
"museum2012",146
"harkell2011",146
"thurston2002",6021
"tilley2006",6022
"webster1983",146
"yorke1990",146
"pedersennda",6023
"armbruster2004",6024
"bayley1992",6025
"brinchmadsen1984",233
"feveile1994",6026
"grieg1922",6027
"hedegaard2005",233
"jouttijarvi2006",204
"paulsen1936",6028
"pedersen2000",6029
"augenti2011",6030
"bilge2013",6031
"bowleg2008",6032
"back2018",6033
"collins2016",6034
"davis2008",6035
"diazandreu2005",6036
"evans1997",6037
"goldhahn2007",6038
"holmquist1990",6039
"holmquist1993",6040
"holmquist2001",6041
"holmquist1998",6042
"holmquist2009",6043
"inall2014",6044
"kaliff1992",6045
"laneri2007",6046
"nelson2007",6047
"olausson2001",47
"popa2014",47
"schietzel1963",47
"thedeen2011",47
"vennatro2016",47
"yotov2016",47
"ashede2015",47
"aagard1984",6048
"arbman1960",6049
"bjeletskij1998",6050
"capelle1962",6051
"dellepiane2009",6052
"edberg2001",6053
"eniosova2008",6054
"gingerich2014",6055
"hermon2008",6056
"jolshin2012",6057
"klindtjensen1965",6058
"neiss2005",6059
"neiss2006",6060
"neiss2009",6061
"neiss2010",6062
"puskina1998",6063
"scott2002",230
"shearer2012",230
"sholts2012",230
"sholts2010",230
"sholts2011",230
"sotnikova1959",230
"kastholm2008",230
"thunmark1974",230
"wiechmann2001",230
"wolters2006a",230
"hallam2001",47
"ekengren2006",47
"rindal2004",202
"backdanielsson2008",6064
"bennett1987",6065
"carlsson2002",6066
"fabech2004",6067
"henderson1991",6068
"hjorungdal1994",6069
"hovanta1995",6070
"lagerholm2009",6071
"mays1998",6072
"rosten2007",6073
"simpson2004",6074
"sindbaek2006",6075
"smyser1965",6076
"stalsberg1987",6077
"thedeen2008",161
"dudo1998",6078
"gragas2000",6079
"grettirssaga1974",6080
"layofharoldtransl1936",6081
"almqvist1965",6082
"almqvist1974",6083
"betzig1982",6084
"brown2009",6085
"camdennd",6086
"chagnon1988",6087
"clover1993",6088
"coleman2015",6089
"colwell1988",6090
"coupland2003",6091
"debuse1999",6092
"dickemann1979",6093
"downham2014",6094
"ebel1993",6095
"ember1974",6096
"emlen1977",6097
"falys2014",6098
"forsgren2004",6099
"fuglestvedt2014",6100
"goetting2006",6101
"griskevicius2012",59
"hill1990",59
"hoglund1993",59
"hudson2004",59
"jacobsen1982",59
"jochens1980",59
"jochens1986",59
"jochens1987",59
"jochens1991",59
"kvarnemo1996",59
"kvarnemo1995",59
"madsen1993",59
"meulengrachtsorensen1980",59
"mitani1996",59
"montgomery2008",6102
"moorad2011",59
"opdahl2003",59
"reichert2006",59
"renaud2000",59
"sampson2006",59
"schacht2014",59
"szekely2014",59
"thedeen2009",6103
"weir2011",59
"zeitzen2008",59
"staecker2006",6104
"kure2013",6105
"lamm2003",6106
"lamm2003a",6107
"hauck1985",6108
"hauck1969",6109
"neckel1983e",6110
"larrington2014",6111
"bangnd",6112
"buggenda",6113
"dronke1989",6114
"haavardsholm1996",6115
"hauck1982",6116
"heusler1941",6117
"wilhelm1952",6118
"vanderhorst1982",6119
"horst2010",6120
"hultgard1987",6121
"johansson2013",313
"lamm2003b",313
"mckinnell1994",313
"mckinnell2008",313
"meyernd",313
"north2003",313
"oehrl2009",313
"quast2002",313
"nordal1980",313
"stephensnda",313
"westphal2004",313
"williams1994",313
"musty1974",290
"saxo1931",202
"sopp1999",202
"thomsen1929",202
"blindheim1982",140
"clarke1995",6122
"duner2006",140
"gaut2015",140
"hougen1931",140
"kielland1927",140
"maddicott1989",140
"ryghnde",140
"samson1991a",6123
"schramm1955",140
"werner1980",140
"coplen1988",263
"a2007",50
"sjoberg1987",6124
"blindheim2008",6125
"brogger1997",6126
"chatwin1990",6127
"eisenschmidt1994",6128
"gourevich1999",6129
"gunnell2000",6130
"gunnell2006",6131
"harris2009",6132
"hagg2009",6133
"jakubovskij1926",6134
"liepe1989",6135
"mckinnell2005",6136
"montgomery2004",6137
"ogden2008",6138
"page1985",6139
"petrenko1991",6140
"robbins2004",6141
"rundkvist2003",6142
"schjodt2007",6143
"schjodt2009",6144
"skre2004",6145
"steinsland1981",6146
"stern2009",113
"tollnes1998",113
"faulkes1989",6147
"pedersenndb",6148
"sekundaerkilder1997",314
"barndon1992",314
"drescher1977",314
"gustafsson2005",314
"haaland1985",314
"jouttijarvi2001",314
"krishnan1976",314
"roesdahl1993",6149
"smith1974",314
"steinsland1997",314
"webster1999",314
"feveile2002b",233
"anderson1992",6150
"balasse2002",6151
"bell2001",6152
"bethard2013",6153
"brabrand1991",6154
"buzon2013",6155
"cameron2011",6156
"cruz2011",6157
"eliason2010",6158
"ferguson2009",6159
"fornander2015",6160
"grupe2011",6161
"haak2008",6162
"hofstra1995",6163
"hunter1975",6164
"kahl2009",6165
"knudson2008",6166
"knudson2011",6167
"lambergkarlovsky1972",6168
"lane1972",6169
"magnusson1980a",6170
"moberg1981",6171
"naum2012",6172
"olsen1961",6173
"suchey2006",141
"tung2011",141
"turner2009",141
"vos2005",141
"webb1985",141
"wilson1970",141
"crumlinpedersen1988",6174
"zeitzen1997a",6175
"wenger2004",6176
"sofartsmuseums1987",6177
"baxter2008",6178
"christensen1988",6179
"cooper1978",6180
"edgren1988",6181
"elsner1992",6182
"gillespie2001",315
"grieg1933",315
"hejgaard2010",315
"hojrup1983",315
"jensen2008",315
"sandberg2006",315
"schwartzman2006",315
"smolarek1969",315
"sztompka1994",315
"tesch2005",315
"zeitzen2002",315
"ostergaard2011",315
"hayeursmith2004",161
"byejohansen2004",161
"thunmarknylen2015",161
"albrectsen1994",6183
"althoff1999",6184
"andersen2011",6185
"bede1968",6186
"blair2005",6187
"dulinicz2002",6188
"foote1993",6189
"gullbekk2008",6190
"keynes1991",6191
"kornerupnd",6192
"krag2003",6193
"meier2002",6194
"meulengrachtsorensen1997",6195
"meulengrachtsorensen2001",6196
"miuillermertens1999",6197
"ottodergrosse2001",6198
"pedersen2005",6199
"refskou2004",6200
"roesdahl1983",6201
"roesdahl1987",6202
"roesdahl1999",6203
"roesdahl2004",6204
"schoujorgensen1997",6205
"skovgaardpetersen1977",6206
"steinsland2008",6207
"tesch2008",6208
"wilson1966",6209
"porsteinsson1987",6210
"fangel1941",6211
"chapman1981",113
"miller2005",113
"nylen1987",113
"andersson2016b",316
"cambridge2017",316
"hauptman2014",316
"aukrust1982",6212
"ayers2016",6213
"bergman2007",6214
"carrer2015",6215
"critch2018",6216
"curdy2016",6217
"norvegicum2019",6218
"finstad2018",6219
"gilck2019",6220
"grjotheim1978",6221
"gunnarsdottir2000",6222
"hollesen2018",6223
"kleiven1973",6224
"kummen1983",6225
"providoli2016",6226
"rosvold2017",6227
"savioz2016",109
"shawnd",109
"thun2018",109
"timberlid2015",109
"volken2015",109
"younghusbandnd",109
"shetelig1920b",6228
"miles1989",6229
"abbott2005",6230
"gilmour1988",6231
"aitken1966",6232
"aitken1962",6233
"aitken1983",6234
"anon1996",6235
"aspinall1977",6236
"barley1964",6237
"barley1981",6238
"belfiore2007",6239
"blinkhorn2013",6240
"brooks1984",6241
"bryant1977",6242
"dallas1993",6243
"dunning1959",6244
"everson1999",6245
"field1990",6246
"ford1995",6247
"froh2004",6248
"gale1995",6249
"garmonsway1972",6250
"garrigos2001",6251
"golitko2012",6252
"goodwin2013",6253
"harkel2013",6254
"hebditch1964",6255
"hurst1962",6256
"ixer1997",6257
"jordan1994",6258
"kilmurry1980",6259
"leah1994",6260
"vander1993",6261
"mainman1990",6262
"maniatis1981",6263
"maniatis1984",6264
"mccarthy1988",6265
"miles1974",65
"nailor1984",65
"price1975",65
"quinn2013",65
"rice2005",65
"rogerson1984",6266
"rye1981",65
"sawyer1998c",65
"arwidson1984",6267
"arwidson1986",6268
"arwidson1989",6269
"bennike1985",6270
"bennike1993",6271
"calmer1977",6272
"deniro1988",6273
"gilbert2005",6274
"hoefs2004",6275
"jorkov2007",6276
"kanstrup2006",6277
"leethorp2003",6278
"longin1971",6279
"madsen1988",6280
"reidla2003",6281
"runge2010",6282
"schoeninger1989",6283
"sillen1998",6284
"skibstedklaesoe1997",6285
"sponheimer2006",6286
"vanklinken1999",6287
"verhulst1966",6288
"verhulst1995",6289
"walette2004",6290
"paludan1991",6291
"koch1936",6292
"steensberg1952",6293
"steensberg1973",186
"dobat2007",186
"meier2007",186
"tesch1992",186
"fangel1998",186
"tollin1998",186
"riddersporre2003",186
"nedkvitne2004",186
"fritz1988",186
"back1995",6294
"gustin2011",6295
"haussig1987",6296
"martin1986",6297
"noonan1985",6298
"noonan1989",6299
"noonan2001",6300
"rispling2007",6301
"roslund1997",6302
"roslund2009",6303
"roslund2010",6304
"thordeman1926",215
"holmquistolausson2002",215
"johansson1997",215
"jonsson2001",215
"kovalev2001",215
"kovalev2002",215
"kovalev2005",215
"kovalev2011",215
"landgren1998",215
"younghusband1904",109
"of1917",6305
"jensson1929",6306
"arbman1936",17
"arent1969",17
"ekelund1956",17
"ellisdavidson1967",17
"gjeerder1964",17
"holmavist1955",17
"jansson1963",6307
"perkins2001",17
"price1969",6308
"salin1913",6309
"steinsland1936",17
"agrip1929",17
"hultgard2003",17
"hudson2005",6310
"rediker1987",6311
"pennel1997",72
"leeson2009",72
"antony2002",72
"hudson2007",72
"price1991",72
"wulfstan1976",72
"artefacts1980",72
"birkeland1954",72
"arcini2005a",6312
"catling2008",72
"griffiths1991a",72
"richards1989",72
"kanstrup2008",6313
"andersson1975",6314
"arcini2018",6315
"arppe2010",6316
"azmy1999",6317
"buko2013",6318
"chernykh1985",6319
"faure2004",152
"fraser2018",6320
"hyenstrand1982",6321
"lewis2008",6322
"maldre2018",6323
"margaryan2019",6324
"peschel2014",6325
"punning1987",6326
"raukas2009",152
"ruff2012",152
"sillen1982",152
"trotter1958",6327
"tuuling2011",6328
"wea1980",6329
"woelfel2002",152
"arcini1998",35
"baillie1991",6330
"baillie2015",6331
"bolender2011",6332
"davies2015",6333
"dugmore1992",6334
"edwards2012",6335
"einarsson1988",6336
"erlendsson1995",6337
"haflidason2000",6338
"haflidason1992",6339
"hammer1980",6340
"hermannsaudardottir1988",6341
"lane2014",6342
"larsen1982",6343
"larsen1984",6344
"larsen1977",6345
"lowe2008",6346
"lowe2011",6347
"lowe2015",6348
"lowe2001",6349
"newton2008",6350
"oladottir2008",6351
"ponomareva2015",6352
"roberts2000",6353
"sigurgeirson2014",6354
"sigurgeirsson1995",6355
"sigurgeirsson2007",6356
"sigurgeirsson1998",6357
"sigurdsson1982",6358
"sveinbjarnardottir2004",227
"theodorsson2009",227
"theodorsson2012",227
"vilhjalmsson1991",227
"vinther2006",227
"zielinski1995",227
"palmerbrown1995",65
"vince2009",65
"andersen1982a",6359
"andersen1996",6360
"bennike1994",6361
"brather2001",6362
"burschel1994",163
"caferro2006",163
"christophersen1940",163
"damgaardsorensen1991",163
"fiorato2000",163
"hermann1974",163
"krueger1985",163
"nielsen1990",6363
"petersen1989",163
"roesdahl1975",163
"thordeman1939",163
"ahlstromarcini2005",35
"schjodt2013",35
"anderson2010",6364
"bayman2013",6365
"bentley2007",6366
"brink2014",6367
"buck1938",6368
"erikson2015",6369
"hauofa2008",6370
"heyerdahl1938",6371
"kane1997",6372
"king2003",6373
"kirch2010",6374
"kirch2012",6375
"kirch2014",6376
"kirch2007",232
"kirch1992",6377
"ljungstrom2004",6378
"ravn1993",318
"ravn2011",318
"ravn2018",318
"salmond2010",318
"schjodt2017",318
"smith2010",318
"spriggs2008",318
"spriggs2016",318
"stolpendd",318
"thomas1997",318
"thomas2010",318
"wawn2000",318
"raukas1997",152
"hinton2005",6379
"hoilundnielsen1999",6380
"leigh1984",319
"clauskrag1982",6381
"ruth1988",6382
"lindkvist2003",6383
"yuhl2013",6384
"cameron2008",6385
"cameron2016",6386
"lewis2017",6387
"karras1980",6388
"larson1935",6389
"lee1936",6390
"audr2001",6391
"benraffield2017",6392
"see2012",6393
"reuter2012",6394
"blili1996",6395
"somerville2014",6396
"ch2011",42
"michaelswanton2000",42
"robinson1921",42
"gothenburg2000",42
"goodall1990",42
"henning2012",42
"warner2009",42
"olsson2017",42
"simpson2018",42
"ch2000",42
"lunde2012",42
"jankowiak2016",42
"lewis2016",42
"ostergren2008",42
"kankpeyeng2009",42
"laird2010",42
"bodel2005",42
"walz1977",42
"daniel1992",42
"morgan1998",42
"warren1977",42
"bodel2014",42
"ireland1952",42
"hardh2001",6397
"lamm2005",6398
"lang1995",6399
"salmo1938",6400
"skrzat2010",6401
"tarvel1982",6402
"trotter1952",6403
"anderson2002",6404
"arnold1991",6405
"dowson2006",6406
"dror2017",6407
"fridriksdottir2013",6408
"geller2017",6409
"gero1985",6410
"ghisleni2016",6411
"herget2008",6412
"jansson1992",6413
"jensen2018",6414
"jordan2009",6415
"joyce2008",6416
"knauer2001",6417
"lindqvist2004",6418
"nakhaeizadeh2014",6419
"nilssonstutz2013",6420
"norgardjorgensen1997",6421
"olausson2001a",6422
"reeder2008",6423
"sorensen1983",6424
"stolpe2019",6425
"wylie1992",6426
"dagstorp1999",6427
"mark1998",6428
"bogelund1999",6429
"naes2000",6430
"andersminde1980",6431
"okholm1996",6432
"starigardoldeburg1991",6433
"stro1984",6434
"bchin1965",6435
"albert1999",6436
"albert2002",6437
"barabasi2003",6438
"becker1999",6439
"becker2003",6440
"clarke1972",6441
"dodds2003",6442
"donat1984",6443
"c2006c",6444
"granovetter1973",6445
"herrmann2005",6446
"jacobsson2000",6447
"jons1997",212
"lundquist2003",6448
"meier1991",6449
"ormerod2004",6450
"palmer2003",6451
"palmer2004",6452
"ravasz2003",6453
"renfrew1977",6454
"schoknecht1977",6455
"schuldt1965",6456
"schuldt1967",6457
"schuldt1981",6458
"schuldt1985",6459
"wasserman1994",6460
"watts2003",6461
"watts1998",6462
"wells2005",6463
"wietrzichowski1993",6464
"ahlen1998",6465
"aikio2006",6466
"alenius2007",6467
"alenius2011",6468
"barrett2009",6469
"carpelan1984",6470
"carpelan2003",6471
"carpelan2006",6472
"donner1986",6473
"edberg1999",6474
"fewster2006",6475
"halinen2005",6476
"herrgard2005",6477
"hiekkanen2010",6478
"huurre1983",6479
"hakkinen2010",6480
"ivars2002",6481
"jaakkola1935",6482
"karlsson1987",6483
"korpela2004",6484
"kovalev2007",6485
"kriiska2007",6486
"kumpulainen2004",6487
"kuusela2011",6488
"lehtosalohilander1985",6489
"lehtosalohilander2001",6490
"leskinen2008",6491
"masonen1989",6492
"meinander1950",6493
"moilanen2010",6494
"nordman1944",6495
"norrman1983",6496
"nunez1993",6497
"nunez1995",6498
"orrman1991",6499
"orrman1993",6500
"poutiainen2008",6501
"raninen2010",6502
"ringbom1994",6503
"roeckhansen1995",6504
"salo2000",6505
"schalin2008",6506
"spirgis2006",6507
"spiridonov1991",6508
"taavitsainen1980",6509
"taavisainen1988",6510
"taavitsainen1994",6511
"taavitsainen1999",6512
"taavitsainen2007",6513
"tomtlund2005",218
"uino2003",218
"maria2001",218
"valtonen2008",218
"viklund2002",218
"wickholm2000",218
"wickholm2004",218
"kirpichnikov1985",6514
"makarov1990",6515
"makarov2009",6516
"melnikova1991",6517
"muller1987",116
"nerman1929",6518
"nosov1992",6519
"nosov2001",6520
"ravdonikas1949",6521
"smolichev1925",306
"sitii2006",306
"andren2004j",38
"beskowsjoberg1987",38
"crumlinpedersen1995d",38
"t1999",38
"grahamcampbell1998j",281
"price1989a",6522
"skaarup1972",38
"terry1990",38
"ludtke2001",6523
"barabas2003",6524
"brinch1991",168
"jansson2008",168
"hakonshetelig1917",168
"harrison2010",6525
"russell2007",6526
"budd2014",6527
"score2010",6528
"lundraffield1989",6529
"griffiths1997",281
"ross1983",6530
"thee1980",6531
"baker1997",6532
"khoroshev2007",6533
"kotowicz2007",6534
"macgregor1978",6535
"binns1963",6536
"booth1987",6537
"booth1997",6538
"bulock1960",6539
"clark1966",6540
"craig2010",6541
"cramp1976",6542
"kemp1996",6543
"kershaw2008",6544
"leahy2000",6545
"morris1977",6546
"morris1984",6547
"naismith2011",106
"naylor2001",106
"peers1943",106
"powlesland1998",106
"rahtz1967",106
"schoenfelder2011",106
"stocker2007b",106
"thomas2003",6548
"townend2014",106
"williams1988",106
"wrathmell2012",106
"richards2014",106
"richards2015",106
"richards1983",6549
"williams1983",6550
"swanton1970",6551
"cluniesross1985",6552
"james1997",6553
"woodward2004",6554
"beskowsjoberg1987a",6555
"beltznd",6556
"clark1984",6557
"davis1983",6558
"fehring1987",6559
"fehring1995",138
"gerrard2003",282
"hubener1959",282
"karlin1922",282
"liebgott1989",282
"lischnd",282
"moreland1991",282
"sorensen1989",282
"verhaeghe1994",282
"wiessner1939",282
"desha2000",6560
"honolulu1991",6561
"dining1980",6562
"athens2017",6563
"oxfordroutledge2016",6564
"graeber2017",6565
"redknap2004b",6566
"amkreutz2004",6567
"lewis1972",6568
"mattes2016",6569
"mattes2008",6570
"comacchio1983",6571
"whitehouse1983",6572
"hooper2006",6573
"kirch1985",320
"kristiansen1998",320
"space2015",320
"rainbird2015",320
"ratnagar2001",320
"jp2010",320
"sherratt1993",320
"clark2008",320
"valeri1985",320
"malarlandskapen1993",320
"wallin1993",320
"westerdahl1992",320
"jankuhn1975",233
"ramskou1999",168
"rundkvist2001",168
"windgather1990",168
"windgather2003a",168
"sussex1997",6574
"waitznda",6575
"ramskou1963",168
"neiss2070",168
"attwood2000",6576
"einarsson1991",6577
"blake1962",6578
"durrenburger1934",6579
"ol1939",6580
"ellison2000",6581
"finlay2011",6582
"finlay1959",6583
"kennedy1997",6584
"kunz2000a",6585
"schmeidler1917",6586
"toddnd",6587
"tschan1959",6588
"alkrenawi1999",6589
"alkrenawi2002",6590
"audur2008",6591
"barry1981",6592
"baumeister2004",6593
"betzig1995",6594
"borovsky1999",6595
"boyden2007",6596
"bragg2008",6597
"breitman2004",6598
"broude1976",6599
"caldwell1998",6600
"ross2010",6601
"daly1980",6602
"divale1976",6603
"elbedour2006",6604
"fleisher1999",6605
"fleisher2004",6606
"grossbardshechtman1993",6607
"graslund1989",6608
"henrich2012",6609
"hraundal2014",6610
"huber2011",6611
"jankowiak2008",6612
"jankowiak2005",6613
"karamagi2006",6614
"karras1992",6615
"kress2002",6616
"kolker2014",6617
"larrington2016",6618
"liwoch2007",6619
"ljungqvist2015",6620
"miller1982",6621
"norrman2000",6622
"norstein2014",6623
"odonoghue2004",6624
"omariba2007",6625
"ritchie1976",6626
"saelebakke1986",6627
"schacht2015",6628
"simek1992",6629
"sjoberg1976",26
"sorensen1946",26
"wyatt2009",26
"boyes1921",6630
"grierson1959",6631
"gulibekk2005",6632
"hedeager1993",6633
"lunden1999",6634
"steinnes1936",6635
"pormksson1992",6636
"back1984",282
"karlin1923",282
"aberg1923",6637
"aija1997",6638
"ailio1922",6639
"ambrosiani1956",6640
"ambrosiani1968",6641
"arbman1932",6642
"areslatt1993",6643
"arrhenius1999",6644
"atterman1935",6645
"bennettlagerlof1978",6646
"bennett1976",6647
"blindheim1949",6648
"dreijer1966",6649
"drotz1995",6650
"ekholm1918",6651
"eniosova1998",6652
"enqvist1923",6653
"gudesen1980",6654
"hackmannd",6655
"hagberg1966",6656
"helgen1982",6657
"herteig1955",6658
"holmqvist1970",6659
"horfors1988",6660
"kivikoski1980",6661
"lind1984",6662
"lindahl1950",6663
"macgregor1997",6664
"marstrander1973",6665
"martens1969",6666
"monteliusnda",6667
"nilsson1990",6668
"odencrants1933",6669
"rasch2001",6670
"ostergaardjensen1987",6671
"petre1984b",6672
"ramqvist1998",6673
"rasmussen1989",6674
"reisborg1994",6675
"ryghndf",6676
"salinnd",6677
"sarauw1923",6678
"schonbeck2002",6679
"serning1960",6680
"simonsson1972",6681
"spirgis2007",6682
"stjernquist1951",234
"stolpe1927",234
"tillvaxten1909",234
"vangpetersen1991b",234
"vedelnda",234
"worsaaenda",234
"bagge2010",6683
"englert2007c",6684
"callmer1976",6685
"dalton1975",321
"elster2007",321
"finley1973",321
"hansen1977",6686
"jansen2015",321
"lie1988",6687
"mikkelsen2006",321
"mitchell1984",6688
"myrvoll1992",321
"ostmo2011",321
"pilo1990",321
"polanyi1944",6689
"rundberget2009",321
"stenvik2003",321
"swedberg2014",321
"wiberg1977",321
"voncarnapbornheim2007",6690
"cohen1997",6691
"fuchtbauer1971",6692
"dejong2010",6693
"kiefferolsen1997",6694
"lihammer2007",6695
"lindstrom1991",6696
"messenburg1972",135
"milthers1916",135
"moberg1994",135
"naum1925",135
"rossmann2000",135
"safran2005",135
"schoeninger2003",135
"vensild1996",135
"vonhejine2004",135
"wagnkilde1996",135
"nordal1938",26
"sigurdur1938",26
"christensen2012",117
"engberg2002",117
"rieck1992",117
"sigurdsson2012",117
"skre2005",117
"soderberg1966",117
"olausson2009",117
"kvhaa1903",234
"bratt1999",6697
"darvill2004",6698
"driscoll2004",6699
"meaney1995",6700
"meaney1997",6701
"olafsson1985",6702
"pantos2002",6703
"pantos2003",6704
"addyman1981",6705
"alcock1963",6706
"bayley1987",6707
"bayley1991",6708
"bayley2008",6709
"benson1911",6710
"blair1991",6711
"boni2003",6712
"clarke1998",6713
"coatsworth2002",6714
"comber2004",6715
"cowgill2009",6716
"dickens2009",6717
"cowie2012",6718
"craddock1989",6719
"daniels1988",6720
"dommasnes1987",6721
"emery2007",6722
"eremin1998",6723
"wilthew2002",6724
"garmonsway1947",6725
"gilmore1980",6726
"griffiths2007",6727
"hall2001",6728
"higham1993",6729
"hinton1990",6730
"hinton1996",6731
"hinton2000",6732
"hinton2003",6733
"hutcheson2009",6734
"kershaw2010",6735
"laing2006",6736
"loken1987",6737
"macgregor1999",6738
"mann1982",6739
"newman1993",6740
"nicholson1997",6741
"omeadhra1987",6742
"oriordain1971",6743
"owencrocker1986",6744
"paterson1997",6745
"paterson2000",6746
"pritchard1991",6747
"radley1971",6748
"seaman2013",6749
"smith1923",6750
"waltonrogers2004",6751
"taylor1987",6752
"thomas2004",6753
"thomas2008a",6754
"tweddle1986",6755
"vince2001",6756
"rogers2007",147
"rogers2014",147
"rogers2016",147
"wastling2009",147
"waterman1959",147
"webster2012",147
"caroline1999",6757
"blank2018",6758
"chukhina2015",6759
"davydova1999",6760
"dzhakson2002",6761
"dzhakson1986",6762
"glykou2018",6763
"gorelov1997",58
"nv2017",58
"gromig2019",58
"jackson2003",58
"jackson2009",58
"khudoley2013",58
"kirpichnikov1984",58
"kirpichnikov2013",58
"knudson2007",58
"lalazarov2012",58
"moiseyev2014",58
"moisio2015",58
"ostman2004",58
"petrenko1985",58
"petterson1995",58
"platonova1996",58
"raffensperger2014",58
"saarnisto1995",58
"sankina2000",58
"sauramo1929",58
"karlgoran1999",58
"subetto1998",58
"zazzo2004",58
"dunfjeldaagard2005",6764
"reymert1980",6765
"arne1909",6766
"bergstol2002",6767
"bohannan1959",6768
"brogger1928",6769
"fjellstriim1962",6770
"ell1990",6771
"gullbekk2003",186
"jasinski1998",6772
"kopytoff2000",6773
"montelius1922",129
"niisstriim2001",129
"ojanlatva2003",129
"yrbyggjasaga1989",129
"sandmo1994",129
"kongesagaer1979",129
"steinsland1989",129
"steinsland1992",129
"steinsland1984",129
"stenberger1971",129
"raffield2015",6774
"byock1998",6775
"fox1974",6776
"palsson1986",6777
"whitelock1976",6778
"alesina1999",6779
"coffe2006",6780
"dcms2002",6781
"doosje1995",6782
"eger2010",6783
"ellemers1997",6784
"ellisdavidson1976",6785
"jans2015",6786
"stewart1991",6787
"korostelina2007",6788
"lindeman1997",6789
"lonnroth2008",6790
"lund1985",6791
"maderer2014",6792
"mcdonald2012",6793
"petta1992",6794
"putnam2006",6795
"rhee1996",317
"sawyer1985a",317
"schjodt2011",317
"smith1997",317
"sosis2006",317
"swann2009",317
"swann2012",317
"tajfel1971",317
"thomas1999",317
"tropp2001",317
"whitehouse2012",317
"whitehouse2014",317
"pantos2004",6796
"holmback1933",6797
"lucas1966",307
"bourke1993",307
"hedeager1994",6798
"hardh1988",307
"kruse2007",307
"lieber1989",307
"miller1986",307
"mullerboyson1987",307
"saunders1995",307
"bagerius2001",6799
"batey2012",6800
"becker2007",6801
"bickerton2015",6802
"grahamcampbell2001h",6803
"bird2000",6804
"blackmore2011",6805
"boothby2004",6806
"bychowski2018",6807
"casey2010",6808
"chagnon1992",6809
"coltrane2006",6810
"connell2000",6811
"connell2005",6812
"crawford2007",6813
"damon2006",6814
"dommasnes2008b",6815
"ember2015",6816
"enloe2017",6817
"erikson1950",6818
"pesch2018",6819
"gilligan1982",6820
"gilligan1990",6821
"gowland2001",6822
"gunnell2013",6823
"haapasalo2000",6824
"halstadmcguire2010b",6825
"handel2007",6826
"hays1982",6827
"higate2005",6828
"hinojosa2010",6829
"hollander1949",6830
"hooper2001",6831
"honwana2006",6832
"howard2000",6833
"kaland2008",6834
"kamp2015",6835
"keith2005",6836
"kimball2013",6837
"knusel2000",6838
"larrington2008",6839
"levine1990",6840
"lewissimpson2008",6841
"lillehammer2010",6842
"macinnes2016",6843
"mcguire2016",6844
"mead1934",6845
"meggitt1977",6846
"mellor2014",6847
"murphy2017",6848
"mygland2010",6849
"hencken1933",6850
"orchard2011",6851
"orme1995",6852
"perkins1972",6853
"preston2014",6854
"raninen2008",6855
"scribner1965",6856
"reynolds1991",6857
"ross2018",6858
"shimahara1970",6859
"soderberg2017",6860
"sofaer2011",6861
"solli2008",6862
"squires2013",6863
"swanton1997",6864
"underwood2006",6865
"varney2000",6866
"weinreich2009",6867
"weisner2015",6868
"weisner1977",6869
"werner1964",6870
"wessells2006",6871
"whaley2009",6872
"whitehouse2017",6873
"woolf2017",6874
"snorres1999",129
"armstrong2000",6875
"a2007a",6876
"barrett1994",6877
"binford1972",6878
"brogger1950",6879
"fuglestvedt2007",6880
"grieg1942",6881
"gunnes1976",6882
"holmsen1939",6883
"ilkjaer2000",6884
"kallhovd1994",6885
"krag1995",6886
"munch1981",6887
"munch2007",6888
"myhre1997",6889
"mollerop1957",6890
"mollerop1971",6891
"parkerpearson1982",6892
"petersen1937",6893
"ronneseth1963",6894
"ronneseth1966",6895
"sandnes1997",6896
"shanks1982",6897
"sigurdsson1993",6898
"slomann1958",6899
"sturlasson1964",242
"stenberger1966",242
"stenvik2005",242
"steuer1989",242
"storli2001",242
"tacitus1977",242
"titlestad1996",242
"thompson1965",242
"appelgrennd",6900
"back2007",6901
"callmer1980",6902
"callmer1986",6903
"carpelan1980",6904
"damell1967",6905
"delort1978",6906
"edgren1999",6907
"ekbo1981",6908
"enqvist2004",6909
"enqvist2006",6910
"floderus1931",6911
"gustavsson2001",6912
"hackman1938",6913
"haggren2005",6914
"hiekkanen2001",6915
"hirviluoto1986",6916
"huurre1987",6917
"huurre1992",6918
"kivikoski1939",6919
"lang1985",6920
"ligi1994",6921
"lind2000",6922
"lind2006",6923
"lind2009",6924
"makarov2006",6925
"morris1999",6926
"raportteja2003",6927
"pimenov1965",6928
"purhonen1992",6929
"purhonen1997",6930
"ryabinin1978",6931
"ryabinin1986",6932
"saksa1985",6933
"saksa1992",6934
"schmid1942",6935
"silliman2005",6936
"stang1981",216
"stein1998",216
"stein1999",216
"stein2002",6937
"syse1987",216
"taavitsainen2004",216
"tomantera1991",216
"tvauri2005",216
"zakharov2004",216
"boe2012",6938
"fjell2005",6939
"goffman1971",6940
"grieg1943",6941
"holtorf2005",6942
"rasmussen2013",212
"anon2011",6943
"bloch1939",6944
"chin2004",6945
"dillmann1996",6946
"hall1984",6947
"hilberg2008a",6948
"horton2000",6949
"klejn2009",6950
"knirk1999",267
"mcgovern2011",267
"mullerwille1996",267
"nordenborgmyhre2001",267
"nosov1998",267
"steuer1990",267
"vollertsen1989",267
"ward2000",267
"wallace2001",267
"willemsen2009",267
"wynnejones2007",267
"tacitus1997",242
"batey1994",6951
"bjornskov2009",6952
"bohnet2008",6953
"bourdieu1986",6954
"brondsted1960",6955
"chartrand2006",6956
"barry2008",6957
"delhey2005",6958
"dohmen2008",6959
"freitag2008",6960
"greif1989",6961
"greif1993",6962
"greif2006",6963
"greif2012",6964
"guiso2008",6965
"haywood1995",6966
"langer2002",6967
"lookofsky2006",6968
"milgrom1990",6969
"nannestad2008",6970
"nunn2011",6971
"olson1993",6972
"ostrom2009",6973
"ozcan2011",6974
"paldam2000",6975
"putnam1993",6976
"putnam2000",6977
"raffield2009",6978
"ramskou1962",6979
"rothstein2003",6980
"rothstein2005",6981
"svendsen2004",275
"svendsen2009",275
"svendsen2012",275
"sorensen1990",275
"traunmuller2011",275
"uslaner2002",275
"uslaner2008",275
"vikings1997",275
"weber2009",275
"williamson1993",275
"aegidius1977",6982
"albrectsen1941",6983
"albrectsen1970",6984
"albrectsen1984",6985
"andersen1987",6986
"andersen1998",6987
"andersen1971",6988
"andersson1972",6989
"andren1994",6990
"arentoft1984",6991
"arentoft1985",6992
"arentoft1993",6993
"arentoft1999",6994
"bartholin1976",6995
"bartholin1974",6996
"becker1982",6997
"bertelsen1991",6998
"bertelsen1992",6999
"binderup1996",7000
"bjerregaard2016",7001
"bjerregaard2017",7002
"christensen1975",7003
"christensen1977",7004
"christensen1999",7005
"christensen2017",7006
"elkjaer2001",7007
"og2001",7008
"fussel2008",7009
"amt1992",7010
"gothche1995",7011
"grandtnielsen1982",7012
"harnow2005",7013
"haupt2006",7014
"henrichsen1968",7015
"henriksen1988",7016
"henriksen2012",7017
"hoff2000",7018
"hohenberg1985",7019
"hohenberg1995",7020
"hojlundnielsen1987",7021
"jacobsen2000",7022
"jacobsson2003",7023
"jeppesen1981",7024
"johannsen1995",7025
"jorgensennda",7026
"juel2010",7027
"kousgardsorensen1969",7028
"krongaardkristensen1998",7029
"krongaardkristensen2016",7030
"langkilde2007",7031
"lauritsen1974",7032
"lauritsennd",7033
"levinnielsen1968",7034
"linaa2016",7035
"lindblom2013",7036
"lundhansen1988",7037
"lundo2012",7038
"madsen1982",7039
"mathiesen1922",7040
"mathiesen1927",7041
"mejdahl1993",7042
"moller2008",7043
"nasman1996",7044
"nielsen1984",7045
"nilsen1990",7046
"nilsson2015",7047
"norgaardjorgensen2002",7048
"nyberg1982",7049
"odman2014",7050
"olesen2014",7051
"olsen1969",7052
"pagh2016",7053
"petersen1987",7054
"porsmose1996",7055
"poulsen2015",7056
"riis1999",7057
"rindel2001",7058
"rosch2013",7059
"runge2016",7060
"runge2017",7061
"sanke2001",7062
"schorring2000",7063
"skaarup1997",7064
"skaarup2005",7065
"smed1962",7066
"sonderby1988",7067
"stenak2005",7068
"tarup1934",199
"thrane1996",199
"trap1957",199
"ulriksen2016",199
"ulriksen2014",199
"vraengmosejensen2017",199
"weber1958",199
"zeeberg2000",199
"zinglersen2004",199
"callmer1990",118
"mccormic2001a",118
"halcrow2008",7069
"loyn1977",7070
"bakka1978",7071
"davis1992",7072
"granovetter1985",7073
"gudeman1986",7074
"gudeman2001",7075
"herschend1980",7076
"hirsch1987",268
"lie1997",268
"lunden1972",268
"munksgaard1978",268
"naumann1987",268
"sawyer1989",268
"wilk1996",268
"zafirovski2001",268
"adey2014",7077
"andrushko2011",7078
"beardsley1955",7079
"bergerbrant2007",7080
"binford1980",7081
"bollig1987",7082
"ceruti2004",7083
"cresswell2012",7084
"eerkens2014",7085
"font2012",7086
"frankopan2015",7087
"frei2017",7088
"frobeniusnd",7089
"frobeniusnda",7090
"garnett1945",7091
"gleirscher2004",7092
"greenblatt2010",7093
"gronenborn1999",7094
"heberle1938",7095
"helms1994",7096
"hermes2018",7097
"huntington1996",7098
"jockenhovel1980",7099
"jockenhovel1991",7100
"jockenhovel1995",7101
"jockenhovel1994",7102
"kaufmann2004",7103
"kelly1992",7104
"kelly1995",7105
"kimmig1958",7106
"kootker2016",7107
"krause1988",7108
"lee1966",7109
"ling2014",7110
"lippert2007",7111
"maixner2013",7112
"marshall2015",7113
"melheim2018",7114
"murdock1967",7115
"neaher1979",7116
"neipert2006",7117
"nerlich2009",7118
"oelze2011",7119
"pernter2007",7120
"plomp2017",7121
"podolny2005",7122
"reiter2014",7123
"reiter2015",7124
"schadelindig2003",7125
"scharlotta2018",7126
"scheeres2014",7127
"shellar2018",7128
"sjastaad1962",211
"stewart2017",211
"tipple2013",211
"vandersanden1996",211
"vandkilde2007",211
"veblennd",211
"welsweyrauch1988",211
"wendrich2008",211
"white2009",211
"beck2013",7129
"blindheim1954",7130
"chase1997",7131
"enright1988",127
"eriksen2002",127
"gansum2018",7132
"gjerpe2016",127
"meulengrachtsorensen2003",127
"myhrend",127
"nicolaysenndo",127
"sala2008",127
"skyllberg2008",127
"talma1993",127
"warner1987",127
"polanyi1957",268
"swedberg1992b",268
"anderson1998",7133
"asbjornsen1914",7134
"astveit2007",7135
"bangandersen2004",7136
"barth2016",7137
"bjorvand2000",7138
"bjorgo2016",7139
"callanan1906",7140
"christensen1986",7141
"christiend",7142
"vsnd",7143
"clark1975",7144
"derocher2000",7145
"domanska2006",7146
"einbu2005",7147
"finstad2010",7148
"fjellheim2005",7149
"frostatingslova1994",7150
"gibson1979",7151
"giese2013",7152
"gulatingslovi1969",7153
"hansen2005",7154
"hodder2011",7155
"hofseth1980",7156
"hoyer2015",7157
"indrelid2007",7158
"ion1989",7159
"jordhoy2013",7160
"jordhoy2005",7161
"jordhoy2012",12
"lagaboters1979",12
"martinsen2016",12
"molmen1988",7162
"ryd2014",12
"roed2014",7163
"roed2015",12
"spiess1979",12
"vorren1944",12
"wammer2007",12
"weber2007",12
"wiberg1987",12
"rundkvist2014",7164
"carlsson2012a",7165
"clareus1999",7166
"conyers2007",7167
"conyers2010",7168
"damiata2013",7169
"daniels2004",7170
"david2008",7171
"gahrn1988",7172
"goodman1993",7173
"goodman2013",7174
"grasmueck2005",7175
"hjulstrom2014",7176
"hjulstrom1920",7177
"ilisch2004",304
"karlsson2008",304
"larsson1987",304
"leckebusch2003",7178
"lindqvist2000",304
"malmer1982",304
"neubauer2002",7179
"nordenskjoldnd",304
"novo2010",304
"novo2012",304
"poscetti2013",304
"stenberg2006",304
"sundquist2013",304
"viberg2012",304
"urry2007",211
"armstrong1953",7180
"bates2000",7181
"bates2007",7182
"bayer2011",7183
"benedetti2011",7184
"berendsen2000",7185
"bird2010",7186
"bird1985",7187
"bristow2003",7188
"bristow2006",7189
"brivio2000",7190
"brown1997",7191
"burke2008",7192
"butzer1982",7193
"clemmensen2010",7194
"darwin1990",7195
"declercq2012",7196
"fatimarossetti2009",7197
"smedt2011",7198
"denham2008",7199
"deroin2011",7200
"dincauze2000",7201
"doneus2008",7202
"donoghue1988",7203
"embleton1970",7204
"chng2004",7205
"fairbridge1985",7206
"fitch2005",7207
"french2005",7208
"gabler2013",7209
"gaffney2008",7210
"harari1996",7211
"hickin2009",7212
"hodgson1976",7213
"howard2008",7214
"ilves2009",7215
"ilves2012",7216
"jensen1999",7217
"jongmans2007",7218
"kneisel2008",7219
"komar1998",7220
"lasaponara1995",7221
"leopold2010",7222
"linford2006",7223
"lunt2005",7224
"luo2012",7225
"mansfield2007",7226
"mcgraw2014",7227
"mchugh1988",7228
"nau2004",7229
"neal2002",7230
"neubauer2001",7231
"neubauer2004",7232
"proschdanielsen2006",7233
"proulxmcinnis2013",7234
"ramberg2008",7235
"rapp2006",7236
"saey2013",7237
"schrott2008",7238
"short2004",7239
"siart2008",7240
"soil2006",7241
"syvitski1995",7242
"tamura2012",7243
"taylor1996",126
"trinks2015",126
"vandam2012",126
"wegmann2012",126
"weston2001",126
"wilkinson2003",126
"yoshiki2005",126
"dommasnes1992",7244
"enright1995",7245
"hornfuglesang1989",7246
"kaliff2004",208
"koktvedgaardzeiten1997b",208
"larsson2005",208
"rosengren2007",208
"eriksen1991",116
"fern2012",116
"kirkup2006",116
"nasstrom1999",116
"sanmarknda",7247
"sanmark2006",7248
"koivisto1996",7249
"leppaaho1936",7250
"sarasmo1961",7251
"sarkki1976",7252
"cleve1948",7253
"drobin1991",7254
"hirviluoto1976",7255
"honko1960",7256
"huntington1979",7257
"huurre1990",7258
"karvonen1998",7259
"keskitalo1950",7260
"kitzler2000",7261
"kivikoski1961",209
"kivikoski1963",209
"lehtosalohilander1988",209
"mandel2003",209
"oestigaard2006",209
"paulaharju1924",209
"purhonen1998",209
"palsi1938",209
"sarkkiisomaa1986",209
"sjoberg1994",209
"tarlow1999",209
"wickholm2005",209
"tacitus1960",208
"graslund1973",208
"randsborg1984",208
"stjernquist1989",208
"blinkhorn1999",236
"brather1996",236
"c2006d",236
"filipowiak1993",236
"soren2002",236
"jankuhn1956",236
"janssen1987",236
"kirpichnikov1997",236
"ohlsson1976",236
"sawyer1977",236
"warnke1992",7262
"bjornstad2010",7263
"bjornstad2012",7264
"brandt2011",7265
"excoffier2010",7266
"flodin1989",7267
"forster2003",7268
"halinen2013",7269
"hartnup2011",7270
"hedman2015",7271
"hofreiter2001",7272
"hufthammer2011",7273
"komber1987",7274
"librado2009",7275
"loftsgarden2017",7276
"luik2015",7277
"munch1998",7278
"olivieri2014",87
"roed2008",87
"roed2011",87
"roed2018",87
"rytter1997",87
"rytter2007",87
"schia1986",87
"skogland1980",87
"star2018",87
"wandeler2007",87
"marstrander1932",281
"megaw1950",281
"moore1900",281
"shetelig1925",281
"shetelig1945",281
"shetelig1954",281
"whitelock1967",281
"wilson1974",281
"sorensen1988",126
"arnorsdottir1973",7279
"blackburn2009",7280
"bourdieu1990b",7281
"dalton1977",7282
"ed1984a",7283
"gustin1996",7284
"hedegaard2002",7285
"heijne2004",7286
"horsnaes2000",7287
"kazanskij2007",229
"kromann1985",229
"metcalf1997",229
"mikkelsen2001",229
"north1990",7288
"odeback2009",229
"pertznd",229
"ed1905",229
"vinsrygg1975",229
"schia1989",87
"bertran1991",7289
"cammas1994",7290
"cammas1995",7291
"cremaschi2010",7292
"fitzpatrick1993",7293
"galinie2004",7294
"loveluck2001",7295
"maixner2010",119
"de1997",119
"nicosia2014",119
"schiegl1996",119
"verslype2004",119
"wouters2013",119
"ballantyne1994",7296
"ballantyne1999",7297
"bauge1980",7298
"brandnd",7299
"heggstad1975",7300
"indrebo1936",7301
"jakobsen1936",7302
"mackie2002",7303
"mccullough2000",7304
"nymoen1995",7305
"nymoen1997",7306
"ogrady2008",7307
"paton2011",7308
"palsson2003",7309
"bruce1908",7310
"cant1975",7311
"cleasbynd",7312
"js1914",7313
"coolen2011",7314
"crawford1984",7315
"dodgson1972",7316
"donaldson1958",7317
"edmondstonnd",7318
"fellowsjensen1996",7319
"greignd",7320
"stewart1987",7321
"solvara2002",7322
"waugh2005",7323
"westerdahl2004",7324
"westerdahl2004a",7325
"zoega1910",217
"peel2009",217
"riisoy2013",217
"ringstad2006",217
"ritchie1997",217
"sanmark2011",217
"schlyternd",217
"barabasi1999a",7326
"freke1992",281
"knappett2025",7327
"omgard1980",7328
"taebringmikkelsen1986",7329
"coggins1967",7330
"behrenlubchin1965",7331
"ystadtankbaten1976",7332
"brughmans1989",7333
"worldcatbuttler1991",7334
"cheng2006",7335
"krause2000",7336
"dress2007",7337
"fitzhugh2000a",7338
"forster2006",7339
"gen2008",7340
"graham2006",7341
"hage1991",7342
"isaksen2008",7343
"worldcatjohansen2004",7344
"klincewicz1998",7345
"worldcatkorte2006",7346
"labianca2006",7347
"lebecq2007",323
"minoux1989",323
"crossrefmizoguchi2009",323
"batagelj2005",323
"randall2001",323
"randall1994",323
"worldcatschofield2005",323
"worldcatsindbaek2010",323
"terrell2010",323
"young2006",323
"valente2005",323
"vince2005",323
"bayley2007",7348
"bech2011",7349
"edwards1999",7350
"escher1976",223
"higgins1966",223
"ingstad1985",223
"jackson2000",223
"jackson1978",223
"jordan1980",223
"linderothwallace2006",223
"ere2002",223
"morgan1975",223
"rasmussen2010",223
"roussel1941",223
"stonge2000",223
"burstom1993",229
"london1990",7351
"michelmerch1972",7352
"batey1987",7353
"brown2003",7354
"buttler1989",7355
"buttler1991",7356
"crumlinpedersen1984",7357
"driscoll2002",7358
"henry1945",7359
"henry1952",7360
"hubbard1989",7361
"khvoshchinskaya2007",7362
"lane2007",7363
"maclaren1974",7364
"mann1984",7365
"may1948",7366
"mills2007",7367
"osullivan1970",7368
"pearson2001",7369
"rollason2004",7370
"santi2005",7371
"sharples2003",7372
"sidebottom2000",7373
"wallace1981",7374
"wallace1985",7375
"pirenne1938",119
"meier2001",7376
"cabot2004",7377
"ahlen1994",7378
"collen2011",7379
"devries1961",7380
"duwel2001",7381
"eriksson1991",7382
"gelting2000",7383
"gren2003",7384
"gustavson1995",7385
"hafstrom1962",7386
"iversen2004",7387
"kallstrom2012",7388
"krovel2001",7389
"lamm2006",7390
"lindkvist1979",7391
"ljung2001",7392
"lagaboters1915",7393
"mejsholm1954",7394
"nasman2008",7395
"nelson2013",7396
"norseng1987",7397
"peterson2007",7398
"peterson2012",7399
"stahle1969",7400
"ringstad1989",7401
"ronneseth1975",7402
"selinge1980",7403
"sturluson1995",7404
"stahle1956",7405
"stahle1958",7406
"struck1990",7407
"sundqvist2016",7408
"taranger1913",110
"vikstrand2015",110
"vogt2010",110
"williams1996",110
"winberg1985",110
"zachrisson2002a",110
"aitchson1994",7409
"bagge1989",7410
"ballantyne1999a",7411
"bartlett1994",7412
"brink2003",7413
"brynjulfurnd",7414
"dndiplomatariumnorvegicumnd",7415
"driscoll1998",7416
"driscoll2000",7417
"flatman2010",7418
"fornsok2012",7419
"fridriksson2004a",7420
"wollett2004",7421
"damiata2005",7422
"gelling2000",7423
"gilchrist1995",7424
"glass2011",7425
"glick2005",7426
"groenewoudt2009",7427
"gustafsson2001",7428
"hebede1968",104
"hellquist1980",104
"henriksen2001b",104
"higham1992",104
"holm2009",7429
"iversen1956",104
"kulikowski2005",104
"larsson1995",104
"goff1988",104
"liebermann1913",104
"mehler2012",104
"moore2005",104
"narmo1996",7430
"oosthuizen2011",104
"rippon2004",104
"rygh1907",104
"samdal2008",104
"simonsson1984",104
"staf1935",104
"stocking2000",104
"vesteinsson2011",104
"akureyri2001",104
"vestergaard1988",104
"warner1988",104
"widgren1986",104
"skorokhod2017",306
"smolichev1926",306
"stankevich1962",306
"skorokhod2018",306
"sytyi2006",306
"heid2008",7431
"axboe1991",7432
"bakka1981",7433
"bursche2002",7434
"boe1923",7435
"cipolla1956",7436
"dyhrfjeldjohnsen2013",7437
"engeler1991",7438
"fonnesbechsandberg1985",7439
"fonnesbechsandberg1988",7440
"fonnesbechsandberg1989",7441
"frimannslund1966",7442
"gemici2015",7443
"graeber2011",7444
"guest2008",7445
"hagland1994",7446
"herschend1987",7447
"herschend1991",7448
"humphrey1985",7449
"ingham2004",7450
"innes1913",7451
"innes1914",7452
"kilger2015",7453
"klang2013",7454
"kallstrom2010",7455
"leeper1933",7456
"meikle1994",7457
"munch1956",7458
"munksgaard1956",7459
"naismith2012",7460
"painter2013",7461
"pare2013",7462
"rau2013",7463
"rovelli2012",7464
"ruthstrom1993",7465
"schacht1949",7466
"scull1990",7467
"steuer2013",7468
"stormndd",7469
"voss1955",7470
"wray1999",7471
"zelizer1994",7472
"zimmermann2003",219
"ashby2012",7473
"blehr1973",7474
"clarke1988",7475
"donaldson1981",7476
"edwards1997",7477
"hunter1982",7478
"hunter1989",9
"kjoshanssen1973",9
"macgregor1983",9
"meiri2013",9
"morris1985",9
"smirnova2005b",9
"solazzo2011",9
"sommer2009",9
"sykes2011",9
"wasser2008",9
"biggs2014",7479
"bjordal2017",7480
"bradley1991",7481
"collis1995",7482
"dumville1977",7483
"feldman1975",7484
"fulk2014",7485
"grant1986",7486
"green1965",7487
"gutsmiedlschumann2018",7488
"gothberg2018",7489
"hall2006",7490
"heaney2001",7491
"heinertz1925",7492
"hodder1976",7493
"hardh2002",7494
"ilkjaer2001",7495
"imer2010",7496
"indrebo1932",7497
"jorpeland2018",7498
"klaeber1950",7499
"klaeber2014",7500
"lindkvist2003a",7501
"ljungkvist2017",7502
"malmros1999",7503
"malone1962",7504
"neidorf2013",7505
"neidorf2014",7506
"neidorf2017",7507
"nerman1942",7508
"niles2007",7509
"nasman1999",7510
"osborn2007",7511
"ostmo2018",7512
"pilo1993",7513
"pohl2009",7514
"rau1955",7515
"reichert1987",7516
"reichert1990",7517
"rix2015",7518
"sawyer1991",7519
"schlesinger1965",7520
"schnetz1990",7521
"scull2016",7522
"seiler2018",7523
"steuer2006",7524
"sundqvist2018",7525
"svennung1974",7526
"sorensen1982",7527
"talbot1954",7528
"taranger1934",7529
"teigen2007",7530
"wikborg2018",7531
"wolfram1971",7532
"wolfram2008",7533
"wolfram2009",7534
"wolfram2011",33
"wood1994",33
"wood1977",33
"aarsleff1955",233
"fuglesang1985b",233
"cunliffe2002",7535
"edwards1917",7536
"espelund2013",66
"frank1998",66
"harding2013",66
"harris2003",66
"holm2005",66
"metcalf1995",66
"trakadas2014",66
"tschan2002b",66
"vosmer2014",66
"uws2004",219
"wray2004",219
"ahmad2006",7537
"aikawafaure2009",7538
"ankersmit2009",7539
"ashworth2007",7540
"bender1993",7541
"bender2007",7542
"m2002",7543
"bhaskar1989",7544
"binford1962",7545
"bohm2001",7546
"bohm2008",7547
"w2006",7548
"braudel1949",7549
"braziel2003",7550
"carman2002",7551
"chakrabarty2009",7552
"cheape2009",7553
"clark1936",7554
"clark1954",7555
"crossland2005",7556
"crutzen2002",7557
"dawdy2009",7558
"dixon2005",7559
"domanska2009",7560
"domanska2010",7561
"durkheim1904",7562
"dybdahl2010",7563
"eagleton2000",7564
"edgeworth2010",7565
"t2006",7566
"flannery1973",7567
"foley2005",7568
"fraiture2010",7569
"fraiture2009",7570
"fraser2000",7571
"fraser2001",7572
"fukuyama2002",7573
"gibbon1989",7574
"grosjean2007",7575
"hacking1999",7576
"haraway2008",7577
"harman2010",7578
"harrison2009",7579
"hodder1987",7580
"hodder1999",7581
"holmberg2008",7582
"holtorf2007",7583
"holtorf2011",7584
"hyenstrand1988",7585
"jenkins2004",7586
"jong2008",7587
"kirshenblattgimblett1994",7588
"kirshenblattgimblett2004",7589
"kolen2009",7590
"kotchen2007",7591
"kristiansen2002",7592
"kurin2004",7593
"labinger2001",7594
"lakatos1973",7595
"latour1993",7596
"latour2003",7597
"latour2005h",7598
"levistrauss1962",7599
"lowenthal1985",7600
"madsen1900",7601
"mason2000",7602
"moberg1977",7603
"mullerndc",7604
"mullerndd",7605
"nilsen2003",7606
"nummedal1912",7607
"nussbaum1999",7608
"naess1973",7609
"oestigaard2004",7610
"oestigaard2007",7611
"olsen1986",7612
"olwig2001",7613
"parkerpearson2006",7614
"parkin1999",7615
"partner2009",7616
"periman2006",7617
"petersennd",7618
"pickering1993",7619
"pickering1994",7620
"piotrowski2006",7621
"pollard1998",7622
"rorty1989",7623
"rose2007",7624
"ruddiman2003",7625
"ruddiman2005",7626
"samuel1994",7627
"sanden2008",7628
"schanche1983",7629
"schwandt1994",7630
"serres1995",7631
"shanks2010",7632
"skolimowski1974",7633
"skounti2009",7634
"sloterdijk2009",7635
"smail2007",7636
"snow1959",7637
"snow1966",7638
"solli1989",7639
"spiegel2009",7640
"steinberg2002",7641
"stotz2008",7642
"svestad1995",7643
"terrill2008",7644
"todorov1993",7645
"tvedt2010",7646
"waterton2006",7647
"watson1971",7648
"weisman2007",7649
"welinder1986",7650
"white1949",7651
"white1959",7652
"willey1958",7653
"wolfe2010",245
"zalasiewicz2008",245
"zalasiewicz2010",245
"blindheimnd",204
"ka1999",204
"ka1995",204
"almgren1904",7654
"eibl2005",324
"ernst1989",7655
"faull1976",324
"zielonka1957",324
"zydok2004",324
"bergsveinn2007",33
"granzweig2018",33
"harding1977",138
"mullerwille1987",138
"murphy2008b",7656
"pettersson1991",138
"duwel1995",138
"souers1937",235
"becker1973",7657
"keay2014",7658
"evans2015",7659
"stott2018",7660
"kjaer2018",7661
"trier2019",7662
"guyot2018",7663
"rizaldy2018",7664
"colgan2012",7665
"liu2017",7666
"meng2012",7667
"jain1997",7668
"chen2014",7669
"breiman2001",7670
"belgiu2016",7671
"strobl2009",7672
"flemming2007",7673
"rosenkranz2015",7674
"vennersdorf2017",7675
"mitchell1988",7676
"vanderwalt2014",7677
"illingworth1987",7678
"cerrillocuenca2017",7679
"schubert2017",7680
"ester1996",7681
"freeland2016",7682
"trier2009",7683
"kvamme2016",7684
"verdonck2016",7685
"lewis1995",7686
"bryant1987",7687
"guisan1999",7688
"korsgaard2004",7689
"dereu2013",7690
"riley2017",7691
"knudsen2012",7692
"jakobsen2017",7693
"andersen1992",7694
"pedregosa2011",7695
"steffensen2014",7696
"marmol2004",7697
"tsai2008",7698
"andreasen2016",7699
"french2010",7700
"grieve1992",7701
"french2018",7702
"davis2019",7703
"lambers2016",7704
"traviglia2016",7705
"lambers2019",7706
"trier2016",7707
"zingman2016",7708
"verschoofvandervaart2019",7709
"zhu2006",7710
"benediktsson1997",7711
"sevara2018",7712
"fortidsminder2018",7713
"petersen2015",7714
"biermann2016",7715
"harck1986",7716
"overgaard2016",7717
"harck1990",115
"hoy1991",115
"wu2016",115
"certini2013",115
"zhang2018",115
"silburt2019",115
"hanson2012",115
"cowley2012",115
"sevara2013",115
"jonsson2007",7718
"saxe1970",138
"blochnakkerud1994",175
"blom1991",175
"christophersen1974",175
"frostatingslovahagland1994",175
"indrelid1988",175
"jouttijarvi1991",175
"loftsgarden2011",175
"lyngstrom2009",175
"mjaerum2007",175
"pilo2013",175
"pilo2012",175
"pleiner1989",175
"bagge2008",7719
"brink2008ag",7720
"ekrem1998",7721
"evenstadnd",7722
"gundersen2016",7723
"gunnarsdottir1999",7724
"hoeg1996",7725
"hougen1930",7726
"jacobsen2005",7727
"jordhoy2007",7728
"larsen2009",7729
"magnus2005",7730
"moen1998",7731
"orning2008",7732
"ostrom1990",92
"risbol2005",92
"saetren2011",92
"salvesen1969",92
"sevatdal1985",92
"solem2004",92
"stenseth2005",92
"ruralia2005",92
"wangen2006",92
"jorgensen1986",204
"alsleben2009",7733
"andreasson2010",7734
"behre1976",7735
"behre1978",7736
"billing1998",7737
"bjorkman2007",7738
"eggen1991",7739
"farrar1998",7740
"fredskild1971",7741
"fruergaard2005",7742
"gleason1994",7743
"greig1996",7744
"harild2007",7745
"heimdahl2009",7746
"heimdahl2010",7747
"helbaek1958",7748
"henriksen2008",7749
"hjelmqvist1963",7750
"holmboe1927",7751
"jacomet1988",7752
"jensen1979",7753
"karg2007",7754
"karg2010",7755
"karg2012",7756
"karg2002",7757
"kirleis2011",7758
"knorzer1999",7759
"kolstrup2009",7760
"korbergrohne1987",7761
"kroll1986",7762
"kroll1987",7763
"kroll2007",7764
"lageras2003",7765
"lange1997",7766
"lundquist2006",7767
"moffett2006",7768
"moltsen2005",284
"moltsen2009",284
"nielsen2010",284
"pettersson2002",284
"ramskou1974",284
"regnell2001",284
"strank2008",284
"tollin2005",284
"vanderveen2005",284
"stene2014",92
"berg1983",7769
"berglund2015",7770
"bjorkbom1907",7771
"cabouret1989",7772
"emanuelsson2001",7773
"erixon1918",7774
"erixon1956",7775
"frodin1925",7776
"hellstrom1917",7777
"indrelid1994",7778
"kvamme1988",7779
"lofgren1982",7780
"marsden2005",7781
"montelius1977",240
"nyman1952",240
"olsson1998",240
"prescott1995",7782
"sandnes1989",240
"sandnes1991",240
"schug2010",240
"styhre2013",240
"svensson2015",240
"wennersten2002",240
"whatmore2002",240
"asc1961",7783
"baker2010",7784
"bjornskov2013",7785
"blackburn2014",7786
"blair2014",7787
"campbell1986",7788
"congleton2015",7789
"faith2014",7790
"freudenthal1944",7791
"gillingham1989",7792
"gundlach2019",7793
"hendrickson2018",7794
"hillman2019",7795
"hobbesnd",7796
"keynes1986",7797
"konrad2012",7798
"lambert2017",7799
"lawson1984",7800
"lawson2014",7801
"leeson2007",7802
"miller2014a",7803
"mostert2014",7804
"olson1965",7805
"olson2000",7806
"ormrod2000",7807
"pelteret2014a",88
"piano2019",88
"powell2009",88
"salter2015",88
"spejlborg2016",88
"vahabi2011",88
"vahabi2016",88
"wareham2012",88
"whitelock2007",88
"yorke2014b",88
"young2016",88
"young2018",88
"adam1917",7808
"grammaticus1979",7809
"bruunnd",7810
"brogger1937",7811
"isleifsson2011",7812
"keegan1987",7813
"references2006",7814
"einarsson2007",325
"rafnsson1990",325
"rockman2010",325
"steele2003",325
"sigurgeirsson2013",325
"smith2005",325
"sveinbjarnardottir1992",325
"vilhjalmsson1989",325
"walter2010",325
"thorarinsson1943",325
"thorarinsson1977",325
"thordarson1909",325
"lenzen2012",7815
"frachetti2017",7816
"hoffmann2002",7817
"orton2011",7818
"gohring2016",7819
"sundby2008",7820
"opdal2010",7821
"nedkvitne2016",7822
"pauly1995",7823
"jackson2001",7824
"lotze2009",7825
"nielsen2017",7826
"arndt2003",7827
"boessenkool2009",7828
"schroeder2015",7829
"kayser2011",7830
"bradbury2013",7831
"knutsen2010",7832
"selkoe2016",7833
"hutchinson2015",7834
"bradbury2010",7835
"hemmerhansen2013",7836
"sodeland2016",7837
"berg2016",7838
"kirubakaran2016",7839
"barney2017",7840
"hilberg2014f",7841
"orton2014",7842
"nielssen2016",7843
"wickler2014",7844
"ma2012",7845
"green2009",7846
"jonsson2013",7847
"pinhasi2015",7848
"prinz2007",7849
"boessenkool2017",7850
"carpenter2013",7851
"speller2012",7852
"moss2014",7853
"olafsdottir2014",7854
"grealy2016",7855
"nikulina2016",7856
"moss2016",7857
"hoffmann2004",7858
"kirkpatrick2010",7859
"hutchinson2001",7860
"arnason2015",7861
"sorheim2016",7862
"wright2006",7863
"skjaeraasen2011",7864
"barth2017",7865
"knutsen2003",7866
"jorde2007",7867
"neuenfeldt2013",7868
"nielssen2009",7869
"schmolcke2004",7870
"barrett2015",7871
"cooper2000",7872
"star2016",7873
"schubert2014",73
"lindgreen2012",73
"star2011",73
"torresen2017",73
"li2009",73
"mckenna2010",73
"purcell2007",73
"korlevic2015",73
"damgaard2015",73
"alt1998",7874
"anz1998",7875
"arcini1991",7876
"boylstone2000",7877
"brather2009",7878
"carlsson1990",7879
"duwel1987a",7880
"ebel1987",7881
"finucane2008",7882
"floderus1927",7883
"garve2011",7884
"harke2003",7885
"hoffmann1989",7886
"kattinger1999",7887
"kjellstrom2014",7888
"kunzler1999",7889
"kyhlberg1991",7890
"kyll1964",7891
"lykiardopoulos1981",7892
"malarstedt1979",7893
"milner1991",7894
"mortagua2006",7895
"onasch1981",7896
"philpott1991",7897
"pettersson1966",7898
"molina1970",7899
"ruprecht1958",7900
"salin1952",7901
"sandholm1965",7902
"g2000",7903
"staecker1997",7904
"staecker1998",7905
"staecker2000",7906
"stewart1944",7907
"stewart1946",7908
"svahnstrom1984",7909
"thunmarknylen2004",7910
"taylor2008",7911
"vukovic2009",7912
"westholm1989",7913
"wilke1931",7914
"wilson1992",195
"yrwing1992",195
"yrwing1994",195
"zipp2010",195
"abels2003",7915
"ager2008",148
"valante1998",148
"naismith1995",148
"danecek2011",73
"adams1981",7916
"ayres1985",7917
"barnosky2004",7918
"binford1997",7919
"brandner1998",7920
"catton1980",7921
"cooke1931",7922
"culbert1988",7923
"dalan1997",7924
"dalton2000",7925
"diamond1968",7926
"flenley2002",7927
"flenley1984",7928
"hughes1975",7929
"jacobsen1958",7930
"jevonsnda",7931
"kirch1984",7932
"lopinot1985",7933
"mccoy1976",7934
"malthusnd",7935
"meggers1954",7936
"milner1990",7937
"mulloy1970",7938
"phillips1979",7939
"ponting1985",7940
"rees2004",7941
"rescher1978",122
"sanders1962",122
"sanders1963",122
"sheets1999",122
"steadman1989",122
"steadman1995",122
"steadman1994",122
"tainter2000",122
"turner1974",122
"vanandel1990",122
"vantilburg1994",122
"banfield1974",7942
"m1962",7943
"cleland1973",7944
"corbeil2000",7945
"fitzhugh1994",7946
"harp1975",7947
"laeyendecker1993",264
"laver1983",264
"lee1968",264
"maryrousseliere2002",264
"mccartney1973",264
"meldgaard1962",264
"myrvoll1985",264
"odess2000",264
"bstergard1948",264
"park1951",264
"plumet1982",264
"ellesmere2000",264
"brandt2012",299
"hardt2003",7948
"kramer1984",212
"schwank2013",212
"blackburn1986",148
"kershaw2023",148
"redknap2003",148
"wallace2015",148
"reuter1992",148
"redknap2009",148
"blackburn2006",148
"agersnaplarsen2011",212
"schovsbo2013",212
"felixnd",7949
"aspeborg2005",7950
"birddavid1999",7951
"bullough1983",7952
"burnell1999",7953
"cannon1989",7954
"chandler2010",7955
"effros1997",7956
"einsenschmidt2004",7957
"gibbon2007",7958
"halsall1995a",7959
"hamilton2006",7960
"harvey2006",7961
"thorlaksson1978",7962
"gestsdottir1998",7963
"innes2000",7964
"jochens1999",7965
"lastovicka2013",7966
"marshall1950",7967
"patterson1982",7968
"prothero2002",7969
"radin1986",185
"shapland2012",185
"steinunnkristjansdottir2004",185
"stocker1993",185
"stromback1975",185
"zugaiar2012",185
"geolog1947",7970
"hagberg1967",7971
"hagberg1961",7972
"holmberg1969",7973
"lamm1995",7974
"hamilton2007",7975
"hamilton1996",7976
"hamilton2008",7977
"karlsson2005",7978
"olson2004",7979
"wernerson1996",7980
"annuswer2003",7981
"annuswer2007",7982
"annuswer2002",7983
"arrhenius2011a",7984
"jorpeland2008",7985
"jorpeland2003",7986
"brereton1987",7987
"brink1987",7988
"calissendorff1966",7989
"capelle1995",7990
"carlie2009",7991
"damell2007",7992
"eliade1991",7993
"ericsson2008",7994
"fritsch2004",7995
"hedblom1958",7996
"hedman1989",7997
"holmqvist1980",7998
"hultgard1996",7999
"karlenby2007",8000
"karlsson2007",8001
"lindkvist2007",8002
"lindqvist1910",8003
"lindstromnd",8004
"hansen2011",8005
"lundholm1947",8006
"nordberg2011",8007
"nordberg2008",8008
"olsson1993",326
"petre2011",326
"schovsbo1987",326
"stjernquist1962",326
"stjernquist1967",326
"stahle1946",326
"vonsydow1978",326
"wessen1923",326
"victor2005",326
"widengren1969",326
"vikstrand2011",8009
"zachrisson2009a",326
"orsnes1964",326
"ehrlich1968",122
"ambrosiani1957",8010
"arnbrosiani1981",8011
"arbmann1940",8012
"backstom2008",8013
"backstrom2003",8014
"bengtzon2001",8015
"booth2008",8016
"floden1993",8017
"friberg1998",8018
"harim2003",8019
"henkel2004",8020
"holmquistolausson1982",8021
"hyenstrand1991",8022
"icomos1993",8023
"kristiansson1996",8024
"lindqvist1928",8025
"linford2010",8026
"lyatski2004",8027
"masters1998",8028
"mellinnd",8029
"nerman1918",248
"olsson2006",248
"riksantikvarieambetet2007",248
"stavrum1997",248
"stolpende",248
"trinks2012",248
"trotzig1993",248
"wahlander1998",248
"wedmark1999",248
"fridriksson2015",185
"kershaw2015",185
"magnus2009",248
"williams2017",8030
"hart1995",327
"brodersen1967",8031
"eksnd",8032
"nielsenadamsen1991",8033
"feveile1948",8034
"beretninger1997",8035
"andersen1943",8036
"andersenklindtjensennielsen1970",8037
"nielsen1943",8038
"christensen1982",8039
"lindqvist1920",8040
"beretningved1998",8041
"madsen1994",8042
"orsneschristensen1955",8043
"albrectsen1951",8044
"ottaway2004",8045
"adamsen2003",8046
"albrethsen2003",8047
"andersen1970",8048
"axboe1989",8049
"baeksted1972",8050
"christensen1928",8051
"christoffersen1987",8052
"cosack2005",8053
"ethelberg1986",8054
"grambo1999",8055
"hansen2009",8056
"hansen1995",8057
"hultgard1999",8058
"hoj2004",8059
"jennbert2002a",8060
"jensen1998",8061
"lindqvist1921",8062
"lyngstrom1989",8063
"neergaardnd",8064
"nerman1917",328
"ravn1989",328
"ravn2008",328
"sparrevohn2007",328
"steinsland2000",328
"stoumann2009",328
"ulriksen1999",328
"orsnes1988",328
"sparrevohn2006",328
"sorensen1998",328
"sorensen1993",328
"arcini1999",8065
"beckra2007",8066
"bolender2007",8067
"bolender2010",8068
"braudel1972",8069
"braudel1980",8070
"bynum1995",8071
"chesson2001",8072
"daniell1997",8073
"frioriksson2001",8074
"geake1995",8075
"gejvall1960",8076
"gestsdottir2014",8077
"gilchrist2015",8078
"hadley2010",8079
"halvorsen2008",8080
"harding2005",8081
"joyce2001",8082
"karlsson2004",8083
"mejsholm2008",8084
"meskell1998",8085
"meskell2001",8086
"thorlaksson2005",8087
"rindal1996",8088
"scott2011",8089
"sellevold2004",8090
"sellevold2008",8091
"sewell2005",8092
"sewell1996",8093
"sigurosson2003",8094
"sigurosson2014",8095
"stefansson1975",8096
"stefansson1978",8097
"steffensen1943",8098
"steinberg2016",8099
"sveinbjarnardottir2001",8100
"tsaliki2008",28
"vilhjalmsson1995",28
"zadorario2003",28
"zoega2014",28
"zoega2015",28
"zoega2007",28
"zori2007",28
"beckerchristensen1981",8101
"belford2017",8102
"dobat2005",8103
"dorey1969",8104
"ethelberg2012",8105
"ethelberg2017",8106
"gudeman1900",8107
"harck1998",8108
"haseloff1937",8109
"kramer1992",56
"kramer1995",56
"madsen2008",56
"maluck2017",56
"maluck2016",56
"muller1903",56
"nunn2009",56
"schindel1999",56
"spring2015",56
"witte2018",56
"ambrosiani2003",8110
"arrhenius1978",8111
"berthelon2007",8112
"boytrup2013",8113
"danielsson1973",8114
"glover2003",8115
"culture1985",8116
"kingnd",8117
"malmer2010",8118
"mikkelsen2012",10
"negmatov1999",10
"nicholson2000",10
"noonan1990",10
"rezakhani2010",10
"schumann2011",10
"trotzig1969",10
"witte2017",56
"vangennep1960a",28
"thorgilsson2006",28
"aschehougnd",8119
"benderjorgensen1999",8120
"bjorgo2005",8121
"bjorgo1992",8122
"harrington2008",8123
"kaland1979",8124
"lonning1976",8125
"mortensen1994",8126
"mortensen1997",221
"martensen2006",221
"ramstad1981",221
"tveiten2011",221
"warburg1974",221
"oye1986",221
"oye2010",8127
"beckerlfred1973",8128
"rdh2007",8129
"hauckarl1970",8130
"bertil2004",8131
"hel2011",8132
"herschendrands1996",8133
"er2001",8134
"lars2015",8135
"lars2012",8136
"lars1998",8137
"lars2004",8138
"erle1994",8139
"vist1925",8140
"edith1966",91
"martensir1988",91
"sig2011",91
"bernhard1913",91
"von2000",91
"derberg2005",91
"stephenseorgend",91
"sund2002",91
"thunarknlnlena2006",91
"klevnas2007",100
"rundkvist2007",8141
"rundkvist2006",100
"randers1981",85
"ramstad2011",221
"roesdahl1978",328
"beckmanthoor2002",8142
"bolin1999",8143
"damell1971",8144
"damell1999",8145
"damell2000",8146
"dybecknd",8147
"florin1963",8148
"forssander1933",8149
"gumaeliusnd",8150
"gothberg1998",8151
"hammar1983",8152
"hauptmanwahlgren2002",8153
"jensen1997",329
"jonsson1986",329
"lindqvist1912",329
"oldeberg1974",329
"schnell1963",329
"sundqvist1993",329
"vonsydow1926",329
"thedeen2003",329
"wahlfisknd",329
"welinder1990",329
"weiler1999",329
"wigren1987",329
"bjelland2006",292
"carty2005",292
"jansson1962",292
"jeffrey2005",8154
"kitzlerahfeldt2002",292
"kitzlerahfeldt2008",292
"kitzlerahfeldt2009",292
"manneke1984",292
"mahl1990",292
"oehrl2008",292
"sileniuslarsen2009",292
"snaedal2002",292
"snaedal2005",292
"walderhaug1998",292
"widerstrom2002",292
"bildsteine1941",292
"dating2006",292
"andreeff2012a",8155
"backdanielsson2009",27
"goldhahn2008",27
"hoilundnielsen2009",27
"lindgren2008",27
"oestigaard2013",27
"thate2009",27
"thedeen2010",27
"wessman2007",27
"jefrey2005",8156
"clarke2001",8157
"dietler1996",252
"erlendsson2009",252
"gestsdottir2001",252
"ottir1989",252
"olafsson1979",252
"palsdottir2008",252
"rosenswig2007",252
"roussell1943",252
"stenberger1943",252
"wiessner2001",252
"samnordiskruntextdatabas2005",8158
"andersson2013",8159
"baug2007",8160
"belmont2011",8161
"bjorck2009",8162
"drobin1986",8163
"ek1993",8164
"elfwendahl2001",8165
"elfwendahl1993",8166
"gumaeliusnda",8167
"hallgren2004",8168
"hallgren2005",8169
"hansson1997",8170
"hedblom1996",8171
"hermodsson2009",8172
"junkelmann1997",8173
"kresten1996",8174
"kresten1998",8175
"kresten1994",8176
"lamm2008",8177
"lantmateriet2013",8178
"larsson2012",8179
"lindalv1980",8180
"lundhansen2011",8181
"lothman2004",8182
"mellquistdanielson2011",8183
"myrdal2003",8184
"nilsson1988",8185
"olausson2000",8186
"persson1997",39
"pettersson1977",39
"pettersson1980",39
"rinnman2013",39
"zachrisson2013",39
"kermode1907",235
"bratt2011",39
"eilersgaardchristensen2011",39
"berg1968",8187
"berglund1991",8188
"bertelsen1979",8189
"bertelsen1995",8190
"bertelsen2005a",8191
"boserup1965",8192
"boserup1981",8193
"brush1987",8194
"vries1974",8195
"hasund1919",8196
"hasund1924",8197
"helle1995",8198
"holm1995",8199
"holm2005a",8200
"holmsen1961",8201
"holmsen1940",8202
"iversen1997",8203
"jirlow1970",8204
"lerche1994",8205
"lunden2004",8206
"martens2009",8207
"munch1966",8208
"myrdal1985",8209
"stockholm1997",8210
"myrdal1999",8211
"orrman2003",8212
"porsmose1981",8213
"porsmose1987",8214
"ramskou1981",8215
"ramskou1975",8216
"sandnes1978",8217
"schmidtsabo2001",8218
"schmidtsabo2005",238
"steensberg1956",238
"svartkristiansen2005",238
"svartkristiansen2006",238
"valensendstad1964",238
"oye2003",238
"oye2005",238
"bergen2011",238
"zachrisson2006",238
"bergstol2003",238
"villages1968",238
"amorosi1996",8219
"andersen1997",8220
"arneborg1993",8221
"christiansen1997",8222
"degerbol1929",8223
"degerbol1936",8224
"degerbol1941",8225
"andrew2009",8226
"einarsson1984",8227
"einarssonbjarni2011",8228
"gardarsdottir2008",8229
"gerstenberger1997",8230
"guy2010",8231
"gwiazda2005",8232
"johannesson1946",8233
"jonsson1930",8234
"kamenov2008",8235
"krahl2010",8236
"ljungqvist2005",8237
"mcgovern2001",8238
"miksic2013",8239
"norlund1930",8240
"oomen2002",8241
"outridge2003",8242
"palsdottir2010",52
"robinson2004",52
"roussell1936",52
"seaver2009",52
"sinclair2007",52
"smiarowski2009",52
"smiarowski2013",52
"stefansson1993",52
"sveinbjornsdottir2004",52
"whitehouse1998",52
"borsheim2001",8243
"clover1986",8244
"coleman2014",8245
"conkey1984",8246
"gero1991",8247
"hofseth1999",8248
"heernes1984",8249
"jochens2002",6
"kershaw1989",6
"laqueur1990",6
"mortensen2004",6
"mundal2014",6
"njalssoga1975",6
"riisoy2016",6
"sanmark2014",6
"sigurdardottir2002",6
"sigurdsson2010",6
"jorgensen1997a",234
"jorgensenndb",8250
"ravn2012a",8251
"zachrisson2004a",8252
"cluniesross1998",8253
"ryan1987",8254
"wilson1955b",8255
"mulk1997",243
"jons1997a",8256
"thunmarknylen2006a",230
"gardelanda",8257
"ljungkvist2011a",192
"ulriksen2011a",8258
"robberstad1937",239
"hagland1978",239
"dyrhaug1981",239
"rigsantikvarensarkaeologiskesekretariat1987",8259
"suchodolski2002",148
"bulska1996",285
"dennis1980a",8260
"killock2008",72
"murphy2008",8261
"goody1986",241
"christensenetal1992",8262
"hungrvaka2002",185
"kjalnesingasaga1959",185
"gulathinglaw1994",20
"ibnfadlan2012",20
"price2006c",110
"pricemortimer2014",91
"neiss2007",230
"askvikresi1984",74
"waterbolk1990",171
"kalmring2010f",182
"kalmring2010g",50
"tomasson1996",120
"simek2006",8263
"westerdahl2010",165
"strinngolm2007",249
"christensen1991b",8264
"larsensorensen2005",8265
"andersenetal1985",8266
"sikora2013",101
"eriksenetal2009",171
"hafsaas2007",171
"esverwers1980",220
"gerrets2012",220
"skre2007b",220
"egebjerghansen1992",156
"egilssaga1888",156
"edvardsson2005b",8267
"edvardssonmcgovern2007",8268
"macgregoretal1999",136
"magery1958",136
"magnusson1886",136
"alenstampetersson1952",8269
"baastruppetersen2010",8270
"baastrup1990",8271
"petersen1940a",8272
"jensenmoller2009",8273
"wilson1960b",8274
"nielsen2002b",8275
"boguckijagodzinski2012",101
"kulakov2005",251
"kleemann1939b",251
"stankus1995b",289
"forssander1943",8276
"feveile2006a",8277
"riddersporre1989",186
"andersen2009a",186
"fidjestol1994a",239
"gurevich1963",251
"thunmarknylen1995a",251
"junker2003a",251
"kulakov1994a",251
"capelle2003a",208
"ambrosiani1996a",168
"plather2011",168
"ljungkvist2008a",158
"steuer2002a",158
"pedersen2014a",158
"zachrisson2009",39
"wessen1940",39
"skre2013",140
"billig1995a",178
"hate1996",202
"feveile2010a",256
"paterson2002",144
"reimer2013a",117
"stamsomunch1970",8278
"skibstedklaesoe1999",204
"segschneider2016",277
"myrberg2008a",83
"hammarberg1989",276
"harrison2014a",8279
"simms1998",136
"leciejewicz1962",102
"leciejewicz1979",102
"riabinin1994a",288
"ostigard1985",155
"solberg1985a",155
"zachrisson2011a",165
"zachrisson2012a",165
"thorarinsson1981",120
"jankowiak2012",266
"larsson2004a",91
"orton1993",65
"jones2003a",65
"warmind1995a",113
"christensen1983a",171
"boivin2000",265
"vanhouts1999",265
"sofaerderevenski2000a",265
"tringham1994",265
"brinchpetersen2006",217
"harck1997",8280
"ahlinsundman2012",162
"adamofbremen1959",135
"sawyer2006",249
"dersarkissian2013",253
"mulk1991",243
"kitzlerahfeldt2012",37
"stummannhansen2003",161
"price2008b",38
"smallwood2007",8281
"downham2017",8282
"braconi2005",8283
"hadley2016a",8284
"worldhealthorganization2018",8285
"addyman1969",8286
"addyman1972",8287
"ballinsmith1994",9
"wallerstrom1997",81
"ostmo2000",81
"fridriksdottir1991",14
"brondsted1962",148
"adamsgilmour2010",65
"baeksted1952",241
"snaedalbrink1984",241
"morris1892",28
"grandtnielsen1974",199
"norgardjorgensen2011",15
"latour1984",46
"ofloinn2001",8288
"birkedahlchristensen1924",8289
"henriksen1982",8290
"rispling2000",8291
"mollerhansen2000",8292
"roesdahl1986",8293
"wamers1997a",8294
"back1963",8295
"helgesson1987",8296
"jorgensen1980",8297
"jorgensen1980a",8298
"wilson1960a",1
"brondsted1924a",8299
"christiansen1948",8300
"christensen1992a",8301
"klaesoe1994",8302
"klaesoe1995",179
"klaesoe2002",179
"kleingartner2010",179
"mullerwille2005",179
"odell1959",179
"schulke1992",179
"sindbaek2012a",179
"steuer2010",179
"lundhansen1987",179
"vraengmosejensen2008",179
"mullerwille1978a",179
"ocorrain2001",75
"norderang2004a",292
"denooy2005",8303
"snorristurluson1964",110
"larsson1873",8304
"carroll2014",8305
"coleman2014a",8306
"henriksen2013a",8307
"leahy1997a",225
"fischer2008a",190
"arents2010a",272
"voncarnapbornheim2007a",50
"christensen1991a",171
"jacobsen1942a",171
"ambrosiani1994a",165
"holmquist2015",165
"jeppesen1988",165
"risberg1997",165
"vickers1975",165
"hardh2001a",168
"nielsen1999",234
"iaea2006",210
"fagerlund1993a",308
"hammarberg1976",207
"gansum1998",291
"andersen1970a",207
"englert2009",15
"ambrose1999",120
"robinson2006",274
"norrman2008a",26
"karnell2012a",100
"jansson2007",189
"macane2001",269
"vonamira1933",195
"pestell2003",8308
"hanks1989",241
"knappett2008a",200
"rhiel1996",200
"dahlback1984",192
"lundqvist1997a",8309
"jensen1995",203
"faulkes1998",8310
"ingold1988",191
"pahlsson1984",243
"hauksson1972",8311
"roberts2005",136
"bjorklund2015",8312
"bjorklund2014",8313
"ilumae2016",166
"zoega2013",227
"mauritsen1982",277
"richards2000a",174
"gunther2015",194
"blifeld1977a",306
"hellesolesen1992a",131
"snorristurluson1997",16
"rcahms2011",151
"mullermertens1999",203
"grahamcampbell1995a",281
"rogerson1995",8314
"wademartins1980",8315
"williams1979",8316
"emery2007a",8317
"hall1989a",8318
"dodd2003",8319
"cunliffe1977",8320
"audouy2009",8321
"king1978",8322
"carver1978",79
"coggins1983",79
"tylor2005",79
"carver1981",79
"mahony1982",79
"gardiner1990",79
"rogerson1984a",79
"hurst1983",79
"dalwood1992",79
"mainman2000a",79
"loveluck2007a",79
"gould1967",79
"schoknecht1977a",8323
"herrmann2005a",8324
"andersson1994",221
"tacitus1999a",8325
"cannell2016a",8326
"gardela2014a",8327
"hardh2010a",8328
"iversen2015a",8329
"jorgensen2009a",33
"lundborg2006a",8330
"lynnerup2014a",55
"price2005a",8331
"pluskowski2010a",8332
"skre2011c",268
"the2017",8333
"sanmark2008a",8334
"sheehan2013a",8335
"vesteinsson2014a",8336
"zachrisson2014b",8337
"ahlback1990",8338
"hansen1979",8339
"andren1957",8340
"anglert1993",8341
"asad1993",8342
"backdanielsson1999",8343
"bergner1987",8344
"beskow1964",8345
"bostrem1995",8346
"dentz2000",8347
"dillman1997",8348
"duczko1993",8349
"edsman1967",8350
"eisenhofer1950",8351
"fehn1958",8352
"gallen1957",8353
"gjerlow1960",8354
"helander1974",8355
"helander1993",8356
"holmberg1991",8357
"hultgard1992",8358
"tregren1989",8359
"jansson1998",8360
"arkeologisk1981",8361
"holmbick1933",8362
"johansson1965",8363
"olsen1993",8364
"klackenberg1992",8365
"kousgardsorensen1989",8366
"lindgren1987",8367
"molland1976",8368
"nilsson1987",8369
"norberg1958",8370
"nasstrem1996",8371
"rentzhog1987",8372
"smith1987",330
"steinsland1986",330
"steinsland1998",330
"strembick1935",330
"sundqvist1998",330
"sverdrup1942",330
"sederberg2001",330
"ullen1983",330
"wessen1929",330
"miiller1991",330
"wikman1957",330
"devries1970",330
"andren2013b",8373
"fran2006",8374
"arwillnordbladh2005",8375
"fernstal2004",8376
"grislund2002",8377
"grislund2005",8378
"gustavson2000",8379
"vanhouts2001",8380
"lykke2003",8381
"mckinnell2003",8382
"vonmiiller1956",8383
"sundgvist1998",8384
"sundqvist2005",8385
"ortnamnslexikon2003",8386
"sorlin2001",8387
"widmark1995",8388
"barndon1995",8389
"bjornstad2003",8390
"burford1972",8391
"brelstord1949",8392
"brown1995",8393
"childs1991",8394
"childs2005",8395
"cline1937",8396
"davidson1982",8397
"delcourt1957",8398
"dommasnes1997",8399
"englund1999",8400
"espclund2004",8401
"forbe1969",8402
"janson1969",8403
"gjeerdcr1949",8404
"jacobsen2003",8405
"hermundstad1995",8406
"hesio1984",8407
"hines2003",8408
"kriger1999",8409
"maret1980",8410
"marte2002",8411
"mcnaughton1988",8412
"miillerwille1977",8413
"nodanskog2003",8414
"odner1969",8415
"pleiner1969",8416
"raudvere2004",8417
"oldeberg1943",8418
"randers1988",8419
"reid1995",271
"roesdal1980",271
"rundberget2002",271
"sasson1983",271
"schmidt1997",271
"sjolsvold1949",271
"stigum1971",271
"tveiten2005",271
"todnem1999",271
"vannoten1972",271
"wertime1980",271
"anonym1901",8420
"arne1905",8421
"artelius1993",8422
"artelius2003",8423
"barraud1994",8424
"berger1966",8425
"birkeli1938",8426
"colpe1987",8427
"connelid1993",8428
"furingsten1986",8429
"geels1985",8430
"grislund2001",8431
"hansson1998",8432
"koepping1987",8433
"moberg1950",8434
"nyalssaga1981",8435
"nyalssaga2002",8436
"webernd",8437
"selinge1986",273
"shepherd1987",273
"stremberg1993",273
"sarlvik1976",273
"trotzig2000",273
"turner1982",273
"almgren1900",273
"1919",273
"birkeli1944",273
"levistrauss1952",273
"sahlstrem1951",273
"selinge1997",273
"andren2013c",8438
"kristiansen1984",276
"armstrong1917",8439
"batey1988",8440
"fowler1963",8441
"freke2002",8442
"hudson1998",8443
"jones1971",8444
"kermode1994",8445
"kruse2017",247
"laing1987",247
"g1983",247
"megaw1938",247
"miller1999",247
"morris1980",247
"muhr2002",247
"corrain2008",247
"olsen1954",247
"oriordain1973",247
"riordain1949",247
"rhysnd",247
"abbott2008",8446
"horizon2008",8447
"andersen1994",8448
"andren2012",8449
"arrhenius2013",8450
"axboe1999",8451
"axboe2001",8452
"axboe2005",8453
"baillie1994",8454
"baillie1995",8455
"baillie1997",8456
"baillie1999",8457
"baillie2001",8458
"baillie2006",8459
"baillie2008",8460
"baillie2010",8461
"barbante2012",8462
"barnish1992",8463
"behre1996",8464
"berglund1996",8465
"bernhardsson2007",8466
"bork1998",8467
"bosley1989",8468
"briffa1990",8469
"briffa1992",8470
"buckland1997",8471
"doreler1992",8472
"doreler2012",8473
"dull2001",8474
"dull2010",8475
"eggum2007",8476
"fehr2011",8477
"gelling1969",8478
"graslund2009",8479
"grattan2007",8480
"grudd2006",8481
"grudd2002",8482
"gunnel2013",8483
"vulnerabilityhalsall2003",8484
"jansen2000",8485
"kaul2004",8486
"keys1999",8487
"kutterolf2008",8488
"lowenborg2010",8489
"nasman2012",8490
"nerman1963",8491
"oppenheimer2011",8492
"pentikainen1989",8493
"rampino1988",8494
"rigby2004",8495
"salzer2007",8496
"stenberger1933",8497
"stenberger1955",310
"stothers1984",310
"stothers1983",310
"textor2003",310
"torrence2002",310
"traufetter2004",310
"vervruggen1996",310
"vitaliano1968",310
"welinder1975",310
"wylie1989",310
"vulnerabilityzachrisson2010",310
"zerefos2007",310
"kuhl1999",299
"harris2006a",113
"harris2006b",226
"kintigh2014a",226
"jensen1993a",74
"jensen1993b",8498
"petersen1993a",272
"petersen1993b",172
"petersen1993c",52
"mullerwille2001a",99
"mullerwille2004b",130
"price2012b",141
"thomas2000b",150
"thomas2008c",183
"ambrose1993a",90
"ambrose1993b",205
"barrett2004a",263
"barrett2004b",268
"barrett2004c",73
"barrett2004d",30
"price2010a",18
"barrett2008a",229
"solli2002a",24
"price2002a",8499
"lund2013a",27
"sorensen2001a",38
"duczko2004a",70
"gustin2004a",143
"helms1993a",8500
"price2016a",8501
"svanberg2003a",70
"zachrisson1994a",18
"bradley2000a",4
"byock2001a",70
"hedenstiernajonson2006a",158
"jorgensen2003a",165
"linderholm2008a",263
"montgomery2003a",141
"olsen2003a",111
"arwillnordbladh2007a",27
"gansum2004a",18
"hodges2012a",66
"nielsen1997a",16
"zachrisson2004b",14
"arwillnordbladh1998a",6
"christensen1991c",173
"christensen2015a",34
"dobat2008a",50
"fabech1998b",8502
"gansum2004b",243
"hedeager1992a",70
"kleiminger1993a",32
"loveluck2006a",63
"lund2008a",8503
"mcnicol1997a",29
"norlund1948a",34
"pedersen2010a",30
"arne1932a",62
"baastrup2012a",1
"barrett2008b",74
"budd2000a",141
"downham2007a",70
"franklin1996a",130
"gardela2011a",195
"geary1994a",32
"gosden1998a",18
"grahamcampbell2001a",2
"graslund2001a",26
"hardh1976a",129
"hedeager1999a",8504
"hedeager1999b",61
"jansson1984a",1
"jesch2015a",8505
"jorgensen2008a",14
"simpson2005a",75
"skre2008a",229
"williams2011a",61
"wilson2008a",147
"andersen1995a",8506
"artelius2013a",8507
"ashby2011a",63
"barrett2007a",191
"bergstol2004a",8508
"biddle2001a",70
"biddle1992a",47
"bill2013a",126
"bradley2003a",70
"brink2004a",217
"buko2008a",8
"carver1998a",13
"chenery2014a",141
"christensen2010a",61
"christensen2010b",231
"christensen1991d",254
"duczko1985a",139
"faure1986a",141
"foote1970a",8
"gardela2012a",138
"gardela2009a",136
"geijer1938a",10
"graslund1992a",34
"hadley2002a",8509
"hedeager2005a",30
"hillerdal2009a",139
"hines1997a",147
"iversen2007a",301
"jorgensen2014a",159
"kilger2008a",4
"krogh2007a",203
"kyhlberg1980a",295
"larsson2009a",240
"leslie2015a",114
"lonnroth1997a",8
"milek2012a",8510
"montgomery2006a",210
"nasman2003a",63
"naumann2014a",8511
"nilsson2003a",197
"nylen1994a",60
"olsen2012a",200
"pedersen2003a",8512
"pedersen1996a",280
"pedersen1999",300
"pilo2018a",8513
"price2019b",48
"price2013a",8514
"price1989",8515
"raffield2016b",149
"richards2003a",75
"richards2002a",114
"roesdahl2006a",103
"rundkvist2008a",100
"sawyer1992a",208
"scudder2000a",8516
"skre2007a",164
"solli1999a",61
"stylegar2007a",11
"stylegar2005a",38
"thomas1996a",25
"trinks2007a",286
"williams2016a",2
"williams2003a",113
"wilson2008b",161
"adams2004a",252
"alberti2009a",24
"ambrosiani2002a",300
"amundsen2015a",12
"andersen1998a",199
"andersson2004a",110
"arbman1980a",157
"ashby2014a",27
"bakka1993a",8517
"bradley2003b",62
"brink1998a",181
"brink1996a",219
"brink2005a",258
"brogger1916a",99
"bryant1996a",8518
"buckley2010a",107
"callanan2013a",76
"callmer2008a",216
"callmer1984a",8519
"callmer2001a",33
"carver1992a",38
"christensen2008a",61
"christensen2007a",173
"clark2007a",293
"crawford1987a",75
"degerbol1948a",197
"dickinson1992a",40
"drescher1983a",229
"duczko1997a",136
"edgren1995a",130
"einarsson1994a",53
"eriksen2015a",67
"fabech1991a",197
"fabech1995a",132
"fabech1992a",22
"fahlander2008a",12
"forster2004a",151
"frei2009a",134
"frolund2007a",298
"gansum2004c",100
"glorstad2008a",159
"glosecki1989a",157
"grahamcampbell2011a",275
"graslund2007a",8520
"graslund1992b",68
"graslund2004a",297
"green1998a",33
"grimes2013a",283
"gustin2004b",1
"hagg1984a",160
"hall2014a",174
"hall2004a",30
"hardh2007a",300
"harke1997a",161
"harrison2008a",136
"hauck1977a",257
"hedegaard2007a",300
"hedenstiernajonson2006b",94
"helgason2000a",30
"hilberg2010a",103
"jakobsson2003a",157
"jankuhn1937a",103
"jansson1984b",1
"johansen1973a",30
"jones2012a",107
"jones2008a",53
"jorgensen2003b",14
"jorgensen1988a",228
"jorgensen2002a",156
"kaland1995a",182
"kiefferolsen1993a",32
"kilger2008b",200
"klindtjensen1975a",245
"kyhlberg1980b",219
"larsen2004a",187
"larsson1997a",61
"lee2008a",107
"li2010a",107
"lie1991a",63
"ljungberg1938a",29
"lucas2008a",28
"macphail2003a",119
"macphail2007a",119
"madsen1991a",199
"malmer1966a",283
"mannering2010a",61
"marold2012a",283
"melchior2008a",71
"muller2003a",211
"mullerwille1977a",155
"myhre1992a",242
"myhre2003a",33
"myhre2003b",8521
"myhre1994a",286
"myrberg2008b",217
"nasstrom2001a",181
"nelson2012a",262
"nelson1991a",70
"nielsen1986a",159
"nielsen1991a",198
"olsen2003b",242
"olsen2000a",30
"pedersen2008a",219
"pedersen2006a",203
"petersen1951a",2
"petersen2005a",254
"price2000a",70
"price1985a",152
"quast2009a",37
"roesdahl2014a",131
"roesdahl1977a",171
"roslund2010a",216
"rundkvist2010a",3
"rundkvist2003a",8522
"samson1991b",140
"sanmark2010a",31
"sawyer1050",33
"sawyer1962a",183
"schneider2015a",107
"semple2013a",217
"sindbaek2012b",166
"skre2007c",192
"skre2007d",173
"skre2007e",161
"soderberg2000a",300
"sorensen1997a",61
"speake1980a",157
"storli2006a",74
"thomas2012a",132
"vesteinsson2004a",252
"warnke1992a",236
"wawn2000a",8523
"white2000a",152
"williams2015a",2
"williams2005a",18
"williams2005b",47
"williams2001a",2
"williams2004a",8524
"zachrisson2004c",39
"zachrisson1997a",80
"zachrisson1984a",216
"zachrisson2010a",191
"zachrisson2003a",71
"larsen2001t",30
"akerstromhougen1981a",4
"alenius2011a",216
"ambrose1993c",135
"ambrosiani1984a",81
"ambrosiani1985a",14
"ambrosiani1991a",8525
"amundsen2001a",96
"andersen1995b",260
"andersen1995c",176
"andersen1991a",38
"andersen2010a",132
"andersen1984a",203
"anderson1907a",105
"andersson2008a",237
"andersson1998a",8526
"andersson1995a",8527
"andersson2011a",62
"andersson2005a",8528
"andersson2005b",32
"andersson1999a",8529
"andersson2003a",17
"andersson2007a",161
"andersson2000a",89
"andersson2000b",221
"andersson2006a",15
"andren2004a",113
"andren1997a",248
"andren2006",8530
"androshchuk2012a",10
"androshchuk2016a",5
"anglert2006a",34
"arne1932b",190
"arneborg2000a",55
"arrhenius1985a",176
"arrhenius1997a",8531
"arrhenius1997b",8532
"arrhenius1995a",4
"arrhenius1973a",257
"artelius1999a",57
"artelius1999b",57
"arwidsson1942a",158
"ashby2013a",9
"backdanielsson2010a",8533
"bakka1971a",221
"bakka1973a",80
"bakka1976a",81
"barndon2005b",11
"barrett2003a",161
"bately2007a",74
"bately2007b",33
"batey1993a",78
"bayley2008a",147
"bekpedersen2009a",136
"benderjorgensen1987a",246
"benderjorgensen1995a",237
"bergstol2008a",178
"besteman2004a",144
"blake1962a",8534
"bogucki2007a",218
"bradley1993a",108
"bradley1990a",146
"brather2012a",169
"brink1992a",258
"brink2012a",166
"brink2012b",166
"brink2007a",2
"brink2013a",219
"brink1999a",8535
"brink1990a",36
"brogger1917a",94
"brogger1917b",94
"brogger1945a",32
"bruck2006a",11
"brunstedt1996a",4
"buckland1990a",85
"buckland2008a",55
"budd2004a",143
"callmer1992a",8536
"callmer1991a",74
"callmer1998a",181
"callmer1977a",161
"callmer1981a",215
"callmer2000b",215
"callmer1994a",113
"carlsson1983a",258
"carver1995a",8537
"chappell1986a",126
"christensen2013a",8538
"christensen2013b",5
"christensen2008b",89
"christensen2008c",171
"christensen2010c",4
"christensen2004a",176
"christensen2004b",203
"christensen2007b",176
"christensen1983b",228
"christensen1983c",208
"christophersen1982a",241
"church2007a",51
"craig1957a",263
"crawford1999a",136
"crawford2006a",151
"curta2007a",74
"curta2006a",219
"dobat2010a",34
"doneus2011a",248
"doneus2013a",126
"downham2012a",75
"dugmore2007a",51
"dugmore2012a",227
"edgren1995b",218
"edmonds2009a",147
"edwards2012a",227
"ellmers1995a",158
"ellmers1995b",113
"enghoff2003a",262
"eriksen2013a",80
"eriksen1993a",178
"fehring1995a",282
"feveile2009a",8539
"fischer2004a",238
"fridriksson2004b",206
"fry2006a",90
"fuglesang1991a",250
"gansum1996a",187
"gansum2004d",8540
"gardela2013b",195
"gardela2012b",5
"gardela2012c",8541
"gardela2015a",195
"gardela2018a",8542
"gardela2016b",5
"gardela2016c",27
"gardela2009b",8543
"gjerpe2005a",32
"glob1969a",250
"grahamcampbell1980a",8544
"grahamcampbell1994a",225
"grahamcampbell2009a",147
"graslund2007b",139
"graslund2018a",5
"graslund2001b",20
"graslund2008b",25
"graslund2008c",190
"graslund1995b",26
"graslund1998a",8545
"grierson1986a",219
"hadley2000a",174
"hadley2000b",149
"hall1990a",139
"hall1999a",83
"halsall1998a",185
"hansen2015a",87
"hansen2017c",73
"hansen1989a",228
"hansen2005a",284
"hardh2003a",66
"harris2016a",25
"harrison2015a",8546
"harrison2014b",226
"harrison2013a",8547
"harrison2010a",8548
"harrison2010b",245
"harrison2007a",151
"harrison2008b",8549
"haseloff1981a",241
"hauck1978a",8550
"hedeager2004a",159
"hedeager1999c",8551
"hedenstiernajonson2014a",8552
"hedges2007a",193
"helama2017a",8553
"helberg2010a",85
"henning2007a",119
"henriksen2015a",197
"hernaes1984a",194
"herschend1992a",8554
"herschend1997a",16
"hjelle2015a",109
"hobsbawm1983a",178
"hodges2008a",267
"hoeg2014a",109
"hoilundnielsen1999b",233
"holmquistolausson1998a",205
"holmqvist1951a",241
"holst1110",174
"holst2013a",56
"holt1998a",239
"holt1998b",182
"hugason2000a",93
"imer2011a",250
"imer2011b",250
"ingstad1982a",178
"islendingabok1968a",185
"jacobsen1941a",17
"jakobsson2003b",8555
"jansson1984c",25
"jansson1985a",3
"jansson1985b",10
"jansson1985c",10
"jansson1997a",205
"jensen2004a",14
"jensen2004b",32
"jensen2006a",179
"jensen1986a",89
"jensen1992a",132
"jensen1993c",131
"jeppesen2010a",272
"jesch2009a",74
"jesch2009b",3
"jesch1991a",208
"jessen2012a",89
"jessen2012b",96
"jones1997a",8556
"jones2013a",274
"jones2009a",26
"jones2012b",8557
"jones2005a",45
"jones2005b",284
"jonsson2003a",8558
"jorgensen2002b",8559
"jorgensen1995a",89
"jorgensen1992a",66
"jorgensen1998a",182
"jorgensen1994a",39
"joyce2000a",200
"kennedy2011a",123
"kleingartner2013a",8560
"kleingartner2014a",44
"klos2009a",25
"komber1999a",89
"kovalev2002a",10
"kristiansen1999a",47
"kristoffersen2004a",8561
"kristoffersen2010a",20
"krogh1982a",121
"kyhlberg1973a",215
"lambeck2010a",126
"larsen2007a",128
"larsen2011a",212
"larsson1990a",241
"larsson2006a",128
"larsson2006c",34
"lee2008b",28
"lehtosalohilander1982a",218
"leimus2007a",269
"leontev2017a",8562
"lewis2015a",226
"lie1952a",241
"ligi1993a",139
"lillehammer1999a",222
"ljungkvist2008b",191
"ljungqvist2010a",134
"lonnroth1982a",258
"lovejoy1985a",141
"lowe2008a",227
"lucas2008b",52
"lucy2002a",32
"ludowici2010a",123
"luhmlund1961",189
"lund2006a",220
"lund2008b",94
"lund2003a",8563
"lundborg1972a",255
"macphail1994a",170
"magnus1997",234
"magnusson1983a",136
"mann2003a",193
"marold2001a",182
"mccormick2012a",123
"mcgovern2009a",136
"mcgovern2013a",134
"meier2001a",195
"meskell2005a",200
"mikkelsen1994a",284
"mikkelsen1998a",128
"mikkelsen2008a",131
"mjaerum2012a",80
"moesgaard2008a",203
"muldner2007a",193
"murray1983a",172
"murray1983b",228
"myhre1992b",187
"myhre1992d",159
"myhre1987a",8564
"myhre1993a",176
"myhre1980a",176
"myhre1997a",33
"naismith2012a",219
"nasman1989a",14
"nasman2000a",275
"nasman1984a",257
"naum2007a",5
"naum2012a",115
"neckel1983a",8565
"negrel2003a",210
"nelson1999a",203
"nelson2012b",54
"nielsen1998a",89
"nielsen2001a",131
"nielsen1994a",123
"nielsen2002a",234
"nielsen2002c",8566
"nielsen1990a",163
"nordeide2011a",100
"oehrl2017a",5
"oehrl2011a",8567
"oehrl2013a",8568
"olesen2004a",115
"olsen2009a",112
"olsen2001a",109
"olsson2004a",164
"osullivan2008a",261
"others1998",14
"oye2001a",262
"oye2002a",221
"oye2009a",55
"oye2009b",8569
"oye2010a",221
"pagan1986a",149
"pedersen2009b",163
"pedersen2014c",11
"pedersen2015a",131
"pedersen2008b",6
"pedersen2001a",8570
"pedersen2003b",181
"pedersen2011a",11
"perdikaris2008a",51
"perdikaris2008b",121
"petersen1919b",143
"petre1993a",161
"petursdottir2009a",11
"pilo2007a",234
"pirenne1927a",119
"pluskowski2010b",5
"price2000b",8571
"price2008c",296
"price2018e",8572
"price2008d",203
"raghavan2014a",54
"ramskou1976a",8573
"rasmussen2014a",250
"rasmussen1992",228
"raudvere2003a",8574
"reynolds1994a",128
"richards1998a",8575
"richards1996a",287
"roberts2003a",198
"roberts2000a",227
"roesdahl2014b",231
"roesdahl2014c",5
"roesdahl2003a",49
"roesdahl2005a",203
"roesdahl2005b",38
"roesdahl1996a",8576
"roesdahl1981a",203
"rolfsen1980a",219
"roskaft2005a",242
"roslund2001a",195
"rundkvist2007a",100
"salin1904a",8577
"sanmark2013b",92
"sawyer2000c",110
"sawyer1988a",110
"sawyer2003a",8578
"sawyer2003b",8579
"sawyer2002a",110
"sawyer1987",25
"schetelig1912a",176
"schneidhofer2017b",127
"sealy2001a",193
"shanks1998a",83
"shetelig1940a",176
"shetelig1944a",143
"sigfusson1940a",26
"sigurdsson2008a",253
"sigurdsson2011a",93
"simek1993a",8580
"simpson2002a",261
"simpson2002b",121
"sindbaek2011b",8581
"sindbaek2014d",8582
"sindbaek2012c",109
"skre2008b",119
"skre2010a",123
"skre2004a",113
"smith2007a",8583
"smith2009a",245
"smith2011",217
"smith2001a",198
"soderberg2006a",15
"soderberg2002a",192
"soderberg2003a",127
"soderberg1996a",164
"solli2011a",5
"solli1999b",26
"solli1996a",3
"solli1996b",178
"solli2008a",245
"solli2008b",245
"sorensen2017a",115
"sorensen1991a",132
"sorensen1999a",172
"staecker2001a",8584
"staecker2009a",195
"steinsland1994a",271
"steinsland2013",8585
"stene2011a",191
"stene2015a",92
"stenvik2001a",3
"steuer1997a",143
"steward1955a",245
"stolpe1912a",160
"stolpe1912b",91
"stylegar2010a",95
"sundqvist2014a",192
"svensson2009a",5
"svensson2009c",8586
"svensson2006a",80
"svensson2013a",191
"svensson2008a",240
"sykes2010a",78
"tesch2007a",280
"tesch2007b",93
"theliander2005a",29
"thomas1991a",8587
"thomas2006a",184
"thomsen2005a",15
"thomson2007",227
"thrane1987a",225
"thunmarknylen1995b",195
"turner2007a",8588
"vesteinsson2016a",8589
"vesteinsson2007a",51
"vesteinsson2007b",206
"vesteinsson2004b",206
"vesteinsson2001a",206
"vestergaard2007a",203
"wagner2001a",99
"wallander1989a",155
"waller1996a",257
"walsh2014a",109
"wamers1985a",143
"wamers1999a",241
"watt1999a",160
"watt1999b",160
"wells1999a",139
"white1988a",26
"wickholm2008a",218
"wideen1955a",29
"widgren1998a",121
"wilkinson2003a",245
"williams2010a",5
"williams2011b",147
"williams2007a",4
"williams2002a",219
"wilson2006a",44
"wilson2006b",207
"wilson2007a",218
"wilson2007b",211
"wilson2008c",200
"wilson2008d",198
"wilson1998a",245
"wilson1996b",245
"zachrisson2002",80
"zachrisson2011b",4
"zachrisson2009b",39
"zachrisson2014c",197
"zachrisson2008a",11
"zori2013a",78
