"node_id","community_id"
"aannestad2018",1
"heenpettersen2018",2
"heenpettersen2019",3
"lund2016",4
"lund2021",5
"moen2020",6
"ambrosiani2015",7
"croix2015",8
"vonholstein2014",9
"warmlander2015",7
"lund2019",10
"solli2018",11
"dobat2006",12
"fabech2013",13
"gustafsson2011a",14
"larsson2007",15
"price2006",16
"fahlander2016",17
"price2018b",18
"eriksen2013",19
"andren2013a",20
"lund2004",21
"lund2005",21
"lund2008",22
"lund2017",23
"lund2020",24
"raffield2018",25
"williams2016",26
"zoega2017",27
"andren2013",28
"glorstad2012",29
"lund2010",30
"lund2013",31
"lund2015",23
"skre2019",32
"jessen2016",33
"price2014d",34
"magnell2010",35
"oehrl2017",36
"price2008a",37
"zachrisson2014a",38
"gardela2018",39
"gustafsson2016",40
"raffield2019",41
"androshchuk2018",42
"bill2017a",43
"burstrom2015",44
"glorstad2017",45
"odeback2018",46
"edberg2019",47
"kalmring2010",48
"voncarnapbornheim2014",49
"dugmore2012",50
"frei2015",51
"hartman2017",52
"hayeursmith2018a",53
"jackson2018",54
"tummuscheit2019",55
"artelius2013",56
"fahlander2018",17
"price2019",57
"raffield2016",58
"glorstad2015",59
"arwillnordbladh2013",60
"arwillnordbladh2013a",61
"ashby2015",62
"hennius2018",63
"perry2016",64
"sindbaek2017",65
"griffiths2019",66
"arwillnordbladh2012",60
"backdanielsson2016",67
"price2014",68
"barrett2010",69
"naumann2014",70
"price2014a",71
"star2017",72
"baug2019",73
"montgomery2014",74
"pilo2018",75
"downham2016",76
"mainland2018",77
"sindbaek2016",78
"amundsen2017",79
"bergstol2004",80
"croix2019",81
"kemmers2011",82
"nielsen2011",83
"baug2017",84
"loftsgarden2019",85
"rosvold2019",86
"svendsen2019",87
"beck2018",88
"grupe2013",89
"zachrisson2017a",90
"stene2017",91
"kristjansdottir2015",92
"bill2016",93
"bill2017",94
"fredriksen2014",95
"gullbekk2014",96
"macphail2013",97
"pedersen2015",98
"williams2014",26
"gardela2015",99
"jagodzinski2014",100
"hilberg2016",101
"sanmark2013",102
"harris2017",103
"richards2018",104
"anchukaitis2017",105
"helama2017",106
"pilo2020",107
"zachrisson2017",108
"eriksen2017",109
"ellingsen2019",110
"price2010",111
"jarman2018",112
"stott2019",113
"ulriksen2018",114
"pedersen2019",115
"sindbaek2018",116
"wouters2016",117
"dugmore2007",118
"keller2016",119
"tainter2006",120
"carver2015",121
"runge2018",122
"domeijlundborg2012",123
"schneidhofer2017",124
"tonning2020",125
"barrett2008",69
"beck2017",126
"spangen2009",127
"hillerdal2010",128
"christiansen2019",129
"dobat2013",130
"baug2015",131
"henriksen2017",132
"price2012",133
"milek2012",134
"kastholm2016",135
"toplak2018",136
"gustin2017",137
"pedersen2017",138
"peschel2017",139
"christensen2018",140
"heenpettersen2014",141
"ijssennagger2015",142
"kershaw2017",143
"raffield2014",144
"rogers2020",145
"williams2015",146
"hadley2018",147
"mcleod2011",148
"leonard2011",149
"price2020",150
"hrnjic2018",151
"kelly2015",152
"barndon2018",153
"lund2006",154
"hedeager2010",155
"kalmring2018",156
"eriksen2016",157
"mannering2013",158
"osullivan2015",159
"hedenstiernajonson2015",160
"price2011",161
"kalmring2012",162
"kalmring2017",163
"krzewinska2018",164
"helmbrecht2012",165
"oehrl2019",36
"sindbaek2014",166
"hilberg2018",167
"devos2013",168
"holst2013",169
"holst2014",170
"jessen2014",171
"buckberry2014",172
"tveiten2017",173
"bonde2016",174
"glorstad2014",175
"jahnsen2016",176
"baastrup2014",177
"henriksen2014",178
"borake2018",179
"hilberg2014",180
"hadley2016",181
"kershaw2016",182
"vesteinsson2016",183
"poulsen2011",184
"bill2012",185
"gustavsson2015",186
"androshchuk2010",187
"graslund2011",188
"lindholm2016",189
"ljungkvist2018",190
"chenery2014",191
"hedenstiernajonson2017",192
"toplak2015",193
"macphail2016",194
"gotfredsen2014",195
"milek2013",196
"runge2018a",197
"burstrom2014",198
"abrams2012",199
"pedersen2006",200
"roesdahl2011",201
"skre2011b",202
"linderholm2008",203
"lucas2007",204
"pedersen2009a",205
"rosengren2010",206
"wickholm2006",207
"knudson2012",208
"reiter2019",209
"tummuscheit2014",210
"feveile2017",211
"roslund2013",212
"roslund2015",213
"roslund2017",214
"sanmark2013a",215
"raninen2014",216
"skre2017",217
"skre2011a",96
"ijssennagger2013",218
"oye2014",219
"fallgren2008",220
"sutherland2015",221
"halstadmcguire2010",222
"kershaw2009",223
"catlin2016",224
"schmid2017",225
"holst2010",226
"sindbaek2011",227
"ljungkvist2015",190
"neiss2016",228
"goodchild2017",229
"vesteinsson2012",230
"sindbaek2011a",231
"aannestad2018a",1
"rundkvist2010",232
"staecker2004a",165
"sindbaek2007",233
"strand2011",234
"oye2016",235
"price2016",150
"gullbekk2011",236
"svensson2018",237
"andren2000",238
"storli2010c",239
"mulk2007",240
"naum2004",241
"solli2011",242
"becket2013",243
"steinforth2018",244
"trinks2014",245
"kovalenko2013",246
"imer2014",247
"ibsen2010",248
"harrison2016",105
"zori2013",249
"krzewinska2015",250
"christensen2013",251
"artelius2005",252
"feveile2012",253
"fischer2011",254
"myrberg2008",255
"frei2012",256
"benderjorgensen2012",257
"boyd2013",258
"arneborg2012",259
"pollard2012",260
"sutherland2009",261
"arwillnordbladh2008b",262
"fontaine2017",263
"sindbaek2013a",264
"skre2016",265
"arwillnordbladh2007",262
"magi2011",266
"becker2012",267
"barndon2005a",268
"ashby2015a",62
"feveile2011",269
"artelius2004a",270
"bitzthorsen2018",271
"svendsen2016",272
"myrberg2009",273
"majchczack2018",274
"skre2011",275
"gardela2013a",39
"gustafsson2011",276
"steinforth2015",277
"roslund2005",278
"bill2020",279
"rohdesloth2012",280
"naum2007",241
"draganits2015",281
"halewood2001",282
"pentz2009",251
"croix2021",81
"nosov2018",283
"magi2016",284
"perry2019",285
"lundborg2006",123
"lia2004",114
"croix2016",8
"gardela2014",8
"wicker2013",286
"kitzlerahfeldt2013",286
"croix2019a",81
"feveile2015",211
"gardela2013",287
"gardela2008",288
"price2005",288
"andren2006b",29
"leslie2015",289
"frei2012a",256
"gotfredsen2014a",290
"iversen2013",291
"gardela2018b",39
"hillerdal2009",128
"hayeursmith2013",52
"tummuscheit2012",49
"hedeager2003",155
"hennius2018a",63
"hardh2010",292
"iversen2015",293
"jankowiak2018",294
"jorgensen2010",115
"rundkvist2015",295
"kastholm2015",135
"jorgensen2009",296
"skorokhod2020",297
"sheehan2013",298
"ljungkvist2011",299
"sanmark2008",30
"richards2011",148
"lynnerup2014",300
"graslund2012a",75
"price2015",301
"price2014b",68
"price2014c",302
"myrberg2009a",303
"kalmring2016",18
"raffield2017",58
"kitzlerahfeld2015a",304
"pedersen2016b",138
"pedersen2009",305
"ravn2012",306
"price2018a",18
"raffield2016a",307
"price2018c",308
"pluskowski2010",309
"raffield2019a",41
"price2018d",310
"skre2017b",311
"price2019a",57
"andersson2008",312
"sindbaek2007a",233
"sindbaek2013",313
"semple2013",102
"toplak2017",136
"vesteinsson2014",314
"zachrisson2014",315
"williams2014a",316
"ulriksen2011",317
"zachrisson2004",318
"andren2002b",319
"aannestad2015",320
"ahola2014",321
"ambrosiani2013",7
"andersson2004",15
"andersson2016",18
"andren2002",21
"andren2004",31
"androshchuk2013",40
"androshchuk2014",42
"androshchuk2012",322
"androshchuk2016",323
"arents2010",49
"armbruster2010",324
"artelius2007",17
"arwillnordbladh1998",325
"ashby2014",326
"s2019",327
"backdanielsson2007",10
"ed2012",76
"barth1969",328
"e2014",329
"bergstol2008",91
"beroniusjorpeland2018",330
"bhabha1994",83
"bjerg2013",331
"blaszczyk2017",332
"d2016",333
"bogucki2012",334
"borake2019",335
"brather2013",336
"brewer2018",337
"brink2011",338
"buntgen2016",339
"callmer2017",340
"cannell2016",341
"clarke2017",342
"croix2012",343
"croix2020",344
"crumlinpedersen2010",345
"diamond2005",50
"dobat2014",346
"domeijlundborg2004",22
"englert2015",65
"eriksen2019",347
"eriksen1994",80
"eriksson2018",348
"feveile2009",349
"forster2009",350
"frieman2019",351
"frog2014",352
"furholt2018",353
"furholt2019",354
"gardela2012",68
"gerds2015",355
"gjerpe2008",356
"gjerpe2017",357
"gossler2018",358
"grahamcampbell2013",359
"grahamcampbell2011",360
"graslund2007",108
"graslund2018",361
"griffiths2003",146
"gruszczynski2018",362
"hadley2013",148
"hall2014",363
"hallansstenholm2012",17
"hansen2017",364
"hansson2018",365
"hardh2016",151
"harrison2015",366
"harrison2014",367
"hedjakobsson2003",153
"hedeager2004",23
"hedeager2011",17
"hedenstiernajonson2006",160
"hedenstiernajonson2012",162
"helmbrecht2011",60
"hilberg2013",167
"n2017",368
"hodges2012",369
"holmquist2013",370
"ingvardson2012",133
"jackson2019",371
"janowski2015",372
"jennbert2015",373
"jensen2010",374
"jesch2015",65
"jones1997",175
"kalmring2013",375
"kershaw2013",104
"kershaw2019",376
"kirpichnikov2018",377
"kleingartner2013",378
"lemm2014",379
"lia2002",185
"ljungkvist2006",188
"loe2014",46
"lund2009",23
"madsen2010",380
"magi2015",381
"magi2018",382
"magi2019",383
"mehler2015",384
"melheim2016",385
"merkel2016",151
"mikhaylov2016",386
"moen2011",46
"moen2019",6
"moesgaard2015",387
"mozdzioch2013",388
"myhre2015",125
"myrberg2007",389
"naum2008",390
"nordahl2018",391
"nordeide2016",392
"norstein2020",393
"opedal2010",394
"oye2013",395
"paterson2014",103
"pearson2018",396
"pedersen2004",200
"pedersen2014",46
"pedersen2016",138
"pilo2005",95
"price2000",397
"price2002",23
"price2001",128
"price2008",24
"price2018",398
"raja2018",399
"rasmussen2014",210
"rebkowski2019",400
"richards2012",147
"roesdahl2014",211
"roslund2007",43
"rundberget2017",401
"russel2014",181
"said1978",402
"sanmark2017",77
"schietzel2014",403
"schultze2008",49
"sharples2020",404
"skre2008",96
"soderberg2005",15
"solli2002",135
"spangen2006",405
"staecker2004",22
"stanislawski2013",406
"stanislawski2014",407
"stidsing2014",115
"svanberg2003",408
"thate2007",20
"toplak2016",409
"tummuscheit2011",210
"turner2006",410
"ulriksen2019",411
"vedeler2014",412
"vonholstein2016",413
"wallace2016",414
"wickham2005",69
"williams2020",415
"wilson2018",416
"zachrisson2011",190
"zori2014",417
"strand2001",418
"andren2014",36
"birkett2020",419
"brorsson2010",420
"cooijmans2020",421
"christiansen2014",129
"dobat2010",49
"gardela2016",422
"gjerde2009",423
"glorstad2010",10
"graslund2010",26
"grundvad2017",424
"gustafsson2013",40
"smith2013",425
"laroche1997",426
"lemm2013",427
"martin2020",428
"mcanany2010",5
"morawiec2009",5
"nordeide2011",5
"olsson2004",5
"ratican2020",5
"roesdahl2009",5
"rundkvist2011",26
"rostad2016",73
"sindbaek2009",129
"sveinbjarnardottir2016",225
"williams2010",96
"ambrosiani2001",160
"graslund1984",7
"hraundal2013",7
"ilisch1990",7
"jansson1986",429
"jansson1987",16
"jansson1989",7
"wikander1978",7
"aannestad2016",1
"andren2011",1
"baastrup2012",430
"baastrup2010",1
"bagge1991",1
"bakka1963",1
"bakka1961",1
"bakka1971",1
"blackburn2002",1
"blindheim1973",165
"blindheim1999",141
"blindheim1995",10
"boe1940",1
"callmer1992",1
"callmer2008",1
"cramp1997",1
"downham2008",1
"dumville2008",1
"ekengren2009",1
"gaut2001",1
"gaut2011",1
"geber1991",1
"gosden1999",23
"grahamcampbell2000",1
"gustin2004",61
"hahn2013",1
"hedeager2002",21
"hedeager1992",1
"helms1993",175
"heyerdahllarsen1981",1
"hines1984",1
"hodder1982",1
"hodder1986",1
"hagg1974",1
"jansson1984",156
"vidar2010",1
"krag1994",1
"kristiansen2005",1
"maran2012",1
"marstrander1963",1
"mauss1950",1
"mikkelsen2002",1
"myhre1992",19
"croinin1989",1
"pedersen2008",1
"peets2012",186
"petersen1940",1
"raven2005",69
"rogers2006",1
"simonsen1981",1
"skaare1963",1
"skaare1976",1
"solli1995",1
"thomas1991",1
"waller1982",1
"wamers1985",1
"wamers2011",1
"williams2008",1
"wilson2006",1
"amundsen2001",431
"amundsen2011",432
"amundsen2015",433
"amundsen2007",237
"apel2001",434
"apel2005",435
"aronsson1991",436
"askeladden2015",437
"bakka1973",438
"bakka1976",439
"barth1976",440
"barth1996",86
"baudou1987",441
"bergman2016",442
"bergsland1992",443
"bergstol1997",91
"bergstol2009",444
"bjorn1934",445
"boaz1997",446
"bolstad1980",447
"braseth2014",448
"brendalsmo2003",449
"brogger1942",450
"bull2002",451
"byggstoyl2012",452
"damm2010",453
"fjellheim1999",454
"fjellheim2012",455
"forsberg2005",456
"fossum2006",457
"fredriksen1983",458
"fuglesang1980",80
"fuglestvedt2006",459
"gjerde2016",460
"gjessing1945",461
"grandell1986",462
"grimbe2013",463
"gustafson1988",464
"gustavsen2014",465
"hagen1946",466
"hagstrom2010",467
"hallgren2008",468
"hansen2004",127
"hansen2014",79
"hedman2003",79
"helstad2001",79
"hildre2012",79
"hole2013",79
"holm1991",79
"holm2016",79
"holseng2004",79
"hougen1947",91
"indreko1956",79
"jenkins2008",79
"johansen1981",79
"kleppe1977",79
"lannerbro1976",79
"marstrander1977",79
"mathiesen2005",79
"melheim2015",79
"mikkelsen1994",11
"mikkelsen1975",79
"mjaerum2012",95
"mulk1994",79
"myhre1962",79
"norell1987",79
"nou2007",79
"nyland2016",79
"odner1983",80
"odner2000",79
"ojala2009",79
"olsen1985",79
"olsen1991",79
"pareli1991",79
"prescott2009",79
"schanche1985",79
"scheen1979",79
"serning1966",79
"sjurseike1994",79
"skandfer1996",79
"skjolsvold1980",91
"skjolsvold1981",79
"skjolsvold1984",79
"smith2006",79
"soborg1988",79
"solberg1986",79
"sommerseth2011",79
"spangberg2014",79
"spangen2010",79
"stene2010",79
"stenvik1988",79
"svensson2006",179
"swensen2017",79
"trigger2006",79
"vorren1965",79
"wegraeus1971",79
"zachrisson1997",80
"zachrisson2015",79
"abrams2004",199
"phil2010",199
"fanning1994",199
"sheehan1998",199
"sheehan2009",143
"omeadhra1979",469
"blackburn1981",199
"glorstad1987",199
"grahamcampbell1984",199
"jensen1968",199
"davidson1962",23
"grinsell1961",470
"bjorn1940",471
"kovalev2004",213
"arbman1940",37
"arne1914",7
"bearman2014",7
"anonymous2012",199
"ljung2010",199
"lang2001",172
"cohen2004",199
"jesch2002",199
"whaley2004",199
"tweddle1995",199
"coatsworth2008",199
"grahamcampbell1980",223
"wamers2009",199
"grahamcampbell2007",199
"brunning2013",109
"sonderso2005",472
"stenalt1960",187
"kolindsund1936",187
"luhm1903",187
"androshchuk2001",187
"androshchuk2002",144
"androshchuk2003",187
"androshchuk2009",187
"androshchuk2004",187
"appadurai1937",187
"arbman1937",163
"arrhenius1985",59
"bazelmans1999",187
"bergman1976",187
"behmer1939",187
"behrend1936",187
"brondsted1936",114
"chase1979",187
"colmo1953",187
"cross1914",187
"falk1914",187
"gameson2001",187
"gansum1991",187
"geibig1992",187
"grahamcampbell1968",187
"gurevich1968",187
"habbe2005",22
"hakonarherdibreids1991",187
"harke2000",176
"jacobsen1942",67
"nasman1991",187
"jorgensen1966",130
"lavrsen1960",187
"mauss1980",187
"menghin1980",187
"mullerwille1978",174
"mullerwille1984",21
"mullerwille1980",187
"north1980",187
"nasman1989",187
"ostergren1976",473
"olsson1975",187
"owencrocker1966",187
"ornes1966",187
"paulsen1953",228
"pedersen1995",187
"pedersen1997",114
"pedersen2002",99
"peirce1919",474
"petersen1919",21
"rydbeck1932",187
"schulzedorrlamm1987",187
"handelderwikingerzeitzwischennordundwesteuropaaufgrundarchaologischerzeugnisse1987",187
"klaesoe2005",187
"smidt1991",187
"stocklund1985",187
"strid1961",187
"stromberg1946",187
"svanberg1995",187
"thunmarknylen1995",187
"thunmarknylen2001",187
"bergman2005",187
"thalinbergman2000",187
"theuws2000",187
"turvillepetre1960",187
"wamers1930",475
"whitelock1955",187
"willemsen2004",142
"wilson1955",476
"wrenn1958",187
"zachrisson1984",127
"zachrisson2012",79
"ammann2007",477
"ammann2003",478
"anchukaitis2014",479
"anchukaitis2012",480
"anchukaitis2010",481
"anchukaitis2013",482
"anchukaitis2006",483
"andreuhayles2011",484
"andronova2000",485
"autin2015",486
"biondi1999",487
"bowman1997",488
"bradley2001",489
"breitenmoser2012",490
"briffa1993",491
"briffa1994",492
"briffa1995",493
"briffa2000",494
"briffa1996",495
"briffa1998",496
"briffa2011",497
"briffa2013",498
"briffa2004",499
"briffa2002",500
"brohan2012",501
"buckley2010",9
"buntgen2006",502
"buntgen2013",503
"buntgen2011",504
"buntgen2014",505
"campbell2007",506
"coledai2013",507
"cook1990",508
"cook1987",509
"cook2010",510
"cook1994",511
"cook1995",512
"cook2013",513
"cook1999",514
"cowtan2014",515
"crowley2000",516
"crowley2008",517
"darrigo2011",518
"darrigo2003",519
"darrigo1992",520
"darrigo2004",521
"darrigo2013",522
"darrigo2008",523
"darrigo2015",524
"darrigo2009",525
"darrigo2006",526
"davi2003",527
"delaygue2011",528
"doradolinan2012",529
"edwards2007",530
"emilegeay2013",531
"esper2013",532
"esper2002",533
"esper2014",534
"esper2010",535
"esper2007",536
"esper2012",537
"esper2016",538
"esper2015",539
"esper2005",540
"estrada2013",541
"evans2013",542
"evans2002",543
"evans2001",544
"frank2007",545
"frank2010",546
"fritts1976",547
"fritts1991",548
"gallant2013",549
"gao2008",550
"gao2006",551
"gennaretti2014",552
"gershunov1998",553
"gillett2012",554
"goosse2016",555
"grinsted2004",556
"hakim2016",557
"harris2013",558
"haurwitz1981",559
"hegerl2014",560
"hegerl2007",561
"hegerl2003",562
"hegerl1997",563
"hegerl2006",564
"hegerl2011",565
"helama2014",566
"hughes2002",567
"hughes1994",568
"hughes1999",569
"jacoby1995",570
"jacoby2000",571
"jones2013",572
"jones2009",573
"jones2012",70
"jull2014",574
"kaplan2011",575
"kaufman2014",576
"keigwin2003",577
"kennedy2011",578
"klesse2015",579
"lavigne2013",580
"lean2006",581
"lee2008",250
"lehner2012",582
"lewis2015",583
"li2010",192
"linderholm2015",105
"luckman2005",105
"ludlow2013",105
"mann1998",105
"mann2012",105
"mann2002",105
"mann2013",105
"mann2005",105
"mann2007",105
"mann2008",105
"mann2009",105
"massondelmotte2013",105
"matskovsky2016",105
"matskovsky2014",105
"matthews2005",105
"mccarroll2013",105
"mccarroll2002",105
"mcgregor2015",105
"mckay2014",105
"meehl2004",105
"meko1997",105
"melvin2008",105
"melvin2004",105
"michaelson1987",105
"morice2012",105
"muscheler2007",105
"naulier2015",105
"ogurtsov2016",105
"oman2005",105
"ortega2015",105
"pausata2015",105
"payette2007",105
"pederson2014",105
"phipps2013",105
"plummer2012",105
"pongratz2008",105
"raspopov2008",105
"rimbu2003",105
"rind1999",105
"rind2004",105
"robock2000",105
"rutherford2003",105
"rydval2017",105
"schmidt2010",105
"schmidt2014",105
"schmidt2012",105
"schneider2009",105
"schneider2015",584
"schneider2001",105
"schurer2013",105
"schurer2014",105
"schweingruber1993",105
"schweingruber1978",105
"seager2008",105
"seager2007",105
"shindell2009",105
"shindell2014",105
"shindell2015",105
"shindell2004",105
"shindell2001",105
"shindell2003",105
"sigl2015",105
"smerdon2010",105
"smerdon2008",105
"smerdon2011",105
"smerdon2016",105
"solomon2011",105
"st2014",105
"george2013",105
"steiger2014",105
"steinhilber2009",105
"stenchikov2006",105
"stoffel2015",105
"vonstorch2004",105
"stott2010",105
"stott2009",105
"stott1998",105
"stuiver1993",105
"sundqvist2014",105
"swingedouw2010",105
"szeicz1995",105
"tierney2015",105
"tingley2015",105
"tingley2012",105
"tingley2010",105
"tingley2013",105
"torrence1998",105
"touchan2014",105
"trenberth1984",105
"verosub2008",105
"vieira2010",105
"wagner2001",105
"wagner2005",105
"wang2015",105
"waple2002",105
"wiles2014",105
"wilson2016",105
"wilson2010",105
"wilson2007",105
"wilson2014",105
"wise2015",105
"youngblut2008",105
"zanchettin2012",105
"zhang2016",105
"zorita2003",105
"zwiers2000",105
"ivakin2001",42
"kjellstrom2012",42
"kjellstrom2013",192
"koktvedgaardzeiten1997",206
"kovalenko2006",246
"stolpe1992",42
"nerman1935",199
"helms1988",585
"andren1999",586
"andren2007",28
"back2012",159
"bandmann1951",28
"baudou1989",157
"berend2007",28
"blomkvist1998",28
"blomkvist2002",28
"brendalsmo1994",28
"brink1992",28
"ross2002",35
"diiwel1985",28
"dyggve1952",28
"fabech1991",28
"fehring1991",28
"gotfredsen1988",28
"graslund1992",47
"graslund2001",17
"graslund1993",28
"gren1989",28
"hallansstenholm2006",20
"hedeager1999",21
"hellstrom1996",28
"hernaes1999",28
"hildebrandt1985",28
"hultgard1997",28
"iregren1989",28
"janson1998",35
"jeppesen1991",163
"johannsen1981",28
"johansen1997",67
"krautheimer1942",28
"larsson2004",15
"liden1969",28
"ljungberg1938",587
"mcnicol1997",588
"meckseper1982",28
"nielsen1997",589
"nielsen2005",226
"nordahl1996",15
"olsen1966",200
"olsen1972",28
"rydh1969",590
"sandnes1987",28
"skre1995",28
"sondergaard1972",28
"stamsomunch1991",28
"sundqvist2007",28
"svensson2012",253
"theliander2003",28
"theliander2005",31
"vibemuller1991",28
"vikstrand2001",28
"devries1957",28
"wallander1994",28
"wideen1955",591
"zachrisson1963",28
"strand2010",234
"barber1991",234
"benderjorgensen1986",234
"benderjorgensen1987",234
"benderjorgensen1992",243
"benderjorgensen1995",169
"costin1991",234
"geijer1938",202
"geijer1980",234
"geijer1972",234
"gleba2008",234
"hald1980",234
"hedeagerkrag1994",592
"herlihy1964",234
"hagg1983",7
"hagg1984",234
"hagg1985",234
"hagg1986",593
"hagg1991",234
"ingstad1980",234
"michel2010",234
"martensson2007",234
"martensson2000",234
"pedersen1998",235
"waltonrogers1996",258
"waltonrogers2007",257
"kovalenko2012",42
"geibig1991",187
"zachrisson1998",21
"hookernd",259
"jay2006",191
"kalland2000",259
"kosiba2007",139
"lynnerup1998",259
"mcgovern1985",50
"mcgovern2000",50
"mcgovern1996",50
"mcgovern2005",259
"mcgovern2004",259
"muldner2007",172
"mohl1982",259
"adalsteinsson1990",259
"alexandersen2003",259
"arneborg1990",259
"balslevjorgensen2001",259
"barret2005",149
"bruun1928",259
"commisso2006",259
"commisso2007",259
"enghoff2003",594
"fricke1995",172
"gullov2012",259
"hebsgaard2009",259
"vebaek1992",259
"vebaek1993",259
"oye2001",595
"nelson2003",259
"nelson2012",596
"olafsson2006",259
"privat2002",260
"reitsema2010",259
"schweger1998",259
"simpson2002",259
"simpson2007",259
"edvardsson2012",259
"sveinbjornsdottir2010",259
"vebaek1991",259
"alberti2013",60
"andersson1998",35
"andren1989",154
"arrhenius1962",61
"arrhenius1994",60
"arrhenius1997",15
"arrhenius1932",60
"arwillnordbladh2011",60
"backdanielsson2010",26
"berg2007",60
"bergqvist1999",60
"bragg1997",60
"brink2008",24
"christensen2008",115
"christensen2009",60
"christensen2010",110
"gillespie2008",60
"gilman2010",60
"graslund2005",60
"graslund2008",60
"gronvik2008",60
"hagberg1976",60
"helmbrecht2007",166
"hjorungdal1991",159
"hardh2008",60
"jansson1996",61
"jensen2004",60
"johansson2008",60
"jorgensen2002",226
"jorgensen2008",141
"kuper1988",60
"larsson1997",597
"lassen2003",60
"lundstrom1995",61
"ljungkvist2005",60
"lundgren2007",60
"malmberg2009",60
"malmberg2010",60
"mannering2010",158
"martinson1956",60
"mauss1934",4
"nasstrom2001",60
"raudvere2008",60
"ringkvist1969",60
"roberts1999",60
"silvers2009",60
"solli1999",598
"sonne2010",60
"steinsland2007",60
"stolpe1912",37
"sorensen1997",262
"thomson1997",60
"vikingatidens1995",60
"weiner1985",23
"williams2011",143
"schulzedorrlamm1995",187
"almgern1914",61
"anderson1983",61
"andersson1990",61
"andersson1995",61
"andersson2011",17
"arne1932",60
"arrhenius1976",163
"bradley2002",262
"bradley2003",106
"burstrom2012",61
"chapman1997",61
"chapman1977",61
"chapman2006",155
"climo2002",61
"connerton1989",20
"delvin2007",61
"dommasnes2006",61
"dommasnes2008",258
"duczko1985",599
"jansson1985",166
"jennbert2011",61
"jensen2003",135
"jones2007",20
"kaliff1999",61
"kaliff2001",266
"knappett2012",61
"kokowski2010",61
"tsamis2010",61
"lowenthal1999",61
"vonmuller1958",61
"nora1989",61
"nugent2012",61
"renfrew2004",61
"rowlands1993",240
"rowlands1999",61
"sjogren2003",61
"vandyke2003",20
"williams2003",146
"aqvist1996",20
"artelius1996",20
"baudou2004",600
"bolin2004",6
"bratt2008",20
"burstrom1989",20
"chippendale1983",601
"gosden1994",602
"gustavson1986",20
"lonnroth1977",262
"olivier1999",603
"pollard2002",20
"sawyer2000",170
"shanks1987",176
"stromberg1968",20
"widholm2006",20
"williams2006",26
"zachrisson1994",226
"pagesk2013",604
"aberg1921",605
"adamavbremen1984",606
"ambrosiani1964",607
"andersson1992",89
"andersson1989",608
"arend1978",609
"axelsson1993",610
"baer1998",611
"baines1989",612
"berg1987",613
"bergman1948",614
"berlo1983",615
"bjurstrom1996",616
"blair1989",617
"brondsted1920",618
"bugge1953",619
"carlqvist1977",620
"carlsson1985",621
"christiansson1959",622
"christophersen1982",623
"claesson1982",624
"clanchy1979",625
"crocker1982",626
"danbolt1989",627
"ekblad1997",628
"elgh1987",629
"vonfriesen1913",630
"fuglesang1978",631
"odense1981",632
"svardstrom1962",633
"goody1977",634
"graslund1985",635
"gronvik1981",636
"gronvik1985",637
"gurevich1985",108
"gustavson1988",638
"hagenfeldt1996",639
"hallencreutz1982",640
"haseloff1981",155
"hedeager1997",123
"herschend1994",24
"hildebrandnd",641
"holmback1943",642
"holmqvist1951",155
"holtsmark1960",643
"hubler1996",644
"hyenstrand1974",645
"johansson1996",646
"kallstrom1992",647
"klindtjensen1975",648
"kristoffersen1995",155
"kyhlberg1983",649
"lager1995",650
"lagman1990",651
"larsson1990",24
"fornvannen1997",652
"lindblad1992",653
"lindell1994",654
"lindkvist1988",238
"lindqvist1931",238
"lindstrom1992",238
"lonnroth1982",238
"marcus1992",238
"meijer1992",238
"moltke1974",238
"mostrom1998",238
"miillernd",238
"og1911",238
"ol1900",238
"olason1989",238
"ong1982",20
"orsnes1966",166
"orsnes1969",238
"owe1995",238
"palm1992",238
"peterson1994",238
"petre1984",190
"petre1993",238
"philippa1977",238
"ragnesten1978",238
"randsborg1980",184
"russell1994",238
"salberger1978",238
"salin1904",238
"sandahl1996",238
"sawyer1988",184
"sawyer1993",238
"schuck1935",238
"segelberg1983",238
"shetelig1909",238
"sjoberg1985",655
"snorres1997",238
"soderberg1905",238
"soderqvist1993",238
"strid1987",238
"sundqvist1996",238
"svardstrom1936",238
"svenbro1975",238
"thrainsson1994",238
"varenius1998",238
"wamers1999",656
"wijkander1983",238
"williams1990",238
"wilson1995",90
"wilson1994",238
"zanker1988",238
"runinskrifter1984",238
"garlandthomson2002",60
"aarissorensen1988",62
"aarissorensen2007",62
"ambrosiani1981",62
"arneborg1998",62
"ashby2011",64
"ashby2013",62
"smith1995",62
"barrett2011",62
"bately2007",62
"bencard1990",657
"blaut1993",62
"buchwald2006",62
"buckley2011",62
"buckley2009",62
"buckley2014",62
"callmer2002",62
"sachensymposium2001",62
"callmer2003",62
"childe1950",62
"clarke1991",62
"coupland2010",62
"coupland2011",62
"cowgill2004",62
"feveile2001",658
"feveile2006",116
"fleming2009",62
"galloway1981",62
"henderson2005",62
"hodges1982",62
"hull2008",62
"jantzen2013",62
"keller2010",62
"kirby2013",62
"knappett2008",62
"lie1991",265
"ling2013",62
"loveluck2006",659
"madsen1984",62
"madsen2004",62
"madsen2014",62
"mahler2007",62
"mainman1999",62
"mattingly2013",62
"miksic2000",62
"muller2012",62
"nasman2000",62
"nasman2003",660
"nesje2012",62
"rau2010",62
"renfrew2008",62
"riddler2003",62
"rieck2006",62
"roesdahl2003",62
"lewissimpson2000",62
"roesdahl2001",62
"schyman2012",62
"sinclair2012",62
"skov1997",62
"skov1999",62
"skov2006",62
"skov2010",62
"skre2007",62
"smirnova2002",62
"stephan1994",62
"stewart2013",62
"strohalm2010",62
"taylor2012",62
"theuws2004",62
"trigger2008",62
"ulbricht1978",62
"vandoorn2014",62
"verhulst1994",62
"weber1995",62
"wigh2001",62
"yoffee2005",62
"boric2008",661
"goransson1999",262
"hirdman1988",60
"joyce2005",60
"muckenberger2012",60
"nasstrom1986",60
"vikingatidens1995a",60
"almgren1905",662
"arbman1945",252
"artelius1999",109
"artelius2002",252
"berger1979",252
"ross1998",252
"edsman1987",252
"fors2002",252
"halbwachs1952",252
"jennbert1977",252
"lundborg1972",56
"moon1987",252
"napier1992",252
"rappaport1999",22
"rolston1987",252
"sahlstrom1948",252
"strom1967",252
"turner1983",252
"thomas1985",252
"vedelnd",270
"wikstrom1993",252
"janson2009",61
"bergqvist1997",60
"alberti2014",67
"am2013",663
"backdanielsson2012",664
"barad2003",237
"barad2007",67
"burstrom1994",67
"ccby2016",67
"ekholm1950",67
"fowler2015",67
"graslund1991",238
"jonsson2015",67
"klos2009",67
"koster2014",67
"lager2002",67
"larsson2010",67
"lindeberg2009",67
"mitchell2005",67
"munn1986",67
"nielsen1941",67
"peterson2006",67
"dictionary2016",67
"runtextdatabas2015",67
"saol1998",67
"sjoborgnd",67
"brink1981",67
"hobsbawm1983",262
"jennbert2004",252
"wamers1987",665
"frick1992",666
"aatsleff2010",667
"aberg1936",668
"albrethsen2002",669
"brandt2002",670
"johansen1987",671
"fraenkelschoorl1978",672
"garipzanov1980",673
"grahamcampbell1991",674
"hyvass1986",675
"jensen2006",676
"jorgensen2003",115
"jorgensen2006",149
"klingenberg1984",677
"lennarrson1983",678
"longley1975",679
"macgregor1993",680
"moesgaard2010",681
"monge2003",682
"nielsen2006",683
"nielsen2004",684
"olsen1981",685
"olsen1977",140
"ryan1997",686
"rygh2003",687
"ulriksen1970",688
"vandoorn2011",9
"arneborg2003",69
"arrhenius1995",69
"ashby2006",69
"smith1993",69
"barrett2003",69
"besteman2004",69
"biddle2001",147
"bolin1953",69
"brettell2000",69
"brooks1971",69
"burstrom1993",69
"byock2001",689
"carver1990",69
"carver1995",174
"clover1988",69
"coupland1998",69
"crumlinpedersen1995",37
"crumlinpedersen2007",690
"dahljensen1998",69
"dansgaard1975",69
"downham2007",691
"duczko2004",692
"dumville2002",69
"dyer2002",69
"earle1997",69
"edwards2005",69
"englert2007",69
"etchingham1996",69
"etchingham2007",69
"forenbaher2005",69
"fossier1999",69
"grahamcampbell1975",69
"hadley2006",260
"halsall2003",69
"hannon2005",69
"hansen2000",69
"haywood1999",69
"heinsohn2003",69
"hernaes1997",69
"hill1981",69
"hill2001",69
"hills2003",69
"hodges2006",69
"hodges1983",69
"holm1986",69
"hunter2007",69
"johnson2001",69
"jonsson1911",69
"karlsson1997",69
"keegan2004",69
"keynes1997",69
"kristoffersen2004",693
"kuhn1977",69
"lund1989",69
"magi1999",69
"slavi1997",694
"mccormick2001",69
"michelli1993",69
"minorsky1958",69
"montgomery2006",69
"montgomery2003",68
"morris1998",69
"mullerwille1994",69
"myhre1987",170
"myhre1993",69
"nelson1991",181
"nelson1997",69
"nondier2002",69
"croinin1995",69
"oppenheimer2007",69
"owen1999",69
"paterson2001",69
"pirenne1939",69
"reuter1985",69
"richards2000",69
"ridel2007",69
"roesdahl1991",69
"santiagoirizarry2008",69
"sawyer1982",69
"scholz1970",69
"simek2004",69
"skre2001",69
"small1973",69
"stefansson2003",69
"vesteinsson2006",230
"wallace2003",69
"warner1976",69
"weber1992",69
"westerdahl2008",69
"wicker1998",69
"woolf2007",69
"wormald1982",69
"runicdictionary2016",67
"samnordiskruntextdatabas2016",67
"nilsson1996",238
"moltke1942",67
"aughdal1979",131
"baug2011",84
"baug2013",91
"bergstrom2007",38
"brodshaug1950",131
"campbell1939",131
"carelli1997",84
"cederlund1964",131
"christophersen1999",131
"ek1962",131
"fisher2004",131
"forster2004",695
"friisnd",131
"granlund1956",131
"grenne2008",696
"gron1939",131
"gron1942",131
"hamilton1956",243
"helberg2010",131
"helle1982",84
"jensen1990",169
"kaland1987",84
"kristiansen2009",131
"processing2009",131
"kristensen1999",131
"molaug1982",131
"keysernd",131
"magnusnd",131
"petersen1951",154
"reiersen1999",131
"resi1979",84
"rnregestanorvegica1989",131
"roesdahl1980",131
"sindbaek2005",43
"skaarup2009",131
"skjolsvold1961",45
"smith1999",131
"steensberg1964",131
"steuer1987",275
"tengesdal2010",131
"vangstad2003",84
"viklund2007",131
"visted1975",131
"weber1984",235
"weber1989",85
"weber1999",131
"oye2002",91
"oye2009",131
"bockman1997",153
"gjerpe2005",159
"glorstad2008",153
"gudmundsdottir2003",153
"hufthammer2016",153
"harke2014",153
"iversen1999",6
"jezek2015",153
"kristoffersen2006",153
"meling2014",153
"metcalf1991",153
"moberg1992",697
"mullerwille1977",30
"ohlhaver1939",153
"roberts2015",153
"ronne2002",154
"sauvage2005",153
"straume1984",698
"wallander1989",699
"ostigard2006",153
"fuglesang1986",238
"larsen1989",238
"andersson2005",700
"artelius2010",17
"borgeaud1987",56
"boyend",56
"burke1989",56
"edmonds1999",56
"fernholm1982",56
"gosden1998",56
"hansson1991",56
"hemmendorff1980",56
"stenholm2004",56
"jennbert1991",56
"lindqvist2010",17
"lundborg2007",56
"nagy1976",56
"olson1968",56
"rudbeck1978",56
"stromberg2005",56
"zuesse1987",56
"ayliffe1990",267
"balasse2003",267
"batey1998",701
"becker1998",267
"becker2011",89
"behre2008",267
"benecke1982",267
"bentley2006",139
"bosl2006",267
"butzler1986",267
"buzon2010",267
"clementz2001",267
"doppler2010",89
"drouet2005",267
"elsner1989",267
"frei2011",191
"fricke1998",267
"fry2006",267
"grupe2009",89
"grupe2010",89
"grupe2012",267
"heinrich1987",702
"heinrich2006",89
"huster1983",267
"jacomet2010",267
"koch2007",267
"kohn1996",150
"kohn2002",267
"layman2007",267
"leethorp1989",267
"lepiksaar1977",703
"mewis2004",267
"miller2010",704
"mullerwille2002",89
"newsome2004",89
"oconnor2004",271
"phillips2003",89
"pieper1995",267
"reichstein1991",267
"reichstein1966",267
"rozanski1992",267
"schmolcke2006",705
"schoeninger1984",267
"sjogren2009",256
"smed2002",267
"stephan2008",267
"stevens2006",267
"surge2005",267
"taastrom1999",267
"tieszen1991",267
"vogel1989",267
"vogel2002",267
"vonlehmann1986",267
"west2010",267
"dommasnes1976",222
"stylegar2010",6
"stylegar2014",153
"straume1986",706
"tarlow2016",26
"oye1985",153
"bmasstrom2001",56
"lindqvist2012",56
"adams1991",707
"arnold2012",708
"bailey1990",709
"bailey2015",710
"bailey2007",711
"beck2014",712
"becker1966",713
"becker1971",714
"berggren2009",126
"bille2016",126
"bloch1977",126
"boivin2008",126
"bowker2005",126
"cobb2012",126
"delanda2006",126
"delanda2016",126
"deleuze2005",126
"edgeworth2012",126
"eisenschmidt2013",126
"ejstrud2000",126
"fahlander2003",126
"felding2013",126
"fundfortidsminder2017",126
"gell1992",126
"gerritsen1999",715
"gerritsen2008",126
"gosden2015",126
"gramsch1996",126
"hamilakis2017",126
"hansen2015",126
"harris1989",716
"holst1999",126
"holtorf1998",126
"holtorf2002",95
"hvass1983",126
"hvass1985",226
"ingold2010",126
"jensen2005",126
"joy2009",44
"larsen2007",173
"laursen2017",126
"lucas2005",126
"lucas2008",249
"lucas2012",126
"mcanany2009",126
"mikkelsen1998",226
"sekretariat1997",126
"mikkelsen2016",126
"moller2010",126
"mud2014",126
"muller1906",126
"munn1992",126
"nasman1987",126
"nativ2017",126
"olivier2011",126
"olsen1968",126
"pauketat2005",126
"pearson1994",126
"reynolds1994",227
"rosenberg2010",126
"shennan1993",126
"slotsogkulturstyrelsen2017",126
"sorensen2015",126
"thomas1996",717
"tornbjerg1998",169
"tringham2000",126
"vanoyen2015",126
"villumsen2013",126
"witmore2013",126
"zimmermann1998",126
"anckers1993",262
"andersson1999",14
"brown1991",262
"cassel2004",262
"cnattingius1930",262
"foxhall2000",262
"gilchrist2004",262
"jonsson2003",213
"kallen2004",262
"moberg1987",276
"olivier2004",718
"palm2004",262
"ralph2005",262
"vandyke2003b",262
"wessen1958",262
"widmark1993",262
"askvik1990",73
"askvik2008",202
"askvik2014",73
"bakmark2014",73
"bazelmans2009",719
"berglund1995",239
"bos2005",73
"bratrein1994",239
"buchwald2005",202
"callmer1991",37
"callmer1998",720
"callmer2007",65
"coupland2002",73
"crosby1987",73
"curta2007",172
"delvaux2017",73
"downham2011",66
"eldorhagen2001",73
"ellis1969",721
"ellmers1985",722
"etchingham2014",723
"feveile2000",43
"gardner2007",73
"gaunt2000",73
"hald1991",73
"hansen2017a",86
"hines1999",73
"hodges2001",73
"holand2003",73
"holberg2015",73
"holm2015",724
"iversen2018",73
"jansen2001",73
"jellema1955",73
"jesch2009",192
"kars1983",84
"knol2017",73
"koht1919",73
"krol2006",73
"lebecq1990",73
"lebecq1999",73
"ljungkvist2009",73
"lonaas2001",73
"moore1978",73
"moore1983",73
"myrvoll1991",84
"nasman1986",73
"nicolay2005",218
"nicolay2017",725
"nilsen2016",726
"corrain1998",73
"pilo2011a",73
"resi1990",727
"resi2008",202
"roesdahl1995",73
"schreiner1928",73
"sheehan2008",73
"sitzmann2008",728
"sjovold1974",59
"skre2018",729
"sode2017",73
"stenvik1997",173
"storli2006",83
"svennung1967",73
"walther2004",73
"wickham2008",73
"wilson1985",73
"wood1983",73
"plogmann2006",267
"bonde1994",156
"brogger1917",94
"dybwad1908",94
"johansen2016",94
"kluwernd",94
"mullerwille1970",37
"paasche2010",94
"grahamcampbell2004",147
"thomsen2009",177
"aud1996",177
"aud1997",177
"wamers2005",177
"lennarrsson1999",177
"brondsted1924",177
"skovmand1942",127
"wamers1991",177
"lennartsson1999",177
"andersen1995",169
"brucemitford2005",167
"roth2002",177
"wamers1994a",138
"aud1992",177
"aarsleff2008",177
"adamsen1997",177
"albrethsen2008",177
"lindahl1984",177
"thorvildsen1957",177
"bradley1998",262
"ambrosiani1984",35
"bergstel1997",80
"bergsvik2001",80
"boaz1999",80
"skre1998",200
"strade1997",80
"solberg2000",141
"storli1994",80
"sorensen1979",80
"shetelig1917",174
"norseng2010",94
"allmae2011",150
"andersen1991",174
"axboe1995",152
"baillie1982",174
"baillie1973",174
"bjorkvik1999",174
"bonde1995",174
"bonde1997",174
"bonde2005",174
"bonde2007",174
"bonde1993",174
"bonde1982",21
"bonde2009",227
"brathen1982",174
"brogger1951",730
"brucemitford1964",174
"carver1998",185
"christensen1995",174
"christensen1993",174
"christensen2003",174
"christensen2007",169
"christensen1994",174
"christensen1998",174
"eckstein1977",49
"euforgen2009",174
"evison2008",174
"faegri1954",174
"filmersankey1992",174
"grieg1928",48
"hines1992",3
"hines1993",174
"holand2001",73
"hulten1971",174
"hutchinson1994",174
"kaennel1995",174
"lorangend",174
"marsden1996",174
"mullerwille1974",174
"mullerwille1995",174
"myhre1980",95
"myhre1998",141
"myking2011",174
"naess1969",174
"nasman1984",174
"nerman1948",174
"nordenborgmyhre2004",174
"opedal1998",174
"opedal2005",174
"peets2013",150
"reiersen2009",174
"roesdahl1994",223
"schetelig1902",174
"schetelig1906",174
"schetelig1912",731
"shetelig1940",244
"sorensen2001",31
"sylvester2009",174
"vadstrup1994",174
"mcleod2014",73
"roesdahl2005",732
"verhulst2002",733
"vinsrygg1979",73
"andersen1988",734
"smith2007",3
"barret2006",735
"barret2000",77
"blackburn2008",43
"brink2008b",736
"brooks1979",146
"buckland1990",737
"carver2004",738
"crumlinpederson1995",103
"downham2000",3
"forsyth1995",739
"grahamcampbell1995",277
"grahamcampbell1998",243
"grahamcampbell2001",143
"grahamcampbell2003",740
"gudmundsson1965",741
"hermannsaudardotir1991",742
"hines1996",3
"howlet1999",743
"metcalf2007",265
"roesdahl2003b",744
"myhre2003",125
"paasche2006",745
"ralston1997",746
"randsborg1995",747
"randsborg2000",748
"smyth1984",749
"wamers1998a",66
"weber1991",9
"whitelock1961",181
"mierow1915",73
"andersen1989",257
"benderjorgensen2005",219
"christiansen2004",257
"cooke2002",257
"cooke2005",257
"damgardsorensen1998",257
"dybdahl1990",257
"eldjarn1988",257
"eldjarn1990",257
"elstad2002",257
"elstad2004",257
"hoeghnd",257
"kastholm2009",257
"kaup1996",257
"kjellmo1996",257
"kvamme2004",257
"lightfoot1996",257
"lightfoot1997",257
"myhre2002",95
"martensson2006",257
"norgard1999",21
"olsennd",257
"olufsennd",257
"rabben2002",219
"traetteberg1999",257
"franckenwelz2003",257
"westerdahl1995",257
"amundsen2003",80
"alfsen1979",84
"baug2002",219
"birkedahl1997",84
"birkedahl2000",84
"bl1923",84
"christophersen1991",84
"crawford2002",84
"gestsson1959",84
"morcken1964",84
"nielssen2014",750
"nymoen2011",84
"pilo2007",269
"risbol1994",45
"schou2007",45
"schon1995",180
"sigurdsson1999",751
"jones1999",10
"bill2013",43
"callmer1977",180
"gansum1995",43
"hinsch1945",752
"hjardar2011",43
"hougen1993",43
"jankuhn1986",132
"karageorghis1999",43
"kilger2008",180
"kleingartner2014",167
"larsen2011",235
"martens1988",173
"oye2011",159
"pedersen2001",43
"rispling2008",43
"ros2009",43
"sperber1996",753
"steuer1997",43
"wiker2006",43
"bender2002",257
"rasteicher2008",257
"brather1992",185
"capelle1978",31
"capelle2000",185
"daly2011",185
"geary1994",262
"holck2009",34
"krogh1982",31
"kummel2009",185
"larsen2004",173
"marstrander1986",185
"mullerwille1976",114
"mullerwille1992",185
"nicolaysennda",37
"randsborg1998",754
"roesdahl2008",171
"sigurdsson2003",185
"steinsland2002",19
"vanhaperen2010",185
"berg2015",755
"anderson1907",243
"becket2010",243
"curle1982",243
"dickson2000",243
"edlin1973",243
"fentz1992",243
"grahamcampbell2002",277
"grieg1940",756
"grieve1923",243
"harman1981",243
"loder1935",243
"morgan2012",243
"mcneillnd",243
"ottaway1992",104
"allerton2007",757
"barthes1971",758
"barthes1986",759
"bellamy2012",760
"bender1998",761
"blackwell2007",762
"blackwell2012",763
"brisholm1997",764
"burstrom1996",207
"burstrom1998",765
"dannehl2009",766
"demarrais2004",767
"denzin1989",768
"derrida1978",82
"douglas1993",198
"eckardt2003",82
"elfver2008",198
"epstein1991",198
"foucault1978",198
"friedel1993",198
"gaitanammann2005",198
"gilchrist2000",198
"gildonnd",198
"golofast2003",198
"gordon2009",198
"gosden2005",23
"halse2006",198
"hamilakis1999",198
"hardh1996",275
"heffernan1988",198
"herva2010",198
"hibbert1969",198
"hicks2010",198
"hodder2012",95
"holtorf2001",198
"holtorf2008",198
"hoskins1998",23
"humphrey2003",198
"johnsonnd",198
"jonsdottir1982",198
"jonsson1997",198
"joy2000",198
"joyce2000",262
"kilnernd",198
"kopytoff1986",23
"lamb2011",198
"lamotta2012",198
"latour1992",198
"lindqvist1936",190
"martindale2009",198
"mcnaughton2006",198
"meskell2004",198
"meskell2005",769
"michell1982",198
"miller2000",198
"nevett1999",198
"novarr1986",198
"olsen2003",770
"olsen2010",157
"olsen2012",106
"ostergren1990",255
"polkey1999",198
"roos2003",198
"roymans1995",198
"shanks1998",198
"sofaer2007",198
"spangen2005",30
"stewart1993",198
"strathern1988",198
"thompsonnd",198
"tilley1996",198
"valenze2006",198
"vellinga1999",198
"weiner1992",59
"wilson2008",244
"witmore2007",198
"woolf1967",198
"armstrong2017",771
"boggs2016",772
"boyd2009",258
"cooper2012",773
"costanza2007",774
"crumley1993",775
"crumley2015",179
"ipcc2014",776
"lane2015",777
"nelson2016",778
"nielsen2013",779
"obrien2012",780
"odlingsmee2013",781
"riede2018",782
"rockman2009",783
"rockman2012",784
"svenning2013",785
"whitehead1998",191
"schetelig1917",93
"andersson2007",258
"biddle1976",786
"christiansen2006",258
"dommasnes1982",787
"easthope2004",258
"flanders2004",258
"geraghty1996",788
"gonzalesmarcen2008",258
"hall1994",258
"hamerow2002",226
"hurley1997",789
"jesch1991",6
"kelly1988",76
"mcalister2003",258
"milek2006",249
"munch2003",158
"osullivan2008",790
"corrain1983",258
"corrain2005",258
"perring1981",64
"reilly2003",258
"simpson1999",152
"simpson2006",258
"stocker2003",258
"valante2008",76
"wallace1992",258
"wallace2000",258
"wallace2005",258
"wallace2008",74
"andersson2000",207
"artursson2005",791
"bantelmann1975",792
"beck2004",793
"bennett2005",794
"bjorhem1993",14
"boozer2015",795
"boye1992",796
"boye1998",797
"carlie2005",798
"carlie2008",799
"carstens2015",110
"christensen1973",88
"christensen2015",122
"eriksen2009",169
"ethelberg2003",226
"ford1954",88
"fowler2017",88
"gjerlevsen2013",88
"gram2006",88
"graslund1987",88
"hakansson2012",88
"hansen1991",88
"harrison2011",88
"hatt1928",88
"heimer2009",88
"heimer2006",88
"herschend1993",169
"hill1972",88
"hvass1980",171
"jensen1986",800
"jensen1987",88
"jessen2012",33
"jessen2003",88
"jorgensen1995",22
"kling1984",88
"komber2001",88
"komber1999",125
"krieger1944",88
"kristensen2015",88
"lucas2014",88
"lucas2016",88
"martens2005",219
"mikkelsen2003",88
"mimisson2016",88
"moller2009",88
"nielsen1980",171
"nielsen1998",133
"nissen1998",88
"norlund1948",122
"normark2009",88
"normark2010",88
"nylen2009",88
"olesen1998",88
"pagh2007",88
"pedersen2012",88
"petersen2010",88
"poulsen2014",88
"rasmussen1994",88
"rouse1960",88
"schietzel1981",180
"schmidt1994",801
"schultz2015",88
"siemen2014",88
"skov1994",220
"sorensen2011",171
"sorensen2017",88
"sovso2013",88
"spaulding1953",88
"steward1954",88
"stouman1980",88
"tornbjerg2002",88
"vale2017",88
"villumsen2017",88
"waterbolk1994",88
"witmore2014",88
"zimmermann2001",88
"gale2000",243
"graslund1980",203
"bill2019",5
"acker2007",802
"andersen1993",4
"aethelweard1962",803
"bell1969",804
"bill1991",805
"bill2009",806
"bill2015",807
"bill2018",808
"birgisson2008",809
"bischoff1998",810
"bonde2011",811
"bratt2004",812
"brookes2007",813
"bruce2002",814
"brucemitford1952",815
"brucemitford1978",816
"byock2013",817
"cannell2011",97
"capelle2004",158
"carver1992",263
"carver2000",12
"chase1981",818
"christensen2016",125
"crosman1980",819
"crumlinpedersen1991",820
"crumlinpedersen1997",48
"crumlinpedersen2002",180
"daly2007",821
"damico2015",822
"dronkeduchatellier1908",823
"dusse2013",824
"engevik2011",825
"englund1979",826
"ericsson2005",827
"farbregd1969",828
"fett1936",829
"fidjestol1994",830
"filmersankey1990",831
"filmersankey2001",832
"frank1997",833
"friisjensen1984",834
"fritzner1973",835
"fulk2012",836
"goeres2015",837
"grammaticus2005",838
"grimes2013",74
"hedeager1996",279
"hedeager2000",15
"helgesson2004",15
"henriksen2016",279
"holst2017",279
"hulth2013",279
"jonsson1923",279
"krag1991",279
"krag2012",279
"larsson2011",279
"lawson1981",279
"leontev2017",279
"lindow1997",279
"ljungkvist2008",186
"lorangenda",839
"lonnroth1986",279
"madsen1997",279
"malmer1966",227
"marold2012",90
"maryon1946",279
"meri2002",279
"montgomery2000",840
"mooney2016",279
"mundal2018",279
"myhre1966",279
"myrvoll2014",279
"neidorf2016",279
"newton1993",279
"nicolaysenndb",279
"nordman1987",279
"norr1998",279
"north2007",279
"north2011",279
"jorgensen1999",841
"opedal1996",279
"oskarsdottir1994",279
"ostigard2015",279
"pedersen2003",279
"petersen1927",279
"poel2016",279
"pollington2008",279
"ramskou1976",129
"rieck1988",279
"ringstad2004",279
"risberg2011",279
"sapp2000",279
"schetelig1905",279
"schon1999",279
"sellevold1998",279
"shetelig1929",279
"skre2014",279
"sorokin1997",279
"spurkland2005",279
"stefanovich2016",279
"steinsland1991",279
"stenvik1996",279
"sturluson1982",279
"sundqvist2000",842
"sorensen2006",279
"turvillepetre1964",279
"varenius1992",36
"vestergaard2007",279
"warmind1995",279
"appadurai1986a",23
"dionysiusnd",198
"amorosi1997",843
"arnalds2004",844
"atalay2012",845
"balee2006",846
"bolender2012",847
"bolender2008",848
"bourdieu1980",239
"braje2015",849
"braje2013",850
"briggs2006",851
"brownlow2006",852
"butzer1975",853
"caseldine2010",854
"catlin2011",855
"catlin2013",856
"catlin2014",857
"chadwick2013",224
"chase2014",224
"correia2013",224
"crofts2011",224
"cronon1991",224
"crumley2003",224
"crutzen2000",224
"dasmann1976",224
"dugmore2004",230
"dugmore2009",858
"earle2002",224
"einarsson2015",224
"ensor2003",224
"fisher2005",224
"fisher2009",224
"foley2013",224
"hicks2014",224
"hilger2015",224
"hill2009",224
"hodder2004",224
"ingold1993",23
"johnson2012",224
"kennett2013",224
"klein2015",224
"lansing2007",224
"larkin2013",224
"lefebvre1991",224
"lentfer2002",224
"lightfoot1998",224
"logan2013",224
"mcgovern2007",859
"melville1990",224
"mitchell2003",224
"morton2013",224
"mrozowski2006",224
"mrozowski2011",224
"norgaard2011",224
"ogilvie2010",224
"palsson2013",224
"redman2005",224
"reitz2012",224
"robin2006",224
"rull2013",224
"steffen2011",224
"steward1955",224
"streeter2013",224
"streeter2015",224
"stump2013",224
"thomson2006",224
"thorarinsson1944",860
"thorhallsdottir2013",224
"vandenoort2013",224
"vanderleeuw2014",224
"wilson1989",224
"woodbridge2012",224
"young2007",224
"miller2012",861
"arrhenius2009",251
"fleischer2003",251
"franceschi2005",251
"gabriel1991",251
"klaesoe2003",251
"larsen1991",251
"lindow2001",251
"mackeprang1935",251
"mango2002",251
"nielsen2001",251
"orsnes1990",251
"pesch2005",251
"petersen2005",862
"roesdahl1977",229
"thrane2005",251
"voss1990",251
"watt2003",251
"callan1927",93
"brink2002",163
"brogger1945",93
"falk2008",93
"gjaerder1952",93
"gjessing1943",93
"gotfredsen2003",195
"grieg1937",93
"grotowski2009",93
"gudni1945",93
"hauck1973",93
"hellers2012",93
"hultgard2008",77
"jesch2000",93
"johns1982",93
"kolstrup1993",93
"korsvoll2011",93
"lund1974",93
"macleod2006",93
"maixner2004",93
"mckinnell2004",93
"melsom2003",31
"meyer1999",93
"ullerwille1985",93
"muncknd",93
"nordland1951",93
"price2013",863
"pyysiainen2004",93
"resi2013",93
"ritner1988",93
"roesdahl1998",93
"schetelig1920",864
"thrane1998",93
"thurston1907",93
"weber2012",93
"wilk2000",93
"arrhenius1961",206
"imer2004",93
"adams2004",21
"arndt2007",81
"andersen2017",865
"bagge2016",81
"bagge2004",81
"bauduin2009",81
"callmer2009",81
"corrochano2014",81
"curta2011",81
"deckers2017",81
"deckers2012",81
"dobat2016",81
"eisenschmidt2004",81
"fried1994",81
"garipzanov2008",866
"gazzoli2011",81
"henstra2012",81
"ijssennaggervanderpluijm2017",81
"jansson1997",867
"jesch2004",81
"juul2017",81
"kleiminger1993",868
"knol2001",81
"knol1993",81
"knol1999",81
"kramer2000",81
"kramer1996",81
"baume1952",81
"lebecq1983",81
"lund1990",81
"lund2003",21
"mcleod2007",81
"nelson2008",81
"nicolay2014",81
"nijdam2009",81
"nasman2006",115
"price2009",81
"prummel2000",81
"prummel2001",81
"pohl1998",81
"reimitz2008",81
"reuter1991",81
"richards2010",81
"roesdahl1996",227
"roesdahl1992",81
"roxburgh2013",81
"samplonius1998",81
"sindbaek2008",159
"steuer1974",81
"tummuscheit2018",81
"urbanczyk2009",81
"wawn2002",81
"zettel1977",81
"benecke1994",271
"bergmannnd",271
"cluttonbrock1999",271
"cluttonbrock2012",271
"damm2000",271
"davis1978",271
"degerbol1933",271
"driscoll2009",271
"driscoll2007",271
"engels2001",271
"ewing1981",271
"faure2009",271
"french1988",271
"gotfredsen2017",271
"grigson1969",271
"grigson1989",271
"hatting1990",271
"hatting1991",271
"hatting2004",271
"jansen1988",271
"johansson1987",271
"jorgensen1992",115
"kitchener1991",271
"knospe1988",271
"kratochvil1973",271
"kratochvil1976",271
"kratochvil1977",271
"kveiborg2007",271
"meadow1989",271
"mohl1961",271
"mohl1971",271
"mohl2010",271
"nyegaard1998",271
"oconnor2007",271
"ostergaard2016",271
"ottoni2017",271
"petrov1992",271
"pitakarnnop2017",271
"rantzau2015",271
"steineke2017",271
"tchernov1984",271
"tchernov1991",271
"tomtov2009",271
"tomtov2008",271
"tomtov2003",271
"neer2014",271
"vigne2015",271
"vigne2004",271
"zohary1991",271
"andersen2003",869
"andrews1997",870
"samling1985",871
"auch2012",872
"barrett2007",873
"becker1979",874
"bencard1973",875
"bencard1974",876
"bencard1979",877
"bencard1970",878
"benderjorgensen1991",879
"benderjorgensen2004",880
"blackmore2001",881
"bult1988",882
"callmer1981",883
"callmer1984",202
"capelle1980",884
"croix2014b",885
"demannd",886
"ennen1972",887
"feveile2010",888
"feveile1998",889
"frandsen1986",890
"frandsen1987",891
"frandsen1988",892
"frandsen2006a",893
"haarnagel1941",894
"haarnagel1963",895
"hamerow2007",896
"hamerow2011",897
"harris1975",898
"helle2006",86
"herrmann1978",899
"herrmann1982",100
"herschend2009",95
"hines1994",141
"hodges1988",900
"hodges1996",901
"jagodzinski1991",902
"jankuhn1971",903
"jankuhn1985",904
"kuzmin2000",905
"lucas2001",906
"lundstrom1981",907
"malcolm2003",908
"milek2007",117
"olsen1975",8
"reynolds1977",8
"sedov1985",8
"siegmuller2010",109
"stanislawski2011",8
"steuer1980",8
"steuer2007",909
"stiff2001",8
"sovso2010",8
"ufkes2011",8
"urbanczyk1994",8
"urbanczyk2007",8
"vanes2009",8
"bredsdorff1973",140
"mauritsen2015",140
"tornbjerg1989",140
"cluttonbrock1984",271
"adamsen2009",910
"adriansen2003",130
"andersen2010",128
"asingh2001",130
"axboe2010",130
"bjornskov2011",130
"voncarnapbornheim2012",130
"christiansen2008",130
"fabech1999",184
"fabech1995",170
"fischer1983",253
"garrison2009",130
"gregory1984",130
"hansen2012",130
"hardh1999",129
"hardh2003",205
"hedeager2001",15
"henriksen2000",130
"henriksen2010",130
"henriksen2011",211
"horsnaes2002",130
"horsnaes2010",911
"iversen1993",130
"jorgensen2001",179
"kristiansen1981",130
"makeler2003",130
"moesgaard2009",130
"museumsloven2006",130
"nielsen2012",130
"nielsen1993",130
"olsen2009",130
"paulsson1999",253
"petersen1991",129
"rasmussen2007",130
"sorensen1991",912
"eds1998",130
"thrane1991",130
"thomas2012",913
"ulriksen1994",130
"ulst2012",130
"ames2012",179
"angelbeck2012",179
"bican1992",179
"brink1998",255
"callmer1995",265
"carballo2016",179
"carlsson1989",914
"christaller1933",915
"christensen2014",179
"crumley1976",179
"dam2015",179
"earle2015",179
"fabech1998",21
"foucault1980",179
"foucault1997",179
"gammeltoft2012",229
"giddens1976",179
"gogsigjakobsennd",179
"helgesson1998",179
"hirth1996",179
"iversen2011",916
"jorgensen1998",179
"larsson2003",179
"mcguire1996",179
"myrdal2011",179
"ramskou1970",179
"saitta1998",179
"skre2010",917
"trigger2003",918
"ulsig2011",179
"aarissorensen2004",271
"abrams1989",172
"aufderheide1998",172
"barnes1994",149
"bass1995",172
"beard2000",172
"brettell2012",172
"brothwell1972",172
"buckberry2004",172
"buckberry2007",172
"buckberry2010",172
"buckberry2002",172
"cox2000",172
"darling2003",260
"daux2008",191
"ericson1985",139
"evans2006",191
"evans2010",256
"evans2012",172
"hadley1997",172
"hadley2000",182
"hadley2001",172
"hadley2002",919
"hadley2005",172
"hall2000",172
"hamilton2014",172
"hedges2007",70
"iscan1984",172
"iscan1985",172
"liden1994",172
"longinelli1984",191
"lovejoy1985",192
"lucy2005",172
"map2005",172
"maresh1970",172
"mays2000",172
"meindl1985",172
"montgomery2007",172
"montgomery2009",172
"montgomery2011",172
"rasmussen2001",140
"tornbjerg1994",140
"adams1992",920
"aldeias2016",921
"arroyokalin2017",922
"baneijea2015",923
"barker1977",924
"benyarku2005",925
"berggren2003",926
"borderie2015",927
"borderie2019",928
"bowsher2007",929
"burch2011",930
"canti2001",931
"carver2005",111
"carver2009",932
"carver2012",933
"carver2016",934
"carver2015a",935
"chadwick1998",936
"clark1992",937
"courty1989",194
"deroo2016",938
"doneus2005",939
"drewett1999",940
"fao2006",941
"fedele1984",942
"c2006",943
"feveile1984",944
"frandsen1984",945
"french2015",946
"friesem2017",947
"galeazzi2016",948
"gasche1983",949
"ge1993",168
"geus2018",950
"goldberg2003",951
"heimdahl2005",117
"hodder1992",952
"hodder1997",953
"huisman2017",954
"hummler2015",955
"jupiter2018",956
"karkanas2018",97
"kimball2016",957
"kooistrand",958
"kraling2014",959
"kristiansen2014",960
"krupski2017",961
"langohr1994",168
"larsson2001",962
"larsson2009",963
"macphail2010",194
"macphail2003",97
"mallol2017",964
"g2017",965
"nicosia2013",117
"opitz2015",966
"pavel2012",967
"rentzel2017",968
"ropke2017",969
"roskams2001",970
"saunders2000",971
"schiffer1987",196
"sode2010",972
"stoops2003",117
"tassie2015",973
"turney2005",974
"valente2017",975
"vanriel2016",976
"vepraskas2018",977
"verleyen2017",978
"vince1995",979
"weiner2010",97
"westman1994",980
"wouters2018",981
"wouters2019",982
"wouters2017",983
"jorgensen1991",170
"riberhus1990",8
"posthusskulptur1993",8
"adderley2010",168
"akeret2001",168
"bellens2012",117
"ball2009",168
"borderie2011",117
"brown1984",168
"bullock1985",117
"cammas2000",168
"cammas2001",168
"davidson2003",168
"devos2012",168
"devos2009",117
"devos2011",168
"fechner2004",168
"fondrillon2007",168
"fondrillon2009",117
"fredlund1994",168
"french2003",168
"gebhardt1999",168
"goldberg2006",194
"guelat1998",168
"guttmann2006",168
"jacobs2010",168
"kaplan1992",168
"kiden1991",168
"kiden2006",168
"langohr2001",168
"langohr1976",168
"macphail1994",97
"macphail2001",194
"macphail2004",194
"macphail2007",194
"madella2012",168
"madella2005",168
"matthews2010",168
"nicosia2012",117
"pape1966",168
"pieters1990",168
"romans1983",168
"simpson1998",168
"simpson2000",168
"simpson2005",984
"tys2010",117
"vandewalle1961",117
"vanes1980",168
"vanheeringen1995",168
"verhaeghe2005",117
"verhulst1978",117
"vrydaghs2004",168
"vrydaghs2007",168
"wood1978",168
"wouters2012",117
"sorensen2007",130
"tymorsdetektor2012",130
"watt2000a",130
"randsborg1994",129
"ulriksen2013",130
"randsborg2007",130
"portableantiquitiesscheme2012",130
"leethorp2008",172
"tainter1988",50
"hegmon2008",50
"vesteinsson2007",985
"vesteinsson2010",230
"mcgovern2009",50
"church2005",50
"trigg2009",986
"fredskild1991",50
"adderley2005",50
"adderley2006",987
"mcgovern2006",50
"perdikaris2007",51
"perdikaris2008",988
"karlsson2000",50
"mainland2005",50
"brewington2010",50
"meldgaard1986",50
"vesteinsson2004",50
"church2007",225
"arnalds1987",50
"sveinbjorndottir2010",50
"mcgovern1988",50
"arneborg2004",50
"berkes2000",50
"mcintosh2000",50
"vasey1996",50
"mikkelsen2008",50
"barlow1997",50
"patterson2010",50
"meeker2002",50
"oppenheimer2003",50
"ogilvie2009",989
"cantor2001",50
"mageroy1993",50
"gullov2008",50
"ogden2007",172
"yorkarchaeologicaltrust1998",282
"draganits2014",5
"ackermann1999",990
"agren2007",991
"ambrosiani2008",992
"anundsen1985",993
"bill2010",87
"bird2008",994
"brogger1916",995
"carver1994",996
"challis2006",997
"chappell1986",998
"church2011",999
"cuslrg2013",1000
"clark2009",1001
"crutchley2010",1002
"davis2000",1003
"doneus2011",1004
"doneus2013",281
"ekman1996",281
"ekman2009",281
"eliassen2009",281
"falck2013",281
"fleming1998",281
"gansum1997",281
"gansum2007",281
"gansum2008",110
"gansum2009",281
"gron1998",281
"hafsten1983",281
"hedeager1988",281
"henningsmoen1978",281
"hesnard2004",281
"hesse2010",281
"jerpasen1993",281
"jerpasen1996",281
"keller1993",281
"keller1994",281
"kierulf2012",281
"klakegg1991",281
"kokalj2011",281
"lambeck1995",281
"lambeck2010",281
"lisiecki2005",281
"mangerud2011",281
"mitrovica2010",281
"morhange2010",281
"myhre1994",176
"myhre1996",1
"myhre2013",281
"nhs2011",281
"nicolaysennde",281
"ostigard2009",281
"olesen2004",281
"otvos2000",281
"passe2001",281
"pirazzoli1991",281
"persson2008",281
"persson2011",281
"persson2012",281
"pirazzoli1996",281
"pugh2004",281
"risbol2009",281
"simpson2012",281
"solberg2003",95
"sorensen1999",281
"stabell1980",281
"stular2012",281
"tartaron2013",281
"trinks2007",162
"vestol2006",281
"vorren2008",281
"watts2001",281
"wehr1999",281
"westerdahl1996",281
"woodroffe2002",281
"abulafia2011",121
"angenendt2008",121
"armstrong2009",121
"arrhenius2011",121
"augenti2010",121
"battaglia2001",121
"behr2014",121
"museum2009",121
"bougard2008",121
"bowden2012",121
"broodbank2013",121
"mullerwille2007",121
"dietrich2012",121
"doherty1985",121
"ekelund1994",121
"gelichi2010",121
"gelichi2013",121
"gelichi2012",121
"henning2007",121
"henning2008",121
"herschend1992",121
"hill1997",121
"horden2000",121
"kelly2000",121
"kocabas2008",121
"lane2000",121
"lebecq2000",121
"liebeschuetz2000",121
"loveluck2005",121
"loveluck2007",1005
"loveluck2012",121
"lowe2006",121
"maldonadoramirez2011",121
"marazzi2004",121
"marsawa2011",121
"mccormick1997",121
"mccormick2007",1006
"mithen2011",121
"mullerwille2010",121
"nielsen1994",184
"dwyer1981",121
"maidin1996",121
"osullivan2013",121
"skre2012",121
"soderberg2004",121
"arbman1943",114
"barrett1991",44
"belk1988",44
"bruck2004",44
"carlsson1983",1007
"devlin2007",149
"fowler2004",23
"eriksson2014",44
"gosden2004",128
"imer2011",44
"jones2005",129
"keynes1983",1008
"king2004",44
"krause1966",44
"lemonnier2012",44
"maixner2005",129
"parkerpearson1999",153
"pearce2013",44
"linder2014",44
"stenberg2007",44
"stenberg2008",44
"akademiens2014",44
"thunmarknylen1983",44
"thunmarknylen1986",44
"thunmarknylen1998",37
"tolkien1954",44
"tollerton2011",44
"tsigaridasglorstad2012",1009
"webmoor2008",95
"alberti2016",109
"ambrosiani1993",128
"aries1962",109
"bo1967",109
"backe1993",12
"bantelmann1955",109
"bloch1995",157
"brink2012",1010
"brown2008",109
"bruck1999",157
"callow2006",1011
"cannon2015",109
"capelle1987",157
"cuijpers1999",109
"dedet1990",109
"eriksen2010",4
"eriksen2015",157
"gamble2007",109
"gejvall1955",109
"gell1998",109
"gottlieb2004",109
"grindkasa2012",157
"haarnagel1979",170
"hamerow2006",204
"hamilakis2013",4
"hansen2006",109
"harris2010",109
"hausfater1984",109
"holck2008",109
"hrdy1992",109
"hrdy1999",109
"jones2010",109
"jorgensen2014",163
"kamp2001",109
"karsten1994",22
"kaul2003",21
"lally2011",109
"lally2008",109
"lancy2008",109
"lillehammer1989",109
"lillehammer2008",109
"lillehammer2011",109
"lunde2011",1012
"menotti2014",109
"meskell2002",109
"mithen2000",109
"moore2009",109
"mundal1987",1013
"mundal1988",1014
"murphy2014",109
"naumann2012",109
"nielsen1987",109
"nielsen1986",1015
"pentikainen1990",109
"renck2000",157
"roslund1990",109
"runge2009",109
"sawyer1992",21
"scheperhughes1992",109
"schlabow1953",109
"schutz2001",109
"sellevold1987",109
"sofaerderevenski2000",1016
"tarlow2000",82
"toedter2001",109
"ucko1969",109
"viveirosdecastro2004",109
"welinder1998",1017
"domeij1994",123
"domeij2004",1018
"shetelig1944",123
"steuer1994",123
"tomasdotterjakobsson1992",123
"tilley1994",123
"verhulst1999",121
"wheatley1969",121
"wheatley1971",121
"wataghin2011",121
"wickham2012",121
"carver1993",121
"willemsen2010",121
"grimnesmal1985",19
"landnamabok1997",19
"andreeff2007",19
"andren1993",37
"andren1997",19
"arrhenius1970",19
"bardseth2009",19
"beck2010",19
"bell1992",1019
"bertell2006",19
"blanton1995",19
"blier1987",157
"heyerdahllarsen1995",114
"bourdieu1977",31
"bradley2005",1020
"brendalsmo1992",31
"carlie2006",204
"davidson1964",19
"davidson1968",19
"davidson1993",19
"decerteau1984",19
"eriksen2011",19
"feilberg1907",19
"fendin2006",19
"fredriksen2002",31
"gardela2011",136
"gennep1960",19
"geschwind2005",19
"graslund1969",19
"gurevic1969",19
"hagberg1937",207
"hallans1997",19
"heide2006",205
"herschend1997",184
"hillier1984",19
"holmquistolausson1990",46
"holmquistolausson1996",19
"holmqvist1961",19
"holmqvist1933",19
"johansson1993",19
"kaliff1997",155
"kjos2009",19
"komber1989",19
"kristensen2010",95
"kristoffersen2000",19
"kristoffersen1999",19
"kristoffersen2010",95
"lakoff1980",31
"lang1984",175
"larrington2007",19
"petersen1933",19
"ramqvist1992",254
"reynolds2009",68
"rodsrud2007",194
"ronne2008",19
"rundkvist2012",26
"sander1997",19
"schmidt1999",33
"skov2002",19
"soderberg2006",163
"solheim1965",19
"steinsland2005",23
"stutz2006",1021
"stutz2008",19
"stutz2010",19
"trumbullnd",19
"tuan1977",19
"turner1967",19
"turner1977",270
"unwin2007",19
"unwin2009",19
"weibull1911",201
"weibull1918",19
"wilson1988",157
"wylie1985",19
"dansgaard1964",150
"eriksson2008",191
"fischer2007",191
"fuller2003",260
"hillson1996",191
"hoppe2003",191
"ingramnd",191
"aberg1987",133
"birck1986",191
"chenery2010",1022
"muldner2005",191
"oneil1994",191
"polet2003",191
"privat2007",191
"richards1998",175
"schroeder2013",191
"sealy2001",203
"sealy1995",260
"vennemann2002",191
"voerkelius2010",256
"white1998",51
"lecolle1985",191
"levinson1987",260
"liden1995",191
"lykoudis2007",191
"mann2003",120
"moberg2005",1023
"montgomery2005",260
"montgomery2010",191
"almgren1967",8
"ambrosiani1988",47
"ambrosiani1995",47
"ambrosiani1999",202
"arwidsson1989",205
"burenhult1984",47
"carcopino1984",47
"ermatinger2015",47
"guliaev2003",47
"hall2016",47
"hedenstiernajonson2018",47
"jones1968",47
"lancianind",47
"lindquist1978",1024
"lindquist1984",47
"ringstedt1997",1025
"roesdahl1992a",21
"sandberg1994",1026
"selling1940",47
"stenberger1964",1027
"whittaker2006",47
"carver2010",64
"yenikapi2008",121
"schulzedorrlamm1998",269
"baastrup2007",269
"baastrup2005",129
"haberstroh2008",269
"ramskou1950",269
"sovso2011",269
"ulriksen2003",269
"ulriksen2006",1028
"arrhenius1960",286
"behmblancke1973",129
"birkedalchristensen1991",129
"bode1998",129
"callmer1999",223
"carnapbornheim1997",129
"drescher1983",231
"fallgren2016",129
"feveile2014",211
"fiedel2011",129
"frick1993",129
"fuglesang1985",138
"gjedssobertelsen1991",129
"gjedssobertelsen1992",129
"haackolsen2005",129
"haldenby2010",129
"hedegaard1989",129
"hedegaard1992",129
"hellesolesen1992",129
"henriksen1998",129
"henriksen2002",129
"hines1997",31
"hoilundnielsen1984",129
"hoilundnielsen1991",231
"hoilundnielsen2011",129
"hoilundnielsen2006",128
"hardh2011",129
"johansen1992",129
"jouttijarvi2002",65
"klindtjensen1957",129
"lonborg1999",129
"madsen1990",129
"maixner2015",129
"mclean2007",129
"moesgaard2012",129
"moesgaard2008",129
"nerman1969",129
"reichstein1975",129
"sarauw2014",129
"schulzedorrlamm1986",129
"stromberg1961",22
"trierchristiansen2017",129
"watt1991",15
"wahlin2014",129
"zimmermann2015",129
"unmarknylen1981",47
"bremen1975",1029
"tacitus2003",1030
"ambrosiani1985",162
"andersen2009",171
"andersson2008b",1031
"andren1991a",1032
"anglert2006",1033
"arne1937",13
"arrhenius1986",13
"artelius2008",13
"biuw1992",1034
"bland1993",13
"bradley2000",30
"price2008f",13
"back2009",128
"carlie1998",13
"ross1994",1035
"conti1999",13
"rosengren1997",13
"green1995",13
"hannestad1986",13
"hansen1989",13
"hansen1996",170
"hauck1984",1036
"ruprecht1992",13
"hellberg1967",13
"hjarthnerholdar2008",13
"holmqvist1972",13
"holmqvist1969",13
"hultgard1995",13
"ilkjaer1990",15
"jeppesen2004",169
"johansen1989",13
"johns1994",13
"jong2001",13
"jorgensen1994",129
"lamm1989",13
"lamm1999",13
"lindeblad2007",13
"lundqvist1997",204
"lundstrom1988",13
"milburn1989",13
"montanari2001",13
"mortensen1988",15
"myrberg2005",19
"nilsson1992",13
"nylen1988",13
"nasman1993",13
"ringtved1991",13
"sanden2001",13
"sawyer1985",13
"simek1993",30
"skovgaardpetersen1981",13
"price2008h",14
"staecker1999",136
"strid1993",13
"price2008i",13
"sorensen2008",13
"sorensen1985",13
"sorensen2000b",262
"savborg2003",13
"theuws2001",13
"thomsen1994",13
"thrane1987",13
"thrane1982",13
"vierck1981",36
"vikstrand1996",13
"wes1992",13
"widgren1998",13
"stiegemann1999",269
"wieczorek2000",269
"st1916",263
"croinin1997",263
"jezek2011",263
"macairt1983",1037
"schuldt2011",263
"scott1978",263
"byrne1973",263
"warner1997",263
"dunbabin2002",263
"kelly2011",263
"thiaw2011",263
"toch2000",263
"toch2014",263
"mikulcice1973",263
"machacek2013",263
"kenny1986",263
"kruse1995",263
"borkovsky1954",263
"graus1957",263
"davidson1992",1038
"hanuliak1995",263
"hope2010",263
"redknap2004",263
"hills1984",263
"hirst1985",1039
"forexample1997",263
"hall1978",263
"machacek2010",263
"kjellstrom2009",1040
"aalto2014",8
"ahola2014a",8
"bartlett1993",8
"brondsted1979",8
"buko2008",183
"fellowsjensen2008",8
"foote1970",108
"gravesbrown1996",8
"hall2007",8
"hannestad1970",8
"heininen2014",8
"ingstad1977",8
"jakobsen2015",8
"jansson1991",8
"kakonen1998",8
"konsa2008",186
"laakso2014",8
"lamm1928",8
"mcdonald2014",8
"moesgaard2011",8
"mohen1992",8
"nerman1958",150
"noonan1997",8
"pries2014",8
"rahtz1983",8
"richards2005",8
"rimbertnd",8
"roesdahl2012",8
"roslund2001",8
"sawyer1997",8
"schalin2014",8
"sindbaek2015",8
"stockmann2015",8
"talvio2014",8
"williams2013a",26
"winroth2014",8
"zak1963",8
"zak1967",8
"ulriksen2002",129
"hoilundnielsen1987",231
"barfod2016",1041
"callmer2001",1042
"christophersen2015",1043
"clark2007",46
"costin2001",1044
"cotton1933",1045
"dobres2000",241
"dobres2014",1046
"feveile2001c",1047
"c2006a",1048
"feveile2008",1049
"flad2007",1050
"gebers2004",1051
"henderson2000",1052
"hodges2000",180
"holback1999",1053
"hybel2007",1054
"jacobs2016",1055
"jankuhn1983",1056
"jennings2016",1057
"jervis2016",1058
"latham2009",1059
"latour2005",1060
"leroigourhan1964",1061
"linaa2015",1062
"lonborg1992",1063
"lonborg1998",1064
"mainman2000",143
"neiss2012",1065
"oexle1992",1066
"oldeberg1966",1067
"orfanou2018",1068
"ottaway1970",1069
"parkinson2013",1070
"pirenne1927",1071
"ramquist1992",1072
"renfrew1994",81
"rimbert1961",81
"sage1984",81
"schortman2004",81
"smith2009",81
"smith2017",81
"trigger1986",81
"ur2014",81
"voncarnapbornheim1996",81
"wailes1996",81
"wickham2009",81
"wirth1938",81
"alberti2009",17
"andersson1997",17
"aspock2011",17
"effros2002",17
"fahlander2008",1073
"fahlander2010",17
"fahlander2013",17
"fahlander2014",17
"gansum2004",154
"hastrup1985",17
"hedjakobsson2011",17
"holback2016",17
"holbraad2010",17
"holbraad2017",17
"holloway2008",17
"klevnas2015",17
"klevnas2016",17
"kummel2005",17
"olsson2007",17
"orchard2003",17
"orchard2004",17
"perabo2017",17
"runer2014",17
"salmond2014",17
"stoklund2004",17
"tesch2015",17
"watts2013",17
"wickholm2008",17
"wikstrom2006",17
"williams1998",17
"williams2005",1074
"henning1992",263
"liebermann1903",263
"ludvikovsky1978",263
"campbell1998",263
"klaniczay1985",263
"mccormick2005",263
"obrien2005",263
"davies2010",263
"valante2000",263
"trestik2015",263
"kenny1987",263
"machacek2017",263
"aspock2008",135
"galuska2004",263
"galuska2015",263
"schuldt1960",263
"mcdonough1995",263
"klaniczay1953",263
"arwidsson1942",1075
"arwidsson1954",1076
"arwidsson1983",30
"behmblancke2003",12
"boeheimnd",12
"bohner1958",12
"brucemitford1975",1077
"chaney1970",12
"claessen1978",12
"colgrave1992",12
"cumontnd",12
"dagron2003",12
"ellmers1970",36
"erkens2002",12
"filmersankey1996",12
"frazernd",12
"funcken1977",12
"gage1988",12
"goodman1969",12
"hagen1992",12
"hanke2001",12
"harke1992",12
"hopetaylor1977",169
"johansen1932",12
"krausse1999",12
"latte1988",12
"lind2003",12
"mercer1929",12
"minkenberg2003",12
"ullerwille1970",12
"nielsen1996",12
"oconnor1989",1078
"pieper1989",12
"richards1992",12
"service1971",12
"siebert1999",12
"sten1988",150
"stepper2003",12
"steuer2004",12
"vadstrup1997",12
"devries1956",1079
"werner1986",12
"winkelman1996",12
"anthony1990",1080
"arnold1990",1081
"burmeister2000",139
"clarke1973",1082
"dennell1996",176
"haak2010",250
"james1999",149
"kohl1995",176
"kristiansen2017",1083
"richards1996",70
"schiffels2016",1084
"shennan2013",75
"trigger1984",176
"andersen2015",211
"andersen1984",211
"andersen2000",211
"andersen2001",211
"bolander2013",211
"borg1998",211
"feveile2016",211
"gabriel1988",211
"gross1993",211
"jacobsen2001",211
"jantzen1998",211
"kastholm2011",211
"klemensen2000",211
"knorr1938",211
"krabath2001",211
"madsen1999",211
"sabo2013",211
"skaarup2001",211
"jahrhundert1997",211
"skaarup2000",211
"timpel1987",211
"ulriksen2000",211
"voss1961",211
"wagnkilde1999",211
"wagnkilde1997",211
"beck2016",211
"bailey1984",76
"ballard2003",76
"bonacich1973",76
"bradley1988",76
"carey1997",76
"cohen1971",76
"collingwood1927",76
"curtin1984",76
"downham2009",244
"downham2010",76
"downham2012",76
"edmonds2009",76
"edmonds2014",76
"edwards1990",76
"freedman1960",76
"gibbons2003",76
"gourgouris2005",76
"griffiths2004",76
"james1978",76
"jesch2008",76
"johnson1999",76
"johnson2004",76
"lang1987",76
"levi2001",76
"markovits2002",76
"marstrander1916",76
"maxwell1998",76
"mcniven2003",76
"mcpherson1993",76
"murray2004",76
"nurse1985",76
"ocorrain1978",76
"ofloinn1987",76
"ofloinn1998",76
"oka2008",76
"omeara1982",76
"sheehan2001",1085
"sigurdsson2000",76
"smith1927",76
"stacey2007",76
"tan1979",76
"tan1993",76
"tsagarousianou2004",76
"wallace1987",76
"brink2006",13
"fabech2006",159
"herschend2006",71
"lindqvist1941",37
"sorensen1994b",16
"liden1996",13
"brink1996",125
"albrethsen1986",118
"amorosi1998",118
"arneborg2000",118
"barlow2001",118
"berglund1986",118
"bond1998",118
"brewington2007",118
"buckland1996",118
"buckland1991",118
"dawson2003",118
"dennis1993",118
"dugmore1991",118
"dugmore2006",118
"dugmore1994",1086
"edwards1982",118
"kristjansson1993",118
"krogh1974",118
"lynnerup2000",118
"lynnerup2003",118
"mairs2006",118
"mason1998",1087
"mayewski2002",118
"mcghee1984",261
"mcghee2002",118
"mcgovern1979",118
"bones1992",118
"thomas2001",118
"ogilvie2000",118
"olafsdottir2001",118
"perdikaris1999",118
"petersen2000",118
"schledermann2003",1088
"seaver1996",118
"simpson2001",118
"spufford2006",118
"sutherland2000",261
"vesteinsson2000",183
"androshchuk2005",37
"burstrom1990",14
"callmer2004",6
"christensen1981",1089
"christensen1997",287
"damsholt1984",1090
"dommasnes1979",176
"dommasnes1991",1091
"ellis1943",1092
"p2008",1093
"ewing2006",1094
"gardela2009",1095
"graslund1994",188
"gron1994",135
"harrington2007",1096
"smith2004",159
"holck2006",37
"ingstad1992",176
"jochens1996",1097
"jochens1998",6
"jorgensen2005",33
"larrington1999",1098
"lauritsen2003",135
"nordberg2002",207
"paulsen1956",99
"andersen1922",1099
"sellevold1984",158
"skaarup1976",114
"stalsberg1991",1100
"stalsberg2001",1101
"stylegar2007",114
"vangpetersen2005",135
"bolander2017",211
"henrikson2001",211
"henrikson2002",211
"jensen2011",211
"bakka1993",95
"bukkemoen2007",1102
"chapman1999",95
"barndon2006",1103
"gjerpe2007",95
"graslund1995",10
"hanisch2000",95
"howardjohnston1993",1104
"kristoffersen1985",95
"lie1992",95
"lowenborg2012",108
"magnus1983",95
"landbruk2008",95
"nielsen2007",170
"robin2002",95
"soma2006",95
"tringham1995",95
"valum2011",95
"ostigard2007",95
"anglert1989",110
"andersson2001",110
"berglund2017",1105
"brendalsmo2006",110
"christie1974",110
"ellingsen2012",141
"eidshaug2016",110
"forseth2017",110
"gronnesby1998",110
"guttormsen2002",110
"henriksen2007",110
"heaney1999",110
"herschend1998",110
"holmsen1976",110
"jensenius2010",110
"jensenius2018",1106
"mokkelbost2015",110
"nordeide2006",110
"rian1992",110
"roskaft2005",110
"sauvage2016",110
"skre1988",110
"steinsland1994",262
"nielsen2002",211
"aberg1995",1107
"blum2000",1108
"burton1999",1109
"frei2009",256
"grupe1997",89
"gustafsson2000",14
"horwitz1992",195
"jorkov2010",68
"knudson2004",139
"larsen2006",128
"pollard2011",260
"price1992",1110
"price1994",1111
"price1998",68
"price2007",1112
"yoder2010",68
"sugden1982",118
"vesteinsson2002",230
"gardela2007",5
"bjorn1943",288
"dronke1969",288
"dronke1997",288
"einar1934",288
"ol1954",288
"bordarson1935",288
"faulkes1987",288
"jonsson1929",288
"jonsson1976",288
"palsson1972",288
"hollander2000",288
"hollander2002",288
"vesteinn2003",288
"wasko2006",288
"zaluskastromberg1973",288
"zaluskastromberg1986",288
"adolfsson1995",288
"carelli2006",288
"arne1941",288
"arrenhius1961",288
"backdanielsson2001",288
"baines1977",288
"gardela2025",288
"heggstad2006",288
"ingstad1995",288
"jesch1996",288
"kristjansson2007",288
"kempinski2003",288
"kiil1960",288
"kosman1989",288
"kyhlberg1980",1113
"mckinnell2000",288
"mcturknd",288
"monsen1969",288
"moszynski1967",288
"motz1996",288
"neustupny2001",288
"nordstrom2006",288
"raudvere2003",288
"renfrew2000",288
"resiheid2002",288
"ringquist1969",288
"wallis2000",288
"wallis2001",288
"wujewski1991",288
"arneborg2002",118
"edvardsson2004",118
"lynnerup2007",118
"scudder2001",157
"thorsdrapa1900",157
"sourcesalberti2009",157
"amundsen2014",157
"bruck2013",157
"carlie2004",157
"carsten1995",157
"cleasby1957",157
"gansum2003",157
"gerritsen1998",157
"herschend2003",220
"ingold2006",157
"kristiansen2013",157
"levistrauss1983",157
"renck2008",157
"risbolnielsen1995",157
"thomas2015",157
"williams2001",157
"andrews2006",1114
"appelgren2007",1115
"appleby2013",1116
"aspeborg2007",1117
"burenhult2002",1118
"ersgard2006",1119
"hallansstenholm2012a",17
"klevnas2013",17
"latour1999",17
"lundstrom2004",17
"mejsholm2009",1120
"montell1996",17
"nilssonstutz2003",136
"olausson1993",162
"olofsson2006",17
"salmond2012",17
"theliander2010",17
"vinberg2015",17
"wuopio2015",17
"skrede2005",1121
"glorstad2013",95
"helga2001",175
"andersen2002",1122
"sayer2009",99
"ynglingesaga1979",29
"alcock1991",29
"als2006",29
"barrett2001",74
"bjorgo1995",29
"blindheim1947",29
"blindheim1976",29
"blindheim1978",29
"blindheim1981",29
"bodal1998",29
"boe1934",29
"braathen1989",29
"callaway1987",29
"cessford1996",29
"crane2002",29
"damsholt2003",29
"demarrais1996",29
"enright1986",29
"etchingham2001",29
"fuglesang1972",29
"goodacre2005",29
"grahamcampbell1976",29
"grahamcampbell1983",29
"grahamcampbell1987",29
"gupta1992",29
"gustafson1900",29
"hall2004",1123
"hammerton2004",29
"harlow2004",29
"hedeager1998",29
"hedeager2005",155
"hedeager2007",29
"helgason2000",66
"helgason2001",70
"hougen2006",29
"janes1996",29
"jenkins1997",29
"johansen1973",173
"jondell1974",29
"kaland1995",29
"kertzner1988",29
"larsen2001a",225
"larsen1978",29
"levine2004",29
"macdermott1955",29
"magnus1975",29
"mahr1941",29
"malmius2003",29
"nieke1991",29
"nieke1988",29
"olsen2000",83
"paisley2004",29
"pedersen2010",4
"petersen1928",29
"ryste2005",23
"skibstedtklaesoe1999",29
"staecker2003",29
"stafford1998",29
"stenberger1958",205
"stevenson1974",29
"stevenson1987",29
"stevenson1989",29
"stoler2002",29
"sveaasandersen1977",29
"trenchjellicoe1999",29
"tsigaridasglorstad2010a",29
"vandommelen2002",29
"whitfield2001",29
"whitfield2004",29
"wilson1973",29
"nilsson2007",17
"hennius2008",253
"henriksen2003",253
"holme2000",253
"rundkvist2008",1124
"kristoffersen2009",95
"aqvist2006",220
"arrhenius1990",163
"bornaahlkvist1998",220
"carelli2001",220
"carlsson1979",220
"rasmusen1999",220
"dodgshon1980",220
"fallgren1993",220
"gothberg2000",220
"gurevich1992",220
"herschend1988",220
"hoff1984",220
"hoffman1975",220
"holst2004",226
"hvass1988",226
"jorgensen1987",220
"kaldalmikkelsen1999",220
"liedgren1997",220
"lillehammer1999",160
"olsen1997",176
"petersson2006",1125
"porsmose1988",184
"rasmussen1999",220
"riddersporre1995",220
"ringstad1991",220
"roberts1987",220
"selinge2001",220
"sundqvist2002",108
"thunmark1979",220
"allentoft2015",1126
"brather2004",202
"cabana2011",1127
"childe1929",147
"greenblatt2009",1128
"harrison2007",68
"lazaridis2014",192
"muller2001",1129
"patterson2012",192
"prescott2013",176
"price2004",74
"shennan1989",241
"skoglund2012",1130
"sigfusson1940",1131
"bjorn1943a",1132
"ol1934",1133
"kunz2001",1134
"larrington1991",1135
"tolkien1960",1136
"jakobsson2001",39
"backdanielsson1968",39
"carlsson1999",39
"daviskimball2002",39
"dieck1975",39
"dillmann2006",39
"dommasnes1978",39
"davidson1972",39
"davidson1996a",39
"hedenstiernajonson2014",192
"hernaes1984",39
"katrin2005",39
"kalinke1986",39
"eldjarn2000",159
"lokka2014",39
"majchczack1997",39
"nadolski1954",39
"pestell2013",104
"petersen1992",39
"sauckel2013",39
"samson1991",39
"straubhaar2002",39
"straubhaar2011",39
"strom1954",39
"svanberg2000",1137
"tolley2009",39
"riksantikvarieambetet2011",253
"henriksen2006a",253
"attar1990",256
"benson2006",256
"bergfjord2012",256
"frei2010a",256
"geus2004",256
"hald1950",256
"heier2009",256
"kohn1999",256
"mannering2011",256
"morita1986",256
"rosborg2003",256
"enright1996",1138
"gotfredsen2013",5
"albarella2004",290
"albarella2001",290
"degerbol1948",290
"dobney2001",290
"enghoff2005",290
"graslund2004",195
"hamiltondyer2002",290
"zmbochenski2001",290
"hatting1998",290
"lepiksaar1966",290
"makowiecki2001",290
"mlikovsky2005",290
"muller1974",290
"oggins2004",290
"prummel1997",290
"serjeantson2011",290
"tomek2000",290
"tyrberg2002",290
"vretemark2010",290
"knipper2017",1139
"arrhenius1973",227
"bennet1987",254
"blidmo1976",254
"blidmo1981",254
"bratt2009",291
"eraesko1965",254
"eriksson2004",254
"oxford1967",1140
"ferenius1971",254
"fischer2004",254
"fischer2005",254
"fischer2009",254
"fischer2008",188
"gronwall1995",254
"gronwall2009",254
"hauck1977",154
"herschend1974",254
"hoilund2000",254
"horsnaes2008",254
"jonsson1992",254
"kyhlberg1985",254
"kyhlberg1999",254
"lallemand1965",254
"lamm1973",188
"lamm1972",254
"stockholm1976",254
"lorren1995",254
"lotter2003",254
"lundstrom1972",254
"magnus2008",1141
"ostergren1981",254
"ramqvist1983",254
"selirand1985",254
"sjovold1993",254
"stjernquist1994",254
"waller1996",1142
"eldjarn1948",236
"eldjarn1953",236
"gelsinger1981",249
"gragas1980",236
"grinderhansen2000",236
"gulatingslovi1937",236
"helle2001",215
"holt1998",1143
"johannesson1969",236
"jonsson1993",236
"olafsson1990",236
"risvaag2006",236
"soga1978",236
"soga1981",236
"soga1994",236
"williams2000",236
"ostergren1989",236
"fridriksson2000",1144
"keller2005",175
"artifact2000",175
"skovmann1942",175
"capelle1968",223
"grahamcampbell1990",244
"grahamcampbell1981",175
"lekberg2002",175
"stang1984",175
"blackburn1989",236
"haworth1990",236
"assmann1995",24
"bogucki2004",99
"duczko2000",100
"filipowiak1958",99
"filipowiak1992",99
"gorecki2002",99
"holtzmann1918",99
"jankuhn1934",99
"janocha1974",99
"janowski2009",99
"kara1991",99
"kola1946",99
"lowmianski1957",99
"morawiec1954",99
"nielsen1991",127
"rajewski1937",99
"ratajczyk2011",99
"rebkowski2011",99
"sikora2012",99
"schulte1918",99
"wojtkowiak2013",99
"zak1957",99
"duczko1996",1145
"hennius2007",1146
"jahrehorn2014",186
"peets2010",186
"storli2007",3
"boddington1996",1147
"geake1992",136
"hockart1938",1148
"sherlock1992",1149
"tomicka1975",287
"andersen1985",55
"mayor2014",1150
"regal2001",1151
"einarol1934",1152
"pedraza1991",222
"mcguire2009",222
"crowder2000",222
"reimers1999",222
"parle1995",222
"sjovold1917",222
"owen1994",222
"kobylinski1994",222
"halsall1996",222
"callow1995",222
"eldjarn1919",222
"townsend2000",175
"mytum2003a",175
"stummannhansen1996",175
"fanning2014",175
"larsen2000",45
"knudsen2007",175
"richards2007",250
"haugen1979",175
"saxogrammaticus1996",1153
"miller1997",1154
"ambrosiani1990",245
"barrett1997",45
"brogger1921",45
"bull1928",45
"hellan2014",45
"munch1962",45
"reitan2011",45
"resi1985",45
"rolfsen1977",45
"rundberget2007",91
"rygh1905",45
"rysstad1928",45
"skar1909",45
"sperber2004",45
"steinnes1926",1155
"wenn2017",45
"wenn2016",45
"wiker2013",45
"alexandersen1998",195
"behrensmeyer1978",35
"binford1981",195
"bliujiene2007",195
"bridault1992",195
"bronkramsey2013",178
"carlie2002",195
"carlie1993",195
"degrossimazzorin2002",195
"ewbank1964",195
"faulkes1995",195
"frei2013",195
"goodman1990",195
"grant1982",195
"graslund2002",262
"green1992",195
"grimm2008",195
"grimm2010",195
"prummel2008",195
"harris1931",195
"hatting1978",195
"hatting1985",195
"helmer1987",195
"henriksen2015",115
"hillson2000",195
"jennbert2006",26
"jorgensen2012",1156
"koudelkand",195
"kveiborg2013",195
"lauwerier2002",195
"legge1992",195
"loumand2006",195
"magnell2012",38
"may1985",195
"monikander2010",195
"morey2010",195
"morris2008",195
"nilsson2003",33
"nilsson2009",195
"noenygaard1990",35
"park1953",195
"payne1973",195
"primeau2012",195
"reimer2013",132
"reitz1999",195
"russell2012",195
"schanche2000",127
"scheuer2000",195
"schmid1972",195
"serjeantson1991",195
"shipman1984",195
"strom1985",195
"stuartmacadam1985",195
"ubelaker1989",195
"vanhaasteren1974",195
"vretemark1997",195
"referencesanderson2013",1157
"arundale1976",261
"arundale1981",1158
"ascough2005",1159
"ascough2006",1160
"ascough2007",1161
"ascough2009",1162
"ascough2014",1163
"austin2006",1164
"birgisson2013",1165
"bronkramsey2017",1166
"buonasera2015",53
"coltrain2003",53
"coulthard2010",53
"craig1957",53
"darwent2016",53
"dumond1987",53
"dumond2002",53
"einarsson2011",53
"fitzhugh1993",53
"fitzhugh2004",53
"friesen2016",53
"gronnow2017",53
"hajdas2014",53
"harritt1995",53
"smith2012",53
"smith2014",53
"smith2015",53
"smith2016",53
"heron2010",53
"holtved1944",53
"isaksson2010",53
"issenmen1997",53
"jull1996",53
"ledger2016",53
"linnamae1975",53
"mangerud1972",53
"mangerud2006",53
"maryrousseliere1976",53
"maryrousseliere1979",53
"mason1990",53
"mathiassen1927",53
"maxwell1973",221
"maxwell1980",261
"maxwell1985",261
"mccullough1989",221
"mcghee2000",221
"mcghee2009",53
"mcghee1976",53
"morrison1983",144
"morrison1989",149
"nilsen2017",53
"odess1996",53
"odess1998",221
"odess2004",261
"olsson1980",53
"ostergard2004",1167
"ostergard1999",53
"owen2002",53
"park1994",53
"park2004",261
"petterson2013",53
"possnert1997",53
"raghavan2014",192
"reimer2001",53
"rogers1998",261
"sabo1980",53
"sabo1978",261
"sayle2014",53
"sayle2016",53
"schledermann1978",53
"schledermann1980",221
"seersholm2016",53
"sinding2015",53
"sinding2017",53
"stuiver1986",53
"sutherland2002",261
"tauber1979",53
"taylor1995",53
"tremayne2016",53
"arrhenius2001",59
"magnus1997a",59
"bjgrgo1969",59
"gjessing1929",59
"gjessing1934",59
"glgrstad2010",59
"lillios1999",207
"magnus1999",59
"mannering2000",59
"munch1979",59
"nerman1975",59
"nylen1994",90
"petersen1905",59
"petersen1907",141
"ratke2006",59
"sjevold1974",59
"watt2004a",158
"williams1966",59
"aberg1924",59
"palsson1989",1168
"nordal1933",1169
"adalbjarnarson1941",1170
"andrea2011",89
"arnold1980",89
"benstead2006",89
"bjorck1995",89
"craig2006",89
"delrio2005",89
"fogel1989",89
"fuller2004",89
"grupe1986",89
"habicht1985",89
"harbeck2009",89
"huhneosterloh1997",89
"husterplogmann2006",89
"imhof1977",89
"james1972",89
"jenkins2001",89
"konnor1980",89
"lemke2005",89
"marold2001",89
"jahrgang2002",89
"jonsson1944",39
"palsson1962",39
"arwidsson1986",39
"jorpeland2013",39
"bersu1966",37
"dickinson1992",190
"duczko1989",39
"dundes1992",39
"eniosova2009",39
"fuglesang1989",39
"gardela2017",39
"grinsell1973",39
"gustafson1906",39
"hansson1938",39
"henriksen2013",39
"hildebrandnda",39
"hjardar2012",39
"harke1990",46
"hardh1976",39
"jagodzinski2010",39
"kivikoski1946",39
"lorangendb",39
"makarov2017",39
"mannering2017",39
"meaney1981",39
"melin2001",39
"morck1900",39
"novikova1998",39
"olsson1986",39
"pestell2012",39
"petersen1917",39
"robb2001",39
"rudzinski2009",39
"ryghnd",39
"samdal1905",39
"schnittger1920",39
"simonsson1969",39
"stenberger1947",39
"stenberger1953",39
"stenberger1956",39
"thoren1994",39
"thunmarknylen2006",39
"wetzler2017",39
"stjerna1905",59
"aanestad2015",66
"barrowman2011",66
"bond2016",66
"brundle2003",66
"carver2008",1171
"crawford1987",141
"dockrill2010",77
"forsyth2007",66
"gautier2016",66
"griffiths2010",244
"ritchie1977",149
"whitelock1979",277
"worsaaend",66
"arbman1933",276
"arbman1935",276
"grahamcampbell1992",244
"kleinglrtner2007",276
"nordin1990",276
"paulsen1937",276
"pedersen1996",1172
"sundkvist2001",276
"sturluson1993",276
"soderberg2007",276
"tesch1990",276
"tesch2007",164
"stockholm2007",276
"askeberg1942",96
"metcalf2003",96
"hakon2008",3
"ohs1985",3
"baastrup2013",49
"church2013",3
"dugmore2010",1173
"golledge2003",3
"gronnesby2015",3
"klaesoe1997",3
"myhre2000",3
"owen2004",3
"purcell2015",181
"rockman2003",230
"shetelig1927",3
"solli1996",75
"stenvik2001",141
"vandenoort2011",3
"weber1994",9
"weber1996",141
"westerdahl2015",3
"aiken1986",1174
"ambrosiani2000",1175
"carpelan1992",1176
"cassel2008",137
"cleve1930",137
"cleve1943",1177
"cleve1978",180
"ross2001",137
"edgren1992",137
"edgren2001",137
"edgren2008",1178
"emberling1997",1179
"engman1991",137
"entwistle2000",137
"fahlander2007",137
"feldt2002",137
"gardell2001",137
"ginters1981",137
"ginters1984",137
"gosden2001",92
"gustin2010",137
"gustin2015",137
"hagerman2006",137
"hall1990",132
"hall2010",137
"hardh1984",223
"holmquistolausson1993",162
"fuglesang1992",137
"hulthen1984",137
"hvoshchinskaja2004",137
"jaanusson1981",137
"jaanusson1993",137
"jansson1988",202
"jansson1990",137
"jansson1994",137
"jansson2000",266
"kaks1969",1180
"kapchan1999",137
"kivikoski1937",1181
"kivikoski1938",137
"kivikoski1951",137
"kivikoski1964",137
"kivikoski1969",137
"kivikoski1973",150
"krylasova2008",137
"valdemars1995",137
"kuzminych1996",137
"kyhlberg1973",137
"laulumaa2002",137
"lehtosalohilander1982",137
"lehtosalohilander1983",137
"lehtosalohilander1990",1182
"lehtosalohilander1992",137
"lehtosalohilander2000",1183
"ligi1993",1184
"lindstrom2003",137
"malarstedt1986",137
"markus1939",137
"meinander1957",137
"meinander1985",137
"pokrovskaja2001",1185
"selling1945",137
"selling1955",212
"sorensen1971",137
"svanbergskane1999",229
"taavitsainen1990",1186
"tarkiainen2008",137
"thalin1984",137
"uino1997",1187
"uino2006",1188
"wallerstrom2004",137
"wells1998",137
"wells1999",1189
"wiessner1989",278
"young1995",223
"wilson2009",244
"worrell2003",1190
"downham2017c",66
"baudou1963",276
"andersson2006",204
"bjerstaf2002",14
"brorsson1998",14
"carlsson1976",14
"carlsson2008",139
"clarke1993",128
"dahlstrom2000",14
"fallgren1994",1191
"gotfredsen2011",14
"kidd1980",14
"grandin2000",14
"gustafsson2009",14
"gustafsson2007",14
"hawthorne1979",1192
"hellqvist2011",14
"hjartnerholdar1999",14
"hoven1991",14
"huttu1996",14
"jakobsson1996",14
"jouttijarvi2005",202
"kirpichnikov2004",14
"lindeblad1996",14
"peets2003",14
"pettersson2005",40
"schmidt1977",14
"schvindtnd",14
"soderberg2011",14
"soderberg2002",235
"thomsen2005",96
"wellinder2004",14
"aberg2006",14
"aspinall2011",229
"baker2013",147
"bronkramsey2009",229
"brown2014",229
"hojdemodel2007",229
"dobat2009",229
"donat2000",229
"gaffney2003",229
"henning2002",229
"herold2012",229
"jacobsson1999",229
"jensen1988",229
"olesen2000",229
"olsen1999",229
"rindel2002",229
"roesdahl2002",229
"svanberg1999",229
"ulriksen1993",33
"abramson2016",147
"ager2014",147
"archibald2007",146
"baker2011",147
"blackburn1998",147
"blair2013",147
"booth1983",104
"brookes2013",147
"cameron1998",147
"cameron2010",147
"daubney2016",147
"dobat2017",1193
"edwards1991",181
"everson2007",181
"haldenby2016",104
"johnson2002",147
"langdon1993",147
"leonard2015",147
"loveluck1996",147
"macgregor2009",147
"mcleod2006",147
"metcalf1960",147
"pagan1986",112
"richards1999",147
"richards2004",181
"richards2013",104
"richards2016",104
"rogers1993",104
"steedman1994",147
"stevenson1904",147
"bakka1983",3
"aguilar1986",1194
"bill2007",1195
"caldwell2014",1196
"carwardine1995",1197
"clark1947",1198
"dahl2003",1199
"espinoza1992",1200
"gardiner1997",1201
"haahrkristiansen1997",1202
"hallen1994",1203
"henriksen2009",1204
"holm2012",189
"isaksen2012",1205
"karlsson2016",1206
"kjermichaelsen1992",1207
"kristensen2007",63
"laist2017",63
"lowenstein1993",63
"lundkoksvik2010",63
"lundkoksvik2013",63
"lundqvist1986",63
"mclees1990",63
"mulville2002",63
"nasman1990",63
"nelson1969",63
"nilsen2014",63
"nordahl2001",184
"petersen1914",63
"riddler2014",63
"sandberg1983",63
"seiler2001",63
"sjovold1966",63
"skomsvoll2012",63
"solberg2007",63
"stauch1994",63
"stylegar2005",83
"svanberg2008",63
"szabo2008",63
"teixeira2014",63
"wickler2012",63
"arne1934",1208
"arwidsson1977",158
"graslund2008a",188
"lindqvist1934",188
"lloydsmith2002",188
"madsen1996",188
"schulzedorrlamm2010",188
"schonback1957",188
"schonback2002",188
"hansen2008",1209
"sawyer1962",150
"gould1903",181
"biddle1992",112
"sawyer1998",285
"ulmschneider2000",181
"blackburn2011",143
"blackburn1994",181
"blackburn2001",51
"blackburn2007",143
"williams2007",143
"stocker2000",64
"foster1924",181
"oswald1937",181
"pelteret1980",181
"pettersson2009",181
"pirie1997",181
"richards2009",181
"riley1995",181
"rowe2008",64
"rowlandson2005",181
"russell2014",181
"sheehan2014",181
"stafford1980",181
"stein2012",181
"stein2013",181
"stein2000",104
"whitwell1992",181
"williams2002",1210
"hurley2014",181
"abulughod1981",52
"adger2009",52
"alexandre1976",52
"alexandre1987",52
"ahdr2004",52
"ahdr2015",52
"arendt1958",52
"arnalds1992",52
"arneborg2008",52
"batt2015",52
"bell1978",52
"bergthorsson1967",52
"bergthorsson1969",52
"blondal1999",52
"bradley1992",52
"bradley2016",52
"brazdil1995",52
"brazdil2005",52
"boulhosa2012",52
"campbell2016",52
"camenisch2016",52
"casely2007",52
"crumley2007",52
"demaree2001",52
"diaz2011",52
"dickson1988",52
"dugmore2005",52
"dugmore2013",52
"dugmore2014",52
"einarsson1994",249
"garciaherrera2008",52
"gragas2001",52
"gudmundsson1997",52
"gudmundsson2008",52
"hambrecht2015",52
"harrison2013",52
"hartman2015",52
"hartman2016",52
"halldorsson1978",52
"henriksen1995",52
"hoffmann2014",52
"holtsmark1956",52
"hreinsson1997",52
"ingimundarson1995",52
"ingimundarson2010",52
"ingimundarson1998",52
"ingram1978",52
"ingram1981",52
"johannesson1956",52
"johannesson1974",52
"johannesson1928",52
"jones2008",83
"jones2004",52
"jones2001",106
"jonsbok2004",52
"kristjansson1980",52
"kirkbride2008",52
"lamb1965",52
"larsen1917",52
"royladurie1972",52
"ludlow2010",52
"luterbacher2016",52
"martinvide1995",52
"mauelshagen2014",52
"mcgovern2013",52
"mcgovern2014",52
"mcturk2004",1211
"miles2014",52
"ogilvie1982",52
"ogilvie1984",52
"ogilvie1986",52
"ogilvie1991",52
"ogilvie1992",52
"ogilvie1998",52
"ogilvie2001",52
"ogilvie2005",52
"ogilvie2008",52
"ogilvie1997",52
"pfister1992",52
"pfister1998",52
"pfister1999",52
"pfister2017",52
"pribyl2012",52
"serreze2015",52
"sigurdsson2004",52
"smiarowski2014",52
"smiarowski2017",52
"stern2000",52
"stine1994",52
"stormnd",52
"stora2005",52
"streeter2012",52
"streeter2014",52
"mcgrew1970",52
"teitsson1975",52
"thorarinsson1956",52
"thorarinsson1958",52
"thorarinsson1967",52
"thordarson1993",52
"thordarson2007",52
"thorlaksson1991",52
"thoroddsen1914",52
"thoroddsen1919",52
"thorsteinsson1989",52
"vanengelen2001",52
"vasey2001",52
"vesteinsson2005",52
"vilmundarson1972",52
"waters2016",52
"wheeler2006",52
"young2015",52
"arne1911",137
"arbman1955",137
"callmer2000",1212
"bhabha2004a",92
"alper2003",1213
"arbman1939",156
"asmus2012",1214
"bagge2009",1215
"bartels2008",1216
"bartlett1996",1217
"baumgartner2013",101
"birkebaek1992",101
"bolton2009",101
"bompaire1997",101
"brather2010",101
"callmer1994",100
"carelli2012",101
"christensen2000",101
"dobat2008",26
"drjacobsen1942",101
"eisenschmidt2003",101
"filipowiak2008",101
"gelting2007",101
"gilomen2014",101
"grahamcampbell1991a",101
"hatz1974",101
"hauptmeyer1997",101
"henricson2006",101
"herrmann1994",101
"hilberg2009b",49
"hilberg2010",49
"hinton2008",101
"hodges2008",101
"hofmann1984",101
"hybel2013",101
"ilisch1988",101
"jankuhn1937",100
"jonsson1989",101
"juraske2010",101
"kalmring2010e",156
"keller2008",101
"klappauf2011",101
"klappauf2008",101
"leimus2007",101
"loveluck2013",101
"ludtke1985",101
"ludtke2013",101
"lund1991",201
"makeler2005",101
"metcalf1998",101
"meyer1998",101
"moesgaard2006",101
"noonan1994",101
"radtke2002",101
"roesdahl2006",201
"rundberg2000",101
"sawyer2013",101
"sawyer2002",101
"scheel1940",101
"schledermann1966",101
"schwantes1932",101
"gratuze2011",101
"sindbaek2012",1218
"spuford1988",101
"steppuhn1998",180
"stieldorf2012",101
"stoklund2000",101
"tummuscheit2010",101
"verhulst2000",101
"wehner2007",101
"wiechmann2002",101
"williams1997",101
"olsen1945",188
"aberg1953",190
"skouhansen2008",188
"norr2008",188
"alqahtani2010",1219
"askvik2009",103
"bankier2006",103
"batey2013",103
"beaumont2013",103
"bonsall2009",103
"butler1993",103
"curtissummers2014",103
"fowler2010",10
"greaves2011",103
"halpin2008",1220
"harris2016",46
"harris2012",103
"mcguire2010",103
"muldner2009",103
"nissan1999",103
"reimann2012",103
"robb2013",103
"welander1987",103
"avdusin1988",40
"clarke1985",40
"crane1999",40
"galton1971",40
"kjellberg1946",40
"krogh2007",1221
"lethlarsen1991",40
"lonborg1994",40
"monteliusnd",40
"martensson1970",40
"possnert2015",40
"soderberg1999",40
"warnke1987",40
"hadley2015",181
"brooks1987",147
"wessexarchaeology1997",181
"bailey1980",36
"dunwell1995",74
"evison1969",148
"geake2003",31
"lang1976",144
"richards2003",1222
"solberg1985",219
"vandenoort1993",200
"walsh1998",21
"kjellberg1947",40
"bakhtin1984",282
"cohen1995",282
"crang1994",282
"edensor1998",282
"fowler1992",282
"graver1999",282
"hewison1987",282
"koivusalo1998",282
"littrell1993",282
"maccannell1976",282
"macdonald1997",282
"mccaulay1999",282
"meethan1996",282
"mordue1998",282
"robb1998",282
"shurmersmith1994",282
"silver1988",282
"urry1990",282
"vestfold1998",282
"watson1994",282
"walsh1992",152
"wright1985",282
"bohner1991",155
"brown1988",155
"bruck2006",31
"bynum2001",155
"davidson1978",155
"dedekam1925",155
"flores1996",155
"gaimster1998",155
"geary1978",155
"glosecki2000",155
"hardh2004",155
"haselof1956",155
"haselof1970",155
"haselof1981",155
"haselof1984",155
"hoilundnielsen2002",155
"ingold1994",155
"ingold2000",155
"jakobsson1999",155
"jakobsson2003",154
"jones1998",22
"kalif1997",155
"kristofersen2000",155
"lindstrom2001",155
"magnus2001",1223
"magnus2002",155
"mansrud2008",155
"meskell2003",155
"morris1991",155
"mullernd",155
"mundal1974",155
"oestigaard1999",155
"oestigaard2000",155
"orchard2002",155
"raudvere2001",155
"roe1995",155
"roth1979",155
"sofaer2006",155
"speake1980",1224
"steenstrpnd",155
"pollard2009",151
"pritsak1970",151
"hughes1995",282
"barnes2012",247
"christensen1969",247
"fridell2011",247
"fuglesang1991",165
"glob1969",1225
"graslund1998",247
"imer2009",247
"jacobsen1932",247
"jacobsen1935",247
"kallstrom2007",247
"cour1951",55
"lerchenielse1993",247
"lund2014",247
"moltke1952",247
"moltke1985",201
"nielsen1969",247
"oebynielsen2007",247
"snaedal1985",247
"stoklund1991",21
"stoklund1994",247
"stoklund2005",247
"stoklund2006",247
"stoklund2010",247
"m2005",247
"storm1977",1226
"bengtsson1954",282
"maccannell1992",282
"yorkarchaeologicaltrust1984",282
"bekpedersen2007",1227
"dennis1980",1228
"dennis2002",1229
"larusson1967",230
"lucas2009",183
"meulengrachtsorensen1983",1230
"robertsdottir2008",180
"sveinbjarnardottir2012",225
"arbman1941",192
"backstreurom2016",192
"briggs2007",192
"brothwell1981",192
"brotherton2007",192
"buikstra1994",150
"cassidy2016",192
"durand2011",192
"eriksson2016",192
"gamba2014",192
"green2008",192
"vanhamel1934",192
"helgessonarcini1996",192
"keller2012",192
"kircher2012",192
"lampa2013",192
"lindstreurom2011",192
"malmstreurom2009",192
"meindl1989",192
"meyer2010",192
"omrak2016",192
"oras2016",150
"salmela2011",192
"sawyer2012",192
"skoglund2013",192
"skoglund2014",192
"slovak2011",192
"steinsland2011",192
"stolpend",192
"thalinbergman1986",192
"vanoven2009",192
"vianello2013",192
"wilhelmson2015",192
"yang1998",192
"crawford1999",160
"hedenstiernajonson2000",162
"jansson1980",160
"kanvall1995",1231
"kjellstrom2005",150
"kjellstrom1995",160
"nordstrom2007",38
"rimbert1986",160
"wikborg2007",160
"anderson1909",2
"annalsofclonmacnoisend",2
"blindheim1984",2
"bourke2010",2
"brink2007",138
"carroll1995",2
"hennessynd",2
"coffey1909",2
"connolly1987",2
"crawford1923",1232
"danielsson2015",24
"farbregd1979",141
"forte2005",141
"gerace2014",2
"gyllensvard2004",2
"hagland2008",141
"hall2015",2
"haseloff1990",2
"hedeager2015",2
"henry1965",2
"holtsmark1989",2
"jesch2001",1233
"jesch2006",1234
"kelly1993",2
"lamn2004",2
"lowe2007",2
"lucas1967",2
"lucas1973",2
"lucas1986",2
"magnus1932",2
"mullarkey2014",2
"murray2012",2
"murray2014",2
"murray2015",2
"murray2016",2
"nordvig2013",2
"carragain2010",2
"odonoghue2011",2
"floinn1989",2
"floinn2013",2
"floinn2015",2
"omeadhra1988",2
"ohrn2015",2
"quast2012",2
"rosedahl1992",2
"ryan1989",1235
"ryan1998",2
"solli2013",2
"watt2005",2
"watt2011",2
"youngs1989",2
"andersen2004",49
"ashby2009",141
"bakka1965",141
"blindheim1977",141
"budd2004",139
"boe1926",141
"corrain1972",141
"christophersen1989",141
"de1995",141
"etting2013",141
"fagerland2008",141
"gaimster1991",141
"gronnesby2012",141
"haseloff1979",141
"haseloff1987",141
"heenpettersen2013",141
"helle1991",141
"herje1989",141
"herstad2012",141
"hunter2008",141
"jatten2006",141
"martens1994",141
"ofloinn1989",141
"redmond2007",112
"resi2005",141
"roskaft2003",141
"shepherd1985",141
"skinner2012",141
"skjevik1997",141
"sorheim2010",141
"stenvik1994",141
"trotzig1984",141
"trotzig1991",262
"wilson1965",141
"paulsen1933",100
"steuer1962",100
"filipowiak1988",100
"betz1973",165
"bottgerniedenzu1982",165
"buisson1976",165
"eldjarn1956",201
"hagen1950",165
"janowski2006",165
"kjaerum1990",135
"stoodley2000",1236
"meskell1999",160
"andresen2010",106
"baker2015",106
"berglund2003",106
"blackford1991",106
"bond2001",106
"bond1997",106
"bradley1992a",106
"bradley1993",24
"conroy2008",106
"cui2013",106
"lorenzo2010",106
"lorenzo2008",106
"eiriksson2006",106
"faust2016",106
"folland2009",106
"grauel2013",106
"gray2010",106
"haldon2016",106
"hass1996",106
"helama2009",106
"hurrell1995",106
"hurrell2010",106
"isono2009",106
"jones2014",106
"krawczyk2010",106
"lamb1982",106
"lamb1985",106
"larsen2008",106
"li2016",106
"ljungqvist2010",106
"mcdermott2001",106
"moy2002",106
"neukom2014",106
"oliva2012",106
"randsborg1991",106
"reimann2011",106
"ribeiro2012",106
"rudaya2016",106
"ruizfernandez2016",106
"scafetta2012",106
"swierczynski2012",106
"ulgen2012",106
"vanloon1978",106
"wanner2008",106
"wanner2001",106
"wanner2011",106
"yan2011",106
"zhong2014",106
"magnus2004",2
"sogness1988",141
"haithabu2003",167
"coupland1989",167
"coupland2016",167
"duczko1997",100
"helmbrecht2004",167
"hoilund1986",167
"hoilund2014",167
"holst1958",167
"jorgensen1990",231
"jorgensen1997",167
"laurent1978",167
"lebecq1986",167
"radtke1981",167
"schlesinger1972",167
"schneeweiss2010",167
"shepard2014",167
"shepard1989",167
"staats1974",167
"story2003",167
"andersen2012",178
"berglund1982",178
"bican2007",178
"bican1907",178
"biltz1969",178
"broholm1946",178
"broholm1949",178
"christensen2006",171
"dillehay1997",178
"dix1982",178
"garfinkel1987",178
"harrington2000",178
"houmarknielsen1991",178
"hoy1995",178
"jensen2002",178
"jons1993",178
"jorgensen2013",11
"kjaer1928",178
"knoll2013",178
"larsen2012",51
"nielsen1967",178
"petersen1971",178
"schuster2000",178
"seir2013",178
"steensberg1974",178
"thrane1979",178
"uschmann2006",178
"williams2004",178
"duczko2007",100
"losinski1997",100
"jagodzinski2008",100
"bately1980",100
"bately2009",1237
"gaerte1929",100
"engel1931",100
"engel1935",100
"tischler1902",100
"bezzenberger1904",100
"androshchuk2008",100
"jagodzinski2012",100
"cnotliwy2013",100
"ehrlich1932",100
"ambrosiani1994",100
"arbman1958",100
"carlsson1988",100
"jankuhn1943",180
"klim1979",100
"steuer1979",100
"arbman1993",63
"berggren2004",63
"bergstrom1941",63
"bjorck2008",63
"broberg1990",63
"egenberg2003",63
"fetisov2008",63
"frostne2002",63
"hennius2016",63
"hennius2005",189
"heron1989",63
"hiorth1908",63
"hjulstrom2006",63
"hvid2016",63
"karlsson2002",63
"konsa2013",63
"kupiec2015",63
"kurzweil1998",63
"landin2002",63
"lindeblad1994",63
"lindstrom2014",63
"magnusson1986",85
"neveus1974",63
"persson1994",63
"ravn2016",63
"stahre2012",63
"svenssonhennius2017",63
"villstrand1996",63
"albrectsen1976",132
"andren1998",82
"behre1983",280
"bican2010",132
"fabricius2009",132
"hermansen1938",132
"hjelmqvist1993",132
"janushevich1979",132
"kenward1995",280
"koch2003",132
"mikkelsen1949",132
"moltsen1998",132
"ocete2015",132
"petrini2015",132
"schiemann1953",132
"shanahan2015",132
"sherratt2008",132
"smith1990",132
"stummer1911",132
"troelssmith1953",132
"wamers2016",132
"winroth2012",132
"schietzel1985",128
"pilo2008",128
"androshchuk2004a",128
"fabech2009",128
"sanmark2004",128
"ahnlund1926",128
"ambrosiani1992",128
"ambrosiani1996",128
"andren1985",128
"edgren1995",266
"franklin1996",1238
"garizpanov2008",128
"gustin1990",128
"johansen2003",128
"malmer1989",128
"noonan1991",128
"polanyi1978",128
"ros2001",128
"rosberg2009",128
"schorske1998",128
"reimer2004",63
"svensson2007a",85
"hilczerowna2037",100
"losinski1995",100
"vonzurmuhlen1940",100
"labuda1961",100
"orosiusnd",100
"andersen2008",171
"bandholm2012",171
"carstens2011",171
"christiansen1999",171
"christiansen2005",171
"dyggve1955",171
"hollstein1980",171
"holmsgaard1999",171
"hvass1998",171
"krogh1993",201
"lemm2011",33
"lindblom2011",171
"lindblom2012",171
"mullerwille1991",171
"trillmich1970",171
"fanning1937",180
"saga1943",180
"kunz2008",180
"dasentnd",180
"andersson2002",235
"armbruster2002",180
"bihrer2012",180
"christensen1985",180
"claughton2011",180
"dekowna1990",180
"osk2009",180
"elvestad1998",180
"fanning1990",180
"hagg2002",180
"helberg1993",180
"hepp2007",180
"hilberg2007",180
"hingst1955",180
"kleingartner2007",49
"mehler2003",180
"molaug2010",180
"mullerwille1968",180
"noonan2000",180
"olsen2004",180
"pestell2011",180
"pierce2009",51
"reichstein1984",180
"roberts2008",180
"englert2007b",180
"scheel1930",180
"simek2007",180
"sode2004",180
"sode2002",180
"sorheim2004",180
"stumpel1983",180
"jakobsson2009",180
"tweddle1999",180
"vogel1983",180
"warmlander2010",180
"wedepohl2003",180
"zori2010",221
"magnusson1966",180
"jessen1958",167
"hoilundnielsen1986",167
"norgardjorgensen1999",21
"neuefischer2014",167
"siemen1990",167
"spiong2000",167
"thuno2002",167
"williams1999",167
"bemmann1998",170
"besteman1999",170
"bjork1957",170
"brandt1996",170
"brink1997",1239
"carnapbornheim1996",170
"egeberghansen1988",170
"egeberghansen1996",170
"ethelberg2000",170
"ringtved1989",170
"fabech1992",170
"fenger1971",170
"hedeager1990",184
"helgesson2008",170
"hoilundnielsen2005",170
"hoilundnielsen1993",170
"hvass1986",170
"jarlhansen1988",170
"jessen2008",170
"jorgensen1988",241
"jorgensen1996",21
"kopytof1986",170
"lund1996",170
"lundhansen1995",170
"madsen1995",163
"mauritsen2009",170
"mikkelsen1990",170
"mortensen1988a",170
"mortensen1991",170
"murray1983",261
"nasman1988",239
"nasman1997",170
"norbach1998",173
"norgardjorgensen1996",170
"rasmussen1995",170
"reuter1997",170
"ringtved1986",170
"ringtved1998",170
"sjoholm1988",170
"steuer1982",170
"tacitus1999",170
"ulriksen1989",170
"wenskus1961",1240
"zimmermann2005",170
"bjork1982",171
"christensen1983",1241
"christiansen1995",226
"christiansen1996",1242
"fenger1991",239
"fokkens1998",226
"jorgensen1940",226
"back1997",202
"polanyi1963",265
"tummuscheit2003",231
"vestergaard1991",227
"lysehansen2000",180
"olausson2002",48
"palliser2000",87
"hodder2003",128
"hojbjerg2006",128
"aarseth1982",1243
"arge1991",1244
"arge2006",1245
"arge2005",1246
"arge2009",1247
"arnalds1997",1248
"bertelsen1985",1249
"bertelsen1998",1250
"buckland2008",1251
"butler2006",1252
"christiansen1990",1253
"christiansen1991",1254
"christiansen1987",1255
"dennis2000",1256
"dugmore2000",230
"dumezil1973",1257
"edvardsson2005",1258
"einarsson1963",1259
"einarsson2002",1260
"fagan2000",1261
"fjaervoll1961",1262
"fredskild1973",1263
"fridriksson1994",77
"gerrard1991",1264
"gjerland2009",183
"gronvold1995",51
"grove1988",1265
"gudmundsson2001",1266
"gudmundsson2004",1267
"guttormsen1994",119
"halstead1998",119
"harris1988",119
"hambrecht2006",119
"hansen1990",119
"hastrup1989",119
"hermannsson1929",119
"hitzler1979",119
"hjalmarsson1993",119
"holling2002",119
"joensen1976",119
"joensen1980",119
"keller1989",119
"keller1990",119
"konstam2004",119
"kristjansdottir2004",92
"krivogorskaya2005",119
"lageras2007",119
"lambin2005",119
"lawson2006",119
"mcgovern1980",119
"mcgovern1981",230
"mcgovern1986",119
"mcgovern1994",119
"mahler1989",119
"mahler1988",119
"mahler1991",119
"mahler1990",119
"mairs2007",119
"marcus1980",119
"e2003",119
"noonan1998",119
"nordal1952",119
"nordal1954",119
"norrevang1970",119
"olsen1928",119
"olasson1998",119
"perdikaris1998",119
"perdikaris2005",119
"rieck2002",119
"sanmark2002",1268
"schofield2007",119
"simpson2003",119
"skardi1970",119
"sveinbjarnardottir1990",119
"sveinbjarnardottir2007",119
"sveinbjarnardottir2008",119
"thomson2003",119
"thomson2005",119
"thomson2007a",119
"vesteinsson2001",119
"wubsmrozewicz2008",119
"thorarinsson1970",119
"aarsleff2005",292
"almgren1955",231
"ambrosiani2002",1269
"anglert1999",292
"anglert2001",292
"arrhenius1992",292
"eriksson2001",292
"gjosteinresi1979",292
"gramstorp2000",292
"gustafsson1968",292
"gustin1999",292
"hardh2007",143
"vonheijne2004",227
"helgesson1999",292
"herschend1989",227
"hjarthnerholdar2002",1270
"horby1988",292
"jansson1978",286
"johanssonherven2001",292
"kresten2001",292
"klnm1999",292
"lennartsson1997",292
"malmer2002",292
"metcalf1996",227
"mikhailov2007",292
"mogren2005",292
"noonan1984",213
"riddersporre1998",292
"ringqvist1968",292
"rispling2004",213
"salminen2001",292
"samuelsson2001",292
"schulke2008",292
"serning1956",127
"silvegren1999",292
"sindbaek2001",1271
"skibstedklaeso1997",292
"steineke2005",292
"stenholm1976",292
"stjernquist1995",292
"svanberg1998",292
"svensson2001",292
"tegner1999",292
"tegner2005",292
"thilderqvist2000",292
"thun1967",292
"wamers1984",177
"westergren1986",292
"dumvillend",142
"rau1977",142
"ager2011",142
"besteman2009",142
"coupland2006",142
"dijkstra2009",142
"grieg1929",142
"kilger2007",142
"knol1998",142
"knol2005",142
"knol2010",142
"sheehan2000",142
"sheehan2011",142
"others1971",142
"woltering2000",142
"woolf1990",142
"cook1965",180
"westness1980",74
"ahrens2001",169
"chronicon2001",169
"dyggve1942",169
"harck2006",169
"wesse2006",1272
"janssen2004",169
"mcneill2004",169
"chr2009",169
"klemensen2001",169
"krogh1981",169
"lethlarsen2007",169
"madsen1985",169
"mcguire2008",169
"petersen1909",169
"staecker2005",169
"trap1964",201
"sicking2008",119
"woltering2002",142
"sawyer1971a",104
"eriksen2001",176
"davidson1979",218
"hoekstra1940",218
"rau1972",218
"rives1985",218
"south1932",218
"bantelmann2003",218
"besteman1997",218
"boeles1915",218
"borchling1938",218
"bregman1998",218
"ijssennagger2009",218
"jons2013",218
"meier2003",218
"milis1998",218
"nijdam2008",218
"pritsak1981",218
"schokker2008",218
"siems1980",218
"smyth1977",218
"springer2003",218
"theuws2009",218
"vries2007",218
"wood2001",218
"broadberry2010",182
"durkin2014",182
"fenner2005",182
"fox1943",182
"hellenthal2014",289
"insley1994",182
"johnston2014",182
"loveluck2011",182
"royrvik2010",182
"samuels1989",182
"thomas2006",223
"townend2002",182
"binns1988",293
"bjerve1980",293
"bjorgo1982",293
"bratrein1984",293
"bratrein1989",293
"bull1920",293
"carstairs1980",293
"eithun1994",293
"ekrem2006",91
"falkanger2007",293
"fugelsoy1970",293
"gansum2000",293
"grimm2004",293
"hobaek2013",293
"hodne1976",293
"holmback1943a",293
"indrebo1935",293
"iversen2014",293
"iversen2007",184
"jansen1943",293
"johansen1977",293
"hauge2007",293
"lillehammer1994",293
"lund1955",293
"lund1959",293
"lund1965",293
"loken2001",293
"nicolaysenndh",293
"norbergschulz1980",293
"olsen2005",293
"olsen2013",293
"patterson2005",293
"relph1976",293
"room2005",293
"schutte1933",293
"seip1934",293
"sjovold1962",293
"sjovold1971",293
"solberg2002",293
"storli2000",239
"stormnda",293
"stormndb",293
"strom2007",293
"taranger1915",293
"tuan1974",293
"urbanczyk1992",293
"vesteinsson2013",183
"odegaard2013",293
"forest2011",5
"ahlkvist2002",291
"bardseth2007",291
"carlie1999",291
"diinhoff2011",291
"edblom2004",291
"ericsson2001",291
"kalmar1991",291
"eriksson1993",291
"frolund2007",190
"gjerdaker2001",291
"gjerpe2012",291
"gollwizer2012",291
"helgesson2002",1273
"hobaek2008",291
"bergen2009",291
"oslo1997",291
"kleven2001",291
"loken1996",291
"martens2007",291
"myhre1972",291
"olsen1926",291
"pedersen1990",291
"petersson2010",291
"reiss1994",291
"reitan2009",291
"reynolds1999",291
"robberstad1967",291
"rosener1995",291
"skre1997",291
"streiffert2005",291
"sorrusten2012",291
"tacitus2001",291
"wasberg1970",291
"odegaard2008",291
"oslo1991",291
"shepared2012",159
"loog2017",164
"mcevoy2006",164
"melchior2008",250
"milman2003",164
"bowden2008",250
"helgason2003",70
"helgason2009",250
"kjellstrom2007",164
"ros2012",164
"kjellstrom2017",164
"wikstrom2008",164
"wikstrom2005",164
"tillmar2010",250
"dupuy2001",164
"karlsson2006",164
"martiniano2016",164
"nesbitt2016",164
"roslund2014",164
"tesch2001",164
"vanoven2014",164
"technology2017",164
"walsh2014",164
"walsh2013",164
"walsh2016",164
"tesch2013",164
"hillbom1984",164
"moorrees1963",164
"smith1991",164
"brooks1990",164
"bruzek2002",164
"novotny1982",164
"phenice1969",164
"evans2004",164
"meller2012",164
"knipper2004",164
"maurer2012",164
"neumann1974",164
"asch2003",164
"lofvendahl1990",133
"hillson2005",164
"schour1941",164
"knipper2014",1274
"rohland2007",250
"malmstrom2012",70
"rasmussen2011",164
"korneliussen2014",164
"behar2012",164
"achilli2004",164
"dupuy2006",164
"passarino2002",70
"rootsi2004",164
"auton2015",164
"patterson2006",1275
"zeronmedina2013",164
"hveem2001",164
"whittington2006",164
"donnelly2012",164
"eiberg2008",164
"lamason2005",164
"soejima2007",164
"stokowski2007",164
"aitken2013",112
"ascough2012",112
"biddle1985",112
"biddle1986",112
"bigsbynd",112
"bonsall2007",112
"bronkramsey2004",112
"cook2001",112
"cook2015",112
"deggnd",112
"fuller2005",112
"hedges2004",112
"phillips2001",112
"phillips2014",112
"richards2002",1276
"russell2015",112
"sawyer1957",112
"szpak2014",112
"taylor1989",112
"dyggve1948",169
"jorgensen2002e",23
"jeppesen1990",169
"glob1970",169
"ibsen2005",248
"junker2003",248
"berlin2003",248
"reichchr1995",248
"gotlands1995",248
"wroblewski1963",248
"iineaa1994",248
"kershaw2018",5
"bogucki2011",294
"brather1953",294
"fomin1987",294
"jankowiak2015",294
"kara2009",294
"kiersnowski1961",294
"kilger2006",294
"kmietowicz1994",294
"ostergren2009",294
"petrov2014",294
"rebstock2008",294
"arne1946",203
"brady1999",203
"fennomuyingo1997",203
"hedenstiernajonson2001",203
"hedenstiernajonson2002",203
"holmquistolausson1998",156
"liden1997",203
"lovell1986",70
"peterson1987",203
"richards2001",1277
"richards2006",260
"soloman1971",203
"trust1992",203
"birka1992",48
"carnapbornheim2007",48
"capitularia1980",48
"ellmers2009",48
"gade1993",48
"geibig1989",48
"grierson1986",48
"hingst1958",48
"hornfuglesang2000",48
"hoven1990",48
"jankuhn1951",48
"jesch1998",48
"kersten1954",48
"kirpichnikov2001",48
"mullerwille2006",48
"nobbel1936",48
"rispling1990",48
"sawyer1987a",48
"schaefer1956",48
"schietzel1980",48
"schild1991",48
"solberg1991",48
"stalsberg2008",48
"steuer1999",202
"steuer2002",156
"wamers1995",48
"carlson2010",144
"poulsen1979",184
"watt1988",241
"reich2003",248
"valujev2005",248
"reich2005",248
"vonzurmuhlen1975",248
"wroblewski2006",266
"adger2013",1278
"appelt2009",1279
"arneborg1997",1280
"arneborg2005",1281
"barnett2015",1282
"bentley2015",1283
"boyd2011",1284
"brace2011",1285
"brody2001",54
"buckland2009",54
"butzer2012",54
"codding2015",54
"crumley1994a",54
"cumming2008",54
"golding2011",54
"golding2015",54
"gullov2004a",54
"halstead1989",54
"hayeursmith2016",54
"hoegsberg2014",54
"howard1993",54
"ingram2008",54
"jesch1989",54
"kendal2011",54
"kennett2015",54
"kopar2009",54
"kuijpers2014",54
"laland2006",54
"laland2011",54
"laland1999",54
"ledger2013",54
"ledger2014",54
"levistrauss1966",1286
"mason2007",54
"mcgovern1991",54
"meaks2005",54
"mehl2017",54
"middleton2017",54
"moltke2015",54
"myhre2004",54
"nedkvitne2014",54
"normandnd",54
"ostergard2011",54
"oye2004",54
"park2005",54
"reinton1960",54
"riede2009",54
"riede2011",54
"roesdahl2016",1287
"rowleyconwy2013",54
"rowleyconwy2011",54
"roussell1941",221
"sandvik2005",54
"scott2008",54
"scott1992",54
"smith2011a",1288
"sveinbjarnardottir1991",54
"svenning2015",54
"terrel2003",54
"thompson2013",54
"zeder2009",54
"zeder2015",54
"zeder2016",54
"wiechmann1996",143
"schulke2005",115
"andersson2015",85
"bjorkvik1970",85
"bjorkvik1972",173
"blochnakkerud1987",85
"brendalsmo2014",85
"brinchmadsen1995",85
"buchwald1999",85
"dorum2004",85
"englund2002",85
"hauge1946",173
"helle1974",173
"hostmadsen1999",85
"imsen1990",85
"imsennd",85
"indrelid2009",85
"jonsbok1904",85
"jakobsen1991",85
"knagenhjelm2008",1289
"krag2000",85
"loftsgarden2015",173
"martens1978",85
"olafsen1916",85
"pleiner2003",85
"ramsey2017",107
"reinton1956",85
"resi1992",85
"rundberget2013",173
"sandnes1977",85
"simonsen2001",85
"steinnes1930",85
"szmoniewski2010",85
"taksdal1973",85
"tveiten2012",173
"oye1977",85
"atkinson1996",176
"billig1995",176
"blindheim1953",176
"diazandreu1996",176
"eikrem2005",176
"eriksen1993",127
"fairclough1992",176
"gellner1983",176
"gjerde2010",176
"gjessing1928",176
"haavardsholm2004",176
"hesjedal2000",176
"hobsbawm1992",176
"hodder1984",176
"hougen1965",176
"harke1998",176
"jahnsen2015",176
"jones1996",176
"kjorup2001",176
"kristiansen1993",176
"laclau2001",176
"martens1960",176
"munch1985",65
"opedal1999",176
"paxton1999",176
"resi2000",176
"ringrose1993",176
"schanche1989",176
"shanks2001",176
"shetelig1910",176
"simonsen1967",176
"skre1991",176
"stenvik1980",176
"storli1991",127
"stylegar2009",176
"sorheim2011",176
"ucko1989",176
"wineburg1991",176
"ostigard2001",176
"of2002",227
"ambrosiani1972",163
"stamnes2010",163
"arnberg1976",163
"brunstedt1996",163
"carlsson1997",163
"conyers2013",295
"dahlin2001",162
"hansson2004",162
"heamagi2006",162
"herschend1995",163
"hermodsson2004",162
"hjulstrom2008",163
"holmquistolausson1987",163
"ingelmansundberg1972",163
"derfruhgeschichtlichen1980",163
"lamm2011",163
"larsson2014",163
"lofterud1970",162
"lohr1979",163
"olausson1921",163
"staecker2009",65
"soderberg2003",163
"trinks2008",162
"trinks2013",163
"viberg2011",163
"wadstein1936",163
"ungernd",163
"devlet2001",135
"london1964",135
"fedorova2001",135
"londonhelmbrecht2011",135
"kommunikationsmedien2001",135
"hoj2005",135
"hoj2011",135
"ostergard2008",135
"kastholm1974",135
"seid2009",135
"archaeologica2005",135
"lundhansen1973",135
"lundhansen1974",135
"lundhansen1979",135
"london2002",135
"eliade1964",268
"vestergaard2014",135
"arwidsson1984",223
"abrams2001",148
"abrams2005",223
"ayers1985",223
"ayers1994",223
"callmer1989",278
"cameron1975",223
"dallas1964",223
"dickinson1991",223
"eilbracht1999",223
"grahamcampbell1985a",223
"grahamcampbell1994",250
"hattatt1987",223
"madsen1987",223
"hinton1974",223
"hinton1975",223
"hinton1978",223
"kirk1927",223
"leahy2003",223
"leahy1997",182
"margeson1982",223
"margeson1996",223
"mason1997",223
"owencrocker2002",223
"paterson2004",223
"richardson1993",223
"rieck1982",1290
"roesdahl1981",1291
"rogerson2006",223
"speed2004",74
"stamper2000",223
"wallis2004",223
"youngs2000",223
"youngs1995",223
"jeppesen2005",163
"mohrchristensen2009",163
"wilken2016",163
"birkas2016",163
"st2008",296
"aqvist2004",296
"axboe1996",296
"st1996",296
"einarsson2008",1292
"ch2004",296
"holmqvist1961a",296
"holmqvist1964",296
"holmqvist1964a",296
"iversen2008",1293
"lindqvist1929",296
"imsen2004",85
"volundarkvida1971",22
"voluspa1971",22
"anderson2007",22
"behrend1970",21
"berggren2006",22
"boyenda",154
"bradley1990",22
"bruck2005",22
"bruck2007",31
"bardseth1998",22
"fowler2001",22
"fredengren2002",30
"fuglesang2002",22
"geisslinger1967",30
"green1998",144
"hauck1981",36
"helgesson1992",22
"herschend2001",1294
"hvid2005",22
"iversen1986",22
"jensen1942",22
"kilfeather2003",22
"kousgardsorensen1968",22
"kousgardsorensen1978",22
"lakoff1999",31
"lethlarsen1984",154
"merleauponty1962",31
"meulengrachtsorensen1995",22
"munksgaard1984",154
"needham2001",22
"nordell1991",22
"phillips2002",22
"rowlands1971",268
"seremetakis1994",22
"stutz2004",1295
"thunmarknylen1989",22
"vandenoort2006",22
"vigfussonnd",22
"warmind2004",22
"wiker2000",21
"zachrisson1962",154
"baatz1976",33
"beresford1987",1296
"bican2014",33
"boethius1931",33
"devries1935",33
"ericsson1992",33
"fuglsang2015",33
"hanson1995",33
"haseloff1942",33
"holtsmark1970",33
"hopetaylor1950",33
"jessen2011",33
"kalmring2014a",33
"kuhn1995",33
"lindqvist1923",33
"middleton2005",33
"mikkelsen1991",33
"nasman2001",33
"oelmann1933",33
"oelmann1940",33
"olesen2015",33
"olsen1967",33
"palm1937",33
"rosborn2004",33
"ruhmann2004",33
"sawyer1986",33
"schafer1977",33
"sundqvist2006",33
"sundqvist2009",33
"terkildsen2014",33
"terkildsen2015",33
"tornbjerg1997",33
"vikstrand2004",33
"hallstrom1913",162
"holmquist2002",162
"aarts2005",82
"aarts2009",82
"barndon2004",268
"berg1989",82
"berger1996",82
"bertell2003",82
"budd1995",268
"christophersen1992",82
"creighton2000",82
"dant1999",82
"davies1996",82
"fitzpatrick2005",82
"galloway2006",82
"grierson1960",82
"haaland2004",268
"hall1999",250
"haselgrove2005",82
"hedjakobsson1999",82
"herbert1993",268
"hosler1995",82
"houston2000",82
"insoll2007",82
"kemmers2006",82
"klussendorf2007",82
"kok2008",82
"kurke1999",82
"lightfoot1995",82
"makeler2010",82
"marques2007",82
"martin1991",82
"merleauponty1944",82
"miller1998",82
"mithen2008",82
"morris1992",183
"myrberg2010",82
"nash1978",82
"nick2005",82
"oden2009",82
"papadopoulos1999",82
"petersson1948",82
"przybyszewski2007",82
"rathje2001",82
"renfrew2009",82
"rickman1980",82
"seaford2004",82
"small1995",82
"thomsennd",82
"vanarsdell1989",82
"vonreden1995",82
"white1988",82
"wiggwolf2005",82
"zach2005",82
"zanker1987",82
"jane2008",223
"adalsteinsson1999",92
"agustsson1982",92
"birkeli1973",92
"brink2013",92
"byock2005",92
"christie1982",92
"colman1995",92
"deetz1977",92
"didiplomatariumislandicumnd",92
"edwald2012",92
"foucault1977",92
"foucault1982",92
"foucault1988",92
"foucault1994",92
"fridriksson2011",183
"giddens1984",92
"gilchrist2008",92
"gilchrist2012",1297
"gullbekk2012",92
"hall2012",92
"hugason2000",27
"isleifsdottir1997",92
"islendingabok1968",92
"jensen2013",92
"jensenius2001",92
"jonsson2009",92
"jorgensen2004",92
"karlsson2001",92
"karras2003",92
"karras2012",92
"kristjansdottir2012",92
"kristjansdottir2001",92
"lane2001",92
"larusson1980",92
"loren2006",92
"lynn1984",92
"magnusdottir2001",92
"nilsson1994",92
"nordeide2013",92
"prescott2011",92
"jones2003",92
"runarsdottir2006",92
"russell2005",92
"salonen2013",92
"sigurdsson2008",6
"sigurdsson2011",250
"slupeki2007",92
"spivak1988",92
"stefansson2000",92
"soland2000",92
"young2009",64
"zoega2002",92
"zoega2012",92
"zoega2010",92
"clarke2004",38
"sorensen1981",22
"almgren1901",156
"ambrosiani1991",162
"ambrosiani1973",162
"anspach2010",1298
"beskowsjoberg1996",156
"brucemitford1967",156
"delaet1956",156
"ellmers1995",1299
"falk1912",156
"graslund2003",156
"hedeagerkrag2004",156
"holgersson2001",156
"jonssonnd",156
"kalmring2015",156
"karlsson2011",156
"kidd1988",156
"sjovold1957",156
"westphalen2002",49
"bianchi2010",24
"enoksen1999",24
"fuglesang1981",24
"fuglesang2005",24
"gadamer1960",4
"gilchrist2013",24
"jacobsen1941",24
"knutzen2005",24
"knutzen2007",24
"kohring2014",24
"lager2003",280
"ljung2016",108
"malafouris2013",24
"merleauponty1994",82
"moser1998",24
"moser2005",24
"olick1999",4
"olsen1941",165
"petursdottir2012",24
"robb2009",24
"shaw2013",24
"smestad1988",24
"steinsland2014",24
"stromback1969",165
"tarlow2012",24
"thorn2002",24
"oebynielsen2005",24
"ambrosiani1982",162
"arwidsson1984a",1300
"bengtzon2000",162
"blomqvist2009",162
"bolin2008",162
"back2010",213
"voncarnapbornheim2011",162
"conolly2006",162
"dahlin1999",162
"odelberg1974",162
"olausson2012",162
"persson2002",162
"rijksmuseumvanoudheden2010",162
"rosen2002",162
"price1990",162
"stavrum1996",162
"trinks2010",245
"wiklund2009",162
"wahlander1997",162
"kovalenko2007",246
"kovalenko2008",246
"kovalenko2003",246
"arbman2003",246
"arne1931",246
"blifeld1977",297
"budur2007",246
"bulgakova1999",246
"camer1968",246
"cherrman1986",246
"devidson2008",246
"gurevic1966",246
"gurevic1999",246
"herrman1982",246
"kirpicnikov1986",246
"kovalenko1988",246
"kovalenko1994",246
"kovalenko1996",246
"kovalenko1999",246
"kovalenko2000",246
"kovalenko2001",246
"kovalenko2002",246
"kovalenko2005",246
"kovalenko2009",246
"kulakov1990",246
"kulakov1994",266
"lebedev1965",246
"lovmjanskij1985",246
"melnikova1994",246
"mocja2001",246
"musset1971",246
"puskina1972",246
"scavelev2007",246
"scavelev2009",246
"sinakov2002",246
"smolicev1931",246
"veremejcik2007",246
"zocenko1996",246
"axelsen2014",5
"thunmarknylen2000",156
"wisehn1999",156
"stalberg2000",245
"ashmore2003",149
"backlund2001",149
"barnes2006",149
"barrett2005",149
"bradley1987",1301
"card2005",149
"charleson1905",149
"fanning1983",149
"firth1986",149
"gammeltoft2006",149
"garrow2005",149
"gibbon2008",149
"griiths2006",149
"griiths2011",149
"hedges1983",149
"hermann1978",149
"hunter1986",149
"hunter2003",149
"jesch2005",149
"laughlin1974",149
"leonard2010",149
"lucy2002",149
"maher2009",149
"marwick1952",149
"marwick1970",149
"milner2007",70
"morris1989",149
"nicolaisen1976",149
"renfrew1979",149
"ritchie1995",149
"robertson1991",149
"sandnes2010",149
"semple2007",149
"simon1987",149
"simpson1997",149
"wallacend",149
"wickhamjones2001",149
"williams2009",26
"biddle1991",152
"flanagan1999",152
"elder2007",152
"kelly1956",152
"kelly1961",152
"corrain1996",152
"channing1996",152
"wallace1967",152
"afm1908",152
"fellowsjensen1991",152
"mahr1929",152
"mckeown1956",152
"floinn1998",152
"hayden1998",152
"simpson2008",152
"lantmateriet2009",162
"ameziane2004",135
"arwillnordbladh2001",135
"hansson2012",135
"peter2015",1302
"solberg1984",135
"backdanielsson2015a",24
"riisoy2015",135
"wulffandersen1995",135
"homson1995",149
"homson2001",149
"akin1999",143
"blackburn1997",143
"bogucki2007",143
"chesterkadwell2009",143
"frier2007",143
"kilger2011",143
"kroll2008",143
"kruse1988",1303
"kruse1992",146
"kuroda2008",143
"metcalf1985",143
"naismith2005",143
"pedersen2007",202
"pirie1986",143
"feveile1995",152
"bill2006",152
"sloane2011",152
"halpin2001",152
"kelly2004",152
"kelly2010",152
"lynch2001",152
"alstrom1993",190
"andersson1983",190
"arrhenius1982",190
"beronius2011",190
"beronius2013",190
"ekman2000",190
"frolund2010",190
"frolund2013",190
"frolund2011",190
"goldina2003",190
"gothberg2014",190
"hansson2001",190
"kazanski2007",190
"lindqvist1945",190
"lindqvist1949",190
"ljungkvist2013",125
"loven2010",190
"lucas2013",190
"lundahl2012",190
"nordahl1993",190
"olausson1966",190
"runer2006",190
"trinks2011",190
"vikstrand2013",190
"aberg1947",190
"leslie1908",152
"simpson2015",152
"hogan1910",152
"hilberg2011",49
"aberg1998",1304
"ambrose1991",1305
"ambrose1987",1306
"arneborg1999c",70
"barrett1995",1307
"bell2009",1308
"bell2010",1309
"bendrey2009",1310
"bentley2005",1311
"bentley2002",139
"bowen2002",1312
"geologicalsurvey2010",1313
"bryant1996",1314
"budd2000",1315
"budd2003",1316
"burke1982",1317
"burton1996",1318
"burton1990",1319
"burton2000",1320
"burton1995",1321
"burton2003",1322
"calvin1962",1323
"cameron2007",1324
"carr1962",1325
"chisholm1982",70
"clayton1963",1326
"coltrain2009",1327
"coplen1994",1328
"coplen1983",1329
"craig1961",1330
"daly2010",1331
"darbyshire1985",1332
"deniro1978",1333
"deniro1981",1334
"dickin1997",1335
"drury1973",1336
"dupras2007",1337
"dupras2001",1338
"eckhardt2009",1339
"elias1980",1340
"ezzo1994",1341
"ezzo1995",1342
"fuller2006",208
"gallet1998",208
"gonfiantini2001",208
"halpin1993",208
"hatch1966",208
"hatch1967",208
"herring1998",208
"hobson2004",208
"holm2000",208
"hurley2010",1343
"iacumin1996",208
"jim2004",208
"kellner2007",208
"knudson2009",208
"koch1997",208
"kortshack1965",208
"lang1988",208
"leach2009",139
"leach2010",208
"leethorp1991",208
"linderholm2011",208
"luz1985",150
"luz1984",150
"muller2003",158
"mcarthur2001",208
"mccabe2007",208
"mccormick1982",208
"minagawa1984",70
"muldner2011",1344
"negrel2003",1345
"nehlich2009",1346
"obrien1998",208
"oconnor1988",208
"odonnabhain2010",208
"odonnabhain2011",208
"odonnabhain2001",208
"oconnor1982",208
"price1985",208
"price1986",208
"ranson1960",208
"read1934",208
"schoeninger1978",208
"schoeninger1979",208
"schoeninger1983",70
"schurr1998",208
"schutkowski1999",208
"sexton1998",208
"shaw2009",208
"shaw2010",208
"sikora2010",208
"sikora2011",208
"sillen1989",208
"sillen1991",208
"sykes2006",208
"tieszen1992",208
"veizer1989",133
"wallace2006",261
"wallace1994",208
"whipkey2000",208
"white2000",208
"wilson1977",208
"wolfe2001",208
"wright2005",208
"wright1998",208
"karkanas2010",97
"macphail2005",194
"carter1998",194
"axboe1986",158
"broholm1940",158
"danielsson2007",10
"danielsson2010",158
"hauck1978",1347
"holmqvist1960",158
"iversen1991a",200
"lamm2004a",158
"mannering2004",158
"mannering2006",158
"mannering2008",158
"mellend",158
"nasstrom1998",158
"nasstrom2009",158
"owencrocker2010",158
"simek2002",158
"stamsomunch2003",158
"watt1999",1348
"watt2001",158
"olausson2014a",190
"klaesoe2010",250
"capelli2003",289
"chinnery2006",250
"brochmann2008",250
"benedictow2004",107
"russ2013",250
"malmstrom2007",250
"salamon2005",250
"binladen2007",250
"behar2007",250
"prieto2011",250
"core2011",250
"helgason2007",250
"anderson1981",250
"andrews1999",250
"venables2002",250
"pfeiffer1999",250
"meinila2001",250
"cardoso2011",250
"dupuy1996",70
"richard2007",250
"tambets2004",250
"metspalu2006",250
"melchior2010",250
"dissing2007",250
"torroni1996",70
"zachrisson2008",250
"derenko2007",250
"schonberg2011",250
"brink1999",184
"brink2000",1349
"brink2004d",28
"dent1984",21
"dinzelbacher1984",21
"frandsen1999",21
"hines1989",21
"hoff1997",280
"jahnkuhn1951",21
"jerichow1997",21
"john1991",21
"lager2001",21
"liestol1972",21
"lonaas2004",21
"richards1990",21
"rudebeck2002",21
"steinsland1995",21
"stidsing1999",21
"wilke1999",21
"ostmo2005",21
"hultkrantz1991",15
"lund2001",15
"lenntorp2002",15
"nasman1998",1350
"nordberg2003",207
"grammaticus1924",15
"sundqvist2004",15
"vierck1979",15
"vifot1936",38
"ljungkvist2015c",1351
"hedenstiernajonson2009",1352
"nmd1919",21
"habbe2004",21
"gjellerup1973",21
"tilley1993",21
"bonnier1994",21
"caillet1985",21
"collinder1972",21
"hansen1992",21
"fabech1989",21
"john1987",21
"larsson1976",21
"ljungkvist2004a",21
"musset1992",1353
"nasstrom1997",21
"olsen2002",83
"ravn1999",21
"ritchie1993",21
"stiesdal1952",21
"lind2004",1354
"mortensen1979",15
"zeitler1979",15
"braadmoen2013",250
"ahrland2013",189
"aronsson1994",189
"bell2012",189
"emanuelsson2003",237
"george2009",189
"grimm2013",189
"harding1992",189
"harding1997",189
"jennbert2000",189
"karlsson2010",189
"lagerstedt2004",189
"liedgren1992",189
"lindholm2013",237
"magnell2013",189
"myrstad1996",189
"nyren2012",189
"petre1980",189
"ramqvist2007",38
"ramqvist1993",189
"risbol2011",11
"serning1962",189
"sleepersmith2009",189
"stene2011",91
"storli1993",189
"sundstrom1987",189
"svensson1998",189
"zachrisson2010",108
"zachrisson1974",189
"ambrose1990",70
"ambrose1997a",133
"andersen1960",4
"bandelt2006",70
"barrett1999",1355
"barrett2000b",70
"bocherens2003",70
"brinkmann1999",70
"deniro1985",70
"eriksson2013",70
"hagelberg1991",70
"hemmendorff1984",70
"holck1997",70
"holck1983",70
"mikkelsen2010",70
"nei1987",70
"opdal1998",70
"paabo1989",70
"ramskou1965",70
"richards1995",70
"rosvold2010",70
"rudbeck2005",70
"sandmo1985",70
"sandmo1984",70
"topf2006",70
"zachrisson2003",16
"cardon2001",289
"marchini2004",289
"bodmer2008",289
"cavallisforza1994",289
"quintanamurci1999",289
"conrad2006",289
"botigue2013",289
"ralph2013",289
"hellenthal2008",289
"odushlaine2010",289
"winney2012",289
"lawson2012",289
"alexander2009",289
"pirinen2013",289
"wilson2001",289
"wells2001",289
"pritchard2000",289
"bodmer1980",289
"howie2009",289
"wright1943",289
"rousset2004",289
"lawson1995",289
"bhatia2013",289
"pritchard2001",289
"moorjani2011",289
"falush2003",289
"aikas2009",1356
"aikas2013",1357
"backman1975",240
"berggren2010",1358
"bergman2008",189
"brightman2012",23
"chapman2000",127
"clavir2002",1359
"descola1992",23
"descola2013",23
"dubois1999",111
"edvinger2006",1360
"hallstrom1932",1361
"helanderrenvall2010",1362
"hultkrantz1994",1363
"humphrey1994",1364
"hutton2001",23
"jernsletten2006",23
"jordan2003",23
"levy1982",30
"lund2011",265
"makarov1991",127
"manker1938",23
"manker1950",23
"manker1957",240
"mauss1924",30
"melheim1999",30
"mulk1996",127
"mundal1996",23
"nergard2003",23
"okkonen2007",23
"orsneschristensen1956",23
"parpola2004",23
"rindstad1997",23
"rostad2012",138
"serning1957",23
"sommerseth2009",9
"svestad2011",23
"viveirosdecastro1998",23
"wallerstrom1995",1365
"willerslev2007",23
"zachrisson1992",23
"havamal1971",31
"skaldskaparmal1931",31
"andersen1977a",4
"binski1996",31
"borsheim2002",114
"bourdieu1996",4
"boyendb",31
"bynum1991",31
"februar1977",31
"cinthio1980",31
"cinthio2002",31
"eide1973",31
"fett1961",31
"fowler2011",31
"fredriksen2006",31
"gilchrist2005",27
"hadley2009",31
"hadley2011",1366
"harby1994",31
"holloway2010",27
"hougen1935",31
"jeppesen1995a",31
"kiefferolsen1993",27
"kristoffersen2008",26
"larsson2002",31
"lund2003e",31
"martensson1981",31
"s1992",31
"nordeide2007",31
"rebaysalisbury2010",31
"reynolds2011",144
"schulke1999",10
"serning1982",31
"shetelig1912",111
"thompson2004",31
"wagnkilde2000",241
"wagnkilde2001",241
"swedishspeciesinformationcentre2014",189
"adalsteinsson1997",204
"bloch1992",204
"bruun1909",204
"bruun1910",204
"bruun1911",204
"buckert1983",204
"byock1982",204
"deheusch1985",204
"detienne1989",204
"dillmann1997",204
"fridriksson2004",230
"gestsdottir2005",204
"girard1979",204
"hamertonkelly1987",204
"hildebrandt1989",35
"hubertnd",204
"jam1943",204
"jones1984",139
"lucas2006",204
"miller1998a",204
"miller1990",1367
"monsen2004",204
"nasstrom1996",35
"nobis1962",204
"nordahl1988",249
"olsen1965",204
"peel1999",204
"roberts2001",51
"robertsonnd",204
"roesdahl1989",125
"roussell1937",204
"steinsland2003",2
"thomas2005",146
"turner1969",240
"vangiffen1963",204
"vondendriesch1976",204
"gudmundsdottir2015",36
"ahlberg1978",1368
"akerstromhougen1981",1369
"althaus1993",36
"andersson1968",36
"andreeff2014",36
"andren2012a",36
"bailey1996",36
"bailey2000",36
"bailey1988",36
"beck1964",36
"bergmann1941",1370
"blindheim1972",36
"bohner1976",36
"bottgerniedenzu1988",1371
"calverleynd",36
"cumont1942",36
"devries1933",36
"diazguardamino2015",1372
"egeler2015",36
"ellisdavidson1950",36
"ellisdavidson1969",36
"ellisdavidson1988",36
"ellmers1973",1373
"ellmers1981",36
"ellmers1986",36
"eshleman1983",36
"faulkes2005",1374
"fingerlin2010",36
"fuglesang2004",36
"graus1977",36
"guber2011",36
"hauck1954",36
"hauck1957",36
"hauck1980",36
"hauck1983",36
"hauck1994",36
"heinzle2010",36
"holmqvist1939",36
"holmqvist1952",36
"hyenstrand1989",36
"kopar2012",36
"kreutzer1989",1375
"lang1983",36
"lehnen1997",1376
"lindqvist1956",1377
"lindqvist1962",36
"malzbender2001",1378
"earl2010",1379
"margeson1980",36
"marold1972",1380
"mundal1998",36
"neckel1983",1381
"nedoma1988",36
"nordin1903",1382
"north2001",36
"nylen1960",1383
"nylen2003",36
"oehrl2006",36
"oehrl2010",1384
"oehrl2011",1385
"oehrl2012",36
"oehrl2013",1386
"oehrl2014",36
"oehrl2015",36
"oehrl2016",36
"olrik1922",36
"quast2009",139
"reichert2003",36
"reitzenstein1924",36
"remondino2014",1387
"samson2011",1388
"schreiner2000",36
"schreiner2004",36
"vonsee1981",36
"vonsee2009",36
"shetelig1933",36
"simonsson2012",1389
"speidel2004",1390
"stephensnd",1391
"strom1956",36
"swanstrom2010",1392
"vierck2002",1393
"weber1973",1394
"widerstrom2012",1395
"wilson1998",36
"zimmermann2012",1396
"petursdottir2007",10
"tonning2003",10
"aannestad2017",10
"blindheim1963",268
"butler1990",1397
"crenshaw1989",10
"danielsson2012",10
"ekengren2004",46
"fahlander2012",10
"fossum1996",91
"gilchrist1999",6
"glorstad2009",10
"gollwitzer1997",10
"magusnd",10
"pantman2014",1398
"pedersen2011",1399
"petursdottir2009",111
"prescott1998",10
"samdal2005",10
"svensson2003",10
"thedeen2012",10
"villa2011",10
"gothberg2006",299
"gothberg2007",299
"fagerlund2005",299
"gothberg2008",299
"alstrom1996",299
"anund1997",299
"berggren1991",299
"elgh1994",299
"frolund2005",299
"frolund2000",299
"hedlund1992",299
"ljungkvist2000",299
"mattsgarden2000",299
"rahmqvist1986",299
"stromback1971",299
"eckmann2004",299
"deweirdt2011",299
"marx2011",299
"skvorzov2011",299
"tilley1999",30
"blindheim1962",154
"crusden1965",154
"eddadigte1971",154
"egebjerghansen1989",154
"engberg1995",154
"mitchell1977",154
"grieg1920",154
"holmolsen1975",154
"jansson1995",154
"johansson1992",154
"kyhlberg1975",154
"lagersted1999",154
"lampe1993",154
"leahy1995",154
"meulengrachtsorensen1991",201
"motz1983",268
"needham1967",154
"ofloinn1994",154
"ramskou1964",154
"schjodt1994",268
"aldritt2003",249
"allison1997",77
"arnold1999",77
"batey1993",74
"batey2003",77
"beuermann2011",77
"bjorkanbukkemoen2017",77
"bond2007",77
"crawford1983",77
"crawford2013",77
"crossleyholland1982",77
"cussans2010",77
"cussans2015",77
"dietler2001",249
"fraser2009",77
"greenacre2007",77
"griffiths2009",77
"gudmundsson1993",77
"halstead2012",77
"harland2006",77
"harland2012",1400
"hastorf2017",77
"hayden2001",249
"hedeager2012a",159
"hermannson2011",77
"jervis2018",77
"jinenez2011",77
"jones2018",77
"madgwick2015",77
"mainland2016",77
"mainland2003",77
"mccormick2002",77
"mccormick2014",77
"mcgovern2010",77
"montgomery2017",77
"morris1996",77
"mulville1999",77
"nicholson2010",77
"noble2013",77
"noddle1997",77
"noddle1977",77
"oconnor2010",77
"oram2015",77
"palsson1978",1401
"pollock2012",77
"rackham1996",77
"rowleyconwy1983",77
"rowleyconwy2018",77
"seller1986",77
"serjeantson2007",77
"sharples1998",77
"sykes2010",9
"terbraak2002",77
"woolgar2016",77
"backhouse1984",30
"barrettnd",30
"cohen2003",30
"drachmann1967",30
"gansum2002",30
"hodges1905",30
"idsoe2004",30
"ilkjaer2003",30
"lund2007",30
"morris1983",144
"murphy1992",30
"mullernda",30
"nasstrom1944",30
"osborne2004",30
"osullivan2000",30
"owencrocker1919",30
"petts2003",30
"sanmark2010",215
"semple1998",144
"simek1983",30
"swanton1974",30
"welinder1992",30
"wellendorf2006",30
"wilson1964",30
"magnus2010",10
"svenberg1984",35
"berg1986",35
"blumenschine1996",35
"boessneck1964",35
"bronkramsey2005",35
"brown1960",35
"carter2007",35
"dahlander1916",35
"ekman1973",35
"ekman1974",35
"ekman1984",35
"fagerborg1986",35
"graslund1996",35
"hemmendorff2010",35
"holm2006",35
"holmgren1985",35
"hultcrantz1996",35
"insulander1956",35
"iregren1997",35
"jakobsson1997",35
"lauwerier1983",35
"lemel1999",35
"lindeblad1997",35
"lyman1994",35
"magnell2004",35
"magnell2006",35
"nathorstnd",35
"nordberg2006",35
"nordenram2001",35
"nasstrom1988",35
"paulssonholmberg1997",35
"payne1985",35
"richter1982",35
"rossdale1996",35
"rudebeck2010",35
"sandegren1997",35
"sjodin1980",35
"thilderqvist2005",35
"vikstrand1993",35
"wallin1990",35
"welinder2003",35
"welinder2008",35
"zeder2010",35
"karnell2012",1402
"bailey2003",1403
"capelle2003",206
"romersdal1961",205
"nasman1942",205
"schnittger1912",205
"brondsted1942",205
"axboe2007",205
"corsten1991",205
"fuglesang2006",205
"nordeide1948",205
"ringstad1988",205
"staecker1990",205
"stoklund2001",205
"strom1984",205
"wamers1997",201
"mainz1997",205
"westlund1989",205
"zeiten2002",205
"zemitis1997",205
"haugbui1924",23
"islendingadrapa1973",23
"andrea2010",280
"beck1978",23
"brown1981",183
"decastro2015",23
"descola2010",23
"drachmann1969",23
"fowler2013",23
"gansum1999",23
"geary1979",23
"geary1986",23
"harris1985",23
"hastrup2013",23
"vigfussonnda",23
"weismantel2015",23
"rigsthula1960",1404
"bekpedersen1943",1405
"agnarsdottir1983",1406
"bartram1991",1407
"berson2002",1408
"birch2009",1409
"buckland1985",196
"byock2004",1410
"christensen1990",1411
"deal1985",1412
"deboer1979",1413
"donat1980",1414
"edvardsson2003",1415
"einarsson1992",1416
"eldjarn1949",1417
"eldjarn1961",1418
"eldjarn1974",1419
"erlingssonnd",1420
"evans1967",196
"foote1977",1421
"fridriksson1997",1422
"gifford1980",1423
"gudrun2008",1424
"gronvold1980",196
"gronlie2006",1425
"gudmundssonnd",1426
"hayden1983",1427
"hermannsaudardottir1989",1428
"hinz1989",134
"hoffmann1964",219
"iceland1985",134
"ingimundarson1992",134
"jones1944",134
"kobylinski1997",134
"kuna2005",134
"lamotta1999",196
"lange1972",196
"meier1984",134
"milek2010",134
"milek2011a",134
"milek1997",134
"murphy1986",196
"murray1980",134
"nelson1999",134
"nelson1996",196
"oconnell1987",134
"okelly1954",134
"olafsdottir1974",134
"olafsson1992",134
"olafsson1998",134
"olafsson2001",134
"page1995",266
"stead1982",196
"stein1989",134
"stevenson1982",196
"takacs1968",134
"taylor1956",134
"tesch1993",134
"thorlaksson2000",134
"urbanczyk1997",134
"urbanczyk2002",134
"urbanczyk2001",134
"urbanczyk2003",134
"urbanczyk2006",134
"pierce1998",196
"rafnsson1977",134
"reimer2009",134
"roberts1943",134
"shetelig1937",196
"sigurgeirsson2008",230
"simms1988",134
"snaesdottir1992",134
"hammarberg1985",205
"thrane1973",122
"samdal2000",205
"moesgaard2004",205
"steinsland1990",205
"artelius2000",4
"artelius1994",4
"bordo2008",4
"bourdieu1999",4
"broome2015",4
"hedeager2014",4
"jansson2005",4
"leach1958",4
"rydh1919",4
"rydh1936",138
"salin1959",4
"skoglund2005",4
"solberg1993",4
"sten2001",4
"vretemark1983",4
"wallacehadrill1962",4
"wehlin2013",4
"baron2014",1429
"baron2006",1430
"baron2009",98
"beagrie1989",98
"bielicki1991",98
"billstrom1990",98
"bjorlykke1982",98
"bjorlykke1990",98
"bjorlykke1993",98
"blanchard2001",98
"bode2008",98
"bode2009",98
"boni2000",98
"brooks2004",98
"capelle1976",98
"chen2012",98
"chernyshev2008",98
"chugayev2010",98
"chugayev2013",98
"duralimuller2005",98
"gale1992",98
"guenettebeck2009",98
"guy1981",98
"homer1991",98
"hohndorf1986",98
"johansson1983",98
"johansson1984",98
"johansson1985",98
"karakaya1988",98
"kirnbauer2012",98
"kramers1997",98
"leveque1993",98
"loveluck1998",98
"merkel2015",98
"mirnejad2011",98
"nilsen1991",98
"nriagu1983",98
"penhallurick1986",98
"petersen1995",98
"pollard2008",98
"rohl1996",98
"rohl1998",98
"sayre2001",98
"shepherd1993",98
"sjastad2011",98
"stacey1975",51
"stosgale2004",98
"stosgale1997",98
"sundblad1994",98
"tereygeol2005",98
"timberlake2005",98
"trincherini2009",98
"tylecote1992",98
"villa2009",98
"wedepohl1978",98
"kershaw1990",148
"hadley2008",159
"alexander1987",148
"carter1969",148
"mckinley2000",148
"budd1999",148
"benedictow1992",300
"brothwell1998",300
"crumlinpedersen1992",300
"bacco2006",300
"dunnell1999",300
"dyke1984",300
"gad1984",300
"geist1978",300
"halstead1989a",300
"janssen2003",300
"jones1986",221
"keller1984",300
"premo2010",300
"thorarinsson1961",300
"weiss1976",300
"abels1988",1431
"geller2005",148
"campbell2001",148
"rollason2000",148
"blackburn2005",51
"mckinley2003",148
"avery1990",97
"babel1975",97
"barrat1964",97
"bell1996",97
"bell2000",97
"biddulph2012",97
"boorman2002",97
"breuningmadsen2001",97
"breuningmadsen2003",97
"catt1986",97
"courty2001",97
"crowther1996",97
"cruise2000",97
"engelmark1993",97
"engelmark2008",97
"holden1994",97
"kelley2010",97
"kooistra1978",97
"linderholm2007",97
"linderholm2013",97
"macphail2000",97
"macphail2009",97
"macphail2012",97
"macphail1998",97
"niblett1999",97
"reineck1986",97
"rentzel1999",97
"rosenqvist1958",97
"stoops2010",97
"thirly2006",97
"veneman1984",97
"viklund2013",97
"wilkinson2012",97
"ipccrkpachauri2014",75
"reckin2013",75
"dixon2014",75
"lee2017",75
"farbregd2009",75
"callanan2016",75
"finstad2008",75
"vedeler2013",75
"hafner2015",75
"kelly2013",75
"fehrenschmitz2014",75
"hare2012",75
"haas2017",75
"barbier2011",75
"orengo2013",75
"hjelle2015",75
"indrelid2011",75
"pluskowski2013",75
"indrelid2015",75
"beijersbergen2017",75
"vorren1998",75
"stene2015",75
"benn2010",75
"odegard2017",75
"young2012",75
"helama2012",75
"linderholm2010",75
"matthews2008",75
"bevanger2004",75
"kullman1994",75
"williams2012",75
"armit2014",75
"mann2015",75
"callanan2013",107
"callanan2015",75
"arjava2005",75
"buntgen2017",75
"nesje2009",75
"villumsen2016",75
"hoeg2014",75
"howardjohnston1998",75
"barrett2016",75
"barth1983",75
"walloe2010",75
"majchczack2014",274
"berger1970",274
"hatz2001",274
"bantelmann1967",274
"braren1935",274
"kersten1958",274
"segschneider2009",1432
"majchczack1967",274
"beseler1982",274
"erdmann2001",274
"jons2014",274
"laur1959",274
"segschneider2004",274
"stilke2001",274
"stumpel2009",274
"wunderlich2013",274
"jakobsson1992",46
"wilson1996",264
"anttonen1992",240
"baudou1993",240
"baylisssmith1998",240
"bergman1995",240
"bradley1997",240
"douglas1966",240
"fellman1906",240
"gennep1909",240
"harrison1903",240
"helskog1999",240
"hultkrantz1978",240
"insoll2004",240
"jordan2001",240
"kleppe2006",240
"laestadius2002",240
"lahelma2005",240
"mebius1968",240
"baylisssmith2001",240
"napolskikh1992",240
"nordbladh1980",240
"pettersson1957",240
"ramqvist2002",240
"rank1955",240
"rydving1993",240
"sammallahti1982",240
"schanche1995",240
"solem1933",240
"taavitsainen2003",240
"terebikhin1993",240
"tilley1991",240
"trubshaw1995",240
"turner1978",240
"uibopuu1988",240
"wiik2000",240
"vorren1978",240
"gojda1991",134
"jezek2002",134
"ruttkay2002",134
"takacs2002",134
"magnusson1973",92
"edvardsson2007",134
"oye1988",219
"stenberger1979a",134
"giffordgonzalez1985",134
"stead1981",196
"karras1988",183
"jochens1995d",1433
"gudmundsson2009a",134
"skjelsvik1958",97
"schindler1956",274
"amundsen2004",196
"arnalds1995",196
"canti1999",196
"canti2003",117
"carr1984",196
"hakbijl2002",196
"hreidarsdottir2005",196
"johnson1974",196
"malinskybuller2011",196
"matthews1997",117
"mehler2002",196
"misarti2011",196
"roberts2003",1434
"rolfsen1980",196
"sampietro2005",196
"shahackgross2005",196
"shahackgross2008",196
"shillito2011",196
"smith2001",64
"snaesdottir2003",196
"stein1983",196
"stockton1973",196
"sullivan2004",196
"tani1995",196
"terry2004",196
"tinsley2002",196
"vizcaino1999",196
"vyncke2011",196
"wandsnider1996",196
"wilk1979",196
"zielinski1997",225
"ingold2012",11
"stoodley1999",1435
"andersson2008f",68
"back2008",68
"frioriksson2013",68
"gunnell1995",37
"gunnell2004",68
"gunnell2008",68
"harris2000",68
"hallansstenholm2010",68
"lihammer2012",68
"pentz2013",68
"philipotts1920",68
"roberts2009",68
"sjosvard1989",68
"svensson2010",68
"vikstrand2010",68
"wessman2010",68
"wessen2002",255
"blomkvist1999",255
"brink2005",38
"caldwell2003",255
"lerbom1915",255
"nyberg1976",255
"olsson1984",255
"ortved1933",255
"rafnsson1974",255
"rosen1949",255
"ruthstrom1988",255
"ronnby1995",255
"schmidtwiegand1967",255
"schmidtwiegand1989",255
"steffen1943",27
"yrwing1940",255
"ostergren1992",255
"yrwing1951",255
"yrwing1978",255
"lindroth1915",255
"vangennep1909a",240
"buckley2004",74
"armit1996",74
"gammeltoft2004",74
"hall2008",74
"jay2013",74
"jennings2005",74
"capo1994",74
"chiaradia2003",74
"dangela1990",74
"diefendorf2005",74
"evans2009",74
"fronval1995",74
"keefe2007",74
"montgomery2002",74
"parkerpearson2005",74
"puceat2010",74
"raiber2009",74
"sanchezchillon1994",74
"sellevold1999",74
"simpson2010a",244
"stephan2000",74
"toolis2008",74
"trickett2003",74
"vanrensburg1986",74
"warham2012",74
"woolf2005",74
"pricenda",1436
"bagge1998",302
"chenery2012",150
"harrison2003",302
"johansen1986",302
"reed1998",302
"sellevold1991",302
"sellevold1996",302
"sellevold2001",27
"sullivan1981",302
"tauber1981",302
"vandermerwe1978",302
"balodis1940",284
"bogucki2006",284
"brundage1991",284
"christoffersen1996",284
"crumlinpedersen1989",284
"crumlinpedersen1996",284
"crumlinpedersen1998",284
"ehrensvard1991",284
"filipowiak1998",284
"griciuviene2005",284
"haak2004",284
"kiaupa2000",284
"kochkurkina1961",284
"lang1996",284
"lang2004",284
"lehtosalohilander1984",284
"limbo2004",284
"lougas1994",284
"magi2002",284
"magi2004",284
"magi2005",284
"magi2007",284
"magi2009",284
"magi2013",284
"petrenko1995",284
"radins2006",284
"rebkowski1998",284
"sedov1974",284
"shepherd1999",284
"sindbaek2003",284
"vijups1997",284
"spingis2008",284
"tvauri1998",284
"vaitkunskiene1995",284
"vasks2008",284
"vassar1939",284
"vassar1975",284
"welinder2009",284
"zarina2006",284
"gramsch2007",303
"zachrisson1989",303
"kopytoff1996",1
"kristiansen1974",303
"pfisterer2008",303
"aberg1990",18
"ambrosiani2005",18
"ambrosiani2016",18
"backstrom2016",18
"blauer2013",18
"burgman1987",18
"fennomuyingo2000",18
"gustin2016",18
"harvig2014",18
"kaislaniem2011",18
"lama2015",18
"leciejewicz1956",18
"lightfoot2016",18
"nironen1997",18
"pellegrini2016",18
"stolpendc",18
"tuross2017",18
"weihed2005",18
"wilhelmson2017",18
"yurtsever1980",18
"nepomniashchii2012",283
"gaidukov1994",283
"kuzmin1997",283
"kuzmin2015",283
"stanislawski2000",241
"britishgeologicalsurvey2001",74
"raudonikas1930",283
"ravdonikas1924",283
"plokhov1996",283
"sturluson2011",266
"ynglingatal2011",266
"anbrosiani2007",266
"banyterowell2005",266
"bliujiene2008",266
"blomkvist2005",1437
"bertasius2006",266
"bonnellnd",266
"creutz2003",266
"deemant1977",266
"ehrensvird1991",266
"filipowiak1983",266
"gurevitch1970",266
"argang2000",266
"johansen1939",266
"khvoshchinskaya2004",266
"lamm2009",266
"ligi1968",266
"ligi1995",266
"baltica2007",266
"magilougas1993",266
"melnikova2007",266
"melnikova1990",266
"mickevicius1994",266
"mugurevies1994",266
"nosoy2001",266
"nosov2005",266
"nosov2006",266
"opik1970",266
"radin1998",266
"selart2002",266
"selirand1974",266
"sindbek2003",266
"spirgis2008",266
"stubavs1966",266
"sne1997",266
"tamla1977",266
"tarvel1975",266
"tonisson1974",266
"valtonen2007",266
"zabiela2008",266
"zemitis2007",266
"zulkus1991",266
"boyd1985",241
"boyd2005",241
"silliman2001",241
"barrett2002",241
"marshall2002",241
"watt1985",133
"naum2005",241
"kockakrenz1993",241
"bergatzky1989",241
"tvauri2001",266
"amundsen1996",83
"auestad1992",83
"balascio2011",83
"binns1978",83
"bratrein1983",83
"bratrein1991",83
"bratrein1995",83
"bruun2007",83
"evjen2008",83
"gjessing1973",83
"grimm1999",83
"grimm2002",83
"grimm2006",83
"grydeland2001",83
"guttormsen2005",83
"henriksen1996",83
"hesjedal1996",83
"hinsch1960",83
"hodder1979",83
"holand1989",83
"johansen2002",83
"johansen1982",83
"johansen1990",83
"johansen1978",83
"mathiesen1978",83
"myhre1978",83
"myhre1985",83
"nilsen1998",83
"nilsen1995",83
"odner1985",83
"olsen1998",83
"olsen2001",83
"rolfsen1974",83
"rolfsen1990",83
"said1993",83
"schanche1992",83
"simonsen1980",83
"sobstad1980",83
"spivak1987",83
"spivak1990",83
"storli1985",83
"vorren1985",83
"wickler2005",83
"wik1985",83
"vanderleeuw1989",241
"c2006b",144
"arbman1969",187
"blair1994",144
"brink2001",144
"cameron1988",144
"carver1988",144
"carver2001",201
"carver2002",111
"cooper1993",144
"dubois2006",144
"effros2003",144
"everson2011",144
"fabech1994",144
"fell1956",144
"geake1997",1438
"grahamcampbell2009",144
"griffiths1991",71
"gurney1986",144
"hall1989",144
"halsall1989",144
"hayward2011",144
"heide2011",144
"heide2014",144
"hoggett2007",183
"ilkjaer2002",65
"jankuhn1955",144
"karras1990",1439
"knapp1999",144
"larrington1996a",6
"mcleod2013",144
"raffield2013a",1440
"hagland2005",144
"randsborg1999",144
"sanmark2009",201
"scarre2002",144
"scragg1991",144
"semple2010",215
"sheppard1939",144
"museum2012",144
"harkell2011",144
"thurston2002",1441
"tilley2006",1442
"webster1983",144
"yorke1990",144
"pedersennda",1443
"armbruster2004",138
"bayley1992",221
"brinchmadsen1984",231
"feveile1994",1444
"grieg1922",268
"hedegaard2005",231
"jouttijarvi2006",202
"paulsen1936",138
"pedersen2000",138
"augenti2011",46
"bilge2013",46
"bowleg2008",46
"back2018",46
"collins2016",46
"davis2008",46
"diazandreu2005",46
"evans1997",1445
"goldhahn2007",46
"holmquist1990",46
"holmquist1993",46
"holmquist2001",46
"holmquist1998",46
"holmquist2009",1446
"inall2014",46
"kaliff1992",46
"laneri2007",46
"nelson2007",46
"olausson2001",46
"popa2014",46
"schietzel1963",46
"thedeen2011",46
"vennatro2016",46
"yotov2016",46
"ashede2015",46
"aagard1984",228
"arbman1960",228
"bjeletskij1998",228
"capelle1962",228
"dellepiane2009",228
"edberg2001",228
"eniosova2008",228
"gingerich2014",228
"hermon2008",228
"jolshin2012",228
"klindtjensen1965",228
"neiss2005",228
"neiss2006",228
"neiss2009",228
"neiss2010",228
"puskina1998",228
"scott2002",228
"shearer2012",228
"sholts2012",228
"sholts2010",228
"sholts2011",228
"sotnikova1959",228
"kastholm2008",228
"thunmark1974",228
"wiechmann2001",228
"wolters2006a",228
"hallam2001",46
"ekengren2006",46
"rindal2004",200
"backdanielsson2008",159
"bennett1987",159
"carlsson2002",159
"fabech2004",159
"henderson1991",159
"hjorungdal1994",159
"hovanta1995",159
"lagerholm2009",159
"mays1998",150
"rosten2007",159
"simpson2004",159
"sindbaek2006",1447
"smyser1965",159
"stalsberg1987",159
"thedeen2008",159
"dudo1998",58
"gragas2000",58
"grettirssaga1974",58
"layofharoldtransl1936",58
"almqvist1965",1448
"almqvist1974",1449
"betzig1982",58
"brown2009",58
"camdennd",58
"chagnon1988",58
"clover1993",1450
"coleman2015",58
"colwell1988",58
"coupland2003",58
"debuse1999",58
"dickemann1979",58
"downham2014",58
"ebel1993",58
"ember1974",58
"emlen1977",58
"falys2014",1451
"forsgren2004",58
"fuglestvedt2014",58
"goetting2006",58
"griskevicius2012",58
"hill1990",58
"hoglund1993",58
"hudson2004",58
"jacobsen1982",58
"jochens1980",58
"jochens1986",58
"jochens1987",58
"jochens1991",58
"kvarnemo1996",58
"kvarnemo1995",58
"madsen1993",58
"meulengrachtsorensen1980",58
"mitani1996",58
"montgomery2008",1452
"moorad2011",58
"opdahl2003",58
"reichert2006",58
"renaud2000",58
"sampson2006",58
"schacht2014",58
"szekely2014",58
"thedeen2009",1453
"weir2011",58
"zeitzen2008",58
"staecker2006",1454
"kure2013",1455
"lamm2003",1456
"lamm2003a",1457
"hauck1985",1458
"hauck1969",1459
"neckel1983e",1460
"larrington2014",1461
"bangnd",1462
"buggenda",1463
"dronke1989",1464
"haavardsholm1996",1465
"hauck1982",1466
"heusler1941",1467
"wilhelm1952",1468
"vanderhorst1982",304
"horst2010",304
"hultgard1987",304
"johansson2013",304
"lamm2003b",304
"mckinnell1994",304
"mckinnell2008",304
"meyernd",304
"north2003",304
"oehrl2009",304
"quast2002",304
"nordal1980",304
"stephensnda",304
"westphal2004",304
"williams1994",304
"musty1974",285
"saxo1931",200
"sopp1999",200
"thomsen1929",200
"blindheim1982",138
"clarke1995",117
"duner2006",138
"gaut2015",138
"hougen1931",138
"kielland1927",138
"maddicott1989",138
"ryghnde",138
"samson1991a",146
"schramm1955",138
"werner1980",138
"coplen1988",260
"a2007",49
"sjoberg1987",37
"blindheim2008",111
"brogger1997",111
"chatwin1990",111
"eisenschmidt1994",37
"gourevich1999",111
"gunnell2000",111
"gunnell2006",111
"harris2009",1469
"hagg2009",111
"jakubovskij1926",111
"liepe1989",111
"mckinnell2005",111
"montgomery2004",111
"ogden2008",111
"page1985",111
"petrenko1991",111
"robbins2004",37
"rundkvist2003",1470
"schjodt2007",111
"schjodt2009",111
"skre2004",201
"steinsland1981",111
"stern2009",111
"tollnes1998",111
"faulkes1989",1471
"pedersenndb",5
"sekundaerkilder1997",305
"barndon1992",305
"drescher1977",305
"gustafsson2005",305
"haaland1985",305
"jouttijarvi2001",305
"krishnan1976",305
"roesdahl1993",55
"smith1974",305
"steinsland1997",305
"webster1999",305
"feveile2002b",231
"anderson1992",139
"balasse2002",139
"bell2001",139
"bethard2013",139
"brabrand1991",139
"buzon2013",139
"cameron2011",139
"cruz2011",139
"eliason2010",139
"ferguson2009",139
"fornander2015",139
"grupe2011",139
"haak2008",1472
"hofstra1995",139
"hunter1975",139
"kahl2009",150
"knudson2008",139
"knudson2011",139
"lambergkarlovsky1972",139
"lane1972",139
"magnusson1980a",139
"moberg1981",139
"naum2012",139
"olsen1961",139
"suchey2006",139
"tung2011",139
"turner2009",139
"vos2005",139
"webb1985",139
"wilson1970",139
"crumlinpedersen1988",306
"zeitzen1997a",306
"wenger2004",306
"sofartsmuseums1987",306
"baxter2008",306
"christensen1988",306
"cooper1978",306
"edgren1988",306
"elsner1992",306
"gillespie2001",306
"grieg1933",306
"hejgaard2010",306
"hojrup1983",306
"jensen2008",306
"sandberg2006",306
"schwartzman2006",306
"smolarek1969",306
"sztompka1994",306
"tesch2005",306
"zeitzen2002",306
"ostergaard2011",306
"hayeursmith2004",159
"byejohansen2004",159
"thunmarknylen2015",159
"albrectsen1994",201
"althoff1999",201
"andersen2011",201
"bede1968",201
"blair2005",201
"dulinicz2002",201
"foote1993",201
"gullbekk2008",1473
"keynes1991",201
"kornerupnd",201
"krag2003",201
"meier2002",201
"meulengrachtsorensen1997",201
"meulengrachtsorensen2001",201
"miuillermertens1999",201
"ottodergrosse2001",201
"pedersen2005",201
"refskou2004",201
"roesdahl1983",201
"roesdahl1987",201
"roesdahl1999",201
"roesdahl2004",201
"schoujorgensen1997",201
"skovgaardpetersen1977",201
"steinsland2008",201
"tesch2008",201
"wilson1966",201
"porsteinsson1987",201
"fangel1941",184
"chapman1981",111
"miller2005",111
"nylen1987",111
"andersson2016b",18
"cambridge2017",18
"hauptman2014",18
"aukrust1982",107
"ayers2016",107
"bergman2007",107
"carrer2015",107
"critch2018",107
"curdy2016",107
"norvegicum2019",107
"finstad2018",107
"gilck2019",107
"grjotheim1978",107
"gunnarsdottir2000",107
"hollesen2018",107
"kleiven1973",107
"kummen1983",107
"providoli2016",107
"rosvold2017",107
"savioz2016",107
"shawnd",107
"thun2018",107
"timberlid2015",107
"volken2015",107
"younghusbandnd",107
"shetelig1920b",1474
"miles1989",64
"abbott2005",64
"gilmour1988",64
"aitken1966",64
"aitken1962",64
"aitken1983",64
"anon1996",64
"aspinall1977",64
"barley1964",64
"barley1981",64
"belfiore2007",64
"blinkhorn2013",64
"brooks1984",64
"bryant1977",64
"dallas1993",64
"dunning1959",64
"everson1999",64
"field1990",64
"ford1995",64
"froh2004",64
"gale1995",64
"garmonsway1972",87
"garrigos2001",64
"golitko2012",64
"goodwin2013",64
"harkel2013",64
"hebditch1964",64
"hurst1962",64
"ixer1997",64
"jordan1994",64
"kilmurry1980",64
"leah1994",64
"vander1993",64
"mainman1990",64
"maniatis1981",64
"maniatis1984",64
"mccarthy1988",64
"miles1974",64
"nailor1984",64
"price1975",64
"quinn2013",64
"rice2005",64
"rogerson1984",1475
"rye1981",64
"sawyer1998c",64
"arwidson1984",68
"arwidson1986",68
"arwidson1989",68
"bennike1985",68
"bennike1993",68
"calmer1977",68
"deniro1988",68
"gilbert2005",1476
"hoefs2004",68
"jorkov2007",68
"kanstrup2006",68
"leethorp2003",1477
"longin1971",68
"madsen1988",68
"reidla2003",68
"runge2010",68
"schoeninger1989",68
"sillen1998",150
"skibstedklaesoe1997",68
"sponheimer2006",68
"vanklinken1999",68
"verhulst1966",184
"verhulst1995",184
"walette2004",184
"paludan1991",184
"koch1936",184
"steensberg1952",184
"steensberg1973",184
"dobat2007",184
"meier2007",184
"tesch1992",184
"fangel1998",184
"tollin1998",184
"riddersporre2003",184
"nedkvitne2004",184
"fritz1988",184
"back1995",213
"gustin2011",213
"haussig1987",213
"martin1986",214
"noonan1985",213
"noonan1989",213
"noonan2001",213
"rispling2007",213
"roslund1997",213
"roslund2009",213
"roslund2010",1478
"thordeman1926",213
"holmquistolausson2002",213
"johansson1997",213
"jonsson2001",213
"kovalev2001",213
"kovalev2002",213
"kovalev2005",213
"kovalev2011",213
"landgren1998",213
"younghusband1904",107
"of1917",16
"jensson1929",16
"arbman1936",16
"arent1969",16
"ekelund1956",16
"ellisdavidson1967",16
"gjeerder1964",16
"holmavist1955",16
"jansson1963",307
"perkins2001",16
"price1969",1479
"salin1913",90
"steinsland1936",16
"agrip1929",16
"hultgard2003",16
"hudson2005",1480
"rediker1987",71
"pennel1997",71
"leeson2009",71
"antony2002",71
"hudson2007",71
"price1991",71
"wulfstan1976",71
"artefacts1980",71
"birkeland1954",71
"arcini2005a",68
"catling2008",71
"griffiths1991a",71
"richards1989",71
"kanstrup2008",68
"andersson1975",150
"arcini2018",150
"arppe2010",150
"azmy1999",150
"buko2013",150
"chernykh1985",150
"faure2004",150
"fraser2018",150
"hyenstrand1982",150
"lewis2008",1481
"maldre2018",150
"margaryan2019",150
"peschel2014",150
"punning1987",150
"raukas2009",150
"ruff2012",150
"sillen1982",150
"trotter1958",150
"tuuling2011",150
"wea1980",150
"woelfel2002",150
"arcini1998",34
"baillie1991",225
"baillie2015",225
"bolender2011",225
"davies2015",225
"dugmore1992",225
"edwards2012",272
"einarsson1988",225
"erlendsson1995",225
"haflidason2000",225
"haflidason1992",225
"hammer1980",225
"hermannsaudardottir1988",225
"lane2014",225
"larsen1982",225
"larsen1984",225
"larsen1977",225
"lowe2008",1482
"lowe2011",225
"lowe2015",225
"lowe2001",225
"newton2008",225
"oladottir2008",225
"ponomareva2015",225
"roberts2000",249
"sigurgeirson2014",225
"sigurgeirsson1995",225
"sigurgeirsson2007",225
"sigurgeirsson1998",225
"sigurdsson1982",225
"sveinbjarnardottir2004",225
"theodorsson2009",225
"theodorsson2012",225
"vilhjalmsson1991",225
"vinther2006",225
"zielinski1995",225
"palmerbrown1995",64
"vince2009",64
"andersen1982a",161
"andersen1996",161
"bennike1994",161
"brather2001",161
"burschel1994",161
"caferro2006",161
"christophersen1940",161
"damgaardsorensen1991",161
"fiorato2000",161
"hermann1974",161
"krueger1985",161
"nielsen1990",280
"petersen1989",161
"roesdahl1975",161
"thordeman1939",161
"ahlstromarcini2005",34
"schjodt2013",34
"anderson2010",308
"bayman2013",308
"bentley2007",308
"brink2014",308
"buck1938",308
"erikson2015",308
"hauofa2008",308
"heyerdahl1938",308
"kane1997",308
"king2003",308
"kirch2010",308
"kirch2012",308
"kirch2014",308
"kirch2007",230
"kirch1992",308
"ljungstrom2004",308
"ravn1993",308
"ravn2011",308
"ravn2018",308
"salmond2010",308
"schjodt2017",308
"smith2010",308
"spriggs2008",308
"spriggs2016",308
"stolpendd",308
"thomas1997",308
"thomas2010",308
"wawn2000",308
"raukas1997",150
"hinton2005",1483
"hoilundnielsen1999",1484
"leigh1984",309
"clauskrag1982",41
"ruth1988",41
"lindkvist2003",41
"yuhl2013",41
"cameron2008",41
"cameron2016",41
"lewis2017",41
"karras1980",41
"larson1935",215
"lee1936",41
"audr2001",41
"benraffield2017",41
"see2012",41
"reuter2012",41
"blili1996",41
"somerville2014",41
"ch2011",41
"michaelswanton2000",41
"robinson1921",41
"gothenburg2000",41
"goodall1990",41
"henning2012",41
"warner2009",41
"olsson2017",41
"simpson2018",41
"ch2000",41
"lunde2012",41
"jankowiak2016",41
"lewis2016",41
"ostergren2008",41
"kankpeyeng2009",41
"laird2010",41
"bodel2005",41
"walz1977",41
"daniel1992",41
"morgan1998",41
"warren1977",41
"bodel2014",41
"ireland1952",41
"hardh2001",150
"lamm2005",150
"lang1995",150
"salmo1938",150
"skrzat2010",150
"tarvel1982",150
"trotter1952",150
"anderson2002",1485
"arnold1991",57
"dowson2006",57
"dror2017",57
"fridriksdottir2013",57
"geller2017",57
"gero1985",57
"ghisleni2016",57
"herget2008",57
"jansson1992",57
"jensen2018",57
"jordan2009",57
"joyce2008",1486
"knauer2001",57
"lindqvist2004",57
"nakhaeizadeh2014",57
"nilssonstutz2013",57
"norgardjorgensen1997",57
"olausson2001a",57
"reeder2008",57
"sorensen1983",1487
"stolpe2019",57
"wylie1992",57
"dagstorp1999",1488
"mark1998",1489
"bogelund1999",1490
"naes2000",1491
"andersminde1980",1492
"okholm1996",1493
"starigardoldeburg1991",233
"stro1984",233
"bchin1965",233
"albert1999",233
"albert2002",233
"barabasi2003",233
"becker1999",233
"becker2003",233
"clarke1972",1494
"dodds2003",233
"donat1984",233
"c2006c",233
"granovetter1973",233
"herrmann2005",233
"jacobsson2000",233
"jons1997",210
"lundquist2003",125
"meier1991",233
"ormerod2004",233
"palmer2003",233
"palmer2004",233
"ravasz2003",233
"renfrew1977",233
"schoknecht1977",233
"schuldt1965",233
"schuldt1967",233
"schuldt1981",233
"schuldt1985",233
"wasserman1994",233
"watts2003",233
"watts1998",233
"wells2005",233
"wietrzichowski1993",233
"ahlen1998",1495
"aikio2006",1496
"alenius2007",1497
"alenius2011",1498
"barrett2009",216
"carpelan1984",216
"carpelan2003",216
"carpelan2006",216
"donner1986",216
"edberg1999",216
"fewster2006",216
"halinen2005",216
"herrgard2005",216
"hiekkanen2010",214
"huurre1983",216
"hakkinen2010",216
"ivars2002",216
"jaakkola1935",216
"karlsson1987",216
"korpela2004",216
"kovalev2007",216
"kriiska2007",216
"kumpulainen2004",216
"kuusela2011",216
"lehtosalohilander1985",216
"lehtosalohilander2001",216
"leskinen2008",216
"masonen1989",216
"meinander1950",216
"moilanen2010",216
"nordman1944",216
"norrman1983",216
"nunez1993",216
"nunez1995",216
"orrman1991",216
"orrman1993",216
"poutiainen2008",216
"raninen2010",216
"ringbom1994",216
"roeckhansen1995",216
"salo2000",216
"schalin2008",216
"spirgis2006",216
"spiridonov1991",216
"taavitsainen1980",216
"taavisainen1988",216
"taavitsainen1994",214
"taavitsainen1999",216
"taavitsainen2007",216
"tomtlund2005",216
"uino2003",216
"maria2001",216
"valtonen2008",216
"viklund2002",216
"wickholm2000",216
"wickholm2004",216
"kirpichnikov1985",233
"makarov1990",214
"makarov2009",214
"melnikova1991",214
"muller1987",114
"nerman1929",1499
"nosov1992",127
"nosov2001",264
"ravdonikas1949",57
"smolichev1925",297
"sitii2006",297
"andren2004j",37
"beskowsjoberg1987",37
"crumlinpedersen1995d",37
"t1999",37
"grahamcampbell1998j",277
"price1989a",133
"skaarup1972",37
"terry1990",37
"ludtke2001",233
"barabas2003",233
"brinch1991",166
"jansson2008",166
"hakonshetelig1917",166
"harrison2010",249
"russell2007",1500
"budd2014",1501
"score2010",1502
"lundraffield1989",1503
"griffiths1997",277
"ross1983",58
"thee1980",1504
"baker1997",58
"khoroshev2007",1505
"kotowicz2007",1506
"macgregor1978",104
"binns1963",104
"booth1987",104
"booth1997",104
"bulock1960",104
"clark1966",104
"craig2010",104
"cramp1976",104
"kemp1996",104
"kershaw2008",1507
"leahy2000",104
"morris1977",104
"morris1984",104
"naismith2011",104
"naylor2001",104
"peers1943",104
"powlesland1998",104
"rahtz1967",104
"schoenfelder2011",104
"stocker2007b",104
"thomas2003",1508
"townend2014",104
"williams1988",104
"wrathmell2012",104
"richards2014",104
"richards2015",104
"richards1983",58
"williams1983",58
"swanton1970",58
"cluniesross1985",58
"james1997",1509
"woodward2004",58
"beskowsjoberg1987a",1510
"beltznd",278
"clark1984",278
"davis1983",278
"fehring1987",278
"fehring1995",136
"gerrard2003",278
"hubener1959",278
"karlin1922",278
"liebgott1989",278
"lischnd",278
"moreland1991",278
"sorensen1989",278
"verhaeghe1994",278
"wiessner1939",278
"desha2000",310
"honolulu1991",310
"dining1980",310
"athens2017",310
"oxfordroutledge2016",310
"graeber2017",310
"redknap2004b",310
"amkreutz2004",310
"lewis1972",310
"mattes2016",310
"mattes2008",310
"comacchio1983",310
"whitehouse1983",310
"hooper2006",310
"kirch1985",310
"kristiansen1998",310
"space2015",310
"rainbird2015",310
"ratnagar2001",310
"jp2010",310
"sherratt1993",310
"clark2008",310
"valeri1985",310
"malarlandskapen1993",310
"wallin1993",310
"westerdahl1992",310
"jankuhn1975",231
"ramskou1999",166
"rundkvist2001",166
"windgather1990",166
"windgather2003a",166
"sussex1997",58
"waitznda",58
"ramskou1963",166
"neiss2070",166
"attwood2000",1511
"einarsson1991",1512
"blake1962",1513
"durrenburger1934",25
"ol1939",25
"ellison2000",25
"finlay2011",1514
"finlay1959",25
"kennedy1997",25
"kunz2000a",1515
"schmeidler1917",25
"toddnd",1516
"tschan1959",1517
"alkrenawi1999",25
"alkrenawi2002",25
"audur2008",25
"barry1981",25
"baumeister2004",25
"betzig1995",25
"borovsky1999",25
"boyden2007",25
"bragg2008",25
"breitman2004",25
"broude1976",25
"caldwell1998",25
"ross2010",25
"daly1980",25
"divale1976",25
"elbedour2006",25
"fleisher1999",25
"fleisher2004",25
"grossbardshechtman1993",25
"graslund1989",25
"henrich2012",25
"hraundal2014",1518
"huber2011",25
"jankowiak2008",25
"jankowiak2005",25
"karamagi2006",25
"karras1992",25
"kress2002",25
"kolker2014",25
"larrington2016",1519
"liwoch2007",25
"ljungqvist2015",25
"miller1982",25
"norrman2000",1520
"norstein2014",25
"odonoghue2004",1521
"omariba2007",25
"ritchie1976",25
"saelebakke1986",25
"schacht2015",25
"simek1992",25
"sjoberg1976",25
"sorensen1946",25
"wyatt2009",25
"boyes1921",1522
"grierson1959",1523
"gulibekk2005",1524
"hedeager1993",227
"lunden1999",217
"steinnes1936",265
"pormksson1992",265
"back1984",278
"karlin1923",278
"aberg1923",1525
"aija1997",1526
"ailio1922",232
"ambrosiani1956",232
"ambrosiani1968",232
"arbman1932",232
"areslatt1993",232
"arrhenius1999",232
"atterman1935",232
"bennettlagerlof1978",232
"bennett1976",232
"blindheim1949",232
"dreijer1966",232
"drotz1995",232
"ekholm1918",232
"eniosova1998",232
"enqvist1923",232
"gudesen1980",232
"hackmannd",232
"hagberg1966",232
"helgen1982",232
"herteig1955",232
"holmqvist1970",232
"horfors1988",232
"kivikoski1980",232
"lind1984",232
"lindahl1950",232
"macgregor1997",232
"marstrander1973",232
"martens1969",232
"monteliusnda",232
"nilsson1990",232
"odencrants1933",232
"rasch2001",232
"ostergaardjensen1987",232
"petre1984b",232
"ramqvist1998",232
"rasmussen1989",232
"reisborg1994",232
"ryghndf",23
"salinnd",232
"sarauw1923",232
"schonbeck2002",232
"serning1960",232
"simonsson1972",232
"spirgis2007",232
"stjernquist1951",232
"stolpe1927",232
"tillvaxten1909",232
"vangpetersen1991b",232
"vedelnda",232
"worsaaenda",232
"bagge2010",311
"englert2007c",311
"callmer1976",311
"dalton1975",311
"elster2007",311
"finley1973",311
"hansen1977",280
"jansen2015",311
"lie1988",1527
"mikkelsen2006",311
"mitchell1984",261
"myrvoll1992",311
"ostmo2011",311
"pilo1990",311
"polanyi1944",265
"rundberget2009",311
"stenvik2003",311
"swedberg2014",311
"wiberg1977",311
"voncarnapbornheim2007",133
"cohen1997",133
"fuchtbauer1971",133
"dejong2010",133
"kiefferolsen1997",133
"lihammer2007",133
"lindstrom1991",133
"messenburg1972",133
"milthers1916",133
"moberg1994",133
"naum1925",133
"rossmann2000",133
"safran2005",133
"schoeninger2003",133
"vensild1996",133
"vonhejine2004",133
"wagnkilde1996",133
"nordal1938",25
"sigurdur1938",25
"christensen2012",115
"engberg2002",115
"rieck1992",115
"sigurdsson2012",115
"skre2005",115
"soderberg1966",115
"olausson2009",115
"kvhaa1903",232
"bratt1999",1528
"darvill2004",102
"driscoll2004",102
"meaney1995",102
"meaney1997",102
"olafsson1985",239
"pantos2002",102
"pantos2003",102
"addyman1981",1529
"alcock1963",1530
"bayley1987",1531
"bayley1991",1532
"bayley2008",78
"benson1911",145
"blair1991",145
"boni2003",145
"clarke1998",145
"coatsworth2002",145
"comber2004",145
"cowgill2009",145
"dickens2009",145
"cowie2012",145
"craddock1989",145
"daniels1988",145
"dommasnes1987",145
"emery2007",145
"eremin1998",145
"wilthew2002",145
"garmonsway1947",145
"gilmore1980",145
"griffiths2007",145
"hall2001",145
"higham1993",145
"hinton1990",145
"hinton1996",145
"hinton2000",145
"hinton2003",145
"hutcheson2009",145
"kershaw2010",145
"laing2006",145
"loken1987",145
"macgregor1999",145
"mann1982",145
"newman1993",145
"nicholson1997",78
"omeadhra1987",145
"oriordain1971",78
"owencrocker1986",145
"paterson1997",145
"paterson2000",145
"pritchard1991",145
"radley1971",145
"seaman2013",145
"smith1923",145
"waltonrogers2004",261
"taylor1987",145
"thomas2004",145
"thomas2008a",145
"tweddle1986",145
"vince2001",78
"rogers2007",145
"rogers2014",145
"rogers2016",145
"wastling2009",145
"waterman1959",145
"webster2012",145
"caroline1999",57
"blank2018",57
"chukhina2015",57
"davydova1999",57
"dzhakson2002",57
"dzhakson1986",57
"glykou2018",57
"gorelov1997",57
"nv2017",57
"gromig2019",57
"jackson2003",57
"jackson2009",57
"khudoley2013",57
"kirpichnikov1984",57
"kirpichnikov2013",57
"knudson2007",57
"lalazarov2012",57
"moiseyev2014",57
"moisio2015",57
"ostman2004",57
"petrenko1985",57
"petterson1995",57
"platonova1996",57
"raffensperger2014",57
"saarnisto1995",57
"sankina2000",57
"sauramo1929",57
"karlgoran1999",57
"subetto1998",57
"zazzo2004",57
"dunfjeldaagard2005",127
"reymert1980",127
"arne1909",127
"bergstol2002",127
"bohannan1959",127
"brogger1928",127
"fjellstriim1962",127
"ell1990",127
"gullbekk2003",184
"jasinski1998",127
"kopytoff2000",127
"montelius1922",127
"niisstriim2001",127
"ojanlatva2003",127
"yrbyggjasaga1989",127
"sandmo1994",127
"kongesagaer1979",127
"steinsland1989",127
"steinsland1992",127
"steinsland1984",127
"stenberger1971",127
"raffield2015",5
"byock1998",307
"fox1974",217
"palsson1986",307
"whitelock1976",307
"alesina1999",307
"coffe2006",307
"dcms2002",307
"doosje1995",307
"eger2010",307
"ellemers1997",307
"ellisdavidson1976",307
"jans2015",307
"stewart1991",307
"korostelina2007",307
"lindeman1997",307
"lonnroth2008",307
"lund1985",307
"maderer2014",307
"mcdonald2012",307
"petta1992",307
"putnam2006",307
"rhee1996",307
"sawyer1985a",307
"schjodt2011",307
"smith1997",307
"sosis2006",307
"swann2009",307
"swann2012",307
"tajfel1971",307
"thomas1999",307
"tropp2001",307
"whitehouse2012",307
"whitehouse2014",307
"pantos2004",239
"holmback1933",215
"lucas1966",298
"bourke1993",298
"hedeager1994",217
"hardh1988",298
"kruse2007",298
"lieber1989",298
"miller1986",298
"mullerboyson1987",298
"saunders1995",298
"bagerius2001",1533
"batey2012",1534
"becker2007",1535
"bickerton2015",1536
"grahamcampbell2001h",1537
"bird2000",1538
"blackmore2011",1539
"boothby2004",1540
"bychowski2018",1541
"casey2010",1542
"chagnon1992",1543
"coltrane2006",1544
"connell2000",1545
"connell2005",1546
"crawford2007",1547
"damon2006",1548
"dommasnes2008b",1549
"ember2015",1550
"enloe2017",1551
"erikson1950",1552
"pesch2018",1553
"gilligan1982",1554
"gilligan1990",1555
"gowland2001",1556
"gunnell2013",1557
"haapasalo2000",1558
"halstadmcguire2010b",1559
"handel2007",1560
"hays1982",1561
"higate2005",1562
"hinojosa2010",1563
"hollander1949",1564
"hooper2001",1565
"honwana2006",1566
"howard2000",1567
"kaland2008",1568
"kamp2015",1569
"keith2005",1570
"kimball2013",1571
"knusel2000",1572
"larrington2008",1573
"levine1990",1574
"lewissimpson2008",1575
"lillehammer2010",1576
"macinnes2016",1577
"mcguire2016",1578
"mead1934",1579
"meggitt1977",1580
"mellor2014",1581
"murphy2017",1582
"mygland2010",1583
"hencken1933",1584
"orchard2011",1585
"orme1995",1586
"perkins1972",1587
"preston2014",1588
"raninen2008",1589
"scribner1965",1590
"reynolds1991",1591
"ross2018",1592
"shimahara1970",1593
"soderberg2017",1594
"sofaer2011",1595
"solli2008",1596
"squires2013",1597
"swanton1997",1598
"underwood2006",1599
"varney2000",1600
"weinreich2009",1601
"weisner2015",1602
"weisner1977",1603
"werner1964",1604
"wessells2006",1605
"whaley2009",1606
"whitehouse2017",1607
"woolf2017",1608
"snorres1999",127
"armstrong2000",239
"a2007a",239
"barrett1994",239
"binford1972",1609
"brogger1950",239
"fuglestvedt2007",239
"grieg1942",239
"gunnes1976",239
"holmsen1939",239
"ilkjaer2000",239
"kallhovd1994",239
"krag1995",239
"munch1981",239
"munch2007",239
"myhre1997",239
"mollerop1957",239
"mollerop1971",239
"parkerpearson1982",239
"petersen1937",239
"ronneseth1963",239
"ronneseth1966",239
"sandnes1997",239
"shanks1982",239
"sigurdsson1993",239
"slomann1958",239
"sturlasson1964",239
"stenberger1966",239
"stenvik2005",239
"steuer1989",239
"storli2001",239
"tacitus1977",239
"titlestad1996",239
"thompson1965",239
"appelgrennd",214
"back2007",214
"callmer1980",214
"callmer1986",214
"carpelan1980",214
"damell1967",214
"delort1978",214
"edgren1999",214
"ekbo1981",214
"enqvist2004",214
"enqvist2006",214
"floderus1931",214
"gustavsson2001",214
"hackman1938",214
"haggren2005",214
"hiekkanen2001",214
"hirviluoto1986",214
"huurre1987",214
"huurre1992",214
"kivikoski1939",214
"lang1985",214
"ligi1994",214
"lind2000",214
"lind2006",214
"lind2009",214
"makarov2006",214
"morris1999",214
"raportteja2003",214
"pimenov1965",214
"purhonen1992",214
"purhonen1997",214
"ryabinin1978",214
"ryabinin1986",214
"saksa1985",214
"saksa1992",214
"schmid1942",214
"silliman2005",214
"stang1981",214
"stein1998",214
"stein1999",214
"stein2002",1610
"syse1987",214
"taavitsainen2004",214
"tomantera1991",214
"tvauri2005",214
"zakharov2004",214
"boe2012",90
"fjell2005",11
"goffman1971",1611
"grieg1943",125
"holtorf2005",1612
"rasmussen2013",210
"anon2011",264
"bloch1939",264
"chin2004",264
"dillmann1996",264
"hall1984",264
"hilberg2008a",264
"horton2000",51
"klejn2009",264
"knirk1999",264
"mcgovern2011",264
"mullerwille1996",264
"nordenborgmyhre2001",264
"nosov1998",264
"steuer1990",264
"vollertsen1989",264
"ward2000",264
"wallace2001",264
"willemsen2009",264
"wynnejones2007",264
"tacitus1997",239
"batey1994",272
"bjornskov2009",272
"bohnet2008",272
"bourdieu1986",272
"brondsted1960",272
"chartrand2006",272
"barry2008",272
"delhey2005",272
"dohmen2008",272
"freitag2008",272
"greif1989",272
"greif1993",272
"greif2006",272
"greif2012",272
"guiso2008",272
"haywood1995",272
"langer2002",272
"lookofsky2006",272
"milgrom1990",272
"nannestad2008",272
"nunn2011",272
"olson1993",272
"ostrom2009",272
"ozcan2011",272
"paldam2000",272
"putnam1993",87
"putnam2000",272
"raffield2009",272
"ramskou1962",272
"rothstein2003",272
"rothstein2005",272
"svendsen2004",272
"svendsen2009",272
"svendsen2012",272
"sorensen1990",272
"traunmuller2011",272
"uslaner2002",272
"uslaner2008",272
"vikings1997",272
"weber2009",272
"williamson1993",272
"aegidius1977",1613
"albrectsen1941",1614
"albrectsen1970",1615
"albrectsen1984",1616
"andersen1987",1617
"andersen1998",55
"andersen1971",1618
"andersson1972",1619
"andren1994",1620
"arentoft1984",1621
"arentoft1985",1622
"arentoft1993",1623
"arentoft1999",1624
"bartholin1976",1625
"bartholin1974",1626
"becker1982",1627
"bertelsen1991",1628
"bertelsen1992",1629
"binderup1996",1630
"bjerregaard2016",1631
"bjerregaard2017",1632
"christensen1975",1633
"christensen1977",1634
"christensen1999",1635
"christensen2017",1636
"elkjaer2001",1637
"og2001",1638
"fussel2008",1639
"amt1992",1640
"gothche1995",1641
"grandtnielsen1982",1642
"harnow2005",1643
"haupt2006",1644
"henrichsen1968",1645
"henriksen1988",1646
"henriksen2012",1647
"hoff2000",1648
"hohenberg1985",1649
"hohenberg1995",1650
"hojlundnielsen1987",1651
"jacobsen2000",1652
"jacobsson2003",1653
"jeppesen1981",1654
"johannsen1995",197
"jorgensennda",197
"juel2010",197
"kousgardsorensen1969",197
"krongaardkristensen1998",197
"krongaardkristensen2016",197
"langkilde2007",197
"lauritsen1974",197
"lauritsennd",197
"levinnielsen1968",197
"linaa2016",197
"lindblom2013",197
"lundhansen1988",197
"lundo2012",197
"madsen1982",197
"mathiesen1922",197
"mathiesen1927",197
"mejdahl1993",197
"moller2008",197
"nasman1996",197
"nielsen1984",197
"nilsen1990",197
"nilsson2015",197
"norgaardjorgensen2002",197
"nyberg1982",197
"odman2014",197
"olesen2014",197
"olsen1969",197
"pagh2016",197
"petersen1987",197
"porsmose1996",197
"poulsen2015",197
"riis1999",197
"rindel2001",197
"rosch2013",197
"runge2016",197
"runge2017",197
"sanke2001",78
"schorring2000",197
"skaarup1997",197
"skaarup2005",197
"smed1962",197
"sonderby1988",197
"stenak2005",197
"tarup1934",197
"thrane1996",197
"trap1957",197
"ulriksen2016",197
"ulriksen2014",197
"vraengmosejensen2017",197
"weber1958",197
"zeeberg2000",197
"zinglersen2004",197
"callmer1990",116
"mccormic2001a",116
"halcrow2008",41
"loyn1977",244
"bakka1978",265
"davis1992",265
"granovetter1985",265
"gudeman1986",265
"gudeman2001",265
"herschend1980",265
"hirsch1987",265
"lie1997",265
"lunden1972",265
"munksgaard1978",265
"naumann1987",265
"sawyer1989",265
"wilk1996",265
"zafirovski2001",265
"adey2014",1655
"andrushko2011",1656
"beardsley1955",1657
"bergerbrant2007",1658
"binford1980",1659
"bollig1987",1660
"ceruti2004",1661
"cresswell2012",1662
"eerkens2014",1663
"font2012",209
"frankopan2015",209
"frei2017",209
"frobeniusnd",209
"frobeniusnda",209
"garnett1945",209
"gleirscher2004",209
"greenblatt2010",209
"gronenborn1999",209
"heberle1938",209
"helms1994",209
"hermes2018",209
"huntington1996",209
"jockenhovel1980",209
"jockenhovel1991",209
"jockenhovel1995",209
"jockenhovel1994",209
"kaufmann2004",209
"kelly1992",209
"kelly1995",209
"kimmig1958",209
"kootker2016",209
"krause1988",209
"lee1966",209
"ling2014",209
"lippert2007",209
"maixner2013",209
"marshall2015",209
"melheim2018",209
"murdock1967",209
"neaher1979",209
"neipert2006",209
"nerlich2009",209
"oelze2011",209
"pernter2007",209
"plomp2017",209
"podolny2005",209
"reiter2014",209
"reiter2015",209
"schadelindig2003",209
"scharlotta2018",209
"scheeres2014",209
"shellar2018",209
"sjastaad1962",209
"stewart2017",209
"tipple2013",209
"vandersanden1996",209
"vandkilde2007",209
"veblennd",209
"welsweyrauch1988",209
"wendrich2008",209
"white2009",209
"beck2013",125
"blindheim1954",125
"chase1997",125
"enright1988",125
"eriksen2002",125
"gansum2018",1664
"gjerpe2016",125
"meulengrachtsorensen2003",125
"myhrend",125
"nicolaysenndo",125
"sala2008",125
"skyllberg2008",125
"talma1993",125
"warner1987",125
"polanyi1957",265
"swedberg1992b",265
"anderson1998",11
"asbjornsen1914",11
"astveit2007",1665
"bangandersen2004",11
"barth2016",11
"bjorvand2000",1666
"bjorgo2016",11
"callanan1906",91
"christensen1986",86
"christiend",11
"vsnd",11
"clark1975",11
"derocher2000",11
"domanska2006",1667
"einbu2005",11
"finstad2010",11
"fjellheim2005",11
"frostatingslova1994",11
"gibson1979",11
"giese2013",11
"gulatingslovi1969",11
"hansen2005",86
"hodder2011",11
"hofseth1980",91
"hoyer2015",11
"indrelid2007",11
"ion1989",11
"jordhoy2013",11
"jordhoy2005",11
"jordhoy2012",11
"lagaboters1979",11
"martinsen2016",11
"molmen1988",91
"ryd2014",11
"roed2014",86
"roed2015",11
"spiess1979",11
"vorren1944",11
"wammer2007",11
"weber2007",11
"wiberg1987",11
"rundkvist2014",5
"carlsson2012a",295
"clareus1999",295
"conyers2007",295
"conyers2010",295
"damiata2013",295
"daniels2004",295
"david2008",295
"gahrn1988",295
"goodman1993",295
"goodman2013",295
"grasmueck2005",295
"hjulstrom2014",295
"hjulstrom1920",295
"ilisch2004",295
"karlsson2008",295
"larsson1987",295
"leckebusch2003",1668
"lindqvist2000",295
"malmer1982",295
"neubauer2002",245
"nordenskjoldnd",295
"novo2010",295
"novo2012",295
"poscetti2013",295
"stenberg2006",295
"sundquist2013",295
"viberg2012",295
"urry2007",209
"armstrong1953",1669
"bates2000",1670
"bates2007",1671
"bayer2011",1672
"benedetti2011",1673
"berendsen2000",1674
"bird2010",1675
"bird1985",1676
"bristow2003",1677
"bristow2006",1678
"brivio2000",1679
"brown1997",1680
"burke2008",1681
"butzer1982",1682
"clemmensen2010",1683
"darwin1990",1684
"declercq2012",1685
"fatimarossetti2009",1686
"smedt2011",1687
"denham2008",1688
"deroin2011",1689
"dincauze2000",124
"doneus2008",124
"donoghue1988",124
"embleton1970",124
"chng2004",124
"fairbridge1985",124
"fitch2005",124
"french2005",124
"gabler2013",124
"gaffney2008",124
"harari1996",124
"hickin2009",124
"hodgson1976",124
"howard2008",124
"ilves2009",124
"ilves2012",124
"jensen1999",124
"jongmans2007",124
"kneisel2008",124
"komar1998",124
"lasaponara1995",124
"leopold2010",124
"linford2006",124
"lunt2005",124
"luo2012",124
"mansfield2007",124
"mcgraw2014",124
"mchugh1988",124
"nau2004",124
"neal2002",124
"neubauer2001",124
"neubauer2004",124
"proschdanielsen2006",124
"proulxmcinnis2013",124
"ramberg2008",124
"rapp2006",124
"saey2013",124
"schrott2008",124
"short2004",124
"siart2008",124
"soil2006",124
"syvitski1995",124
"tamura2012",124
"taylor1996",124
"trinks2015",124
"vandam2012",124
"wegmann2012",124
"weston2001",124
"wilkinson2003",124
"yoshiki2005",124
"dommasnes1992",206
"enright1995",206
"hornfuglesang1989",206
"kaliff2004",206
"koktvedgaardzeiten1997b",206
"larsson2005",206
"rosengren2007",206
"eriksen1991",114
"fern2012",114
"kirkup2006",114
"nasstrom1999",114
"sanmarknda",5
"sanmark2006",215
"koivisto1996",207
"leppaaho1936",207
"sarasmo1961",207
"sarkki1976",207
"cleve1948",207
"drobin1991",38
"hirviluoto1976",207
"honko1960",207
"huntington1979",207
"huurre1990",207
"karvonen1998",207
"keskitalo1950",207
"kitzler2000",207
"kivikoski1961",207
"kivikoski1963",207
"lehtosalohilander1988",207
"mandel2003",207
"oestigaard2006",207
"paulaharju1924",207
"purhonen1998",207
"palsi1938",207
"sarkkiisomaa1986",207
"sjoberg1994",207
"tarlow1999",207
"wickholm2005",207
"tacitus1960",206
"graslund1973",206
"randsborg1984",206
"stjernquist1989",206
"blinkhorn1999",233
"brather1996",233
"c2006d",233
"filipowiak1993",233
"soren2002",233
"jankuhn1956",233
"janssen1987",233
"kirpichnikov1997",233
"ohlsson1976",233
"sawyer1977",233
"warnke1992",227
"bjornstad2010",86
"bjornstad2012",86
"brandt2011",86
"excoffier2010",86
"flodin1989",86
"forster2003",86
"halinen2013",86
"hartnup2011",86
"hedman2015",86
"hofreiter2001",86
"hufthammer2011",86
"komber1987",86
"librado2009",86
"loftsgarden2017",86
"luik2015",86
"munch1998",86
"olivieri2014",86
"roed2008",86
"roed2011",86
"roed2018",86
"rytter1997",86
"rytter2007",86
"schia1986",86
"skogland1980",86
"star2018",86
"wandeler2007",86
"marstrander1932",277
"megaw1950",277
"moore1900",277
"shetelig1925",277
"shetelig1945",277
"shetelig1954",277
"whitelock1967",277
"wilson1974",277
"sorensen1988",124
"arnorsdottir1973",227
"blackburn2009",227
"bourdieu1990b",227
"dalton1977",227
"ed1984a",227
"gustin1996",227
"hedegaard2002",227
"heijne2004",227
"horsnaes2000",227
"kazanskij2007",227
"kromann1985",227
"metcalf1997",227
"mikkelsen2001",227
"north1990",87
"odeback2009",227
"pertznd",227
"ed1905",227
"vinsrygg1975",227
"schia1989",86
"bertran1991",117
"cammas1994",117
"cammas1995",117
"cremaschi2010",117
"fitzpatrick1993",117
"galinie2004",117
"loveluck2001",117
"maixner2010",117
"de1997",117
"nicosia2014",117
"schiegl1996",117
"verslype2004",117
"wouters2013",117
"ballantyne1994",215
"ballantyne1999",215
"bauge1980",215
"brandnd",215
"heggstad1975",215
"indrebo1936",215
"jakobsen1936",215
"mackie2002",215
"mccullough2000",215
"nymoen1995",215
"nymoen1997",215
"ogrady2008",215
"paton2011",215
"palsson2003",215
"bruce1908",215
"cant1975",215
"cleasbynd",215
"js1914",215
"coolen2011",215
"crawford1984",215
"dodgson1972",215
"donaldson1958",215
"edmondstonnd",215
"fellowsjensen1996",215
"greignd",215
"stewart1987",215
"solvara2002",215
"waugh2005",215
"westerdahl2004",215
"westerdahl2004a",215
"zoega1910",215
"peel2009",215
"riisoy2013",215
"ringstad2006",215
"ritchie1997",215
"sanmark2011",215
"schlyternd",215
"barabasi1999a",233
"freke1992",277
"knappett2025",5
"omgard1980",313
"taebringmikkelsen1986",313
"coggins1967",313
"behrenlubchin1965",313
"ystadtankbaten1976",313
"brughmans1989",313
"worldcatbuttler1991",313
"cheng2006",313
"krause2000",313
"dress2007",313
"fitzhugh2000a",261
"forster2006",313
"gen2008",313
"graham2006",313
"hage1991",313
"isaksen2008",313
"worldcatjohansen2004",313
"klincewicz1998",313
"worldcatkorte2006",313
"labianca2006",313
"lebecq2007",313
"minoux1989",313
"crossrefmizoguchi2009",313
"batagelj2005",313
"randall2001",313
"randall1994",313
"worldcatschofield2005",313
"worldcatsindbaek2010",313
"terrell2010",313
"young2006",313
"valente2005",313
"vince2005",313
"bayley2007",221
"bech2011",221
"edwards1999",221
"escher1976",221
"higgins1966",221
"ingstad1985",221
"jackson2000",221
"jackson1978",221
"jordan1980",221
"linderothwallace2006",221
"ere2002",221
"morgan1975",221
"rasmussen2010",221
"roussel1941",221
"stonge2000",221
"burstom1993",227
"london1990",78
"michelmerch1972",78
"batey1987",78
"brown2003",78
"buttler1989",78
"buttler1991",78
"crumlinpedersen1984",78
"driscoll2002",78
"henry1945",78
"henry1952",78
"hubbard1989",78
"khvoshchinskaya2007",78
"lane2007",78
"maclaren1974",78
"mann1984",78
"may1948",78
"mills2007",78
"osullivan1970",78
"pearson2001",78
"rollason2004",78
"santi2005",78
"sharples2003",78
"sidebottom2000",78
"wallace1981",78
"wallace1985",78
"pirenne1938",117
"meier2001",1690
"cabot2004",78
"ahlen1994",108
"collen2011",108
"devries1961",108
"duwel2001",1691
"eriksson1991",108
"gelting2000",108
"gren2003",108
"gustavson1995",108
"hafstrom1962",108
"iversen2004",108
"kallstrom2012",108
"krovel2001",108
"lamm2006",108
"lindkvist1979",108
"ljung2001",108
"lagaboters1915",173
"mejsholm1954",108
"nasman2008",108
"nelson2013",108
"norseng1987",108
"peterson2007",108
"peterson2012",108
"stahle1969",108
"ringstad1989",108
"ronneseth1975",235
"selinge1980",108
"sturluson1995",108
"stahle1956",108
"stahle1958",108
"struck1990",108
"sundqvist2016",1692
"taranger1913",108
"vikstrand2015",108
"vogt2010",108
"williams1996",108
"winberg1985",108
"zachrisson2002a",108
"aitchson1994",102
"bagge1989",102
"ballantyne1999a",102
"bartlett1994",102
"brink2003",38
"brynjulfurnd",102
"dndiplomatariumnorvegicumnd",102
"driscoll1998",102
"driscoll2000",102
"flatman2010",102
"fornsok2012",102
"fridriksson2004a",102
"wollett2004",102
"damiata2005",102
"gelling2000",102
"gilchrist1995",102
"glass2011",102
"glick2005",102
"groenewoudt2009",102
"gustafsson2001",102
"hebede1968",102
"hellquist1980",102
"henriksen2001b",102
"higham1992",102
"holm2009",91
"iversen1956",102
"kulikowski2005",102
"larsson1995",102
"goff1988",102
"liebermann1913",102
"mehler2012",102
"moore2005",102
"narmo1996",173
"oosthuizen2011",102
"rippon2004",102
"rygh1907",102
"samdal2008",102
"simonsson1984",102
"staf1935",102
"stocking2000",102
"vesteinsson2011",102
"akureyri2001",102
"vestergaard1988",102
"warner1988",102
"widgren1986",102
"skorokhod2017",297
"smolichev1926",297
"stankevich1962",297
"skorokhod2018",297
"sytyi2006",297
"heid2008",78
"axboe1991",217
"bakka1981",217
"bursche2002",217
"boe1923",217
"cipolla1956",217
"dyhrfjeldjohnsen2013",217
"engeler1991",217
"fonnesbechsandberg1985",217
"fonnesbechsandberg1988",217
"fonnesbechsandberg1989",217
"frimannslund1966",217
"gemici2015",217
"graeber2011",217
"guest2008",217
"hagland1994",217
"herschend1987",217
"herschend1991",217
"humphrey1985",217
"ingham2004",217
"innes1913",217
"innes1914",217
"kilger2015",217
"klang2013",217
"kallstrom2010",217
"leeper1933",217
"meikle1994",217
"munch1956",217
"munksgaard1956",217
"naismith2012",87
"painter2013",217
"pare2013",217
"rau2013",217
"rovelli2012",217
"ruthstrom1993",217
"schacht1949",217
"scull1990",217
"steuer2013",217
"stormndd",217
"voss1955",217
"wray1999",217
"zelizer1994",217
"zimmermann2003",217
"ashby2012",9
"blehr1973",9
"clarke1988",9
"donaldson1981",9
"edwards1997",9
"hunter1982",9
"hunter1989",9
"kjoshanssen1973",9
"macgregor1983",9
"meiri2013",9
"morris1985",9
"smirnova2005b",9
"solazzo2011",9
"sommer2009",9
"sykes2011",9
"wasser2008",9
"biggs2014",1693
"bjordal2017",1694
"bradley1991",1695
"collis1995",1696
"dumville1977",1697
"feldman1975",1698
"fulk2014",1699
"grant1986",1700
"green1965",1701
"gutsmiedlschumann2018",1702
"gothberg2018",1703
"hall2006",1704
"heaney2001",1705
"heinertz1925",32
"hodder1976",32
"hardh2002",32
"ilkjaer2001",32
"imer2010",32
"indrebo1932",32
"jorpeland2018",32
"klaeber1950",32
"klaeber2014",32
"lindkvist2003a",32
"ljungkvist2017",32
"malmros1999",32
"malone1962",32
"neidorf2013",32
"neidorf2014",32
"neidorf2017",32
"nerman1942",32
"niles2007",32
"nasman1999",32
"osborn2007",32
"ostmo2018",32
"pilo1993",32
"pohl2009",32
"rau1955",32
"reichert1987",32
"reichert1990",32
"rix2015",32
"sawyer1991",32
"schlesinger1965",32
"schnetz1990",32
"scull2016",32
"seiler2018",32
"steuer2006",32
"sundqvist2018",32
"svennung1974",32
"sorensen1982",32
"talbot1954",32
"taranger1934",32
"teigen2007",32
"wikborg2018",32
"wolfram1971",32
"wolfram2008",32
"wolfram2009",32
"wolfram2011",32
"wood1994",32
"wood1977",32
"aarsleff1955",231
"fuglesang1985b",231
"cunliffe2002",65
"edwards1917",65
"espelund2013",65
"frank1998",65
"harding2013",65
"harris2003",65
"holm2005",65
"metcalf1995",65
"trakadas2014",65
"tschan2002b",65
"vosmer2014",65
"uws2004",217
"wray2004",217
"ahmad2006",1706
"aikawafaure2009",1707
"ankersmit2009",1708
"ashworth2007",1709
"bender1993",1710
"bender2007",1711
"m2002",1712
"bhaskar1989",1713
"binford1962",1714
"bohm2001",1715
"bohm2008",1716
"w2006",1717
"braudel1949",1718
"braziel2003",1719
"carman2002",1720
"chakrabarty2009",1721
"cheape2009",1722
"clark1936",1723
"clark1954",1724
"crossland2005",1725
"crutzen2002",1726
"dawdy2009",1727
"dixon2005",1728
"domanska2009",1729
"domanska2010",1730
"durkheim1904",1731
"dybdahl2010",1732
"eagleton2000",1733
"edgeworth2010",1734
"t2006",1735
"flannery1973",1736
"foley2005",1737
"fraiture2010",1738
"fraiture2009",1739
"fraser2000",1740
"fraser2001",1741
"fukuyama2002",1742
"gibbon1989",1743
"grosjean2007",1744
"hacking1999",1745
"haraway2008",1746
"harman2010",1747
"harrison2009",1748
"hodder1987",1749
"hodder1999",1750
"holmberg2008",1751
"holtorf2007",1752
"holtorf2011",1753
"hyenstrand1988",1754
"jenkins2004",1755
"jong2008",1756
"kirshenblattgimblett1994",1757
"kirshenblattgimblett2004",1758
"kolen2009",1759
"kotchen2007",1760
"kristiansen2002",1761
"kurin2004",1762
"labinger2001",1763
"lakatos1973",1764
"latour1993",1765
"latour2003",1766
"latour2005h",1767
"levistrauss1962",1768
"lowenthal1985",1769
"madsen1900",1770
"mason2000",1771
"moberg1977",1772
"mullerndc",1773
"mullerndd",1774
"nilsen2003",1775
"nummedal1912",1776
"nussbaum1999",1777
"naess1973",1778
"oestigaard2004",1779
"oestigaard2007",242
"olsen1986",242
"olwig2001",242
"parkerpearson2006",242
"parkin1999",242
"partner2009",242
"periman2006",242
"petersennd",242
"pickering1993",242
"pickering1994",242
"piotrowski2006",242
"pollard1998",242
"rorty1989",242
"rose2007",242
"ruddiman2003",242
"ruddiman2005",242
"samuel1994",242
"sanden2008",242
"schanche1983",242
"schwandt1994",242
"serres1995",242
"shanks2010",242
"skolimowski1974",242
"skounti2009",242
"sloterdijk2009",242
"smail2007",242
"snow1959",242
"snow1966",242
"solli1989",242
"spiegel2009",242
"steinberg2002",242
"stotz2008",242
"svestad1995",242
"terrill2008",242
"todorov1993",242
"tvedt2010",242
"waterton2006",242
"watson1971",242
"weisman2007",242
"welinder1986",242
"white1949",242
"white1959",242
"willey1958",242
"wolfe2010",242
"zalasiewicz2008",242
"zalasiewicz2010",242
"blindheimnd",202
"ka1999",202
"ka1995",202
"almgren1904",193
"eibl2005",136
"ernst1989",193
"faull1976",136
"zielonka1957",136
"zydok2004",136
"bergsveinn2007",32
"granzweig2018",32
"harding1977",136
"mullerwille1987",136
"murphy2008b",68
"pettersson1991",136
"duwel1995",136
"souers1937",165
"becker1973",90
"keay2014",1780
"evans2015",1781
"stott2018",1782
"kjaer2018",1783
"trier2019",1784
"guyot2018",1785
"rizaldy2018",1786
"colgan2012",1787
"liu2017",1788
"meng2012",1789
"jain1997",1790
"chen2014",1791
"breiman2001",1792
"belgiu2016",1793
"strobl2009",1794
"flemming2007",1795
"rosenkranz2015",1796
"vennersdorf2017",113
"mitchell1988",113
"vanderwalt2014",113
"illingworth1987",113
"cerrillocuenca2017",113
"schubert2017",113
"ester1996",113
"freeland2016",113
"trier2009",113
"kvamme2016",113
"verdonck2016",113
"lewis1995",113
"bryant1987",113
"guisan1999",113
"korsgaard2004",113
"dereu2013",113
"riley2017",113
"knudsen2012",113
"jakobsen2017",113
"andersen1992",113
"pedregosa2011",113
"steffensen2014",113
"marmol2004",113
"tsai2008",113
"andreasen2016",113
"french2010",113
"grieve1992",113
"french2018",113
"davis2019",113
"lambers2016",113
"traviglia2016",113
"lambers2019",113
"trier2016",113
"zingman2016",113
"verschoofvandervaart2019",113
"zhu2006",113
"benediktsson1997",113
"sevara2018",113
"fortidsminder2018",113
"petersen2015",113
"biermann2016",113
"harck1986",113
"overgaard2016",113
"harck1990",113
"hoy1991",113
"wu2016",113
"certini2013",113
"zhang2018",113
"silburt2019",113
"hanson2012",113
"cowley2012",113
"sevara2013",113
"jonsson2007",27
"saxe1970",136
"blochnakkerud1994",173
"blom1991",173
"christophersen1974",173
"frostatingslovahagland1994",173
"indrelid1988",173
"jouttijarvi1991",173
"loftsgarden2011",173
"lyngstrom2009",173
"mjaerum2007",173
"pilo2013",173
"pilo2012",173
"pleiner1989",173
"bagge2008",91
"brink2008ag",91
"ekrem1998",91
"evenstadnd",91
"gundersen2016",91
"gunnarsdottir1999",91
"hoeg1996",91
"hougen1930",91
"jacobsen2005",91
"jordhoy2007",91
"larsen2009",91
"magnus2005",91
"moen1998",91
"orning2008",91
"ostrom1990",91
"risbol2005",91
"saetren2011",91
"salvesen1969",91
"sevatdal1985",91
"solem2004",91
"stenseth2005",91
"ruralia2005",91
"wangen2006",91
"jorgensen1986",202
"alsleben2009",280
"andreasson2010",280
"behre1976",280
"behre1978",280
"billing1998",280
"bjorkman2007",280
"eggen1991",280
"farrar1998",280
"fredskild1971",280
"fruergaard2005",280
"gleason1994",280
"greig1996",280
"harild2007",280
"heimdahl2009",280
"heimdahl2010",280
"helbaek1958",280
"henriksen2008",280
"hjelmqvist1963",280
"holmboe1927",280
"jacomet1988",280
"jensen1979",280
"karg2007",280
"karg2010",280
"karg2012",280
"karg2002",280
"kirleis2011",280
"knorzer1999",280
"kolstrup2009",280
"korbergrohne1987",280
"kroll1986",280
"kroll1987",280
"kroll2007",280
"lageras2003",280
"lange1997",280
"lundquist2006",280
"moffett2006",280
"moltsen2005",280
"moltsen2009",280
"nielsen2010",280
"pettersson2002",280
"ramskou1974",280
"regnell2001",280
"strank2008",280
"tollin2005",280
"vanderveen2005",280
"stene2014",91
"berg1983",237
"berglund2015",237
"bjorkbom1907",237
"cabouret1989",237
"emanuelsson2001",237
"erixon1918",237
"erixon1956",237
"frodin1925",237
"hellstrom1917",237
"indrelid1994",237
"kvamme1988",237
"lofgren1982",237
"marsden2005",237
"montelius1977",237
"nyman1952",237
"olsson1998",237
"prescott1995",268
"sandnes1989",237
"sandnes1991",237
"schug2010",237
"styhre2013",237
"svensson2015",237
"wennersten2002",237
"whatmore2002",237
"asc1961",87
"baker2010",87
"bjornskov2013",87
"blackburn2014",87
"blair2014",87
"campbell1986",87
"congleton2015",87
"faith2014",87
"freudenthal1944",87
"gillingham1989",87
"gundlach2019",87
"hendrickson2018",87
"hillman2019",87
"hobbesnd",87
"keynes1986",87
"konrad2012",87
"lambert2017",87
"lawson1984",87
"lawson2014",87
"leeson2007",87
"miller2014a",87
"mostert2014",87
"olson1965",87
"olson2000",87
"ormrod2000",87
"pelteret2014a",87
"piano2019",87
"powell2009",87
"salter2015",87
"spejlborg2016",87
"vahabi2011",87
"vahabi2016",87
"wareham2012",87
"whitelock2007",87
"yorke2014b",87
"young2016",87
"young2018",87
"adam1917",314
"grammaticus1979",314
"bruunnd",314
"brogger1937",314
"isleifsson2011",314
"keegan1987",314
"references2006",314
"einarsson2007",314
"rafnsson1990",314
"rockman2010",314
"steele2003",314
"sigurgeirsson2013",314
"smith2005",314
"sveinbjarnardottir1992",314
"vilhjalmsson1989",314
"walter2010",314
"thorarinsson1943",314
"thorarinsson1977",314
"thordarson1909",314
"lenzen2012",1797
"frachetti2017",1798
"hoffmann2002",1799
"orton2011",1800
"gohring2016",1801
"sundby2008",1802
"opdal2010",1803
"nedkvitne2016",1804
"pauly1995",1805
"jackson2001",1806
"lotze2009",1807
"nielsen2017",1808
"arndt2003",1809
"boessenkool2009",1810
"schroeder2015",1811
"kayser2011",1812
"bradbury2013",72
"knutsen2010",72
"selkoe2016",72
"hutchinson2015",72
"bradbury2010",72
"hemmerhansen2013",72
"sodeland2016",72
"berg2016",72
"kirubakaran2016",72
"barney2017",72
"hilberg2014f",72
"orton2014",72
"nielssen2016",72
"wickler2014",72
"ma2012",72
"green2009",72
"jonsson2013",72
"pinhasi2015",72
"prinz2007",72
"boessenkool2017",72
"carpenter2013",72
"speller2012",72
"moss2014",72
"olafsdottir2014",72
"grealy2016",72
"nikulina2016",72
"moss2016",72
"hoffmann2004",72
"kirkpatrick2010",72
"hutchinson2001",72
"arnason2015",72
"sorheim2016",72
"wright2006",72
"skjaeraasen2011",72
"barth2017",72
"knutsen2003",72
"jorde2007",72
"neuenfeldt2013",72
"nielssen2009",72
"schmolcke2004",72
"barrett2015",72
"cooper2000",72
"star2016",72
"schubert2014",72
"lindgreen2012",72
"star2011",72
"torresen2017",72
"li2009",72
"mckenna2010",72
"purcell2007",72
"korlevic2015",72
"damgaard2015",72
"alt1998",193
"anz1998",193
"arcini1991",193
"boylstone2000",193
"brather2009",193
"carlsson1990",193
"duwel1987a",193
"ebel1987",193
"finucane2008",193
"floderus1927",193
"garve2011",193
"harke2003",193
"hoffmann1989",193
"kattinger1999",193
"kjellstrom2014",193
"kunzler1999",193
"kyhlberg1991",193
"kyll1964",193
"lykiardopoulos1981",193
"malarstedt1979",193
"milner1991",193
"mortagua2006",193
"onasch1981",193
"philpott1991",193
"pettersson1966",193
"molina1970",193
"ruprecht1958",193
"salin1952",193
"sandholm1965",193
"g2000",193
"staecker1997",193
"staecker1998",193
"staecker2000",193
"stewart1944",193
"stewart1946",193
"svahnstrom1984",193
"thunmarknylen2004",193
"taylor2008",193
"vukovic2009",193
"westholm1989",193
"wilke1931",193
"wilson1992",193
"yrwing1992",193
"yrwing1994",193
"zipp2010",193
"abels2003",146
"ager2008",146
"valante1998",146
"naismith1995",146
"danecek2011",72
"adams1981",120
"ayres1985",120
"barnosky2004",120
"binford1997",120
"brandner1998",120
"catton1980",120
"cooke1931",120
"culbert1988",120
"dalan1997",120
"dalton2000",120
"diamond1968",120
"flenley2002",120
"flenley1984",120
"hughes1975",120
"jacobsen1958",120
"jevonsnda",120
"kirch1984",120
"lopinot1985",120
"mccoy1976",120
"malthusnd",120
"meggers1954",120
"milner1990",120
"mulloy1970",120
"phillips1979",120
"ponting1985",120
"rees2004",120
"rescher1978",120
"sanders1962",120
"sanders1963",120
"sheets1999",120
"steadman1989",120
"steadman1995",120
"steadman1994",120
"tainter2000",120
"turner1974",120
"vanandel1990",120
"vantilburg1994",120
"banfield1974",261
"m1962",261
"cleland1973",261
"corbeil2000",261
"fitzhugh1994",261
"harp1975",261
"laeyendecker1993",261
"laver1983",261
"lee1968",261
"maryrousseliere2002",261
"mccartney1973",261
"meldgaard1962",261
"myrvoll1985",261
"odess2000",261
"bstergard1948",261
"park1951",261
"plumet1982",261
"ellesmere2000",261
"brandt2012",49
"hardt2003",38
"kramer1984",210
"schwank2013",210
"blackburn1986",146
"kershaw2023",146
"redknap2003",146
"wallace2015",146
"reuter1992",146
"redknap2009",146
"blackburn2006",146
"agersnaplarsen2011",210
"schovsbo2013",210
"felixnd",183
"aspeborg2005",183
"birddavid1999",183
"bullough1983",183
"burnell1999",183
"cannon1989",183
"chandler2010",183
"effros1997",183
"einsenschmidt2004",183
"gibbon2007",183
"halsall1995a",183
"hamilton2006",183
"harvey2006",183
"thorlaksson1978",183
"gestsdottir1998",183
"innes2000",183
"jochens1999",183
"lastovicka2013",183
"marshall1950",183
"patterson1982",183
"prothero2002",183
"radin1986",183
"shapland2012",183
"steinunnkristjansdottir2004",183
"stocker1993",183
"stromback1975",183
"zugaiar2012",183
"geolog1947",315
"hagberg1967",315
"hagberg1961",315
"holmberg1969",315
"lamm1995",315
"hamilton2007",315
"hamilton1996",315
"hamilton2008",315
"karlsson2005",315
"olson2004",315
"wernerson1996",315
"annuswer2003",315
"annuswer2007",315
"annuswer2002",315
"arrhenius2011a",315
"jorpeland2008",315
"jorpeland2003",315
"brereton1987",315
"brink1987",315
"calissendorff1966",315
"capelle1995",315
"carlie2009",315
"damell2007",315
"eliade1991",315
"ericsson2008",315
"fritsch2004",315
"hedblom1958",315
"hedman1989",315
"holmqvist1980",315
"hultgard1996",315
"karlenby2007",315
"karlsson2007",315
"lindkvist2007",315
"lindqvist1910",315
"lindstromnd",315
"hansen2011",315
"lundholm1947",315
"nordberg2011",315
"nordberg2008",315
"olsson1993",315
"petre2011",315
"schovsbo1987",315
"stjernquist1962",315
"stjernquist1967",315
"stahle1946",315
"vonsydow1978",315
"wessen1923",315
"victor2005",315
"widengren1969",315
"vikstrand2011",38
"zachrisson2009a",315
"orsnes1964",315
"ehrlich1968",120
"ambrosiani1957",245
"arnbrosiani1981",245
"arbmann1940",245
"backstom2008",245
"backstrom2003",245
"bengtzon2001",245
"booth2008",245
"floden1993",245
"friberg1998",245
"harim2003",245
"henkel2004",245
"holmquistolausson1982",245
"hyenstrand1991",245
"icomos1993",245
"kristiansson1996",245
"lindqvist1928",245
"linford2010",245
"lyatski2004",245
"masters1998",245
"mellinnd",245
"nerman1918",245
"olsson2006",245
"riksantikvarieambetet2007",245
"stavrum1997",245
"stolpende",245
"trinks2012",245
"trotzig1993",245
"wahlander1998",245
"wedmark1999",245
"fridriksson2015",183
"kershaw2015",183
"magnus2009",245
"williams2017",5
"hart1995",316
"brodersen1967",317
"eksnd",317
"nielsenadamsen1991",317
"feveile1948",317
"beretninger1997",317
"andersen1943",317
"andersenklindtjensennielsen1970",317
"nielsen1943",317
"christensen1982",317
"lindqvist1920",317
"beretningved1998",317
"madsen1994",317
"orsneschristensen1955",317
"albrectsen1951",317
"ottaway2004",317
"adamsen2003",317
"albrethsen2003",317
"andersen1970",317
"axboe1989",317
"baeksted1972",317
"christensen1928",317
"christoffersen1987",317
"cosack2005",317
"ethelberg1986",317
"grambo1999",317
"hansen2009",317
"hansen1995",317
"hultgard1999",317
"hoj2004",317
"jennbert2002a",317
"jensen1998",317
"lindqvist1921",317
"lyngstrom1989",317
"neergaardnd",317
"nerman1917",317
"ravn1989",317
"ravn2008",317
"sparrevohn2007",317
"steinsland2000",317
"stoumann2009",317
"ulriksen1999",317
"orsnes1988",317
"sparrevohn2006",317
"sorensen1998",317
"sorensen1993",317
"arcini1999",27
"beckra2007",27
"bolender2007",27
"bolender2010",27
"braudel1972",27
"braudel1980",27
"bynum1995",27
"chesson2001",27
"daniell1997",27
"frioriksson2001",27
"geake1995",27
"gejvall1960",27
"gestsdottir2014",27
"gilchrist2015",27
"hadley2010",27
"halvorsen2008",27
"harding2005",27
"joyce2001",27
"karlsson2004",27
"mejsholm2008",27
"meskell1998",27
"meskell2001",27
"thorlaksson2005",27
"rindal1996",27
"scott2011",27
"sellevold2004",27
"sellevold2008",27
"sewell2005",27
"sewell1996",27
"sigurosson2003",27
"sigurosson2014",27
"stefansson1975",27
"stefansson1978",27
"steffensen1943",27
"steinberg2016",27
"sveinbjarnardottir2001",27
"tsaliki2008",27
"vilhjalmsson1995",27
"zadorario2003",27
"zoega2014",27
"zoega2015",27
"zoega2007",27
"zori2007",27
"beckerchristensen1981",55
"belford2017",55
"dobat2005",55
"dorey1969",55
"ethelberg2012",55
"ethelberg2017",55
"gudeman1900",55
"harck1998",55
"haseloff1937",55
"kramer1992",55
"kramer1995",55
"madsen2008",55
"maluck2017",55
"maluck2016",55
"muller1903",55
"nunn2009",55
"schindel1999",55
"spring2015",55
"witte2018",55
"ambrosiani2003",7
"arrhenius1978",7
"berthelon2007",7
"boytrup2013",7
"danielsson1973",7
"glover2003",7
"culture1985",7
"kingnd",7
"malmer2010",7
"mikkelsen2012",7
"negmatov1999",7
"nicholson2000",7
"noonan1990",7
"rezakhani2010",7
"schumann2011",7
"trotzig1969",7
"witte2017",55
"vangennep1960a",27
"thorgilsson2006",27
"aschehougnd",219
"benderjorgensen1999",219
"bjorgo2005",219
"bjorgo1992",219
"harrington2008",219
"kaland1979",219
"lonning1976",219
"mortensen1994",219
"mortensen1997",219
"martensen2006",219
"ramstad1981",219
"tveiten2011",219
"warburg1974",219
"oye1986",219
"oye2010",235
"beckerlfred1973",90
"rdh2007",90
"hauckarl1970",90
"bertil2004",90
"hel2011",90
"herschendrands1996",90
"er2001",90
"lars2015",90
"lars2012",90
"lars1998",90
"lars2004",90
"erle1994",90
"vist1925",90
"edith1966",90
"martensir1988",90
"sig2011",90
"bernhard1913",90
"von2000",90
"derberg2005",90
"stephenseorgend",90
"sund2002",90
"thunarknlnlena2006",90
"klevnas2007",26
"rundkvist2007",26
"rundkvist2006",26
"randers1981",84
"ramstad2011",219
"roesdahl1978",317
"beckmanthoor2002",318
"bolin1999",318
"damell1971",318
"damell1999",318
"damell2000",318
"dybecknd",318
"florin1963",318
"forssander1933",318
"gumaeliusnd",318
"gothberg1998",318
"hammar1983",318
"hauptmanwahlgren2002",318
"jensen1997",318
"jonsson1986",318
"lindqvist1912",318
"oldeberg1974",318
"schnell1963",318
"sundqvist1993",318
"vonsydow1926",318
"thedeen2003",318
"wahlfisknd",318
"welinder1990",318
"weiler1999",318
"wigren1987",318
"bjelland2006",286
"carty2005",286
"jansson1962",286
"jeffrey2005",286
"kitzlerahfeldt2002",286
"kitzlerahfeldt2008",286
"kitzlerahfeldt2009",286
"manneke1984",286
"mahl1990",286
"oehrl2008",286
"sileniuslarsen2009",286
"snaedal2002",286
"snaedal2005",286
"walderhaug1998",286
"widerstrom2002",286
"bildsteine1941",286
"dating2006",286
"andreeff2012a",26
"backdanielsson2009",26
"goldhahn2008",26
"hoilundnielsen2009",26
"lindgren2008",26
"oestigaard2013",26
"thate2009",26
"thedeen2010",26
"wessman2007",26
"jefrey2005",286
"clarke2001",249
"dietler1996",249
"erlendsson2009",249
"gestsdottir2001",249
"ottir1989",249
"olafsson1979",249
"palsdottir2008",249
"rosenswig2007",249
"roussell1943",249
"stenberger1943",249
"wiessner2001",249
"samnordiskruntextdatabas2005",286
"andersson2013",38
"baug2007",38
"belmont2011",38
"bjorck2009",38
"drobin1986",38
"ek1993",38
"elfwendahl2001",38
"elfwendahl1993",38
"gumaeliusnda",38
"hallgren2004",38
"hallgren2005",38
"hansson1997",38
"hedblom1996",38
"hermodsson2009",38
"junkelmann1997",38
"kresten1996",38
"kresten1998",38
"kresten1994",38
"lamm2008",38
"lantmateriet2013",38
"larsson2012",38
"lindalv1980",38
"lundhansen2011",38
"lothman2004",38
"mellquistdanielson2011",38
"myrdal2003",38
"nilsson1988",38
"olausson2000",38
"persson1997",38
"pettersson1977",38
"pettersson1980",38
"rinnman2013",38
"zachrisson2013",38
"kermode1907",165
"bratt2011",38
"eilersgaardchristensen2011",38
"berg1968",235
"berglund1991",235
"bertelsen1979",235
"bertelsen1995",235
"bertelsen2005a",235
"boserup1965",235
"boserup1981",235
"brush1987",235
"vries1974",235
"hasund1919",235
"hasund1924",235
"helle1995",235
"holm1995",235
"holm2005a",235
"holmsen1961",235
"holmsen1940",235
"iversen1997",235
"jirlow1970",235
"lerche1994",235
"lunden2004",235
"martens2009",235
"munch1966",235
"myrdal1985",235
"stockholm1997",235
"myrdal1999",235
"orrman2003",235
"porsmose1981",235
"porsmose1987",235
"ramskou1981",235
"ramskou1975",235
"sandnes1978",235
"schmidtsabo2001",235
"schmidtsabo2005",235
"steensberg1956",235
"svartkristiansen2005",235
"svartkristiansen2006",235
"valensendstad1964",235
"oye2003",235
"oye2005",235
"bergen2011",235
"zachrisson2006",235
"bergstol2003",235
"villages1968",235
"amorosi1996",51
"andersen1997",51
"arneborg1993",51
"christiansen1997",51
"degerbol1929",51
"degerbol1936",51
"degerbol1941",51
"andrew2009",51
"einarsson1984",51
"einarssonbjarni2011",51
"gardarsdottir2008",51
"gerstenberger1997",51
"guy2010",51
"gwiazda2005",51
"johannesson1946",51
"jonsson1930",51
"kamenov2008",51
"krahl2010",51
"ljungqvist2005",51
"mcgovern2001",51
"miksic2013",51
"norlund1930",51
"oomen2002",51
"outridge2003",51
"palsdottir2010",51
"robinson2004",51
"roussell1936",51
"seaver2009",51
"sinclair2007",51
"smiarowski2009",51
"smiarowski2013",51
"stefansson1993",51
"sveinbjornsdottir2004",51
"whitehouse1998",51
"borsheim2001",6
"clover1986",6
"coleman2014",6
"conkey1984",6
"gero1991",6
"hofseth1999",6
"heernes1984",6
"jochens2002",6
"kershaw1989",6
"laqueur1990",6
"mortensen2004",6
"mundal2014",6
"njalssoga1975",6
"riisoy2016",6
"sanmark2014",6
"sigurdardottir2002",6
"sigurdsson2010",6
"jorgensen1997a",232
"jorgensenndb",5
"ravn2012a",5
"zachrisson2004a",5
"cluniesross1998",270
"ryan1987",177
"wilson1955b",177
"mulk1997",240
"jons1997a",233
"thunmarknylen2006a",228
"gardelanda",5
"ljungkvist2011a",190
"ulriksen2011a",135
"robberstad1937",236
"hagland1978",236
"dyrhaug1981",236
"rigsantikvarensarkaeologiskesekretariat1987",177
"suchodolski2002",146
"bulska1996",241
"dennis1980a",102
"killock2008",71
"murphy2008",68
"goody1986",238
"christensenetal1992",1813
"hungrvaka2002",183
"kjalnesingasaga1959",183
"gulathinglaw1994",19
"ibnfadlan2012",19
"price2006c",108
"pricemortimer2014",90
"neiss2007",228
"askvikresi1984",73
"waterbolk1990",169
"kalmring2010f",180
"kalmring2010g",49
"tomasson1996",118
"simek2006",1814
"westerdahl2010",163
"strinngolm2007",246
"christensen1991b",177
"larsensorensen2005",177
"andersenetal1985",1815
"sikora2013",99
"eriksenetal2009",169
"hafsaas2007",169
"esverwers1980",218
"gerrets2012",218
"skre2007b",218
"egebjerghansen1992",154
"egilssaga1888",154
"edvardsson2005b",134
"edvardssonmcgovern2007",134
"macgregoretal1999",134
"magery1958",134
"magnusson1886",134
"alenstampetersson1952",177
"baastruppetersen2010",177
"baastrup1990",177
"petersen1940a",177
"jensenmoller2009",177
"wilson1960b",177
"nielsen2002b",211
"boguckijagodzinski2012",99
"kulakov2005",248
"kleemann1939b",248
"stankus1995b",284
"forssander1943",177
"feveile2006a",1816
"riddersporre1989",184
"andersen2009a",184
"fidjestol1994a",236
"gurevich1963",248
"thunmarknylen1995a",248
"junker2003a",248
"kulakov1994a",248
"capelle2003a",206
"ambrosiani1996a",166
"plather2011",166
"ljungkvist2008a",156
"steuer2002a",156
"pedersen2014a",156
"zachrisson2009",38
"wessen1940",38
"skre2013",138
"billig1995a",176
"hate1996",200
"feveile2010a",253
"paterson2002",142
"reimer2013a",115
"stamsomunch1970",268
"skibstedklaesoe1999",202
"segschneider2016",274
"myrberg2008a",82
"hammarberg1989",273
"harrison2014a",1817
"simms1998",134
"leciejewicz1962",100
"leciejewicz1979",100
"riabinin1994a",283
"ostigard1985",153
"solberg1985a",153
"zachrisson2011a",163
"zachrisson2012a",163
"thorarinsson1981",118
"jankowiak2012",263
"larsson2004a",90
"orton1993",64
"jones2003a",64
"warmind1995a",111
"christensen1983a",169
"boivin2000",262
"vanhouts1999",262
"sofaerderevenski2000a",262
"tringham1994",262
"brinchpetersen2006",215
"harck1997",211
"ahlinsundman2012",160
"adamofbremen1959",133
"sawyer2006",246
"dersarkissian2013",250
"mulk1991",240
"kitzlerahfeldt2012",36
"stummannhansen2003",159
"price2008b",37
"smallwood2007",41
"downham2017",41
"braconi2005",41
"hadley2016a",41
"worldhealthorganization2018",41
"addyman1969",78
"addyman1972",78
"ballinsmith1994",9
"wallerstrom1997",80
"ostmo2000",80
"fridriksdottir1991",13
"brondsted1962",146
"adamsgilmour2010",64
"baeksted1952",238
"snaedalbrink1984",238
"morris1892",27
"grandtnielsen1974",197
"norgardjorgensen2011",14
"latour1984",45
"ofloinn2001",177
"birkedahlchristensen1924",177
"henriksen1982",177
"rispling2000",177
"mollerhansen2000",177
"roesdahl1986",177
"wamers1997a",177
"back1963",177
"helgesson1987",177
"jorgensen1980",177
"jorgensen1980a",177
"wilson1960a",1
"brondsted1924a",177
"christiansen1948",177
"christensen1992a",177
"klaesoe1994",177
"klaesoe1995",177
"klaesoe2002",177
"kleingartner2010",177
"mullerwille2005",177
"odell1959",177
"schulke1992",177
"sindbaek2012a",177
"steuer2010",177
"lundhansen1987",177
"vraengmosejensen2008",177
"mullerwille1978a",177
"ocorrain2001",74
"norderang2004a",286
"denooy2005",233
"snorristurluson1964",108
"larsson1873",1818
"carroll2014",1819
"coleman2014a",57
"henriksen2013a",63
"leahy1997a",223
"fischer2008a",188
"arents2010a",269
"voncarnapbornheim2007a",49
"christensen1991a",169
"jacobsen1942a",169
"ambrosiani1994a",163
"holmquist2015",163
"jeppesen1988",163
"risberg1997",163
"vickers1975",163
"hardh2001a",166
"nielsen1999",232
"iaea2006",208
"fagerlund1993a",299
"hammarberg1976",205
"gansum1998",114
"andersen1970a",205
"englert2009",14
"ambrose1999",118
"robinson2006",271
"norrman2008a",25
"karnell2012a",26
"jansson2007",187
"macane2001",266
"vonamira1933",193
"pestell2003",233
"hanks1989",238
"knappett2008a",198
"rhiel1996",198
"dahlback1984",190
"lundqvist1997a",233
"jensen1995",201
"faulkes1998",1820
"ingold1988",189
"pahlsson1984",240
"hauksson1972",1821
"roberts2005",134
"bjorklund2015",1822
"bjorklund2014",1823
"ilumae2016",164
"zoega2013",225
"mauritsen1982",274
"richards2000a",172
"gunther2015",192
"blifeld1977a",297
"hellesolesen1992a",129
"snorristurluson1997",15
"rcahms2011",149
"mullermertens1999",201
"grahamcampbell1995a",277
"rogerson1995",78
"wademartins1980",78
"williams1979",78
"emery2007a",78
"hall1989a",78
"dodd2003",78
"cunliffe1977",78
"audouy2009",78
"king1978",78
"carver1978",78
"coggins1983",78
"tylor2005",78
"carver1981",78
"mahony1982",78
"gardiner1990",78
"rogerson1984a",78
"hurst1983",78
"dalwood1992",78
"mainman2000a",78
"loveluck2007a",78
"gould1967",78
"schoknecht1977a",233
"herrmann2005a",233
"andersson1994",219
"tacitus1999a",41
"cannell2016a",5
"gardela2014a",5
"hardh2010a",5
"iversen2015a",5
"jorgensen2009a",32
"lundborg2006a",5
"lynnerup2014a",54
"price2005a",5
"pluskowski2010a",5
"skre2011c",265
"the2017",5
"sanmark2008a",5
"sheehan2013a",5
"vesteinsson2014a",5
"zachrisson2014b",5
"ahlback1990",319
"hansen1979",319
"andren1957",319
"anglert1993",319
"asad1993",319
"backdanielsson1999",319
"bergner1987",319
"beskow1964",319
"bostrem1995",319
"dentz2000",319
"dillman1997",319
"duczko1993",319
"edsman1967",319
"eisenhofer1950",319
"fehn1958",319
"gallen1957",319
"gjerlow1960",319
"helander1974",319
"helander1993",319
"holmberg1991",319
"hultgard1992",319
"tregren1989",319
"jansson1998",319
"arkeologisk1981",319
"holmbick1933",319
"johansson1965",319
"olsen1993",319
"klackenberg1992",319
"kousgardsorensen1989",319
"lindgren1987",319
"molland1976",319
"nilsson1987",319
"norberg1958",319
"nasstrem1996",319
"rentzhog1987",319
"smith1987",319
"steinsland1986",319
"steinsland1998",319
"strembick1935",319
"sundqvist1998",319
"sverdrup1942",319
"sederberg2001",319
"ullen1983",319
"wessen1929",319
"miiller1991",319
"wikman1957",319
"devries1970",319
"andren2013b",5
"fran2006",262
"arwillnordbladh2005",262
"fernstal2004",262
"grislund2002",262
"grislund2005",262
"gustavson2000",262
"vanhouts2001",262
"lykke2003",262
"mckinnell2003",262
"vonmiiller1956",262
"sundgvist1998",262
"sundqvist2005",262
"ortnamnslexikon2003",262
"sorlin2001",262
"widmark1995",262
"barndon1995",268
"bjornstad2003",268
"burford1972",268
"brelstord1949",268
"brown1995",268
"childs1991",268
"childs2005",268
"cline1937",268
"davidson1982",268
"delcourt1957",268
"dommasnes1997",268
"englund1999",268
"espclund2004",268
"forbe1969",268
"janson1969",268
"gjeerdcr1949",268
"jacobsen2003",268
"hermundstad1995",268
"hesio1984",268
"hines2003",268
"kriger1999",268
"maret1980",268
"marte2002",268
"mcnaughton1988",268
"miillerwille1977",268
"nodanskog2003",268
"odner1969",268
"pleiner1969",268
"raudvere2004",268
"oldeberg1943",268
"randers1988",268
"reid1995",268
"roesdal1980",268
"rundberget2002",268
"sasson1983",268
"schmidt1997",268
"sjolsvold1949",268
"stigum1971",268
"tveiten2005",268
"todnem1999",268
"vannoten1972",268
"wertime1980",268
"anonym1901",270
"arne1905",270
"artelius1993",270
"artelius2003",270
"barraud1994",270
"berger1966",270
"birkeli1938",270
"colpe1987",270
"connelid1993",270
"furingsten1986",270
"geels1985",270
"grislund2001",270
"hansson1998",270
"koepping1987",270
"moberg1950",270
"nyalssaga1981",270
"nyalssaga2002",270
"webernd",270
"selinge1986",270
"shepherd1987",270
"stremberg1993",270
"sarlvik1976",270
"trotzig2000",270
"turner1982",270
"almgren1900",270
"1919",270
"birkeli1944",270
"levistrauss1952",270
"sahlstrem1951",270
"selinge1997",270
"andren2013c",5
"kristiansen1984",273
"armstrong1917",244
"batey1988",244
"fowler1963",244
"freke2002",244
"hudson1998",244
"jones1971",244
"kermode1994",244
"kruse2017",244
"laing1987",244
"g1983",244
"megaw1938",244
"miller1999",244
"morris1980",244
"muhr2002",244
"corrain2008",244
"olsen1954",244
"oriordain1973",244
"riordain1949",244
"rhysnd",244
"abbott2008",1824
"horizon2008",1825
"andersen1994",1826
"andren2012",1827
"arrhenius2013",1828
"axboe1999",1829
"axboe2001",1830
"axboe2005",1831
"baillie1994",1832
"baillie1995",301
"baillie1997",301
"baillie1999",301
"baillie2001",301
"baillie2006",301
"baillie2008",301
"baillie2010",301
"barbante2012",301
"barnish1992",301
"behre1996",301
"berglund1996",301
"bernhardsson2007",301
"bork1998",301
"bosley1989",301
"briffa1990",301
"briffa1992",301
"buckland1997",301
"doreler1992",301
"doreler2012",301
"dull2001",301
"dull2010",301
"eggum2007",301
"fehr2011",301
"gelling1969",301
"graslund2009",301
"grattan2007",301
"grudd2006",301
"grudd2002",301
"gunnel2013",301
"vulnerabilityhalsall2003",301
"jansen2000",301
"kaul2004",301
"keys1999",301
"kutterolf2008",301
"lowenborg2010",301
"nasman2012",301
"nerman1963",301
"oppenheimer2011",301
"pentikainen1989",301
"rampino1988",301
"rigby2004",301
"salzer2007",301
"stenberger1933",301
"stenberger1955",301
"stothers1984",301
"stothers1983",301
"textor2003",301
"torrence2002",301
"traufetter2004",301
"vervruggen1996",301
"vitaliano1968",301
"welinder1975",301
"wylie1989",301
"vulnerabilityzachrisson2010",301
"zerefos2007",301
"kuhl1999",49
"harris2006a",111
"harris2006b",224
"kintigh2014a",224
"jensen1993a",73
"jensen1993b",128
"petersen1993a",269
"petersen1993b",170
"petersen1993c",51
"mullerwille2001a",98
"mullerwille2004b",128
"price2012b",139
"thomas2000b",148
"thomas2008c",181
"ambrose1993a",89
"ambrose1993b",203
"barrett2004a",260
"barrett2004b",265
"barrett2004c",72
"barrett2004d",29
"price2010a",17
"barrett2008a",227
"solli2002a",23
"price2002a",256
"lund2013a",26
"sorensen2001a",37
"duczko2004a",69
"gustin2004a",141
"helms1993a",23
"price2016a",150
"svanberg2003a",69
"zachrisson1994a",17
"bradley2000a",4
"byock2001a",69
"hedenstiernajonson2006a",156
"jorgensen2003a",163
"linderholm2008a",260
"montgomery2003a",139
"olsen2003a",109
"arwillnordbladh2007a",26
"gansum2004a",17
"hodges2012a",65
"nielsen1997a",15
"zachrisson2004b",13
"arwillnordbladh1998a",6
"christensen1991c",171
"christensen2015a",33
"dobat2008a",49
"fabech1998b",128
"gansum2004b",240
"hedeager1992a",69
"kleiminger1993a",31
"loveluck2006a",62
"lund2008a",30
"mcnicol1997a",28
"norlund1948a",33
"pedersen2010a",29
"arne1932a",61
"baastrup2012a",1
"barrett2008b",73
"budd2000a",139
"downham2007a",69
"franklin1996a",128
"gardela2011a",193
"geary1994a",31
"gosden1998a",17
"grahamcampbell2001a",2
"graslund2001a",25
"hardh1976a",127
"hedeager1999a",1833
"hedeager1999b",60
"jansson1984a",1
"jesch2015a",5
"jorgensen2008a",13
"simpson2005a",74
"skre2008a",227
"williams2011a",60
"wilson2008a",145
"andersen1995a",17
"artelius2013a",17
"ashby2011a",62
"barrett2007a",189
"bergstol2004a",5
"biddle2001a",69
"biddle1992a",46
"bill2013a",124
"bradley2003a",69
"brink2004a",215
"buko2008a",8
"carver1998a",12
"chenery2014a",139
"christensen2010a",60
"christensen2010b",229
"christensen1991d",251
"duczko1985a",137
"faure1986a",139
"foote1970a",8
"gardela2012a",136
"gardela2009a",134
"geijer1938a",7
"graslund1992a",33
"hadley2002a",1834
"hedeager2005a",29
"hillerdal2009a",137
"hines1997a",145
"iversen2007a",293
"jorgensen2014a",157
"kilger2008a",4
"krogh2007a",201
"kyhlberg1980a",288
"larsson2009a",237
"leslie2015a",112
"lonnroth1997a",8
"milek2012a",5
"montgomery2006a",208
"nasman2003a",62
"naumann2014a",5
"nilsson2003a",195
"nylen1994a",59
"olsen2012a",198
"pedersen2003a",23
"pedersen1996a",276
"pedersen1999",292
"pilo2018a",5
"price2019b",47
"price2013a",150
"price1989",41
"raffield2016b",147
"richards2003a",74
"richards2002a",112
"roesdahl2006a",101
"rundkvist2008a",26
"sawyer1992a",206
"scudder2000a",41
"skre2007a",162
"solli1999a",60
"stylegar2007a",10
"stylegar2005a",37
"thomas1996a",24
"trinks2007a",281
"williams2016a",2
"williams2003a",111
"wilson2008b",159
"adams2004a",249
"alberti2009a",23
"ambrosiani2002a",292
"amundsen2015a",11
"andersen1998a",197
"andersson2004a",108
"arbman1980a",155
"ashby2014a",26
"bakka1993a",1835
"bradley2003b",61
"brink1998a",179
"brink1996a",217
"brink2005a",255
"brogger1916a",98
"bryant1996a",57
"buckley2010a",105
"callanan2013a",75
"callmer2008a",214
"callmer1984a",233
"callmer2001a",32
"carver1992a",37
"christensen2008a",60
"christensen2007a",171
"clark2007a",81
"crawford1987a",74
"degerbol1948a",195
"dickinson1992a",39
"drescher1983a",227
"duczko1997a",134
"edgren1995a",128
"einarsson1994a",52
"eriksen2015a",66
"fabech1991a",195
"fabech1995a",130
"fabech1992a",21
"fahlander2008a",11
"forster2004a",149
"frei2009a",132
"frolund2007a",291
"gansum2004c",26
"glorstad2008a",157
"glosecki1989a",155
"grahamcampbell2011a",272
"graslund2007a",5
"graslund1992b",67
"graslund2004a",290
"green1998a",32
"grimes2013a",279
"gustin2004b",1
"hagg1984a",158
"hall2014a",172
"hall2004a",29
"hardh2007a",292
"harke1997a",159
"harrison2008a",134
"hauck1977a",254
"hedegaard2007a",292
"hedenstiernajonson2006b",93
"helgason2000a",29
"hilberg2010a",101
"jakobsson2003a",155
"jankuhn1937a",101
"jansson1984b",1
"johansen1973a",29
"jones2012a",105
"jones2008a",52
"jorgensen2003b",13
"jorgensen1988a",226
"jorgensen2002a",154
"kaland1995a",180
"kiefferolsen1993a",31
"kilger2008b",198
"klindtjensen1975a",242
"kyhlberg1980b",217
"larsen2004a",185
"larsson1997a",60
"lee2008a",105
"li2010a",105
"lie1991a",62
"ljungberg1938a",28
"lucas2008a",27
"macphail2003a",117
"macphail2007a",117
"madsen1991a",197
"malmer1966a",279
"mannering2010a",60
"marold2012a",279
"melchior2008a",70
"muller2003a",209
"mullerwille1977a",153
"myhre1992a",239
"myhre2003a",32
"myhre2003b",1836
"myhre1994a",281
"myrberg2008b",215
"nasstrom2001a",179
"nelson2012a",259
"nelson1991a",69
"nielsen1986a",157
"nielsen1991a",196
"olsen2003b",239
"olsen2000a",29
"pedersen2008a",217
"pedersen2006a",201
"petersen1951a",2
"petersen2005a",251
"price2000a",69
"price1985a",150
"quast2009a",36
"roesdahl2014a",129
"roesdahl1977a",169
"roslund2010a",214
"rundkvist2010a",3
"rundkvist2003a",41
"samson1991b",138
"sanmark2010a",30
"sawyer1050",32
"sawyer1962a",181
"schneider2015a",105
"semple2013a",215
"sindbaek2012b",164
"skre2007c",190
"skre2007d",171
"skre2007e",159
"soderberg2000a",292
"sorensen1997a",60
"speake1980a",155
"storli2006a",73
"thomas2012a",130
"vesteinsson2004a",249
"warnke1992a",233
"wawn2000a",41
"white2000a",150
"williams2015a",2
"williams2005a",17
"williams2005b",46
"williams2001a",2
"williams2004a",102
"zachrisson2004c",38
"zachrisson1997a",79
"zachrisson1984a",214
"zachrisson2010a",189
"zachrisson2003a",70
"larsen2001t",29
"akerstromhougen1981a",4
"alenius2011a",214
"ambrose1993c",133
"ambrosiani1984a",80
"ambrosiani1985a",13
"ambrosiani1991a",233
"amundsen2001a",95
"andersen1995b",257
"andersen1995c",174
"andersen1991a",37
"andersen2010a",130
"andersen1984a",201
"anderson1907a",103
"andersson2008a",234
"andersson1998a",60
"andersson1995a",63
"andersson2011a",61
"andersson2005a",63
"andersson2005b",31
"andersson1999a",262
"andersson2003a",16
"andersson2007a",159
"andersson2000a",88
"andersson2000b",219
"andersson2006a",14
"andren2004a",111
"andren1997a",245
"andren2006",1837
"androshchuk2012a",7
"androshchuk2016a",5
"anglert2006a",33
"arne1932b",188
"arneborg2000a",54
"arrhenius1985a",174
"arrhenius1997a",262
"arrhenius1997b",60
"arrhenius1995a",4
"arrhenius1973a",254
"artelius1999a",56
"artelius1999b",56
"arwidsson1942a",156
"ashby2013a",9
"backdanielsson2010a",60
"bakka1971a",219
"bakka1973a",79
"bakka1976a",80
"barndon2005b",10
"barrett2003a",159
"bately2007a",73
"bately2007b",32
"batey1993a",77
"bayley2008a",145
"bekpedersen2009a",134
"benderjorgensen1987a",243
"benderjorgensen1995a",234
"bergstol2008a",176
"besteman2004a",142
"blake1962a",41
"bogucki2007a",216
"bradley1993a",106
"bradley1990a",144
"brather2012a",167
"brink1992a",255
"brink2012a",164
"brink2012b",164
"brink2007a",2
"brink2013a",217
"brink1999a",21
"brink1990a",35
"brogger1917a",93
"brogger1917b",93
"brogger1945a",31
"bruck2006a",10
"brunstedt1996a",4
"buckland1990a",84
"buckland2008a",54
"budd2004a",141
"callmer1992a",1838
"callmer1991a",73
"callmer1998a",179
"callmer1977a",159
"callmer1981a",213
"callmer2000b",213
"callmer1994a",111
"carlsson1983a",255
"carver1995a",1839
"chappell1986a",124
"christensen2013a",1840
"christensen2013b",5
"christensen2008b",88
"christensen2008c",169
"christensen2010c",4
"christensen2004a",174
"christensen2004b",201
"christensen2007b",174
"christensen1983b",226
"christensen1983c",206
"christophersen1982a",238
"church2007a",50
"craig1957a",260
"crawford1999a",134
"crawford2006a",149
"curta2007a",73
"curta2006a",217
"dobat2010a",33
"doneus2011a",245
"doneus2013a",124
"downham2012a",74
"dugmore2007a",50
"dugmore2012a",225
"edgren1995b",216
"edmonds2009a",145
"edwards2012a",225
"ellmers1995a",156
"ellmers1995b",111
"enghoff2003a",259
"eriksen2013a",79
"eriksen1993a",176
"fehring1995a",278
"feveile2009a",1841
"fischer2004a",235
"fridriksson2004b",204
"fry2006a",89
"fuglesang1991a",247
"gansum1996a",185
"gansum2004d",155
"gardela2013b",193
"gardela2012b",5
"gardela2012c",41
"gardela2015a",193
"gardela2018a",41
"gardela2016b",5
"gardela2016c",26
"gardela2009b",135
"gjerpe2005a",31
"glob1969a",247
"grahamcampbell1980a",8
"grahamcampbell1994a",223
"grahamcampbell2009a",145
"graslund2007b",137
"graslund2018a",5
"graslund2001b",19
"graslund2008b",24
"graslund2008c",188
"graslund1995b",25
"graslund1998a",41
"grierson1986a",217
"hadley2000a",172
"hadley2000b",147
"hall1990a",137
"hall1999a",82
"halsall1998a",183
"hansen2015a",86
"hansen2017c",72
"hansen1989a",226
"hansen2005a",280
"hardh2003a",65
"harris2016a",24
"harrison2015a",1842
"harrison2014b",224
"harrison2013a",1843
"harrison2010a",58
"harrison2010b",242
"harrison2007a",149
"harrison2008b",58
"haseloff1981a",238
"hauck1978a",1844
"hedeager2004a",157
"hedeager1999c",155
"hedenstiernajonson2014a",1845
"hedges2007a",191
"helama2017a",75
"helberg2010a",84
"henning2007a",117
"henriksen2015a",195
"hernaes1984a",192
"herschend1992a",128
"herschend1997a",15
"hjelle2015a",107
"hobsbawm1983a",176
"hodges2008a",264
"hoeg2014a",107
"hoilundnielsen1999b",231
"holmquistolausson1998a",203
"holmqvist1951a",238
"holst1110",172
"holst2013a",55
"holt1998a",236
"holt1998b",180
"hugason2000a",92
"imer2011a",247
"imer2011b",247
"ingstad1982a",176
"islendingabok1968a",183
"jacobsen1941a",16
"jakobsson2003b",41
"jansson1984c",24
"jansson1985a",3
"jansson1985b",7
"jansson1985c",7
"jansson1997a",203
"jensen2004a",13
"jensen2004b",31
"jensen2006a",177
"jensen1986a",88
"jensen1992a",130
"jensen1993c",129
"jeppesen2010a",269
"jesch2009a",73
"jesch2009b",3
"jesch1991a",206
"jessen2012a",88
"jessen2012b",95
"jones1997a",1846
"jones2013a",271
"jones2009a",25
"jones2012b",102
"jones2005a",44
"jones2005b",280
"jonsson2003a",262
"jorgensen2002b",60
"jorgensen1995a",88
"jorgensen1992a",65
"jorgensen1998a",180
"jorgensen1994a",38
"joyce2000a",198
"kennedy2011a",121
"kleingartner2013a",8
"kleingartner2014a",43
"klos2009a",24
"komber1999a",88
"kovalev2002a",7
"kristiansen1999a",46
"kristoffersen2004a",1847
"kristoffersen2010a",19
"krogh1982a",119
"kyhlberg1973a",213
"lambeck2010a",124
"larsen2007a",126
"larsen2011a",210
"larsson1990a",238
"larsson2006a",126
"larsson2006c",33
"lee2008b",27
"lehtosalohilander1982a",216
"leimus2007a",266
"leontev2017a",1848
"lewis2015a",224
"lie1952a",238
"ligi1993a",137
"lillehammer1999a",220
"ljungkvist2008b",189
"ljungqvist2010a",132
"lonnroth1982a",255
"lovejoy1985a",139
"lowe2008a",225
"lucas2008b",51
"lucy2002a",31
"ludowici2010a",121
"luhmlund1961",187
"lund2006a",218
"lund2008b",93
"lund2003a",1849
"lundborg1972a",252
"macphail1994a",168
"magnus1997",232
"magnusson1983a",134
"mann2003a",191
"marold2001a",180
"mccormick2012a",121
"mcgovern2009a",134
"mcgovern2013a",132
"meier2001a",193
"meskell2005a",198
"mikkelsen1994a",280
"mikkelsen1998a",126
"mikkelsen2008a",129
"mjaerum2012a",79
"moesgaard2008a",201
"muldner2007a",191
"murray1983a",170
"murray1983b",226
"myhre1992b",185
"myhre1992d",157
"myhre1987a",1850
"myhre1993a",174
"myhre1980a",174
"myhre1997a",32
"naismith2012a",217
"nasman1989a",13
"nasman2000a",272
"nasman1984a",254
"naum2007a",5
"naum2012a",113
"neckel1983a",1851
"negrel2003a",208
"nelson1999a",201
"nelson2012b",53
"nielsen1998a",88
"nielsen2001a",129
"nielsen1994a",121
"nielsen2002a",232
"nielsen2002c",233
"nielsen1990a",161
"nordeide2011a",26
"oehrl2017a",5
"oehrl2011a",1852
"oehrl2013a",1853
"olesen2004a",113
"olsen2009a",110
"olsen2001a",107
"olsson2004a",162
"osullivan2008a",258
"others1998",13
"oye2001a",259
"oye2002a",219
"oye2009a",54
"oye2009b",102
"oye2010a",219
"pagan1986a",147
"pedersen2009b",161
"pedersen2014c",10
"pedersen2015a",129
"pedersen2008b",6
"pedersen2001a",1854
"pedersen2003b",179
"pedersen2011a",10
"perdikaris2008a",50
"perdikaris2008b",119
"petersen1919b",141
"petre1993a",159
"petursdottir2009a",10
"pilo2007a",232
"pirenne1927a",117
"pluskowski2010b",5
"price2000b",150
"price2008c",289
"price2018e",57
"price2008d",201
"raghavan2014a",53
"ramskou1976a",251
"rasmussen2014a",247
"rasmussen1992",226
"raudvere2003a",155
"reynolds1994a",126
"richards1998a",68
"richards1996a",282
"roberts2003a",196
"roberts2000a",225
"roesdahl2014b",229
"roesdahl2014c",5
"roesdahl2003a",48
"roesdahl2005a",201
"roesdahl2005b",37
"roesdahl1996a",1855
"roesdahl1981a",201
"rolfsen1980a",217
"roskaft2005a",239
"roslund2001a",193
"rundkvist2007a",26
"salin1904a",155
"sanmark2013b",91
"sawyer2000c",108
"sawyer1988a",108
"sawyer2003a",1856
"sawyer2003b",1857
"sawyer2002a",108
"sawyer1987",24
"schetelig1912a",174
"schneidhofer2017b",125
"sealy2001a",191
"shanks1998a",82
"shetelig1940a",174
"shetelig1944a",141
"sigfusson1940a",25
"sigurdsson2008a",250
"sigurdsson2011a",92
"simek1993a",155
"simpson2002a",258
"simpson2002b",119
"sindbaek2011b",63
"sindbaek2014d",8
"sindbaek2012c",107
"skre2008b",117
"skre2010a",121
"skre2004a",111
"smith2007a",128
"smith2009a",242
"smith2011",215
"smith2001a",196
"soderberg2006a",14
"soderberg2002a",190
"soderberg2003a",125
"soderberg1996a",162
"solli2011a",5
"solli1999b",25
"solli1996a",3
"solli1996b",176
"solli2008a",242
"solli2008b",242
"sorensen2017a",113
"sorensen1991a",130
"sorensen1999a",170
"staecker2001a",17
"staecker2009a",193
"steinsland1994a",268
"steinsland2013",1858
"stene2011a",189
"stene2015a",91
"stenvik2001a",3
"steuer1997a",141
"steward1955a",242
"stolpe1912a",158
"stolpe1912b",90
"stylegar2010a",94
"sundqvist2014a",190
"svensson2009a",5
"svensson2009c",102
"svensson2006a",79
"svensson2013a",189
"svensson2008a",237
"sykes2010a",77
"tesch2007a",276
"tesch2007b",92
"theliander2005a",28
"thomas1991a",23
"thomas2006a",182
"thomsen2005a",14
"thomson2007",225
"thrane1987a",223
"thunmarknylen1995b",193
"turner2007a",102
"vesteinsson2016a",1859
"vesteinsson2007a",50
"vesteinsson2007b",204
"vesteinsson2004b",204
"vesteinsson2001a",204
"vestergaard2007a",201
"wagner2001a",98
"wallander1989a",153
"waller1996a",254
"walsh2014a",107
"wamers1985a",141
"wamers1999a",238
"watt1999a",158
"watt1999b",158
"wells1999a",137
"white1988a",25
"wickholm2008a",216
"wideen1955a",28
"widgren1998a",119
"wilkinson2003a",242
"williams2010a",5
"williams2011b",145
"williams2007a",4
"williams2002a",217
"wilson2006a",43
"wilson2006b",205
"wilson2007a",216
"wilson2007b",209
"wilson2008c",198
"wilson2008d",196
"wilson1998a",242
"wilson1996b",242
"zachrisson2002",79
"zachrisson2011b",4
"zachrisson2009b",38
"zachrisson2014c",195
"zachrisson2008a",10
"zori2013a",77
