node_id,community_id,label
anchukaitis2017,14,Paleoclimate Reconstruction Methodologies
keigwin2003,14,Paleoclimate Reconstruction Methodologies
kennedy2011,14,Paleoclimate Reconstruction Methodologies
klesse2015,14,Paleoclimate Reconstruction Methodologies
lavigne2013,14,Paleoclimate Reconstruction Methodologies
lean2006,14,Paleoclimate Reconstruction Methodologies
lehner2012,14,Paleoclimate Reconstruction Methodologies
lewis2015,14,Paleoclimate Reconstruction Methodologies
linderholm2015,14,Paleoclimate Reconstruction Methodologies
luckman2005,14,Paleoclimate Reconstruction Methodologies
ludlow2013,14,Paleoclimate Reconstruction Methodologies
mann1998,14,Paleoclimate Reconstruction Methodologies
mann2012,14,Paleoclimate Reconstruction Methodologies
mann2002,14,Paleoclimate Reconstruction Methodologies
mann2013,14,Paleoclimate Reconstruction Methodologies
mann2005,14,Paleoclimate Reconstruction Methodologies
mann2007,14,Paleoclimate Reconstruction Methodologies
massondelmotte2013,14,Paleoclimate Reconstruction Methodologies
matskovsky2014,14,Paleoclimate Reconstruction Methodologies
mccarroll2013,14,Paleoclimate Reconstruction Methodologies
mccarroll2002,14,Paleoclimate Reconstruction Methodologies
mckay2014,14,Paleoclimate Reconstruction Methodologies
meehl2004,14,Paleoclimate Reconstruction Methodologies
meko1997,14,Paleoclimate Reconstruction Methodologies
melvin2008,14,Paleoclimate Reconstruction Methodologies
melvin2004,14,Paleoclimate Reconstruction Methodologies
michaelson1987,14,Paleoclimate Reconstruction Methodologies
morice2012,14,Paleoclimate Reconstruction Methodologies
muscheler2007,14,Paleoclimate Reconstruction Methodologies
naulier2015,14,Paleoclimate Reconstruction Methodologies
ogurtsov2016,14,Paleoclimate Reconstruction Methodologies
oman2005,14,Paleoclimate Reconstruction Methodologies
ortega2015,14,Paleoclimate Reconstruction Methodologies
pausata2015,14,Paleoclimate Reconstruction Methodologies
payette2007,14,Paleoclimate Reconstruction Methodologies
pederson2014,14,Paleoclimate Reconstruction Methodologies
phipps2013,14,Paleoclimate Reconstruction Methodologies
plummer2012,14,Paleoclimate Reconstruction Methodologies
pongratz2008,14,Paleoclimate Reconstruction Methodologies
raspopov2008,14,Paleoclimate Reconstruction Methodologies
rimbu2003,14,Paleoclimate Reconstruction Methodologies
rind1999,14,Paleoclimate Reconstruction Methodologies
rind2004,14,Paleoclimate Reconstruction Methodologies
robock2000,14,Paleoclimate Reconstruction Methodologies
rutherford2003,14,Paleoclimate Reconstruction Methodologies
rydval2017,14,Paleoclimate Reconstruction Methodologies
schmidt2010,14,Paleoclimate Reconstruction Methodologies
schmidt2014,14,Paleoclimate Reconstruction Methodologies
schmidt2012,14,Paleoclimate Reconstruction Methodologies
schneider2009,14,Paleoclimate Reconstruction Methodologies
schneider2001,14,Paleoclimate Reconstruction Methodologies
schurer2013,14,Paleoclimate Reconstruction Methodologies
schurer2014,14,Paleoclimate Reconstruction Methodologies
schweingruber1993,14,Paleoclimate Reconstruction Methodologies
schweingruber1978,14,Paleoclimate Reconstruction Methodologies
seager2008,14,Paleoclimate Reconstruction Methodologies
seager2007,14,Paleoclimate Reconstruction Methodologies
shindell2009,14,Paleoclimate Reconstruction Methodologies
shindell2014,14,Paleoclimate Reconstruction Methodologies
shindell2015,14,Paleoclimate Reconstruction Methodologies
shindell2004,14,Paleoclimate Reconstruction Methodologies
shindell2001,14,Paleoclimate Reconstruction Methodologies
shindell2003,14,Paleoclimate Reconstruction Methodologies
smerdon2010,14,Paleoclimate Reconstruction Methodologies
smerdon2008,14,Paleoclimate Reconstruction Methodologies
smerdon2011,14,Paleoclimate Reconstruction Methodologies
smerdon2016,14,Paleoclimate Reconstruction Methodologies
solomon2011,14,Paleoclimate Reconstruction Methodologies
st2014,14,Paleoclimate Reconstruction Methodologies
george2013,14,Paleoclimate Reconstruction Methodologies
steiger2014,14,Paleoclimate Reconstruction Methodologies
stenchikov2006,14,Paleoclimate Reconstruction Methodologies
stoffel2015,14,Paleoclimate Reconstruction Methodologies
vonstorch2004,14,Paleoclimate Reconstruction Methodologies
stott2010,14,Paleoclimate Reconstruction Methodologies
stott2009,14,Paleoclimate Reconstruction Methodologies
stott1998,14,Paleoclimate Reconstruction Methodologies
stuiver1993,14,Paleoclimate Reconstruction Methodologies
sundqvist2014,14,Paleoclimate Reconstruction Methodologies
swingedouw2010,14,Paleoclimate Reconstruction Methodologies
szeicz1995,14,Paleoclimate Reconstruction Methodologies
tierney2015,14,Paleoclimate Reconstruction Methodologies
tingley2015,14,Paleoclimate Reconstruction Methodologies
tingley2012,14,Paleoclimate Reconstruction Methodologies
tingley2010,14,Paleoclimate Reconstruction Methodologies
tingley2013,14,Paleoclimate Reconstruction Methodologies
torrence1998,14,Paleoclimate Reconstruction Methodologies
touchan2014,14,Paleoclimate Reconstruction Methodologies
trenberth1984,14,Paleoclimate Reconstruction Methodologies
verosub2008,14,Paleoclimate Reconstruction Methodologies
vieira2010,14,Paleoclimate Reconstruction Methodologies
wagner2001,14,Paleoclimate Reconstruction Methodologies
wagner2005,14,Paleoclimate Reconstruction Methodologies
wang2015,14,Paleoclimate Reconstruction Methodologies
waple2002,14,Paleoclimate Reconstruction Methodologies
wiles2014,14,Paleoclimate Reconstruction Methodologies
wilson2014,14,Paleoclimate Reconstruction Methodologies
wise2015,14,Paleoclimate Reconstruction Methodologies
youngblut2008,14,Paleoclimate Reconstruction Methodologies
zanchettin2012,14,Paleoclimate Reconstruction Methodologies
zhang2016,14,Paleoclimate Reconstruction Methodologies
zorita2003,14,Paleoclimate Reconstruction Methodologies
zwiers2000,14,Paleoclimate Reconstruction Methodologies
pagesk2013,14,Paleoclimate Reconstruction Methodologies
bjorklund2015,14,Paleoclimate Reconstruction Methodologies
bjorklund2014,14,Paleoclimate Reconstruction Methodologies
harrison2016,14,Paleoclimate Reconstruction Methodologies
hartman2017,66,Medieval Climate and Icelandic Society
alexandre1976,66,Medieval Climate and Icelandic Society
alexandre1987,66,Medieval Climate and Icelandic Society
ahdr2004,66,Medieval Climate and Icelandic Society
ahdr2015,66,Medieval Climate and Icelandic Society
arendt1958,66,Medieval Climate and Icelandic Society
arnalds1992,66,Medieval Climate and Icelandic Society
arneborg2008,66,Medieval Climate and Icelandic Society
batt2015,66,Medieval Climate and Icelandic Society
bell1978,66,Medieval Climate and Icelandic Society
bergthorsson1967,66,Medieval Climate and Icelandic Society
bergthorsson1969,66,Medieval Climate and Icelandic Society
blondal1999,66,Medieval Climate and Icelandic Society
bradley1992,66,Medieval Climate and Icelandic Society
bradley2016,66,Medieval Climate and Icelandic Society
brazdil1995,66,Medieval Climate and Icelandic Society
brazdil2005,66,Medieval Climate and Icelandic Society
boulhosa2012,66,Medieval Climate and Icelandic Society
campbell2016,66,Medieval Climate and Icelandic Society
camenisch2016,66,Medieval Climate and Icelandic Society
casely2007,66,Medieval Climate and Icelandic Society
crumley2007,66,Medieval Climate and Icelandic Society
demaree2001,66,Medieval Climate and Icelandic Society
diaz2011,66,Medieval Climate and Icelandic Society
dickson1988,66,Medieval Climate and Icelandic Society
dugmore2013,66,Medieval Climate and Icelandic Society
dugmore2014,66,Medieval Climate and Icelandic Society
garciaherrera2008,66,Medieval Climate and Icelandic Society
gragas2001,66,Medieval Climate and Icelandic Society
gudmundsson1997,66,Medieval Climate and Icelandic Society
gudmundsson2008,66,Medieval Climate and Icelandic Society
hambrecht2015,66,Medieval Climate and Icelandic Society
harrison2013,66,Medieval Climate and Icelandic Society
hartman2015,66,Medieval Climate and Icelandic Society
hartman2016,66,Medieval Climate and Icelandic Society
halldorsson1978,66,Medieval Climate and Icelandic Society
hayeursmith2013,66,Medieval Climate and Icelandic Society
henriksen1995,66,Medieval Climate and Icelandic Society
hoffmann2014,66,Medieval Climate and Icelandic Society
holtsmark1956,66,Medieval Climate and Icelandic Society
ingimundarson1995,66,Medieval Climate and Icelandic Society
ingimundarson2010,66,Medieval Climate and Icelandic Society
ingimundarson1998,66,Medieval Climate and Icelandic Society
ingram1978,66,Medieval Climate and Icelandic Society
ingram1981,66,Medieval Climate and Icelandic Society
johannesson1956,66,Medieval Climate and Icelandic Society
johannesson1974,66,Medieval Climate and Icelandic Society
johannesson1928,66,Medieval Climate and Icelandic Society
jones2008,66,Medieval Climate and Icelandic Society
jones2004,66,Medieval Climate and Icelandic Society
jones2001,66,Medieval Climate and Icelandic Society
jonsbok2004,66,Medieval Climate and Icelandic Society
kristjansson1980,66,Medieval Climate and Icelandic Society
kirkbride2008,66,Medieval Climate and Icelandic Society
larsen1917,66,Medieval Climate and Icelandic Society
royladurie1972,66,Medieval Climate and Icelandic Society
ludlow2010,66,Medieval Climate and Icelandic Society
luterbacher2016,66,Medieval Climate and Icelandic Society
martinvide1995,66,Medieval Climate and Icelandic Society
mauelshagen2014,66,Medieval Climate and Icelandic Society
mcgovern2013,66,Medieval Climate and Icelandic Society
mcgovern2014,66,Medieval Climate and Icelandic Society
miles2014,66,Medieval Climate and Icelandic Society
ogilvie1982,66,Medieval Climate and Icelandic Society
ogilvie1984,66,Medieval Climate and Icelandic Society
ogilvie1986,66,Medieval Climate and Icelandic Society
ogilvie1991,66,Medieval Climate and Icelandic Society
ogilvie1992,66,Medieval Climate and Icelandic Society
ogilvie1998,66,Medieval Climate and Icelandic Society
ogilvie2001,66,Medieval Climate and Icelandic Society
ogilvie2005,66,Medieval Climate and Icelandic Society
ogilvie2008,66,Medieval Climate and Icelandic Society
ogilvie1997,66,Medieval Climate and Icelandic Society
pfister1992,66,Medieval Climate and Icelandic Society
pfister1998,66,Medieval Climate and Icelandic Society
pfister1999,66,Medieval Climate and Icelandic Society
pfister2017,66,Medieval Climate and Icelandic Society
pribyl2012,66,Medieval Climate and Icelandic Society
serreze2015,66,Medieval Climate and Icelandic Society
smiarowski2014,66,Medieval Climate and Icelandic Society
smiarowski2017,66,Medieval Climate and Icelandic Society
stern2000,66,Medieval Climate and Icelandic Society
stine1994,66,Medieval Climate and Icelandic Society
stormnd,66,Medieval Climate and Icelandic Society
stora2005,66,Medieval Climate and Icelandic Society
streeter2012,66,Medieval Climate and Icelandic Society
streeter2014,66,Medieval Climate and Icelandic Society
mcgrew1970,66,Medieval Climate and Icelandic Society
teitsson1975,66,Medieval Climate and Icelandic Society
thorarinsson1956,66,Medieval Climate and Icelandic Society
thorarinsson1958,66,Medieval Climate and Icelandic Society
thorarinsson1967,66,Medieval Climate and Icelandic Society
thordarson1993,66,Medieval Climate and Icelandic Society
thordarson2007,66,Medieval Climate and Icelandic Society
thorlaksson1991,66,Medieval Climate and Icelandic Society
thoroddsen1914,66,Medieval Climate and Icelandic Society
thoroddsen1919,66,Medieval Climate and Icelandic Society
thorsteinsson1989,66,Medieval Climate and Icelandic Society
vanengelen2001,66,Medieval Climate and Icelandic Society
vasey2001,66,Medieval Climate and Icelandic Society
vesteinsson2005,66,Medieval Climate and Icelandic Society
vilmundarson1972,66,Medieval Climate and Icelandic Society
waters2016,66,Medieval Climate and Icelandic Society
wheeler2006,66,Medieval Climate and Icelandic Society
young2015,66,Medieval Climate and Icelandic Society
storm1977,66,Medieval Climate and Icelandic Society
hauksson1972,66,Medieval Climate and Icelandic Society
croix2019,84,Archaeological Stratigraphy and Excavation Methodologies
richards2010,84,Archaeological Stratigraphy and Excavation Methodologies
roesdahl1992,84,Archaeological Stratigraphy and Excavation Methodologies
roxburgh2013,84,Archaeological Stratigraphy and Excavation Methodologies
samplonius1998,84,Archaeological Stratigraphy and Excavation Methodologies
tummuscheit2018,84,Archaeological Stratigraphy and Excavation Methodologies
urbanczyk2009,84,Archaeological Stratigraphy and Excavation Methodologies
wawn2002,84,Archaeological Stratigraphy and Excavation Methodologies
zettel1977,84,Archaeological Stratigraphy and Excavation Methodologies
andrews1997,84,Archaeological Stratigraphy and Excavation Methodologies
bencard1970,84,Archaeological Stratigraphy and Excavation Methodologies
frandsen1987,84,Archaeological Stratigraphy and Excavation Methodologies
lucas2001,84,Archaeological Stratigraphy and Excavation Methodologies
trigger2003,84,Archaeological Stratigraphy and Excavation Methodologies
adams1992,84,Archaeological Stratigraphy and Excavation Methodologies
aldeias2016,84,Archaeological Stratigraphy and Excavation Methodologies
arroyokalin2017,84,Archaeological Stratigraphy and Excavation Methodologies
baneijea2015,84,Archaeological Stratigraphy and Excavation Methodologies
barker1977,84,Archaeological Stratigraphy and Excavation Methodologies
benyarku2005,84,Archaeological Stratigraphy and Excavation Methodologies
berggren2003,84,Archaeological Stratigraphy and Excavation Methodologies
borderie2015,84,Archaeological Stratigraphy and Excavation Methodologies
borderie2019,84,Archaeological Stratigraphy and Excavation Methodologies
bowsher2007,84,Archaeological Stratigraphy and Excavation Methodologies
burch2011,84,Archaeological Stratigraphy and Excavation Methodologies
canti2001,84,Archaeological Stratigraphy and Excavation Methodologies
carver2012,84,Archaeological Stratigraphy and Excavation Methodologies
carver2016,84,Archaeological Stratigraphy and Excavation Methodologies
carver2015a,84,Archaeological Stratigraphy and Excavation Methodologies
chadwick1998,84,Archaeological Stratigraphy and Excavation Methodologies
clark1992,84,Archaeological Stratigraphy and Excavation Methodologies
deroo2016,84,Archaeological Stratigraphy and Excavation Methodologies
doneus2005,84,Archaeological Stratigraphy and Excavation Methodologies
drewett1999,84,Archaeological Stratigraphy and Excavation Methodologies
fao2006,84,Archaeological Stratigraphy and Excavation Methodologies
fedele1984,84,Archaeological Stratigraphy and Excavation Methodologies
c2006,84,Archaeological Stratigraphy and Excavation Methodologies
frandsen1984,84,Archaeological Stratigraphy and Excavation Methodologies
french2015,84,Archaeological Stratigraphy and Excavation Methodologies
friesem2017,84,Archaeological Stratigraphy and Excavation Methodologies
galeazzi2016,84,Archaeological Stratigraphy and Excavation Methodologies
gasche1983,84,Archaeological Stratigraphy and Excavation Methodologies
geus2018,84,Archaeological Stratigraphy and Excavation Methodologies
goldberg2003,84,Archaeological Stratigraphy and Excavation Methodologies
hodder1992,84,Archaeological Stratigraphy and Excavation Methodologies
hodder1997,84,Archaeological Stratigraphy and Excavation Methodologies
huisman2017,84,Archaeological Stratigraphy and Excavation Methodologies
hummler2015,84,Archaeological Stratigraphy and Excavation Methodologies
jupiter2018,84,Archaeological Stratigraphy and Excavation Methodologies
kimball2016,84,Archaeological Stratigraphy and Excavation Methodologies
kooistrand,84,Archaeological Stratigraphy and Excavation Methodologies
kraling2014,84,Archaeological Stratigraphy and Excavation Methodologies
krupski2017,84,Archaeological Stratigraphy and Excavation Methodologies
larsson2001,84,Archaeological Stratigraphy and Excavation Methodologies
mallol2017,84,Archaeological Stratigraphy and Excavation Methodologies
g2017,84,Archaeological Stratigraphy and Excavation Methodologies
opitz2015,84,Archaeological Stratigraphy and Excavation Methodologies
pavel2012,84,Archaeological Stratigraphy and Excavation Methodologies
rentzel2017,84,Archaeological Stratigraphy and Excavation Methodologies
ropke2017,84,Archaeological Stratigraphy and Excavation Methodologies
roskams2001,84,Archaeological Stratigraphy and Excavation Methodologies
saunders2000,84,Archaeological Stratigraphy and Excavation Methodologies
sode2010,84,Archaeological Stratigraphy and Excavation Methodologies
tassie2015,84,Archaeological Stratigraphy and Excavation Methodologies
turney2005,84,Archaeological Stratigraphy and Excavation Methodologies
valente2017,84,Archaeological Stratigraphy and Excavation Methodologies
vanriel2016,84,Archaeological Stratigraphy and Excavation Methodologies
vepraskas2018,84,Archaeological Stratigraphy and Excavation Methodologies
verleyen2017,84,Archaeological Stratigraphy and Excavation Methodologies
vince1995,84,Archaeological Stratigraphy and Excavation Methodologies
westman1994,84,Archaeological Stratigraphy and Excavation Methodologies
wouters2018,84,Archaeological Stratigraphy and Excavation Methodologies
wouters2019,84,Archaeological Stratigraphy and Excavation Methodologies
wouters2017,84,Archaeological Stratigraphy and Excavation Methodologies
barfod2016,84,Archaeological Stratigraphy and Excavation Methodologies
christophersen2015,84,Archaeological Stratigraphy and Excavation Methodologies
clark2007,84,Archaeological Stratigraphy and Excavation Methodologies
costin2001,84,Archaeological Stratigraphy and Excavation Methodologies
cotton1933,84,Archaeological Stratigraphy and Excavation Methodologies
dobres2014,84,Archaeological Stratigraphy and Excavation Methodologies
c2006a,84,Archaeological Stratigraphy and Excavation Methodologies
feveile2008,84,Archaeological Stratigraphy and Excavation Methodologies
flad2007,84,Archaeological Stratigraphy and Excavation Methodologies
gebers2004,84,Archaeological Stratigraphy and Excavation Methodologies
henderson2000,84,Archaeological Stratigraphy and Excavation Methodologies
holback1999,84,Archaeological Stratigraphy and Excavation Methodologies
jacobs2016,84,Archaeological Stratigraphy and Excavation Methodologies
jankuhn1983,84,Archaeological Stratigraphy and Excavation Methodologies
jennings2016,84,Archaeological Stratigraphy and Excavation Methodologies
jervis2016,84,Archaeological Stratigraphy and Excavation Methodologies
latham2009,84,Archaeological Stratigraphy and Excavation Methodologies
leroigourhan1964,84,Archaeological Stratigraphy and Excavation Methodologies
oexle1992,84,Archaeological Stratigraphy and Excavation Methodologies
oldeberg1966,84,Archaeological Stratigraphy and Excavation Methodologies
orfanou2018,84,Archaeological Stratigraphy and Excavation Methodologies
ottaway1970,84,Archaeological Stratigraphy and Excavation Methodologies
parkinson2013,84,Archaeological Stratigraphy and Excavation Methodologies
ramquist1992,84,Archaeological Stratigraphy and Excavation Methodologies
renfrew1994,84,Archaeological Stratigraphy and Excavation Methodologies
rimbert1961,84,Archaeological Stratigraphy and Excavation Methodologies
sage1984,84,Archaeological Stratigraphy and Excavation Methodologies
schortman2004,84,Archaeological Stratigraphy and Excavation Methodologies
trigger1986,84,Archaeological Stratigraphy and Excavation Methodologies
ur2014,84,Archaeological Stratigraphy and Excavation Methodologies
voncarnapbornheim1996,84,Archaeological Stratigraphy and Excavation Methodologies
wailes1996,84,Archaeological Stratigraphy and Excavation Methodologies
wirth1938,84,Archaeological Stratigraphy and Excavation Methodologies
solli2011,282,Theoretical Perspectives on Archaeology and Heritage
carman2002,282,Theoretical Perspectives on Archaeology and Heritage
chakrabarty2009,282,Theoretical Perspectives on Archaeology and Heritage
cheape2009,282,Theoretical Perspectives on Archaeology and Heritage
clark1936,282,Theoretical Perspectives on Archaeology and Heritage
clark1954,282,Theoretical Perspectives on Archaeology and Heritage
crossland2005,282,Theoretical Perspectives on Archaeology and Heritage
crutzen2002,282,Theoretical Perspectives on Archaeology and Heritage
dawdy2009,282,Theoretical Perspectives on Archaeology and Heritage
dixon2005,282,Theoretical Perspectives on Archaeology and Heritage
domanska2009,282,Theoretical Perspectives on Archaeology and Heritage
domanska2010,282,Theoretical Perspectives on Archaeology and Heritage
durkheim1904,282,Theoretical Perspectives on Archaeology and Heritage
dybdahl2010,282,Theoretical Perspectives on Archaeology and Heritage
eagleton2000,282,Theoretical Perspectives on Archaeology and Heritage
edgeworth2010,282,Theoretical Perspectives on Archaeology and Heritage
t2006,282,Theoretical Perspectives on Archaeology and Heritage
flannery1973,282,Theoretical Perspectives on Archaeology and Heritage
foley2005,282,Theoretical Perspectives on Archaeology and Heritage
fraiture2010,282,Theoretical Perspectives on Archaeology and Heritage
fraiture2009,282,Theoretical Perspectives on Archaeology and Heritage
fraser2000,282,Theoretical Perspectives on Archaeology and Heritage
fraser2001,282,Theoretical Perspectives on Archaeology and Heritage
fukuyama2002,282,Theoretical Perspectives on Archaeology and Heritage
gibbon1989,282,Theoretical Perspectives on Archaeology and Heritage
grosjean2007,282,Theoretical Perspectives on Archaeology and Heritage
hacking1999,282,Theoretical Perspectives on Archaeology and Heritage
haraway2008,282,Theoretical Perspectives on Archaeology and Heritage
harman2010,282,Theoretical Perspectives on Archaeology and Heritage
harrison2009,282,Theoretical Perspectives on Archaeology and Heritage
hodder1987,282,Theoretical Perspectives on Archaeology and Heritage
hodder1999,282,Theoretical Perspectives on Archaeology and Heritage
holmberg2008,282,Theoretical Perspectives on Archaeology and Heritage
holtorf2007,282,Theoretical Perspectives on Archaeology and Heritage
holtorf2011,282,Theoretical Perspectives on Archaeology and Heritage
hyenstrand1988,282,Theoretical Perspectives on Archaeology and Heritage
jenkins2004,282,Theoretical Perspectives on Archaeology and Heritage
jong2008,282,Theoretical Perspectives on Archaeology and Heritage
kirshenblattgimblett1994,282,Theoretical Perspectives on Archaeology and Heritage
kirshenblattgimblett2004,282,Theoretical Perspectives on Archaeology and Heritage
kolen2009,282,Theoretical Perspectives on Archaeology and Heritage
kotchen2007,282,Theoretical Perspectives on Archaeology and Heritage
kristiansen2002,282,Theoretical Perspectives on Archaeology and Heritage
kurin2004,282,Theoretical Perspectives on Archaeology and Heritage
labinger2001,282,Theoretical Perspectives on Archaeology and Heritage
lakatos1973,282,Theoretical Perspectives on Archaeology and Heritage
latour1993,282,Theoretical Perspectives on Archaeology and Heritage
latour2003,282,Theoretical Perspectives on Archaeology and Heritage
latour2005h,282,Theoretical Perspectives on Archaeology and Heritage
levistrauss1962,282,Theoretical Perspectives on Archaeology and Heritage
lowenthal1985,282,Theoretical Perspectives on Archaeology and Heritage
madsen1900,282,Theoretical Perspectives on Archaeology and Heritage
mason2000,282,Theoretical Perspectives on Archaeology and Heritage
moberg1977,282,Theoretical Perspectives on Archaeology and Heritage
mullerndc,282,Theoretical Perspectives on Archaeology and Heritage
mullerndd,282,Theoretical Perspectives on Archaeology and Heritage
nilsen2003,282,Theoretical Perspectives on Archaeology and Heritage
nummedal1912,282,Theoretical Perspectives on Archaeology and Heritage
nussbaum1999,282,Theoretical Perspectives on Archaeology and Heritage
naess1973,282,Theoretical Perspectives on Archaeology and Heritage
oestigaard2004,282,Theoretical Perspectives on Archaeology and Heritage
oestigaard2007,282,Theoretical Perspectives on Archaeology and Heritage
olsen1986,282,Theoretical Perspectives on Archaeology and Heritage
olwig2001,282,Theoretical Perspectives on Archaeology and Heritage
parkerpearson2006,282,Theoretical Perspectives on Archaeology and Heritage
parkin1999,282,Theoretical Perspectives on Archaeology and Heritage
partner2009,282,Theoretical Perspectives on Archaeology and Heritage
periman2006,282,Theoretical Perspectives on Archaeology and Heritage
petersennd,282,Theoretical Perspectives on Archaeology and Heritage
pickering1993,282,Theoretical Perspectives on Archaeology and Heritage
pickering1994,282,Theoretical Perspectives on Archaeology and Heritage
piotrowski2006,282,Theoretical Perspectives on Archaeology and Heritage
pollard1998,282,Theoretical Perspectives on Archaeology and Heritage
rorty1989,282,Theoretical Perspectives on Archaeology and Heritage
rose2007,282,Theoretical Perspectives on Archaeology and Heritage
ruddiman2003,282,Theoretical Perspectives on Archaeology and Heritage
ruddiman2005,282,Theoretical Perspectives on Archaeology and Heritage
samuel1994,282,Theoretical Perspectives on Archaeology and Heritage
sanden2008,282,Theoretical Perspectives on Archaeology and Heritage
schanche1983,282,Theoretical Perspectives on Archaeology and Heritage
schwandt1994,282,Theoretical Perspectives on Archaeology and Heritage
serres1995,282,Theoretical Perspectives on Archaeology and Heritage
shanks2010,282,Theoretical Perspectives on Archaeology and Heritage
skolimowski1974,282,Theoretical Perspectives on Archaeology and Heritage
skounti2009,282,Theoretical Perspectives on Archaeology and Heritage
sloterdijk2009,282,Theoretical Perspectives on Archaeology and Heritage
smail2007,282,Theoretical Perspectives on Archaeology and Heritage
snow1959,282,Theoretical Perspectives on Archaeology and Heritage
snow1966,282,Theoretical Perspectives on Archaeology and Heritage
solli1989,282,Theoretical Perspectives on Archaeology and Heritage
spiegel2009,282,Theoretical Perspectives on Archaeology and Heritage
steinberg2002,282,Theoretical Perspectives on Archaeology and Heritage
stotz2008,282,Theoretical Perspectives on Archaeology and Heritage
svestad1995,282,Theoretical Perspectives on Archaeology and Heritage
terrill2008,282,Theoretical Perspectives on Archaeology and Heritage
todorov1993,282,Theoretical Perspectives on Archaeology and Heritage
tvedt2010,282,Theoretical Perspectives on Archaeology and Heritage
waterton2006,282,Theoretical Perspectives on Archaeology and Heritage
watson1971,282,Theoretical Perspectives on Archaeology and Heritage
weisman2007,282,Theoretical Perspectives on Archaeology and Heritage
welinder1986,282,Theoretical Perspectives on Archaeology and Heritage
white1949,282,Theoretical Perspectives on Archaeology and Heritage
white1959,282,Theoretical Perspectives on Archaeology and Heritage
willey1958,282,Theoretical Perspectives on Archaeology and Heritage
wolfe2010,282,Theoretical Perspectives on Archaeology and Heritage
zalasiewicz2008,282,Theoretical Perspectives on Archaeology and Heritage
zalasiewicz2010,282,Theoretical Perspectives on Archaeology and Heritage
oehrl2017,42,Gotlandic Picture Stones and Norse Iconography
oehrl2019,42,Gotlandic Picture Stones and Norse Iconography
imer2001,42,Gotlandic Picture Stones and Norse Iconography
varenius1992,42,Gotlandic Picture Stones and Norse Iconography
ellmers1970,42,Gotlandic Picture Stones and Norse Iconography
faulkes1987,42,Gotlandic Picture Stones and Norse Iconography
bailey1980,42,Gotlandic Picture Stones and Norse Iconography
hauck1981,42,Gotlandic Picture Stones and Norse Iconography
hauck1978,42,Gotlandic Picture Stones and Norse Iconography
gudmundsdottir2015,42,Gotlandic Picture Stones and Norse Iconography
althaus1993,42,Gotlandic Picture Stones and Norse Iconography
andersson1968,42,Gotlandic Picture Stones and Norse Iconography
andreeff2014,42,Gotlandic Picture Stones and Norse Iconography
andren2012a,42,Gotlandic Picture Stones and Norse Iconography
bailey1996,42,Gotlandic Picture Stones and Norse Iconography
bailey2000,42,Gotlandic Picture Stones and Norse Iconography
bailey1988,42,Gotlandic Picture Stones and Norse Iconography
beck1964,42,Gotlandic Picture Stones and Norse Iconography
blindheim1972,42,Gotlandic Picture Stones and Norse Iconography
bohner1976,42,Gotlandic Picture Stones and Norse Iconography
calverleynd,42,Gotlandic Picture Stones and Norse Iconography
cumont1942,42,Gotlandic Picture Stones and Norse Iconography
devries1933,42,Gotlandic Picture Stones and Norse Iconography
egeler2015,42,Gotlandic Picture Stones and Norse Iconography
ellisdavidson1950,42,Gotlandic Picture Stones and Norse Iconography
ellisdavidson1969,42,Gotlandic Picture Stones and Norse Iconography
ellisdavidson1988,42,Gotlandic Picture Stones and Norse Iconography
ellmers1981,42,Gotlandic Picture Stones and Norse Iconography
ellmers1986,42,Gotlandic Picture Stones and Norse Iconography
eshleman1983,42,Gotlandic Picture Stones and Norse Iconography
fingerlin2010,42,Gotlandic Picture Stones and Norse Iconography
fuglesang2004,42,Gotlandic Picture Stones and Norse Iconography
graus1977,42,Gotlandic Picture Stones and Norse Iconography
guber2011,42,Gotlandic Picture Stones and Norse Iconography
hauck1954,42,Gotlandic Picture Stones and Norse Iconography
hauck1957,42,Gotlandic Picture Stones and Norse Iconography
hauck1980,42,Gotlandic Picture Stones and Norse Iconography
hauck1983,42,Gotlandic Picture Stones and Norse Iconography
hauck1994,42,Gotlandic Picture Stones and Norse Iconography
heinzle2010,42,Gotlandic Picture Stones and Norse Iconography
holmqvist1939,42,Gotlandic Picture Stones and Norse Iconography
holmqvist1952,42,Gotlandic Picture Stones and Norse Iconography
hyenstrand1989,42,Gotlandic Picture Stones and Norse Iconography
kopar2012,42,Gotlandic Picture Stones and Norse Iconography
lang1983,42,Gotlandic Picture Stones and Norse Iconography
lindqvist1962,42,Gotlandic Picture Stones and Norse Iconography
margeson1980,42,Gotlandic Picture Stones and Norse Iconography
mundal1998,42,Gotlandic Picture Stones and Norse Iconography
neckel1983,42,Gotlandic Picture Stones and Norse Iconography
nedoma1988,42,Gotlandic Picture Stones and Norse Iconography
north2001,42,Gotlandic Picture Stones and Norse Iconography
nylen1960,42,Gotlandic Picture Stones and Norse Iconography
oehrl2006,42,Gotlandic Picture Stones and Norse Iconography
oehrl2010,42,Gotlandic Picture Stones and Norse Iconography
oehrl2011,42,Gotlandic Picture Stones and Norse Iconography
oehrl2013,42,Gotlandic Picture Stones and Norse Iconography
oehrl2014,42,Gotlandic Picture Stones and Norse Iconography
oehrl2015,42,Gotlandic Picture Stones and Norse Iconography
oehrl2016,42,Gotlandic Picture Stones and Norse Iconography
olrik1922,42,Gotlandic Picture Stones and Norse Iconography
quast2009,42,Gotlandic Picture Stones and Norse Iconography
reichert2003,42,Gotlandic Picture Stones and Norse Iconography
reitzenstein1924,42,Gotlandic Picture Stones and Norse Iconography
remondino2014,42,Gotlandic Picture Stones and Norse Iconography
samson2011,42,Gotlandic Picture Stones and Norse Iconography
schreiner2000,42,Gotlandic Picture Stones and Norse Iconography
schreiner2004,42,Gotlandic Picture Stones and Norse Iconography
vonsee1981,42,Gotlandic Picture Stones and Norse Iconography
vonsee2009,42,Gotlandic Picture Stones and Norse Iconography
shetelig1933,42,Gotlandic Picture Stones and Norse Iconography
simonsson2012,42,Gotlandic Picture Stones and Norse Iconography
speidel2004,42,Gotlandic Picture Stones and Norse Iconography
stephensnd,42,Gotlandic Picture Stones and Norse Iconography
strom1956,42,Gotlandic Picture Stones and Norse Iconography
swanstrom2010,42,Gotlandic Picture Stones and Norse Iconography
vierck2002,42,Gotlandic Picture Stones and Norse Iconography
weber1973,42,Gotlandic Picture Stones and Norse Iconography
widerstrom2012,42,Gotlandic Picture Stones and Norse Iconography
wilson1998,42,Gotlandic Picture Stones and Norse Iconography
zimmermann2012,42,Gotlandic Picture Stones and Norse Iconography
karnell2012,42,Gotlandic Picture Stones and Norse Iconography
bailey2003,42,Gotlandic Picture Stones and Norse Iconography
larrington2014,42,Gotlandic Picture Stones and Norse Iconography
bangnd,42,Gotlandic Picture Stones and Norse Iconography
buggenda,42,Gotlandic Picture Stones and Norse Iconography
dronke1989,42,Gotlandic Picture Stones and Norse Iconography
haavardsholm1996,42,Gotlandic Picture Stones and Norse Iconography
hauck1982,42,Gotlandic Picture Stones and Norse Iconography
heusler1941,42,Gotlandic Picture Stones and Norse Iconography
wilhelm1952,42,Gotlandic Picture Stones and Norse Iconography
vanderhorst1982,42,Gotlandic Picture Stones and Norse Iconography
horst2010,42,Gotlandic Picture Stones and Norse Iconography
hultgard1987,42,Gotlandic Picture Stones and Norse Iconography
johansson2013,42,Gotlandic Picture Stones and Norse Iconography
lamm2003b,42,Gotlandic Picture Stones and Norse Iconography
mckinnell1994,42,Gotlandic Picture Stones and Norse Iconography
mckinnell2008,42,Gotlandic Picture Stones and Norse Iconography
meyernd,42,Gotlandic Picture Stones and Norse Iconography
north2003,42,Gotlandic Picture Stones and Norse Iconography
quast2002,42,Gotlandic Picture Stones and Norse Iconography
nordal1980,42,Gotlandic Picture Stones and Norse Iconography
stephensnda,42,Gotlandic Picture Stones and Norse Iconography
westphal2004,42,Gotlandic Picture Stones and Norse Iconography
williams1994,42,Gotlandic Picture Stones and Norse Iconography
faulkes1989,42,Gotlandic Picture Stones and Norse Iconography
kitzlerahfeldt2012,42,Gotlandic Picture Stones and Norse Iconography
faulkes1998,42,Gotlandic Picture Stones and Norse Iconography
raffield2019,48,"Childhood, Gender, and Social Identity in the Viking Age"
lewis2016,48,"Childhood, Gender, and Social Identity in the Viking Age"
ostergren2008,48,"Childhood, Gender, and Social Identity in the Viking Age"
kankpeyeng2009,48,"Childhood, Gender, and Social Identity in the Viking Age"
laird2010,48,"Childhood, Gender, and Social Identity in the Viking Age"
bodel2005,48,"Childhood, Gender, and Social Identity in the Viking Age"
walz1977,48,"Childhood, Gender, and Social Identity in the Viking Age"
daniel1992,48,"Childhood, Gender, and Social Identity in the Viking Age"
morgan1998,48,"Childhood, Gender, and Social Identity in the Viking Age"
warren1977,48,"Childhood, Gender, and Social Identity in the Viking Age"
bodel2014,48,"Childhood, Gender, and Social Identity in the Viking Age"
ireland1952,48,"Childhood, Gender, and Social Identity in the Viking Age"
anderson2002,48,"Childhood, Gender, and Social Identity in the Viking Age"
thee1980,48,"Childhood, Gender, and Social Identity in the Viking Age"
khoroshev2007,48,"Childhood, Gender, and Social Identity in the Viking Age"
kotowicz2007,48,"Childhood, Gender, and Social Identity in the Viking Age"
james1997,48,"Childhood, Gender, and Social Identity in the Viking Age"
blake1962,48,"Childhood, Gender, and Social Identity in the Viking Age"
kunz2000a,48,"Childhood, Gender, and Social Identity in the Viking Age"
tschan1959,48,"Childhood, Gender, and Social Identity in the Viking Age"
hraundal2014,48,"Childhood, Gender, and Social Identity in the Viking Age"
larrington2016,48,"Childhood, Gender, and Social Identity in the Viking Age"
norrman2000,48,"Childhood, Gender, and Social Identity in the Viking Age"
odonoghue2004,48,"Childhood, Gender, and Social Identity in the Viking Age"
bagerius2001,48,"Childhood, Gender, and Social Identity in the Viking Age"
baxter2005,48,"Childhood, Gender, and Social Identity in the Viking Age"
becker2007,48,"Childhood, Gender, and Social Identity in the Viking Age"
bickerton2015,48,"Childhood, Gender, and Social Identity in the Viking Age"
grahamcampbell2001h,48,"Childhood, Gender, and Social Identity in the Viking Age"
bird2000,48,"Childhood, Gender, and Social Identity in the Viking Age"
blackmore2011,48,"Childhood, Gender, and Social Identity in the Viking Age"
boothby2004,48,"Childhood, Gender, and Social Identity in the Viking Age"
bychowski2018,48,"Childhood, Gender, and Social Identity in the Viking Age"
casey2010,48,"Childhood, Gender, and Social Identity in the Viking Age"
chagnon1992,48,"Childhood, Gender, and Social Identity in the Viking Age"
coltrane2006,48,"Childhood, Gender, and Social Identity in the Viking Age"
connell2000,48,"Childhood, Gender, and Social Identity in the Viking Age"
connell2005,48,"Childhood, Gender, and Social Identity in the Viking Age"
crawford2007,48,"Childhood, Gender, and Social Identity in the Viking Age"
damon2006,48,"Childhood, Gender, and Social Identity in the Viking Age"
dommasnes2008b,48,"Childhood, Gender, and Social Identity in the Viking Age"
ember2015,48,"Childhood, Gender, and Social Identity in the Viking Age"
enloe2017,48,"Childhood, Gender, and Social Identity in the Viking Age"
erikson1950,48,"Childhood, Gender, and Social Identity in the Viking Age"
foote1979,48,"Childhood, Gender, and Social Identity in the Viking Age"
pesch2018,48,"Childhood, Gender, and Social Identity in the Viking Age"
gilligan1982,48,"Childhood, Gender, and Social Identity in the Viking Age"
gilligan1990,48,"Childhood, Gender, and Social Identity in the Viking Age"
gowland2001,48,"Childhood, Gender, and Social Identity in the Viking Age"
gunnell2013,48,"Childhood, Gender, and Social Identity in the Viking Age"
haapasalo2000,48,"Childhood, Gender, and Social Identity in the Viking Age"
halstadmcguire2010b,48,"Childhood, Gender, and Social Identity in the Viking Age"
handel2007,48,"Childhood, Gender, and Social Identity in the Viking Age"
hays1982,48,"Childhood, Gender, and Social Identity in the Viking Age"
higate2005,48,"Childhood, Gender, and Social Identity in the Viking Age"
hinojosa2010,48,"Childhood, Gender, and Social Identity in the Viking Age"
hollander1949,48,"Childhood, Gender, and Social Identity in the Viking Age"
hooper2001,48,"Childhood, Gender, and Social Identity in the Viking Age"
honwana2006,48,"Childhood, Gender, and Social Identity in the Viking Age"
howard2000,48,"Childhood, Gender, and Social Identity in the Viking Age"
kaland2008,48,"Childhood, Gender, and Social Identity in the Viking Age"
kamp2015,48,"Childhood, Gender, and Social Identity in the Viking Age"
keith2005,48,"Childhood, Gender, and Social Identity in the Viking Age"
kimball2013,48,"Childhood, Gender, and Social Identity in the Viking Age"
knusel2000,48,"Childhood, Gender, and Social Identity in the Viking Age"
larrington2008,48,"Childhood, Gender, and Social Identity in the Viking Age"
levine1990,48,"Childhood, Gender, and Social Identity in the Viking Age"
lewissimpson2008,48,"Childhood, Gender, and Social Identity in the Viking Age"
lillehammer2010,48,"Childhood, Gender, and Social Identity in the Viking Age"
macinnes2016,48,"Childhood, Gender, and Social Identity in the Viking Age"
mcguire2016,48,"Childhood, Gender, and Social Identity in the Viking Age"
meggitt1977,48,"Childhood, Gender, and Social Identity in the Viking Age"
mellor2014,48,"Childhood, Gender, and Social Identity in the Viking Age"
murphy2017,48,"Childhood, Gender, and Social Identity in the Viking Age"
mygland2010,48,"Childhood, Gender, and Social Identity in the Viking Age"
hencken1933,48,"Childhood, Gender, and Social Identity in the Viking Age"
orchard2011,48,"Childhood, Gender, and Social Identity in the Viking Age"
orme1995,48,"Childhood, Gender, and Social Identity in the Viking Age"
perkins1972,48,"Childhood, Gender, and Social Identity in the Viking Age"
preston2014,48,"Childhood, Gender, and Social Identity in the Viking Age"
raninen2008,48,"Childhood, Gender, and Social Identity in the Viking Age"
scribner1965,48,"Childhood, Gender, and Social Identity in the Viking Age"
reynolds1991,48,"Childhood, Gender, and Social Identity in the Viking Age"
ross2018,48,"Childhood, Gender, and Social Identity in the Viking Age"
shimahara1970,48,"Childhood, Gender, and Social Identity in the Viking Age"
soderberg2017,48,"Childhood, Gender, and Social Identity in the Viking Age"
sofaer2011,48,"Childhood, Gender, and Social Identity in the Viking Age"
squires2013,48,"Childhood, Gender, and Social Identity in the Viking Age"
swanton1997,48,"Childhood, Gender, and Social Identity in the Viking Age"
underwood2006,48,"Childhood, Gender, and Social Identity in the Viking Age"
varney2000,48,"Childhood, Gender, and Social Identity in the Viking Age"
weinreich2009,48,"Childhood, Gender, and Social Identity in the Viking Age"
weisner2015,48,"Childhood, Gender, and Social Identity in the Viking Age"
weisner1977,48,"Childhood, Gender, and Social Identity in the Viking Age"
werner1964,48,"Childhood, Gender, and Social Identity in the Viking Age"
wessells2006,48,"Childhood, Gender, and Social Identity in the Viking Age"
whaley2009,48,"Childhood, Gender, and Social Identity in the Viking Age"
whitehouse2017,48,"Childhood, Gender, and Social Identity in the Viking Age"
woolf2017,48,"Childhood, Gender, and Social Identity in the Viking Age"
halcrow2008,48,"Childhood, Gender, and Social Identity in the Viking Age"
pedersen2014a,48,"Childhood, Gender, and Social Identity in the Viking Age"
smallwood2007,48,"Childhood, Gender, and Social Identity in the Viking Age"
downham2017,48,"Childhood, Gender, and Social Identity in the Viking Age"
braconi2005,48,"Childhood, Gender, and Social Identity in the Viking Age"
hadley2016a,48,"Childhood, Gender, and Social Identity in the Viking Age"
worldhealthorganization2018,48,"Childhood, Gender, and Social Identity in the Viking Age"
tacitus1999a,48,"Childhood, Gender, and Social Identity in the Viking Age"
barrett2010,99,"Viking Age Migration, Trade, and Settlement Dynamics"
barrett2008,99,"Viking Age Migration, Trade, and Settlement Dynamics"
raven2005,99,"Viking Age Migration, Trade, and Settlement Dynamics"
sheehan1998,99,"Viking Age Migration, Trade, and Settlement Dynamics"
hughes1994,99,"Viking Age Migration, Trade, and Settlement Dynamics"
bradley2003,99,"Viking Age Migration, Trade, and Settlement Dynamics"
arneborg2003,99,"Viking Age Migration, Trade, and Settlement Dynamics"
arrhenius1995,99,"Viking Age Migration, Trade, and Settlement Dynamics"
ashby2006,99,"Viking Age Migration, Trade, and Settlement Dynamics"
smith1993,99,"Viking Age Migration, Trade, and Settlement Dynamics"
besteman2004,99,"Viking Age Migration, Trade, and Settlement Dynamics"
biddle2001,99,"Viking Age Migration, Trade, and Settlement Dynamics"
bolin1953,99,"Viking Age Migration, Trade, and Settlement Dynamics"
brettell2000,99,"Viking Age Migration, Trade, and Settlement Dynamics"
brooks1971,99,"Viking Age Migration, Trade, and Settlement Dynamics"
burstrom1993,99,"Viking Age Migration, Trade, and Settlement Dynamics"
byock2001,99,"Viking Age Migration, Trade, and Settlement Dynamics"
carver1990,99,"Viking Age Migration, Trade, and Settlement Dynamics"
carver1995,99,"Viking Age Migration, Trade, and Settlement Dynamics"
clover1988,99,"Viking Age Migration, Trade, and Settlement Dynamics"
coupland1998,99,"Viking Age Migration, Trade, and Settlement Dynamics"
dahljensen1998,99,"Viking Age Migration, Trade, and Settlement Dynamics"
dansgaard1975,99,"Viking Age Migration, Trade, and Settlement Dynamics"
downham2007,99,"Viking Age Migration, Trade, and Settlement Dynamics"
dumville2002,99,"Viking Age Migration, Trade, and Settlement Dynamics"
dyer2002,99,"Viking Age Migration, Trade, and Settlement Dynamics"
earle1997,99,"Viking Age Migration, Trade, and Settlement Dynamics"
edwards2005,99,"Viking Age Migration, Trade, and Settlement Dynamics"
englert2007,99,"Viking Age Migration, Trade, and Settlement Dynamics"
etchingham1996,99,"Viking Age Migration, Trade, and Settlement Dynamics"
etchingham2007,99,"Viking Age Migration, Trade, and Settlement Dynamics"
forenbaher2005,99,"Viking Age Migration, Trade, and Settlement Dynamics"
fossier1999,99,"Viking Age Migration, Trade, and Settlement Dynamics"
grahamcampbell1975,99,"Viking Age Migration, Trade, and Settlement Dynamics"
hadley2006,99,"Viking Age Migration, Trade, and Settlement Dynamics"
halsall2003,99,"Viking Age Migration, Trade, and Settlement Dynamics"
hannon2005,99,"Viking Age Migration, Trade, and Settlement Dynamics"
hansen2000,99,"Viking Age Migration, Trade, and Settlement Dynamics"
haywood1999,99,"Viking Age Migration, Trade, and Settlement Dynamics"
heinsohn2003,99,"Viking Age Migration, Trade, and Settlement Dynamics"
hernaes1997,99,"Viking Age Migration, Trade, and Settlement Dynamics"
hill1981,99,"Viking Age Migration, Trade, and Settlement Dynamics"
hill2001,99,"Viking Age Migration, Trade, and Settlement Dynamics"
hills2003,99,"Viking Age Migration, Trade, and Settlement Dynamics"
hodges1983,99,"Viking Age Migration, Trade, and Settlement Dynamics"
holm1986,99,"Viking Age Migration, Trade, and Settlement Dynamics"
hunter2007,99,"Viking Age Migration, Trade, and Settlement Dynamics"
johnson2001,99,"Viking Age Migration, Trade, and Settlement Dynamics"
jonsson1911,99,"Viking Age Migration, Trade, and Settlement Dynamics"
karlsson1997,99,"Viking Age Migration, Trade, and Settlement Dynamics"
keegan2004,99,"Viking Age Migration, Trade, and Settlement Dynamics"
keynes1997,99,"Viking Age Migration, Trade, and Settlement Dynamics"
kristoffersen2004,99,"Viking Age Migration, Trade, and Settlement Dynamics"
kuhn1977,99,"Viking Age Migration, Trade, and Settlement Dynamics"
lund1989,99,"Viking Age Migration, Trade, and Settlement Dynamics"
magi1999,99,"Viking Age Migration, Trade, and Settlement Dynamics"
michelli1993,99,"Viking Age Migration, Trade, and Settlement Dynamics"
minorsky1958,99,"Viking Age Migration, Trade, and Settlement Dynamics"
montgomery2006,99,"Viking Age Migration, Trade, and Settlement Dynamics"
montgomery2003,99,"Viking Age Migration, Trade, and Settlement Dynamics"
morris1998,99,"Viking Age Migration, Trade, and Settlement Dynamics"
mullerwille1994,99,"Viking Age Migration, Trade, and Settlement Dynamics"
myhre1987,99,"Viking Age Migration, Trade, and Settlement Dynamics"
nelson1991,99,"Viking Age Migration, Trade, and Settlement Dynamics"
nelson1997,99,"Viking Age Migration, Trade, and Settlement Dynamics"
nondier2002,99,"Viking Age Migration, Trade, and Settlement Dynamics"
croinin1995,99,"Viking Age Migration, Trade, and Settlement Dynamics"
oppenheimer2007,99,"Viking Age Migration, Trade, and Settlement Dynamics"
owen1999,99,"Viking Age Migration, Trade, and Settlement Dynamics"
paterson2001,99,"Viking Age Migration, Trade, and Settlement Dynamics"
pirenne1939,99,"Viking Age Migration, Trade, and Settlement Dynamics"
reuter1985,99,"Viking Age Migration, Trade, and Settlement Dynamics"
ridel2007,99,"Viking Age Migration, Trade, and Settlement Dynamics"
roesdahl1991,99,"Viking Age Migration, Trade, and Settlement Dynamics"
santiagoirizarry2008,99,"Viking Age Migration, Trade, and Settlement Dynamics"
sawyer1982,99,"Viking Age Migration, Trade, and Settlement Dynamics"
scholz1970,99,"Viking Age Migration, Trade, and Settlement Dynamics"
simek2004,99,"Viking Age Migration, Trade, and Settlement Dynamics"
skre2001,99,"Viking Age Migration, Trade, and Settlement Dynamics"
small1973,99,"Viking Age Migration, Trade, and Settlement Dynamics"
stefansson2003,99,"Viking Age Migration, Trade, and Settlement Dynamics"
wallace2003,99,"Viking Age Migration, Trade, and Settlement Dynamics"
warner1976,99,"Viking Age Migration, Trade, and Settlement Dynamics"
weber1992,99,"Viking Age Migration, Trade, and Settlement Dynamics"
westerdahl2008,99,"Viking Age Migration, Trade, and Settlement Dynamics"
wicker1998,99,"Viking Age Migration, Trade, and Settlement Dynamics"
woolf2007,99,"Viking Age Migration, Trade, and Settlement Dynamics"
wormald1982,99,"Viking Age Migration, Trade, and Settlement Dynamics"
carver2004,99,"Viking Age Migration, Trade, and Settlement Dynamics"
crumlinpederson1995,99,"Viking Age Migration, Trade, and Settlement Dynamics"
downham2000,99,"Viking Age Migration, Trade, and Settlement Dynamics"
forsyth1995,99,"Viking Age Migration, Trade, and Settlement Dynamics"
gaut2002,99,"Viking Age Migration, Trade, and Settlement Dynamics"
grahamcampbell1995,99,"Viking Age Migration, Trade, and Settlement Dynamics"
grahamcampbell2003,99,"Viking Age Migration, Trade, and Settlement Dynamics"
gudmundsson1965,99,"Viking Age Migration, Trade, and Settlement Dynamics"
hermannsaudardotir1991,99,"Viking Age Migration, Trade, and Settlement Dynamics"
hines1996,99,"Viking Age Migration, Trade, and Settlement Dynamics"
howlet1999,99,"Viking Age Migration, Trade, and Settlement Dynamics"
roesdahl2003b,99,"Viking Age Migration, Trade, and Settlement Dynamics"
paasche2006,99,"Viking Age Migration, Trade, and Settlement Dynamics"
ralston1997,99,"Viking Age Migration, Trade, and Settlement Dynamics"
randsborg1995,99,"Viking Age Migration, Trade, and Settlement Dynamics"
randsborg2000,99,"Viking Age Migration, Trade, and Settlement Dynamics"
sawyer2003,99,"Viking Age Migration, Trade, and Settlement Dynamics"
smyth1984,99,"Viking Age Migration, Trade, and Settlement Dynamics"
weber1991,99,"Viking Age Migration, Trade, and Settlement Dynamics"
NOAUTHOR28,145,Urban Archaeology and Chronology of Medieval Towns
nasman1997,145,Urban Archaeology and Chronology of Medieval Towns
anglert2001,145,Urban Archaeology and Chronology of Medieval Towns
mogren2005,145,Urban Archaeology and Chronology of Medieval Towns
derfruhgeschichtlichen1980,145,Urban Archaeology and Chronology of Medieval Towns
kiefferolsen1993,145,Urban Archaeology and Chronology of Medieval Towns
crumlinpedersen1996,145,Urban Archaeology and Chronology of Medieval Towns
kalmring2016,145,Urban Archaeology and Chronology of Medieval Towns
christensen1988,145,Urban Archaeology and Chronology of Medieval Towns
madsen1988,145,Urban Archaeology and Chronology of Medieval Towns
skibstedklaesoe1997,145,Urban Archaeology and Chronology of Medieval Towns
aegidius1977,145,Urban Archaeology and Chronology of Medieval Towns
albrectsen1941,145,Urban Archaeology and Chronology of Medieval Towns
albrectsen1970,145,Urban Archaeology and Chronology of Medieval Towns
albrectsen1984,145,Urban Archaeology and Chronology of Medieval Towns
andersen1987,145,Urban Archaeology and Chronology of Medieval Towns
andersen1998,145,Urban Archaeology and Chronology of Medieval Towns
andersen1971,145,Urban Archaeology and Chronology of Medieval Towns
andersson1972,145,Urban Archaeology and Chronology of Medieval Towns
andren1994,145,Urban Archaeology and Chronology of Medieval Towns
arentoft1984,145,Urban Archaeology and Chronology of Medieval Towns
arentoft1985,145,Urban Archaeology and Chronology of Medieval Towns
arentoft1993,145,Urban Archaeology and Chronology of Medieval Towns
arentoft1999,145,Urban Archaeology and Chronology of Medieval Towns
bartholin1976,145,Urban Archaeology and Chronology of Medieval Towns
bartholin1974,145,Urban Archaeology and Chronology of Medieval Towns
becker1982,145,Urban Archaeology and Chronology of Medieval Towns
bertelsen1991,145,Urban Archaeology and Chronology of Medieval Towns
bertelsen1992,145,Urban Archaeology and Chronology of Medieval Towns
binderup1996,145,Urban Archaeology and Chronology of Medieval Towns
bjerregaard2016,145,Urban Archaeology and Chronology of Medieval Towns
bjerregaard2017,145,Urban Archaeology and Chronology of Medieval Towns
christensen1975,145,Urban Archaeology and Chronology of Medieval Towns
christensen1977,145,Urban Archaeology and Chronology of Medieval Towns
christensen1999,145,Urban Archaeology and Chronology of Medieval Towns
christensen2017,145,Urban Archaeology and Chronology of Medieval Towns
elkjaer2001,145,Urban Archaeology and Chronology of Medieval Towns
og2001,145,Urban Archaeology and Chronology of Medieval Towns
fussel2008,145,Urban Archaeology and Chronology of Medieval Towns
amt1992,145,Urban Archaeology and Chronology of Medieval Towns
gothche1995,145,Urban Archaeology and Chronology of Medieval Towns
grandtnielsen1982,145,Urban Archaeology and Chronology of Medieval Towns
harnow2005,145,Urban Archaeology and Chronology of Medieval Towns
haupt2006,145,Urban Archaeology and Chronology of Medieval Towns
henrichsen1968,145,Urban Archaeology and Chronology of Medieval Towns
henriksen1988,145,Urban Archaeology and Chronology of Medieval Towns
henriksen2012,145,Urban Archaeology and Chronology of Medieval Towns
hoff2000,145,Urban Archaeology and Chronology of Medieval Towns
hohenberg1985,145,Urban Archaeology and Chronology of Medieval Towns
hohenberg1995,145,Urban Archaeology and Chronology of Medieval Towns
hojlundnielsen1987,145,Urban Archaeology and Chronology of Medieval Towns
jacobsen2000,145,Urban Archaeology and Chronology of Medieval Towns
jacobsson2003,145,Urban Archaeology and Chronology of Medieval Towns
johannsen1995,145,Urban Archaeology and Chronology of Medieval Towns
jorgensennda,145,Urban Archaeology and Chronology of Medieval Towns
juel2010,145,Urban Archaeology and Chronology of Medieval Towns
kousgardsorensen1969,145,Urban Archaeology and Chronology of Medieval Towns
krongaardkristensen1998,145,Urban Archaeology and Chronology of Medieval Towns
krongaardkristensen2016,145,Urban Archaeology and Chronology of Medieval Towns
langkilde2007,145,Urban Archaeology and Chronology of Medieval Towns
lauritsen1974,145,Urban Archaeology and Chronology of Medieval Towns
lauritsennd,145,Urban Archaeology and Chronology of Medieval Towns
levinnielsen1968,145,Urban Archaeology and Chronology of Medieval Towns
linaa2016,145,Urban Archaeology and Chronology of Medieval Towns
lindblom2013,145,Urban Archaeology and Chronology of Medieval Towns
lundhansen1988,145,Urban Archaeology and Chronology of Medieval Towns
lundo2012,145,Urban Archaeology and Chronology of Medieval Towns
madsen1991,145,Urban Archaeology and Chronology of Medieval Towns
madsen1982,145,Urban Archaeology and Chronology of Medieval Towns
mathiesen1922,145,Urban Archaeology and Chronology of Medieval Towns
mathiesen1927,145,Urban Archaeology and Chronology of Medieval Towns
mejdahl1993,145,Urban Archaeology and Chronology of Medieval Towns
moller2008,145,Urban Archaeology and Chronology of Medieval Towns
nasman1996,145,Urban Archaeology and Chronology of Medieval Towns
nielsen1984,145,Urban Archaeology and Chronology of Medieval Towns
nilsen1990,145,Urban Archaeology and Chronology of Medieval Towns
nilsson2015,145,Urban Archaeology and Chronology of Medieval Towns
norgaardjorgensen2002,145,Urban Archaeology and Chronology of Medieval Towns
nyberg1982,145,Urban Archaeology and Chronology of Medieval Towns
odman2014,145,Urban Archaeology and Chronology of Medieval Towns
olesen2014,145,Urban Archaeology and Chronology of Medieval Towns
olsen1969,145,Urban Archaeology and Chronology of Medieval Towns
pagh2016,145,Urban Archaeology and Chronology of Medieval Towns
petersen1987,145,Urban Archaeology and Chronology of Medieval Towns
porsmose1996,145,Urban Archaeology and Chronology of Medieval Towns
poulsen2015,145,Urban Archaeology and Chronology of Medieval Towns
riis1999,145,Urban Archaeology and Chronology of Medieval Towns
rindel2001,145,Urban Archaeology and Chronology of Medieval Towns
rosch2013,145,Urban Archaeology and Chronology of Medieval Towns
runge2016,145,Urban Archaeology and Chronology of Medieval Towns
runge2017,145,Urban Archaeology and Chronology of Medieval Towns
sanke2001,145,Urban Archaeology and Chronology of Medieval Towns
schorring2000,145,Urban Archaeology and Chronology of Medieval Towns
skaarup1997,145,Urban Archaeology and Chronology of Medieval Towns
skaarup2005,145,Urban Archaeology and Chronology of Medieval Towns
smed1962,145,Urban Archaeology and Chronology of Medieval Towns
sonderby1988,145,Urban Archaeology and Chronology of Medieval Towns
stenak2005,145,Urban Archaeology and Chronology of Medieval Towns
tarup1934,145,Urban Archaeology and Chronology of Medieval Towns
thrane1996,145,Urban Archaeology and Chronology of Medieval Towns
trap1957,145,Urban Archaeology and Chronology of Medieval Towns
ulriksen2016,145,Urban Archaeology and Chronology of Medieval Towns
ulriksen2014,145,Urban Archaeology and Chronology of Medieval Towns
vraengmosejensen2017,145,Urban Archaeology and Chronology of Medieval Towns
weber1958,145,Urban Archaeology and Chronology of Medieval Towns
zeeberg2000,145,Urban Archaeology and Chronology of Medieval Towns
zinglersen2004,145,Urban Archaeology and Chronology of Medieval Towns
andren2000,277,"Runes, Inscriptions, and Religious Conversion in Scandinavia"
andren1999,277,"Runes, Inscriptions, and Religious Conversion in Scandinavia"
ljungberg1938,277,"Runes, Inscriptions, and Religious Conversion in Scandinavia"
wideen1955,277,"Runes, Inscriptions, and Religious Conversion in Scandinavia"
aberg1921,277,"Runes, Inscriptions, and Religious Conversion in Scandinavia"
adamavbremen1984,277,"Runes, Inscriptions, and Religious Conversion in Scandinavia"
ambrosiani1964,277,"Runes, Inscriptions, and Religious Conversion in Scandinavia"
andersson1989,277,"Runes, Inscriptions, and Religious Conversion in Scandinavia"
arend1978,277,"Runes, Inscriptions, and Religious Conversion in Scandinavia"
axelsson1993,277,"Runes, Inscriptions, and Religious Conversion in Scandinavia"
baer1998,277,"Runes, Inscriptions, and Religious Conversion in Scandinavia"
baines1989,277,"Runes, Inscriptions, and Religious Conversion in Scandinavia"
berg1987,277,"Runes, Inscriptions, and Religious Conversion in Scandinavia"
bergman1948,277,"Runes, Inscriptions, and Religious Conversion in Scandinavia"
berlo1983,277,"Runes, Inscriptions, and Religious Conversion in Scandinavia"
bjurstrom1996,277,"Runes, Inscriptions, and Religious Conversion in Scandinavia"
blair1989,277,"Runes, Inscriptions, and Religious Conversion in Scandinavia"
brondsted1920,277,"Runes, Inscriptions, and Religious Conversion in Scandinavia"
bugge1953,277,"Runes, Inscriptions, and Religious Conversion in Scandinavia"
carlqvist1977,277,"Runes, Inscriptions, and Religious Conversion in Scandinavia"
carlsson1985,277,"Runes, Inscriptions, and Religious Conversion in Scandinavia"
christiansson1959,277,"Runes, Inscriptions, and Religious Conversion in Scandinavia"
claesson1982,277,"Runes, Inscriptions, and Religious Conversion in Scandinavia"
clanchy1979,277,"Runes, Inscriptions, and Religious Conversion in Scandinavia"
crocker1982,277,"Runes, Inscriptions, and Religious Conversion in Scandinavia"
danbolt1989,277,"Runes, Inscriptions, and Religious Conversion in Scandinavia"
ekblad1997,277,"Runes, Inscriptions, and Religious Conversion in Scandinavia"
elgh1987,277,"Runes, Inscriptions, and Religious Conversion in Scandinavia"
vonfriesen1913,277,"Runes, Inscriptions, and Religious Conversion in Scandinavia"
fuglesang1978,277,"Runes, Inscriptions, and Religious Conversion in Scandinavia"
odense1981,277,"Runes, Inscriptions, and Religious Conversion in Scandinavia"
svardstrom1962,277,"Runes, Inscriptions, and Religious Conversion in Scandinavia"
goody1977,277,"Runes, Inscriptions, and Religious Conversion in Scandinavia"
graslund1985,277,"Runes, Inscriptions, and Religious Conversion in Scandinavia"
gronvik1981,277,"Runes, Inscriptions, and Religious Conversion in Scandinavia"
gronvik1985,277,"Runes, Inscriptions, and Religious Conversion in Scandinavia"
gustavson1988,277,"Runes, Inscriptions, and Religious Conversion in Scandinavia"
hagenfeldt1996,277,"Runes, Inscriptions, and Religious Conversion in Scandinavia"
hallencreutz1982,277,"Runes, Inscriptions, and Religious Conversion in Scandinavia"
hildebrandnd,277,"Runes, Inscriptions, and Religious Conversion in Scandinavia"
holmback1943,277,"Runes, Inscriptions, and Religious Conversion in Scandinavia"
holmqvist1951,277,"Runes, Inscriptions, and Religious Conversion in Scandinavia"
holtsmark1960,277,"Runes, Inscriptions, and Religious Conversion in Scandinavia"
hubler1996,277,"Runes, Inscriptions, and Religious Conversion in Scandinavia"
johansson1996,277,"Runes, Inscriptions, and Religious Conversion in Scandinavia"
kallstrom1992,277,"Runes, Inscriptions, and Religious Conversion in Scandinavia"
klindtjensen1975,277,"Runes, Inscriptions, and Religious Conversion in Scandinavia"
kyhlberg1983,277,"Runes, Inscriptions, and Religious Conversion in Scandinavia"
lager1995,277,"Runes, Inscriptions, and Religious Conversion in Scandinavia"
lagman1990,277,"Runes, Inscriptions, and Religious Conversion in Scandinavia"
fornvannen1997,277,"Runes, Inscriptions, and Religious Conversion in Scandinavia"
lie1952,277,"Runes, Inscriptions, and Religious Conversion in Scandinavia"
lindblad1992,277,"Runes, Inscriptions, and Religious Conversion in Scandinavia"
lindell1994,277,"Runes, Inscriptions, and Religious Conversion in Scandinavia"
lindkvist1988,277,"Runes, Inscriptions, and Religious Conversion in Scandinavia"
lindqvist1931,277,"Runes, Inscriptions, and Religious Conversion in Scandinavia"
lindstrom1992,277,"Runes, Inscriptions, and Religious Conversion in Scandinavia"
lonnroth1982,277,"Runes, Inscriptions, and Religious Conversion in Scandinavia"
marcus1992,277,"Runes, Inscriptions, and Religious Conversion in Scandinavia"
meijer1992,277,"Runes, Inscriptions, and Religious Conversion in Scandinavia"
moltke1974,277,"Runes, Inscriptions, and Religious Conversion in Scandinavia"
mostrom1998,277,"Runes, Inscriptions, and Religious Conversion in Scandinavia"
miillernd,277,"Runes, Inscriptions, and Religious Conversion in Scandinavia"
og1911,277,"Runes, Inscriptions, and Religious Conversion in Scandinavia"
ol1900,277,"Runes, Inscriptions, and Religious Conversion in Scandinavia"
olason1989,277,"Runes, Inscriptions, and Religious Conversion in Scandinavia"
orsnes1969,277,"Runes, Inscriptions, and Religious Conversion in Scandinavia"
owe1995,277,"Runes, Inscriptions, and Religious Conversion in Scandinavia"
palm1992,277,"Runes, Inscriptions, and Religious Conversion in Scandinavia"
peterson1994,277,"Runes, Inscriptions, and Religious Conversion in Scandinavia"
petre1993,277,"Runes, Inscriptions, and Religious Conversion in Scandinavia"
philippa1977,277,"Runes, Inscriptions, and Religious Conversion in Scandinavia"
ragnesten1978,277,"Runes, Inscriptions, and Religious Conversion in Scandinavia"
russell1994,277,"Runes, Inscriptions, and Religious Conversion in Scandinavia"
salberger1978,277,"Runes, Inscriptions, and Religious Conversion in Scandinavia"
sandahl1996,277,"Runes, Inscriptions, and Religious Conversion in Scandinavia"
schuck1935,277,"Runes, Inscriptions, and Religious Conversion in Scandinavia"
segelberg1983,277,"Runes, Inscriptions, and Religious Conversion in Scandinavia"
shetelig1909,277,"Runes, Inscriptions, and Religious Conversion in Scandinavia"
snorres1997,277,"Runes, Inscriptions, and Religious Conversion in Scandinavia"
soderberg1905,277,"Runes, Inscriptions, and Religious Conversion in Scandinavia"
soderqvist1993,277,"Runes, Inscriptions, and Religious Conversion in Scandinavia"
strid1987,277,"Runes, Inscriptions, and Religious Conversion in Scandinavia"
sundqvist1996,277,"Runes, Inscriptions, and Religious Conversion in Scandinavia"
svardstrom1936,277,"Runes, Inscriptions, and Religious Conversion in Scandinavia"
svenbro1975,277,"Runes, Inscriptions, and Religious Conversion in Scandinavia"
thrainsson1994,277,"Runes, Inscriptions, and Religious Conversion in Scandinavia"
varenius1998,277,"Runes, Inscriptions, and Religious Conversion in Scandinavia"
wijkander1983,277,"Runes, Inscriptions, and Religious Conversion in Scandinavia"
williams1990,277,"Runes, Inscriptions, and Religious Conversion in Scandinavia"
wilson1994,277,"Runes, Inscriptions, and Religious Conversion in Scandinavia"
zanker1988,277,"Runes, Inscriptions, and Religious Conversion in Scandinavia"
runinskrifter1984,277,"Runes, Inscriptions, and Religious Conversion in Scandinavia"
graslund1991,277,"Runes, Inscriptions, and Religious Conversion in Scandinavia"
nilsson1996,277,"Runes, Inscriptions, and Religious Conversion in Scandinavia"
fuglesang1986,277,"Runes, Inscriptions, and Religious Conversion in Scandinavia"
larsen1989,277,"Runes, Inscriptions, and Religious Conversion in Scandinavia"
goody1986,277,"Runes, Inscriptions, and Religious Conversion in Scandinavia"
baeksted1952,277,"Runes, Inscriptions, and Religious Conversion in Scandinavia"
snaedalbrink1984,277,"Runes, Inscriptions, and Religious Conversion in Scandinavia"
hanks1989,277,"Runes, Inscriptions, and Religious Conversion in Scandinavia"
frieman2019,166,Ancient DNA and Population Genetics in Archaeology
harke2014,166,Ancient DNA and Population Genetics in Archaeology
sorensen2017,166,Ancient DNA and Population Genetics in Archaeology
adamson2016,166,Ancient DNA and Population Genetics in Archaeology
ammerman1984,166,Ancient DNA and Population Genetics in Archaeology
arnold1990,166,Ancient DNA and Population Genetics in Archaeology
arnold2006,166,Ancient DNA and Population Genetics in Archaeology
arnold2015,166,Ancient DNA and Population Genetics in Archaeology
babic2017,166,Ancient DNA and Population Genetics in Archaeology
banffy2013,166,Ancient DNA and Population Genetics in Archaeology
bardill2018,166,Ancient DNA and Population Genetics in Archaeology
barras2018,166,Ancient DNA and Population Genetics in Archaeology
barras2019,166,Ancient DNA and Population Genetics in Archaeology
beau2017,166,Ancient DNA and Population Genetics in Archaeology
bollongino2013,166,Ancient DNA and Population Genetics in Archaeology
bonacchi2018,166,Ancient DNA and Population Genetics in Archaeology
bosl2017,166,Ancient DNA and Population Genetics in Archaeology
brace2018,166,Ancient DNA and Population Genetics in Archaeology
bramanti2009,166,Ancient DNA and Population Genetics in Archaeology
brandt2017,166,Ancient DNA and Population Genetics in Archaeology
brophy2018,166,Ancient DNA and Population Genetics in Archaeology
burmeister2000,166,Ancient DNA and Population Genetics in Archaeology
burmeister2016,166,Ancient DNA and Population Genetics in Archaeology
burmeister2017,166,Ancient DNA and Population Genetics in Archaeology
burnett2017,166,Ancient DNA and Population Genetics in Archaeology
cavallisforza1996,166,Ancient DNA and Population Genetics in Archaeology
champion1996,166,Ancient DNA and Population Genetics in Archaeology
chernykh1995,166,Ancient DNA and Population Genetics in Archaeology
collis2003,166,Ancient DNA and Population Genetics in Archaeology
contreras2014,166,Ancient DNA and Population Genetics in Archaeology
dennell1996,166,Ancient DNA and Population Genetics in Archaeology
garcia2007,166,Ancient DNA and Population Genetics in Archaeology
dietler1994,166,Ancient DNA and Population Genetics in Archaeology
dietler1998,166,Ancient DNA and Population Genetics in Archaeology
eisenmann2018,166,Ancient DNA and Population Genetics in Archaeology
frieman2018,166,Ancient DNA and Population Genetics in Archaeology
fullwiley2014,166,Ancient DNA and Population Genetics in Archaeology
schiller2014,166,Ancient DNA and Population Genetics in Archaeology
gronenborn2014,166,Ancient DNA and Population Genetics in Archaeology
guidi1996,166,Ancient DNA and Population Genetics in Archaeology
haak2010,166,Ancient DNA and Population Genetics in Archaeology
halcrow2018,166,Ancient DNA and Population Genetics in Archaeology
hall2017,166,Ancient DNA and Population Genetics in Archaeology
harke2012,166,Ancient DNA and Population Genetics in Archaeology
harlan2018,166,Ancient DNA and Population Genetics in Archaeology
hawks2019,166,Ancient DNA and Population Genetics in Archaeology
hofmann2016,166,Ancient DNA and Population Genetics in Archaeology
ion2017,166,Ancient DNA and Population Genetics in Archaeology
james1999,166,Ancient DNA and Population Genetics in Archaeology
kajda2018,166,Ancient DNA and Population Genetics in Archaeology
kind1998,166,Ancient DNA and Population Genetics in Archaeology
knorrcetina1981,166,Ancient DNA and Population Genetics in Archaeology
kohl1995,166,Ancient DNA and Population Genetics in Archaeology
kohlilaven2012,166,Ancient DNA and Population Genetics in Archaeology
krause2017,166,Ancient DNA and Population Genetics in Archaeology
latour1979,166,Ancient DNA and Population Genetics in Archaeology
lazaridis2017,166,Ancient DNA and Population Genetics in Archaeology
lehnert2015,166,Ancient DNA and Population Genetics in Archaeology
liberatore2017,166,Ancient DNA and Population Genetics in Archaeology
ling2018,166,Ancient DNA and Population Genetics in Archaeology
lipson2018,166,Ancient DNA and Population Genetics in Archaeology
malmstrom2014,166,Ancient DNA and Population Genetics in Archaeology
mathieson2018,166,Ancient DNA and Population Genetics in Archaeology
mittnik2018,166,Ancient DNA and Population Genetics in Archaeology
nash2012,166,Ancient DNA and Population Genetics in Archaeology
niklasson2014,166,Ancient DNA and Population Genetics in Archaeology
niklasson2018,166,Ancient DNA and Population Genetics in Archaeology
olalde2018,166,Ancient DNA and Population Genetics in Archaeology
pereltsvaig2015,166,Ancient DNA and Population Genetics in Archaeology
pickrell2014,166,Ancient DNA and Population Genetics in Archaeology
posth2018,166,Ancient DNA and Population Genetics in Archaeology
premo2016,166,Ancient DNA and Population Genetics in Archaeology
prendergast2018,166,Ancient DNA and Population Genetics in Archaeology
qiaomei2016,166,Ancient DNA and Population Genetics in Archaeology
raff2019,166,Ancient DNA and Population Genetics in Archaeology
reich2018,166,Ancient DNA and Population Genetics in Archaeology
richards1996,166,Ancient DNA and Population Genetics in Archaeology
roberts2011,166,Ancient DNA and Population Genetics in Archaeology
sayer2017,166,Ancient DNA and Population Genetics in Archaeology
scodari2017,166,Ancient DNA and Population Genetics in Archaeology
shennan2013,166,Ancient DNA and Population Genetics in Archaeology
smiley2016,166,Ancient DNA and Population Genetics in Archaeology
soares2010,166,Ancient DNA and Population Genetics in Archaeology
stojanowski2019,166,Ancient DNA and Population Genetics in Archaeology
szecsenyinagy2014,166,Ancient DNA and Population Genetics in Archaeology
szecsenyinagy2017,166,Ancient DNA and Population Genetics in Archaeology
tallbear2013,166,Ancient DNA and Population Genetics in Archaeology
tillmann1993,166,Ancient DNA and Population Genetics in Archaeology
trigger1984,166,Ancient DNA and Population Genetics in Archaeology
vandendries2018,166,Ancient DNA and Population Genetics in Archaeology
veeramah2018,166,Ancient DNA and Population Genetics in Archaeology
virdee2018,166,Ancient DNA and Population Genetics in Archaeology
wailoo2012,166,Ancient DNA and Population Genetics in Archaeology
whitaker2019,166,Ancient DNA and Population Genetics in Archaeology
whittle1996,166,Ancient DNA and Population Genetics in Archaeology
zvelebil2001,166,Ancient DNA and Population Genetics in Archaeology
knudson2012,217,Stable Isotope Analysis in Archaeology
schoeninger1984,217,Stable Isotope Analysis in Archaeology
geraghty1996,217,Stable Isotope Analysis in Archaeology
hurley1997,217,Stable Isotope Analysis in Archaeology
chenery2010,217,Stable Isotope Analysis in Archaeology
oconnor1989,217,Stable Isotope Analysis in Archaeology
price1992,217,Stable Isotope Analysis in Archaeology
halpin2008,217,Stable Isotope Analysis in Archaeology
richards2006,217,Stable Isotope Analysis in Archaeology
aberg1998,217,Stable Isotope Analysis in Archaeology
ambrose1991,217,Stable Isotope Analysis in Archaeology
ambrose1987,217,Stable Isotope Analysis in Archaeology
barrett1995,217,Stable Isotope Analysis in Archaeology
bell2009,217,Stable Isotope Analysis in Archaeology
bendrey2009,217,Stable Isotope Analysis in Archaeology
bentley2005,217,Stable Isotope Analysis in Archaeology
bowen2002,217,Stable Isotope Analysis in Archaeology
geologicalsurvey2010,217,Stable Isotope Analysis in Archaeology
budd2003,217,Stable Isotope Analysis in Archaeology
burke1982,217,Stable Isotope Analysis in Archaeology
burton1996,217,Stable Isotope Analysis in Archaeology
burton1990,217,Stable Isotope Analysis in Archaeology
burton2000,217,Stable Isotope Analysis in Archaeology
burton1995,217,Stable Isotope Analysis in Archaeology
burton2003,217,Stable Isotope Analysis in Archaeology
calvin1962,217,Stable Isotope Analysis in Archaeology
cameron2007,217,Stable Isotope Analysis in Archaeology
carr1962,217,Stable Isotope Analysis in Archaeology
clayton1963,217,Stable Isotope Analysis in Archaeology
coltrain2009,217,Stable Isotope Analysis in Archaeology
coplen1994,217,Stable Isotope Analysis in Archaeology
coplen1983,217,Stable Isotope Analysis in Archaeology
craig1961,217,Stable Isotope Analysis in Archaeology
daly2010,217,Stable Isotope Analysis in Archaeology
darbyshire1985,217,Stable Isotope Analysis in Archaeology
deniro1978,217,Stable Isotope Analysis in Archaeology
deniro1981,217,Stable Isotope Analysis in Archaeology
dickin1997,217,Stable Isotope Analysis in Archaeology
drury1973,217,Stable Isotope Analysis in Archaeology
dupras2007,217,Stable Isotope Analysis in Archaeology
dupras2001,217,Stable Isotope Analysis in Archaeology
eckhardt2009,217,Stable Isotope Analysis in Archaeology
elias1980,217,Stable Isotope Analysis in Archaeology
ezzo1994,217,Stable Isotope Analysis in Archaeology
ezzo1995,217,Stable Isotope Analysis in Archaeology
fuller2006,217,Stable Isotope Analysis in Archaeology
gallet1998,217,Stable Isotope Analysis in Archaeology
gonfiantini2001,217,Stable Isotope Analysis in Archaeology
halpin1993,217,Stable Isotope Analysis in Archaeology
hatch1966,217,Stable Isotope Analysis in Archaeology
hatch1967,217,Stable Isotope Analysis in Archaeology
herring1998,217,Stable Isotope Analysis in Archaeology
hobson2004,217,Stable Isotope Analysis in Archaeology
holm2000,217,Stable Isotope Analysis in Archaeology
iacumin1996,217,Stable Isotope Analysis in Archaeology
jim2004,217,Stable Isotope Analysis in Archaeology
kellner2007,217,Stable Isotope Analysis in Archaeology
knudson2009,217,Stable Isotope Analysis in Archaeology
koch1997,217,Stable Isotope Analysis in Archaeology
kortshack1965,217,Stable Isotope Analysis in Archaeology
lang1988,217,Stable Isotope Analysis in Archaeology
leach2010,217,Stable Isotope Analysis in Archaeology
leethorp1991,217,Stable Isotope Analysis in Archaeology
linderholm2011,217,Stable Isotope Analysis in Archaeology
muller2003,217,Stable Isotope Analysis in Archaeology
mcarthur2001,217,Stable Isotope Analysis in Archaeology
mccabe2007,217,Stable Isotope Analysis in Archaeology
mccormick1982,217,Stable Isotope Analysis in Archaeology
obrien1998,217,Stable Isotope Analysis in Archaeology
oconnor1988,217,Stable Isotope Analysis in Archaeology
odonnabhain2010,217,Stable Isotope Analysis in Archaeology
odonnabhain2011,217,Stable Isotope Analysis in Archaeology
odonnabhain2001,217,Stable Isotope Analysis in Archaeology
oconnor1982,217,Stable Isotope Analysis in Archaeology
price1986,217,Stable Isotope Analysis in Archaeology
ranson1960,217,Stable Isotope Analysis in Archaeology
read1934,217,Stable Isotope Analysis in Archaeology
schoeninger1978,217,Stable Isotope Analysis in Archaeology
schoeninger1979,217,Stable Isotope Analysis in Archaeology
schurr1998,217,Stable Isotope Analysis in Archaeology
schutkowski1999,217,Stable Isotope Analysis in Archaeology
sexton1998,217,Stable Isotope Analysis in Archaeology
shaw2009,217,Stable Isotope Analysis in Archaeology
shaw2010,217,Stable Isotope Analysis in Archaeology
sikora2010,217,Stable Isotope Analysis in Archaeology
sikora2011,217,Stable Isotope Analysis in Archaeology
sillen1989,217,Stable Isotope Analysis in Archaeology
sillen1991,217,Stable Isotope Analysis in Archaeology
sykes2006,217,Stable Isotope Analysis in Archaeology
tieszen1992,217,Stable Isotope Analysis in Archaeology
wallace1994,217,Stable Isotope Analysis in Archaeology
whipkey2000,217,Stable Isotope Analysis in Archaeology
wilson1977,217,Stable Isotope Analysis in Archaeology
wolfe2001,217,Stable Isotope Analysis in Archaeology
wright2005,217,Stable Isotope Analysis in Archaeology
wright1998,217,Stable Isotope Analysis in Archaeology
iaea2006,217,Stable Isotope Analysis in Archaeology
milek2012,167,Material Culture and Site Formation Processes
milek2006,167,Material Culture and Site Formation Processes
davidson1992,167,Material Culture and Site Formation Processes
barndon2006,167,Material Culture and Site Formation Processes
magnus1983,167,Material Culture and Site Formation Processes
fridriksson2000,167,Material Culture and Site Formation Processes
fallgren1994,167,Material Culture and Site Formation Processes
einarsson1994,167,Material Culture and Site Formation Processes
bekpedersen2007,167,Material Culture and Site Formation Processes
bekpedersen2009,167,Material Culture and Site Formation Processes
crawford1999,167,Material Culture and Site Formation Processes
rieck1982,167,Material Culture and Site Formation Processes
einarsson2008,167,Material Culture and Site Formation Processes
magnusson1972,167,Material Culture and Site Formation Processes
aldritt2003,167,Material Culture and Site Formation Processes
palsson1978,167,Material Culture and Site Formation Processes
rigsthula1960,167,Material Culture and Site Formation Processes
bekpedersen1943,167,Material Culture and Site Formation Processes
agnarsdottir1983,167,Material Culture and Site Formation Processes
bartram1991,167,Material Culture and Site Formation Processes
berson2002,167,Material Culture and Site Formation Processes
birch2009,167,Material Culture and Site Formation Processes
byock2004,167,Material Culture and Site Formation Processes
christensen1990,167,Material Culture and Site Formation Processes
deal1985,167,Material Culture and Site Formation Processes
deboer1979,167,Material Culture and Site Formation Processes
donat1980,167,Material Culture and Site Formation Processes
edvardsson2003,167,Material Culture and Site Formation Processes
einarsson1992,167,Material Culture and Site Formation Processes
eldjarn1949,167,Material Culture and Site Formation Processes
eldjarn1961,167,Material Culture and Site Formation Processes
eldjarn1974,167,Material Culture and Site Formation Processes
erlingssonnd,167,Material Culture and Site Formation Processes
foote1977,167,Material Culture and Site Formation Processes
fridriksson1997,167,Material Culture and Site Formation Processes
gifford1980,167,Material Culture and Site Formation Processes
gudrun2008,167,Material Culture and Site Formation Processes
gronlie2006,167,Material Culture and Site Formation Processes
gudmundssonnd,167,Material Culture and Site Formation Processes
hayden1983,167,Material Culture and Site Formation Processes
hermannsaudardottir1989,167,Material Culture and Site Formation Processes
hinz1989,167,Material Culture and Site Formation Processes
hoffmann1964,167,Material Culture and Site Formation Processes
iceland1985,167,Material Culture and Site Formation Processes
ingimundarson1992,167,Material Culture and Site Formation Processes
jones1944,167,Material Culture and Site Formation Processes
kobylinski1997,167,Material Culture and Site Formation Processes
kuna2005,167,Material Culture and Site Formation Processes
magnusson1983,167,Material Culture and Site Formation Processes
meier1984,167,Material Culture and Site Formation Processes
milek2010,167,Material Culture and Site Formation Processes
milek2011a,167,Material Culture and Site Formation Processes
milek1997,167,Material Culture and Site Formation Processes
murray1980,167,Material Culture and Site Formation Processes
nelson1999,167,Material Culture and Site Formation Processes
oconnell1987,167,Material Culture and Site Formation Processes
okelly1954,167,Material Culture and Site Formation Processes
olafsdottir1974,167,Material Culture and Site Formation Processes
olafsson1992,167,Material Culture and Site Formation Processes
olafsson1998,167,Material Culture and Site Formation Processes
olafsson2001,167,Material Culture and Site Formation Processes
stein1989,167,Material Culture and Site Formation Processes
takacs1968,167,Material Culture and Site Formation Processes
taylor1956,167,Material Culture and Site Formation Processes
tesch1993,167,Material Culture and Site Formation Processes
thorlaksson2000,167,Material Culture and Site Formation Processes
urbanczyk1997,167,Material Culture and Site Formation Processes
urbanczyk2002,167,Material Culture and Site Formation Processes
urbanczyk2001,167,Material Culture and Site Formation Processes
urbanczyk2003,167,Material Culture and Site Formation Processes
urbanczyk2006,167,Material Culture and Site Formation Processes
rafnsson1977,167,Material Culture and Site Formation Processes
reimer2009,167,Material Culture and Site Formation Processes
roberts1943,167,Material Culture and Site Formation Processes
simms1988,167,Material Culture and Site Formation Processes
snaesdottir1992,167,Material Culture and Site Formation Processes
gojda1991,167,Material Culture and Site Formation Processes
jezek2002,167,Material Culture and Site Formation Processes
ruttkay2002,167,Material Culture and Site Formation Processes
takacs2002,167,Material Culture and Site Formation Processes
magnusson1973,167,Material Culture and Site Formation Processes
edvardsson2007,167,Material Culture and Site Formation Processes
oye1988,167,Material Culture and Site Formation Processes
stenberger1979a,167,Material Culture and Site Formation Processes
giffordgonzalez1985,167,Material Culture and Site Formation Processes
gudmundsson2009a,167,Material Culture and Site Formation Processes
edvardsson2005b,167,Material Culture and Site Formation Processes
edvardssonmcgovern2007,167,Material Culture and Site Formation Processes
macgregoretal1999,167,Material Culture and Site Formation Processes
magery1958,167,Material Culture and Site Formation Processes
magnusson1886,167,Material Culture and Site Formation Processes
simms1998,167,Material Culture and Site Formation Processes
roberts2005,167,Material Culture and Site Formation Processes
amundsen2017,11,Sámi-Norse Borderland Archaeology
bhabha1994,11,Sámi-Norse Borderland Archaeology
gjerde2009,11,Sámi-Norse Borderland Archaeology
amundsen2011,11,Sámi-Norse Borderland Archaeology
amundsen2015,11,Sámi-Norse Borderland Archaeology
apel2001,11,Sámi-Norse Borderland Archaeology
apel2005,11,Sámi-Norse Borderland Archaeology
aronsson1991,11,Sámi-Norse Borderland Archaeology
askeladden2015,11,Sámi-Norse Borderland Archaeology
bakka1976,11,Sámi-Norse Borderland Archaeology
barth1976,11,Sámi-Norse Borderland Archaeology
baudou1987,11,Sámi-Norse Borderland Archaeology
bergman2016,11,Sámi-Norse Borderland Archaeology
bergsland1992,11,Sámi-Norse Borderland Archaeology
bergstol2009,11,Sámi-Norse Borderland Archaeology
bjorn1934,11,Sámi-Norse Borderland Archaeology
boaz1997,11,Sámi-Norse Borderland Archaeology
bolstad1980,11,Sámi-Norse Borderland Archaeology
braseth2014,11,Sámi-Norse Borderland Archaeology
brendalsmo2003,11,Sámi-Norse Borderland Archaeology
brogger1942,11,Sámi-Norse Borderland Archaeology
bull2002,11,Sámi-Norse Borderland Archaeology
byggstoyl2012,11,Sámi-Norse Borderland Archaeology
damm2010,11,Sámi-Norse Borderland Archaeology
fjellheim1999,11,Sámi-Norse Borderland Archaeology
fjellheim2012,11,Sámi-Norse Borderland Archaeology
forsberg2005,11,Sámi-Norse Borderland Archaeology
fossum2006,11,Sámi-Norse Borderland Archaeology
fredriksen1983,11,Sámi-Norse Borderland Archaeology
fuglestvedt2006,11,Sámi-Norse Borderland Archaeology
gjerde2016,11,Sámi-Norse Borderland Archaeology
gjessing1945,11,Sámi-Norse Borderland Archaeology
grandell1986,11,Sámi-Norse Borderland Archaeology
grimbe2013,11,Sámi-Norse Borderland Archaeology
gustafson1988,11,Sámi-Norse Borderland Archaeology
gustavsen2014,11,Sámi-Norse Borderland Archaeology
hagen1946,11,Sámi-Norse Borderland Archaeology
hagstrom2010,11,Sámi-Norse Borderland Archaeology
hallgren2008,11,Sámi-Norse Borderland Archaeology
hansen2014,11,Sámi-Norse Borderland Archaeology
hedman2003,11,Sámi-Norse Borderland Archaeology
helstad2001,11,Sámi-Norse Borderland Archaeology
hildre2012,11,Sámi-Norse Borderland Archaeology
hole2013,11,Sámi-Norse Borderland Archaeology
holm1991,11,Sámi-Norse Borderland Archaeology
holm2016,11,Sámi-Norse Borderland Archaeology
holseng2004,11,Sámi-Norse Borderland Archaeology
indreko1956,11,Sámi-Norse Borderland Archaeology
jenkins2008,11,Sámi-Norse Borderland Archaeology
johansen1981,11,Sámi-Norse Borderland Archaeology
kleppe1977,11,Sámi-Norse Borderland Archaeology
lannerbro1976,11,Sámi-Norse Borderland Archaeology
marstrander1977,11,Sámi-Norse Borderland Archaeology
mathiesen2005,11,Sámi-Norse Borderland Archaeology
melheim2015,11,Sámi-Norse Borderland Archaeology
mikkelsen1975,11,Sámi-Norse Borderland Archaeology
mulk1994,11,Sámi-Norse Borderland Archaeology
myhre1962,11,Sámi-Norse Borderland Archaeology
norell1987,11,Sámi-Norse Borderland Archaeology
nou2007,11,Sámi-Norse Borderland Archaeology
nyland2016,11,Sámi-Norse Borderland Archaeology
odner2000,11,Sámi-Norse Borderland Archaeology
ojala2009,11,Sámi-Norse Borderland Archaeology
olsen1985,11,Sámi-Norse Borderland Archaeology
olsen1991,11,Sámi-Norse Borderland Archaeology
pareli1991,11,Sámi-Norse Borderland Archaeology
prescott2009,11,Sámi-Norse Borderland Archaeology
schanche1985,11,Sámi-Norse Borderland Archaeology
scheen1979,11,Sámi-Norse Borderland Archaeology
serning1966,11,Sámi-Norse Borderland Archaeology
sjurseike1994,11,Sámi-Norse Borderland Archaeology
skandfer1996,11,Sámi-Norse Borderland Archaeology
skjolsvold1981,11,Sámi-Norse Borderland Archaeology
skjolsvold1984,11,Sámi-Norse Borderland Archaeology
smith2006,11,Sámi-Norse Borderland Archaeology
soborg1988,11,Sámi-Norse Borderland Archaeology
solberg1986,11,Sámi-Norse Borderland Archaeology
sommerseth2011,11,Sámi-Norse Borderland Archaeology
spangberg2014,11,Sámi-Norse Borderland Archaeology
spangen2010,11,Sámi-Norse Borderland Archaeology
stene2010,11,Sámi-Norse Borderland Archaeology
stenvik1988,11,Sámi-Norse Borderland Archaeology
svensson2006,11,Sámi-Norse Borderland Archaeology
swensen2017,11,Sámi-Norse Borderland Archaeology
trigger2006,11,Sámi-Norse Borderland Archaeology
vorren1965,11,Sámi-Norse Borderland Archaeology
wegraeus1971,11,Sámi-Norse Borderland Archaeology
zachrisson2015,11,Sámi-Norse Borderland Archaeology
zachrisson2012,11,Sámi-Norse Borderland Archaeology
skre2019,39,Royal Power and Central Places in Scandinavia
clarke2017,39,Royal Power and Central Places in Scandinavia
draganits2015,39,Royal Power and Central Places in Scandinavia
andren2014,39,Royal Power and Central Places in Scandinavia
ellmers1985,39,Royal Power and Central Places in Scandinavia
etchingham2014,39,Royal Power and Central Places in Scandinavia
sitzmann2008,39,Royal Power and Central Places in Scandinavia
skre2018,39,Royal Power and Central Places in Scandinavia
fidjestol1994,39,Royal Power and Central Places in Scandinavia
friisjensen1984,39,Royal Power and Central Places in Scandinavia
krag1991,39,Royal Power and Central Places in Scandinavia
marold2012,39,Royal Power and Central Places in Scandinavia
mundal2018,39,Royal Power and Central Places in Scandinavia
myrvoll2014,39,Royal Power and Central Places in Scandinavia
steinsland1991,39,Royal Power and Central Places in Scandinavia
sundqvist2000,39,Royal Power and Central Places in Scandinavia
andersen2017,39,Royal Power and Central Places in Scandinavia
adamsen2009,39,Royal Power and Central Places in Scandinavia
skre2010,39,Royal Power and Central Places in Scandinavia
wenskus1961,39,Royal Power and Central Places in Scandinavia
nasman1998,39,Royal Power and Central Places in Scandinavia
ljungkvist2015c,39,Royal Power and Central Places in Scandinavia
gansum2018,39,Royal Power and Central Places in Scandinavia
sundqvist2016,39,Royal Power and Central Places in Scandinavia
biggs2014,39,Royal Power and Central Places in Scandinavia
birgisson2007,39,Royal Power and Central Places in Scandinavia
bjordal2017,39,Royal Power and Central Places in Scandinavia
bradley1991,39,Royal Power and Central Places in Scandinavia
collis1995,39,Royal Power and Central Places in Scandinavia
dumville1977,39,Royal Power and Central Places in Scandinavia
feldman1975,39,Royal Power and Central Places in Scandinavia
fulk2014,39,Royal Power and Central Places in Scandinavia
grant1986,39,Royal Power and Central Places in Scandinavia
green1965,39,Royal Power and Central Places in Scandinavia
gutsmiedlschumann2018,39,Royal Power and Central Places in Scandinavia
gothberg2018,39,Royal Power and Central Places in Scandinavia
hall2006,39,Royal Power and Central Places in Scandinavia
heaney2001,39,Royal Power and Central Places in Scandinavia
heinertz1925,39,Royal Power and Central Places in Scandinavia
hodder1976,39,Royal Power and Central Places in Scandinavia
hardh2002,39,Royal Power and Central Places in Scandinavia
ilkjaer2001,39,Royal Power and Central Places in Scandinavia
imer2010,39,Royal Power and Central Places in Scandinavia
indrebo1932,39,Royal Power and Central Places in Scandinavia
jorpeland2018,39,Royal Power and Central Places in Scandinavia
klaeber1950,39,Royal Power and Central Places in Scandinavia
klaeber2014,39,Royal Power and Central Places in Scandinavia
lindkvist2003a,39,Royal Power and Central Places in Scandinavia
ljungkvist2017,39,Royal Power and Central Places in Scandinavia
malmros1999,39,Royal Power and Central Places in Scandinavia
malone1962,39,Royal Power and Central Places in Scandinavia
neidorf2013,39,Royal Power and Central Places in Scandinavia
neidorf2014,39,Royal Power and Central Places in Scandinavia
neidorf2017,39,Royal Power and Central Places in Scandinavia
nerman1942,39,Royal Power and Central Places in Scandinavia
niles2007,39,Royal Power and Central Places in Scandinavia
nasman1999,39,Royal Power and Central Places in Scandinavia
osborn2007,39,Royal Power and Central Places in Scandinavia
ostmo2018,39,Royal Power and Central Places in Scandinavia
pilo1993,39,Royal Power and Central Places in Scandinavia
pohl2009,39,Royal Power and Central Places in Scandinavia
rau1955,39,Royal Power and Central Places in Scandinavia
reichert1987,39,Royal Power and Central Places in Scandinavia
reichert1990,39,Royal Power and Central Places in Scandinavia
rix2015,39,Royal Power and Central Places in Scandinavia
sawyer1991,39,Royal Power and Central Places in Scandinavia
schlesinger1965,39,Royal Power and Central Places in Scandinavia
schnetz1990,39,Royal Power and Central Places in Scandinavia
scull2016,39,Royal Power and Central Places in Scandinavia
seiler2018,39,Royal Power and Central Places in Scandinavia
steuer2006,39,Royal Power and Central Places in Scandinavia
sundqvist2018,39,Royal Power and Central Places in Scandinavia
svennung1974,39,Royal Power and Central Places in Scandinavia
sorensen1982,39,Royal Power and Central Places in Scandinavia
talbot1954,39,Royal Power and Central Places in Scandinavia
taranger1934,39,Royal Power and Central Places in Scandinavia
teigen2007,39,Royal Power and Central Places in Scandinavia
wikborg2018,39,Royal Power and Central Places in Scandinavia
wolfram1971,39,Royal Power and Central Places in Scandinavia
wolfram2008,39,Royal Power and Central Places in Scandinavia
wolfram2009,39,Royal Power and Central Places in Scandinavia
wolfram2011,39,Royal Power and Central Places in Scandinavia
wood1994,39,Royal Power and Central Places in Scandinavia
wood1977,39,Royal Power and Central Places in Scandinavia
bergsveinn2007,39,Royal Power and Central Places in Scandinavia
granzweig2018,39,Royal Power and Central Places in Scandinavia
brewer2018,267,Climate Adaptation and Historical Ecology
adamson2018,267,Climate Adaptation and Historical Ecology
adger2006,267,Climate Adaptation and Historical Ecology
armstrong2017,267,Climate Adaptation and Historical Ecology
balee1998,267,Climate Adaptation and Historical Ecology
barthel2013,267,Climate Adaptation and Historical Ecology
bauer2018,267,Climate Adaptation and Historical Ecology
boggs2016,267,Climate Adaptation and Historical Ecology
boogert2006,267,Climate Adaptation and Historical Ecology
boyd2009,267,Climate Adaptation and Historical Ecology
braje2016,267,Climate Adaptation and Historical Ecology
brooks2018,267,Climate Adaptation and Historical Ecology
carroll2018,267,Climate Adaptation and Historical Ecology
carroll2017,267,Climate Adaptation and Historical Ecology
carter2014,267,Climate Adaptation and Historical Ecology
crumley2015,267,Climate Adaptation and Historical Ecology
diamond2010,267,Climate Adaptation and Historical Ecology
djindjian2011,267,Climate Adaptation and Historical Ecology
dobzhansky1973,267,Climate Adaptation and Historical Ecology
ellis2015,267,Climate Adaptation and Historical Ecology
ellis2018,267,Climate Adaptation and Historical Ecology
ellis2016,267,Climate Adaptation and Historical Ecology
finney2016,267,Climate Adaptation and Historical Ecology
fitzhugh2018,267,Climate Adaptation and Historical Ecology
foster2016,267,Climate Adaptation and Historical Ecology
fox2017,267,Climate Adaptation and Historical Ecology
fuentes2016,267,Climate Adaptation and Historical Ecology
gould1991,267,Climate Adaptation and Historical Ecology
gould1982,267,Climate Adaptation and Historical Ecology
gould1979,267,Climate Adaptation and Historical Ecology
guttmannbond2010,267,Climate Adaptation and Historical Ecology
hambrecht2017,267,Climate Adaptation and Historical Ecology
helsing2018,267,Climate Adaptation and Historical Ecology
hufschmidt2011,267,Climate Adaptation and Historical Ecology
jackson2017,267,Climate Adaptation and Historical Ecology
kareiva2016,267,Climate Adaptation and Historical Ecology
kaufman2018,267,Climate Adaptation and Historical Ecology
krasinski2018,267,Climate Adaptation and Historical Ecology
kuussaari2009,267,Climate Adaptation and Historical Ecology
laland2008,267,Climate Adaptation and Historical Ecology
laland2002,267,Climate Adaptation and Historical Ecology
laland2000,267,Climate Adaptation and Historical Ecology
laland2001,267,Climate Adaptation and Historical Ecology
laland2010,267,Climate Adaptation and Historical Ecology
laland2015,267,Climate Adaptation and Historical Ecology
larson2013,267,Climate Adaptation and Historical Ecology
lewontin1978,267,Climate Adaptation and Historical Ecology
lorenz2013,267,Climate Adaptation and Historical Ecology
malhi2017,267,Climate Adaptation and Historical Ecology
mesoudi2008,267,Climate Adaptation and Historical Ecology
mesoudi2006,267,Climate Adaptation and Historical Ecology
mesoudi2009,267,Climate Adaptation and Historical Ecology
nielsen2013,267,Climate Adaptation and Historical Ecology
obrien2012,267,Climate Adaptation and Historical Ecology
obrien1990,267,Climate Adaptation and Historical Ecology
obrien1992,267,Climate Adaptation and Historical Ecology
odlingsmee2006,267,Climate Adaptation and Historical Ecology
odlingsmee2007,267,Climate Adaptation and Historical Ecology
odlingsmee2013,267,Climate Adaptation and Historical Ecology
odlingsmee2003,267,Climate Adaptation and Historical Ecology
olson2015,267,Climate Adaptation and Historical Ecology
oreskes2014,267,Climate Adaptation and Historical Ecology
pancost2017,267,Climate Adaptation and Historical Ecology
rees2017,267,Climate Adaptation and Historical Ecology
riede2017,267,Climate Adaptation and Historical Ecology
riede2018,267,Climate Adaptation and Historical Ecology
ripple2017,267,Climate Adaptation and Historical Ecology
rockman2009,267,Climate Adaptation and Historical Ecology
rohland2017,267,Climate Adaptation and Historical Ecology
ruddiman2018,267,Climate Adaptation and Historical Ecology
scott1999,267,Climate Adaptation and Historical Ecology
smit2006,267,Climate Adaptation and Historical Ecology
sterelny2007,267,Climate Adaptation and Historical Ecology
sugiyama2008,267,Climate Adaptation and Historical Ecology
sugiyama2009,267,Climate Adaptation and Historical Ecology
svenning2013,267,Climate Adaptation and Historical Ecology
svenning2016,267,Climate Adaptation and Historical Ecology
swetnam1999,267,Climate Adaptation and Historical Ecology
szabo2010,267,Climate Adaptation and Historical Ecology
vogel2007,267,Climate Adaptation and Historical Ecology
waring2015,267,Climate Adaptation and Historical Ecology
waring2017,267,Climate Adaptation and Historical Ecology
white1974,267,Climate Adaptation and Historical Ecology
whitehead1998,267,Climate Adaptation and Historical Ecology
wimsatt2007,267,Climate Adaptation and Historical Ecology
wrangham2010,267,Climate Adaptation and Historical Ecology
croix2015,8,"Viking Trade, Towns, and Cultural Exchange"
feveile2009,8,"Viking Trade, Towns, and Cultural Exchange"
e2014,8,"Viking Trade, Towns, and Cultural Exchange"
bjerg2013,8,"Viking Trade, Towns, and Cultural Exchange"
frog2014,8,"Viking Trade, Towns, and Cultural Exchange"
kleingartner2013,8,"Viking Trade, Towns, and Cultural Exchange"
biddle1976,8,"Viking Trade, Towns, and Cultural Exchange"
garipzanov2008,8,"Viking Trade, Towns, and Cultural Exchange"
andersen2003,8,"Viking Trade, Towns, and Cultural Exchange"
samling1985,8,"Viking Trade, Towns, and Cultural Exchange"
becker1979,8,"Viking Trade, Towns, and Cultural Exchange"
bencard1973,8,"Viking Trade, Towns, and Cultural Exchange"
bencard1974,8,"Viking Trade, Towns, and Cultural Exchange"
bencard1979,8,"Viking Trade, Towns, and Cultural Exchange"
benderjorgensen1991,8,"Viking Trade, Towns, and Cultural Exchange"
benderjorgensen2004,8,"Viking Trade, Towns, and Cultural Exchange"
blackmore2001,8,"Viking Trade, Towns, and Cultural Exchange"
bult1988,8,"Viking Trade, Towns, and Cultural Exchange"
callmer1981,8,"Viking Trade, Towns, and Cultural Exchange"
capelle1980,8,"Viking Trade, Towns, and Cultural Exchange"
croix2014b,8,"Viking Trade, Towns, and Cultural Exchange"
demannd,8,"Viking Trade, Towns, and Cultural Exchange"
ennen1972,8,"Viking Trade, Towns, and Cultural Exchange"
feveile2010,8,"Viking Trade, Towns, and Cultural Exchange"
feveile1998,8,"Viking Trade, Towns, and Cultural Exchange"
frandsen1986,8,"Viking Trade, Towns, and Cultural Exchange"
frandsen1988,8,"Viking Trade, Towns, and Cultural Exchange"
frandsen2006a,8,"Viking Trade, Towns, and Cultural Exchange"
haarnagel1941,8,"Viking Trade, Towns, and Cultural Exchange"
haarnagel1963,8,"Viking Trade, Towns, and Cultural Exchange"
hamerow2007,8,"Viking Trade, Towns, and Cultural Exchange"
hamerow2011,8,"Viking Trade, Towns, and Cultural Exchange"
harris1975,8,"Viking Trade, Towns, and Cultural Exchange"
herrmann1978,8,"Viking Trade, Towns, and Cultural Exchange"
hines1994,8,"Viking Trade, Towns, and Cultural Exchange"
hodges1988,8,"Viking Trade, Towns, and Cultural Exchange"
hodges1996,8,"Viking Trade, Towns, and Cultural Exchange"
jankuhn1971,8,"Viking Trade, Towns, and Cultural Exchange"
jankuhn1985,8,"Viking Trade, Towns, and Cultural Exchange"
kuzmin2000,8,"Viking Trade, Towns, and Cultural Exchange"
lundstrom1981,8,"Viking Trade, Towns, and Cultural Exchange"
malcolm2003,8,"Viking Trade, Towns, and Cultural Exchange"
olsen1975,8,"Viking Trade, Towns, and Cultural Exchange"
reynolds1977,8,"Viking Trade, Towns, and Cultural Exchange"
sedov1985,8,"Viking Trade, Towns, and Cultural Exchange"
siegmuller2010,8,"Viking Trade, Towns, and Cultural Exchange"
stanislawski2011,8,"Viking Trade, Towns, and Cultural Exchange"
steuer1980,8,"Viking Trade, Towns, and Cultural Exchange"
steuer2007,8,"Viking Trade, Towns, and Cultural Exchange"
stiff2001,8,"Viking Trade, Towns, and Cultural Exchange"
sovso2010,8,"Viking Trade, Towns, and Cultural Exchange"
ufkes2011,8,"Viking Trade, Towns, and Cultural Exchange"
urbanczyk1994,8,"Viking Trade, Towns, and Cultural Exchange"
urbanczyk2007,8,"Viking Trade, Towns, and Cultural Exchange"
vanes2009,8,"Viking Trade, Towns, and Cultural Exchange"
riberhus1990,8,"Viking Trade, Towns, and Cultural Exchange"
posthusskulptur1993,8,"Viking Trade, Towns, and Cultural Exchange"
aalto2014,8,"Viking Trade, Towns, and Cultural Exchange"
ahola2014a,8,"Viking Trade, Towns, and Cultural Exchange"
bartlett1993,8,"Viking Trade, Towns, and Cultural Exchange"
brondsted1979,8,"Viking Trade, Towns, and Cultural Exchange"
fellowsjensen2008,8,"Viking Trade, Towns, and Cultural Exchange"
gardela2014,8,"Viking Trade, Towns, and Cultural Exchange"
hannestad1970,8,"Viking Trade, Towns, and Cultural Exchange"
heininen2014,8,"Viking Trade, Towns, and Cultural Exchange"
ingstad1977,8,"Viking Trade, Towns, and Cultural Exchange"
jakobsen2015,8,"Viking Trade, Towns, and Cultural Exchange"
jansson1991,8,"Viking Trade, Towns, and Cultural Exchange"
kakonen1998,8,"Viking Trade, Towns, and Cultural Exchange"
laakso2014,8,"Viking Trade, Towns, and Cultural Exchange"
lamm1928,8,"Viking Trade, Towns, and Cultural Exchange"
mcdonald2014,8,"Viking Trade, Towns, and Cultural Exchange"
moesgaard2011,8,"Viking Trade, Towns, and Cultural Exchange"
mohen1992,8,"Viking Trade, Towns, and Cultural Exchange"
pries2014,8,"Viking Trade, Towns, and Cultural Exchange"
rahtz1983,8,"Viking Trade, Towns, and Cultural Exchange"
richards2005,8,"Viking Trade, Towns, and Cultural Exchange"
rimbertnd,8,"Viking Trade, Towns, and Cultural Exchange"
roslund2001,8,"Viking Trade, Towns, and Cultural Exchange"
schalin2014,8,"Viking Trade, Towns, and Cultural Exchange"
sindbaek2015,8,"Viking Trade, Towns, and Cultural Exchange"
stockmann2015,8,"Viking Trade, Towns, and Cultural Exchange"
talvio2014,8,"Viking Trade, Towns, and Cultural Exchange"
feveile2006a,8,"Viking Trade, Towns, and Cultural Exchange"
price2018,9,Maritime and Island Archaeology
melheim2016,9,Maritime and Island Archaeology
graslund1984,9,Maritime and Island Archaeology
crumlinpedersen1991,9,Maritime and Island Archaeology
earle2015,9,Maritime and Island Archaeology
skre2012,9,Maritime and Island Archaeology
gustin2010,9,Maritime and Island Archaeology
gustin2015,9,Maritime and Island Archaeology
lund2014,9,Maritime and Island Archaeology
nordeide2013,9,Maritime and Island Archaeology
negrel2003,9,Maritime and Island Archaeology
ambrosiani2016,9,Maritime and Island Archaeology
backstrom2016,9,Maritime and Island Archaeology
blauer2013,9,Maritime and Island Archaeology
fennomuyingo2000,9,Maritime and Island Archaeology
gustin2016,9,Maritime and Island Archaeology
harvig2014,9,Maritime and Island Archaeology
kaislaniem2011,9,Maritime and Island Archaeology
lama2015,9,Maritime and Island Archaeology
leciejewicz1956,9,Maritime and Island Archaeology
lightfoot2016,9,Maritime and Island Archaeology
nironen1997,9,Maritime and Island Archaeology
pellegrini2016,9,Maritime and Island Archaeology
stolpendc,9,Maritime and Island Archaeology
tuross2017,9,Maritime and Island Archaeology
weihed2005,9,Maritime and Island Archaeology
yurtsever1980,9,Maritime and Island Archaeology
brink2001,9,Maritime and Island Archaeology
anderson2010,9,Maritime and Island Archaeology
bayman2013,9,Maritime and Island Archaeology
bentley2007,9,Maritime and Island Archaeology
brink2014,9,Maritime and Island Archaeology
buck1938,9,Maritime and Island Archaeology
erikson2015,9,Maritime and Island Archaeology
hauofa2008,9,Maritime and Island Archaeology
heyerdahl1938,9,Maritime and Island Archaeology
kane1997,9,Maritime and Island Archaeology
king2003,9,Maritime and Island Archaeology
kirch2010,9,Maritime and Island Archaeology
kirch2012,9,Maritime and Island Archaeology
kirch2014,9,Maritime and Island Archaeology
kirch2017,9,Maritime and Island Archaeology
kirch1992,9,Maritime and Island Archaeology
ljungstrom2004,9,Maritime and Island Archaeology
ravn1993,9,Maritime and Island Archaeology
ravn2011,9,Maritime and Island Archaeology
ravn2018,9,Maritime and Island Archaeology
salmond2010,9,Maritime and Island Archaeology
schjodt2017,9,Maritime and Island Archaeology
smith2010,9,Maritime and Island Archaeology
spriggs2008,9,Maritime and Island Archaeology
spriggs2016,9,Maritime and Island Archaeology
stolpendd,9,Maritime and Island Archaeology
thomas1997,9,Maritime and Island Archaeology
thomas2010,9,Maritime and Island Archaeology
desha2000,9,Maritime and Island Archaeology
honolulu1991,9,Maritime and Island Archaeology
dining1980,9,Maritime and Island Archaeology
athens2017,9,Maritime and Island Archaeology
oxfordroutledge2016,9,Maritime and Island Archaeology
graeber2017,9,Maritime and Island Archaeology
redknap2004b,9,Maritime and Island Archaeology
amkreutz2004,9,Maritime and Island Archaeology
lewis1972,9,Maritime and Island Archaeology
mattes2016,9,Maritime and Island Archaeology
mattes2008,9,Maritime and Island Archaeology
comacchio1983,9,Maritime and Island Archaeology
whitehouse1983,9,Maritime and Island Archaeology
hooper2006,9,Maritime and Island Archaeology
kirch1985,9,Maritime and Island Archaeology
kristiansen1998,9,Maritime and Island Archaeology
space2015,9,Maritime and Island Archaeology
rainbird2015,9,Maritime and Island Archaeology
ratnagar2001,9,Maritime and Island Archaeology
jp2010,9,Maritime and Island Archaeology
sherratt1993,9,Maritime and Island Archaeology
clark2008,9,Maritime and Island Archaeology
valeri1985,9,Maritime and Island Archaeology
malarlandskapen1993,9,Maritime and Island Archaeology
wallin1993,9,Maritime and Island Archaeology
westerdahl1992,9,Maritime and Island Archaeology
hermann2017,9,Maritime and Island Archaeology
vanderlinden2016a,9,Maritime and Island Archaeology
bill2019,51,Viking Ship Burials and Dendrochronology
graslund2018,51,Viking Ship Burials and Dendrochronology
opedal2010,51,Viking Ship Burials and Dendrochronology
mullerwille1978,51,Viking Ship Burials and Dendrochronology
pedersen2002,51,Viking Ship Burials and Dendrochronology
hyenstrand1974,51,Viking Ship Burials and Dendrochronology
ostigard2006,51,Viking Ship Burials and Dendrochronology
shetelig1917,51,Viking Ship Burials and Dendrochronology
bonde2009,51,Viking Ship Burials and Dendrochronology
christensen1998,51,Viking Ship Burials and Dendrochronology
opedal2005,51,Viking Ship Burials and Dendrochronology
daly2011,51,Viking Ship Burials and Dendrochronology
gansum1996,51,Viking Ship Burials and Dendrochronology
acker2007,51,Viking Ship Burials and Dendrochronology
aethelweard1962,51,Viking Ship Burials and Dendrochronology
bill1991,51,Viking Ship Burials and Dendrochronology
bill2009,51,Viking Ship Burials and Dendrochronology
bill2015,51,Viking Ship Burials and Dendrochronology
bill2018,51,Viking Ship Burials and Dendrochronology
birgisson2008,51,Viking Ship Burials and Dendrochronology
bischoff1998,51,Viking Ship Burials and Dendrochronology
bonde2011,51,Viking Ship Burials and Dendrochronology
bratt2004,51,Viking Ship Burials and Dendrochronology
brookes2007,51,Viking Ship Burials and Dendrochronology
bruce2002,51,Viking Ship Burials and Dendrochronology
brucemitford1952,51,Viking Ship Burials and Dendrochronology
carver2000,51,Viking Ship Burials and Dendrochronology
chase1981,51,Viking Ship Burials and Dendrochronology
crosman1980,51,Viking Ship Burials and Dendrochronology
daly2007,51,Viking Ship Burials and Dendrochronology
damico2015,51,Viking Ship Burials and Dendrochronology
dronkeduchatellier1908,51,Viking Ship Burials and Dendrochronology
dusse2013,51,Viking Ship Burials and Dendrochronology
engevik2011,51,Viking Ship Burials and Dendrochronology
englund1979,51,Viking Ship Burials and Dendrochronology
ericsson2005,51,Viking Ship Burials and Dendrochronology
farbregd1969,51,Viking Ship Burials and Dendrochronology
fett1936,51,Viking Ship Burials and Dendrochronology
filmersankey1990,51,Viking Ship Burials and Dendrochronology
filmersankey2001,51,Viking Ship Burials and Dendrochronology
frank1997,51,Viking Ship Burials and Dendrochronology
fulk2012,51,Viking Ship Burials and Dendrochronology
goeres2015,51,Viking Ship Burials and Dendrochronology
grammaticus2005,51,Viking Ship Burials and Dendrochronology
hedeager1996,51,Viking Ship Burials and Dendrochronology
henriksen2016,51,Viking Ship Burials and Dendrochronology
holst2017,51,Viking Ship Burials and Dendrochronology
hulth2013,51,Viking Ship Burials and Dendrochronology
jonsson1923,51,Viking Ship Burials and Dendrochronology
krag2012,51,Viking Ship Burials and Dendrochronology
larsson2011,51,Viking Ship Burials and Dendrochronology
lawson1981,51,Viking Ship Burials and Dendrochronology
leontev2017,51,Viking Ship Burials and Dendrochronology
lindow1997,51,Viking Ship Burials and Dendrochronology
lonnroth1986,51,Viking Ship Burials and Dendrochronology
madsen1997,51,Viking Ship Burials and Dendrochronology
maryon1946,51,Viking Ship Burials and Dendrochronology
meri2002,51,Viking Ship Burials and Dendrochronology
mooney2016,51,Viking Ship Burials and Dendrochronology
myhre1966,51,Viking Ship Burials and Dendrochronology
neidorf2016,51,Viking Ship Burials and Dendrochronology
nicolaysenndc,51,Viking Ship Burials and Dendrochronology
nordman1987,51,Viking Ship Burials and Dendrochronology
north2007,51,Viking Ship Burials and Dendrochronology
north2011,51,Viking Ship Burials and Dendrochronology
opedal1996,51,Viking Ship Burials and Dendrochronology
oskarsdottir1994,51,Viking Ship Burials and Dendrochronology
ostigard2015,51,Viking Ship Burials and Dendrochronology
petersen1927,51,Viking Ship Burials and Dendrochronology
poel2016,51,Viking Ship Burials and Dendrochronology
pollington2008,51,Viking Ship Burials and Dendrochronology
rieck1988,51,Viking Ship Burials and Dendrochronology
ringstad2004,51,Viking Ship Burials and Dendrochronology
risberg2011,51,Viking Ship Burials and Dendrochronology
sapp2000,51,Viking Ship Burials and Dendrochronology
schetelig1905,51,Viking Ship Burials and Dendrochronology
schon1999,51,Viking Ship Burials and Dendrochronology
sellevold1998,51,Viking Ship Burials and Dendrochronology
shetelig1929,51,Viking Ship Burials and Dendrochronology
sorokin1997,51,Viking Ship Burials and Dendrochronology
spurkland2005,51,Viking Ship Burials and Dendrochronology
stefanovich2016,51,Viking Ship Burials and Dendrochronology
stenvik1996,51,Viking Ship Burials and Dendrochronology
sturluson1982,51,Viking Ship Burials and Dendrochronology
turvillepetre1964,51,Viking Ship Burials and Dendrochronology
imer2004,51,Viking Ship Burials and Dendrochronology
star2017,108,Marine Resource Exploitation and Fisheries
heinrich1987,108,Marine Resource Exploitation and Fisheries
lepiksaar1977,108,Marine Resource Exploitation and Fisheries
schmolcke2006,108,Marine Resource Exploitation and Fisheries
nielssen2014,108,Marine Resource Exploitation and Fisheries
berg2015,108,Marine Resource Exploitation and Fisheries
patterson2006,108,Marine Resource Exploitation and Fisheries
barrett1999,108,Marine Resource Exploitation and Fisheries
harland2012,108,Marine Resource Exploitation and Fisheries
barbier2011,108,Marine Resource Exploitation and Fisheries
barrett2016,108,Marine Resource Exploitation and Fisheries
gilbert2005,108,Marine Resource Exploitation and Fisheries
lie1988,108,Marine Resource Exploitation and Fisheries
lenzen2012,108,Marine Resource Exploitation and Fisheries
frachetti2017,108,Marine Resource Exploitation and Fisheries
hoffmann2002,108,Marine Resource Exploitation and Fisheries
orton2011,108,Marine Resource Exploitation and Fisheries
gohring2016,108,Marine Resource Exploitation and Fisheries
sundby2008,108,Marine Resource Exploitation and Fisheries
opdal2010,108,Marine Resource Exploitation and Fisheries
nedkvitne2016,108,Marine Resource Exploitation and Fisheries
pauly1995,108,Marine Resource Exploitation and Fisheries
jackson2001,108,Marine Resource Exploitation and Fisheries
lotze2009,108,Marine Resource Exploitation and Fisheries
nielsen2017,108,Marine Resource Exploitation and Fisheries
arndt2003,108,Marine Resource Exploitation and Fisheries
boessenkool2009,108,Marine Resource Exploitation and Fisheries
schroeder2015,108,Marine Resource Exploitation and Fisheries
kayser2011,108,Marine Resource Exploitation and Fisheries
bradbury2013,108,Marine Resource Exploitation and Fisheries
knutsen2010,108,Marine Resource Exploitation and Fisheries
selkoe2016,108,Marine Resource Exploitation and Fisheries
hutchinson2015,108,Marine Resource Exploitation and Fisheries
bradbury2010,108,Marine Resource Exploitation and Fisheries
hemmerhansen2013,108,Marine Resource Exploitation and Fisheries
sodeland2016,108,Marine Resource Exploitation and Fisheries
berg2016,108,Marine Resource Exploitation and Fisheries
kirubakaran2016,108,Marine Resource Exploitation and Fisheries
barney2017,108,Marine Resource Exploitation and Fisheries
hilberg2014f,108,Marine Resource Exploitation and Fisheries
orton2014,108,Marine Resource Exploitation and Fisheries
nielssen2016,108,Marine Resource Exploitation and Fisheries
wickler2014,108,Marine Resource Exploitation and Fisheries
ma2012,108,Marine Resource Exploitation and Fisheries
green2009,108,Marine Resource Exploitation and Fisheries
jonsson2013,108,Marine Resource Exploitation and Fisheries
pinhasi2015,108,Marine Resource Exploitation and Fisheries
prinz2007,108,Marine Resource Exploitation and Fisheries
boessenkool2017,108,Marine Resource Exploitation and Fisheries
carpenter2013,108,Marine Resource Exploitation and Fisheries
speller2012,108,Marine Resource Exploitation and Fisheries
moss2014,108,Marine Resource Exploitation and Fisheries
olafsdottir2014,108,Marine Resource Exploitation and Fisheries
grealy2016,108,Marine Resource Exploitation and Fisheries
nikulina2016,108,Marine Resource Exploitation and Fisheries
moss2016,108,Marine Resource Exploitation and Fisheries
hoffmann2004,108,Marine Resource Exploitation and Fisheries
kirkpatrick2010,108,Marine Resource Exploitation and Fisheries
hutchinson2001,108,Marine Resource Exploitation and Fisheries
arnason2015,108,Marine Resource Exploitation and Fisheries
sorheim2016,108,Marine Resource Exploitation and Fisheries
wright2006,108,Marine Resource Exploitation and Fisheries
skjaeraasen2011,108,Marine Resource Exploitation and Fisheries
barth2017,108,Marine Resource Exploitation and Fisheries
knutsen2003,108,Marine Resource Exploitation and Fisheries
jorde2007,108,Marine Resource Exploitation and Fisheries
neuenfeldt2013,108,Marine Resource Exploitation and Fisheries
nielssen2009,108,Marine Resource Exploitation and Fisheries
schmolcke2004,108,Marine Resource Exploitation and Fisheries
barrett2015,108,Marine Resource Exploitation and Fisheries
cooper2000,108,Marine Resource Exploitation and Fisheries
star2016,108,Marine Resource Exploitation and Fisheries
schubert2014,108,Marine Resource Exploitation and Fisheries
lindgreen2012,108,Marine Resource Exploitation and Fisheries
star2011,108,Marine Resource Exploitation and Fisheries
torresen2017,108,Marine Resource Exploitation and Fisheries
li2009,108,Marine Resource Exploitation and Fisheries
mckenna2010,108,Marine Resource Exploitation and Fisheries
purcell2007,108,Marine Resource Exploitation and Fisheries
korlevic2015,108,Marine Resource Exploitation and Fisheries
damgaard2015,108,Marine Resource Exploitation and Fisheries
danecek2011,108,Marine Resource Exploitation and Fisheries
furholt2018,272,"Migration, aDNA, and Prehistoric Movements"
chapman1997,272,"Migration, aDNA, and Prehistoric Movements"
kristiansen2014,272,"Migration, aDNA, and Prehistoric Movements"
smith2017,272,"Migration, aDNA, and Prehistoric Movements"
renfrew2000,272,"Migration, aDNA, and Prehistoric Movements"
anthony1992,272,"Migration, aDNA, and Prehistoric Movements"
anthony1997,272,"Migration, aDNA, and Prehistoric Movements"
bandelt2003,272,"Migration, aDNA, and Prehistoric Movements"
banffy2012,272,"Migration, aDNA, and Prehistoric Movements"
barras2015,272,"Migration, aDNA, and Prehistoric Movements"
barth1982,272,"Migration, aDNA, and Prehistoric Movements"
beran1990,272,"Migration, aDNA, and Prehistoric Movements"
bernbeck2008,272,"Migration, aDNA, and Prehistoric Movements"
bickle2013,272,"Migration, aDNA, and Prehistoric Movements"
brather2004,272,"Migration, aDNA, and Prehistoric Movements"
brettell2014,272,"Migration, aDNA, and Prehistoric Movements"
cameron2013,272,"Migration, aDNA, and Prehistoric Movements"
chapman1992,272,"Migration, aDNA, and Prehistoric Movements"
childe1925,272,"Migration, aDNA, and Prehistoric Movements"
cohen2011,272,"Migration, aDNA, and Prehistoric Movements"
czebreszuk2001,272,"Migration, aDNA, and Prehistoric Movements"
dorfler2005,272,"Migration, aDNA, and Prehistoric Movements"
frieman2012,272,"Migration, aDNA, and Prehistoric Movements"
frinculeasa2015,272,"Migration, aDNA, and Prehistoric Movements"
furholt2006,272,"Migration, aDNA, and Prehistoric Movements"
furholt2011,272,"Migration, aDNA, and Prehistoric Movements"
genova2017,272,"Migration, aDNA, and Prehistoric Movements"
goldstein2000,272,"Migration, aDNA, and Prehistoric Movements"
gomezsanchez2014,272,"Migration, aDNA, and Prehistoric Movements"
govedarica2004,272,"Migration, aDNA, and Prehistoric Movements"
greenblatt2009,272,"Migration, aDNA, and Prehistoric Movements"
hahn2005,272,"Migration, aDNA, and Prehistoric Movements"
hahn2007,272,"Migration, aDNA, and Prehistoric Movements"
hassan1981,272,"Migration, aDNA, and Prehistoric Movements"
heggarty2014,272,"Migration, aDNA, and Prehistoric Movements"
hubner2005,272,"Migration, aDNA, and Prehistoric Movements"
kadrow2005,272,"Migration, aDNA, and Prehistoric Movements"
kossinna1910,272,"Migration, aDNA, and Prehistoric Movements"
kossinna1911,272,"Migration, aDNA, and Prehistoric Movements"
kristiansen1989,272,"Migration, aDNA, and Prehistoric Movements"
kristiansen2015,272,"Migration, aDNA, and Prehistoric Movements"
leppard2014,272,"Migration, aDNA, and Prehistoric Movements"
ohara2014,272,"Migration, aDNA, and Prehistoric Movements"
piezonka2015,272,"Migration, aDNA, and Prehistoric Movements"
pospieszny2015,272,"Migration, aDNA, and Prehistoric Movements"
prescott2013,272,"Migration, aDNA, and Prehistoric Movements"
prescott2015,272,"Migration, aDNA, and Prehistoric Movements"
price2004,272,"Migration, aDNA, and Prehistoric Movements"
prien2005,272,"Migration, aDNA, and Prehistoric Movements"
raetzelfabian2001,272,"Migration, aDNA, and Prehistoric Movements"
rasmussen2015,272,"Migration, aDNA, and Prehistoric Movements"
kv2000,272,"Migration, aDNA, and Prehistoric Movements"
roberts2011a,272,"Migration, aDNA, and Prehistoric Movements"
schadelindig2010,272,"Migration, aDNA, and Prehistoric Movements"
mainz2005,272,"Migration, aDNA, and Prehistoric Movements"
schone2013,272,"Migration, aDNA, and Prehistoric Movements"
sierp2017,272,"Migration, aDNA, and Prehistoric Movements"
sjogren2016,272,"Migration, aDNA, and Prehistoric Movements"
skoglund2012,272,"Migration, aDNA, and Prehistoric Movements"
smit2012,272,"Migration, aDNA, and Prehistoric Movements"
szmyt1999,272,"Migration, aDNA, and Prehistoric Movements"
thomas2013,272,"Migration, aDNA, and Prehistoric Movements"
vanderlinden2012,272,"Migration, aDNA, and Prehistoric Movements"
vandommelen2014,272,"Migration, aDNA, and Prehistoric Movements"
vertovec2010,272,"Migration, aDNA, and Prehistoric Movements"
gunther2016,272,"Migration, aDNA, and Prehistoric Movements"
jones2017,272,"Migration, aDNA, and Prehistoric Movements"
mathieson2017,272,"Migration, aDNA, and Prehistoric Movements"
mittnik2017,272,"Migration, aDNA, and Prehistoric Movements"
saag2017,272,"Migration, aDNA, and Prehistoric Movements"
cummings2011,272,"Migration, aDNA, and Prehistoric Movements"
ebersbach2017,272,"Migration, aDNA, and Prehistoric Movements"
gerbault2017,272,"Migration, aDNA, and Prehistoric Movements"
mizoguchi2017,272,"Migration, aDNA, and Prehistoric Movements"
robb2014,272,"Migration, aDNA, and Prehistoric Movements"
strathern1996,272,"Migration, aDNA, and Prehistoric Movements"
tringham1991,272,"Migration, aDNA, and Prehistoric Movements"
goldberg2017,272,"Migration, aDNA, and Prehistoric Movements"
li2011,272,"Migration, aDNA, and Prehistoric Movements"
pemberton2012,272,"Migration, aDNA, and Prehistoric Movements"
heyd2017,272,"Migration, aDNA, and Prehistoric Movements"
bickle2013a,272,"Migration, aDNA, and Prehistoric Movements"
baastrup2014,211,Viking Age Denmark and Continental Connections
wilson1955,211,Viking Age Denmark and Continental Connections
wamers1987,211,Viking Age Denmark and Continental Connections
frick1992,211,Viking Age Denmark and Continental Connections
aatsleff2010,211,Viking Age Denmark and Continental Connections
aberg1936,211,Viking Age Denmark and Continental Connections
albrethsen2002,211,Viking Age Denmark and Continental Connections
brandt2002,211,Viking Age Denmark and Continental Connections
johansen1987,211,Viking Age Denmark and Continental Connections
fraenkelschoorl1978,211,Viking Age Denmark and Continental Connections
garipzanov1980,211,Viking Age Denmark and Continental Connections
grahamcampbell1991,211,Viking Age Denmark and Continental Connections
hyvass1986,211,Viking Age Denmark and Continental Connections
jorgensen2006,211,Viking Age Denmark and Continental Connections
klingenberg1984,211,Viking Age Denmark and Continental Connections
lennarrson1983,211,Viking Age Denmark and Continental Connections
longley1975,211,Viking Age Denmark and Continental Connections
macgregor1993,211,Viking Age Denmark and Continental Connections
moesgaard2010,211,Viking Age Denmark and Continental Connections
monge2003,211,Viking Age Denmark and Continental Connections
olsen1981,211,Viking Age Denmark and Continental Connections
ryan1997,211,Viking Age Denmark and Continental Connections
rygh2003,211,Viking Age Denmark and Continental Connections
ulriksen1970,211,Viking Age Denmark and Continental Connections
thomsen2009,211,Viking Age Denmark and Continental Connections
aud1996,211,Viking Age Denmark and Continental Connections
aud1997,211,Viking Age Denmark and Continental Connections
wamers2005,211,Viking Age Denmark and Continental Connections
lennarrsson1999,211,Viking Age Denmark and Continental Connections
brondsted1924,211,Viking Age Denmark and Continental Connections
wamers1991,211,Viking Age Denmark and Continental Connections
lennartsson1999,211,Viking Age Denmark and Continental Connections
roth2002,211,Viking Age Denmark and Continental Connections
lindahl2003,211,Viking Age Denmark and Continental Connections
aud1992,211,Viking Age Denmark and Continental Connections
adamsen1997,211,Viking Age Denmark and Continental Connections
albrethsen2008,211,Viking Age Denmark and Continental Connections
lindahl1984,211,Viking Age Denmark and Continental Connections
wamers1984,211,Viking Age Denmark and Continental Connections
grandtnielsen1971,211,Viking Age Denmark and Continental Connections
ryan1987,211,Viking Age Denmark and Continental Connections
wilson1955b,211,Viking Age Denmark and Continental Connections
rigsantikvarensarkaeologiskesekretariat1987,211,Viking Age Denmark and Continental Connections
christensen1991b,211,Viking Age Denmark and Continental Connections
larsensorensen2005,211,Viking Age Denmark and Continental Connections
alenstampetersson1952,211,Viking Age Denmark and Continental Connections
baastruppetersen2010,211,Viking Age Denmark and Continental Connections
baastrup1990,211,Viking Age Denmark and Continental Connections
petersen1940a,211,Viking Age Denmark and Continental Connections
jensenmoller2009,211,Viking Age Denmark and Continental Connections
wilson1960b,211,Viking Age Denmark and Continental Connections
forssander1943,211,Viking Age Denmark and Continental Connections
grandtnielsen1974,211,Viking Age Denmark and Continental Connections
latour1984,211,Viking Age Denmark and Continental Connections
ofloinn2001,211,Viking Age Denmark and Continental Connections
birkedahlchristensen1924,211,Viking Age Denmark and Continental Connections
henriksen1982,211,Viking Age Denmark and Continental Connections
rispling2000,211,Viking Age Denmark and Continental Connections
mollerhansen2000,211,Viking Age Denmark and Continental Connections
roesdahl1986,211,Viking Age Denmark and Continental Connections
wamers1997a,211,Viking Age Denmark and Continental Connections
back1963,211,Viking Age Denmark and Continental Connections
helgesson1987,211,Viking Age Denmark and Continental Connections
jorgensen1980,211,Viking Age Denmark and Continental Connections
jorgensen1980a,211,Viking Age Denmark and Continental Connections
wilson1960a,211,Viking Age Denmark and Continental Connections
brondsted1924a,211,Viking Age Denmark and Continental Connections
christiansen1948,211,Viking Age Denmark and Continental Connections
christensen1992a,211,Viking Age Denmark and Continental Connections
klaesoe1994,211,Viking Age Denmark and Continental Connections
klaesoe1995,211,Viking Age Denmark and Continental Connections
klaesoe2002,211,Viking Age Denmark and Continental Connections
kleingartner2010,211,Viking Age Denmark and Continental Connections
mullerwille2005,211,Viking Age Denmark and Continental Connections
odell1959,211,Viking Age Denmark and Continental Connections
schulke1992,211,Viking Age Denmark and Continental Connections
sindbaek2012a,211,Viking Age Denmark and Continental Connections
steuer2010,211,Viking Age Denmark and Continental Connections
lundhansen1987,211,Viking Age Denmark and Continental Connections
vraengmosejensen2008,211,Viking Age Denmark and Continental Connections
mullerwille1978a,211,Viking Age Denmark and Continental Connections
rundkvist2010,271,Vendel Period Brooches and Material Culture
bakka1971,271,Vendel Period Brooches and Material Culture
bakka1973,271,Vendel Period Brooches and Material Culture
wamers1999,271,Vendel Period Brooches and Material Culture
almgren1905,271,Vendel Period Brooches and Material Culture
jensen2006,271,Vendel Period Brooches and Material Culture
nielsen2004,271,Vendel Period Brooches and Material Culture
lorangenda,271,Vendel Period Brooches and Material Culture
henriksen2002,271,Vendel Period Brooches and Material Culture
arwidsson1942,271,Vendel Period Brooches and Material Culture
nielsen2002,271,Vendel Period Brooches and Material Culture
kivikoski1971,271,Vendel Period Brooches and Material Culture
waller1996,271,Vendel Period Brooches and Material Culture
kivikoski1973,271,Vendel Period Brooches and Material Culture
kirpichnikov2004,271,Vendel Period Brooches and Material Culture
helgesson1999,271,Vendel Period Brooches and Material Culture
helgesson2002,271,Vendel Period Brooches and Material Culture
wamers1997,271,Vendel Period Brooches and Material Culture
rydh1936,271,Vendel Period Brooches and Material Culture
feveile1994,271,Vendel Period Brooches and Material Culture
rundkvist2003,271,Vendel Period Brooches and Material Culture
hoilundnielsen1999,271,Vendel Period Brooches and Material Culture
nerman1929,271,Vendel Period Brooches and Material Culture
beskowsjoberg1987a,271,Vendel Period Brooches and Material Culture
aberg1923,271,Vendel Period Brooches and Material Culture
aija1997,271,Vendel Period Brooches and Material Culture
ailio1922,271,Vendel Period Brooches and Material Culture
ambrosiani1956,271,Vendel Period Brooches and Material Culture
ambrosiani1968,271,Vendel Period Brooches and Material Culture
arbman1932,271,Vendel Period Brooches and Material Culture
areslatt1993,271,Vendel Period Brooches and Material Culture
arrhenius1999,271,Vendel Period Brooches and Material Culture
atterman1935,271,Vendel Period Brooches and Material Culture
bennettlagerlof1978,271,Vendel Period Brooches and Material Culture
bennett1976,271,Vendel Period Brooches and Material Culture
blindheim1949,271,Vendel Period Brooches and Material Culture
dreijer1966,271,Vendel Period Brooches and Material Culture
drotz1995,271,Vendel Period Brooches and Material Culture
ekholm1918,271,Vendel Period Brooches and Material Culture
eniosova1998,271,Vendel Period Brooches and Material Culture
enqvist1923,271,Vendel Period Brooches and Material Culture
gudesen1980,271,Vendel Period Brooches and Material Culture
hackmannd,271,Vendel Period Brooches and Material Culture
hagberg1966,271,Vendel Period Brooches and Material Culture
helgen1982,271,Vendel Period Brooches and Material Culture
herteig1955,271,Vendel Period Brooches and Material Culture
holmqvist1970,271,Vendel Period Brooches and Material Culture
horfors1988,271,Vendel Period Brooches and Material Culture
kivikoski1980,271,Vendel Period Brooches and Material Culture
lind1984,271,Vendel Period Brooches and Material Culture
lindahl1950,271,Vendel Period Brooches and Material Culture
macgregor1997,271,Vendel Period Brooches and Material Culture
marstrander1973,271,Vendel Period Brooches and Material Culture
martens1969,271,Vendel Period Brooches and Material Culture
monteliusnda,271,Vendel Period Brooches and Material Culture
nilsson1990,271,Vendel Period Brooches and Material Culture
odencrants1933,271,Vendel Period Brooches and Material Culture
rasch2001,271,Vendel Period Brooches and Material Culture
ostergaardjensen1987,271,Vendel Period Brooches and Material Culture
petre1984b,271,Vendel Period Brooches and Material Culture
ramqvist1998,271,Vendel Period Brooches and Material Culture
rasmussen1989,271,Vendel Period Brooches and Material Culture
reisborg1994,271,Vendel Period Brooches and Material Culture
salinnd,271,Vendel Period Brooches and Material Culture
sarauw1923,271,Vendel Period Brooches and Material Culture
schonbeck2002,271,Vendel Period Brooches and Material Culture
serning1960,271,Vendel Period Brooches and Material Culture
simonsson1972,271,Vendel Period Brooches and Material Culture
spirgis2007,271,Vendel Period Brooches and Material Culture
stjernquist1951,271,Vendel Period Brooches and Material Culture
stolpe1927,271,Vendel Period Brooches and Material Culture
tillvaxten1909,271,Vendel Period Brooches and Material Culture
vangpetersen1991b,271,Vendel Period Brooches and Material Culture
vedelnda,271,Vendel Period Brooches and Material Culture
worsaaenda,271,Vendel Period Brooches and Material Culture
kvhaa1903,271,Vendel Period Brooches and Material Culture
nielsen1999,271,Vendel Period Brooches and Material Culture
jackson2018,67,Norse Adaptation in the North Atlantic
oye2013,67,Norse Adaptation in the North Atlantic
lynnerup2014,67,Norse Adaptation in the North Atlantic
dugmore2004,67,Norse Adaptation in the North Atlantic
tainter1988,67,Norse Adaptation in the North Atlantic
adderley2006,67,Norse Adaptation in the North Atlantic
ogilvie2009,67,Norse Adaptation in the North Atlantic
gullov2008,67,Norse Adaptation in the North Atlantic
arneborg2000,67,Norse Adaptation in the North Atlantic
howardjohnston1993,67,Norse Adaptation in the North Atlantic
smith2014,67,Norse Adaptation in the North Atlantic
dugmore2010,67,Norse Adaptation in the North Atlantic
rockman2003,67,Norse Adaptation in the North Atlantic
dugmore2005,67,Norse Adaptation in the North Atlantic
buckland2008,67,Norse Adaptation in the North Atlantic
keller1989,67,Norse Adaptation in the North Atlantic
mcgovern1980,67,Norse Adaptation in the North Atlantic
mcgovern1994,67,Norse Adaptation in the North Atlantic
adger2013,67,Norse Adaptation in the North Atlantic
appelt2009,67,Norse Adaptation in the North Atlantic
arneborg1997,67,Norse Adaptation in the North Atlantic
arneborg2005,67,Norse Adaptation in the North Atlantic
barnett2015,67,Norse Adaptation in the North Atlantic
bentley2015,67,Norse Adaptation in the North Atlantic
boyd2011,67,Norse Adaptation in the North Atlantic
brace2011,67,Norse Adaptation in the North Atlantic
brody2001,67,Norse Adaptation in the North Atlantic
butzer2012,67,Norse Adaptation in the North Atlantic
codding2015,67,Norse Adaptation in the North Atlantic
crumley1994a,67,Norse Adaptation in the North Atlantic
cumming2008,67,Norse Adaptation in the North Atlantic
golding2011,67,Norse Adaptation in the North Atlantic
golding2015,67,Norse Adaptation in the North Atlantic
gullov2004a,67,Norse Adaptation in the North Atlantic
halstead1989,67,Norse Adaptation in the North Atlantic
hayeursmith2016,67,Norse Adaptation in the North Atlantic
hoegsberg2014,67,Norse Adaptation in the North Atlantic
howard1993,67,Norse Adaptation in the North Atlantic
ingram2008,67,Norse Adaptation in the North Atlantic
jesch1989,67,Norse Adaptation in the North Atlantic
kendal2011,67,Norse Adaptation in the North Atlantic
kennett2015,67,Norse Adaptation in the North Atlantic
kopar2009,67,Norse Adaptation in the North Atlantic
kuijpers2014,67,Norse Adaptation in the North Atlantic
laland2006,67,Norse Adaptation in the North Atlantic
laland2011,67,Norse Adaptation in the North Atlantic
laland1999,67,Norse Adaptation in the North Atlantic
ledger2013,67,Norse Adaptation in the North Atlantic
ledger2014,67,Norse Adaptation in the North Atlantic
mason2007,67,Norse Adaptation in the North Atlantic
mcgovern1991,67,Norse Adaptation in the North Atlantic
meaks2005,67,Norse Adaptation in the North Atlantic
mehl2017,67,Norse Adaptation in the North Atlantic
middleton2017,67,Norse Adaptation in the North Atlantic
moltke2015,67,Norse Adaptation in the North Atlantic
myhre2004,67,Norse Adaptation in the North Atlantic
nedkvitne2014,67,Norse Adaptation in the North Atlantic
normandnd,67,Norse Adaptation in the North Atlantic
ostergard2011,67,Norse Adaptation in the North Atlantic
oye2004,67,Norse Adaptation in the North Atlantic
park2005,67,Norse Adaptation in the North Atlantic
reinton1960,67,Norse Adaptation in the North Atlantic
riede2011,67,Norse Adaptation in the North Atlantic
rowleyconwy2013,67,Norse Adaptation in the North Atlantic
rowleyconwy2011,67,Norse Adaptation in the North Atlantic
roussell1941,67,Norse Adaptation in the North Atlantic
sandvik2005,67,Norse Adaptation in the North Atlantic
scott2008,67,Norse Adaptation in the North Atlantic
scott1992,67,Norse Adaptation in the North Atlantic
sveinbjarnardottir1991,67,Norse Adaptation in the North Atlantic
svenning2015,67,Norse Adaptation in the North Atlantic
terrel2003,67,Norse Adaptation in the North Atlantic
thompson2013,67,Norse Adaptation in the North Atlantic
zeder2009,67,Norse Adaptation in the North Atlantic
zeder2015,67,Norse Adaptation in the North Atlantic
zeder2016,67,Norse Adaptation in the North Atlantic
stott2019,143,Remote Sensing in Landscape Archaeology
schneider2015,143,Remote Sensing in Landscape Archaeology
hesse2010,143,Remote Sensing in Landscape Archaeology
peter2015,143,Remote Sensing in Landscape Archaeology
segschneider2009,143,Remote Sensing in Landscape Archaeology
thurston2002,143,Remote Sensing in Landscape Archaeology
doneus2008,143,Remote Sensing in Landscape Archaeology
keay2014,143,Remote Sensing in Landscape Archaeology
evans2015,143,Remote Sensing in Landscape Archaeology
stott2018,143,Remote Sensing in Landscape Archaeology
kjaer2018,143,Remote Sensing in Landscape Archaeology
trier2019,143,Remote Sensing in Landscape Archaeology
guyot2018,143,Remote Sensing in Landscape Archaeology
rizaldy2018,143,Remote Sensing in Landscape Archaeology
colgan2012,143,Remote Sensing in Landscape Archaeology
liu2017,143,Remote Sensing in Landscape Archaeology
meng2012,143,Remote Sensing in Landscape Archaeology
jain1997,143,Remote Sensing in Landscape Archaeology
chen2014,143,Remote Sensing in Landscape Archaeology
breiman2001,143,Remote Sensing in Landscape Archaeology
belgiu2016,143,Remote Sensing in Landscape Archaeology
strobl2009,143,Remote Sensing in Landscape Archaeology
flemming2007,143,Remote Sensing in Landscape Archaeology
rosenkranz2015,143,Remote Sensing in Landscape Archaeology
vennersdorf2017,143,Remote Sensing in Landscape Archaeology
mitchell1988,143,Remote Sensing in Landscape Archaeology
vanderwalt2014,143,Remote Sensing in Landscape Archaeology
illingworth1987,143,Remote Sensing in Landscape Archaeology
cerrillocuenca2017,143,Remote Sensing in Landscape Archaeology
schubert2017,143,Remote Sensing in Landscape Archaeology
ester1996,143,Remote Sensing in Landscape Archaeology
freeland2016,143,Remote Sensing in Landscape Archaeology
trier2009,143,Remote Sensing in Landscape Archaeology
kvamme2016,143,Remote Sensing in Landscape Archaeology
verdonck2016,143,Remote Sensing in Landscape Archaeology
lewis1995,143,Remote Sensing in Landscape Archaeology
bryant1987,143,Remote Sensing in Landscape Archaeology
guisan1999,143,Remote Sensing in Landscape Archaeology
korsgaard2004,143,Remote Sensing in Landscape Archaeology
dereu2013,143,Remote Sensing in Landscape Archaeology
riley2017,143,Remote Sensing in Landscape Archaeology
knudsen2012,143,Remote Sensing in Landscape Archaeology
jakobsen2017,143,Remote Sensing in Landscape Archaeology
andersen1992,143,Remote Sensing in Landscape Archaeology
pedregosa2011,143,Remote Sensing in Landscape Archaeology
steffensen2014,143,Remote Sensing in Landscape Archaeology
marmol2004,143,Remote Sensing in Landscape Archaeology
tsai2008,143,Remote Sensing in Landscape Archaeology
andreasen2016,143,Remote Sensing in Landscape Archaeology
french2010,143,Remote Sensing in Landscape Archaeology
grieve1992,143,Remote Sensing in Landscape Archaeology
french2018,143,Remote Sensing in Landscape Archaeology
davis2019,143,Remote Sensing in Landscape Archaeology
lambers2016,143,Remote Sensing in Landscape Archaeology
traviglia2016,143,Remote Sensing in Landscape Archaeology
lambers2019,143,Remote Sensing in Landscape Archaeology
trier2016,143,Remote Sensing in Landscape Archaeology
zingman2016,143,Remote Sensing in Landscape Archaeology
verschoofvandervaart2019,143,Remote Sensing in Landscape Archaeology
zhu2006,143,Remote Sensing in Landscape Archaeology
benediktsson1997,143,Remote Sensing in Landscape Archaeology
sevara2018,143,Remote Sensing in Landscape Archaeology
fortidsminder2018,143,Remote Sensing in Landscape Archaeology
petersen2015,143,Remote Sensing in Landscape Archaeology
biermann2016,143,Remote Sensing in Landscape Archaeology
harck1986,143,Remote Sensing in Landscape Archaeology
overgaard2016,143,Remote Sensing in Landscape Archaeology
harck1990,143,Remote Sensing in Landscape Archaeology
hoy1991,143,Remote Sensing in Landscape Archaeology
wu2016,143,Remote Sensing in Landscape Archaeology
certini2013,143,Remote Sensing in Landscape Archaeology
zhang2018,143,Remote Sensing in Landscape Archaeology
silburt2019,143,Remote Sensing in Landscape Archaeology
hanson2012,143,Remote Sensing in Landscape Archaeology
cowley2012,143,Remote Sensing in Landscape Archaeology
sevara2013,143,Remote Sensing in Landscape Archaeology
keller2016,147,North Atlantic Farming and Maritime Economy
simpson2002,147,North Atlantic Farming and Maritime Economy
mcgovern2009,147,North Atlantic Farming and Maritime Economy
adderley2005,147,North Atlantic Farming and Maritime Economy
perdikaris2008,147,North Atlantic Farming and Maritime Economy
arneborg2004,147,North Atlantic Farming and Maritime Economy
mikkelsen2008,147,North Atlantic Farming and Maritime Economy
moberg2005,147,North Atlantic Farming and Maritime Economy
widgren1998,147,North Atlantic Farming and Maritime Economy
amorosi1998,147,North Atlantic Farming and Maritime Economy
perdikaris1999,147,North Atlantic Farming and Maritime Economy
christiansen1996,147,North Atlantic Farming and Maritime Economy
aarseth1982,147,North Atlantic Farming and Maritime Economy
arge1991,147,North Atlantic Farming and Maritime Economy
arge2006,147,North Atlantic Farming and Maritime Economy
arge2005,147,North Atlantic Farming and Maritime Economy
arge2009,147,North Atlantic Farming and Maritime Economy
arnalds1997,147,North Atlantic Farming and Maritime Economy
bertelsen1985,147,North Atlantic Farming and Maritime Economy
bertelsen1998,147,North Atlantic Farming and Maritime Economy
butler2006,147,North Atlantic Farming and Maritime Economy
christiansen1990,147,North Atlantic Farming and Maritime Economy
christiansen1991,147,North Atlantic Farming and Maritime Economy
christiansen1987,147,North Atlantic Farming and Maritime Economy
dumezil1973,147,North Atlantic Farming and Maritime Economy
einarsson1963,147,North Atlantic Farming and Maritime Economy
einarsson2002,147,North Atlantic Farming and Maritime Economy
fagan2000,147,North Atlantic Farming and Maritime Economy
fjaervoll1961,147,North Atlantic Farming and Maritime Economy
fredskild1973,147,North Atlantic Farming and Maritime Economy
gerrard1991,147,North Atlantic Farming and Maritime Economy
grove1988,147,North Atlantic Farming and Maritime Economy
gudmundsson2001,147,North Atlantic Farming and Maritime Economy
gudmundsson2004,147,North Atlantic Farming and Maritime Economy
guttormsen1994,147,North Atlantic Farming and Maritime Economy
halstead1998,147,North Atlantic Farming and Maritime Economy
harris1988,147,North Atlantic Farming and Maritime Economy
hambrecht2006,147,North Atlantic Farming and Maritime Economy
hansen1990,147,North Atlantic Farming and Maritime Economy
hastrup1989,147,North Atlantic Farming and Maritime Economy
hermannsson1929,147,North Atlantic Farming and Maritime Economy
hitzler1979,147,North Atlantic Farming and Maritime Economy
hjalmarsson1993,147,North Atlantic Farming and Maritime Economy
holling2002,147,North Atlantic Farming and Maritime Economy
joensen1976,147,North Atlantic Farming and Maritime Economy
joensen1980,147,North Atlantic Farming and Maritime Economy
keller1990,147,North Atlantic Farming and Maritime Economy
konstam2004,147,North Atlantic Farming and Maritime Economy
krivogorskaya2005,147,North Atlantic Farming and Maritime Economy
lambin2005,147,North Atlantic Farming and Maritime Economy
lawson2006,147,North Atlantic Farming and Maritime Economy
mcgovern1986,147,North Atlantic Farming and Maritime Economy
mahler1989,147,North Atlantic Farming and Maritime Economy
mahler1988,147,North Atlantic Farming and Maritime Economy
mahler1991,147,North Atlantic Farming and Maritime Economy
mahler1990,147,North Atlantic Farming and Maritime Economy
mairs2007,147,North Atlantic Farming and Maritime Economy
marcus1980,147,North Atlantic Farming and Maritime Economy
e2003,147,North Atlantic Farming and Maritime Economy
noonan1998,147,North Atlantic Farming and Maritime Economy
nordal1952,147,North Atlantic Farming and Maritime Economy
nordal1954,147,North Atlantic Farming and Maritime Economy
norrevang1970,147,North Atlantic Farming and Maritime Economy
olsen1928,147,North Atlantic Farming and Maritime Economy
olasson1998,147,North Atlantic Farming and Maritime Economy
perdikaris1998,147,North Atlantic Farming and Maritime Economy
perdikaris2005,147,North Atlantic Farming and Maritime Economy
rieck2002,147,North Atlantic Farming and Maritime Economy
sanmark2002,147,North Atlantic Farming and Maritime Economy
schofield2007,147,North Atlantic Farming and Maritime Economy
skardi1970,147,North Atlantic Farming and Maritime Economy
sveinbjarnardottir1990,147,North Atlantic Farming and Maritime Economy
sveinbjarnardottir2008,147,North Atlantic Farming and Maritime Economy
thomson2003,147,North Atlantic Farming and Maritime Economy
thomson2005,147,North Atlantic Farming and Maritime Economy
wubsmrozewicz2008,147,North Atlantic Farming and Maritime Economy
thorarinsson1970,147,North Atlantic Farming and Maritime Economy
sicking2008,147,North Atlantic Farming and Maritime Economy
thorarinsson1981,147,North Atlantic Farming and Maritime Economy
hennius2018,85,Marine Mammal Exploitation in the North Atlantic
andersson1995,85,Marine Mammal Exploitation in the North Atlantic
brogger1951,85,Marine Mammal Exploitation in the North Atlantic
brink2012,85,Marine Mammal Exploitation in the North Atlantic
lindquist1978,85,Marine Mammal Exploitation in the North Atlantic
sandberg1994,85,Marine Mammal Exploitation in the North Atlantic
brucemitford1975,85,Marine Mammal Exploitation in the North Atlantic
berglund2017,85,Marine Mammal Exploitation in the North Atlantic
skrede2005,85,Marine Mammal Exploitation in the North Atlantic
duczko1996,85,Marine Mammal Exploitation in the North Atlantic
aguilar1986,85,Marine Mammal Exploitation in the North Atlantic
bill2007,85,Marine Mammal Exploitation in the North Atlantic
caldwell2014,85,Marine Mammal Exploitation in the North Atlantic
carwardine1995,85,Marine Mammal Exploitation in the North Atlantic
clark1947,85,Marine Mammal Exploitation in the North Atlantic
dahl2003,85,Marine Mammal Exploitation in the North Atlantic
espinoza1992,85,Marine Mammal Exploitation in the North Atlantic
gardiner1997,85,Marine Mammal Exploitation in the North Atlantic
haahrkristiansen1997,85,Marine Mammal Exploitation in the North Atlantic
hallen1994,85,Marine Mammal Exploitation in the North Atlantic
holm2012,85,Marine Mammal Exploitation in the North Atlantic
isaksen2012,85,Marine Mammal Exploitation in the North Atlantic
karlsson2016,85,Marine Mammal Exploitation in the North Atlantic
kjermichaelsen1992,85,Marine Mammal Exploitation in the North Atlantic
kristensen2007,85,Marine Mammal Exploitation in the North Atlantic
laist2017,85,Marine Mammal Exploitation in the North Atlantic
lowenstein1993,85,Marine Mammal Exploitation in the North Atlantic
lundkoksvik2010,85,Marine Mammal Exploitation in the North Atlantic
lundkoksvik2013,85,Marine Mammal Exploitation in the North Atlantic
lundqvist1986,85,Marine Mammal Exploitation in the North Atlantic
mclees1990,85,Marine Mammal Exploitation in the North Atlantic
mulville2002,85,Marine Mammal Exploitation in the North Atlantic
nelson1969,85,Marine Mammal Exploitation in the North Atlantic
nilsen2014,85,Marine Mammal Exploitation in the North Atlantic
petersen1914,85,Marine Mammal Exploitation in the North Atlantic
riddler2014,85,Marine Mammal Exploitation in the North Atlantic
sandberg1983,85,Marine Mammal Exploitation in the North Atlantic
seiler2001,85,Marine Mammal Exploitation in the North Atlantic
sjovold1966,85,Marine Mammal Exploitation in the North Atlantic
skomsvoll2012,85,Marine Mammal Exploitation in the North Atlantic
solberg2007,85,Marine Mammal Exploitation in the North Atlantic
stauch1994,85,Marine Mammal Exploitation in the North Atlantic
svanberg2008,85,Marine Mammal Exploitation in the North Atlantic
szabo2008,85,Marine Mammal Exploitation in the North Atlantic
teixeira2014,85,Marine Mammal Exploitation in the North Atlantic
wickler2012,85,Marine Mammal Exploitation in the North Atlantic
arbman1993,85,Marine Mammal Exploitation in the North Atlantic
bergstrom1941,85,Marine Mammal Exploitation in the North Atlantic
bjorck2008,85,Marine Mammal Exploitation in the North Atlantic
egenberg2003,85,Marine Mammal Exploitation in the North Atlantic
fetisov2008,85,Marine Mammal Exploitation in the North Atlantic
frostne2002,85,Marine Mammal Exploitation in the North Atlantic
hennius2016,85,Marine Mammal Exploitation in the North Atlantic
hennius2005,85,Marine Mammal Exploitation in the North Atlantic
heron1989,85,Marine Mammal Exploitation in the North Atlantic
hiorth1908,85,Marine Mammal Exploitation in the North Atlantic
hjulstrom2006,85,Marine Mammal Exploitation in the North Atlantic
hvid2016,85,Marine Mammal Exploitation in the North Atlantic
karlsson2002,85,Marine Mammal Exploitation in the North Atlantic
konsa2013,85,Marine Mammal Exploitation in the North Atlantic
kupiec2015,85,Marine Mammal Exploitation in the North Atlantic
kurzweil1998,85,Marine Mammal Exploitation in the North Atlantic
landin2002,85,Marine Mammal Exploitation in the North Atlantic
lindeblad1994,85,Marine Mammal Exploitation in the North Atlantic
lindstrom2014,85,Marine Mammal Exploitation in the North Atlantic
neveus1974,85,Marine Mammal Exploitation in the North Atlantic
persson1994,85,Marine Mammal Exploitation in the North Atlantic
ravn2016,85,Marine Mammal Exploitation in the North Atlantic
stahre2012,85,Marine Mammal Exploitation in the North Atlantic
svenssonhennius2017,85,Marine Mammal Exploitation in the North Atlantic
villstrand1996,85,Marine Mammal Exploitation in the North Atlantic
reimer2004,85,Marine Mammal Exploitation in the North Atlantic
henriksen2013a,85,Marine Mammal Exploitation in the North Atlantic
rasmussen2014,120,Cultural Heritage Crime and Legal Protection
gjerpe2008,120,Cultural Heritage Crime and Legal Protection
asingh2001,120,Cultural Heritage Crime and Legal Protection
iversen1993,120,Cultural Heritage Crime and Legal Protection
rasmussen2007,120,Cultural Heritage Crime and Legal Protection
glorstad2013,120,Cultural Heritage Crime and Legal Protection
rasmussen2011,120,Cultural Heritage Crime and Legal Protection
svensson2013,120,Cultural Heritage Crime and Legal Protection
addyman2009,120,Cultural Heritage Crime and Legal Protection
ajzen1977,120,Cultural Heritage Crime and Legal Protection
alberge2007,120,Cultural Heritage Crime and Legal Protection
amundsen2010,120,Cultural Heritage Crime and Legal Protection
bennett1995,120,Cultural Heritage Crime and Legal Protection
bland2009,120,Cultural Heritage Crime and Legal Protection
boe2012,120,Cultural Heritage Crime and Legal Protection
braarvig2000,120,Cultural Heritage Crime and Legal Protection
brodie2006,120,Cultural Heritage Crime and Legal Protection
brodie2009,120,Cultural Heritage Crime and Legal Protection
christensen2011,120,Cultural Heritage Crime and Legal Protection
conway1914,120,Cultural Heritage Crime and Legal Protection
craig1999,120,Cultural Heritage Crime and Legal Protection
diekman1998,120,Cultural Heritage Crime and Legal Protection
digginghedmark2012,120,Cultural Heritage Crime and Legal Protection
engberg2001,120,Cultural Heritage Crime and Legal Protection
fabech2012,120,Cultural Heritage Crime and Legal Protection
facebook2014,120,Cultural Heritage Crime and Legal Protection
facebook2014a,120,Cultural Heritage Crime and Legal Protection
ferguson2013,120,Cultural Heritage Crime and Legal Protection
fjell2005,120,Cultural Heritage Crime and Legal Protection
gill1993,120,Cultural Heritage Crime and Legal Protection
goffman1969,120,Cultural Heritage Crime and Legal Protection
grieg1943,120,Cultural Heritage Crime and Legal Protection
haavaldsen1982,120,Cultural Heritage Crime and Legal Protection
hougen1961,120,Cultural Heritage Crime and Legal Protection
husby2005,120,Cultural Heritage Crime and Legal Protection
hogh2008,120,Cultural Heritage Crime and Legal Protection
hoviskeland2012,120,Cultural Heritage Crime and Legal Protection
johansen2011,120,Cultural Heritage Crime and Legal Protection
kallman2008,120,Cultural Heritage Crime and Legal Protection
kallman2007,120,Cultural Heritage Crime and Legal Protection
kersel2012,120,Cultural Heritage Crime and Legal Protection
korsell2006,120,Cultural Heritage Crime and Legal Protection
kvale1997,120,Cultural Heritage Crime and Legal Protection
lewis2012,120,Cultural Heritage Crime and Legal Protection
mackenzie2006,120,Cultural Heritage Crime and Legal Protection
mackenzie2011,120,Cultural Heritage Crime and Legal Protection
mahdy2006,120,Cultural Heritage Crime and Legal Protection
michaelsen1998,120,Cultural Heritage Crime and Legal Protection
moesgaard2002,120,Cultural Heritage Crime and Legal Protection
retstidende1991,120,Cultural Heritage Crime and Legal Protection
retstidende2010,120,Cultural Heritage Crime and Legal Protection
nou1996,120,Cultural Heritage Crime and Legal Protection
omland2006,120,Cultural Heritage Crime and Legal Protection
omland2008,120,Cultural Heritage Crime and Legal Protection
omland2011,120,Cultural Heritage Crime and Legal Protection
omland2012,120,Cultural Heritage Crime and Legal Protection
phillips1999,120,Cultural Heritage Crime and Legal Protection
steiner1977,120,Cultural Heritage Crime and Legal Protection
silverman2005,120,Cultural Heritage Crime and Legal Protection
silverman1993,120,Cultural Heritage Crime and Legal Protection
stigsorensen2009,120,Cultural Heritage Crime and Legal Protection
sykes1957,120,Cultural Heritage Crime and Legal Protection
sorensen2013,120,Cultural Heritage Crime and Legal Protection
tassy2013,120,Cultural Heritage Crime and Legal Protection
thagaard2003,120,Cultural Heritage Crime and Legal Protection
thomas2009,120,Cultural Heritage Crime and Legal Protection
troim1999,120,Cultural Heritage Crime and Legal Protection
troim2005,120,Cultural Heritage Crime and Legal Protection
ullen2004,120,Cultural Heritage Crime and Legal Protection
ulph2012,120,Cultural Heritage Crime and Legal Protection
wankel2008,120,Cultural Heritage Crime and Legal Protection
ostergren2013,120,Cultural Heritage Crime and Legal Protection
ams2013,120,Cultural Heritage Crime and Legal Protection
politakis2002,120,Cultural Heritage Crime and Legal Protection
devos2013,146,Geoarchaeology of Medieval Towns and Dark Earth
wouters2016,146,Geoarchaeology of Medieval Towns and Dark Earth
milek2007,146,Geoarchaeology of Medieval Towns and Dark Earth
ge1993,146,Geoarchaeology of Medieval Towns and Dark Earth
langohr1994,146,Geoarchaeology of Medieval Towns and Dark Earth
macphail2003,146,Geoarchaeology of Medieval Towns and Dark Earth
nicosia2013,146,Geoarchaeology of Medieval Towns and Dark Earth
stoops2003,146,Geoarchaeology of Medieval Towns and Dark Earth
adderley2010,146,Geoarchaeology of Medieval Towns and Dark Earth
akeret2001,146,Geoarchaeology of Medieval Towns and Dark Earth
bellens2012,146,Geoarchaeology of Medieval Towns and Dark Earth
ball2009,146,Geoarchaeology of Medieval Towns and Dark Earth
borderie2011,146,Geoarchaeology of Medieval Towns and Dark Earth
brown1984,146,Geoarchaeology of Medieval Towns and Dark Earth
bullock1985,146,Geoarchaeology of Medieval Towns and Dark Earth
cammas2000,146,Geoarchaeology of Medieval Towns and Dark Earth
cammas2001,146,Geoarchaeology of Medieval Towns and Dark Earth
davidson2003,146,Geoarchaeology of Medieval Towns and Dark Earth
devos2012,146,Geoarchaeology of Medieval Towns and Dark Earth
devos2009,146,Geoarchaeology of Medieval Towns and Dark Earth
devos2011,146,Geoarchaeology of Medieval Towns and Dark Earth
fechner2004,146,Geoarchaeology of Medieval Towns and Dark Earth
fondrillon2007,146,Geoarchaeology of Medieval Towns and Dark Earth
fondrillon2009,146,Geoarchaeology of Medieval Towns and Dark Earth
fredlund1994,146,Geoarchaeology of Medieval Towns and Dark Earth
french2003,146,Geoarchaeology of Medieval Towns and Dark Earth
gebhardt1999,146,Geoarchaeology of Medieval Towns and Dark Earth
guelat1998,146,Geoarchaeology of Medieval Towns and Dark Earth
guttmann2006,146,Geoarchaeology of Medieval Towns and Dark Earth
jacobs2010,146,Geoarchaeology of Medieval Towns and Dark Earth
kaplan1992,146,Geoarchaeology of Medieval Towns and Dark Earth
kiden1991,146,Geoarchaeology of Medieval Towns and Dark Earth
kiden2006,146,Geoarchaeology of Medieval Towns and Dark Earth
langohr2001,146,Geoarchaeology of Medieval Towns and Dark Earth
langohr1976,146,Geoarchaeology of Medieval Towns and Dark Earth
madella2012,146,Geoarchaeology of Medieval Towns and Dark Earth
madella2005,146,Geoarchaeology of Medieval Towns and Dark Earth
matthews2010,146,Geoarchaeology of Medieval Towns and Dark Earth
nicosia2012,146,Geoarchaeology of Medieval Towns and Dark Earth
pape1966,146,Geoarchaeology of Medieval Towns and Dark Earth
pieters1990,146,Geoarchaeology of Medieval Towns and Dark Earth
romans1983,146,Geoarchaeology of Medieval Towns and Dark Earth
simpson1998,146,Geoarchaeology of Medieval Towns and Dark Earth
simpson2000,146,Geoarchaeology of Medieval Towns and Dark Earth
tys2010,146,Geoarchaeology of Medieval Towns and Dark Earth
vandewalle1961,146,Geoarchaeology of Medieval Towns and Dark Earth
vanes1980,146,Geoarchaeology of Medieval Towns and Dark Earth
vanheeringen1995,146,Geoarchaeology of Medieval Towns and Dark Earth
verhaeghe2005,146,Geoarchaeology of Medieval Towns and Dark Earth
verhulst1978,146,Geoarchaeology of Medieval Towns and Dark Earth
vrydaghs2004,146,Geoarchaeology of Medieval Towns and Dark Earth
vrydaghs2007,146,Geoarchaeology of Medieval Towns and Dark Earth
wood1978,146,Geoarchaeology of Medieval Towns and Dark Earth
wouters2012,146,Geoarchaeology of Medieval Towns and Dark Earth
henning2007,146,Geoarchaeology of Medieval Towns and Dark Earth
pirenne1927,146,Geoarchaeology of Medieval Towns and Dark Earth
canti2003,146,Geoarchaeology of Medieval Towns and Dark Earth
matthews1997,146,Geoarchaeology of Medieval Towns and Dark Earth
clarke1995,146,Geoarchaeology of Medieval Towns and Dark Earth
bertran1991,146,Geoarchaeology of Medieval Towns and Dark Earth
cammas1994,146,Geoarchaeology of Medieval Towns and Dark Earth
cammas1995,146,Geoarchaeology of Medieval Towns and Dark Earth
cremaschi2010,146,Geoarchaeology of Medieval Towns and Dark Earth
fitzpatrick1993,146,Geoarchaeology of Medieval Towns and Dark Earth
galinie2004,146,Geoarchaeology of Medieval Towns and Dark Earth
loveluck2001,146,Geoarchaeology of Medieval Towns and Dark Earth
maixner2010,146,Geoarchaeology of Medieval Towns and Dark Earth
de1997,146,Geoarchaeology of Medieval Towns and Dark Earth
nicosia2014,146,Geoarchaeology of Medieval Towns and Dark Earth
schiegl1996,146,Geoarchaeology of Medieval Towns and Dark Earth
verslype2004,146,Geoarchaeology of Medieval Towns and Dark Earth
wouters2013,146,Geoarchaeology of Medieval Towns and Dark Earth
pirenne1938,146,Geoarchaeology of Medieval Towns and Dark Earth
schneidhofer2017,153,Geophysical Prospection and Environmental Archaeology
hinsch1945,153,Geophysical Prospection and Environmental Archaeology
leckebusch2003,153,Geophysical Prospection and Environmental Archaeology
armstrong1953,153,Geophysical Prospection and Environmental Archaeology
bates2000,153,Geophysical Prospection and Environmental Archaeology
bates2007,153,Geophysical Prospection and Environmental Archaeology
bayer2011,153,Geophysical Prospection and Environmental Archaeology
benedetti2011,153,Geophysical Prospection and Environmental Archaeology
berendsen2000,153,Geophysical Prospection and Environmental Archaeology
bird2010,153,Geophysical Prospection and Environmental Archaeology
bird1985,153,Geophysical Prospection and Environmental Archaeology
bristow2003,153,Geophysical Prospection and Environmental Archaeology
bristow2006,153,Geophysical Prospection and Environmental Archaeology
brivio2000,153,Geophysical Prospection and Environmental Archaeology
brown1997,153,Geophysical Prospection and Environmental Archaeology
burke2008,153,Geophysical Prospection and Environmental Archaeology
butzer1982,153,Geophysical Prospection and Environmental Archaeology
clemmensen2010,153,Geophysical Prospection and Environmental Archaeology
darwin1990,153,Geophysical Prospection and Environmental Archaeology
declercq2012,153,Geophysical Prospection and Environmental Archaeology
fatimarossetti2009,153,Geophysical Prospection and Environmental Archaeology
smedt2011,153,Geophysical Prospection and Environmental Archaeology
denham2008,153,Geophysical Prospection and Environmental Archaeology
deroin2011,153,Geophysical Prospection and Environmental Archaeology
dincauze2000,153,Geophysical Prospection and Environmental Archaeology
donoghue1988,153,Geophysical Prospection and Environmental Archaeology
embleton1970,153,Geophysical Prospection and Environmental Archaeology
chng2004,153,Geophysical Prospection and Environmental Archaeology
fairbridge1985,153,Geophysical Prospection and Environmental Archaeology
fitch2005,153,Geophysical Prospection and Environmental Archaeology
french2005,153,Geophysical Prospection and Environmental Archaeology
gabler2013,153,Geophysical Prospection and Environmental Archaeology
gaffney2008,153,Geophysical Prospection and Environmental Archaeology
harari1996,153,Geophysical Prospection and Environmental Archaeology
hickin2009,153,Geophysical Prospection and Environmental Archaeology
hodgson1976,153,Geophysical Prospection and Environmental Archaeology
howard2008,153,Geophysical Prospection and Environmental Archaeology
ilves2009,153,Geophysical Prospection and Environmental Archaeology
ilves2012,153,Geophysical Prospection and Environmental Archaeology
jensen1999,153,Geophysical Prospection and Environmental Archaeology
jongmans2007,153,Geophysical Prospection and Environmental Archaeology
kneisel2008,153,Geophysical Prospection and Environmental Archaeology
komar1998,153,Geophysical Prospection and Environmental Archaeology
lasaponara1995,153,Geophysical Prospection and Environmental Archaeology
leopold2010,153,Geophysical Prospection and Environmental Archaeology
linford2006,153,Geophysical Prospection and Environmental Archaeology
lunt2005,153,Geophysical Prospection and Environmental Archaeology
luo2012,153,Geophysical Prospection and Environmental Archaeology
mansfield2007,153,Geophysical Prospection and Environmental Archaeology
mcgraw2014,153,Geophysical Prospection and Environmental Archaeology
mchugh1988,153,Geophysical Prospection and Environmental Archaeology
nau2004,153,Geophysical Prospection and Environmental Archaeology
neal2002,153,Geophysical Prospection and Environmental Archaeology
neubauer2001,153,Geophysical Prospection and Environmental Archaeology
neubauer2004,153,Geophysical Prospection and Environmental Archaeology
proschdanielsen2006,153,Geophysical Prospection and Environmental Archaeology
proulxmcinnis2013,153,Geophysical Prospection and Environmental Archaeology
ramberg2008,153,Geophysical Prospection and Environmental Archaeology
rapp2006,153,Geophysical Prospection and Environmental Archaeology
saey2013,153,Geophysical Prospection and Environmental Archaeology
schrott2008,153,Geophysical Prospection and Environmental Archaeology
short2004,153,Geophysical Prospection and Environmental Archaeology
siart2008,153,Geophysical Prospection and Environmental Archaeology
soil2006,153,Geophysical Prospection and Environmental Archaeology
syvitski1995,153,Geophysical Prospection and Environmental Archaeology
tamura2012,153,Geophysical Prospection and Environmental Archaeology
taylor1996,153,Geophysical Prospection and Environmental Archaeology
trinks2015,153,Geophysical Prospection and Environmental Archaeology
vandam2012,153,Geophysical Prospection and Environmental Archaeology
wegmann2012,153,Geophysical Prospection and Environmental Archaeology
weston2001,153,Geophysical Prospection and Environmental Archaeology
yoshiki2005,153,Geophysical Prospection and Environmental Archaeology
sorensen1988,153,Geophysical Prospection and Environmental Archaeology
reiter2019,245,Archaeological Mobility and Isotope Analysis
ling2013,245,Archaeological Mobility and Isotope Analysis
cabana2011,245,Archaeological Mobility and Isotope Analysis
knipper2017,245,Archaeological Mobility and Isotope Analysis
frei2013,245,Archaeological Mobility and Isotope Analysis
knipper2014,245,Archaeological Mobility and Isotope Analysis
muldner2011,245,Archaeological Mobility and Isotope Analysis
nehlich2009,245,Archaeological Mobility and Isotope Analysis
haak2008,245,Archaeological Mobility and Isotope Analysis
mead1934,245,Archaeological Mobility and Isotope Analysis
goffman1971,245,Archaeological Mobility and Isotope Analysis
adey2014,245,Archaeological Mobility and Isotope Analysis
andrushko2011,245,Archaeological Mobility and Isotope Analysis
beardsley1955,245,Archaeological Mobility and Isotope Analysis
bergerbrant2007,245,Archaeological Mobility and Isotope Analysis
binford1980,245,Archaeological Mobility and Isotope Analysis
bollig1987,245,Archaeological Mobility and Isotope Analysis
ceruti2004,245,Archaeological Mobility and Isotope Analysis
cresswell2012,245,Archaeological Mobility and Isotope Analysis
eerkens2014,245,Archaeological Mobility and Isotope Analysis
font2012,245,Archaeological Mobility and Isotope Analysis
frankopan2015,245,Archaeological Mobility and Isotope Analysis
frei2017,245,Archaeological Mobility and Isotope Analysis
frobeniusnd,245,Archaeological Mobility and Isotope Analysis
frobeniusnda,245,Archaeological Mobility and Isotope Analysis
garnett1945,245,Archaeological Mobility and Isotope Analysis
gleirscher2004,245,Archaeological Mobility and Isotope Analysis
greenblatt2010,245,Archaeological Mobility and Isotope Analysis
gronenborn1999,245,Archaeological Mobility and Isotope Analysis
heberle1938,245,Archaeological Mobility and Isotope Analysis
helms1994,245,Archaeological Mobility and Isotope Analysis
hermes2018,245,Archaeological Mobility and Isotope Analysis
huntington1996,245,Archaeological Mobility and Isotope Analysis
jockenhovel1980,245,Archaeological Mobility and Isotope Analysis
jockenhovel1991,245,Archaeological Mobility and Isotope Analysis
jockenhovel1995,245,Archaeological Mobility and Isotope Analysis
jockenhovel1994,245,Archaeological Mobility and Isotope Analysis
kaufmann2004,245,Archaeological Mobility and Isotope Analysis
kelly1992,245,Archaeological Mobility and Isotope Analysis
kelly1995,245,Archaeological Mobility and Isotope Analysis
kimmig1958,245,Archaeological Mobility and Isotope Analysis
kootker2016,245,Archaeological Mobility and Isotope Analysis
krause1988,245,Archaeological Mobility and Isotope Analysis
lee1966,245,Archaeological Mobility and Isotope Analysis
ling2014,245,Archaeological Mobility and Isotope Analysis
lippert2007,245,Archaeological Mobility and Isotope Analysis
maixner2013,245,Archaeological Mobility and Isotope Analysis
marshall2015,245,Archaeological Mobility and Isotope Analysis
melheim2018,245,Archaeological Mobility and Isotope Analysis
murdock1967,245,Archaeological Mobility and Isotope Analysis
neaher1979,245,Archaeological Mobility and Isotope Analysis
neipert2006,245,Archaeological Mobility and Isotope Analysis
nerlich2009,245,Archaeological Mobility and Isotope Analysis
oelze2011,245,Archaeological Mobility and Isotope Analysis
pernter2007,245,Archaeological Mobility and Isotope Analysis
plomp2017,245,Archaeological Mobility and Isotope Analysis
podolny2005,245,Archaeological Mobility and Isotope Analysis
reiter2014,245,Archaeological Mobility and Isotope Analysis
reiter2015,245,Archaeological Mobility and Isotope Analysis
schadelindig2003,245,Archaeological Mobility and Isotope Analysis
scharlotta2018,245,Archaeological Mobility and Isotope Analysis
scheeres2014,245,Archaeological Mobility and Isotope Analysis
shellar2018,245,Archaeological Mobility and Isotope Analysis
sjastaad1962,245,Archaeological Mobility and Isotope Analysis
stewart2017,245,Archaeological Mobility and Isotope Analysis
tipple2013,245,Archaeological Mobility and Isotope Analysis
vandersanden1996,245,Archaeological Mobility and Isotope Analysis
vandkilde2007,245,Archaeological Mobility and Isotope Analysis
veblennd,245,Archaeological Mobility and Isotope Analysis
welsweyrauch1988,245,Archaeological Mobility and Isotope Analysis
wendrich2008,245,Archaeological Mobility and Isotope Analysis
white2009,245,Archaeological Mobility and Isotope Analysis
urry2007,245,Archaeological Mobility and Isotope Analysis
raffield2018,33,"Gender, Marriage, and Social Structures"
androshchuk2012,33,"Gender, Marriage, and Social Structures"
callow2006,33,"Gender, Marriage, and Social Structures"
mundal1987,33,"Gender, Marriage, and Social Structures"
mundal1988,33,"Gender, Marriage, and Social Structures"
jochens1996,33,"Gender, Marriage, and Social Structures"
dronke1997,33,"Gender, Marriage, and Social Structures"
ol1954,33,"Gender, Marriage, and Social Structures"
sigfusson1940,33,"Gender, Marriage, and Social Structures"
bjorn1943a,33,"Gender, Marriage, and Social Structures"
kunz2001,33,"Gender, Marriage, and Social Structures"
magnus2008,33,"Gender, Marriage, and Social Structures"
einarol1934,33,"Gender, Marriage, and Social Structures"
palsson1989,33,"Gender, Marriage, and Social Structures"
scudder2000,33,"Gender, Marriage, and Social Structures"
adalbjarnarson1941,33,"Gender, Marriage, and Social Structures"
pantman2014,33,"Gender, Marriage, and Social Structures"
hauptman2014,33,"Gender, Marriage, and Social Structures"
hudson2005,33,"Gender, Marriage, and Social Structures"
attwood2000,33,"Gender, Marriage, and Social Structures"
einarsson1991,33,"Gender, Marriage, and Social Structures"
durrenburger1934,33,"Gender, Marriage, and Social Structures"
ol1939,33,"Gender, Marriage, and Social Structures"
ellison2000,33,"Gender, Marriage, and Social Structures"
finlay2011,33,"Gender, Marriage, and Social Structures"
finlay1959,33,"Gender, Marriage, and Social Structures"
kennedy1997,33,"Gender, Marriage, and Social Structures"
lunde1983,33,"Gender, Marriage, and Social Structures"
schmeidler1917,33,"Gender, Marriage, and Social Structures"
toddnd,33,"Gender, Marriage, and Social Structures"
alkrenawi1999,33,"Gender, Marriage, and Social Structures"
alkrenawi2002,33,"Gender, Marriage, and Social Structures"
audur2008,33,"Gender, Marriage, and Social Structures"
barry1981,33,"Gender, Marriage, and Social Structures"
baumeister2004,33,"Gender, Marriage, and Social Structures"
betzig1995,33,"Gender, Marriage, and Social Structures"
borovsky1999,33,"Gender, Marriage, and Social Structures"
boyden2007,33,"Gender, Marriage, and Social Structures"
bragg2008,33,"Gender, Marriage, and Social Structures"
breitman2004,33,"Gender, Marriage, and Social Structures"
broude1976,33,"Gender, Marriage, and Social Structures"
caldwell1998,33,"Gender, Marriage, and Social Structures"
ross2010,33,"Gender, Marriage, and Social Structures"
daly1980,33,"Gender, Marriage, and Social Structures"
divale1976,33,"Gender, Marriage, and Social Structures"
elbedour2006,33,"Gender, Marriage, and Social Structures"
fleisher1999,33,"Gender, Marriage, and Social Structures"
fleisher2004,33,"Gender, Marriage, and Social Structures"
grossbardshechtman1993,33,"Gender, Marriage, and Social Structures"
graslund1989,33,"Gender, Marriage, and Social Structures"
henrich2012,33,"Gender, Marriage, and Social Structures"
huber2011,33,"Gender, Marriage, and Social Structures"
jankowiak2008,33,"Gender, Marriage, and Social Structures"
jankowiak2005,33,"Gender, Marriage, and Social Structures"
karamagi2006,33,"Gender, Marriage, and Social Structures"
karras1992,33,"Gender, Marriage, and Social Structures"
kress2002,33,"Gender, Marriage, and Social Structures"
kolker2014,33,"Gender, Marriage, and Social Structures"
liwoch2007,33,"Gender, Marriage, and Social Structures"
ljungqvist2015,33,"Gender, Marriage, and Social Structures"
miller1982,33,"Gender, Marriage, and Social Structures"
norstein2014,33,"Gender, Marriage, and Social Structures"
omariba2007,33,"Gender, Marriage, and Social Structures"
ritchie1976,33,"Gender, Marriage, and Social Structures"
saelebakke1986,33,"Gender, Marriage, and Social Structures"
schacht2015,33,"Gender, Marriage, and Social Structures"
simek1992,33,"Gender, Marriage, and Social Structures"
sjoberg1976,33,"Gender, Marriage, and Social Structures"
sorensen1946,33,"Gender, Marriage, and Social Structures"
wyatt2009,33,"Gender, Marriage, and Social Structures"
nordal1938,33,"Gender, Marriage, and Social Structures"
sigurdur1938,33,"Gender, Marriage, and Social Structures"
raffield2016,78,Evolutionary Anthropology and Mating Systems
raffield2017,78,Evolutionary Anthropology and Mating Systems
williams2020,78,Evolutionary Anthropology and Mating Systems
downham2008,78,Evolutionary Anthropology and Mating Systems
keynes1983,78,Evolutionary Anthropology and Mating Systems
konsa2008,78,Evolutionary Anthropology and Mating Systems
dommasnes1991,78,Evolutionary Anthropology and Mating Systems
enright1986,78,Evolutionary Anthropology and Mating Systems
enright1996,78,Evolutionary Anthropology and Mating Systems
griffiths2010,78,Evolutionary Anthropology and Mating Systems
myhre2000,78,Evolutionary Anthropology and Mating Systems
mcturk2004,78,Evolutionary Anthropology and Mating Systems
harrison2008,78,Evolutionary Anthropology and Mating Systems
magnus2001,78,Evolutionary Anthropology and Mating Systems
white1988,78,Evolutionary Anthropology and Mating Systems
geake1997,78,Evolutionary Anthropology and Mating Systems
karras1990,78,Evolutionary Anthropology and Mating Systems
evans1997,78,Evolutionary Anthropology and Mating Systems
dudo1998,78,Evolutionary Anthropology and Mating Systems
gragas2000,78,Evolutionary Anthropology and Mating Systems
grettirssaga1974,78,Evolutionary Anthropology and Mating Systems
layofharoldtransl1936,78,Evolutionary Anthropology and Mating Systems
betzig1982,78,Evolutionary Anthropology and Mating Systems
brown2009,78,Evolutionary Anthropology and Mating Systems
camdennd,78,Evolutionary Anthropology and Mating Systems
chagnon1988,78,Evolutionary Anthropology and Mating Systems
coleman2015,78,Evolutionary Anthropology and Mating Systems
colwell1988,78,Evolutionary Anthropology and Mating Systems
debuse1999,78,Evolutionary Anthropology and Mating Systems
dickemann1979,78,Evolutionary Anthropology and Mating Systems
ebel1993,78,Evolutionary Anthropology and Mating Systems
ember1974,78,Evolutionary Anthropology and Mating Systems
emlen1977,78,Evolutionary Anthropology and Mating Systems
forsgren2004,78,Evolutionary Anthropology and Mating Systems
fuglestvedt2014,78,Evolutionary Anthropology and Mating Systems
goetting2006,78,Evolutionary Anthropology and Mating Systems
griskevicius2012,78,Evolutionary Anthropology and Mating Systems
hill1990,78,Evolutionary Anthropology and Mating Systems
hoglund1993,78,Evolutionary Anthropology and Mating Systems
hudson2004,78,Evolutionary Anthropology and Mating Systems
jacobsen1982,78,Evolutionary Anthropology and Mating Systems
jochens1980,78,Evolutionary Anthropology and Mating Systems
jochens1986,78,Evolutionary Anthropology and Mating Systems
jochens1987,78,Evolutionary Anthropology and Mating Systems
jochens1991,78,Evolutionary Anthropology and Mating Systems
kvarnemo1996,78,Evolutionary Anthropology and Mating Systems
kvarnemo1995,78,Evolutionary Anthropology and Mating Systems
madsen1993,78,Evolutionary Anthropology and Mating Systems
mitani1996,78,Evolutionary Anthropology and Mating Systems
montgomery2008,78,Evolutionary Anthropology and Mating Systems
moorad2011,78,Evolutionary Anthropology and Mating Systems
opdahl2003,78,Evolutionary Anthropology and Mating Systems
reichert2006,78,Evolutionary Anthropology and Mating Systems
sampson2006,78,Evolutionary Anthropology and Mating Systems
schacht2014,78,Evolutionary Anthropology and Mating Systems
szekely2014,78,Evolutionary Anthropology and Mating Systems
weir2011,78,Evolutionary Anthropology and Mating Systems
woolf2016,78,Evolutionary Anthropology and Mating Systems
zeitzen2008,78,Evolutionary Anthropology and Mating Systems
price1969,78,Evolutionary Anthropology and Mating Systems
russell2007,78,Evolutionary Anthropology and Mating Systems
budd2014,78,Evolutionary Anthropology and Mating Systems
score2010,78,Evolutionary Anthropology and Mating Systems
lundraffield1989,78,Evolutionary Anthropology and Mating Systems
ross1983,78,Evolutionary Anthropology and Mating Systems
baker1997,78,Evolutionary Anthropology and Mating Systems
richards1983,78,Evolutionary Anthropology and Mating Systems
williams1983,78,Evolutionary Anthropology and Mating Systems
swanton1970,78,Evolutionary Anthropology and Mating Systems
cluniesross1985,78,Evolutionary Anthropology and Mating Systems
woodward2004,78,Evolutionary Anthropology and Mating Systems
sussex1997,78,Evolutionary Anthropology and Mating Systems
waitznda,78,Evolutionary Anthropology and Mating Systems
price2019,79,Archaeology and Anthropology of Rus' and Novgorod
hoppe2003,79,Archaeology and Anthropology of Rus' and Novgorod
hall2016,79,Archaeology and Anthropology of Rus' and Novgorod
selling1940,79,Archaeology and Anthropology of Rus' and Novgorod
whittaker2006,79,Archaeology and Anthropology of Rus' and Novgorod
unmarknylen1981,79,Archaeology and Anthropology of Rus' and Novgorod
jensenius2018,79,Archaeology and Anthropology of Rus' and Novgorod
aberg1995,79,Archaeology and Anthropology of Rus' and Novgorod
kohn1999,79,Archaeology and Anthropology of Rus' and Novgorod
alqahtani2010,79,Archaeology and Anthropology of Rus' and Novgorod
ros2001,79,Archaeology and Anthropology of Rus' and Novgorod
hagg2002,79,Archaeology and Anthropology of Rus' and Novgorod
magnusson2000,79,Archaeology and Anthropology of Rus' and Novgorod
lofvendahl1990,79,Archaeology and Anthropology of Rus' and Novgorod
roesdahl2016,79,Archaeology and Anthropology of Rus' and Novgorod
ambrosiani1991,79,Archaeology and Anthropology of Rus' and Novgorod
arwidsson1984a,79,Archaeology and Anthropology of Rus' and Novgorod
holmquist2009,79,Archaeology and Anthropology of Rus' and Novgorod
arnold1991,79,Archaeology and Anthropology of Rus' and Novgorod
dowson2006,79,Archaeology and Anthropology of Rus' and Novgorod
dror2017,79,Archaeology and Anthropology of Rus' and Novgorod
fridriksdottir2013,79,Archaeology and Anthropology of Rus' and Novgorod
geller2017,79,Archaeology and Anthropology of Rus' and Novgorod
gero1985,79,Archaeology and Anthropology of Rus' and Novgorod
ghisleni2016,79,Archaeology and Anthropology of Rus' and Novgorod
herget2008,79,Archaeology and Anthropology of Rus' and Novgorod
jansson1992,79,Archaeology and Anthropology of Rus' and Novgorod
jensen2018,79,Archaeology and Anthropology of Rus' and Novgorod
jordan2009,79,Archaeology and Anthropology of Rus' and Novgorod
joyce2008,79,Archaeology and Anthropology of Rus' and Novgorod
knauer2001,79,Archaeology and Anthropology of Rus' and Novgorod
lindqvist2004,79,Archaeology and Anthropology of Rus' and Novgorod
nakhaeizadeh2014,79,Archaeology and Anthropology of Rus' and Novgorod
nilssonstutz2013,79,Archaeology and Anthropology of Rus' and Novgorod
norgardjorgensen1997,79,Archaeology and Anthropology of Rus' and Novgorod
olausson2001a,79,Archaeology and Anthropology of Rus' and Novgorod
reeder2008,79,Archaeology and Anthropology of Rus' and Novgorod
sorensen1983,79,Archaeology and Anthropology of Rus' and Novgorod
stolpe2019,79,Archaeology and Anthropology of Rus' and Novgorod
wylie1992,79,Archaeology and Anthropology of Rus' and Novgorod
ravdonikas1949,79,Archaeology and Anthropology of Rus' and Novgorod
caroline1999,79,Archaeology and Anthropology of Rus' and Novgorod
blank2018,79,Archaeology and Anthropology of Rus' and Novgorod
chukhina2015,79,Archaeology and Anthropology of Rus' and Novgorod
davydova1999,79,Archaeology and Anthropology of Rus' and Novgorod
dzhakson2002,79,Archaeology and Anthropology of Rus' and Novgorod
dzhakson1986,79,Archaeology and Anthropology of Rus' and Novgorod
glykou2018,79,Archaeology and Anthropology of Rus' and Novgorod
gorelov1997,79,Archaeology and Anthropology of Rus' and Novgorod
nv2017,79,Archaeology and Anthropology of Rus' and Novgorod
gromig2019,79,Archaeology and Anthropology of Rus' and Novgorod
jackson2003,79,Archaeology and Anthropology of Rus' and Novgorod
jackson2009,79,Archaeology and Anthropology of Rus' and Novgorod
khudoley2013,79,Archaeology and Anthropology of Rus' and Novgorod
kirpichnikov1984,79,Archaeology and Anthropology of Rus' and Novgorod
kirpichnikov2013,79,Archaeology and Anthropology of Rus' and Novgorod
knudson2007,79,Archaeology and Anthropology of Rus' and Novgorod
lalazarov2012,79,Archaeology and Anthropology of Rus' and Novgorod
moiseyev2014,79,Archaeology and Anthropology of Rus' and Novgorod
moisio2015,79,Archaeology and Anthropology of Rus' and Novgorod
ostman2004,79,Archaeology and Anthropology of Rus' and Novgorod
petrenko1985,79,Archaeology and Anthropology of Rus' and Novgorod
petterson1995,79,Archaeology and Anthropology of Rus' and Novgorod
platonova1996,79,Archaeology and Anthropology of Rus' and Novgorod
raffensperger2014,79,Archaeology and Anthropology of Rus' and Novgorod
saarnisto1995,79,Archaeology and Anthropology of Rus' and Novgorod
sankina2000,79,Archaeology and Anthropology of Rus' and Novgorod
sauramo1929,79,Archaeology and Anthropology of Rus' and Novgorod
karlgoran1999,79,Archaeology and Anthropology of Rus' and Novgorod
subetto1998,79,Archaeology and Anthropology of Rus' and Novgorod
zazzo2004,79,Archaeology and Anthropology of Rus' and Novgorod
price2019a,79,Archaeology and Anthropology of Rus' and Novgorod
catlin2016,139,Historical Ecology and Human-Nature Interactions
cooper2012,139,Historical Ecology and Human-Nature Interactions
costanza2007,139,Historical Ecology and Human-Nature Interactions
crumley1993,139,Historical Ecology and Human-Nature Interactions
ipcc2014,139,Historical Ecology and Human-Nature Interactions
lane2015,139,Historical Ecology and Human-Nature Interactions
rockman2012,139,Historical Ecology and Human-Nature Interactions
arnalds2004,139,Historical Ecology and Human-Nature Interactions
atalay2012,139,Historical Ecology and Human-Nature Interactions
balee2006,139,Historical Ecology and Human-Nature Interactions
bolender2012,139,Historical Ecology and Human-Nature Interactions
bolender2008,139,Historical Ecology and Human-Nature Interactions
braje2015,139,Historical Ecology and Human-Nature Interactions
braje2013,139,Historical Ecology and Human-Nature Interactions
briggs2006,139,Historical Ecology and Human-Nature Interactions
brownlow2006,139,Historical Ecology and Human-Nature Interactions
butzer1975,139,Historical Ecology and Human-Nature Interactions
caseldine2010,139,Historical Ecology and Human-Nature Interactions
catlin2011,139,Historical Ecology and Human-Nature Interactions
catlin2013,139,Historical Ecology and Human-Nature Interactions
catlin2014,139,Historical Ecology and Human-Nature Interactions
chadwick2013,139,Historical Ecology and Human-Nature Interactions
chase2014,139,Historical Ecology and Human-Nature Interactions
correia2013,139,Historical Ecology and Human-Nature Interactions
crofts2011,139,Historical Ecology and Human-Nature Interactions
cronon1991,139,Historical Ecology and Human-Nature Interactions
crumley2003,139,Historical Ecology and Human-Nature Interactions
dasmann1976,139,Historical Ecology and Human-Nature Interactions
earle2002,139,Historical Ecology and Human-Nature Interactions
einarsson2015,139,Historical Ecology and Human-Nature Interactions
ensor2003,139,Historical Ecology and Human-Nature Interactions
fisher2005,139,Historical Ecology and Human-Nature Interactions
fisher2009,139,Historical Ecology and Human-Nature Interactions
foley2013,139,Historical Ecology and Human-Nature Interactions
harris2006,139,Historical Ecology and Human-Nature Interactions
hicks2014,139,Historical Ecology and Human-Nature Interactions
hilger2015,139,Historical Ecology and Human-Nature Interactions
hill2009,139,Historical Ecology and Human-Nature Interactions
hodder2004,139,Historical Ecology and Human-Nature Interactions
johnson2012,139,Historical Ecology and Human-Nature Interactions
kennett2013,139,Historical Ecology and Human-Nature Interactions
kintigh2014,139,Historical Ecology and Human-Nature Interactions
klein2015,139,Historical Ecology and Human-Nature Interactions
lansing2007,139,Historical Ecology and Human-Nature Interactions
larkin2013,139,Historical Ecology and Human-Nature Interactions
lentfer2002,139,Historical Ecology and Human-Nature Interactions
lightfoot1998,139,Historical Ecology and Human-Nature Interactions
logan2013,139,Historical Ecology and Human-Nature Interactions
melville1990,139,Historical Ecology and Human-Nature Interactions
mitchell2003,139,Historical Ecology and Human-Nature Interactions
morton2013,139,Historical Ecology and Human-Nature Interactions
mrozowski2006,139,Historical Ecology and Human-Nature Interactions
mrozowski2011,139,Historical Ecology and Human-Nature Interactions
norgaard2011,139,Historical Ecology and Human-Nature Interactions
ogilvie2010,139,Historical Ecology and Human-Nature Interactions
palsson2013,139,Historical Ecology and Human-Nature Interactions
redman2005,139,Historical Ecology and Human-Nature Interactions
reitz2012,139,Historical Ecology and Human-Nature Interactions
rull2013,139,Historical Ecology and Human-Nature Interactions
steffen2011,139,Historical Ecology and Human-Nature Interactions
streeter2013,139,Historical Ecology and Human-Nature Interactions
streeter2015,139,Historical Ecology and Human-Nature Interactions
stump2013,139,Historical Ecology and Human-Nature Interactions
thomson2006,139,Historical Ecology and Human-Nature Interactions
thorhallsdottir2013,139,Historical Ecology and Human-Nature Interactions
vandenoort2013,139,Historical Ecology and Human-Nature Interactions
vanderleeuw2014,139,Historical Ecology and Human-Nature Interactions
wilson1989,139,Historical Ecology and Human-Nature Interactions
woodbridge2012,139,Historical Ecology and Human-Nature Interactions
young2007,139,Historical Ecology and Human-Nature Interactions
price2008a,44,Viking Age Mortuary Practices and Burial Rites
price2010,44,Viking Age Mortuary Practices and Burial Rites
ulriksen2018,44,Viking Age Mortuary Practices and Burial Rites
price2002,44,Viking Age Mortuary Practices and Burial Rites
svanberg2003,44,Viking Age Mortuary Practices and Burial Rites
callmer1992,44,Viking Age Mortuary Practices and Burial Rites
arbman1940,44,Viking Age Mortuary Practices and Burial Rites
pedersen1997,44,Viking Age Mortuary Practices and Burial Rites
andren2007,44,Viking Age Mortuary Practices and Burial Rites
stolpe1912,44,Viking Age Mortuary Practices and Burial Rites
crumlinpedersen1995,44,Viking Age Mortuary Practices and Burial Rites
callmer1991,44,Viking Age Mortuary Practices and Burial Rites
mullerwille1970,44,Viking Age Mortuary Practices and Burial Rites
sorensen2001,44,Viking Age Mortuary Practices and Burial Rites
mullerwille1976,44,Viking Age Mortuary Practices and Burial Rites
nicolaysennda,44,Viking Age Mortuary Practices and Burial Rites
carver1992,44,Viking Age Mortuary Practices and Burial Rites
carver2005,44,Viking Age Mortuary Practices and Burial Rites
thunmarknylen1998,44,Viking Age Mortuary Practices and Burial Rites
andren1993,44,Viking Age Mortuary Practices and Burial Rites
gansum2004,44,Viking Age Mortuary Practices and Burial Rites
stylegar2007,44,Viking Age Mortuary Practices and Burial Rites
bakka1993,44,Viking Age Mortuary Practices and Burial Rites
andren2006b,44,Viking Age Mortuary Practices and Burial Rites
bersu1966,44,Viking Age Mortuary Practices and Burial Rites
stylegar2005,44,Viking Age Mortuary Practices and Burial Rites
callmer1994,44,Viking Age Mortuary Practices and Burial Rites
iversen1991a,44,Viking Age Mortuary Practices and Burial Rites
dubois1999,44,Viking Age Mortuary Practices and Burial Rites
borsheim2002,44,Viking Age Mortuary Practices and Burial Rites
shetelig1912,44,Viking Age Mortuary Practices and Burial Rites
gunnell1995,44,Viking Age Mortuary Practices and Burial Rites
sjoberg1987,44,Viking Age Mortuary Practices and Burial Rites
blindheim2008,44,Viking Age Mortuary Practices and Burial Rites
brogger1997,44,Viking Age Mortuary Practices and Burial Rites
chatwin1990,44,Viking Age Mortuary Practices and Burial Rites
eisenschmidt1994,44,Viking Age Mortuary Practices and Burial Rites
gourevich1999,44,Viking Age Mortuary Practices and Burial Rites
gunnell2000,44,Viking Age Mortuary Practices and Burial Rites
gunnell2006,44,Viking Age Mortuary Practices and Burial Rites
hagg2009,44,Viking Age Mortuary Practices and Burial Rites
jakubovskij1926,44,Viking Age Mortuary Practices and Burial Rites
liepe1989,44,Viking Age Mortuary Practices and Burial Rites
mckinnell2005,44,Viking Age Mortuary Practices and Burial Rites
montgomery2004,44,Viking Age Mortuary Practices and Burial Rites
ogden2008,44,Viking Age Mortuary Practices and Burial Rites
page1985,44,Viking Age Mortuary Practices and Burial Rites
petrenko1991,44,Viking Age Mortuary Practices and Burial Rites
robbins2004,44,Viking Age Mortuary Practices and Burial Rites
schjodt2007,44,Viking Age Mortuary Practices and Burial Rites
schjodt2009,44,Viking Age Mortuary Practices and Burial Rites
steinsland1981,44,Viking Age Mortuary Practices and Burial Rites
stern2009,44,Viking Age Mortuary Practices and Burial Rites
tollnes1998,44,Viking Age Mortuary Practices and Burial Rites
chapman1981,44,Viking Age Mortuary Practices and Burial Rites
miller2005,44,Viking Age Mortuary Practices and Burial Rites
nylen1987,44,Viking Age Mortuary Practices and Burial Rites
andren2004j,44,Viking Age Mortuary Practices and Burial Rites
beskowsjoberg1987,44,Viking Age Mortuary Practices and Burial Rites
crumlinpedersen1995d,44,Viking Age Mortuary Practices and Burial Rites
t1999,44,Viking Age Mortuary Practices and Burial Rites
skaarup1972,44,Viking Age Mortuary Practices and Burial Rites
terry1990,44,Viking Age Mortuary Practices and Burial Rites
fern2012,44,Viking Age Mortuary Practices and Burial Rites
nasstrom1999,44,Viking Age Mortuary Practices and Burial Rites
warmind1995a,44,Viking Age Mortuary Practices and Burial Rites
price2008b,44,Viking Age Mortuary Practices and Burial Rites
gansum1998,44,Viking Age Mortuary Practices and Burial Rites
pilo2020,87,Glacial and Ice Patch Archaeology
pilo2018,87,Glacial and Ice Patch Archaeology
walsh2014,87,Glacial and Ice Patch Archaeology
ramsey2017,87,Glacial and Ice Patch Archaeology
benedictow2004,87,Glacial and Ice Patch Archaeology
ipccrkpachauri2014,87,Glacial and Ice Patch Archaeology
reckin2013,87,Glacial and Ice Patch Archaeology
dixon2014,87,Glacial and Ice Patch Archaeology
lee2017,87,Glacial and Ice Patch Archaeology
farbregd2009,87,Glacial and Ice Patch Archaeology
callanan2016,87,Glacial and Ice Patch Archaeology
vedeler2013,87,Glacial and Ice Patch Archaeology
hafner2015,87,Glacial and Ice Patch Archaeology
kelly2013,87,Glacial and Ice Patch Archaeology
fehrenschmitz2014,87,Glacial and Ice Patch Archaeology
hare2012,87,Glacial and Ice Patch Archaeology
haas2017,87,Glacial and Ice Patch Archaeology
orengo2013,87,Glacial and Ice Patch Archaeology
hjelle2015,87,Glacial and Ice Patch Archaeology
pluskowski2013,87,Glacial and Ice Patch Archaeology
indrelid2015,87,Glacial and Ice Patch Archaeology
beijersbergen2017,87,Glacial and Ice Patch Archaeology
vorren1998,87,Glacial and Ice Patch Archaeology
stene2015,87,Glacial and Ice Patch Archaeology
benn2010,87,Glacial and Ice Patch Archaeology
odegard2017,87,Glacial and Ice Patch Archaeology
young2012,87,Glacial and Ice Patch Archaeology
helama2012,87,Glacial and Ice Patch Archaeology
linderholm2010,87,Glacial and Ice Patch Archaeology
matthews2008,87,Glacial and Ice Patch Archaeology
bevanger2004,87,Glacial and Ice Patch Archaeology
kullman1994,87,Glacial and Ice Patch Archaeology
williams2012,87,Glacial and Ice Patch Archaeology
armit2014,87,Glacial and Ice Patch Archaeology
mann2015,87,Glacial and Ice Patch Archaeology
callanan2013,87,Glacial and Ice Patch Archaeology
callanan2015,87,Glacial and Ice Patch Archaeology
arjava2005,87,Glacial and Ice Patch Archaeology
buntgen2017,87,Glacial and Ice Patch Archaeology
nesje2009,87,Glacial and Ice Patch Archaeology
villumsen2016,87,Glacial and Ice Patch Archaeology
hoeg2014,87,Glacial and Ice Patch Archaeology
howardjohnston1998,87,Glacial and Ice Patch Archaeology
barth1983,87,Glacial and Ice Patch Archaeology
walloe2010,87,Glacial and Ice Patch Archaeology
olsen2001,87,Glacial and Ice Patch Archaeology
aukrust1982,87,Glacial and Ice Patch Archaeology
ayers2016,87,Glacial and Ice Patch Archaeology
bergman2007,87,Glacial and Ice Patch Archaeology
carrer2015,87,Glacial and Ice Patch Archaeology
critch2018,87,Glacial and Ice Patch Archaeology
curdy2016,87,Glacial and Ice Patch Archaeology
norvegicum2019,87,Glacial and Ice Patch Archaeology
finstad2018,87,Glacial and Ice Patch Archaeology
gilck2019,87,Glacial and Ice Patch Archaeology
grjotheim1978,87,Glacial and Ice Patch Archaeology
gunnarsdottir2000,87,Glacial and Ice Patch Archaeology
hollesen2018,87,Glacial and Ice Patch Archaeology
kleiven1973,87,Glacial and Ice Patch Archaeology
kummen1983,87,Glacial and Ice Patch Archaeology
providoli2016,87,Glacial and Ice Patch Archaeology
rosvold2017,87,Glacial and Ice Patch Archaeology
savioz2016,87,Glacial and Ice Patch Archaeology
shawnd,87,Glacial and Ice Patch Archaeology
thun2018,87,Glacial and Ice Patch Archaeology
timberlid2015,87,Glacial and Ice Patch Archaeology
volken2015,87,Glacial and Ice Patch Archaeology
younghusbandnd,87,Glacial and Ice Patch Archaeology
younghusband1904,87,Glacial and Ice Patch Archaeology
rogers2020,181,Non-Ferrous Metalworking and Craft Networks
omeadhra1979,181,Non-Ferrous Metalworking and Craft Networks
maixner1990,181,Non-Ferrous Metalworking and Craft Networks
waltonrogers2007,181,Non-Ferrous Metalworking and Craft Networks
forster2004,181,Non-Ferrous Metalworking and Craft Networks
grieg1940,181,Non-Ferrous Metalworking and Craft Networks
ottaway1992,181,Non-Ferrous Metalworking and Craft Networks
loveluck2007,181,Non-Ferrous Metalworking and Craft Networks
wallace1987,181,Non-Ferrous Metalworking and Craft Networks
grahamcampbell1987,181,Non-Ferrous Metalworking and Craft Networks
crawford1923,181,Non-Ferrous Metalworking and Craft Networks
ryan1989,181,Non-Ferrous Metalworking and Craft Networks
sindbaek2001,181,Non-Ferrous Metalworking and Craft Networks
sindbaek2003,181,Non-Ferrous Metalworking and Craft Networks
grahamcampbell2009,181,Non-Ferrous Metalworking and Craft Networks
roslund2010,181,Non-Ferrous Metalworking and Craft Networks
addyman1981,181,Non-Ferrous Metalworking and Craft Networks
alcock1963,181,Non-Ferrous Metalworking and Craft Networks
bayley1987,181,Non-Ferrous Metalworking and Craft Networks
bayley1991,181,Non-Ferrous Metalworking and Craft Networks
benson1911,181,Non-Ferrous Metalworking and Craft Networks
blair1991,181,Non-Ferrous Metalworking and Craft Networks
boni2003,181,Non-Ferrous Metalworking and Craft Networks
clarke1998,181,Non-Ferrous Metalworking and Craft Networks
coatsworth2002,181,Non-Ferrous Metalworking and Craft Networks
comber2004,181,Non-Ferrous Metalworking and Craft Networks
cowgill2009,181,Non-Ferrous Metalworking and Craft Networks
dickens2009,181,Non-Ferrous Metalworking and Craft Networks
cowie2012,181,Non-Ferrous Metalworking and Craft Networks
craddock1989,181,Non-Ferrous Metalworking and Craft Networks
daniels1988,181,Non-Ferrous Metalworking and Craft Networks
dommasnes1987,181,Non-Ferrous Metalworking and Craft Networks
emery2007,181,Non-Ferrous Metalworking and Craft Networks
eremin1998,181,Non-Ferrous Metalworking and Craft Networks
wilthew2002,181,Non-Ferrous Metalworking and Craft Networks
garmonsway1947,181,Non-Ferrous Metalworking and Craft Networks
gilmore1980,181,Non-Ferrous Metalworking and Craft Networks
griffiths2007,181,Non-Ferrous Metalworking and Craft Networks
hall2001,181,Non-Ferrous Metalworking and Craft Networks
higham1993,181,Non-Ferrous Metalworking and Craft Networks
hinton1990,181,Non-Ferrous Metalworking and Craft Networks
hinton1996,181,Non-Ferrous Metalworking and Craft Networks
hinton2000,181,Non-Ferrous Metalworking and Craft Networks
hinton2003,181,Non-Ferrous Metalworking and Craft Networks
hutcheson2009,181,Non-Ferrous Metalworking and Craft Networks
kershaw2010,181,Non-Ferrous Metalworking and Craft Networks
laing2006,181,Non-Ferrous Metalworking and Craft Networks
loken1987,181,Non-Ferrous Metalworking and Craft Networks
macgregor1999,181,Non-Ferrous Metalworking and Craft Networks
mann1982,181,Non-Ferrous Metalworking and Craft Networks
newman1993,181,Non-Ferrous Metalworking and Craft Networks
owencrocker1986,181,Non-Ferrous Metalworking and Craft Networks
paterson1997,181,Non-Ferrous Metalworking and Craft Networks
paterson2000,181,Non-Ferrous Metalworking and Craft Networks
pritchard1991,181,Non-Ferrous Metalworking and Craft Networks
radley1971,181,Non-Ferrous Metalworking and Craft Networks
seaman2013,181,Non-Ferrous Metalworking and Craft Networks
smith1923,181,Non-Ferrous Metalworking and Craft Networks
taylor1987,181,Non-Ferrous Metalworking and Craft Networks
thomas2004,181,Non-Ferrous Metalworking and Craft Networks
thomas2008a,181,Non-Ferrous Metalworking and Craft Networks
tweddle1986,181,Non-Ferrous Metalworking and Craft Networks
rogers2007,181,Non-Ferrous Metalworking and Craft Networks
rogers2014,181,Non-Ferrous Metalworking and Craft Networks
rogers2016,181,Non-Ferrous Metalworking and Craft Networks
wastling2009,181,Non-Ferrous Metalworking and Craft Networks
waterman1959,181,Non-Ferrous Metalworking and Craft Networks
webster2012,181,Non-Ferrous Metalworking and Craft Networks
burstrom2014,234,Object Biographies and Material Culture Theory
chippendale1983,234,Object Biographies and Material Culture Theory
gerritsen1999,234,Object Biographies and Material Culture Theory
olivier2004,234,Object Biographies and Material Culture Theory
allerton2007,234,Object Biographies and Material Culture Theory
barthes1971,234,Object Biographies and Material Culture Theory
barthes1986,234,Object Biographies and Material Culture Theory
bellamy2012,234,Object Biographies and Material Culture Theory
blackwell2007,234,Object Biographies and Material Culture Theory
blackwell2012,234,Object Biographies and Material Culture Theory
brisholm1997,234,Object Biographies and Material Culture Theory
burstrom1996,234,Object Biographies and Material Culture Theory
dannehl2009,234,Object Biographies and Material Culture Theory
demarrais2004,234,Object Biographies and Material Culture Theory
denzin1989,234,Object Biographies and Material Culture Theory
douglas1993,234,Object Biographies and Material Culture Theory
elfver2008,234,Object Biographies and Material Culture Theory
epstein1991,234,Object Biographies and Material Culture Theory
foucault1978,234,Object Biographies and Material Culture Theory
friedel1993,234,Object Biographies and Material Culture Theory
gaitanammann2005,234,Object Biographies and Material Culture Theory
gilchrist2000,234,Object Biographies and Material Culture Theory
gildonnd,234,Object Biographies and Material Culture Theory
golofast2003,234,Object Biographies and Material Culture Theory
gordon2009,234,Object Biographies and Material Culture Theory
halse2006,234,Object Biographies and Material Culture Theory
hamilakis1999,234,Object Biographies and Material Culture Theory
heffernan1988,234,Object Biographies and Material Culture Theory
herva2010,234,Object Biographies and Material Culture Theory
hibbert1969,234,Object Biographies and Material Culture Theory
hicks2010,234,Object Biographies and Material Culture Theory
holtorf2001,234,Object Biographies and Material Culture Theory
holtorf2008,234,Object Biographies and Material Culture Theory
humphrey2003,234,Object Biographies and Material Culture Theory
johnsonnd,234,Object Biographies and Material Culture Theory
jonsdottir1982,234,Object Biographies and Material Culture Theory
jonsson1997,234,Object Biographies and Material Culture Theory
joy2000,234,Object Biographies and Material Culture Theory
joyce2000,234,Object Biographies and Material Culture Theory
kilnernd,234,Object Biographies and Material Culture Theory
lamb2011,234,Object Biographies and Material Culture Theory
lamotta2012,234,Object Biographies and Material Culture Theory
latour1992,234,Object Biographies and Material Culture Theory
martindale2009,234,Object Biographies and Material Culture Theory
mcnaughton2006,234,Object Biographies and Material Culture Theory
meskell2004,234,Object Biographies and Material Culture Theory
michell1982,234,Object Biographies and Material Culture Theory
miller2000,234,Object Biographies and Material Culture Theory
nevett1999,234,Object Biographies and Material Culture Theory
novarr1986,234,Object Biographies and Material Culture Theory
olsen2012,234,Object Biographies and Material Culture Theory
ostergren1990,234,Object Biographies and Material Culture Theory
polkey1999,234,Object Biographies and Material Culture Theory
roos2003,234,Object Biographies and Material Culture Theory
roymans1995,234,Object Biographies and Material Culture Theory
sofaer2007,234,Object Biographies and Material Culture Theory
stewart1993,234,Object Biographies and Material Culture Theory
strathern1988,234,Object Biographies and Material Culture Theory
thompsonnd,234,Object Biographies and Material Culture Theory
tilley1996,234,Object Biographies and Material Culture Theory
valenze2006,234,Object Biographies and Material Culture Theory
vellinga1999,234,Object Biographies and Material Culture Theory
witmore2007,234,Object Biographies and Material Culture Theory
woolf1967,234,Object Biographies and Material Culture Theory
dionysiusnd,234,Object Biographies and Material Culture Theory
knappett2008a,234,Object Biographies and Material Culture Theory
rhiel1996,234,Object Biographies and Material Culture Theory
draganits2014,197,Landscape Archaeology and Geophysical Prospection
sorensen1979,197,Landscape Archaeology and Geophysical Prospection
ackermann1999,197,Landscape Archaeology and Geophysical Prospection
agren2007,197,Landscape Archaeology and Geophysical Prospection
ambrosiani2008,197,Landscape Archaeology and Geophysical Prospection
anundsen1985,197,Landscape Archaeology and Geophysical Prospection
bill2010,197,Landscape Archaeology and Geophysical Prospection
bird2008,197,Landscape Archaeology and Geophysical Prospection
carver1994,197,Landscape Archaeology and Geophysical Prospection
challis2006,197,Landscape Archaeology and Geophysical Prospection
chappell1986,197,Landscape Archaeology and Geophysical Prospection
church2011,197,Landscape Archaeology and Geophysical Prospection
cuslrg2013,197,Landscape Archaeology and Geophysical Prospection
clark2009,197,Landscape Archaeology and Geophysical Prospection
crutchley2010,197,Landscape Archaeology and Geophysical Prospection
davis2000,197,Landscape Archaeology and Geophysical Prospection
doneus2011,197,Landscape Archaeology and Geophysical Prospection
doneus2013,197,Landscape Archaeology and Geophysical Prospection
ekman1996,197,Landscape Archaeology and Geophysical Prospection
ekman2009,197,Landscape Archaeology and Geophysical Prospection
eliassen2009,197,Landscape Archaeology and Geophysical Prospection
falck2013,197,Landscape Archaeology and Geophysical Prospection
fleming1998,197,Landscape Archaeology and Geophysical Prospection
gansum1997,197,Landscape Archaeology and Geophysical Prospection
gansum2007,197,Landscape Archaeology and Geophysical Prospection
gansum2009,197,Landscape Archaeology and Geophysical Prospection
gron1998,197,Landscape Archaeology and Geophysical Prospection
hafsten1983,197,Landscape Archaeology and Geophysical Prospection
henningsmoen1978,197,Landscape Archaeology and Geophysical Prospection
hesnard2004,197,Landscape Archaeology and Geophysical Prospection
jerpasen1993,197,Landscape Archaeology and Geophysical Prospection
jerpasen1996,197,Landscape Archaeology and Geophysical Prospection
keller1993,197,Landscape Archaeology and Geophysical Prospection
keller1994,197,Landscape Archaeology and Geophysical Prospection
kierulf2012,197,Landscape Archaeology and Geophysical Prospection
klakegg1991,197,Landscape Archaeology and Geophysical Prospection
kokalj2011,197,Landscape Archaeology and Geophysical Prospection
lambeck1995,197,Landscape Archaeology and Geophysical Prospection
lambeck2010,197,Landscape Archaeology and Geophysical Prospection
lisiecki2005,197,Landscape Archaeology and Geophysical Prospection
mangerud2011,197,Landscape Archaeology and Geophysical Prospection
mitrovica2010,197,Landscape Archaeology and Geophysical Prospection
morhange2010,197,Landscape Archaeology and Geophysical Prospection
myhre2013,197,Landscape Archaeology and Geophysical Prospection
nhs2011,197,Landscape Archaeology and Geophysical Prospection
nicolaysennde,197,Landscape Archaeology and Geophysical Prospection
ostigard2009,197,Landscape Archaeology and Geophysical Prospection
olesen2004,197,Landscape Archaeology and Geophysical Prospection
otvos2000,197,Landscape Archaeology and Geophysical Prospection
passe2001,197,Landscape Archaeology and Geophysical Prospection
pirazzoli1991,197,Landscape Archaeology and Geophysical Prospection
persson2008,197,Landscape Archaeology and Geophysical Prospection
persson2011,197,Landscape Archaeology and Geophysical Prospection
persson2012,197,Landscape Archaeology and Geophysical Prospection
pirazzoli1996,197,Landscape Archaeology and Geophysical Prospection
pugh2004,197,Landscape Archaeology and Geophysical Prospection
risbol2009,197,Landscape Archaeology and Geophysical Prospection
simpson2012,197,Landscape Archaeology and Geophysical Prospection
stabell1980,197,Landscape Archaeology and Geophysical Prospection
stular2012,197,Landscape Archaeology and Geophysical Prospection
tartaron2013,197,Landscape Archaeology and Geophysical Prospection
vestol2006,197,Landscape Archaeology and Geophysical Prospection
vorren2008,197,Landscape Archaeology and Geophysical Prospection
watts2001,197,Landscape Archaeology and Geophysical Prospection
wehr1999,197,Landscape Archaeology and Geophysical Prospection
westerdahl1996,197,Landscape Archaeology and Geophysical Prospection
woodroffe2002,197,Landscape Archaeology and Geophysical Prospection
gardela2018,46,Gender Roles and Female Warriors
gardela2016,46,Gender Roles and Female Warriors
grinsell1961,46,Gender Roles and Female Warriors
bjorn1940,46,Gender Roles and Female Warriors
duczko1985,46,Gender Roles and Female Warriors
ringstedt1997,46,Gender Roles and Female Warriors
christensen1981,46,Gender Roles and Female Warriors
ol1934,46,Gender Roles and Female Warriors
jakobsson2001,46,Gender Roles and Female Warriors
backdanielsson1968,46,Gender Roles and Female Warriors
carlsson1999,46,Gender Roles and Female Warriors
daviskimball2002,46,Gender Roles and Female Warriors
dieck1975,46,Gender Roles and Female Warriors
dommasnes1978,46,Gender Roles and Female Warriors
davidson1972,46,Gender Roles and Female Warriors
davidson1996a,46,Gender Roles and Female Warriors
elsner2004,46,Gender Roles and Female Warriors
katrin2005,46,Gender Roles and Female Warriors
kalinke1986,46,Gender Roles and Female Warriors
lokka2014,46,Gender Roles and Female Warriors
majchczack1997,46,Gender Roles and Female Warriors
sauckel2013,46,Gender Roles and Female Warriors
samson1991,46,Gender Roles and Female Warriors
straubhaar2002,46,Gender Roles and Female Warriors
straubhaar2011,46,Gender Roles and Female Warriors
strom1954,46,Gender Roles and Female Warriors
mayor2014,46,Gender Roles and Female Warriors
regal2001,46,Gender Roles and Female Warriors
saxogrammaticus1996,46,Gender Roles and Female Warriors
miller1997,46,Gender Roles and Female Warriors
jonsson1944,46,Gender Roles and Female Warriors
palsson1962,46,Gender Roles and Female Warriors
eniosova2009,46,Gender Roles and Female Warriors
gardela2017,46,Gender Roles and Female Warriors
grinsell1973,46,Gender Roles and Female Warriors
hansson1938,46,Gender Roles and Female Warriors
hildebrandnda,46,Gender Roles and Female Warriors
jagodzinski2010,46,Gender Roles and Female Warriors
kivikoski1946,46,Gender Roles and Female Warriors
lorangendb,46,Gender Roles and Female Warriors
makarov2017,46,Gender Roles and Female Warriors
mannering2017,46,Gender Roles and Female Warriors
melin2001,46,Gender Roles and Female Warriors
morck1900,46,Gender Roles and Female Warriors
novikova1998,46,Gender Roles and Female Warriors
olsson1986,46,Gender Roles and Female Warriors
pestell2012,46,Gender Roles and Female Warriors
petersen1917,46,Gender Roles and Female Warriors
rudzinski2009,46,Gender Roles and Female Warriors
ryghnd,46,Gender Roles and Female Warriors
samdal1905,46,Gender Roles and Female Warriors
schnittger1920,46,Gender Roles and Female Warriors
stenberger1947,46,Gender Roles and Female Warriors
stenberger1953,46,Gender Roles and Female Warriors
stenberger1956,46,Gender Roles and Female Warriors
thoren1994,46,Gender Roles and Female Warriors
wetzler2017,46,Gender Roles and Female Warriors
worrell2003,46,Gender Roles and Female Warriors
sorheim2011,46,Gender Roles and Female Warriors
christensenetal1992,46,Gender Roles and Female Warriors
simek2006,46,Gender Roles and Female Warriors
andersenetal1985,46,Gender Roles and Female Warriors
gardela2013a,46,Gender Roles and Female Warriors
gardela2016a,46,Gender Roles and Female Warriors
carroll2014,46,Gender Roles and Female Warriors
coleman2014a,46,Gender Roles and Female Warriors
hilberg2013,58,Hedeby and early medieval trade towns
englert2015,58,Hedeby and early medieval trade towns
jankuhn1986,58,Hedeby and early medieval trade towns
steuer1974,58,Hedeby and early medieval trade towns
mccormick2007,58,Hedeby and early medieval trade towns
moesgaard2012,58,Hedeby and early medieval trade towns
hybel2007,58,Hedeby and early medieval trade towns
hjardar2012,58,Hedeby and early medieval trade towns
alper2003,58,Hedeby and early medieval trade towns
asmus2012,58,Hedeby and early medieval trade towns
bagge2009,58,Hedeby and early medieval trade towns
bartels2008,58,Hedeby and early medieval trade towns
bartlett1996,58,Hedeby and early medieval trade towns
baumgartner2013,58,Hedeby and early medieval trade towns
birkebaek1992,58,Hedeby and early medieval trade towns
bolton2009,58,Hedeby and early medieval trade towns
bompaire1997,58,Hedeby and early medieval trade towns
brather2010,58,Hedeby and early medieval trade towns
brather2012,58,Hedeby and early medieval trade towns
carelli2012,58,Hedeby and early medieval trade towns
christensen2000,58,Hedeby and early medieval trade towns
drjacobsen1942,58,Hedeby and early medieval trade towns
eisenschmidt2003,58,Hedeby and early medieval trade towns
filipowiak2008,58,Hedeby and early medieval trade towns
gelting2007,58,Hedeby and early medieval trade towns
gilomen2014,58,Hedeby and early medieval trade towns
grahamcampbell1991a,58,Hedeby and early medieval trade towns
hatz1974,58,Hedeby and early medieval trade towns
hauptmeyer1997,58,Hedeby and early medieval trade towns
henricson2006,58,Hedeby and early medieval trade towns
herrmann1994,58,Hedeby and early medieval trade towns
hinton2008,58,Hedeby and early medieval trade towns
hofmann1984,58,Hedeby and early medieval trade towns
hybel2013,58,Hedeby and early medieval trade towns
ilisch1988,58,Hedeby and early medieval trade towns
jankuhn1937,58,Hedeby and early medieval trade towns
jonsson1989,58,Hedeby and early medieval trade towns
juraske2010,58,Hedeby and early medieval trade towns
keller2008,58,Hedeby and early medieval trade towns
klappauf2011,58,Hedeby and early medieval trade towns
klappauf2008,58,Hedeby and early medieval trade towns
loveluck2013,58,Hedeby and early medieval trade towns
ludtke1985,58,Hedeby and early medieval trade towns
ludtke2013,58,Hedeby and early medieval trade towns
lund1991,58,Hedeby and early medieval trade towns
makeler2005,58,Hedeby and early medieval trade towns
metcalf1998,58,Hedeby and early medieval trade towns
meyer1998,58,Hedeby and early medieval trade towns
radtke2002,58,Hedeby and early medieval trade towns
rundberg2000,58,Hedeby and early medieval trade towns
sawyer2013,58,Hedeby and early medieval trade towns
scheel1940,58,Hedeby and early medieval trade towns
schledermann1966,58,Hedeby and early medieval trade towns
schwantes1932,58,Hedeby and early medieval trade towns
gratuze2011,58,Hedeby and early medieval trade towns
spuford1988,58,Hedeby and early medieval trade towns
steppuhn1998,58,Hedeby and early medieval trade towns
stieldorf2012,58,Hedeby and early medieval trade towns
stoklund2000,58,Hedeby and early medieval trade towns
tummuscheit2013,58,Hedeby and early medieval trade towns
verhulst2000,58,Hedeby and early medieval trade towns
wehner2007,58,Hedeby and early medieval trade towns
wiechmann2002,58,Hedeby and early medieval trade towns
williams1997,58,Hedeby and early medieval trade towns
hofmann2014c,58,Hedeby and early medieval trade towns
ilisch2013,58,Hedeby and early medieval trade towns
lund2008,29,Deposition practices and ritual landscapes
lund2010,29,Deposition practices and ritual landscapes
staecker2004,29,Deposition practices and ritual landscapes
gosden1999,29,Deposition practices and ritual landscapes
habbe2005,29,Deposition practices and ritual landscapes
jorgensen2002,29,Deposition practices and ritual landscapes
rappaport1999,29,Deposition practices and ritual landscapes
spangen2005,29,Deposition practices and ritual landscapes
jorgensen1995,29,Deposition practices and ritual landscapes
karsten1994,29,Deposition practices and ritual landscapes
simek1993,29,Deposition practices and ritual landscapes
arwidsson1983,29,Deposition practices and ritual landscapes
price2005,29,Deposition practices and ritual landscapes
ryste2005,29,Deposition practices and ritual landscapes
volundarkvida1971,29,Deposition practices and ritual landscapes
voluspa1971,29,Deposition practices and ritual landscapes
anderson2007,29,Deposition practices and ritual landscapes
berggren2006,29,Deposition practices and ritual landscapes
bradley1990,29,Deposition practices and ritual landscapes
bruck2005,29,Deposition practices and ritual landscapes
bardseth1998,29,Deposition practices and ritual landscapes
fowler2001,29,Deposition practices and ritual landscapes
fredengren2002,29,Deposition practices and ritual landscapes
fuglesang2002,29,Deposition practices and ritual landscapes
geisslinger1967,29,Deposition practices and ritual landscapes
helgesson1992,29,Deposition practices and ritual landscapes
hvid2005,29,Deposition practices and ritual landscapes
iversen1986,29,Deposition practices and ritual landscapes
jensen1942,29,Deposition practices and ritual landscapes
kilfeather2003,29,Deposition practices and ritual landscapes
kousgardsorensen1968,29,Deposition practices and ritual landscapes
kousgardsorensen1978,29,Deposition practices and ritual landscapes
needham2001,29,Deposition practices and ritual landscapes
nordell1991,29,Deposition practices and ritual landscapes
phillips2002,29,Deposition practices and ritual landscapes
rowlands1971,29,Deposition practices and ritual landscapes
seremetakis1994,29,Deposition practices and ritual landscapes
thunmarknylen1989,29,Deposition practices and ritual landscapes
vandenoort2006,29,Deposition practices and ritual landscapes
vigfussonnd,29,Deposition practices and ritual landscapes
warmind2004,29,Deposition practices and ritual landscapes
sorensen1981,29,Deposition practices and ritual landscapes
levy1982,29,Deposition practices and ritual landscapes
mauss1924,29,Deposition practices and ritual landscapes
melheim1999,29,Deposition practices and ritual landscapes
backhouse1984,29,Deposition practices and ritual landscapes
barrettnd,29,Deposition practices and ritual landscapes
cohen2003,29,Deposition practices and ritual landscapes
drachmann1967,29,Deposition practices and ritual landscapes
hodges1905,29,Deposition practices and ritual landscapes
idsoe2004,29,Deposition practices and ritual landscapes
ilkjaer2003,29,Deposition practices and ritual landscapes
lund2007,29,Deposition practices and ritual landscapes
murphy1992,29,Deposition practices and ritual landscapes
mullernda,29,Deposition practices and ritual landscapes
nasstrom1944,29,Deposition practices and ritual landscapes
osborne2004,29,Deposition practices and ritual landscapes
osullivan2000,29,Deposition practices and ritual landscapes
owencrocker1919,29,Deposition practices and ritual landscapes
petts2003,29,Deposition practices and ritual landscapes
simek1983,29,Deposition practices and ritual landscapes
swanton1974,29,Deposition practices and ritual landscapes
wellendorf2006,29,Deposition practices and ritual landscapes
wilson1964,29,Deposition practices and ritual landscapes
lund2017,32,Object agency and biographical approaches
lund2015,32,Object agency and biographical approaches
helms1993,32,Object agency and biographical approaches
davidson1962,32,Object agency and biographical approaches
weiner1985,32,Object agency and biographical approaches
gosden2005,32,Object agency and biographical approaches
hoskins1998,32,Object agency and biographical approaches
kopytoff1986,32,Object agency and biographical approaches
bell1969,32,Object agency and biographical approaches
pedersen2003,32,Object agency and biographical approaches
appadurai1986a,32,Object agency and biographical approaches
ingold1993,32,Object agency and biographical approaches
bell1992,32,Object agency and biographical approaches
steinsland2005,32,Object agency and biographical approaches
stutz2006,32,Object agency and biographical approaches
stromberg1961,32,Object agency and biographical approaches
bradley2000,32,Object agency and biographical approaches
ingold2000,32,Object agency and biographical approaches
jones1998,32,Object agency and biographical approaches
herschend2001,32,Object agency and biographical approaches
stutz2004,32,Object agency and biographical approaches
aikas2009,32,Object agency and biographical approaches
aikas2013,32,Object agency and biographical approaches
berggren2010,32,Object agency and biographical approaches
brightman2012,32,Object agency and biographical approaches
clavir2002,32,Object agency and biographical approaches
descola1992,32,Object agency and biographical approaches
descola2013,32,Object agency and biographical approaches
edvinger2006,32,Object agency and biographical approaches
hallstrom1932,32,Object agency and biographical approaches
helanderrenvall2010,32,Object agency and biographical approaches
hultkrantz1994,32,Object agency and biographical approaches
humphrey1994,32,Object agency and biographical approaches
hutton2001,32,Object agency and biographical approaches
jernsletten2006,32,Object agency and biographical approaches
jordan2003,32,Object agency and biographical approaches
manker1938,32,Object agency and biographical approaches
manker1950,32,Object agency and biographical approaches
mundal1996,32,Object agency and biographical approaches
nergard2003,32,Object agency and biographical approaches
okkonen2007,32,Object agency and biographical approaches
orsneschristensen1956,32,Object agency and biographical approaches
parpola2004,32,Object agency and biographical approaches
rindstad1997,32,Object agency and biographical approaches
serning1957,32,Object agency and biographical approaches
svestad2011,32,Object agency and biographical approaches
viveirosdecastro1998,32,Object agency and biographical approaches
willerslev2007,32,Object agency and biographical approaches
zachrisson1992,32,Object agency and biographical approaches
haugbui1924,32,Object agency and biographical approaches
islendingadrapa1973,32,Object agency and biographical approaches
beck1978,32,Object agency and biographical approaches
decastro2015,32,Object agency and biographical approaches
descola2010,32,Object agency and biographical approaches
drachmann1969,32,Object agency and biographical approaches
fowler2013,32,Object agency and biographical approaches
gansum1999,32,Object agency and biographical approaches
geary1979,32,Object agency and biographical approaches
geary1986,32,Object agency and biographical approaches
geary1990,32,Object agency and biographical approaches
harris1985,32,Object agency and biographical approaches
hastrup2013,32,Object agency and biographical approaches
vigfussonnda,32,Object agency and biographical approaches
weismantel2015,32,Object agency and biographical approaches
ryghndf,32,Object agency and biographical approaches
zoega2017,34,Burial archaeology and conversion periods
lee2008,34,Burial archaeology and conversion periods
sigurdsson1999,34,Burial archaeology and conversion periods
boddington1996,34,Burial archaeology and conversion periods
kristjansdottir2004,34,Burial archaeology and conversion periods
byock2005,34,Burial archaeology and conversion periods
gilchrist2008,34,Burial archaeology and conversion periods
hugason2000,34,Burial archaeology and conversion periods
jonsson2009,34,Burial archaeology and conversion periods
nilsson1994,34,Burial archaeology and conversion periods
zoega2012,34,Burial archaeology and conversion periods
zoega2010,34,Burial archaeology and conversion periods
gilchrist2005,34,Burial archaeology and conversion periods
holloway2010,34,Burial archaeology and conversion periods
frioriksson2013,34,Burial archaeology and conversion periods
steffen1943,34,Burial archaeology and conversion periods
sellevold2001,34,Burial archaeology and conversion periods
gillespie2001,34,Burial archaeology and conversion periods
jonsson2007,34,Burial archaeology and conversion periods
arcini1999,34,Burial archaeology and conversion periods
beckra2007,34,Burial archaeology and conversion periods
bolender2007,34,Burial archaeology and conversion periods
bolender2010,34,Burial archaeology and conversion periods
braudel1972,34,Burial archaeology and conversion periods
braudel1980,34,Burial archaeology and conversion periods
bynum1995,34,Burial archaeology and conversion periods
chesson2001,34,Burial archaeology and conversion periods
daniell1997,34,Burial archaeology and conversion periods
frioriksson2001,34,Burial archaeology and conversion periods
geake1995,34,Burial archaeology and conversion periods
gejvall1960,34,Burial archaeology and conversion periods
gestsdottir2014,34,Burial archaeology and conversion periods
gilchrist2015,34,Burial archaeology and conversion periods
hadley2010,34,Burial archaeology and conversion periods
halvorsen2008,34,Burial archaeology and conversion periods
harding2005,34,Burial archaeology and conversion periods
joyce2001,34,Burial archaeology and conversion periods
karlsson2004,34,Burial archaeology and conversion periods
mejsholm2008,34,Burial archaeology and conversion periods
meskell1998,34,Burial archaeology and conversion periods
meskell2001,34,Burial archaeology and conversion periods
thorlaksson2005,34,Burial archaeology and conversion periods
rindal1996,34,Burial archaeology and conversion periods
scott2011,34,Burial archaeology and conversion periods
sellevold2004,34,Burial archaeology and conversion periods
sellevold2008,34,Burial archaeology and conversion periods
sewell2005,34,Burial archaeology and conversion periods
sewell1996,34,Burial archaeology and conversion periods
sigurosson2003,34,Burial archaeology and conversion periods
sigurosson2014,34,Burial archaeology and conversion periods
stefansson1975,34,Burial archaeology and conversion periods
stefansson1978,34,Burial archaeology and conversion periods
steffensen1943,34,Burial archaeology and conversion periods
steinberg2016,34,Burial archaeology and conversion periods
sveinbjarnardottir2001,34,Burial archaeology and conversion periods
tsaliki2008,34,Burial archaeology and conversion periods
vilhjalmsson1995,34,Burial archaeology and conversion periods
zadorario2003,34,Burial archaeology and conversion periods
zoega2014,34,Burial archaeology and conversion periods
zoega2015,34,Burial archaeology and conversion periods
zoega2007,34,Burial archaeology and conversion periods
zori2007,34,Burial archaeology and conversion periods
vangennep1960a,34,Burial archaeology and conversion periods
thorgilsson2006,34,Burial archaeology and conversion periods
morris1892,34,Burial archaeology and conversion periods
smith2018,65,Marine radiocarbon and isotopic analysis methods
nilsen2016,65,Marine radiocarbon and isotopic analysis methods
perdikaris2007,65,Marine radiocarbon and isotopic analysis methods
referencesanderson2013,65,Marine radiocarbon and isotopic analysis methods
arundale1981,65,Marine radiocarbon and isotopic analysis methods
ascough2005,65,Marine radiocarbon and isotopic analysis methods
ascough2006,65,Marine radiocarbon and isotopic analysis methods
ascough2009,65,Marine radiocarbon and isotopic analysis methods
ascough2014,65,Marine radiocarbon and isotopic analysis methods
austin2006,65,Marine radiocarbon and isotopic analysis methods
birgisson2013,65,Marine radiocarbon and isotopic analysis methods
bronkramsey2017,65,Marine radiocarbon and isotopic analysis methods
buonasera2015,65,Marine radiocarbon and isotopic analysis methods
coltrain2003,65,Marine radiocarbon and isotopic analysis methods
coulthard2010,65,Marine radiocarbon and isotopic analysis methods
craig1957,65,Marine radiocarbon and isotopic analysis methods
darwent2016,65,Marine radiocarbon and isotopic analysis methods
dumond1987,65,Marine radiocarbon and isotopic analysis methods
dumond2002,65,Marine radiocarbon and isotopic analysis methods
einarsson2011,65,Marine radiocarbon and isotopic analysis methods
fitzhugh1993,65,Marine radiocarbon and isotopic analysis methods
fitzhugh2004,65,Marine radiocarbon and isotopic analysis methods
friesen2016,65,Marine radiocarbon and isotopic analysis methods
gronnow2017,65,Marine radiocarbon and isotopic analysis methods
hajdas2014,65,Marine radiocarbon and isotopic analysis methods
harritt1995,65,Marine radiocarbon and isotopic analysis methods
smith2015,65,Marine radiocarbon and isotopic analysis methods
smith2016,65,Marine radiocarbon and isotopic analysis methods
heron2010,65,Marine radiocarbon and isotopic analysis methods
holtved1944,65,Marine radiocarbon and isotopic analysis methods
isaksson2010,65,Marine radiocarbon and isotopic analysis methods
issenmen1997,65,Marine radiocarbon and isotopic analysis methods
jull1996,65,Marine radiocarbon and isotopic analysis methods
ledger2016,65,Marine radiocarbon and isotopic analysis methods
linnamae1975,65,Marine radiocarbon and isotopic analysis methods
mangerud1972,65,Marine radiocarbon and isotopic analysis methods
mangerud2006,65,Marine radiocarbon and isotopic analysis methods
maryrousseliere1976,65,Marine radiocarbon and isotopic analysis methods
maryrousseliere1979,65,Marine radiocarbon and isotopic analysis methods
mason1990,65,Marine radiocarbon and isotopic analysis methods
mathiassen1927,65,Marine radiocarbon and isotopic analysis methods
mcghee2009,65,Marine radiocarbon and isotopic analysis methods
mcghee1976,65,Marine radiocarbon and isotopic analysis methods
nilsen2017,65,Marine radiocarbon and isotopic analysis methods
odess1996,65,Marine radiocarbon and isotopic analysis methods
olsson1980,65,Marine radiocarbon and isotopic analysis methods
ostergard1999,65,Marine radiocarbon and isotopic analysis methods
owen2002,65,Marine radiocarbon and isotopic analysis methods
park1994,65,Marine radiocarbon and isotopic analysis methods
petterson2013,65,Marine radiocarbon and isotopic analysis methods
possnert1997,65,Marine radiocarbon and isotopic analysis methods
reimer2001,65,Marine radiocarbon and isotopic analysis methods
sabo1980,65,Marine radiocarbon and isotopic analysis methods
sayle2014,65,Marine radiocarbon and isotopic analysis methods
sayle2016,65,Marine radiocarbon and isotopic analysis methods
schledermann1978,65,Marine radiocarbon and isotopic analysis methods
seersholm2016,65,Marine radiocarbon and isotopic analysis methods
sinding2015,65,Marine radiocarbon and isotopic analysis methods
sinding2017,65,Marine radiocarbon and isotopic analysis methods
stuiver1986,65,Marine radiocarbon and isotopic analysis methods
tauber1979,65,Marine radiocarbon and isotopic analysis methods
taylor1995,65,Marine radiocarbon and isotopic analysis methods
tremayne2016,65,Marine radiocarbon and isotopic analysis methods
hayeursmith2018,65,Marine radiocarbon and isotopic analysis methods
lund2021,1,Social dynamics and maritime networks
ahola2014,1,Social dynamics and maritime networks
andersson2016,1,Social dynamics and maritime networks
androshchuk2016,1,Social dynamics and maritime networks
s2019,1,Social dynamics and maritime networks
beroniusjorpeland2018,1,Social dynamics and maritime networks
bill2020,1,Social dynamics and maritime networks
blaszczyk2017,1,Social dynamics and maritime networks
d2016,1,Social dynamics and maritime networks
borake2019,1,Social dynamics and maritime networks
brather2013,1,Social dynamics and maritime networks
callmer2017,1,Social dynamics and maritime networks
croix2020,1,Social dynamics and maritime networks
eriksen2019,1,Social dynamics and maritime networks
eriksson2018,1,Social dynamics and maritime networks
gjerpe2017,1,Social dynamics and maritime networks
gossler2018,1,Social dynamics and maritime networks
grahamcampbell2013,1,Social dynamics and maritime networks
gruszczynski2018,1,Social dynamics and maritime networks
hansen2017,1,Social dynamics and maritime networks
hansson2018,1,Social dynamics and maritime networks
hillerdal2009,1,Social dynamics and maritime networks
holmquist2013,1,Social dynamics and maritime networks
jackson2019,1,Social dynamics and maritime networks
jankowiak2018,1,Social dynamics and maritime networks
janowski2015,1,Social dynamics and maritime networks
jennbert2015,1,Social dynamics and maritime networks
kastholmhansen2015,1,Social dynamics and maritime networks
kershaw2019,1,Social dynamics and maritime networks
kirpichnikov2018,1,Social dynamics and maritime networks
madsen2010,1,Social dynamics and maritime networks
magi2018,1,Social dynamics and maritime networks
magi2019,1,Social dynamics and maritime networks
mehler2015,1,Social dynamics and maritime networks
mikhaylov2016,1,Social dynamics and maritime networks
mozdzioch2013,1,Social dynamics and maritime networks
nordahl2018,1,Social dynamics and maritime networks
nordeide2016,1,Social dynamics and maritime networks
norstein2020,1,Social dynamics and maritime networks
pearson2018,1,Social dynamics and maritime networks
ravn2012,1,Social dynamics and maritime networks
rebkowski2019,1,Social dynamics and maritime networks
rundberget2017,1,Social dynamics and maritime networks
semple2013,1,Social dynamics and maritime networks
sharples2020,1,Social dynamics and maritime networks
spangen2006,1,Social dynamics and maritime networks
stanislawski2014,1,Social dynamics and maritime networks
toplak2016,1,Social dynamics and maritime networks
turner2006,1,Social dynamics and maritime networks
ulriksen2019,1,Social dynamics and maritime networks
vedeler2014,1,Social dynamics and maritime networks
vonholstein2016,1,Social dynamics and maritime networks
wilson2018,1,Social dynamics and maritime networks
zori2014,1,Social dynamics and maritime networks
strand2001,1,Social dynamics and maritime networks
birkett2020,1,Social dynamics and maritime networks
brorsson2010,1,Social dynamics and maritime networks
cooijmans2020,1,Social dynamics and maritime networks
grundvad2017,1,Social dynamics and maritime networks
laroche1997,1,Social dynamics and maritime networks
mcanany2010,1,Social dynamics and maritime networks
ratican2020,1,Social dynamics and maritime networks
roesdahl2009,1,Social dynamics and maritime networks
steinforth2018,1,Social dynamics and maritime networks
pushkina2017,1,Social dynamics and maritime networks
zachrissonnd,22,Sacred Iron Age sites and offerings
arbman1945,22,Sacred Iron Age sites and offerings
bergstrom2007,22,Sacred Iron Age sites and offerings
larsson2006,22,Sacred Iron Age sites and offerings
hines1993,22,Sacred Iron Age sites and offerings
carlie1998,22,Sacred Iron Age sites and offerings
hellberg1967,22,Sacred Iron Age sites and offerings
lamm1999,22,Sacred Iron Age sites and offerings
jensen2013,22,Sacred Iron Age sites and offerings
frolund2011,22,Sacred Iron Age sites and offerings
vikstrand2013,22,Sacred Iron Age sites and offerings
sundqvist2004,22,Sacred Iron Age sites and offerings
nordberg2006,22,Sacred Iron Age sites and offerings
artelius2000,22,Sacred Iron Age sites and offerings
back2008,22,Sacred Iron Age sites and offerings
svensson2010,22,Sacred Iron Age sites and offerings
yrwing1951,22,Sacred Iron Age sites and offerings
yrwing1978,22,Sacred Iron Age sites and offerings
hultgard2003,22,Sacred Iron Age sites and offerings
skyllberg2008,22,Sacred Iron Age sites and offerings
geolog1947,22,Sacred Iron Age sites and offerings
hagberg1967,22,Sacred Iron Age sites and offerings
hagberg1961,22,Sacred Iron Age sites and offerings
holmberg1969,22,Sacred Iron Age sites and offerings
lamm1995,22,Sacred Iron Age sites and offerings
hamilton1996,22,Sacred Iron Age sites and offerings
hamilton2008,22,Sacred Iron Age sites and offerings
karlsson2005,22,Sacred Iron Age sites and offerings
wernerson1996,22,Sacred Iron Age sites and offerings
annuswer2003,22,Sacred Iron Age sites and offerings
annuswer2002,22,Sacred Iron Age sites and offerings
arrhenius2011a,22,Sacred Iron Age sites and offerings
jorpeland2008,22,Sacred Iron Age sites and offerings
jorpeland2003,22,Sacred Iron Age sites and offerings
brereton1987,22,Sacred Iron Age sites and offerings
brink1987,22,Sacred Iron Age sites and offerings
calissendorff1966,22,Sacred Iron Age sites and offerings
capelle1995,22,Sacred Iron Age sites and offerings
carlie2009,22,Sacred Iron Age sites and offerings
damell2007,22,Sacred Iron Age sites and offerings
eliade1991,22,Sacred Iron Age sites and offerings
ericsson2008,22,Sacred Iron Age sites and offerings
fritsch2004,22,Sacred Iron Age sites and offerings
hedblom1958,22,Sacred Iron Age sites and offerings
hedman1989,22,Sacred Iron Age sites and offerings
holmqvist1980,22,Sacred Iron Age sites and offerings
karlenby2007,22,Sacred Iron Age sites and offerings
karlsson2007,22,Sacred Iron Age sites and offerings
lindkvist2007,22,Sacred Iron Age sites and offerings
lindqvist1910,22,Sacred Iron Age sites and offerings
lindstromnd,22,Sacred Iron Age sites and offerings
lundholm1947,22,Sacred Iron Age sites and offerings
nordberg2011,22,Sacred Iron Age sites and offerings
nordberg2008,22,Sacred Iron Age sites and offerings
olsson1993,22,Sacred Iron Age sites and offerings
petre2011,22,Sacred Iron Age sites and offerings
schovsbo1987,22,Sacred Iron Age sites and offerings
stjernquist1962,22,Sacred Iron Age sites and offerings
stjernquist1967,22,Sacred Iron Age sites and offerings
stahle1946,22,Sacred Iron Age sites and offerings
vonsydow1978,22,Sacred Iron Age sites and offerings
wessen1923,22,Sacred Iron Age sites and offerings
victor2005,22,Sacred Iron Age sites and offerings
widengren1969,22,Sacred Iron Age sites and offerings
orsnes1964,22,Sacred Iron Age sites and offerings
sindbaek2016,111,Viking diaspora settlements and material culture
grenne2008,111,Viking diaspora settlements and material culture
batey1998,111,Viking diaspora settlements and material culture
osullivan2008,111,Viking diaspora settlements and material culture
sheehan2001,111,Viking diaspora settlements and material culture
carver2008,111,Viking diaspora settlements and material culture
richards2001,111,Viking diaspora settlements and material culture
beresford1987,111,Viking diaspora settlements and material culture
hurley2010,111,Viking diaspora settlements and material culture
rogerson1984,111,Viking diaspora settlements and material culture
bayley2008,111,Viking diaspora settlements and material culture
nicholson1997,111,Viking diaspora settlements and material culture
oriordain1971,111,Viking diaspora settlements and material culture
vince2001,111,Viking diaspora settlements and material culture
batey2012,111,Viking diaspora settlements and material culture
janssen1987,111,Viking diaspora settlements and material culture
london1990,111,Viking diaspora settlements and material culture
michelmerch1972,111,Viking diaspora settlements and material culture
batey1987,111,Viking diaspora settlements and material culture
buttler1991,111,Viking diaspora settlements and material culture
crumlinpedersen1984,111,Viking diaspora settlements and material culture
driscoll2002,111,Viking diaspora settlements and material culture
henry1945,111,Viking diaspora settlements and material culture
henry1952,111,Viking diaspora settlements and material culture
hubbard1989,111,Viking diaspora settlements and material culture
lane2007,111,Viking diaspora settlements and material culture
maclaren1974,111,Viking diaspora settlements and material culture
mann1984,111,Viking diaspora settlements and material culture
may1948,111,Viking diaspora settlements and material culture
mills2007,111,Viking diaspora settlements and material culture
osullivan1970,111,Viking diaspora settlements and material culture
pearson2001,111,Viking diaspora settlements and material culture
rollason2004,111,Viking diaspora settlements and material culture
santi2005,111,Viking diaspora settlements and material culture
sharples2003,111,Viking diaspora settlements and material culture
sidebottom2000,111,Viking diaspora settlements and material culture
wallace1981,111,Viking diaspora settlements and material culture
wallace1985,111,Viking diaspora settlements and material culture
heid2008,111,Viking diaspora settlements and material culture
addyman1969,111,Viking diaspora settlements and material culture
addyman1972,111,Viking diaspora settlements and material culture
rogerson1995,111,Viking diaspora settlements and material culture
wademartins1980,111,Viking diaspora settlements and material culture
williams1979,111,Viking diaspora settlements and material culture
emery2007a,111,Viking diaspora settlements and material culture
hall1989a,111,Viking diaspora settlements and material culture
dodd2003,111,Viking diaspora settlements and material culture
cunliffe1977,111,Viking diaspora settlements and material culture
audouy2009,111,Viking diaspora settlements and material culture
king1978,111,Viking diaspora settlements and material culture
cabot2004a,111,Viking diaspora settlements and material culture
carver1978,111,Viking diaspora settlements and material culture
coggins1983,111,Viking diaspora settlements and material culture
tylor2005,111,Viking diaspora settlements and material culture
carver1981,111,Viking diaspora settlements and material culture
mahony1982,111,Viking diaspora settlements and material culture
gardiner1990,111,Viking diaspora settlements and material culture
rogerson1984a,111,Viking diaspora settlements and material culture
hurst1983,111,Viking diaspora settlements and material culture
dalwood1992,111,Viking diaspora settlements and material culture
mainman2000a,111,Viking diaspora settlements and material culture
loveluck2007a,111,Viking diaspora settlements and material culture
gould1967,111,Viking diaspora settlements and material culture
raninen2014,104,Viking Age Finland and Fennoscandian interactions
wilson2007,104,Viking Age Finland and Fennoscandian interactions
edgren2008,104,Viking Age Finland and Fennoscandian interactions
lehtosalohilander1990,104,Viking Age Finland and Fennoscandian interactions
lehtosalohilander2000,104,Viking Age Finland and Fennoscandian interactions
taavitsainen1990,104,Viking Age Finland and Fennoscandian interactions
uino1997,104,Viking Age Finland and Fennoscandian interactions
bogucki2007,104,Viking Age Finland and Fennoscandian interactions
ahlen1998,104,Viking Age Finland and Fennoscandian interactions
aikio2006,104,Viking Age Finland and Fennoscandian interactions
alenius2007,104,Viking Age Finland and Fennoscandian interactions
barrett2009,104,Viking Age Finland and Fennoscandian interactions
carpelan1984,104,Viking Age Finland and Fennoscandian interactions
carpelan2003,104,Viking Age Finland and Fennoscandian interactions
carpelan2006,104,Viking Age Finland and Fennoscandian interactions
donner1986,104,Viking Age Finland and Fennoscandian interactions
edberg1999,104,Viking Age Finland and Fennoscandian interactions
fewster2006,104,Viking Age Finland and Fennoscandian interactions
halinen2005,104,Viking Age Finland and Fennoscandian interactions
herrgard2005,104,Viking Age Finland and Fennoscandian interactions
huurre1983,104,Viking Age Finland and Fennoscandian interactions
hakkinen2010,104,Viking Age Finland and Fennoscandian interactions
ivars2002,104,Viking Age Finland and Fennoscandian interactions
jaakkola1935,104,Viking Age Finland and Fennoscandian interactions
karlsson1987,104,Viking Age Finland and Fennoscandian interactions
korpela2004,104,Viking Age Finland and Fennoscandian interactions
kovalev2007,104,Viking Age Finland and Fennoscandian interactions
kriiska2007,104,Viking Age Finland and Fennoscandian interactions
kumpulainen2004,104,Viking Age Finland and Fennoscandian interactions
kuusela2011,104,Viking Age Finland and Fennoscandian interactions
lehtosalohilander1985,104,Viking Age Finland and Fennoscandian interactions
lehtosalohilander2001,104,Viking Age Finland and Fennoscandian interactions
leskinen2008,104,Viking Age Finland and Fennoscandian interactions
masonen1989,104,Viking Age Finland and Fennoscandian interactions
meinander1950,104,Viking Age Finland and Fennoscandian interactions
moilanen2010,104,Viking Age Finland and Fennoscandian interactions
nordman1944,104,Viking Age Finland and Fennoscandian interactions
norrman1983,104,Viking Age Finland and Fennoscandian interactions
nunez1993,104,Viking Age Finland and Fennoscandian interactions
nunez1995,104,Viking Age Finland and Fennoscandian interactions
orrman1991,104,Viking Age Finland and Fennoscandian interactions
orrman1993,104,Viking Age Finland and Fennoscandian interactions
poutiainen2008,104,Viking Age Finland and Fennoscandian interactions
raninen2010,104,Viking Age Finland and Fennoscandian interactions
ringbom1994,104,Viking Age Finland and Fennoscandian interactions
roeckhansen1995,104,Viking Age Finland and Fennoscandian interactions
salo2000,104,Viking Age Finland and Fennoscandian interactions
schalin2008,104,Viking Age Finland and Fennoscandian interactions
spirgis2006,104,Viking Age Finland and Fennoscandian interactions
spiridonov1991,104,Viking Age Finland and Fennoscandian interactions
taavitsainen1980,104,Viking Age Finland and Fennoscandian interactions
taavisainen1988,104,Viking Age Finland and Fennoscandian interactions
taavitsainen1994,104,Viking Age Finland and Fennoscandian interactions
taavitsainen1999,104,Viking Age Finland and Fennoscandian interactions
taavitsainen2007,104,Viking Age Finland and Fennoscandian interactions
tomtlund2005,104,Viking Age Finland and Fennoscandian interactions
uino2003,104,Viking Age Finland and Fennoscandian interactions
maria2001,104,Viking Age Finland and Fennoscandian interactions
valtonen2008,104,Viking Age Finland and Fennoscandian interactions
viklund2002,104,Viking Age Finland and Fennoscandian interactions
wickholm2000,104,Viking Age Finland and Fennoscandian interactions
wickholm2004,104,Viking Age Finland and Fennoscandian interactions
furholt2019,165,Neolithic transformation and migration discourses
iversen2015,165,Neolithic transformation and migration discourses
anthony1990,165,Neolithic transformation and migration discourses
brandt2013,165,Neolithic transformation and migration discourses
haak2015,165,Neolithic transformation and migration discourses
hofmann2015,165,Neolithic transformation and migration discourses
kristiansen2017,165,Neolithic transformation and migration discourses
allentoft2015,165,Neolithic transformation and migration discourses
anthony2007,165,Neolithic transformation and migration discourses
beckerman2015,165,Neolithic transformation and migration discourses
brather2006,165,Neolithic transformation and migration discourses
childe1929,165,Neolithic transformation and migration discourses
czebreszuk1998,165,Neolithic transformation and migration discourses
damm1991,165,Neolithic transformation and migration discourses
furholt2003,165,Neolithic transformation and migration discourses
furholt2008,165,Neolithic transformation and migration discourses
furholt2014,165,Neolithic transformation and migration discourses
furholt2013,165,Neolithic transformation and migration discourses
glob1945,165,Neolithic transformation and migration discourses
iversen2010,165,Neolithic transformation and migration discourses
kleijne2013,165,Neolithic transformation and migration discourses
kruk1973,165,Neolithic transformation and migration discourses
muller2013,165,Neolithic transformation and migration discourses
muller2015,165,Neolithic transformation and migration discourses
shennan1989,165,Neolithic transformation and migration discourses
shennan1974,165,Neolithic transformation and migration discourses
sherratt1981,165,Neolithic transformation and migration discourses
strahm2001,165,Neolithic transformation and migration discourses
vanderlinden2006,165,Neolithic transformation and migration discourses
vanderlinden2007,165,Neolithic transformation and migration discourses
vanderlinden2016,165,Neolithic transformation and migration discourses
ansede2018,165,Neolithic transformation and migration discourses
appiah2018,165,Neolithic transformation and migration discourses
behrens1973,165,Neolithic transformation and migration discourses
childe1933,165,Neolithic transformation and migration discourses
eggert1978,165,Neolithic transformation and migration discourses
eggert2012,165,Neolithic transformation and migration discourses
fischer1956,165,Neolithic transformation and migration discourses
furholtfurholt2009,165,Neolithic transformation and migration discourses
furholt2017,165,Neolithic transformation and migration discourses
grossmann2016,165,Neolithic transformation and migration discourses
r2017,165,Neolithic transformation and migration discourses
johannsen2017,165,Neolithic transformation and migration discourses
kleijne2019,165,Neolithic transformation and migration discourses
kossinna1926,165,Neolithic transformation and migration discourses
luning1972,165,Neolithic transformation and migration discourses
mason2019,165,Neolithic transformation and migration discourses
mittnik2019,165,Neolithic transformation and migration discourses
mullerscheessel2000,165,Neolithic transformation and migration discourses
painter2011,165,Neolithic transformation and migration discourses
preucel2010,165,Neolithic transformation and migration discourses
rascovan2018,165,Neolithic transformation and migration discourses
schroeder2019,165,Neolithic transformation and migration discourses
schultrich2019,165,Neolithic transformation and migration discourses
strahm1971,165,Neolithic transformation and migration discourses
strahm2010,165,Neolithic transformation and migration discourses
struve1955,165,Neolithic transformation and migration discourses
suter2017,165,Neolithic transformation and migration discourses
valera2018,165,Neolithic transformation and migration discourses
veit1989,165,Neolithic transformation and migration discourses
wenger1998,165,Neolithic transformation and migration discourses
wotzka1993,165,Neolithic transformation and migration discourses
gustin2017,174,Baltic and Eastern Scandinavian Contacts
jansson1986,174,Baltic and Eastern Scandinavian Contacts
hodder1982,174,Baltic and Eastern Scandinavian Contacts
helms1988,174,Baltic and Eastern Scandinavian Contacts
hagg1984,174,Baltic and Eastern Scandinavian Contacts
jansson1997,174,Baltic and Eastern Scandinavian Contacts
tsigaridasglorstad2012,174,Baltic and Eastern Scandinavian Contacts
duczko1989,174,Baltic and Eastern Scandinavian Contacts
aiken1986,174,Baltic and Eastern Scandinavian Contacts
ambrosiani2000,174,Baltic and Eastern Scandinavian Contacts
carpelan1992,174,Baltic and Eastern Scandinavian Contacts
cassel2008,174,Baltic and Eastern Scandinavian Contacts
cleve1930,174,Baltic and Eastern Scandinavian Contacts
cleve1978,174,Baltic and Eastern Scandinavian Contacts
ross2001,174,Baltic and Eastern Scandinavian Contacts
edgren1992,174,Baltic and Eastern Scandinavian Contacts
edgren2001,174,Baltic and Eastern Scandinavian Contacts
engman1991,174,Baltic and Eastern Scandinavian Contacts
entwistle2000,174,Baltic and Eastern Scandinavian Contacts
fahlander2007,174,Baltic and Eastern Scandinavian Contacts
feldt2002,174,Baltic and Eastern Scandinavian Contacts
gardell2001,174,Baltic and Eastern Scandinavian Contacts
ginters1981,174,Baltic and Eastern Scandinavian Contacts
ginters1984,174,Baltic and Eastern Scandinavian Contacts
hagerman2006,174,Baltic and Eastern Scandinavian Contacts
hall2010,174,Baltic and Eastern Scandinavian Contacts
hardh1984,174,Baltic and Eastern Scandinavian Contacts
fuglesang1992,174,Baltic and Eastern Scandinavian Contacts
hulthen1984,174,Baltic and Eastern Scandinavian Contacts
hvoshchinskaja2004,174,Baltic and Eastern Scandinavian Contacts
jaanusson1981,174,Baltic and Eastern Scandinavian Contacts
jaanusson1993,174,Baltic and Eastern Scandinavian Contacts
jansson1990,174,Baltic and Eastern Scandinavian Contacts
jansson1994,174,Baltic and Eastern Scandinavian Contacts
kapchan1999,174,Baltic and Eastern Scandinavian Contacts
kivikoski1938,174,Baltic and Eastern Scandinavian Contacts
kivikoski1951,174,Baltic and Eastern Scandinavian Contacts
kivikoski1964,174,Baltic and Eastern Scandinavian Contacts
kivikoski1969,174,Baltic and Eastern Scandinavian Contacts
krylasova2008,174,Baltic and Eastern Scandinavian Contacts
valdemars1995,174,Baltic and Eastern Scandinavian Contacts
kuzminych1996,174,Baltic and Eastern Scandinavian Contacts
kyhlberg1973,174,Baltic and Eastern Scandinavian Contacts
laulumaa2002,174,Baltic and Eastern Scandinavian Contacts
lehtosalohilander1983,174,Baltic and Eastern Scandinavian Contacts
lehtosalohilander1992,174,Baltic and Eastern Scandinavian Contacts
lindstrom2003,174,Baltic and Eastern Scandinavian Contacts
malarstedt1986,174,Baltic and Eastern Scandinavian Contacts
markus1939,174,Baltic and Eastern Scandinavian Contacts
meinander1957,174,Baltic and Eastern Scandinavian Contacts
meinander1985,174,Baltic and Eastern Scandinavian Contacts
selling1945,174,Baltic and Eastern Scandinavian Contacts
selling1955,174,Baltic and Eastern Scandinavian Contacts
sorensen1971,174,Baltic and Eastern Scandinavian Contacts
tarkiainen2008,174,Baltic and Eastern Scandinavian Contacts
thalin1984,174,Baltic and Eastern Scandinavian Contacts
wallerstrom2004,174,Baltic and Eastern Scandinavian Contacts
wells1998,174,Baltic and Eastern Scandinavian Contacts
young1995,174,Baltic and Eastern Scandinavian Contacts
arne1911,174,Baltic and Eastern Scandinavian Contacts
arbman1955,174,Baltic and Eastern Scandinavian Contacts
callmer2000,174,Baltic and Eastern Scandinavian Contacts
skre2017,183,Monetary Systems and Coinage in Early Medieval Scandinavia
skaare1976,183,Monetary Systems and Coinage in Early Medieval Scandinavia
theuws2004,183,Monetary Systems and Coinage in Early Medieval Scandinavia
hedeager1988,183,Monetary Systems and Coinage in Early Medieval Scandinavia
andren1991a,183,Monetary Systems and Coinage in Early Medieval Scandinavia
oxford1967,183,Monetary Systems and Coinage in Early Medieval Scandinavia
steinnes1926,183,Monetary Systems and Coinage in Early Medieval Scandinavia
williams2002,183,Monetary Systems and Coinage in Early Medieval Scandinavia
grierson1986,183,Monetary Systems and Coinage in Early Medieval Scandinavia
kruse1988,183,Monetary Systems and Coinage in Early Medieval Scandinavia
boyes1921,183,Monetary Systems and Coinage in Early Medieval Scandinavia
grierson1959,183,Monetary Systems and Coinage in Early Medieval Scandinavia
gulibekk2005,183,Monetary Systems and Coinage in Early Medieval Scandinavia
lunden1999,183,Monetary Systems and Coinage in Early Medieval Scandinavia
stenvik2003,183,Monetary Systems and Coinage in Early Medieval Scandinavia
fox1974,183,Monetary Systems and Coinage in Early Medieval Scandinavia
hedeager1994,183,Monetary Systems and Coinage in Early Medieval Scandinavia
bakka1978,183,Monetary Systems and Coinage in Early Medieval Scandinavia
granovetter1985,183,Monetary Systems and Coinage in Early Medieval Scandinavia
herschend1980,183,Monetary Systems and Coinage in Early Medieval Scandinavia
munksgaard1978,183,Monetary Systems and Coinage in Early Medieval Scandinavia
axboe1991,183,Monetary Systems and Coinage in Early Medieval Scandinavia
bakka1981,183,Monetary Systems and Coinage in Early Medieval Scandinavia
bursche2002,183,Monetary Systems and Coinage in Early Medieval Scandinavia
boe1923,183,Monetary Systems and Coinage in Early Medieval Scandinavia
cipolla1956,183,Monetary Systems and Coinage in Early Medieval Scandinavia
dyhrfjeldjohnsen2013,183,Monetary Systems and Coinage in Early Medieval Scandinavia
engeler1991,183,Monetary Systems and Coinage in Early Medieval Scandinavia
fonnesbechsandberg1985,183,Monetary Systems and Coinage in Early Medieval Scandinavia
fonnesbechsandberg1988,183,Monetary Systems and Coinage in Early Medieval Scandinavia
fonnesbechsandberg1989,183,Monetary Systems and Coinage in Early Medieval Scandinavia
frimannslund1966,183,Monetary Systems and Coinage in Early Medieval Scandinavia
gemici2015,183,Monetary Systems and Coinage in Early Medieval Scandinavia
graeber2011,183,Monetary Systems and Coinage in Early Medieval Scandinavia
guest2008,183,Monetary Systems and Coinage in Early Medieval Scandinavia
hagland1994,183,Monetary Systems and Coinage in Early Medieval Scandinavia
herschend1987,183,Monetary Systems and Coinage in Early Medieval Scandinavia
herschend1991,183,Monetary Systems and Coinage in Early Medieval Scandinavia
humphrey1985,183,Monetary Systems and Coinage in Early Medieval Scandinavia
ingham2004,183,Monetary Systems and Coinage in Early Medieval Scandinavia
innes1913,183,Monetary Systems and Coinage in Early Medieval Scandinavia
innes1914,183,Monetary Systems and Coinage in Early Medieval Scandinavia
kilger2015,183,Monetary Systems and Coinage in Early Medieval Scandinavia
klang2013,183,Monetary Systems and Coinage in Early Medieval Scandinavia
kallstrom2010,183,Monetary Systems and Coinage in Early Medieval Scandinavia
leeper1933,183,Monetary Systems and Coinage in Early Medieval Scandinavia
meikle1994,183,Monetary Systems and Coinage in Early Medieval Scandinavia
munch1956,183,Monetary Systems and Coinage in Early Medieval Scandinavia
munksgaard1956,183,Monetary Systems and Coinage in Early Medieval Scandinavia
painter2013,183,Monetary Systems and Coinage in Early Medieval Scandinavia
pare2013,183,Monetary Systems and Coinage in Early Medieval Scandinavia
rau2013,183,Monetary Systems and Coinage in Early Medieval Scandinavia
rovelli2012,183,Monetary Systems and Coinage in Early Medieval Scandinavia
ruthstrom1993,183,Monetary Systems and Coinage in Early Medieval Scandinavia
schacht1949,183,Monetary Systems and Coinage in Early Medieval Scandinavia
scull1990,183,Monetary Systems and Coinage in Early Medieval Scandinavia
steuer2013,183,Monetary Systems and Coinage in Early Medieval Scandinavia
stormndd,183,Monetary Systems and Coinage in Early Medieval Scandinavia
voss1955,183,Monetary Systems and Coinage in Early Medieval Scandinavia
wray1999,183,Monetary Systems and Coinage in Early Medieval Scandinavia
zelizer1994,183,Monetary Systems and Coinage in Early Medieval Scandinavia
uws2004,183,Monetary Systems and Coinage in Early Medieval Scandinavia
wray2004,183,Monetary Systems and Coinage in Early Medieval Scandinavia
roslund2017,249,Baltic Finnic Cultural Areas and Contacts
cleve1943,249,Baltic Finnic Cultural Areas and Contacts
emberling1997,249,Baltic Finnic Cultural Areas and Contacts
kaks1969,249,Baltic Finnic Cultural Areas and Contacts
kivikoski1937,249,Baltic Finnic Cultural Areas and Contacts
ligi1993,249,Baltic Finnic Cultural Areas and Contacts
pokrovskaja2001,249,Baltic Finnic Cultural Areas and Contacts
uino2006,249,Baltic Finnic Cultural Areas and Contacts
wells1999,249,Baltic Finnic Cultural Areas and Contacts
arne1934,249,Baltic Finnic Cultural Areas and Contacts
broberg1990,249,Baltic Finnic Cultural Areas and Contacts
lind2004,249,Baltic Finnic Cultural Areas and Contacts
martin1986,249,Baltic Finnic Cultural Areas and Contacts
alenius2011,249,Baltic Finnic Cultural Areas and Contacts
hiekkanen2010,249,Baltic Finnic Cultural Areas and Contacts
makarov1990,249,Baltic Finnic Cultural Areas and Contacts
makarov2009,249,Baltic Finnic Cultural Areas and Contacts
melnikova1991,249,Baltic Finnic Cultural Areas and Contacts
appelgrennd,249,Baltic Finnic Cultural Areas and Contacts
back2007,249,Baltic Finnic Cultural Areas and Contacts
callmer1980,249,Baltic Finnic Cultural Areas and Contacts
callmer1986,249,Baltic Finnic Cultural Areas and Contacts
carpelan1980,249,Baltic Finnic Cultural Areas and Contacts
damell1967,249,Baltic Finnic Cultural Areas and Contacts
delort1978,249,Baltic Finnic Cultural Areas and Contacts
edgren1999,249,Baltic Finnic Cultural Areas and Contacts
ekbo1981,249,Baltic Finnic Cultural Areas and Contacts
enqvist2004,249,Baltic Finnic Cultural Areas and Contacts
enqvist2006,249,Baltic Finnic Cultural Areas and Contacts
floderus1931,249,Baltic Finnic Cultural Areas and Contacts
gustavsson2001,249,Baltic Finnic Cultural Areas and Contacts
hackman1938,249,Baltic Finnic Cultural Areas and Contacts
haggren2005,249,Baltic Finnic Cultural Areas and Contacts
hiekkanen2001,249,Baltic Finnic Cultural Areas and Contacts
hirviluoto1986,249,Baltic Finnic Cultural Areas and Contacts
huurre1987,249,Baltic Finnic Cultural Areas and Contacts
huurre1992,249,Baltic Finnic Cultural Areas and Contacts
kivikoski1939,249,Baltic Finnic Cultural Areas and Contacts
lang1985,249,Baltic Finnic Cultural Areas and Contacts
ligi1994,249,Baltic Finnic Cultural Areas and Contacts
lind2000,249,Baltic Finnic Cultural Areas and Contacts
lind2006,249,Baltic Finnic Cultural Areas and Contacts
lind2009,249,Baltic Finnic Cultural Areas and Contacts
makarov2006,249,Baltic Finnic Cultural Areas and Contacts
morris1999,249,Baltic Finnic Cultural Areas and Contacts
raportteja2003,249,Baltic Finnic Cultural Areas and Contacts
pimenov1965,249,Baltic Finnic Cultural Areas and Contacts
purhonen1992,249,Baltic Finnic Cultural Areas and Contacts
purhonen1997,249,Baltic Finnic Cultural Areas and Contacts
ryabinin1978,249,Baltic Finnic Cultural Areas and Contacts
ryabinin1986,249,Baltic Finnic Cultural Areas and Contacts
saksa1985,249,Baltic Finnic Cultural Areas and Contacts
saksa1992,249,Baltic Finnic Cultural Areas and Contacts
schmid1942,249,Baltic Finnic Cultural Areas and Contacts
silliman2005,249,Baltic Finnic Cultural Areas and Contacts
stang1981,249,Baltic Finnic Cultural Areas and Contacts
stein1998,249,Baltic Finnic Cultural Areas and Contacts
stein1999,249,Baltic Finnic Cultural Areas and Contacts
syse1987,249,Baltic Finnic Cultural Areas and Contacts
taavitsainen2004,249,Baltic Finnic Cultural Areas and Contacts
tomantera1991,249,Baltic Finnic Cultural Areas and Contacts
tvauri2005,249,Baltic Finnic Cultural Areas and Contacts
zakharov2004,249,Baltic Finnic Cultural Areas and Contacts
fahlander2016,23,Post-Burial Practices and Death Ontologies
fahlander2018,23,Post-Burial Practices and Death Ontologies
artelius2007,23,Post-Burial Practices and Death Ontologies
hallansstenholm2012,23,Post-Burial Practices and Death Ontologies
pedersen2004,23,Post-Burial Practices and Death Ontologies
andersson2011,23,Post-Burial Practices and Death Ontologies
bratt2008,23,Post-Burial Practices and Death Ontologies
zachrisson1994,23,Post-Burial Practices and Death Ontologies
artelius2010,23,Post-Burial Practices and Death Ontologies
gosden1998,23,Post-Burial Practices and Death Ontologies
lindqvist2010,23,Post-Burial Practices and Death Ontologies
randsborg1998,23,Post-Burial Practices and Death Ontologies
andersson2007,23,Post-Burial Practices and Death Ontologies
alberti2009,23,Post-Burial Practices and Death Ontologies
andersson1997,23,Post-Burial Practices and Death Ontologies
aspock2011,23,Post-Burial Practices and Death Ontologies
effros2002,23,Post-Burial Practices and Death Ontologies
fahlander2008,23,Post-Burial Practices and Death Ontologies
fahlander2010,23,Post-Burial Practices and Death Ontologies
fahlander2013,23,Post-Burial Practices and Death Ontologies
fahlander2014,23,Post-Burial Practices and Death Ontologies
hastrup1985,23,Post-Burial Practices and Death Ontologies
hedjakobsson2011,23,Post-Burial Practices and Death Ontologies
holback2016,23,Post-Burial Practices and Death Ontologies
holbraad2010,23,Post-Burial Practices and Death Ontologies
holbraad2017,23,Post-Burial Practices and Death Ontologies
holloway2008,23,Post-Burial Practices and Death Ontologies
klevnas2015,23,Post-Burial Practices and Death Ontologies
klevnas2016,23,Post-Burial Practices and Death Ontologies
kummel2005,23,Post-Burial Practices and Death Ontologies
olsson2007,23,Post-Burial Practices and Death Ontologies
orchard2003,23,Post-Burial Practices and Death Ontologies
orchard2004,23,Post-Burial Practices and Death Ontologies
perabo2017,23,Post-Burial Practices and Death Ontologies
runer2014,23,Post-Burial Practices and Death Ontologies
salmond2014,23,Post-Burial Practices and Death Ontologies
staecker2001,23,Post-Burial Practices and Death Ontologies
stoklund2004,23,Post-Burial Practices and Death Ontologies
tesch2015,23,Post-Burial Practices and Death Ontologies
watts2013,23,Post-Burial Practices and Death Ontologies
wickholm2008,23,Post-Burial Practices and Death Ontologies
wikstrom2006,23,Post-Burial Practices and Death Ontologies
williams1998,23,Post-Burial Practices and Death Ontologies
williams2005,23,Post-Burial Practices and Death Ontologies
andrews2006,23,Post-Burial Practices and Death Ontologies
appelgren2007,23,Post-Burial Practices and Death Ontologies
appleby2013,23,Post-Burial Practices and Death Ontologies
aspeborg2007,23,Post-Burial Practices and Death Ontologies
burenhult2002,23,Post-Burial Practices and Death Ontologies
ersgard2006,23,Post-Burial Practices and Death Ontologies
hallansstenholm2012a,23,Post-Burial Practices and Death Ontologies
klevnas2013,23,Post-Burial Practices and Death Ontologies
latour1999,23,Post-Burial Practices and Death Ontologies
lundstrom2004,23,Post-Burial Practices and Death Ontologies
montell1996,23,Post-Burial Practices and Death Ontologies
olofsson2006,23,Post-Burial Practices and Death Ontologies
salmond2012,23,Post-Burial Practices and Death Ontologies
theliander2010,23,Post-Burial Practices and Death Ontologies
vinberg2015,23,Post-Burial Practices and Death Ontologies
wuopio2015,23,Post-Burial Practices and Death Ontologies
nilsson2007,23,Post-Burial Practices and Death Ontologies
richards2018,135,Viking Settlement and Great Army in England
hadley2018,135,Viking Settlement and Great Army in England
kershaw2013,135,Viking Settlement and Great Army in England
richards2000,135,Viking Settlement and Great Army in England
grahamcampbell2004,135,Viking Settlement and Great Army in England
whitelock1961,135,Viking Settlement and Great Army in England
baker2013,135,Viking Settlement and Great Army in England
abramson2016,135,Viking Settlement and Great Army in England
ager2014,135,Viking Settlement and Great Army in England
archibald2007,135,Viking Settlement and Great Army in England
baker2011,135,Viking Settlement and Great Army in England
blackburn1998,135,Viking Settlement and Great Army in England
blair2013,135,Viking Settlement and Great Army in England
booth1983,135,Viking Settlement and Great Army in England
brookes2013,135,Viking Settlement and Great Army in England
brooks2000,135,Viking Settlement and Great Army in England
cameron1998,135,Viking Settlement and Great Army in England
cameron2010,135,Viking Settlement and Great Army in England
daubney2016,135,Viking Settlement and Great Army in England
haldenby2016,135,Viking Settlement and Great Army in England
johnson2002,135,Viking Settlement and Great Army in England
langdon1993,135,Viking Settlement and Great Army in England
leonard2015,135,Viking Settlement and Great Army in England
loveluck1996,135,Viking Settlement and Great Army in England
macgregor2009,135,Viking Settlement and Great Army in England
metcalf1960,135,Viking Settlement and Great Army in England
richards1999,135,Viking Settlement and Great Army in England
richards2013,135,Viking Settlement and Great Army in England
richards2016,135,Viking Settlement and Great Army in England
rogers1993,135,Viking Settlement and Great Army in England
steedman1994,135,Viking Settlement and Great Army in England
stevenson1904,135,Viking Settlement and Great Army in England
richards2009,135,Viking Settlement and Great Army in England
sawyer1971a,135,Viking Settlement and Great Army in England
pirie1986,135,Viking Settlement and Great Army in England
hinton2005,135,Viking Settlement and Great Army in England
macgregor1978,135,Viking Settlement and Great Army in England
binns1963,135,Viking Settlement and Great Army in England
booth1987,135,Viking Settlement and Great Army in England
booth1997,135,Viking Settlement and Great Army in England
bulock1960,135,Viking Settlement and Great Army in England
clark1966,135,Viking Settlement and Great Army in England
craig2010,135,Viking Settlement and Great Army in England
cramp1976,135,Viking Settlement and Great Army in England
kemp1996,135,Viking Settlement and Great Army in England
kershaw2008,135,Viking Settlement and Great Army in England
morris1977,135,Viking Settlement and Great Army in England
morris1984,135,Viking Settlement and Great Army in England
naismith2011,135,Viking Settlement and Great Army in England
naylor2001,135,Viking Settlement and Great Army in England
peers1943,135,Viking Settlement and Great Army in England
powlesland1998,135,Viking Settlement and Great Army in England
rahtz1967,135,Viking Settlement and Great Army in England
schoenfelder2011,135,Viking Settlement and Great Army in England
stocker2007b,135,Viking Settlement and Great Army in England
thomas2003,135,Viking Settlement and Great Army in England
townend2014,135,Viking Settlement and Great Army in England
williams1988,135,Viking Settlement and Great Army in England
wrathmell2012,135,Viking Settlement and Great Army in England
richards2014,135,Viking Settlement and Great Army in England
richards2015,135,Viking Settlement and Great Army in England
beck2017,156,Theoretical Approaches to Time and Settlement in Danish Archaeology
gosden1994,156,Theoretical Approaches to Time and Settlement in Danish Archaeology
am2013,156,Theoretical Approaches to Time and Settlement in Danish Archaeology
adams1991,156,Theoretical Approaches to Time and Settlement in Danish Archaeology
arnold2012,156,Theoretical Approaches to Time and Settlement in Danish Archaeology
bailey1990,156,Theoretical Approaches to Time and Settlement in Danish Archaeology
bailey2015,156,Theoretical Approaches to Time and Settlement in Danish Archaeology
bailey2007,156,Theoretical Approaches to Time and Settlement in Danish Archaeology
beck2014,156,Theoretical Approaches to Time and Settlement in Danish Archaeology
becker1966,156,Theoretical Approaches to Time and Settlement in Danish Archaeology
becker1971,156,Theoretical Approaches to Time and Settlement in Danish Archaeology
berggren2009,156,Theoretical Approaches to Time and Settlement in Danish Archaeology
bille2016,156,Theoretical Approaches to Time and Settlement in Danish Archaeology
bloch1977,156,Theoretical Approaches to Time and Settlement in Danish Archaeology
boivin2008,156,Theoretical Approaches to Time and Settlement in Danish Archaeology
bowker2005,156,Theoretical Approaches to Time and Settlement in Danish Archaeology
cobb2012,156,Theoretical Approaches to Time and Settlement in Danish Archaeology
delanda2006,156,Theoretical Approaches to Time and Settlement in Danish Archaeology
delanda2016,156,Theoretical Approaches to Time and Settlement in Danish Archaeology
edgeworth2012,156,Theoretical Approaches to Time and Settlement in Danish Archaeology
eisenschmidt2013,156,Theoretical Approaches to Time and Settlement in Danish Archaeology
ejstrud2000,156,Theoretical Approaches to Time and Settlement in Danish Archaeology
fahlander2003,156,Theoretical Approaches to Time and Settlement in Danish Archaeology
felding2013,156,Theoretical Approaches to Time and Settlement in Danish Archaeology
fundfortidsminder2017,156,Theoretical Approaches to Time and Settlement in Danish Archaeology
gell1992,156,Theoretical Approaches to Time and Settlement in Danish Archaeology
gerritsen2008,156,Theoretical Approaches to Time and Settlement in Danish Archaeology
gosden2015,156,Theoretical Approaches to Time and Settlement in Danish Archaeology
gramsch1996,156,Theoretical Approaches to Time and Settlement in Danish Archaeology
hamilakis2017,156,Theoretical Approaches to Time and Settlement in Danish Archaeology
hansen2015,156,Theoretical Approaches to Time and Settlement in Danish Archaeology
holst1999,156,Theoretical Approaches to Time and Settlement in Danish Archaeology
holtorf1998,156,Theoretical Approaches to Time and Settlement in Danish Archaeology
hvass1983,156,Theoretical Approaches to Time and Settlement in Danish Archaeology
ingold2010,156,Theoretical Approaches to Time and Settlement in Danish Archaeology
jensen2005,156,Theoretical Approaches to Time and Settlement in Danish Archaeology
laursen2017,156,Theoretical Approaches to Time and Settlement in Danish Archaeology
lucas2005,156,Theoretical Approaches to Time and Settlement in Danish Archaeology
lucas2012,156,Theoretical Approaches to Time and Settlement in Danish Archaeology
mcanany2009,156,Theoretical Approaches to Time and Settlement in Danish Archaeology
mikkelsen1998,156,Theoretical Approaches to Time and Settlement in Danish Archaeology
sekretariat1997,156,Theoretical Approaches to Time and Settlement in Danish Archaeology
mikkelsen2016,156,Theoretical Approaches to Time and Settlement in Danish Archaeology
moller2010,156,Theoretical Approaches to Time and Settlement in Danish Archaeology
mud2014,156,Theoretical Approaches to Time and Settlement in Danish Archaeology
muller1906,156,Theoretical Approaches to Time and Settlement in Danish Archaeology
munn1992,156,Theoretical Approaches to Time and Settlement in Danish Archaeology
nasman1987,156,Theoretical Approaches to Time and Settlement in Danish Archaeology
nativ2017,156,Theoretical Approaches to Time and Settlement in Danish Archaeology
olivier2011,156,Theoretical Approaches to Time and Settlement in Danish Archaeology
olsen1968,156,Theoretical Approaches to Time and Settlement in Danish Archaeology
pauketat2005,156,Theoretical Approaches to Time and Settlement in Danish Archaeology
pearson1994,156,Theoretical Approaches to Time and Settlement in Danish Archaeology
reynolds1994,156,Theoretical Approaches to Time and Settlement in Danish Archaeology
rosenberg2010,156,Theoretical Approaches to Time and Settlement in Danish Archaeology
shennan1993,156,Theoretical Approaches to Time and Settlement in Danish Archaeology
slotsogkulturstyrelsen2017,156,Theoretical Approaches to Time and Settlement in Danish Archaeology
sorensen2015,156,Theoretical Approaches to Time and Settlement in Danish Archaeology
tringham2000,156,Theoretical Approaches to Time and Settlement in Danish Archaeology
villumsen2013,156,Theoretical Approaches to Time and Settlement in Danish Archaeology
witmore2013,156,Theoretical Approaches to Time and Settlement in Danish Archaeology
krzewinska2018,202,Genetic and Isotopic Analysis of Viking Populations
kjellstrom2009,202,Genetic and Isotopic Analysis of Viking Populations
schiffels2016,202,Genetic and Isotopic Analysis of Viking Populations
scheuer2000,202,Genetic and Isotopic Analysis of Viking Populations
ubelaker1989,202,Genetic and Isotopic Analysis of Viking Populations
loog2017,202,Genetic and Isotopic Analysis of Viking Populations
mcevoy2006,202,Genetic and Isotopic Analysis of Viking Populations
melchior2008,202,Genetic and Isotopic Analysis of Viking Populations
milman2003,202,Genetic and Isotopic Analysis of Viking Populations
bowden2008,202,Genetic and Isotopic Analysis of Viking Populations
helgason2003,202,Genetic and Isotopic Analysis of Viking Populations
kjellstrom2007,202,Genetic and Isotopic Analysis of Viking Populations
ros2012,202,Genetic and Isotopic Analysis of Viking Populations
kjellstrom2017,202,Genetic and Isotopic Analysis of Viking Populations
wikstrom2008,202,Genetic and Isotopic Analysis of Viking Populations
wikstrom2005,202,Genetic and Isotopic Analysis of Viking Populations
tillmar2010,202,Genetic and Isotopic Analysis of Viking Populations
dupuy2001,202,Genetic and Isotopic Analysis of Viking Populations
karlsson2006,202,Genetic and Isotopic Analysis of Viking Populations
martiniano2016,202,Genetic and Isotopic Analysis of Viking Populations
nesbitt2016,202,Genetic and Isotopic Analysis of Viking Populations
roslund2014,202,Genetic and Isotopic Analysis of Viking Populations
tesch2001,202,Genetic and Isotopic Analysis of Viking Populations
vanoven2014,202,Genetic and Isotopic Analysis of Viking Populations
technology2017,202,Genetic and Isotopic Analysis of Viking Populations
walsh2013,202,Genetic and Isotopic Analysis of Viking Populations
walsh2016,202,Genetic and Isotopic Analysis of Viking Populations
tesch2013,202,Genetic and Isotopic Analysis of Viking Populations
hillbom1984,202,Genetic and Isotopic Analysis of Viking Populations
moorrees1963,202,Genetic and Isotopic Analysis of Viking Populations
smith1991,202,Genetic and Isotopic Analysis of Viking Populations
brooks1990,202,Genetic and Isotopic Analysis of Viking Populations
bruzek2002,202,Genetic and Isotopic Analysis of Viking Populations
novotny1982,202,Genetic and Isotopic Analysis of Viking Populations
phenice1969,202,Genetic and Isotopic Analysis of Viking Populations
evans2004,202,Genetic and Isotopic Analysis of Viking Populations
meller2012,202,Genetic and Isotopic Analysis of Viking Populations
knipper2004,202,Genetic and Isotopic Analysis of Viking Populations
maurer2012,202,Genetic and Isotopic Analysis of Viking Populations
neumann1974,202,Genetic and Isotopic Analysis of Viking Populations
asch2003,202,Genetic and Isotopic Analysis of Viking Populations
hillson2005,202,Genetic and Isotopic Analysis of Viking Populations
schour1941,202,Genetic and Isotopic Analysis of Viking Populations
rohland2007,202,Genetic and Isotopic Analysis of Viking Populations
malmstrom2012,202,Genetic and Isotopic Analysis of Viking Populations
korneliussen2014,202,Genetic and Isotopic Analysis of Viking Populations
behar2012,202,Genetic and Isotopic Analysis of Viking Populations
achilli2004,202,Genetic and Isotopic Analysis of Viking Populations
dupuy2006,202,Genetic and Isotopic Analysis of Viking Populations
rootsi2004,202,Genetic and Isotopic Analysis of Viking Populations
auton2015,202,Genetic and Isotopic Analysis of Viking Populations
zeronmedina2013,202,Genetic and Isotopic Analysis of Viking Populations
hveem2001,202,Genetic and Isotopic Analysis of Viking Populations
whittington2006,202,Genetic and Isotopic Analysis of Viking Populations
donnelly2012,202,Genetic and Isotopic Analysis of Viking Populations
eiberg2008,202,Genetic and Isotopic Analysis of Viking Populations
lamason2005,202,Genetic and Isotopic Analysis of Viking Populations
soejima2007,202,Genetic and Isotopic Analysis of Viking Populations
stokowski2007,202,Genetic and Isotopic Analysis of Viking Populations
ilumae2016,202,Genetic and Isotopic Analysis of Viking Populations
backstrom2016a,202,Genetic and Isotopic Analysis of Viking Populations
ulriksen2011a,62,Viking Age Burial Sites and Cemeteries in Denmark
simonsen1981,62,Viking Age Burial Sites and Cemeteries in Denmark
sorensen1999,62,Viking Age Burial Sites and Cemeteries in Denmark
jeppesen2010,62,Viking Age Burial Sites and Cemeteries in Denmark
jonsson1992,62,Viking Age Burial Sites and Cemeteries in Denmark
henriksen2009,62,Viking Age Burial Sites and Cemeteries in Denmark
hedegaard2007,62,Viking Age Burial Sites and Cemeteries in Denmark
christensen1987d,62,Viking Age Burial Sites and Cemeteries in Denmark
jeppesen2005,62,Viking Age Burial Sites and Cemeteries in Denmark
iversen2008,62,Viking Age Burial Sites and Cemeteries in Denmark
eriksen1991,62,Viking Age Burial Sites and Cemeteries in Denmark
kirkup2006,62,Viking Age Burial Sites and Cemeteries in Denmark
mullerwille1987,62,Viking Age Burial Sites and Cemeteries in Denmark
brodersen1967,62,Viking Age Burial Sites and Cemeteries in Denmark
eksnd,62,Viking Age Burial Sites and Cemeteries in Denmark
nielsenadamsen1991,62,Viking Age Burial Sites and Cemeteries in Denmark
feveile1948,62,Viking Age Burial Sites and Cemeteries in Denmark
beretninger1997,62,Viking Age Burial Sites and Cemeteries in Denmark
andersen1943,62,Viking Age Burial Sites and Cemeteries in Denmark
andersenklindtjensennielsen1970,62,Viking Age Burial Sites and Cemeteries in Denmark
nielsen1943,62,Viking Age Burial Sites and Cemeteries in Denmark
christensen1982,62,Viking Age Burial Sites and Cemeteries in Denmark
lindqvist1920,62,Viking Age Burial Sites and Cemeteries in Denmark
beretningved1998,62,Viking Age Burial Sites and Cemeteries in Denmark
madsen1994,62,Viking Age Burial Sites and Cemeteries in Denmark
orsneschristensen1955,62,Viking Age Burial Sites and Cemeteries in Denmark
albrectsen1951,62,Viking Age Burial Sites and Cemeteries in Denmark
ottaway2004,62,Viking Age Burial Sites and Cemeteries in Denmark
adamsen2003,62,Viking Age Burial Sites and Cemeteries in Denmark
albrectsen1950,62,Viking Age Burial Sites and Cemeteries in Denmark
albrethsen2003,62,Viking Age Burial Sites and Cemeteries in Denmark
andersen1970,62,Viking Age Burial Sites and Cemeteries in Denmark
axboe1989,62,Viking Age Burial Sites and Cemeteries in Denmark
baeksted1972,62,Viking Age Burial Sites and Cemeteries in Denmark
christensen1928,62,Viking Age Burial Sites and Cemeteries in Denmark
christoffersen1987,62,Viking Age Burial Sites and Cemeteries in Denmark
cosack2005,62,Viking Age Burial Sites and Cemeteries in Denmark
ethelberg1986,62,Viking Age Burial Sites and Cemeteries in Denmark
grambo1999,62,Viking Age Burial Sites and Cemeteries in Denmark
hansen2009,62,Viking Age Burial Sites and Cemeteries in Denmark
hansen1995,62,Viking Age Burial Sites and Cemeteries in Denmark
hultgard1999,62,Viking Age Burial Sites and Cemeteries in Denmark
hoj2004,62,Viking Age Burial Sites and Cemeteries in Denmark
jennbert2002a,62,Viking Age Burial Sites and Cemeteries in Denmark
jensen1998,62,Viking Age Burial Sites and Cemeteries in Denmark
lindqvist1921,62,Viking Age Burial Sites and Cemeteries in Denmark
lyngstrom1989,62,Viking Age Burial Sites and Cemeteries in Denmark
neergaardnd,62,Viking Age Burial Sites and Cemeteries in Denmark
nerman1917,62,Viking Age Burial Sites and Cemeteries in Denmark
ravn1989,62,Viking Age Burial Sites and Cemeteries in Denmark
ravn2008,62,Viking Age Burial Sites and Cemeteries in Denmark
roesdahl1976,62,Viking Age Burial Sites and Cemeteries in Denmark
sparrevohn2007,62,Viking Age Burial Sites and Cemeteries in Denmark
steinsland2000,62,Viking Age Burial Sites and Cemeteries in Denmark
stoumann2009,62,Viking Age Burial Sites and Cemeteries in Denmark
ulriksen1999,62,Viking Age Burial Sites and Cemeteries in Denmark
orsnes1988,62,Viking Age Burial Sites and Cemeteries in Denmark
sparrevohn2006,62,Viking Age Burial Sites and Cemeteries in Denmark
sparrevohn2008,62,Viking Age Burial Sites and Cemeteries in Denmark
sorensen1998,62,Viking Age Burial Sites and Cemeteries in Denmark
sorensen1993,62,Viking Age Burial Sites and Cemeteries in Denmark
lindblom1993,62,Viking Age Burial Sites and Cemeteries in Denmark
roesdahl1978,62,Viking Age Burial Sites and Cemeteries in Denmark
tornbjerg1936,62,Viking Age Burial Sites and Cemeteries in Denmark
gjellerup2001,62,Viking Age Burial Sites and Cemeteries in Denmark
nielsen2005b,62,Viking Age Burial Sites and Cemeteries in Denmark
andersen1970a,62,Viking Age Burial Sites and Cemeteries in Denmark
kemmers2011,113,"Material Culture, Technology, and Symbolism in Archaeology"
barth1969,113,"Material Culture, Technology, and Symbolism in Archaeology"
ostergren1976,113,"Material Culture, Technology, and Symbolism in Archaeology"
burstrom1998,113,"Material Culture, Technology, and Symbolism in Archaeology"
derrida1978,113,"Material Culture, Technology, and Symbolism in Archaeology"
eckardt2003,113,"Material Culture, Technology, and Symbolism in Archaeology"
shanks1998,113,"Material Culture, Technology, and Symbolism in Archaeology"
tarlow2000,113,"Material Culture, Technology, and Symbolism in Archaeology"
jakobsson1999,113,"Material Culture, Technology, and Symbolism in Archaeology"
aarts2005,113,"Material Culture, Technology, and Symbolism in Archaeology"
aarts2009,113,"Material Culture, Technology, and Symbolism in Archaeology"
berg1989,113,"Material Culture, Technology, and Symbolism in Archaeology"
berger1996,113,"Material Culture, Technology, and Symbolism in Archaeology"
bertell2003,113,"Material Culture, Technology, and Symbolism in Archaeology"
budd1995,113,"Material Culture, Technology, and Symbolism in Archaeology"
christophersen1992,113,"Material Culture, Technology, and Symbolism in Archaeology"
creighton2000,113,"Material Culture, Technology, and Symbolism in Archaeology"
dant1999,113,"Material Culture, Technology, and Symbolism in Archaeology"
davies1996,113,"Material Culture, Technology, and Symbolism in Archaeology"
deetz1996,113,"Material Culture, Technology, and Symbolism in Archaeology"
fitzpatrick2005,113,"Material Culture, Technology, and Symbolism in Archaeology"
galloway2006,113,"Material Culture, Technology, and Symbolism in Archaeology"
grierson1960,113,"Material Culture, Technology, and Symbolism in Archaeology"
haaland2004,113,"Material Culture, Technology, and Symbolism in Archaeology"
hall1999,113,"Material Culture, Technology, and Symbolism in Archaeology"
haselgrove2005,113,"Material Culture, Technology, and Symbolism in Archaeology"
hedjakobsson1999,113,"Material Culture, Technology, and Symbolism in Archaeology"
herbert1993,113,"Material Culture, Technology, and Symbolism in Archaeology"
hosler1995,113,"Material Culture, Technology, and Symbolism in Archaeology"
houston2000,113,"Material Culture, Technology, and Symbolism in Archaeology"
insoll2007,113,"Material Culture, Technology, and Symbolism in Archaeology"
kemmers2006,113,"Material Culture, Technology, and Symbolism in Archaeology"
klussendorf2007,113,"Material Culture, Technology, and Symbolism in Archaeology"
kok2008,113,"Material Culture, Technology, and Symbolism in Archaeology"
kurke1999,113,"Material Culture, Technology, and Symbolism in Archaeology"
lightfoot1995,113,"Material Culture, Technology, and Symbolism in Archaeology"
makeler2010,113,"Material Culture, Technology, and Symbolism in Archaeology"
marques2007,113,"Material Culture, Technology, and Symbolism in Archaeology"
martin1991,113,"Material Culture, Technology, and Symbolism in Archaeology"
merleauponty1944,113,"Material Culture, Technology, and Symbolism in Archaeology"
miller1998,113,"Material Culture, Technology, and Symbolism in Archaeology"
mithen2008,113,"Material Culture, Technology, and Symbolism in Archaeology"
myrberg2010,113,"Material Culture, Technology, and Symbolism in Archaeology"
nash1978,113,"Material Culture, Technology, and Symbolism in Archaeology"
nick2005,113,"Material Culture, Technology, and Symbolism in Archaeology"
oden2009,113,"Material Culture, Technology, and Symbolism in Archaeology"
papadopoulos1999,113,"Material Culture, Technology, and Symbolism in Archaeology"
petersson1948,113,"Material Culture, Technology, and Symbolism in Archaeology"
przybyszewski2007,113,"Material Culture, Technology, and Symbolism in Archaeology"
rathje2001,113,"Material Culture, Technology, and Symbolism in Archaeology"
renfrew2009,113,"Material Culture, Technology, and Symbolism in Archaeology"
rickman1980,113,"Material Culture, Technology, and Symbolism in Archaeology"
seaford2004,113,"Material Culture, Technology, and Symbolism in Archaeology"
small1995,113,"Material Culture, Technology, and Symbolism in Archaeology"
thomsennd,113,"Material Culture, Technology, and Symbolism in Archaeology"
vanarsdell1989,113,"Material Culture, Technology, and Symbolism in Archaeology"
vonreden1995,113,"Material Culture, Technology, and Symbolism in Archaeology"
wiggwolf2005,113,"Material Culture, Technology, and Symbolism in Archaeology"
zach2005,113,"Material Culture, Technology, and Symbolism in Archaeology"
zanker1987,113,"Material Culture, Technology, and Symbolism in Archaeology"
merleauponty1994,113,"Material Culture, Technology, and Symbolism in Archaeology"
beck2018,117,Archaeological Typology and Assemblage Theory in Settlement Studies
vanoyen2015,117,Archaeological Typology and Assemblage Theory in Settlement Studies
artursson2005,117,Archaeological Typology and Assemblage Theory in Settlement Studies
bantelmann1975,117,Archaeological Typology and Assemblage Theory in Settlement Studies
beck2004,117,Archaeological Typology and Assemblage Theory in Settlement Studies
bennett2005,117,Archaeological Typology and Assemblage Theory in Settlement Studies
boozer2015,117,Archaeological Typology and Assemblage Theory in Settlement Studies
boye1992,117,Archaeological Typology and Assemblage Theory in Settlement Studies
boye1998,117,Archaeological Typology and Assemblage Theory in Settlement Studies
carlie2005,117,Archaeological Typology and Assemblage Theory in Settlement Studies
carlie2008,117,Archaeological Typology and Assemblage Theory in Settlement Studies
christensen1973,117,Archaeological Typology and Assemblage Theory in Settlement Studies
ford1954,117,Archaeological Typology and Assemblage Theory in Settlement Studies
fowler2017,117,Archaeological Typology and Assemblage Theory in Settlement Studies
gjerlevsen2013,117,Archaeological Typology and Assemblage Theory in Settlement Studies
gram2006,117,Archaeological Typology and Assemblage Theory in Settlement Studies
graslund1987,117,Archaeological Typology and Assemblage Theory in Settlement Studies
hakansson2012,117,Archaeological Typology and Assemblage Theory in Settlement Studies
hansen1991,117,Archaeological Typology and Assemblage Theory in Settlement Studies
harrison2011,117,Archaeological Typology and Assemblage Theory in Settlement Studies
hatt1928,117,Archaeological Typology and Assemblage Theory in Settlement Studies
heimer2009,117,Archaeological Typology and Assemblage Theory in Settlement Studies
heimer2006,117,Archaeological Typology and Assemblage Theory in Settlement Studies
hill1972,117,Archaeological Typology and Assemblage Theory in Settlement Studies
jensen1986,117,Archaeological Typology and Assemblage Theory in Settlement Studies
jensen1987,117,Archaeological Typology and Assemblage Theory in Settlement Studies
jessen2003,117,Archaeological Typology and Assemblage Theory in Settlement Studies
kling1984,117,Archaeological Typology and Assemblage Theory in Settlement Studies
komber2001,117,Archaeological Typology and Assemblage Theory in Settlement Studies
komber1999,117,Archaeological Typology and Assemblage Theory in Settlement Studies
krieger1944,117,Archaeological Typology and Assemblage Theory in Settlement Studies
kristensen2015,117,Archaeological Typology and Assemblage Theory in Settlement Studies
lucas2014,117,Archaeological Typology and Assemblage Theory in Settlement Studies
lucas2016,117,Archaeological Typology and Assemblage Theory in Settlement Studies
martens2005,117,Archaeological Typology and Assemblage Theory in Settlement Studies
mikkelsen2003,117,Archaeological Typology and Assemblage Theory in Settlement Studies
mimisson2016,117,Archaeological Typology and Assemblage Theory in Settlement Studies
nissen1998,117,Archaeological Typology and Assemblage Theory in Settlement Studies
normark2009,117,Archaeological Typology and Assemblage Theory in Settlement Studies
normark2010,117,Archaeological Typology and Assemblage Theory in Settlement Studies
nylen2009,117,Archaeological Typology and Assemblage Theory in Settlement Studies
olesen1998,117,Archaeological Typology and Assemblage Theory in Settlement Studies
pagh2007,117,Archaeological Typology and Assemblage Theory in Settlement Studies
pedersen2012,117,Archaeological Typology and Assemblage Theory in Settlement Studies
poulsen2014,117,Archaeological Typology and Assemblage Theory in Settlement Studies
rasmussen1994,117,Archaeological Typology and Assemblage Theory in Settlement Studies
rouse1960,117,Archaeological Typology and Assemblage Theory in Settlement Studies
schmidt1994,117,Archaeological Typology and Assemblage Theory in Settlement Studies
schultz2015,117,Archaeological Typology and Assemblage Theory in Settlement Studies
siemen2014,117,Archaeological Typology and Assemblage Theory in Settlement Studies
skov1994,117,Archaeological Typology and Assemblage Theory in Settlement Studies
sovso2013,117,Archaeological Typology and Assemblage Theory in Settlement Studies
spaulding1953,117,Archaeological Typology and Assemblage Theory in Settlement Studies
steward1954,117,Archaeological Typology and Assemblage Theory in Settlement Studies
stouman1980,117,Archaeological Typology and Assemblage Theory in Settlement Studies
tornbjerg2002,117,Archaeological Typology and Assemblage Theory in Settlement Studies
vale2017,117,Archaeological Typology and Assemblage Theory in Settlement Studies
villumsen2017,117,Archaeological Typology and Assemblage Theory in Settlement Studies
waterbolk1994,117,Archaeological Typology and Assemblage Theory in Settlement Studies
witmore2014,117,Archaeological Typology and Assemblage Theory in Settlement Studies
zimmermann2001,117,Archaeological Typology and Assemblage Theory in Settlement Studies
rohdesloth2012,279,Viking Age Archaeobotany and Plant Use
mikkelsen1994,279,Viking Age Archaeobotany and Plant Use
robin2006,279,Viking Age Archaeobotany and Plant Use
heimdahl2005,279,Viking Age Archaeobotany and Plant Use
hall2004,279,Viking Age Archaeobotany and Plant Use
henriksen2006a,279,Viking Age Archaeobotany and Plant Use
behrensmeyer1978,279,Viking Age Archaeobotany and Plant Use
behre1983,279,Viking Age Archaeobotany and Plant Use
kenward1995,279,Viking Age Archaeobotany and Plant Use
lager2003,279,Viking Age Archaeobotany and Plant Use
hoff1997,279,Viking Age Archaeobotany and Plant Use
andrea2010,279,Viking Age Archaeobotany and Plant Use
nielsen1990,279,Viking Age Archaeobotany and Plant Use
hansen1977,279,Viking Age Archaeobotany and Plant Use
alsleben2009,279,Viking Age Archaeobotany and Plant Use
andreasson2010,279,Viking Age Archaeobotany and Plant Use
behre1976,279,Viking Age Archaeobotany and Plant Use
behre1978,279,Viking Age Archaeobotany and Plant Use
billing1998,279,Viking Age Archaeobotany and Plant Use
bjorkman2007,279,Viking Age Archaeobotany and Plant Use
eggen1991,279,Viking Age Archaeobotany and Plant Use
farrar1998,279,Viking Age Archaeobotany and Plant Use
fredskild1971,279,Viking Age Archaeobotany and Plant Use
fruergaard2005,279,Viking Age Archaeobotany and Plant Use
gleason1994,279,Viking Age Archaeobotany and Plant Use
greig1996,279,Viking Age Archaeobotany and Plant Use
harild2007,279,Viking Age Archaeobotany and Plant Use
heimdahl2009,279,Viking Age Archaeobotany and Plant Use
heimdahl2010,279,Viking Age Archaeobotany and Plant Use
helbaek1958,279,Viking Age Archaeobotany and Plant Use
henriksen2008,279,Viking Age Archaeobotany and Plant Use
hjelmqvist1963,279,Viking Age Archaeobotany and Plant Use
holmboe1927,279,Viking Age Archaeobotany and Plant Use
jacomet1988,279,Viking Age Archaeobotany and Plant Use
jensen1979,279,Viking Age Archaeobotany and Plant Use
karg2007,279,Viking Age Archaeobotany and Plant Use
karg2010,279,Viking Age Archaeobotany and Plant Use
karg2012,279,Viking Age Archaeobotany and Plant Use
karg2002,279,Viking Age Archaeobotany and Plant Use
kirleis2011,279,Viking Age Archaeobotany and Plant Use
knorzer1999,279,Viking Age Archaeobotany and Plant Use
kolstrup2009,279,Viking Age Archaeobotany and Plant Use
korbergrohne1987,279,Viking Age Archaeobotany and Plant Use
kroll1986,279,Viking Age Archaeobotany and Plant Use
kroll1987,279,Viking Age Archaeobotany and Plant Use
kroll2007,279,Viking Age Archaeobotany and Plant Use
lageras2003,279,Viking Age Archaeobotany and Plant Use
lange1997,279,Viking Age Archaeobotany and Plant Use
lundquist2006,279,Viking Age Archaeobotany and Plant Use
moffett2006,279,Viking Age Archaeobotany and Plant Use
moltsen2005,279,Viking Age Archaeobotany and Plant Use
moltsen2009,279,Viking Age Archaeobotany and Plant Use
nielsen2010,279,Viking Age Archaeobotany and Plant Use
pettersson2002,279,Viking Age Archaeobotany and Plant Use
ramskou1974,279,Viking Age Archaeobotany and Plant Use
regnell2001,279,Viking Age Archaeobotany and Plant Use
strank2008,279,Viking Age Archaeobotany and Plant Use
tollin2005,279,Viking Age Archaeobotany and Plant Use
vanderveen2005,279,Viking Age Archaeobotany and Plant Use
perry2016,88,Anglo-Scandinavian Pottery Production and Industry
perring1981,88,Anglo-Scandinavian Pottery Production and Industry
carver2010,88,Anglo-Scandinavian Pottery Production and Industry
stocker2000,88,Anglo-Scandinavian Pottery Production and Industry
rowe2008,88,Anglo-Scandinavian Pottery Production and Industry
young2009,88,Anglo-Scandinavian Pottery Production and Industry
smith2001,88,Anglo-Scandinavian Pottery Production and Industry
musty1974,88,Anglo-Scandinavian Pottery Production and Industry
miles1989,88,Anglo-Scandinavian Pottery Production and Industry
abbott2005,88,Anglo-Scandinavian Pottery Production and Industry
gilmour1988,88,Anglo-Scandinavian Pottery Production and Industry
aitken1966,88,Anglo-Scandinavian Pottery Production and Industry
aitken1962,88,Anglo-Scandinavian Pottery Production and Industry
aitken1983,88,Anglo-Scandinavian Pottery Production and Industry
anon1996,88,Anglo-Scandinavian Pottery Production and Industry
aspinall1977,88,Anglo-Scandinavian Pottery Production and Industry
barley1964,88,Anglo-Scandinavian Pottery Production and Industry
barley1981,88,Anglo-Scandinavian Pottery Production and Industry
belfiore2007,88,Anglo-Scandinavian Pottery Production and Industry
blinkhorn2013,88,Anglo-Scandinavian Pottery Production and Industry
brooks1984,88,Anglo-Scandinavian Pottery Production and Industry
bryant1977,88,Anglo-Scandinavian Pottery Production and Industry
dallas1993,88,Anglo-Scandinavian Pottery Production and Industry
dunning1959,88,Anglo-Scandinavian Pottery Production and Industry
everson1999,88,Anglo-Scandinavian Pottery Production and Industry
field1990,88,Anglo-Scandinavian Pottery Production and Industry
ford1995,88,Anglo-Scandinavian Pottery Production and Industry
froh2004,88,Anglo-Scandinavian Pottery Production and Industry
gale1995,88,Anglo-Scandinavian Pottery Production and Industry
garmonsway1972,88,Anglo-Scandinavian Pottery Production and Industry
garrigos2001,88,Anglo-Scandinavian Pottery Production and Industry
golitko2012,88,Anglo-Scandinavian Pottery Production and Industry
goodwin2013,88,Anglo-Scandinavian Pottery Production and Industry
harkel2013,88,Anglo-Scandinavian Pottery Production and Industry
hebditch1964,88,Anglo-Scandinavian Pottery Production and Industry
hurst1962,88,Anglo-Scandinavian Pottery Production and Industry
ixer1997,88,Anglo-Scandinavian Pottery Production and Industry
jordan1994,88,Anglo-Scandinavian Pottery Production and Industry
kilmurry1980,88,Anglo-Scandinavian Pottery Production and Industry
leah1994,88,Anglo-Scandinavian Pottery Production and Industry
vander1993,88,Anglo-Scandinavian Pottery Production and Industry
mainman1990,88,Anglo-Scandinavian Pottery Production and Industry
maniatis1981,88,Anglo-Scandinavian Pottery Production and Industry
maniatis1984,88,Anglo-Scandinavian Pottery Production and Industry
mccarthy1988,88,Anglo-Scandinavian Pottery Production and Industry
miles1974,88,Anglo-Scandinavian Pottery Production and Industry
nailor1984,88,Anglo-Scandinavian Pottery Production and Industry
price1975,88,Anglo-Scandinavian Pottery Production and Industry
quinn2013,88,Anglo-Scandinavian Pottery Production and Industry
rice2005,88,Anglo-Scandinavian Pottery Production and Industry
rye1981,88,Anglo-Scandinavian Pottery Production and Industry
sawyer1998c,88,Anglo-Scandinavian Pottery Production and Industry
palmerbrown1995,88,Anglo-Scandinavian Pottery Production and Industry
vince2009,88,Anglo-Scandinavian Pottery Production and Industry
orton1993,88,Anglo-Scandinavian Pottery Production and Industry
jones2003a,88,Anglo-Scandinavian Pottery Production and Industry
blinkhorn2013a,88,Anglo-Scandinavian Pottery Production and Industry
adamsgilmour2010,88,Anglo-Scandinavian Pottery Production and Industry
pedersen2015,128,Lead Isotope Analysis for Metal Provenance
faure2005,128,Lead Isotope Analysis for Metal Provenance
baron2014,128,Lead Isotope Analysis for Metal Provenance
baron2006,128,Lead Isotope Analysis for Metal Provenance
baron2009,128,Lead Isotope Analysis for Metal Provenance
beagrie1989,128,Lead Isotope Analysis for Metal Provenance
bielicki1991,128,Lead Isotope Analysis for Metal Provenance
billstrom1990,128,Lead Isotope Analysis for Metal Provenance
bjorlykke1982,128,Lead Isotope Analysis for Metal Provenance
bjorlykke1990,128,Lead Isotope Analysis for Metal Provenance
bjorlykke1993,128,Lead Isotope Analysis for Metal Provenance
blanchard2001,128,Lead Isotope Analysis for Metal Provenance
bode2008,128,Lead Isotope Analysis for Metal Provenance
bode2009,128,Lead Isotope Analysis for Metal Provenance
boni2000,128,Lead Isotope Analysis for Metal Provenance
brooks2004,128,Lead Isotope Analysis for Metal Provenance
capelle1976,128,Lead Isotope Analysis for Metal Provenance
chen2012,128,Lead Isotope Analysis for Metal Provenance
chernyshev2008,128,Lead Isotope Analysis for Metal Provenance
chugayev2010,128,Lead Isotope Analysis for Metal Provenance
chugayev2013,128,Lead Isotope Analysis for Metal Provenance
duralimuller2005,128,Lead Isotope Analysis for Metal Provenance
gale1992,128,Lead Isotope Analysis for Metal Provenance
guenettebeck2009,128,Lead Isotope Analysis for Metal Provenance
guy1981,128,Lead Isotope Analysis for Metal Provenance
homer1991,128,Lead Isotope Analysis for Metal Provenance
hohndorf1986,128,Lead Isotope Analysis for Metal Provenance
johansson1983,128,Lead Isotope Analysis for Metal Provenance
johansson1984,128,Lead Isotope Analysis for Metal Provenance
johansson1985,128,Lead Isotope Analysis for Metal Provenance
karakaya1988,128,Lead Isotope Analysis for Metal Provenance
kirnbauer2012,128,Lead Isotope Analysis for Metal Provenance
kramers1997,128,Lead Isotope Analysis for Metal Provenance
leveque1993,128,Lead Isotope Analysis for Metal Provenance
loveluck1998,128,Lead Isotope Analysis for Metal Provenance
merkel2015,128,Lead Isotope Analysis for Metal Provenance
mirnejad2011,128,Lead Isotope Analysis for Metal Provenance
nicolaysenndi,128,Lead Isotope Analysis for Metal Provenance
nilsen1991,128,Lead Isotope Analysis for Metal Provenance
nriagu1983,128,Lead Isotope Analysis for Metal Provenance
penhallurick1986,128,Lead Isotope Analysis for Metal Provenance
petersen1995,128,Lead Isotope Analysis for Metal Provenance
pollard2008,128,Lead Isotope Analysis for Metal Provenance
rohl1996,128,Lead Isotope Analysis for Metal Provenance
rohl1998,128,Lead Isotope Analysis for Metal Provenance
sayre2001,128,Lead Isotope Analysis for Metal Provenance
shepherd1993,128,Lead Isotope Analysis for Metal Provenance
sjastad2011,128,Lead Isotope Analysis for Metal Provenance
stacey1975,128,Lead Isotope Analysis for Metal Provenance
stosgale2004,128,Lead Isotope Analysis for Metal Provenance
stosgale1997,128,Lead Isotope Analysis for Metal Provenance
sundblad1994,128,Lead Isotope Analysis for Metal Provenance
tereygeol2005,128,Lead Isotope Analysis for Metal Provenance
timberlake2005,128,Lead Isotope Analysis for Metal Provenance
trincherini2009,128,Lead Isotope Analysis for Metal Provenance
tylecote1992,128,Lead Isotope Analysis for Metal Provenance
villa2009,128,Lead Isotope Analysis for Metal Provenance
wedepohl1978,128,Lead Isotope Analysis for Metal Provenance
dugmore2012,64,Norse Greenland Paleoeconomy and Climate Adaptation
dugmore2007,64,Norse Greenland Paleoeconomy and Climate Adaptation
diamond2005,64,Norse Greenland Paleoeconomy and Climate Adaptation
mcgovern1985,64,Norse Greenland Paleoeconomy and Climate Adaptation
mcgovern2000,64,Norse Greenland Paleoeconomy and Climate Adaptation
mcgovern1996,64,Norse Greenland Paleoeconomy and Climate Adaptation
mahler2007,64,Norse Greenland Paleoeconomy and Climate Adaptation
hegmon2008,64,Norse Greenland Paleoeconomy and Climate Adaptation
church2005,64,Norse Greenland Paleoeconomy and Climate Adaptation
fredskild1991,64,Norse Greenland Paleoeconomy and Climate Adaptation
karlsson2000,64,Norse Greenland Paleoeconomy and Climate Adaptation
mainland2005,64,Norse Greenland Paleoeconomy and Climate Adaptation
brewington2010,64,Norse Greenland Paleoeconomy and Climate Adaptation
meldgaard1986,64,Norse Greenland Paleoeconomy and Climate Adaptation
arnalds1987,64,Norse Greenland Paleoeconomy and Climate Adaptation
sveinbjorndottir2010,64,Norse Greenland Paleoeconomy and Climate Adaptation
mcgovern1988,64,Norse Greenland Paleoeconomy and Climate Adaptation
berkes2000,64,Norse Greenland Paleoeconomy and Climate Adaptation
mcintosh2000,64,Norse Greenland Paleoeconomy and Climate Adaptation
vasey1996,64,Norse Greenland Paleoeconomy and Climate Adaptation
barlow1997,64,Norse Greenland Paleoeconomy and Climate Adaptation
patterson2010,64,Norse Greenland Paleoeconomy and Climate Adaptation
meeker2002,64,Norse Greenland Paleoeconomy and Climate Adaptation
oppenheimer2003,64,Norse Greenland Paleoeconomy and Climate Adaptation
cantor2001,64,Norse Greenland Paleoeconomy and Climate Adaptation
mageroy1993,64,Norse Greenland Paleoeconomy and Climate Adaptation
albrethsen1986,64,Norse Greenland Paleoeconomy and Climate Adaptation
barlow2001,64,Norse Greenland Paleoeconomy and Climate Adaptation
bond1998,64,Norse Greenland Paleoeconomy and Climate Adaptation
brewington2007,64,Norse Greenland Paleoeconomy and Climate Adaptation
buckland1996,64,Norse Greenland Paleoeconomy and Climate Adaptation
dawson2003,64,Norse Greenland Paleoeconomy and Climate Adaptation
dennis1993,64,Norse Greenland Paleoeconomy and Climate Adaptation
edwards1982,64,Norse Greenland Paleoeconomy and Climate Adaptation
kristjansson1993,64,Norse Greenland Paleoeconomy and Climate Adaptation
krogh1974,64,Norse Greenland Paleoeconomy and Climate Adaptation
lynnerup2000,64,Norse Greenland Paleoeconomy and Climate Adaptation
lynnerup2003,64,Norse Greenland Paleoeconomy and Climate Adaptation
mason1998,64,Norse Greenland Paleoeconomy and Climate Adaptation
mayewski2002,64,Norse Greenland Paleoeconomy and Climate Adaptation
mcghee2002,64,Norse Greenland Paleoeconomy and Climate Adaptation
mcgovern1979,64,Norse Greenland Paleoeconomy and Climate Adaptation
bones1992,64,Norse Greenland Paleoeconomy and Climate Adaptation
thomas2001,64,Norse Greenland Paleoeconomy and Climate Adaptation
ogilvie2000,64,Norse Greenland Paleoeconomy and Climate Adaptation
olafsdottir2001,64,Norse Greenland Paleoeconomy and Climate Adaptation
petersen2000,64,Norse Greenland Paleoeconomy and Climate Adaptation
schledermann2003,64,Norse Greenland Paleoeconomy and Climate Adaptation
seaver1996,64,Norse Greenland Paleoeconomy and Climate Adaptation
spufford2006,64,Norse Greenland Paleoeconomy and Climate Adaptation
sugden1982,64,Norse Greenland Paleoeconomy and Climate Adaptation
arneborg2002,64,Norse Greenland Paleoeconomy and Climate Adaptation
edvardsson2004,64,Norse Greenland Paleoeconomy and Climate Adaptation
lynnerup2007,64,Norse Greenland Paleoeconomy and Climate Adaptation
thorarinsson1961,64,Norse Greenland Paleoeconomy and Climate Adaptation
tomasson1996,64,Norse Greenland Paleoeconomy and Climate Adaptation
ambrose1999,64,Norse Greenland Paleoeconomy and Climate Adaptation
sanmark2013,134,Early Medieval Political Assemblies and Identity
brink2011,134,Early Medieval Political Assemblies and Identity
jones2012,134,Early Medieval Political Assemblies and Identity
oye2009,134,Early Medieval Political Assemblies and Identity
iversen2011,134,Early Medieval Political Assemblies and Identity
williams2004,134,Early Medieval Political Assemblies and Identity
bradley1987,134,Early Medieval Political Assemblies and Identity
bell2010,134,Early Medieval Political Assemblies and Identity
fridriksson2004,134,Early Medieval Political Assemblies and Identity
abels1988,134,Early Medieval Political Assemblies and Identity
armstrong2000,134,Early Medieval Political Assemblies and Identity
storli2001,134,Early Medieval Political Assemblies and Identity
bjorvand2000,134,Early Medieval Political Assemblies and Identity
aitchson1994,134,Early Medieval Political Assemblies and Identity
bagge1989,134,Early Medieval Political Assemblies and Identity
ballantyne1999a,134,Early Medieval Political Assemblies and Identity
bartlett1994,134,Early Medieval Political Assemblies and Identity
brink2003,134,Early Medieval Political Assemblies and Identity
brynjulfurnd,134,Early Medieval Political Assemblies and Identity
dndiplomatariumnorvegicumnd,134,Early Medieval Political Assemblies and Identity
driscoll1998,134,Early Medieval Political Assemblies and Identity
driscoll2000,134,Early Medieval Political Assemblies and Identity
flatman2010,134,Early Medieval Political Assemblies and Identity
fornsok2012,134,Early Medieval Political Assemblies and Identity
fridriksson2004a,134,Early Medieval Political Assemblies and Identity
wollett2004,134,Early Medieval Political Assemblies and Identity
damiata2005,134,Early Medieval Political Assemblies and Identity
gelling2000,134,Early Medieval Political Assemblies and Identity
gilchrist1995,134,Early Medieval Political Assemblies and Identity
glass2011,134,Early Medieval Political Assemblies and Identity
glick2005,134,Early Medieval Political Assemblies and Identity
groenewoudt2009,134,Early Medieval Political Assemblies and Identity
gustafsson2001,134,Early Medieval Political Assemblies and Identity
hebede1968,134,Early Medieval Political Assemblies and Identity
hellquist1980,134,Early Medieval Political Assemblies and Identity
henriksen2001b,134,Early Medieval Political Assemblies and Identity
higham1992,134,Early Medieval Political Assemblies and Identity
holm2009,134,Early Medieval Political Assemblies and Identity
iversen1956,134,Early Medieval Political Assemblies and Identity
kulikowski2005,134,Early Medieval Political Assemblies and Identity
larsson1995,134,Early Medieval Political Assemblies and Identity
goff1988,134,Early Medieval Political Assemblies and Identity
liebermann1913,134,Early Medieval Political Assemblies and Identity
mehler2012,134,Early Medieval Political Assemblies and Identity
moore2005,134,Early Medieval Political Assemblies and Identity
narmo1996,134,Early Medieval Political Assemblies and Identity
oosthuizen2011,134,Early Medieval Political Assemblies and Identity
rippon2004,134,Early Medieval Political Assemblies and Identity
rygh1907,134,Early Medieval Political Assemblies and Identity
samdal2008,134,Early Medieval Political Assemblies and Identity
simonsson1984,134,Early Medieval Political Assemblies and Identity
staf1935,134,Early Medieval Political Assemblies and Identity
stocking2000,134,Early Medieval Political Assemblies and Identity
akureyri2001,134,Early Medieval Political Assemblies and Identity
vestergaard1988,134,Early Medieval Political Assemblies and Identity
warner1988,134,Early Medieval Political Assemblies and Identity
widgren1986,134,Early Medieval Political Assemblies and Identity
lund2005,30,Viking Age Ritual Depositions and Sacred Landscapes
lund2004,30,Viking Age Ritual Depositions and Sacred Landscapes
andren2002,30,Viking Age Ritual Depositions and Sacred Landscapes
hedeager2002,30,Viking Age Ritual Depositions and Sacred Landscapes
mullerwille1984,30,Viking Age Ritual Depositions and Sacred Landscapes
peirce1919,30,Viking Age Ritual Depositions and Sacred Landscapes
petersen1919,30,Viking Age Ritual Depositions and Sacred Landscapes
hedeager1999,30,Viking Age Ritual Depositions and Sacred Landscapes
rydh1969,30,Viking Age Ritual Depositions and Sacred Landscapes
zachrisson1998,30,Viking Age Ritual Depositions and Sacred Landscapes
thomas1996,30,Viking Age Ritual Depositions and Sacred Landscapes
bonde1982,30,Viking Age Ritual Depositions and Sacred Landscapes
norgard1999,30,Viking Age Ritual Depositions and Sacred Landscapes
jorgensen1999,30,Viking Age Ritual Depositions and Sacred Landscapes
adams2004,30,Viking Age Ritual Depositions and Sacred Landscapes
lund2003,30,Viking Age Ritual Depositions and Sacred Landscapes
fabech1998,30,Viking Age Ritual Depositions and Sacred Landscapes
kaul2003,30,Viking Age Ritual Depositions and Sacred Landscapes
roesdahl1992a,30,Viking Age Ritual Depositions and Sacred Landscapes
stoklund1991,30,Viking Age Ritual Depositions and Sacred Landscapes
norgardjorgensen1999,30,Viking Age Ritual Depositions and Sacred Landscapes
fabech1992,30,Viking Age Ritual Depositions and Sacred Landscapes
jorgensen1996,30,Viking Age Ritual Depositions and Sacred Landscapes
jorgensen2002e,30,Viking Age Ritual Depositions and Sacred Landscapes
behrend1970,30,Viking Age Ritual Depositions and Sacred Landscapes
wiker2000,30,Viking Age Ritual Depositions and Sacred Landscapes
dent1984,30,Viking Age Ritual Depositions and Sacred Landscapes
dinzelbacher1984,30,Viking Age Ritual Depositions and Sacred Landscapes
frandsen1999,30,Viking Age Ritual Depositions and Sacred Landscapes
hines1989,30,Viking Age Ritual Depositions and Sacred Landscapes
jahnkuhn1951,30,Viking Age Ritual Depositions and Sacred Landscapes
jerichow1997,30,Viking Age Ritual Depositions and Sacred Landscapes
john1991,30,Viking Age Ritual Depositions and Sacred Landscapes
lager2001,30,Viking Age Ritual Depositions and Sacred Landscapes
liestol1972,30,Viking Age Ritual Depositions and Sacred Landscapes
lonaas2004,30,Viking Age Ritual Depositions and Sacred Landscapes
richards1990,30,Viking Age Ritual Depositions and Sacred Landscapes
rudebeck2002,30,Viking Age Ritual Depositions and Sacred Landscapes
steinsland1995,30,Viking Age Ritual Depositions and Sacred Landscapes
stidsing1999,30,Viking Age Ritual Depositions and Sacred Landscapes
wilke1999,30,Viking Age Ritual Depositions and Sacred Landscapes
ostmo2005,30,Viking Age Ritual Depositions and Sacred Landscapes
nmd1919,30,Viking Age Ritual Depositions and Sacred Landscapes
habbe2004,30,Viking Age Ritual Depositions and Sacred Landscapes
gjellerup1973,30,Viking Age Ritual Depositions and Sacred Landscapes
tilley1993,30,Viking Age Ritual Depositions and Sacred Landscapes
bonnier1994,30,Viking Age Ritual Depositions and Sacred Landscapes
caillet1985,30,Viking Age Ritual Depositions and Sacred Landscapes
collinder1972,30,Viking Age Ritual Depositions and Sacred Landscapes
hansen1992,30,Viking Age Ritual Depositions and Sacred Landscapes
fabech1989,30,Viking Age Ritual Depositions and Sacred Landscapes
john1987,30,Viking Age Ritual Depositions and Sacred Landscapes
larsson1976,30,Viking Age Ritual Depositions and Sacred Landscapes
ljungkvist2004a,30,Viking Age Ritual Depositions and Sacred Landscapes
nasstrom1997,30,Viking Age Ritual Depositions and Sacred Landscapes
ravn1999,30,Viking Age Ritual Depositions and Sacred Landscapes
ritchie1993,30,Viking Age Ritual Depositions and Sacred Landscapes
stiesdal1952,30,Viking Age Ritual Depositions and Sacred Landscapes
helama2017,136,Northern Hemisphere Climate Variability and Cold Events
gennaretti2014,136,Northern Hemisphere Climate Variability and Cold Events
mann2008,136,Northern Hemisphere Climate Variability and Cold Events
matskovsky2016,136,Northern Hemisphere Climate Variability and Cold Events
matthews2005,136,Northern Hemisphere Climate Variability and Cold Events
wilson2016,136,Northern Hemisphere Climate Variability and Cold Events
wilson2010,136,Northern Hemisphere Climate Variability and Cold Events
wilson2009,136,Northern Hemisphere Climate Variability and Cold Events
lamb1965,136,Northern Hemisphere Climate Variability and Cold Events
andresen2010,136,Northern Hemisphere Climate Variability and Cold Events
baker2015,136,Northern Hemisphere Climate Variability and Cold Events
berglund2003,136,Northern Hemisphere Climate Variability and Cold Events
blackford1991,136,Northern Hemisphere Climate Variability and Cold Events
bond2001,136,Northern Hemisphere Climate Variability and Cold Events
bond1997,136,Northern Hemisphere Climate Variability and Cold Events
bradley1992a,136,Northern Hemisphere Climate Variability and Cold Events
conroy2008,136,Northern Hemisphere Climate Variability and Cold Events
cui2013,136,Northern Hemisphere Climate Variability and Cold Events
lorenzo2010,136,Northern Hemisphere Climate Variability and Cold Events
lorenzo2008,136,Northern Hemisphere Climate Variability and Cold Events
eiriksson2006,136,Northern Hemisphere Climate Variability and Cold Events
faust2016,136,Northern Hemisphere Climate Variability and Cold Events
folland2009,136,Northern Hemisphere Climate Variability and Cold Events
grauel2013,136,Northern Hemisphere Climate Variability and Cold Events
gray2010,136,Northern Hemisphere Climate Variability and Cold Events
haldon2016,136,Northern Hemisphere Climate Variability and Cold Events
hass1996,136,Northern Hemisphere Climate Variability and Cold Events
helama2009,136,Northern Hemisphere Climate Variability and Cold Events
hurrell1995,136,Northern Hemisphere Climate Variability and Cold Events
hurrell2010,136,Northern Hemisphere Climate Variability and Cold Events
isono2009,136,Northern Hemisphere Climate Variability and Cold Events
jones2014,136,Northern Hemisphere Climate Variability and Cold Events
krawczyk2010,136,Northern Hemisphere Climate Variability and Cold Events
lamb1982,136,Northern Hemisphere Climate Variability and Cold Events
lamb1985,136,Northern Hemisphere Climate Variability and Cold Events
larsen2008,136,Northern Hemisphere Climate Variability and Cold Events
li2016,136,Northern Hemisphere Climate Variability and Cold Events
ljungqvist2010,136,Northern Hemisphere Climate Variability and Cold Events
mcdermott2001,136,Northern Hemisphere Climate Variability and Cold Events
moy2002,136,Northern Hemisphere Climate Variability and Cold Events
neukom2014,136,Northern Hemisphere Climate Variability and Cold Events
oliva2012,136,Northern Hemisphere Climate Variability and Cold Events
randsborg1991,136,Northern Hemisphere Climate Variability and Cold Events
reimann2011,136,Northern Hemisphere Climate Variability and Cold Events
ribeiro2012,136,Northern Hemisphere Climate Variability and Cold Events
rudaya2016,136,Northern Hemisphere Climate Variability and Cold Events
ruizfernandez2016,136,Northern Hemisphere Climate Variability and Cold Events
scafetta2012,136,Northern Hemisphere Climate Variability and Cold Events
swierczynski2012,136,Northern Hemisphere Climate Variability and Cold Events
ulgen2012,136,Northern Hemisphere Climate Variability and Cold Events
vanloon1978,136,Northern Hemisphere Climate Variability and Cold Events
wanner2008,136,Northern Hemisphere Climate Variability and Cold Events
wanner2001,136,Northern Hemisphere Climate Variability and Cold Events
wanner2011,136,Northern Hemisphere Climate Variability and Cold Events
yan2011,136,Northern Hemisphere Climate Variability and Cold Events
zhong2014,136,Northern Hemisphere Climate Variability and Cold Events
toplak2015,171,Viking Age Burial Practices and Dental Modification
sjoberg1985,171,Viking Age Burial Practices and Dental Modification
hirst1985,171,Viking Age Burial Practices and Dental Modification
hockart1938,171,Viking Age Burial Practices and Dental Modification
sherlock1992,171,Viking Age Burial Practices and Dental Modification
pedersen2011,171,Viking Age Burial Practices and Dental Modification
blomkvist2005,171,Viking Age Burial Practices and Dental Modification
meier2002,171,Viking Age Burial Practices and Dental Modification
meier2001,171,Viking Age Burial Practices and Dental Modification
duwel2001,171,Viking Age Burial Practices and Dental Modification
zimmermann2003,171,Viking Age Burial Practices and Dental Modification
almgren1904,171,Viking Age Burial Practices and Dental Modification
ernst1992,171,Viking Age Burial Practices and Dental Modification
alt1998,171,Viking Age Burial Practices and Dental Modification
anz1998,171,Viking Age Burial Practices and Dental Modification
arcini1991,171,Viking Age Burial Practices and Dental Modification
boylstone2000,171,Viking Age Burial Practices and Dental Modification
brather2009,171,Viking Age Burial Practices and Dental Modification
carlsson1990,171,Viking Age Burial Practices and Dental Modification
duwel1987a,171,Viking Age Burial Practices and Dental Modification
ebel1987,171,Viking Age Burial Practices and Dental Modification
finucane2008,171,Viking Age Burial Practices and Dental Modification
floderus1927,171,Viking Age Burial Practices and Dental Modification
garve2011,171,Viking Age Burial Practices and Dental Modification
harke2003,171,Viking Age Burial Practices and Dental Modification
hoffmann1989,171,Viking Age Burial Practices and Dental Modification
kattinger1999,171,Viking Age Burial Practices and Dental Modification
kjellstrom2014,171,Viking Age Burial Practices and Dental Modification
kunzler1999,171,Viking Age Burial Practices and Dental Modification
kyhlberg1991,171,Viking Age Burial Practices and Dental Modification
kyll1964,171,Viking Age Burial Practices and Dental Modification
lykiardopoulos1981,171,Viking Age Burial Practices and Dental Modification
malarstedt1979,171,Viking Age Burial Practices and Dental Modification
milner1991,171,Viking Age Burial Practices and Dental Modification
mortagua2006,171,Viking Age Burial Practices and Dental Modification
onasch1981,171,Viking Age Burial Practices and Dental Modification
philpott1991,171,Viking Age Burial Practices and Dental Modification
pettersson1966,171,Viking Age Burial Practices and Dental Modification
molina1970,171,Viking Age Burial Practices and Dental Modification
ruprecht1958,171,Viking Age Burial Practices and Dental Modification
sandholm1965,171,Viking Age Burial Practices and Dental Modification
g2000,171,Viking Age Burial Practices and Dental Modification
staecker1997,171,Viking Age Burial Practices and Dental Modification
staecker1998,171,Viking Age Burial Practices and Dental Modification
staecker2000,171,Viking Age Burial Practices and Dental Modification
stewart1944,171,Viking Age Burial Practices and Dental Modification
stewart1946,171,Viking Age Burial Practices and Dental Modification
svahnstrom1984,171,Viking Age Burial Practices and Dental Modification
thunmarknylen2004,171,Viking Age Burial Practices and Dental Modification
taylor2008,171,Viking Age Burial Practices and Dental Modification
vukovic2009,171,Viking Age Burial Practices and Dental Modification
westholm1989,171,Viking Age Burial Practices and Dental Modification
wilke1931,171,Viking Age Burial Practices and Dental Modification
yrwing1992,171,Viking Age Burial Practices and Dental Modification
yrwing1994,171,Viking Age Burial Practices and Dental Modification
zipp2010,171,Viking Age Burial Practices and Dental Modification
zachrisson2014a,45,Quernstone Production and Bread Making in Iron Age Sweden
jennbert2004,45,Quernstone Production and Bread Making in Iron Age Sweden
baug2013,45,Quernstone Production and Bread Making in Iron Age Sweden
carelli1997,45,Quernstone Production and Bread Making in Iron Age Sweden
stenberger1964,45,Quernstone Production and Bread Making in Iron Age Sweden
hennius2007,45,Quernstone Production and Bread Making in Iron Age Sweden
nordstrom2007,45,Quernstone Production and Bread Making in Iron Age Sweden
vifot1936,45,Quernstone Production and Bread Making in Iron Age Sweden
zachrisson2010,45,Quernstone Production and Bread Making in Iron Age Sweden
drobin1991,45,Quernstone Production and Bread Making in Iron Age Sweden
hamilton2007,45,Quernstone Production and Bread Making in Iron Age Sweden
olson2004,45,Quernstone Production and Bread Making in Iron Age Sweden
annuswer2007,45,Quernstone Production and Bread Making in Iron Age Sweden
hultgard1996,45,Quernstone Production and Bread Making in Iron Age Sweden
hansen2011,45,Quernstone Production and Bread Making in Iron Age Sweden
vikstrand2011,45,Quernstone Production and Bread Making in Iron Age Sweden
zachrisson2009a,45,Quernstone Production and Bread Making in Iron Age Sweden
andersson2013,45,Quernstone Production and Bread Making in Iron Age Sweden
baug2007,45,Quernstone Production and Bread Making in Iron Age Sweden
belmont2011,45,Quernstone Production and Bread Making in Iron Age Sweden
bjorck2009,45,Quernstone Production and Bread Making in Iron Age Sweden
drobin1986,45,Quernstone Production and Bread Making in Iron Age Sweden
ek1993,45,Quernstone Production and Bread Making in Iron Age Sweden
elfwendahl2001,45,Quernstone Production and Bread Making in Iron Age Sweden
elfwendahl1993,45,Quernstone Production and Bread Making in Iron Age Sweden
gumaeliusnda,45,Quernstone Production and Bread Making in Iron Age Sweden
hallgren2004,45,Quernstone Production and Bread Making in Iron Age Sweden
hallgren2005,45,Quernstone Production and Bread Making in Iron Age Sweden
hansson1997,45,Quernstone Production and Bread Making in Iron Age Sweden
hedblom1996,45,Quernstone Production and Bread Making in Iron Age Sweden
hermodsson2009,45,Quernstone Production and Bread Making in Iron Age Sweden
junkelmann1997,45,Quernstone Production and Bread Making in Iron Age Sweden
kresten1996,45,Quernstone Production and Bread Making in Iron Age Sweden
kresten1998,45,Quernstone Production and Bread Making in Iron Age Sweden
kresten1994,45,Quernstone Production and Bread Making in Iron Age Sweden
lamm2008,45,Quernstone Production and Bread Making in Iron Age Sweden
lantmateriet2013,45,Quernstone Production and Bread Making in Iron Age Sweden
larsson2012,45,Quernstone Production and Bread Making in Iron Age Sweden
lindalv1980,45,Quernstone Production and Bread Making in Iron Age Sweden
lundhansen2011,45,Quernstone Production and Bread Making in Iron Age Sweden
lothman2004,45,Quernstone Production and Bread Making in Iron Age Sweden
mellquistdanielson2011,45,Quernstone Production and Bread Making in Iron Age Sweden
myrdal2003,45,Quernstone Production and Bread Making in Iron Age Sweden
nilsson1988,45,Quernstone Production and Bread Making in Iron Age Sweden
olausson2000,45,Quernstone Production and Bread Making in Iron Age Sweden
persson1997,45,Quernstone Production and Bread Making in Iron Age Sweden
pettersson1977,45,Quernstone Production and Bread Making in Iron Age Sweden
pettersson1980,45,Quernstone Production and Bread Making in Iron Age Sweden
rinnman2013,45,Quernstone Production and Bread Making in Iron Age Sweden
vikstrand2009,45,Quernstone Production and Bread Making in Iron Age Sweden
zachrisson2013,45,Quernstone Production and Bread Making in Iron Age Sweden
bratt2011,45,Quernstone Production and Bread Making in Iron Age Sweden
eilersgaardchristensen2011,45,Quernstone Production and Bread Making in Iron Age Sweden
zachrisson2009,45,Quernstone Production and Bread Making in Iron Age Sweden
wessen1940,45,Quernstone Production and Bread Making in Iron Age Sweden
sindbaek2007,251,Baltic Sea Trade Networks and Early Medieval Centers
sachensymposium2001,251,Baltic Sea Trade Networks and Early Medieval Centers
andersson2003,251,Baltic Sea Trade Networks and Early Medieval Centers
schon1995,251,Baltic Sea Trade Networks and Early Medieval Centers
jagodzinski1991,251,Baltic Sea Trade Networks and Early Medieval Centers
carlsson1989,251,Baltic Sea Trade Networks and Early Medieval Centers
ulriksen2006,251,Baltic Sea Trade Networks and Early Medieval Centers
hohenberg1996,251,Baltic Sea Trade Networks and Early Medieval Centers
tornbjerg1997,251,Baltic Sea Trade Networks and Early Medieval Centers
stanislawski2000,251,Baltic Sea Trade Networks and Early Medieval Centers
sindbaek2006,251,Baltic Sea Trade Networks and Early Medieval Centers
dagstorp1999,251,Baltic Sea Trade Networks and Early Medieval Centers
mark1998,251,Baltic Sea Trade Networks and Early Medieval Centers
bogelund1999,251,Baltic Sea Trade Networks and Early Medieval Centers
naes2000,251,Baltic Sea Trade Networks and Early Medieval Centers
andersminde1980,251,Baltic Sea Trade Networks and Early Medieval Centers
okholm1996,251,Baltic Sea Trade Networks and Early Medieval Centers
starigardoldeburg1991,251,Baltic Sea Trade Networks and Early Medieval Centers
stro1984,251,Baltic Sea Trade Networks and Early Medieval Centers
bchin1965,251,Baltic Sea Trade Networks and Early Medieval Centers
albert2002,251,Baltic Sea Trade Networks and Early Medieval Centers
barabasi2003,251,Baltic Sea Trade Networks and Early Medieval Centers
becker1999,251,Baltic Sea Trade Networks and Early Medieval Centers
becker2003,251,Baltic Sea Trade Networks and Early Medieval Centers
dodds2003,251,Baltic Sea Trade Networks and Early Medieval Centers
donat1984,251,Baltic Sea Trade Networks and Early Medieval Centers
c2006c,251,Baltic Sea Trade Networks and Early Medieval Centers
granovetter1973,251,Baltic Sea Trade Networks and Early Medieval Centers
herrmann2005,251,Baltic Sea Trade Networks and Early Medieval Centers
jacobsson2000,251,Baltic Sea Trade Networks and Early Medieval Centers
lundquist2003,251,Baltic Sea Trade Networks and Early Medieval Centers
meier1991,251,Baltic Sea Trade Networks and Early Medieval Centers
ormerod2004,251,Baltic Sea Trade Networks and Early Medieval Centers
palmer2003,251,Baltic Sea Trade Networks and Early Medieval Centers
palmer2004,251,Baltic Sea Trade Networks and Early Medieval Centers
ravasz2003,251,Baltic Sea Trade Networks and Early Medieval Centers
schoknecht1977,251,Baltic Sea Trade Networks and Early Medieval Centers
schuldt1965,251,Baltic Sea Trade Networks and Early Medieval Centers
schuldt1967,251,Baltic Sea Trade Networks and Early Medieval Centers
schuldt1981,251,Baltic Sea Trade Networks and Early Medieval Centers
schuldt1985,251,Baltic Sea Trade Networks and Early Medieval Centers
watts2003,251,Baltic Sea Trade Networks and Early Medieval Centers
watts1998,251,Baltic Sea Trade Networks and Early Medieval Centers
wells2005,251,Baltic Sea Trade Networks and Early Medieval Centers
wietrzichowski1993,251,Baltic Sea Trade Networks and Early Medieval Centers
kirpichnikov1985,251,Baltic Sea Trade Networks and Early Medieval Centers
barabas2003,251,Baltic Sea Trade Networks and Early Medieval Centers
blinkhorn1999,251,Baltic Sea Trade Networks and Early Medieval Centers
brather1996,251,Baltic Sea Trade Networks and Early Medieval Centers
c2006d,251,Baltic Sea Trade Networks and Early Medieval Centers
filipowiak1993,251,Baltic Sea Trade Networks and Early Medieval Centers
soren2002,251,Baltic Sea Trade Networks and Early Medieval Centers
jankuhn1956,251,Baltic Sea Trade Networks and Early Medieval Centers
kirpichnikov1997,251,Baltic Sea Trade Networks and Early Medieval Centers
ohlsson1976,251,Baltic Sea Trade Networks and Early Medieval Centers
sawyer1977,251,Baltic Sea Trade Networks and Early Medieval Centers
warnke1992,251,Baltic Sea Trade Networks and Early Medieval Centers
barabasi1999a,251,Baltic Sea Trade Networks and Early Medieval Centers
jons1997a,251,Baltic Sea Trade Networks and Early Medieval Centers
pestell2003,251,Baltic Sea Trade Networks and Early Medieval Centers
lundqvist1997a,251,Baltic Sea Trade Networks and Early Medieval Centers
schoknecht1977a,251,Baltic Sea Trade Networks and Early Medieval Centers
herrmann2005a,251,Baltic Sea Trade Networks and Early Medieval Centers
andersson1994,251,Baltic Sea Trade Networks and Early Medieval Centers
glorstad2012,36,Viking-Age Adornment and Identity
kristiansen2005,36,Viking-Age Adornment and Identity
mikkelsen2002,36,Viking-Age Adornment and Identity
moberg1992,36,Viking-Age Adornment and Identity
hadley2002,36,Viking-Age Adornment and Identity
bukkemoen2007,36,Viking-Age Adornment and Identity
ynglingesaga1979,36,Viking-Age Adornment and Identity
alcock1991,36,Viking-Age Adornment and Identity
bjorgo1995,36,Viking-Age Adornment and Identity
blindheim1947,36,Viking-Age Adornment and Identity
bodal1998,36,Viking-Age Adornment and Identity
boe1934,36,Viking-Age Adornment and Identity
braathen1989,36,Viking-Age Adornment and Identity
callaway1987,36,Viking-Age Adornment and Identity
cessford1996,36,Viking-Age Adornment and Identity
crane2002,36,Viking-Age Adornment and Identity
damsholt2003,36,Viking-Age Adornment and Identity
demarrais1996,36,Viking-Age Adornment and Identity
etchingham2001,36,Viking-Age Adornment and Identity
fuglesang1972,36,Viking-Age Adornment and Identity
gustafson1900,36,Viking-Age Adornment and Identity
hammerton2004,36,Viking-Age Adornment and Identity
harlow2004,36,Viking-Age Adornment and Identity
hedeager2007,36,Viking-Age Adornment and Identity
helgason2000,36,Viking-Age Adornment and Identity
hougen2006,36,Viking-Age Adornment and Identity
janes1996,36,Viking-Age Adornment and Identity
jenkins1997,36,Viking-Age Adornment and Identity
jondell1974,36,Viking-Age Adornment and Identity
kaland1995,36,Viking-Age Adornment and Identity
kertzner1988,36,Viking-Age Adornment and Identity
larsen1978,36,Viking-Age Adornment and Identity
levine2004,36,Viking-Age Adornment and Identity
macdermott1955,36,Viking-Age Adornment and Identity
magnus1975,36,Viking-Age Adornment and Identity
mahr1941,36,Viking-Age Adornment and Identity
malmius2003,36,Viking-Age Adornment and Identity
nieke1991,36,Viking-Age Adornment and Identity
nieke1988,36,Viking-Age Adornment and Identity
olsen2000,36,Viking-Age Adornment and Identity
paisley2004,36,Viking-Age Adornment and Identity
skibstedtklaesoe1999,36,Viking-Age Adornment and Identity
staecker2003,36,Viking-Age Adornment and Identity
stafford1998,36,Viking-Age Adornment and Identity
stevenson1974,36,Viking-Age Adornment and Identity
stevenson1987,36,Viking-Age Adornment and Identity
stevenson1989,36,Viking-Age Adornment and Identity
stoler2002,36,Viking-Age Adornment and Identity
sveaasandersen1977,36,Viking-Age Adornment and Identity
trenchjellicoe1999,36,Viking-Age Adornment and Identity
tsigaridasglorstad2010a,36,Viking-Age Adornment and Identity
whitfield2001,36,Viking-Age Adornment and Identity
whitfield2004,36,Viking-Age Adornment and Identity
wilson1973,36,Viking-Age Adornment and Identity
mainland2018,110,Viking-Age Zooarchaeology and Consumption
ed2012,110,Viking-Age Zooarchaeology and Consumption
payne1973,110,Viking-Age Zooarchaeology and Consumption
dockrill2010,110,Viking-Age Zooarchaeology and Consumption
steinsland2011,110,Viking-Age Zooarchaeology and Consumption
fridriksson1994,110,Viking-Age Zooarchaeology and Consumption
allison1997,110,Viking-Age Zooarchaeology and Consumption
arnold1999,110,Viking-Age Zooarchaeology and Consumption
batey1993,110,Viking-Age Zooarchaeology and Consumption
batey2003,110,Viking-Age Zooarchaeology and Consumption
beuermann2011,110,Viking-Age Zooarchaeology and Consumption
bjorkanbukkemoen2017,110,Viking-Age Zooarchaeology and Consumption
bond2007,110,Viking-Age Zooarchaeology and Consumption
crawford1983,110,Viking-Age Zooarchaeology and Consumption
crawford2013,110,Viking-Age Zooarchaeology and Consumption
crossleyholland1982,110,Viking-Age Zooarchaeology and Consumption
cussans2010,110,Viking-Age Zooarchaeology and Consumption
cussans2015,110,Viking-Age Zooarchaeology and Consumption
fraser2009,110,Viking-Age Zooarchaeology and Consumption
greenacre2007,110,Viking-Age Zooarchaeology and Consumption
griffiths2009,110,Viking-Age Zooarchaeology and Consumption
gudmundsson1993,110,Viking-Age Zooarchaeology and Consumption
halstead2012,110,Viking-Age Zooarchaeology and Consumption
harland2006,110,Viking-Age Zooarchaeology and Consumption
hastorf2017,110,Viking-Age Zooarchaeology and Consumption
hermannson2011,110,Viking-Age Zooarchaeology and Consumption
jervis2018,110,Viking-Age Zooarchaeology and Consumption
jinenez2011,110,Viking-Age Zooarchaeology and Consumption
jones2018,110,Viking-Age Zooarchaeology and Consumption
madgwick2015,110,Viking-Age Zooarchaeology and Consumption
mainland2016,110,Viking-Age Zooarchaeology and Consumption
mainland2003,110,Viking-Age Zooarchaeology and Consumption
mccormick2002,110,Viking-Age Zooarchaeology and Consumption
mccormick2014,110,Viking-Age Zooarchaeology and Consumption
mcgovern2010,110,Viking-Age Zooarchaeology and Consumption
montgomery2017,110,Viking-Age Zooarchaeology and Consumption
morris1996,110,Viking-Age Zooarchaeology and Consumption
mulville1999,110,Viking-Age Zooarchaeology and Consumption
nicholson2010,110,Viking-Age Zooarchaeology and Consumption
noble2013,110,Viking-Age Zooarchaeology and Consumption
noddle1997,110,Viking-Age Zooarchaeology and Consumption
noddle1977,110,Viking-Age Zooarchaeology and Consumption
oconnor2010,110,Viking-Age Zooarchaeology and Consumption
oram2015,110,Viking-Age Zooarchaeology and Consumption
pollock2012,110,Viking-Age Zooarchaeology and Consumption
rackham1996,110,Viking-Age Zooarchaeology and Consumption
rowleyconwy1983,110,Viking-Age Zooarchaeology and Consumption
rowleyconwy2018,110,Viking-Age Zooarchaeology and Consumption
seller1986,110,Viking-Age Zooarchaeology and Consumption
serjeantson2007,110,Viking-Age Zooarchaeology and Consumption
sharples1998,110,Viking-Age Zooarchaeology and Consumption
sykes2010,110,Viking-Age Zooarchaeology and Consumption
terbraak2002,110,Viking-Age Zooarchaeology and Consumption
woolgar2016,110,Viking-Age Zooarchaeology and Consumption
ijssennagger2015,178,Viking-Age Frisia and the Low Countries
ijssennagger2013,178,Viking-Age Frisia and the Low Countries
perry2019,178,Viking-Age Frisia and the Low Countries
willemsen2004,178,Viking-Age Frisia and the Low Countries
coupland2010,178,Viking-Age Frisia and the Low Countries
nicolay2005,178,Viking-Age Frisia and the Low Countries
henstra2012,178,Viking-Age Frisia and the Low Countries
knol1999,178,Viking-Age Frisia and the Low Countries
grahamcampbell1976,178,Viking-Age Frisia and the Low Countries
sawyer1998,178,Viking-Age Frisia and the Low Countries
dumvillend,178,Viking-Age Frisia and the Low Countries
rau1977,178,Viking-Age Frisia and the Low Countries
ager2011,178,Viking-Age Frisia and the Low Countries
besteman2009,178,Viking-Age Frisia and the Low Countries
coupland2006,178,Viking-Age Frisia and the Low Countries
dijkstra2009,178,Viking-Age Frisia and the Low Countries
grieg1929,178,Viking-Age Frisia and the Low Countries
kilger2007,178,Viking-Age Frisia and the Low Countries
knol1998,178,Viking-Age Frisia and the Low Countries
knol2005,178,Viking-Age Frisia and the Low Countries
knol2010,178,Viking-Age Frisia and the Low Countries
sheehan2000,178,Viking-Age Frisia and the Low Countries
sheehan2011,178,Viking-Age Frisia and the Low Countries
others1971,178,Viking-Age Frisia and the Low Countries
woltering2000,178,Viking-Age Frisia and the Low Countries
woolf1990,178,Viking-Age Frisia and the Low Countries
woltering2002,178,Viking-Age Frisia and the Low Countries
davidson1979,178,Viking-Age Frisia and the Low Countries
hoekstra1940,178,Viking-Age Frisia and the Low Countries
rau1972,178,Viking-Age Frisia and the Low Countries
rives1985,178,Viking-Age Frisia and the Low Countries
south1932,178,Viking-Age Frisia and the Low Countries
bantelmann2003,178,Viking-Age Frisia and the Low Countries
besteman1997,178,Viking-Age Frisia and the Low Countries
boeles1915,178,Viking-Age Frisia and the Low Countries
borchling1938,178,Viking-Age Frisia and the Low Countries
bregman1998,178,Viking-Age Frisia and the Low Countries
ijssennagger2009,178,Viking-Age Frisia and the Low Countries
jons2013,178,Viking-Age Frisia and the Low Countries
meier2003,178,Viking-Age Frisia and the Low Countries
milis1998,178,Viking-Age Frisia and the Low Countries
nijdam2008,178,Viking-Age Frisia and the Low Countries
pritsak1981,178,Viking-Age Frisia and the Low Countries
schokker2008,178,Viking-Age Frisia and the Low Countries
siems1980,178,Viking-Age Frisia and the Low Countries
smyth1977,178,Viking-Age Frisia and the Low Countries
springer2003,178,Viking-Age Frisia and the Low Countries
theuws2009,178,Viking-Age Frisia and the Low Countries
vries2007,178,Viking-Age Frisia and the Low Countries
wood2001,178,Viking-Age Frisia and the Low Countries
esverwers1980,178,Viking-Age Frisia and the Low Countries
gerrets2012,178,Viking-Age Frisia and the Low Countries
skre2007b,178,Viking-Age Frisia and the Low Countries
paterson2002,178,Viking-Age Frisia and the Low Countries
jessen2014,205,Jelling Royal Complexes and Architecture
holst2013,205,Jelling Royal Complexes and Architecture
christensen2008,205,Jelling Royal Complexes and Architecture
christensen1993,205,Jelling Royal Complexes and Architecture
christensen2007,205,Jelling Royal Complexes and Architecture
roesdahl2008,205,Jelling Royal Complexes and Architecture
nielsen1980,205,Jelling Royal Complexes and Architecture
sorensen2011,205,Jelling Royal Complexes and Architecture
andersen2010,205,Jelling Royal Complexes and Architecture
andersen2009,205,Jelling Royal Complexes and Architecture
jorpeland2013,205,Jelling Royal Complexes and Architecture
schmidt1977,205,Jelling Royal Complexes and Architecture
sawyer2002,205,Jelling Royal Complexes and Architecture
glob1969,205,Jelling Royal Complexes and Architecture
andersen2008,205,Jelling Royal Complexes and Architecture
bandholm2012,205,Jelling Royal Complexes and Architecture
carstens2011,205,Jelling Royal Complexes and Architecture
christiansen1999,205,Jelling Royal Complexes and Architecture
christiansen2005,205,Jelling Royal Complexes and Architecture
dyggve1955,205,Jelling Royal Complexes and Architecture
hollstein1980,205,Jelling Royal Complexes and Architecture
holmsgaard1999,205,Jelling Royal Complexes and Architecture
hvass1998,205,Jelling Royal Complexes and Architecture
krogh1993,205,Jelling Royal Complexes and Architecture
lindblom2011,205,Jelling Royal Complexes and Architecture
lindblom2012,205,Jelling Royal Complexes and Architecture
mullerwille1991,205,Jelling Royal Complexes and Architecture
trillmich1970,205,Jelling Royal Complexes and Architecture
bjork1982,205,Jelling Royal Complexes and Architecture
chronicon2001,205,Jelling Royal Complexes and Architecture
dyggve1942,205,Jelling Royal Complexes and Architecture
harck2006,205,Jelling Royal Complexes and Architecture
janssen2004,205,Jelling Royal Complexes and Architecture
mcneill2004,205,Jelling Royal Complexes and Architecture
chr2009,205,Jelling Royal Complexes and Architecture
klemensen2001,205,Jelling Royal Complexes and Architecture
krogh1981,205,Jelling Royal Complexes and Architecture
lethlarsen2007,205,Jelling Royal Complexes and Architecture
madsen1985,205,Jelling Royal Complexes and Architecture
mcguire2008,205,Jelling Royal Complexes and Architecture
petersen1909,205,Jelling Royal Complexes and Architecture
staecker2005,205,Jelling Royal Complexes and Architecture
dyggve1948,205,Jelling Royal Complexes and Architecture
jeppesen1997,205,Jelling Royal Complexes and Architecture
jeppesen1990,205,Jelling Royal Complexes and Architecture
bonde1984,205,Jelling Royal Complexes and Architecture
glob1970,205,Jelling Royal Complexes and Architecture
waterbolk1990,205,Jelling Royal Complexes and Architecture
eriksenetal2009,205,Jelling Royal Complexes and Architecture
hafsaas2007,205,Jelling Royal Complexes and Architecture
christensen1983a,205,Jelling Royal Complexes and Architecture
christensen1991a,205,Jelling Royal Complexes and Architecture
jacobsen1942a,205,Jelling Royal Complexes and Architecture
holst2014,206,Jutland Settlement and Social Development
holst2010,206,Jutland Settlement and Social Development
wickham2005,206,Jutland Settlement and Social Development
nielsen2005,206,Jutland Settlement and Social Development
mikkelsen1999,206,Jutland Settlement and Social Development
hvass1985,206,Jutland Settlement and Social Development
hamerow2002,206,Jutland Settlement and Social Development
ethelberg2003,206,Jutland Settlement and Social Development
nielsen1998,206,Jutland Settlement and Social Development
brink2002,206,Jutland Settlement and Social Development
nasman2006,206,Jutland Settlement and Social Development
hansen1989,206,Jutland Settlement and Social Development
hansen1996,206,Jutland Settlement and Social Development
sorensen2000b,206,Jutland Settlement and Social Development
nielsen2007,206,Jutland Settlement and Social Development
hvass1988,206,Jutland Settlement and Social Development
bemmann1998,206,Jutland Settlement and Social Development
besteman1999,206,Jutland Settlement and Social Development
bjork1957,206,Jutland Settlement and Social Development
brandt1996,206,Jutland Settlement and Social Development
carnapbornheim1996,206,Jutland Settlement and Social Development
egeberghansen1988,206,Jutland Settlement and Social Development
egeberghansen1996,206,Jutland Settlement and Social Development
ethelberg2000,206,Jutland Settlement and Social Development
ringtved1989,206,Jutland Settlement and Social Development
fenger1971,206,Jutland Settlement and Social Development
hedeager1990,206,Jutland Settlement and Social Development
helgesson2008,206,Jutland Settlement and Social Development
hoilundnielsen2005,206,Jutland Settlement and Social Development
hoilundnielsen1993,206,Jutland Settlement and Social Development
hvass1986,206,Jutland Settlement and Social Development
jarlhansen1988,206,Jutland Settlement and Social Development
jessen2008,206,Jutland Settlement and Social Development
jorgensen1988,206,Jutland Settlement and Social Development
kopytof1986,206,Jutland Settlement and Social Development
lund1996,206,Jutland Settlement and Social Development
lundhansen1995,206,Jutland Settlement and Social Development
mauritsen2009,206,Jutland Settlement and Social Development
mikkelsen1990,206,Jutland Settlement and Social Development
mortensen1988a,206,Jutland Settlement and Social Development
mortensen1991,206,Jutland Settlement and Social Development
murray1983,206,Jutland Settlement and Social Development
norgardjorgensen1996,206,Jutland Settlement and Social Development
rasmussen1995,206,Jutland Settlement and Social Development
reuter1997,206,Jutland Settlement and Social Development
ringtved1986,206,Jutland Settlement and Social Development
ringtved1998,206,Jutland Settlement and Social Development
sjoholm1988,206,Jutland Settlement and Social Development
steuer1982,206,Jutland Settlement and Social Development
ulriksen1989,206,Jutland Settlement and Social Development
zimmermann2005,206,Jutland Settlement and Social Development
christiansen1995,206,Jutland Settlement and Social Development
fokkens1998,206,Jutland Settlement and Social Development
jorgensen1940,206,Jutland Settlement and Social Development
bitzthorsen2018,290,Domestic Animal Osteology and Domestication
jones2013,290,Domestic Animal Osteology and Domestication
oconnor2004,290,Domestic Animal Osteology and Domestication
benecke1994,290,Domestic Animal Osteology and Domestication
bergmannnd,290,Domestic Animal Osteology and Domestication
cluttonbrock1999,290,Domestic Animal Osteology and Domestication
cluttonbrock2012,290,Domestic Animal Osteology and Domestication
damm2000,290,Domestic Animal Osteology and Domestication
davis1978,290,Domestic Animal Osteology and Domestication
degerbol1933,290,Domestic Animal Osteology and Domestication
driscoll2009,290,Domestic Animal Osteology and Domestication
driscoll2007,290,Domestic Animal Osteology and Domestication
engels2001,290,Domestic Animal Osteology and Domestication
ewing1981,290,Domestic Animal Osteology and Domestication
faure2009,290,Domestic Animal Osteology and Domestication
french1988,290,Domestic Animal Osteology and Domestication
gotfredsen2017,290,Domestic Animal Osteology and Domestication
grigson1969,290,Domestic Animal Osteology and Domestication
grigson1989,290,Domestic Animal Osteology and Domestication
hatting1990,290,Domestic Animal Osteology and Domestication
hatting1991,290,Domestic Animal Osteology and Domestication
hatting2004,290,Domestic Animal Osteology and Domestication
jansen1988,290,Domestic Animal Osteology and Domestication
johansson1987,290,Domestic Animal Osteology and Domestication
kitchener1991,290,Domestic Animal Osteology and Domestication
knospe1988,290,Domestic Animal Osteology and Domestication
kratochvil1973,290,Domestic Animal Osteology and Domestication
kratochvil1976,290,Domestic Animal Osteology and Domestication
kratochvil1977,290,Domestic Animal Osteology and Domestication
kveiborg2007,290,Domestic Animal Osteology and Domestication
meadow1989,290,Domestic Animal Osteology and Domestication
mohl1961,290,Domestic Animal Osteology and Domestication
mohl1971,290,Domestic Animal Osteology and Domestication
mohl2010,290,Domestic Animal Osteology and Domestication
nyegaard1998,290,Domestic Animal Osteology and Domestication
oconnor2007,290,Domestic Animal Osteology and Domestication
ostergaard2016,290,Domestic Animal Osteology and Domestication
ottoni2017,290,Domestic Animal Osteology and Domestication
petrov1992,290,Domestic Animal Osteology and Domestication
pitakarnnop2017,290,Domestic Animal Osteology and Domestication
rantzau2015,290,Domestic Animal Osteology and Domestication
steineke2017,290,Domestic Animal Osteology and Domestication
tchernov1984,290,Domestic Animal Osteology and Domestication
tchernov1991,290,Domestic Animal Osteology and Domestication
tomtov2009,290,Domestic Animal Osteology and Domestication
tomtov2008,290,Domestic Animal Osteology and Domestication
tomtov2003,290,Domestic Animal Osteology and Domestication
neer2014,290,Domestic Animal Osteology and Domestication
vigne2015,290,Domestic Animal Osteology and Domestication
vigne2004,290,Domestic Animal Osteology and Domestication
zohary1991,290,Domestic Animal Osteology and Domestication
cluttonbrock1984,290,Domestic Animal Osteology and Domestication
aarissorensen2004,290,Domestic Animal Osteology and Domestication
eriksen2013,26,Boundaries and Thresholds in Viking Age Scandinavia
grimnesmal1985,26,Boundaries and Thresholds in Viking Age Scandinavia
landnamabok1997,26,Boundaries and Thresholds in Viking Age Scandinavia
andreeff2007,26,Boundaries and Thresholds in Viking Age Scandinavia
andren1997,26,Boundaries and Thresholds in Viking Age Scandinavia
bardseth2009,26,Boundaries and Thresholds in Viking Age Scandinavia
beck2010,26,Boundaries and Thresholds in Viking Age Scandinavia
bertell2006,26,Boundaries and Thresholds in Viking Age Scandinavia
blanton1995,26,Boundaries and Thresholds in Viking Age Scandinavia
blier1987,26,Boundaries and Thresholds in Viking Age Scandinavia
heyerdahllarsen1995,26,Boundaries and Thresholds in Viking Age Scandinavia
davidson1964,26,Boundaries and Thresholds in Viking Age Scandinavia
davidson1968,26,Boundaries and Thresholds in Viking Age Scandinavia
davidson1993,26,Boundaries and Thresholds in Viking Age Scandinavia
decerteau1984,26,Boundaries and Thresholds in Viking Age Scandinavia
feilberg1907,26,Boundaries and Thresholds in Viking Age Scandinavia
fendin2006,26,Boundaries and Thresholds in Viking Age Scandinavia
fredriksen2002,26,Boundaries and Thresholds in Viking Age Scandinavia
gennep1960,26,Boundaries and Thresholds in Viking Age Scandinavia
geschwind2005,26,Boundaries and Thresholds in Viking Age Scandinavia
graslund1969,26,Boundaries and Thresholds in Viking Age Scandinavia
gurevic1969,26,Boundaries and Thresholds in Viking Age Scandinavia
hallans1997,26,Boundaries and Thresholds in Viking Age Scandinavia
hillier1984,26,Boundaries and Thresholds in Viking Age Scandinavia
holmquistolausson1996,26,Boundaries and Thresholds in Viking Age Scandinavia
holmqvist1933,26,Boundaries and Thresholds in Viking Age Scandinavia
johansson1993,26,Boundaries and Thresholds in Viking Age Scandinavia
kjos2009,26,Boundaries and Thresholds in Viking Age Scandinavia
komber1989,26,Boundaries and Thresholds in Viking Age Scandinavia
kristensen2010,26,Boundaries and Thresholds in Viking Age Scandinavia
kristoffersen2000,26,Boundaries and Thresholds in Viking Age Scandinavia
kristoffersen2010,26,Boundaries and Thresholds in Viking Age Scandinavia
lakoff1980,26,Boundaries and Thresholds in Viking Age Scandinavia
larrington2007,26,Boundaries and Thresholds in Viking Age Scandinavia
petersen1933,26,Boundaries and Thresholds in Viking Age Scandinavia
ramqvist1992,26,Boundaries and Thresholds in Viking Age Scandinavia
ronne2008,26,Boundaries and Thresholds in Viking Age Scandinavia
sander1997,26,Boundaries and Thresholds in Viking Age Scandinavia
schmidt1999,26,Boundaries and Thresholds in Viking Age Scandinavia
skov2002,26,Boundaries and Thresholds in Viking Age Scandinavia
solheim1965,26,Boundaries and Thresholds in Viking Age Scandinavia
stutz2008,26,Boundaries and Thresholds in Viking Age Scandinavia
stutz2010,26,Boundaries and Thresholds in Viking Age Scandinavia
trumbullnd,26,Boundaries and Thresholds in Viking Age Scandinavia
tuan1977,26,Boundaries and Thresholds in Viking Age Scandinavia
turner1967,26,Boundaries and Thresholds in Viking Age Scandinavia
turner1977,26,Boundaries and Thresholds in Viking Age Scandinavia
unwin2007,26,Boundaries and Thresholds in Viking Age Scandinavia
unwin2009,26,Boundaries and Thresholds in Viking Age Scandinavia
weibull1918,26,Boundaries and Thresholds in Viking Age Scandinavia
wilson1988,26,Boundaries and Thresholds in Viking Age Scandinavia
wylie1985,26,Boundaries and Thresholds in Viking Age Scandinavia
gulathinglaw1994,26,Boundaries and Thresholds in Viking Age Scandinavia
ibnfadlan2012,26,Boundaries and Thresholds in Viking Age Scandinavia
magnell2010,43,Animal Osteology and Husbandry Practices
ross2002,43,Animal Osteology and Husbandry Practices
janson1998,43,Animal Osteology and Husbandry Practices
palm2004,43,Animal Osteology and Husbandry Practices
nilsson2009,43,Animal Osteology and Husbandry Practices
noenygaard1990,43,Animal Osteology and Husbandry Practices
hildebrandt1989,43,Animal Osteology and Husbandry Practices
nasstrom1996,43,Animal Osteology and Husbandry Practices
svenberg1984,43,Animal Osteology and Husbandry Practices
berg1986,43,Animal Osteology and Husbandry Practices
blumenschine1996,43,Animal Osteology and Husbandry Practices
boessneck1964,43,Animal Osteology and Husbandry Practices
brink1990,43,Animal Osteology and Husbandry Practices
bronkramsey2005,43,Animal Osteology and Husbandry Practices
brown1960,43,Animal Osteology and Husbandry Practices
carter2007,43,Animal Osteology and Husbandry Practices
dahlander1916,43,Animal Osteology and Husbandry Practices
ekman1973,43,Animal Osteology and Husbandry Practices
ekman1974,43,Animal Osteology and Husbandry Practices
ekman1984,43,Animal Osteology and Husbandry Practices
fagerborg1986,43,Animal Osteology and Husbandry Practices
graslund1996,43,Animal Osteology and Husbandry Practices
hemmendorff2010,43,Animal Osteology and Husbandry Practices
holm2006,43,Animal Osteology and Husbandry Practices
holmgren1985,43,Animal Osteology and Husbandry Practices
hultcrantz1996,43,Animal Osteology and Husbandry Practices
insulander1956,43,Animal Osteology and Husbandry Practices
iregren1997,43,Animal Osteology and Husbandry Practices
jakobsson1997,43,Animal Osteology and Husbandry Practices
lauwerier1983,43,Animal Osteology and Husbandry Practices
lemel1999,43,Animal Osteology and Husbandry Practices
lindeblad1997,43,Animal Osteology and Husbandry Practices
lyman1994,43,Animal Osteology and Husbandry Practices
magnell2004,43,Animal Osteology and Husbandry Practices
magnell2006,43,Animal Osteology and Husbandry Practices
nathorstnd,43,Animal Osteology and Husbandry Practices
nordenram2001,43,Animal Osteology and Husbandry Practices
nasstrom1988,43,Animal Osteology and Husbandry Practices
paulssonholmberg1997,43,Animal Osteology and Husbandry Practices
payne1985,43,Animal Osteology and Husbandry Practices
richter1982,43,Animal Osteology and Husbandry Practices
rossdale1996,43,Animal Osteology and Husbandry Practices
rudebeck2010,43,Animal Osteology and Husbandry Practices
sandegren1997,43,Animal Osteology and Husbandry Practices
sjodin1980,43,Animal Osteology and Husbandry Practices
thilderqvist2005,43,Animal Osteology and Husbandry Practices
vikstrand1993,43,Animal Osteology and Husbandry Practices
wallin1990,43,Animal Osteology and Husbandry Practices
welinder2003,43,Animal Osteology and Husbandry Practices
welinder2008,43,Animal Osteology and Husbandry Practices
zeder2010,43,Animal Osteology and Husbandry Practices
cluniesross1998,43,Animal Osteology and Husbandry Practices
fabech2013,15,Ritual Landscapes and Sacred Places
liden1969,15,Ritual Landscapes and Sacred Places
gurevich1985,15,Ritual Landscapes and Sacred Places
helgesson2004,15,Ritual Landscapes and Sacred Places
bradley2005,15,Ritual Landscapes and Sacred Places
watt1991,15,Ritual Landscapes and Sacred Places
bremen1975,15,Ritual Landscapes and Sacred Places
tacitus2003,15,Ritual Landscapes and Sacred Places
andersson2008b,15,Ritual Landscapes and Sacred Places
arne1937,15,Ritual Landscapes and Sacred Places
arrhenius1986,15,Ritual Landscapes and Sacred Places
artelius2008,15,Ritual Landscapes and Sacred Places
biuw1992,15,Ritual Landscapes and Sacred Places
bland1993,15,Ritual Landscapes and Sacred Places
price2008f,15,Ritual Landscapes and Sacred Places
conti1999,15,Ritual Landscapes and Sacred Places
rosengren1997,15,Ritual Landscapes and Sacred Places
green1995,15,Ritual Landscapes and Sacred Places
hannestad1986,15,Ritual Landscapes and Sacred Places
ruprecht1992,15,Ritual Landscapes and Sacred Places
hjarthnerholdar2008,15,Ritual Landscapes and Sacred Places
holmqvist1969,15,Ritual Landscapes and Sacred Places
hultgard1995,15,Ritual Landscapes and Sacred Places
johansen1989,15,Ritual Landscapes and Sacred Places
johns1994,15,Ritual Landscapes and Sacred Places
jong2001,15,Ritual Landscapes and Sacred Places
lamm1989,15,Ritual Landscapes and Sacred Places
lindeblad2007,15,Ritual Landscapes and Sacred Places
lundstrom1988,15,Ritual Landscapes and Sacred Places
milburn1989,15,Ritual Landscapes and Sacred Places
montanari2001,15,Ritual Landscapes and Sacred Places
myrberg2005,15,Ritual Landscapes and Sacred Places
nilsson1992,15,Ritual Landscapes and Sacred Places
nylen1988,15,Ritual Landscapes and Sacred Places
nasman1993,15,Ritual Landscapes and Sacred Places
ringtved1991,15,Ritual Landscapes and Sacred Places
sanden2001,15,Ritual Landscapes and Sacred Places
sawyer1985,15,Ritual Landscapes and Sacred Places
skovgaardpetersen1981,15,Ritual Landscapes and Sacred Places
strid1993,15,Ritual Landscapes and Sacred Places
sorensen2008,15,Ritual Landscapes and Sacred Places
sorensen1985,15,Ritual Landscapes and Sacred Places
savborg2003,15,Ritual Landscapes and Sacred Places
theuws2001,15,Ritual Landscapes and Sacred Places
thomsen1994,15,Ritual Landscapes and Sacred Places
vikstrand1996,15,Ritual Landscapes and Sacred Places
wes1992,15,Ritual Landscapes and Sacred Places
foote1970,15,Ritual Landscapes and Sacred Places
brink2006,15,Ritual Landscapes and Sacred Places
fabech2006,15,Ritual Landscapes and Sacred Places
andren2005,15,Ritual Landscapes and Sacred Places
liden1996,15,Ritual Landscapes and Sacred Places
androshchuk2010,222,"Weaponry, Rituals, and Trade in Viking Age"
sonderso2005,222,"Weaponry, Rituals, and Trade in Viking Age"
stenalt1960,222,"Weaponry, Rituals, and Trade in Viking Age"
kolindsund1936,222,"Weaponry, Rituals, and Trade in Viking Age"
luhm1903,222,"Weaponry, Rituals, and Trade in Viking Age"
androshchuk2001,222,"Weaponry, Rituals, and Trade in Viking Age"
androshchuk2003,222,"Weaponry, Rituals, and Trade in Viking Age"
androshchuk2009,222,"Weaponry, Rituals, and Trade in Viking Age"
androshchuk2004,222,"Weaponry, Rituals, and Trade in Viking Age"
appadurai1937,222,"Weaponry, Rituals, and Trade in Viking Age"
arbman1966,222,"Weaponry, Rituals, and Trade in Viking Age"
bergman1976,222,"Weaponry, Rituals, and Trade in Viking Age"
behmer1939,222,"Weaponry, Rituals, and Trade in Viking Age"
behrend1936,222,"Weaponry, Rituals, and Trade in Viking Age"
chase1979,222,"Weaponry, Rituals, and Trade in Viking Age"
colmo1953,222,"Weaponry, Rituals, and Trade in Viking Age"
cross1914,222,"Weaponry, Rituals, and Trade in Viking Age"
falk1914,222,"Weaponry, Rituals, and Trade in Viking Age"
gameson2001,222,"Weaponry, Rituals, and Trade in Viking Age"
gansum1991,222,"Weaponry, Rituals, and Trade in Viking Age"
geibig1992,222,"Weaponry, Rituals, and Trade in Viking Age"
grahamcampbell1968,222,"Weaponry, Rituals, and Trade in Viking Age"
hakonarherdibreids1991,222,"Weaponry, Rituals, and Trade in Viking Age"
nasman1991,222,"Weaponry, Rituals, and Trade in Viking Age"
lavrsen1960,222,"Weaponry, Rituals, and Trade in Viking Age"
mauss1980,222,"Weaponry, Rituals, and Trade in Viking Age"
menghin1980,222,"Weaponry, Rituals, and Trade in Viking Age"
mullerwille1980,222,"Weaponry, Rituals, and Trade in Viking Age"
north1980,222,"Weaponry, Rituals, and Trade in Viking Age"
nasman1989,222,"Weaponry, Rituals, and Trade in Viking Age"
olsson1975,222,"Weaponry, Rituals, and Trade in Viking Age"
owencrocker1966,222,"Weaponry, Rituals, and Trade in Viking Age"
pedersen1995,222,"Weaponry, Rituals, and Trade in Viking Age"
rydbeck1932,222,"Weaponry, Rituals, and Trade in Viking Age"
schulzedorrlamm1987,222,"Weaponry, Rituals, and Trade in Viking Age"
handelderwikingerzeitzwischennordundwesteuropaaufgrundarchaologischerzeugnisse1987,222,"Weaponry, Rituals, and Trade in Viking Age"
klaesoe2005,222,"Weaponry, Rituals, and Trade in Viking Age"
smidt1991,222,"Weaponry, Rituals, and Trade in Viking Age"
stocklund1985,222,"Weaponry, Rituals, and Trade in Viking Age"
strid1961,222,"Weaponry, Rituals, and Trade in Viking Age"
stromberg1946,222,"Weaponry, Rituals, and Trade in Viking Age"
svanberg1995,222,"Weaponry, Rituals, and Trade in Viking Age"
thunmarknylen1995,222,"Weaponry, Rituals, and Trade in Viking Age"
thunmarknylen2001,222,"Weaponry, Rituals, and Trade in Viking Age"
bergman2005,222,"Weaponry, Rituals, and Trade in Viking Age"
thalinbergman2000,222,"Weaponry, Rituals, and Trade in Viking Age"
theuws2000,222,"Weaponry, Rituals, and Trade in Viking Age"
turvillepetre1960,222,"Weaponry, Rituals, and Trade in Viking Age"
whitelock1955,222,"Weaponry, Rituals, and Trade in Viking Age"
wrenn1958,222,"Weaponry, Rituals, and Trade in Viking Age"
geibig1991,222,"Weaponry, Rituals, and Trade in Viking Age"
schulzedorrlamm1995,222,"Weaponry, Rituals, and Trade in Viking Age"
larsson1873,222,"Weaponry, Rituals, and Trade in Viking Age"
jansson2007,222,"Weaponry, Rituals, and Trade in Viking Age"
sanmarknd,298,Assembly Places and Royal Mounds
doherty1985,298,Assembly Places and Royal Mounds
vesteinsson2001,298,Assembly Places and Royal Mounds
reynolds1999,298,Assembly Places and Royal Mounds
adkins1984,298,Assembly Places and Royal Mounds
ahlberg1946,298,Assembly Places and Royal Mounds
ainslie2005,298,Assembly Places and Royal Mounds
alstrom2005,298,Assembly Places and Royal Mounds
allerstav1991,298,Assembly Places and Royal Mounds
beck1984,298,Assembly Places and Royal Mounds
bratt1999,298,Assembly Places and Royal Mounds
christiansson1958,298,Assembly Places and Royal Mounds
christiansson1989,298,Assembly Places and Royal Mounds
darvill2004,298,Assembly Places and Royal Mounds
driscoll2004,298,Assembly Places and Royal Mounds
fitzpatrick2001,298,Assembly Places and Royal Mounds
fitzpatrick2004,298,Assembly Places and Royal Mounds
fririksson2003,298,Assembly Places and Royal Mounds
gelling1978,298,Assembly Places and Royal Mounds
goessler1938,298,Assembly Places and Royal Mounds
grinsell1976,298,Assembly Places and Royal Mounds
hewittnd,298,Assembly Places and Royal Mounds
hoffman1990,298,Assembly Places and Royal Mounds
e1933,298,Assembly Places and Royal Mounds
hultgard2001,298,Assembly Places and Royal Mounds
jansson1943,298,Assembly Places and Royal Mounds
loyn1974,298,Assembly Places and Royal Mounds
mannerfelt1930,298,Assembly Places and Royal Mounds
meaney1995,298,Assembly Places and Royal Mounds
meaney1997,298,Assembly Places and Royal Mounds
newman1997,298,Assembly Places and Royal Mounds
norden1938,298,Assembly Places and Royal Mounds
olafsson1985,298,Assembly Places and Royal Mounds
pantos2002,298,Assembly Places and Royal Mounds
pantos2003,298,Assembly Places and Royal Mounds
peake1935,298,Assembly Places and Royal Mounds
persson2004,298,Assembly Places and Royal Mounds
schnell1938,298,Assembly Places and Royal Mounds
semple2004,298,Assembly Places and Royal Mounds
sundqvist2001,298,Assembly Places and Royal Mounds
turen1939,298,Assembly Places and Royal Mounds
turner2007,298,Assembly Places and Royal Mounds
vestergaard1990,298,Assembly Places and Royal Mounds
warner2004,298,Assembly Places and Royal Mounds
weitzel1986,298,Assembly Places and Royal Mounds
wildte1926,298,Assembly Places and Royal Mounds
wormald1999,298,Assembly Places and Royal Mounds
barnwell2003,298,Assembly Places and Royal Mounds
pantos2004,298,Assembly Places and Royal Mounds
holmback1933,298,Assembly Places and Royal Mounds
mannerfelt1936,298,Assembly Places and Royal Mounds
heenpettersen2018,4,Early Medieval Ecclesiastical Art and Relics
sheehan2013,4,Early Medieval Ecclesiastical Art and Relics
ross1998,4,Early Medieval Ecclesiastical Art and Relics
blindheim1976,4,Early Medieval Ecclesiastical Art and Relics
solli1996,4,Early Medieval Ecclesiastical Art and Relics
anderson1909,4,Early Medieval Ecclesiastical Art and Relics
annalsofclonmacnoisend,4,Early Medieval Ecclesiastical Art and Relics
blindheim1984,4,Early Medieval Ecclesiastical Art and Relics
bourke2010,4,Early Medieval Ecclesiastical Art and Relics
carroll1995,4,Early Medieval Ecclesiastical Art and Relics
hennessynd,4,Early Medieval Ecclesiastical Art and Relics
coffey1909,4,Early Medieval Ecclesiastical Art and Relics
connolly1987,4,Early Medieval Ecclesiastical Art and Relics
farbregd1979,4,Early Medieval Ecclesiastical Art and Relics
forte2005,4,Early Medieval Ecclesiastical Art and Relics
gerace2014,4,Early Medieval Ecclesiastical Art and Relics
gyllensvard2004,4,Early Medieval Ecclesiastical Art and Relics
hagland2008,4,Early Medieval Ecclesiastical Art and Relics
hall2015,4,Early Medieval Ecclesiastical Art and Relics
haseloff1990,4,Early Medieval Ecclesiastical Art and Relics
hedeager2015,4,Early Medieval Ecclesiastical Art and Relics
holtsmark1989,4,Early Medieval Ecclesiastical Art and Relics
kelly1993,4,Early Medieval Ecclesiastical Art and Relics
lamn2004,4,Early Medieval Ecclesiastical Art and Relics
lowe2007,4,Early Medieval Ecclesiastical Art and Relics
lucas1967,4,Early Medieval Ecclesiastical Art and Relics
lucas1973,4,Early Medieval Ecclesiastical Art and Relics
lucas1986,4,Early Medieval Ecclesiastical Art and Relics
magnus1932,4,Early Medieval Ecclesiastical Art and Relics
mullarkey2014,4,Early Medieval Ecclesiastical Art and Relics
murray2012,4,Early Medieval Ecclesiastical Art and Relics
murray2014,4,Early Medieval Ecclesiastical Art and Relics
murray2015,4,Early Medieval Ecclesiastical Art and Relics
murray2016,4,Early Medieval Ecclesiastical Art and Relics
nordvig2013,4,Early Medieval Ecclesiastical Art and Relics
carragain2010,4,Early Medieval Ecclesiastical Art and Relics
odonoghue2011,4,Early Medieval Ecclesiastical Art and Relics
floinn2013,4,Early Medieval Ecclesiastical Art and Relics
floinn2015,4,Early Medieval Ecclesiastical Art and Relics
omeadhra1988,4,Early Medieval Ecclesiastical Art and Relics
ohrn2015,4,Early Medieval Ecclesiastical Art and Relics
quast2012,4,Early Medieval Ecclesiastical Art and Relics
rosedahl1992,4,Early Medieval Ecclesiastical Art and Relics
ryan1998,4,Early Medieval Ecclesiastical Art and Relics
solli2013,4,Early Medieval Ecclesiastical Art and Relics
watt2005,4,Early Medieval Ecclesiastical Art and Relics
watt2011,4,Early Medieval Ecclesiastical Art and Relics
magnus2004,4,Early Medieval Ecclesiastical Art and Relics
sogness1988,4,Early Medieval Ecclesiastical Art and Relics
harrison2014a,4,Early Medieval Ecclesiastical Art and Relics
strand2011,25,Prehistoric Textiles and Costume Analysis
mannering2013,25,Prehistoric Textiles and Costume Analysis
frei2012,25,Prehistoric Textiles and Costume Analysis
strand2010,25,Prehistoric Textiles and Costume Analysis
barber1991,25,Prehistoric Textiles and Costume Analysis
benderjorgensen1986,25,Prehistoric Textiles and Costume Analysis
benderjorgensen1992,25,Prehistoric Textiles and Costume Analysis
benderjorgensen1995,25,Prehistoric Textiles and Costume Analysis
costin1991,25,Prehistoric Textiles and Costume Analysis
geijer1938,25,Prehistoric Textiles and Costume Analysis
geijer1980,25,Prehistoric Textiles and Costume Analysis
geijer1972,25,Prehistoric Textiles and Costume Analysis
gleba2008,25,Prehistoric Textiles and Costume Analysis
hald1980,25,Prehistoric Textiles and Costume Analysis
herlihy1964,25,Prehistoric Textiles and Costume Analysis
hagg1983,25,Prehistoric Textiles and Costume Analysis
hagg1985,25,Prehistoric Textiles and Costume Analysis
hagg1991,25,Prehistoric Textiles and Costume Analysis
ingstad1980,25,Prehistoric Textiles and Costume Analysis
michel2010,25,Prehistoric Textiles and Costume Analysis
martensson2000,25,Prehistoric Textiles and Costume Analysis
pedersen1998,25,Prehistoric Textiles and Costume Analysis
waltonrogers1996,25,Prehistoric Textiles and Costume Analysis
capelle2004,25,Prehistoric Textiles and Costume Analysis
attar1990,25,Prehistoric Textiles and Costume Analysis
benson2006,25,Prehistoric Textiles and Costume Analysis
bergfjord2012,25,Prehistoric Textiles and Costume Analysis
frei2010a,25,Prehistoric Textiles and Costume Analysis
geus2004,25,Prehistoric Textiles and Costume Analysis
hald1950,25,Prehistoric Textiles and Costume Analysis
mannering2011,25,Prehistoric Textiles and Costume Analysis
morita1986,25,Prehistoric Textiles and Costume Analysis
rosborg2003,25,Prehistoric Textiles and Costume Analysis
kjaerum1990,25,Prehistoric Textiles and Costume Analysis
axboe1986,25,Prehistoric Textiles and Costume Analysis
broholm1940,25,Prehistoric Textiles and Costume Analysis
danielsson2010,25,Prehistoric Textiles and Costume Analysis
holmqvist1960,25,Prehistoric Textiles and Costume Analysis
lamm2004a,25,Prehistoric Textiles and Costume Analysis
mannering2004,25,Prehistoric Textiles and Costume Analysis
mannering2006,25,Prehistoric Textiles and Costume Analysis
mannering2008,25,Prehistoric Textiles and Costume Analysis
mellend,25,Prehistoric Textiles and Costume Analysis
nasstrom1998,25,Prehistoric Textiles and Costume Analysis
nasstrom2009,25,Prehistoric Textiles and Costume Analysis
owencrocker2010,25,Prehistoric Textiles and Costume Analysis
simek2002,25,Prehistoric Textiles and Costume Analysis
stamsomunch2003,25,Prehistoric Textiles and Costume Analysis
watt1999,25,Prehistoric Textiles and Costume Analysis
watt2001,25,Prehistoric Textiles and Costume Analysis
ahfeldt2015,260,Viking Age Artistic Transmission and Iconography
gjessing1943,260,Viking Age Artistic Transmission and Iconography
holmqvist1972,260,Viking Age Artistic Transmission and Iconography
blidmo1976,260,Viking Age Artistic Transmission and Iconography
kyhlberg1985,260,Viking Age Artistic Transmission and Iconography
nerman1975,260,Viking Age Artistic Transmission and Iconography
henry1965,260,Viking Age Artistic Transmission and Iconography
bottgerniedenzu1982,260,Viking Age Artistic Transmission and Iconography
lamm2003,260,Viking Age Artistic Transmission and Iconography
wilson1966,260,Viking Age Artistic Transmission and Iconography
omeadhra1987,260,Viking Age Artistic Transmission and Iconography
brown2003,260,Viking Age Artistic Transmission and Iconography
lamm2006,260,Viking Age Artistic Transmission and Iconography
adcock1978,260,Viking Age Artistic Transmission and Iconography
arbman1948,260,Viking Age Artistic Transmission and Iconography
arrhenius1971,260,Viking Age Artistic Transmission and Iconography
bailey1978,260,Viking Age Artistic Transmission and Iconography
bain1951,260,Viking Age Artistic Transmission and Iconography
blidmo1982,260,Viking Age Artistic Transmission and Iconography
brown1921,260,Viking Age Artistic Transmission and Iconography
carver1952,260,Viking Age Artistic Transmission and Iconography
cramp1995,260,Viking Age Artistic Transmission and Iconography
cummins2009,260,Viking Age Artistic Transmission and Iconography
foster2005,260,Viking Age Artistic Transmission and Iconography
grahamcambell1985,260,Viking Age Artistic Transmission and Iconography
gustavson2014,260,Viking Age Artistic Transmission and Iconography
hauck1961,260,Viking Age Artistic Transmission and Iconography
henderson2004,260,Viking Age Artistic Transmission and Iconography
jansson1981,260,Viking Age Artistic Transmission and Iconography
kermode1907,260,Viking Age Artistic Transmission and Iconography
ahfeldt2002,260,Viking Age Artistic Transmission and Iconography
ahfeldt2008,260,Viking Age Artistic Transmission and Iconography
kreutzer1988,260,Viking Age Artistic Transmission and Iconography
laing2010,260,Viking Age Artistic Transmission and Iconography
lamm1985,260,Viking Age Artistic Transmission and Iconography
lamm1984,260,Viking Age Artistic Transmission and Iconography
lang1978,260,Viking Age Artistic Transmission and Iconography
lang1991,260,Viking Age Artistic Transmission and Iconography
marold1998,260,Viking Age Artistic Transmission and Iconography
neal1976,260,Viking Age Artistic Transmission and Iconography
nerman1941,260,Viking Age Artistic Transmission and Iconography
nerman1947,260,Viking Age Artistic Transmission and Iconography
nylen1982,260,Viking Age Artistic Transmission and Iconography
omeadhra1985,260,Viking Age Artistic Transmission and Iconography
omeadhra1993,260,Viking Age Artistic Transmission and Iconography
omeadhra1997,260,Viking Age Artistic Transmission and Iconography
rudenko1970,260,Viking Age Artistic Transmission and Iconography
sannessjohnsen1968,260,Viking Age Artistic Transmission and Iconography
scheller1963,260,Viking Age Artistic Transmission and Iconography
scheller1995,260,Viking Age Artistic Transmission and Iconography
savborg1997,260,Viking Age Artistic Transmission and Iconography
wilson1999,260,Viking Age Artistic Transmission and Iconography
kitzler2009,260,Viking Age Artistic Transmission and Iconography
lund2016,5,"Memory, Landscape, and Cognitive Archaeology"
lund2020,5,"Memory, Landscape, and Cognitive Archaeology"
lund2009,5,"Memory, Landscape, and Cognitive Archaeology"
graslund2008,5,"Memory, Landscape, and Cognitive Archaeology"
mauss1934,5,"Memory, Landscape, and Cognitive Archaeology"
herschend1994,5,"Memory, Landscape, and Cognitive Archaeology"
larsson1990,5,"Memory, Landscape, and Cognitive Archaeology"
krogh1982,5,"Memory, Landscape, and Cognitive Archaeology"
hamilakis2013,5,"Memory, Landscape, and Cognitive Archaeology"
pedersen2010,5,"Memory, Landscape, and Cognitive Archaeology"
assmann1995,5,"Memory, Landscape, and Cognitive Archaeology"
bradley1993,5,"Memory, Landscape, and Cognitive Archaeology"
sawyer1987a,5,"Memory, Landscape, and Cognitive Archaeology"
bianchi2010,5,"Memory, Landscape, and Cognitive Archaeology"
enoksen1999,5,"Memory, Landscape, and Cognitive Archaeology"
fuglesang1981,5,"Memory, Landscape, and Cognitive Archaeology"
fuglesang2005,5,"Memory, Landscape, and Cognitive Archaeology"
gadamer1960,5,"Memory, Landscape, and Cognitive Archaeology"
gilchrist2013,5,"Memory, Landscape, and Cognitive Archaeology"
knutzen2005,5,"Memory, Landscape, and Cognitive Archaeology"
knutzen2007,5,"Memory, Landscape, and Cognitive Archaeology"
kohring2014,5,"Memory, Landscape, and Cognitive Archaeology"
malafouris2013,5,"Memory, Landscape, and Cognitive Archaeology"
moser1998,5,"Memory, Landscape, and Cognitive Archaeology"
moser2005,5,"Memory, Landscape, and Cognitive Archaeology"
olick1999,5,"Memory, Landscape, and Cognitive Archaeology"
robb2009,5,"Memory, Landscape, and Cognitive Archaeology"
shaw2013,5,"Memory, Landscape, and Cognitive Archaeology"
smestad1988,5,"Memory, Landscape, and Cognitive Archaeology"
steinsland2014,5,"Memory, Landscape, and Cognitive Archaeology"
stromback1969,5,"Memory, Landscape, and Cognitive Archaeology"
tarlow2012,5,"Memory, Landscape, and Cognitive Archaeology"
thorn2002,5,"Memory, Landscape, and Cognitive Archaeology"
oebynielsen2005,5,"Memory, Landscape, and Cognitive Archaeology"
skre1996,5,"Memory, Landscape, and Cognitive Archaeology"
artelius1994,5,"Memory, Landscape, and Cognitive Archaeology"
bordo2008,5,"Memory, Landscape, and Cognitive Archaeology"
bourdieu1999,5,"Memory, Landscape, and Cognitive Archaeology"
broome2015,5,"Memory, Landscape, and Cognitive Archaeology"
hedeager2014,5,"Memory, Landscape, and Cognitive Archaeology"
jansson2005,5,"Memory, Landscape, and Cognitive Archaeology"
leach1958,5,"Memory, Landscape, and Cognitive Archaeology"
rydh1919,5,"Memory, Landscape, and Cognitive Archaeology"
skoglund2005,5,"Memory, Landscape, and Cognitive Archaeology"
solberg1993,5,"Memory, Landscape, and Cognitive Archaeology"
sten2001,5,"Memory, Landscape, and Cognitive Archaeology"
vretemark1983,5,"Memory, Landscape, and Cognitive Archaeology"
wallacehadrill1962,5,"Memory, Landscape, and Cognitive Archaeology"
wehlin2013,5,"Memory, Landscape, and Cognitive Archaeology"
nielsen2011,114,Iron Age Boathouses and Maritime Heritage
said1978,114,Iron Age Boathouses and Maritime Heritage
amundsen2003,114,Iron Age Boathouses and Maritime Heritage
vandommelen2002,114,Iron Age Boathouses and Maritime Heritage
johansen2003,114,Iron Age Boathouses and Maritime Heritage
olsen2002,114,Iron Age Boathouses and Maritime Heritage
amundsen1996,114,Iron Age Boathouses and Maritime Heritage
auestad1992,114,Iron Age Boathouses and Maritime Heritage
balascio2011,114,Iron Age Boathouses and Maritime Heritage
binns1978,114,Iron Age Boathouses and Maritime Heritage
bratrein1983,114,Iron Age Boathouses and Maritime Heritage
bratrein1991,114,Iron Age Boathouses and Maritime Heritage
bratrein1995,114,Iron Age Boathouses and Maritime Heritage
bruun2007,114,Iron Age Boathouses and Maritime Heritage
evjen2008,114,Iron Age Boathouses and Maritime Heritage
gjessing1973,114,Iron Age Boathouses and Maritime Heritage
grimm1999,114,Iron Age Boathouses and Maritime Heritage
grimm2002,114,Iron Age Boathouses and Maritime Heritage
grimm2006,114,Iron Age Boathouses and Maritime Heritage
grydeland2001,114,Iron Age Boathouses and Maritime Heritage
guttormsen2005,114,Iron Age Boathouses and Maritime Heritage
henriksen1996,114,Iron Age Boathouses and Maritime Heritage
hesjedal1996,114,Iron Age Boathouses and Maritime Heritage
hinsch1960,114,Iron Age Boathouses and Maritime Heritage
hodder1979,114,Iron Age Boathouses and Maritime Heritage
holand1989,114,Iron Age Boathouses and Maritime Heritage
johansen2002,114,Iron Age Boathouses and Maritime Heritage
johansen1982,114,Iron Age Boathouses and Maritime Heritage
johansen1990,114,Iron Age Boathouses and Maritime Heritage
johansen1978,114,Iron Age Boathouses and Maritime Heritage
mathiesen1978,114,Iron Age Boathouses and Maritime Heritage
myhre1978,114,Iron Age Boathouses and Maritime Heritage
myhre1985,114,Iron Age Boathouses and Maritime Heritage
nilsen1998,114,Iron Age Boathouses and Maritime Heritage
nilsen1995,114,Iron Age Boathouses and Maritime Heritage
odner1985,114,Iron Age Boathouses and Maritime Heritage
olsen1998,114,Iron Age Boathouses and Maritime Heritage
rolfsen1974,114,Iron Age Boathouses and Maritime Heritage
rolfsen1990,114,Iron Age Boathouses and Maritime Heritage
said1993,114,Iron Age Boathouses and Maritime Heritage
schanche1992,114,Iron Age Boathouses and Maritime Heritage
simonsen1980,114,Iron Age Boathouses and Maritime Heritage
sobstad1980,114,Iron Age Boathouses and Maritime Heritage
spivak1987,114,Iron Age Boathouses and Maritime Heritage
spivak1990,114,Iron Age Boathouses and Maritime Heritage
storli1985,114,Iron Age Boathouses and Maritime Heritage
vorren1985,114,Iron Age Boathouses and Maritime Heritage
wickler2005,114,Iron Age Boathouses and Maritime Heritage
wik1985,114,Iron Age Boathouses and Maritime Heritage
eriksen2017,137,"Infancy, Death, and Human Remains"
brunning2013,137,"Infancy, Death, and Human Remains"
artelius1999,137,"Infancy, Death, and Human Remains"
olsen2003,137,"Infancy, Death, and Human Remains"
alberti2016,137,"Infancy, Death, and Human Remains"
ambrosiani1993,137,"Infancy, Death, and Human Remains"
aries1962,137,"Infancy, Death, and Human Remains"
bo1967,137,"Infancy, Death, and Human Remains"
bantelmann1955,137,"Infancy, Death, and Human Remains"
bloch1995,137,"Infancy, Death, and Human Remains"
brown2008,137,"Infancy, Death, and Human Remains"
cannon2015,137,"Infancy, Death, and Human Remains"
capelle1987,137,"Infancy, Death, and Human Remains"
cuijpers1999,137,"Infancy, Death, and Human Remains"
dedet1990,137,"Infancy, Death, and Human Remains"
gamble2007,137,"Infancy, Death, and Human Remains"
gejvall1955,137,"Infancy, Death, and Human Remains"
gell1998,137,"Infancy, Death, and Human Remains"
gottlieb2004,137,"Infancy, Death, and Human Remains"
haarnagel1979,137,"Infancy, Death, and Human Remains"
harris2010,137,"Infancy, Death, and Human Remains"
hausfater1984,137,"Infancy, Death, and Human Remains"
holck2008,137,"Infancy, Death, and Human Remains"
hrdy1992,137,"Infancy, Death, and Human Remains"
hrdy1999,137,"Infancy, Death, and Human Remains"
jones2010,137,"Infancy, Death, and Human Remains"
kamp2001,137,"Infancy, Death, and Human Remains"
lally2011,137,"Infancy, Death, and Human Remains"
lally2008,137,"Infancy, Death, and Human Remains"
lancy2008,137,"Infancy, Death, and Human Remains"
lillehammer2008,137,"Infancy, Death, and Human Remains"
lillehammer2011,137,"Infancy, Death, and Human Remains"
lunde2011,137,"Infancy, Death, and Human Remains"
menotti2014,137,"Infancy, Death, and Human Remains"
meskell2002,137,"Infancy, Death, and Human Remains"
mithen2000,137,"Infancy, Death, and Human Remains"
moore2009,137,"Infancy, Death, and Human Remains"
murphy2014,137,"Infancy, Death, and Human Remains"
naumann2012,137,"Infancy, Death, and Human Remains"
pentikainen1990,137,"Infancy, Death, and Human Remains"
renck2000,137,"Infancy, Death, and Human Remains"
roslund1990,137,"Infancy, Death, and Human Remains"
scheperhughes1992,137,"Infancy, Death, and Human Remains"
schlabow1953,137,"Infancy, Death, and Human Remains"
sellevold1987,137,"Infancy, Death, and Human Remains"
sofaerderevenski2000,137,"Infancy, Death, and Human Remains"
toedter2001,137,"Infancy, Death, and Human Remains"
ucko1969,137,"Infancy, Death, and Human Remains"
viveirosdecastro2004,137,"Infancy, Death, and Human Remains"
hardhnd,218,Viking Age Uppåkra Excavations and Material Culture
johansson2008,218,Viking Age Uppåkra Excavations and Material Culture
skre2006,218,Viking Age Uppåkra Excavations and Material Culture
sperber1996,218,Viking Age Uppåkra Excavations and Material Culture
steuer1997,218,Viking Age Uppåkra Excavations and Material Culture
malmer1966,218,Viking Age Uppåkra Excavations and Material Culture
hardh2003,218,Viking Age Uppåkra Excavations and Material Culture
ulriksen1998,218,Viking Age Uppåkra Excavations and Material Culture
maixner2005,218,Viking Age Uppåkra Excavations and Material Culture
callmer1999,218,Viking Age Uppåkra Excavations and Material Culture
gjedssobertelsen1991,218,Viking Age Uppåkra Excavations and Material Culture
jorgensen1994,218,Viking Age Uppåkra Excavations and Material Culture
ulriksen2002,218,Viking Age Uppåkra Excavations and Material Culture
carelli2001,218,Viking Age Uppåkra Excavations and Material Culture
muller2001,218,Viking Age Uppåkra Excavations and Material Culture
ambrosiani2002,218,Viking Age Uppåkra Excavations and Material Culture
anglert1999,218,Viking Age Uppåkra Excavations and Material Culture
arrhenius1992,218,Viking Age Uppåkra Excavations and Material Culture
eriksson2001,218,Viking Age Uppåkra Excavations and Material Culture
gjosteinresi1979,218,Viking Age Uppåkra Excavations and Material Culture
gramstorp2000,218,Viking Age Uppåkra Excavations and Material Culture
gustafsson1968,218,Viking Age Uppåkra Excavations and Material Culture
gustin1999,218,Viking Age Uppåkra Excavations and Material Culture
herschend1989,218,Viking Age Uppåkra Excavations and Material Culture
horby1988,218,Viking Age Uppåkra Excavations and Material Culture
johanssonherven2001,218,Viking Age Uppåkra Excavations and Material Culture
kresten2001,218,Viking Age Uppåkra Excavations and Material Culture
klnm1999,218,Viking Age Uppåkra Excavations and Material Culture
lennartsson1997,218,Viking Age Uppåkra Excavations and Material Culture
metcalf1996,218,Viking Age Uppåkra Excavations and Material Culture
mikhailov2007,218,Viking Age Uppåkra Excavations and Material Culture
pedersen1999a,218,Viking Age Uppåkra Excavations and Material Culture
riddersporre1998,218,Viking Age Uppåkra Excavations and Material Culture
ringqvist1968,218,Viking Age Uppåkra Excavations and Material Culture
salminen2001,218,Viking Age Uppåkra Excavations and Material Culture
samuelsson2001,218,Viking Age Uppåkra Excavations and Material Culture
schulke2008,218,Viking Age Uppåkra Excavations and Material Culture
silvegren1999,218,Viking Age Uppåkra Excavations and Material Culture
steineke2005,218,Viking Age Uppåkra Excavations and Material Culture
stenholm1976,218,Viking Age Uppåkra Excavations and Material Culture
stjernquist1995,218,Viking Age Uppåkra Excavations and Material Culture
tegner1999,218,Viking Age Uppåkra Excavations and Material Culture
tegner2005,218,Viking Age Uppåkra Excavations and Material Culture
thilderqvist2000,218,Viking Age Uppåkra Excavations and Material Culture
thun1967,218,Viking Age Uppåkra Excavations and Material Culture
westergren1986,218,Viking Age Uppåkra Excavations and Material Culture
klaeso2001,218,Viking Age Uppåkra Excavations and Material Culture
andren1984,218,Viking Age Uppåkra Excavations and Material Culture
skibsted2002,218,Viking Age Uppåkra Excavations and Material Culture
arwillnordbladh2012,81,Disability and Bodily Variation in Myth and Literature
arwillnordbladh2013,81,Disability and Bodily Variation in Myth and Literature
helmbrecht2011,81,Disability and Bodily Variation in Myth and Literature
alberti2013,81,Disability and Bodily Variation in Myth and Literature
arrhenius1994,81,Disability and Bodily Variation in Myth and Literature
arrhenius1997,81,Disability and Bodily Variation in Myth and Literature
arrhenius1932,81,Disability and Bodily Variation in Myth and Literature
arwillnordbladh2011,81,Disability and Bodily Variation in Myth and Literature
backdanielsson2010,81,Disability and Bodily Variation in Myth and Literature
berg2007,81,Disability and Bodily Variation in Myth and Literature
bergqvist1999,81,Disability and Bodily Variation in Myth and Literature
bragg1997,81,Disability and Bodily Variation in Myth and Literature
christensen2009,81,Disability and Bodily Variation in Myth and Literature
gillespie2008,81,Disability and Bodily Variation in Myth and Literature
gilman2010,81,Disability and Bodily Variation in Myth and Literature
graslund2005,81,Disability and Bodily Variation in Myth and Literature
gronvik2008,81,Disability and Bodily Variation in Myth and Literature
hagberg1976,81,Disability and Bodily Variation in Myth and Literature
jensen2004,81,Disability and Bodily Variation in Myth and Literature
kuper1988,81,Disability and Bodily Variation in Myth and Literature
larsson1997,81,Disability and Bodily Variation in Myth and Literature
lassen2003,81,Disability and Bodily Variation in Myth and Literature
ljungkvist2005,81,Disability and Bodily Variation in Myth and Literature
lundgren2007,81,Disability and Bodily Variation in Myth and Literature
malmberg2009,81,Disability and Bodily Variation in Myth and Literature
malmberg2010,81,Disability and Bodily Variation in Myth and Literature
mannering2010,81,Disability and Bodily Variation in Myth and Literature
martinson1956,81,Disability and Bodily Variation in Myth and Literature
raudvere2008,81,Disability and Bodily Variation in Myth and Literature
ringkvist1969,81,Disability and Bodily Variation in Myth and Literature
roberts1999,81,Disability and Bodily Variation in Myth and Literature
silvers2009,81,Disability and Bodily Variation in Myth and Literature
solli1999,81,Disability and Bodily Variation in Myth and Literature
sonne2010,81,Disability and Bodily Variation in Myth and Literature
steinsland2007,81,Disability and Bodily Variation in Myth and Literature
sorensen1997,81,Disability and Bodily Variation in Myth and Literature
thomson1997,81,Disability and Bodily Variation in Myth and Literature
vikingatidens1995,81,Disability and Bodily Variation in Myth and Literature
williams2011,81,Disability and Bodily Variation in Myth and Literature
garlandthomson2002,81,Disability and Bodily Variation in Myth and Literature
boric2008,81,Disability and Bodily Variation in Myth and Literature
goransson1999,81,Disability and Bodily Variation in Myth and Literature
hirdman1988,81,Disability and Bodily Variation in Myth and Literature
joyce2005,81,Disability and Bodily Variation in Myth and Literature
muckenberger2012,81,Disability and Bodily Variation in Myth and Literature
nasstrom1986,81,Disability and Bodily Variation in Myth and Literature
vikingatidens1995a,81,Disability and Bodily Variation in Myth and Literature
bergqvist1997,81,Disability and Bodily Variation in Myth and Literature
fridriksdottir1991,81,Disability and Bodily Variation in Myth and Literature
baug2019,83,Ceramic Petrography and Trade Networks
rostad2016,83,Ceramic Petrography and Trade Networks
hines1984,83,Ceramic Petrography and Trade Networks
wamers2011,83,Ceramic Petrography and Trade Networks
askvik1990,83,Ceramic Petrography and Trade Networks
askvik2014,83,Ceramic Petrography and Trade Networks
bakmark2014,83,Ceramic Petrography and Trade Networks
bos2005,83,Ceramic Petrography and Trade Networks
callmer1998,83,Ceramic Petrography and Trade Networks
coupland2002,83,Ceramic Petrography and Trade Networks
crosby1987,83,Ceramic Petrography and Trade Networks
delvaux2017,83,Ceramic Petrography and Trade Networks
gardner2007,83,Ceramic Petrography and Trade Networks
gaunt2000,83,Ceramic Petrography and Trade Networks
hald1991,83,Ceramic Petrography and Trade Networks
hines1999,83,Ceramic Petrography and Trade Networks
hodges2001,83,Ceramic Petrography and Trade Networks
holand2003,83,Ceramic Petrography and Trade Networks
holberg2015,83,Ceramic Petrography and Trade Networks
iversen2018,83,Ceramic Petrography and Trade Networks
jansen2001,83,Ceramic Petrography and Trade Networks
jellema1955,83,Ceramic Petrography and Trade Networks
jesch2009,83,Ceramic Petrography and Trade Networks
knol2017,83,Ceramic Petrography and Trade Networks
koht1919,83,Ceramic Petrography and Trade Networks
krol2006,83,Ceramic Petrography and Trade Networks
lebecq1990,83,Ceramic Petrography and Trade Networks
lebecq1999,83,Ceramic Petrography and Trade Networks
lonaas2001,83,Ceramic Petrography and Trade Networks
moore1978,83,Ceramic Petrography and Trade Networks
moore1983,83,Ceramic Petrography and Trade Networks
nasman1986,83,Ceramic Petrography and Trade Networks
resi2008,83,Ceramic Petrography and Trade Networks
roesdahl1995,83,Ceramic Petrography and Trade Networks
schreiner1928,83,Ceramic Petrography and Trade Networks
sheehan2008,83,Ceramic Petrography and Trade Networks
sode2017,83,Ceramic Petrography and Trade Networks
svennung1967,83,Ceramic Petrography and Trade Networks
walther2004,83,Ceramic Petrography and Trade Networks
wickham2008,83,Ceramic Petrography and Trade Networks
wilson1985,83,Ceramic Petrography and Trade Networks
wood1983,83,Ceramic Petrography and Trade Networks
holand2001,83,Ceramic Petrography and Trade Networks
mcleod2014,83,Ceramic Petrography and Trade Networks
roesdahl2005,83,Ceramic Petrography and Trade Networks
vinsrygg1979,83,Ceramic Petrography and Trade Networks
mierow1915,83,Ceramic Petrography and Trade Networks
askvikresi1984,83,Ceramic Petrography and Trade Networks
kristjansdottir2015,123,Religious Transition and Christianization in Scandinavia
pluskowski2010,123,Religious Transition and Christianization in Scandinavia
miller2010,123,Religious Transition and Christianization in Scandinavia
vesteinsson2004,123,Religious Transition and Christianization in Scandinavia
holt1998,123,Religious Transition and Christianization in Scandinavia
tesch2007,123,Religious Transition and Christianization in Scandinavia
gosden2001,123,Religious Transition and Christianization in Scandinavia
bhabha2004a,123,Religious Transition and Christianization in Scandinavia
adalsteinsson1999,123,Religious Transition and Christianization in Scandinavia
agustsson1982,123,Religious Transition and Christianization in Scandinavia
birkeli1973,123,Religious Transition and Christianization in Scandinavia
brink2013,123,Religious Transition and Christianization in Scandinavia
christie1982,123,Religious Transition and Christianization in Scandinavia
colman1995,123,Religious Transition and Christianization in Scandinavia
deetz1977,123,Religious Transition and Christianization in Scandinavia
didiplomatariumislandicumnd,123,Religious Transition and Christianization in Scandinavia
edwald2012,123,Religious Transition and Christianization in Scandinavia
foucault1977,123,Religious Transition and Christianization in Scandinavia
foucault1982,123,Religious Transition and Christianization in Scandinavia
foucault1988,123,Religious Transition and Christianization in Scandinavia
foucault1994,123,Religious Transition and Christianization in Scandinavia
giddens1984,123,Religious Transition and Christianization in Scandinavia
gilchrist2012,123,Religious Transition and Christianization in Scandinavia
hall2012,123,Religious Transition and Christianization in Scandinavia
isleifsdottir1997,123,Religious Transition and Christianization in Scandinavia
jensenius2001,123,Religious Transition and Christianization in Scandinavia
jorgensen2004,123,Religious Transition and Christianization in Scandinavia
karlsson2001,123,Religious Transition and Christianization in Scandinavia
karras2003,123,Religious Transition and Christianization in Scandinavia
karras2012,123,Religious Transition and Christianization in Scandinavia
kristjansdottir2012,123,Religious Transition and Christianization in Scandinavia
kristjansdottir2001,123,Religious Transition and Christianization in Scandinavia
lane2001,123,Religious Transition and Christianization in Scandinavia
larusson1980,123,Religious Transition and Christianization in Scandinavia
loren2006,123,Religious Transition and Christianization in Scandinavia
lynn1984,123,Religious Transition and Christianization in Scandinavia
magnusdottir2001,123,Religious Transition and Christianization in Scandinavia
prescott2011,123,Religious Transition and Christianization in Scandinavia
jones2003,123,Religious Transition and Christianization in Scandinavia
runarsdottir2006,123,Religious Transition and Christianization in Scandinavia
russell2005,123,Religious Transition and Christianization in Scandinavia
salonen2013,123,Religious Transition and Christianization in Scandinavia
slupeki2007,123,Religious Transition and Christianization in Scandinavia
spivak1988,123,Religious Transition and Christianization in Scandinavia
stefansson2000,123,Religious Transition and Christianization in Scandinavia
soland2000,123,Religious Transition and Christianization in Scandinavia
zoega2002,123,Religious Transition and Christianization in Scandinavia
leigh1984,123,Religious Transition and Christianization in Scandinavia
price2020,190,Isotope Analysis of Migration and Diet in Baltic Burials
price2016,190,Isotope Analysis of Migration and Diet in Baltic Burials
kohn1996,190,Isotope Analysis of Migration and Diet in Baltic Burials
allmae2011,190,Isotope Analysis of Migration and Diet in Baltic Burials
dansgaard1964,190,Isotope Analysis of Migration and Diet in Baltic Burials
nerman1958,190,Isotope Analysis of Migration and Diet in Baltic Burials
peets2010,190,Isotope Analysis of Migration and Diet in Baltic Burials
buikstra1994,190,Isotope Analysis of Migration and Diet in Baltic Burials
oras2016,190,Isotope Analysis of Migration and Diet in Baltic Burials
kjellstrom2005,190,Isotope Analysis of Migration and Diet in Baltic Burials
price1985,190,Isotope Analysis of Migration and Diet in Baltic Burials
white2000,190,Isotope Analysis of Migration and Diet in Baltic Burials
chenery2012,190,Isotope Analysis of Migration and Diet in Baltic Burials
aberg1990,190,Isotope Analysis of Migration and Diet in Baltic Burials
burgman1987,190,Isotope Analysis of Migration and Diet in Baltic Burials
wilhelmson2017,190,Isotope Analysis of Migration and Diet in Baltic Burials
mays1998,190,Isotope Analysis of Migration and Diet in Baltic Burials
kahl2009,190,Isotope Analysis of Migration and Diet in Baltic Burials
sillen1998,190,Isotope Analysis of Migration and Diet in Baltic Burials
andersson1975,190,Isotope Analysis of Migration and Diet in Baltic Burials
arcini2018,190,Isotope Analysis of Migration and Diet in Baltic Burials
arppe2010,190,Isotope Analysis of Migration and Diet in Baltic Burials
azmy1999,190,Isotope Analysis of Migration and Diet in Baltic Burials
buko2013,190,Isotope Analysis of Migration and Diet in Baltic Burials
chernykh1985,190,Isotope Analysis of Migration and Diet in Baltic Burials
faure2004,190,Isotope Analysis of Migration and Diet in Baltic Burials
fraser2018,190,Isotope Analysis of Migration and Diet in Baltic Burials
hyenstrand1982,190,Isotope Analysis of Migration and Diet in Baltic Burials
maldre2018,190,Isotope Analysis of Migration and Diet in Baltic Burials
margaryan2019,190,Isotope Analysis of Migration and Diet in Baltic Burials
peschel2014,190,Isotope Analysis of Migration and Diet in Baltic Burials
punning1987,190,Isotope Analysis of Migration and Diet in Baltic Burials
raukas2009,190,Isotope Analysis of Migration and Diet in Baltic Burials
ruff2012,190,Isotope Analysis of Migration and Diet in Baltic Burials
sillen1982,190,Isotope Analysis of Migration and Diet in Baltic Burials
trotter1958,190,Isotope Analysis of Migration and Diet in Baltic Burials
tuuling2011,190,Isotope Analysis of Migration and Diet in Baltic Burials
wea1980,190,Isotope Analysis of Migration and Diet in Baltic Burials
woelfel2002,190,Isotope Analysis of Migration and Diet in Baltic Burials
raukas1997,190,Isotope Analysis of Migration and Diet in Baltic Burials
hardh2001,190,Isotope Analysis of Migration and Diet in Baltic Burials
lamm2005,190,Isotope Analysis of Migration and Diet in Baltic Burials
lang1995,190,Isotope Analysis of Migration and Diet in Baltic Burials
salmo1938,190,Isotope Analysis of Migration and Diet in Baltic Burials
skrzat2010,190,Isotope Analysis of Migration and Diet in Baltic Burials
tarvel1982,190,Isotope Analysis of Migration and Diet in Baltic Burials
trotter1952,190,Isotope Analysis of Migration and Diet in Baltic Burials
luz1985a,190,Isotope Analysis of Migration and Diet in Baltic Burials
magi2011,300,Eastern Baltic Viking Age Chronicles and Ethnicity
kaliff2001,300,Eastern Baltic Viking Age Chronicles and Ethnicity
jansson2000,300,Eastern Baltic Viking Age Chronicles and Ethnicity
edgren1995,300,Eastern Baltic Viking Age Chronicles and Ethnicity
wroblewski2006,300,Eastern Baltic Viking Age Chronicles and Ethnicity
page1995,300,Eastern Baltic Viking Age Chronicles and Ethnicity
zarina2006,300,Eastern Baltic Viking Age Chronicles and Ethnicity
sturluson2011,300,Eastern Baltic Viking Age Chronicles and Ethnicity
ynglingatal2011,300,Eastern Baltic Viking Age Chronicles and Ethnicity
anbrosiani2007,300,Eastern Baltic Viking Age Chronicles and Ethnicity
banyterowell2005,300,Eastern Baltic Viking Age Chronicles and Ethnicity
bliujiene2008,300,Eastern Baltic Viking Age Chronicles and Ethnicity
bertasius2006,300,Eastern Baltic Viking Age Chronicles and Ethnicity
bonnellnd,300,Eastern Baltic Viking Age Chronicles and Ethnicity
creutz2003,300,Eastern Baltic Viking Age Chronicles and Ethnicity
deemant1977,300,Eastern Baltic Viking Age Chronicles and Ethnicity
ehrensvird1991,300,Eastern Baltic Viking Age Chronicles and Ethnicity
filipowiak1983,300,Eastern Baltic Viking Age Chronicles and Ethnicity
gurevitch1970,300,Eastern Baltic Viking Age Chronicles and Ethnicity
argang2000,300,Eastern Baltic Viking Age Chronicles and Ethnicity
johansen1939,300,Eastern Baltic Viking Age Chronicles and Ethnicity
khvoshchinskaya2004,300,Eastern Baltic Viking Age Chronicles and Ethnicity
lamm2009,300,Eastern Baltic Viking Age Chronicles and Ethnicity
ligi1968,300,Eastern Baltic Viking Age Chronicles and Ethnicity
ligi1995,300,Eastern Baltic Viking Age Chronicles and Ethnicity
baltica2007,300,Eastern Baltic Viking Age Chronicles and Ethnicity
magilougas1993,300,Eastern Baltic Viking Age Chronicles and Ethnicity
melnikova2007,300,Eastern Baltic Viking Age Chronicles and Ethnicity
melnikova1990,300,Eastern Baltic Viking Age Chronicles and Ethnicity
mickevicius1994,300,Eastern Baltic Viking Age Chronicles and Ethnicity
mugurevies1994,300,Eastern Baltic Viking Age Chronicles and Ethnicity
nosoy2001,300,Eastern Baltic Viking Age Chronicles and Ethnicity
nosov2005,300,Eastern Baltic Viking Age Chronicles and Ethnicity
nosov2006,300,Eastern Baltic Viking Age Chronicles and Ethnicity
opik1970,300,Eastern Baltic Viking Age Chronicles and Ethnicity
selart2002,300,Eastern Baltic Viking Age Chronicles and Ethnicity
selirand1974,300,Eastern Baltic Viking Age Chronicles and Ethnicity
sindbek2003,300,Eastern Baltic Viking Age Chronicles and Ethnicity
spirgis2008,300,Eastern Baltic Viking Age Chronicles and Ethnicity
stubavs1966,300,Eastern Baltic Viking Age Chronicles and Ethnicity
sne1997,300,Eastern Baltic Viking Age Chronicles and Ethnicity
tamla1977,300,Eastern Baltic Viking Age Chronicles and Ethnicity
tarvel1975,300,Eastern Baltic Viking Age Chronicles and Ethnicity
tonisson1974,300,Eastern Baltic Viking Age Chronicles and Ethnicity
valtonen2007,300,Eastern Baltic Viking Age Chronicles and Ethnicity
zabiela2008,300,Eastern Baltic Viking Age Chronicles and Ethnicity
zulkus1991,300,Eastern Baltic Viking Age Chronicles and Ethnicity
macane2001,300,Eastern Baltic Viking Age Chronicles and Ethnicity
jahnsen2016,121,Nationalism and Identity Construction in Archaeology
harke2000,121,Nationalism and Identity Construction in Archaeology
anderson1983,121,Nationalism and Identity Construction in Archaeology
baudou2004,121,Nationalism and Identity Construction in Archaeology
myhre1994,121,Nationalism and Identity Construction in Archaeology
gravesbrown1996,121,Nationalism and Identity Construction in Archaeology
dommasnes1979,121,Nationalism and Identity Construction in Archaeology
ingstad1992,121,Nationalism and Identity Construction in Archaeology
eriksen2001,121,Nationalism and Identity Construction in Archaeology
atkinson1996,121,Nationalism and Identity Construction in Archaeology
billig1995,121,Nationalism and Identity Construction in Archaeology
blindheim1953,121,Nationalism and Identity Construction in Archaeology
diazandreu1996,121,Nationalism and Identity Construction in Archaeology
eikrem2005,121,Nationalism and Identity Construction in Archaeology
eriksen1993,121,Nationalism and Identity Construction in Archaeology
fairclough1992,121,Nationalism and Identity Construction in Archaeology
gellner1983,121,Nationalism and Identity Construction in Archaeology
gjerde2010,121,Nationalism and Identity Construction in Archaeology
gjessing1928,121,Nationalism and Identity Construction in Archaeology
haavardsholm2004,121,Nationalism and Identity Construction in Archaeology
hesjedal2000,121,Nationalism and Identity Construction in Archaeology
hobsbawm1992,121,Nationalism and Identity Construction in Archaeology
hodder1984,121,Nationalism and Identity Construction in Archaeology
hougen1965,121,Nationalism and Identity Construction in Archaeology
harke1998,121,Nationalism and Identity Construction in Archaeology
jahnsen2015,121,Nationalism and Identity Construction in Archaeology
jones1996,121,Nationalism and Identity Construction in Archaeology
kjorup2001,121,Nationalism and Identity Construction in Archaeology
kristiansen1993,121,Nationalism and Identity Construction in Archaeology
laclau2001,121,Nationalism and Identity Construction in Archaeology
martens1960,121,Nationalism and Identity Construction in Archaeology
munch1985,121,Nationalism and Identity Construction in Archaeology
opedal1999,121,Nationalism and Identity Construction in Archaeology
paxton1999,121,Nationalism and Identity Construction in Archaeology
ringrose1993,121,Nationalism and Identity Construction in Archaeology
schanche1989,121,Nationalism and Identity Construction in Archaeology
shanks2001,121,Nationalism and Identity Construction in Archaeology
shetelig1910,121,Nationalism and Identity Construction in Archaeology
simonsen1967,121,Nationalism and Identity Construction in Archaeology
skre1991,121,Nationalism and Identity Construction in Archaeology
stenvik1980,121,Nationalism and Identity Construction in Archaeology
stylegar2009,121,Nationalism and Identity Construction in Archaeology
ucko1989,121,Nationalism and Identity Construction in Archaeology
wineburg1991,121,Nationalism and Identity Construction in Archaeology
ostigard2001,121,Nationalism and Identity Construction in Archaeology
kohl1996,121,Nationalism and Identity Construction in Archaeology
billig1995a,121,Nationalism and Identity Construction in Archaeology
carver2015,149,Monasticism and Religious Centers in Northern Europe
carver2009,149,Monasticism and Religious Centers in Northern Europe
abulafia2011,149,Monasticism and Religious Centers in Northern Europe
angenendt2008,149,Monasticism and Religious Centers in Northern Europe
armstrong2009,149,Monasticism and Religious Centers in Northern Europe
arrhenius2011,149,Monasticism and Religious Centers in Northern Europe
augenti2010,149,Monasticism and Religious Centers in Northern Europe
battaglia2001,149,Monasticism and Religious Centers in Northern Europe
behr2014,149,Monasticism and Religious Centers in Northern Europe
museum2009,149,Monasticism and Religious Centers in Northern Europe
bougard2008,149,Monasticism and Religious Centers in Northern Europe
bowden2012,149,Monasticism and Religious Centers in Northern Europe
broodbank2013,149,Monasticism and Religious Centers in Northern Europe
mullerwille2007,149,Monasticism and Religious Centers in Northern Europe
dietrich2012,149,Monasticism and Religious Centers in Northern Europe
ekelund1994,149,Monasticism and Religious Centers in Northern Europe
gelichi2010,149,Monasticism and Religious Centers in Northern Europe
gelichi2013,149,Monasticism and Religious Centers in Northern Europe
gelichi2012,149,Monasticism and Religious Centers in Northern Europe
hill1997,149,Monasticism and Religious Centers in Northern Europe
horden2000,149,Monasticism and Religious Centers in Northern Europe
kelly2000,149,Monasticism and Religious Centers in Northern Europe
kocabas2008,149,Monasticism and Religious Centers in Northern Europe
lane2000,149,Monasticism and Religious Centers in Northern Europe
lebecq2000,149,Monasticism and Religious Centers in Northern Europe
liebeschuetz2000,149,Monasticism and Religious Centers in Northern Europe
loveluck2005,149,Monasticism and Religious Centers in Northern Europe
loveluck2012,149,Monasticism and Religious Centers in Northern Europe
lowe2006,149,Monasticism and Religious Centers in Northern Europe
ludowici2010,149,Monasticism and Religious Centers in Northern Europe
maldonadoramirez2011,149,Monasticism and Religious Centers in Northern Europe
marazzi2004,149,Monasticism and Religious Centers in Northern Europe
marsawa2011,149,Monasticism and Religious Centers in Northern Europe
mccormick1997,149,Monasticism and Religious Centers in Northern Europe
mithen2011,149,Monasticism and Religious Centers in Northern Europe
mullerwille2010,149,Monasticism and Religious Centers in Northern Europe
dwyer1981,149,Monasticism and Religious Centers in Northern Europe
maidin1996,149,Monasticism and Religious Centers in Northern Europe
osullivan2013,149,Monasticism and Religious Centers in Northern Europe
verhulst1999,149,Monasticism and Religious Centers in Northern Europe
wheatley1969,149,Monasticism and Religious Centers in Northern Europe
wheatley1971,149,Monasticism and Religious Centers in Northern Europe
wataghin2011,149,Monasticism and Religious Centers in Northern Europe
wickham2012,149,Monasticism and Religious Centers in Northern Europe
carver1993,149,Monasticism and Religious Centers in Northern Europe
willemsen2010,149,Monasticism and Religious Centers in Northern Europe
yenikapi2008,149,Monasticism and Religious Centers in Northern Europe
magi2015,231,Trade and Settlement in the Eastern Baltic
balodis1940,231,Trade and Settlement in the Eastern Baltic
bogucki2006,231,Trade and Settlement in the Eastern Baltic
brundage1991,231,Trade and Settlement in the Eastern Baltic
carlsson1998,231,Trade and Settlement in the Eastern Baltic
christoffersen1996,231,Trade and Settlement in the Eastern Baltic
crumlinpedersen1989,231,Trade and Settlement in the Eastern Baltic
crumlinpedersen1998,231,Trade and Settlement in the Eastern Baltic
ehrensvard1991,231,Trade and Settlement in the Eastern Baltic
filipowiak1998,231,Trade and Settlement in the Eastern Baltic
griciuviene2005,231,Trade and Settlement in the Eastern Baltic
haak2004,231,Trade and Settlement in the Eastern Baltic
kiaupa2000,231,Trade and Settlement in the Eastern Baltic
kochkurkina1961,231,Trade and Settlement in the Eastern Baltic
lang1996,231,Trade and Settlement in the Eastern Baltic
lang2004,231,Trade and Settlement in the Eastern Baltic
lehtosalohilander1984,231,Trade and Settlement in the Eastern Baltic
limbo2004,231,Trade and Settlement in the Eastern Baltic
lougas1994,231,Trade and Settlement in the Eastern Baltic
magi2002,231,Trade and Settlement in the Eastern Baltic
magi2004,231,Trade and Settlement in the Eastern Baltic
magi2005,231,Trade and Settlement in the Eastern Baltic
magi2007,231,Trade and Settlement in the Eastern Baltic
magi2009,231,Trade and Settlement in the Eastern Baltic
magi2013,231,Trade and Settlement in the Eastern Baltic
petrenko1995,231,Trade and Settlement in the Eastern Baltic
radins2006,231,Trade and Settlement in the Eastern Baltic
rebkowski1998,231,Trade and Settlement in the Eastern Baltic
sedov1974,231,Trade and Settlement in the Eastern Baltic
shepherd1999,231,Trade and Settlement in the Eastern Baltic
vijups1997,231,Trade and Settlement in the Eastern Baltic
spingis2008,231,Trade and Settlement in the Eastern Baltic
tvauri1998,231,Trade and Settlement in the Eastern Baltic
vaitkunskiene1995,231,Trade and Settlement in the Eastern Baltic
vasks2008,231,Trade and Settlement in the Eastern Baltic
vassar1939,231,Trade and Settlement in the Eastern Baltic
vassar1975,231,Trade and Settlement in the Eastern Baltic
welinder2009,231,Trade and Settlement in the Eastern Baltic
radin1998,231,Trade and Settlement in the Eastern Baltic
zemitis2007,231,Trade and Settlement in the Eastern Baltic
tvauri2001,231,Trade and Settlement in the Eastern Baltic
radins1998,231,Trade and Settlement in the Eastern Baltic
radins1999b,231,Trade and Settlement in the Eastern Baltic
radins2001b,231,Trade and Settlement in the Eastern Baltic
magi2015b,231,Trade and Settlement in the Eastern Baltic
tonisson1999,231,Trade and Settlement in the Eastern Baltic
stankus1995b,231,Trade and Settlement in the Eastern Baltic
hilberg2014,59,Hedeby Trade Networks and Production
nasman2003,59,Hedeby Trade Networks and Production
ulbricht1978,59,Hedeby Trade Networks and Production
eckstein1977,59,Hedeby Trade Networks and Production
verhulst2002,59,Hedeby Trade Networks and Production
callmer1977,59,Hedeby Trade Networks and Production
crumlinpedersen2002,59,Hedeby Trade Networks and Production
marold2001,59,Hedeby Trade Networks and Production
jansson1988,59,Hedeby Trade Networks and Production
fanning1937,59,Hedeby Trade Networks and Production
saga1943,59,Hedeby Trade Networks and Production
kunz2008,59,Hedeby Trade Networks and Production
dasentnd,59,Hedeby Trade Networks and Production
andersson2002,59,Hedeby Trade Networks and Production
armbruster2002,59,Hedeby Trade Networks and Production
bihrer2012,59,Hedeby Trade Networks and Production
claughton2011,59,Hedeby Trade Networks and Production
dekowna1990,59,Hedeby Trade Networks and Production
osk2009,59,Hedeby Trade Networks and Production
elvestad1998,59,Hedeby Trade Networks and Production
helberg1993,59,Hedeby Trade Networks and Production
hepp2007,59,Hedeby Trade Networks and Production
hilberg2007,59,Hedeby Trade Networks and Production
hingst1955,59,Hedeby Trade Networks and Production
mehler2003,59,Hedeby Trade Networks and Production
molaug2010,59,Hedeby Trade Networks and Production
mullerwille1968,59,Hedeby Trade Networks and Production
noonan2000,59,Hedeby Trade Networks and Production
olsen2004,59,Hedeby Trade Networks and Production
pestell2011,59,Hedeby Trade Networks and Production
reichstein1984,59,Hedeby Trade Networks and Production
englert2007b,59,Hedeby Trade Networks and Production
scheel1930,59,Hedeby Trade Networks and Production
simek2007,59,Hedeby Trade Networks and Production
sode2004,59,Hedeby Trade Networks and Production
sode2002,59,Hedeby Trade Networks and Production
sorheim2004,59,Hedeby Trade Networks and Production
stumpel1983,59,Hedeby Trade Networks and Production
jakobsson2009,59,Hedeby Trade Networks and Production
tweddle1999,59,Hedeby Trade Networks and Production
vogel1983,59,Hedeby Trade Networks and Production
wedepohl2003,59,Hedeby Trade Networks and Production
magnusson1966,59,Hedeby Trade Networks and Production
lysehansen2000,59,Hedeby Trade Networks and Production
cook1965,59,Hedeby Trade Networks and Production
englert2009,59,Hedeby Trade Networks and Production
hilberg2018,60,Hedeby Excavations and State Formation
voncarnapbornheim2014,60,Hedeby Excavations and State Formation
schultze2008,60,Hedeby Excavations and State Formation
callmer2003,60,Hedeby Excavations and State Formation
kleingartner2014,60,Hedeby Excavations and State Formation
schietzel1981,60,Hedeby Excavations and State Formation
crumlinpedersen1997,60,Hedeby Excavations and State Formation
thomas2012,60,Hedeby Excavations and State Formation
baastrup2013,60,Hedeby Excavations and State Formation
dobat2008,60,Hedeby Excavations and State Formation
hilberg2009b,60,Hedeby Excavations and State Formation
hilberg2010,60,Hedeby Excavations and State Formation
tummuscheit2012,60,Hedeby Excavations and State Formation
andersen2004,60,Hedeby Excavations and State Formation
haithabu2003,60,Hedeby Excavations and State Formation
coupland1989,60,Hedeby Excavations and State Formation
coupland2016,60,Hedeby Excavations and State Formation
helmbrecht2004,60,Hedeby Excavations and State Formation
hoilund1986,60,Hedeby Excavations and State Formation
hoilund2014,60,Hedeby Excavations and State Formation
holst1958,60,Hedeby Excavations and State Formation
jorgensen1997,60,Hedeby Excavations and State Formation
laurent1978,60,Hedeby Excavations and State Formation
lebecq1986,60,Hedeby Excavations and State Formation
radtke1981,60,Hedeby Excavations and State Formation
schlesinger1972,60,Hedeby Excavations and State Formation
schneeweiss2010,60,Hedeby Excavations and State Formation
shepard2014,60,Hedeby Excavations and State Formation
shepard1989,60,Hedeby Excavations and State Formation
staats1974,60,Hedeby Excavations and State Formation
story2003,60,Hedeby Excavations and State Formation
jankuhn1943,60,Hedeby Excavations and State Formation
jessen1958,60,Hedeby Excavations and State Formation
hoilundnielsen1986,60,Hedeby Excavations and State Formation
neuefischer2014,60,Hedeby Excavations and State Formation
siemen1990,60,Hedeby Excavations and State Formation
spiong2000,60,Hedeby Excavations and State Formation
thuno2002,60,Hedeby Excavations and State Formation
westphalen2002,60,Hedeby Excavations and State Formation
hilberg2011,60,Hedeby Excavations and State Formation
a2007,60,Hedeby Excavations and State Formation
jorgensen1997a,60,Hedeby Excavations and State Formation
kalmring2010f,60,Hedeby Excavations and State Formation
kalmring2010g,60,Hedeby Excavations and State Formation
arents2010a,60,Hedeby Excavations and State Formation
voncarnapbornheim2007a,60,Hedeby Excavations and State Formation
frei2015,69,Icelandic Archaeology and Resource Analysis
arneborg1998,69,Icelandic Archaeology and Resource Analysis
buckley2014,69,Icelandic Archaeology and Resource Analysis
sinclair2012,69,Icelandic Archaeology and Resource Analysis
lucas2008,69,Icelandic Archaeology and Resource Analysis
white1998,69,Icelandic Archaeology and Resource Analysis
hreinsson1997,69,Icelandic Archaeology and Resource Analysis
larsen2012,69,Icelandic Archaeology and Resource Analysis
pierce2009,69,Icelandic Archaeology and Resource Analysis
roberts2001,69,Icelandic Archaeology and Resource Analysis
blackburn2005,69,Icelandic Archaeology and Resource Analysis
horton2000,69,Icelandic Archaeology and Resource Analysis
amorosi1996,69,Icelandic Archaeology and Resource Analysis
andersen1997,69,Icelandic Archaeology and Resource Analysis
arneborg1993,69,Icelandic Archaeology and Resource Analysis
christiansen1997,69,Icelandic Archaeology and Resource Analysis
degerbol1929,69,Icelandic Archaeology and Resource Analysis
degerbol1936,69,Icelandic Archaeology and Resource Analysis
degerbol1941,69,Icelandic Archaeology and Resource Analysis
andrew2009,69,Icelandic Archaeology and Resource Analysis
einarsson1984,69,Icelandic Archaeology and Resource Analysis
einarssonbjarni2011,69,Icelandic Archaeology and Resource Analysis
gardarsdottir2008,69,Icelandic Archaeology and Resource Analysis
gerstenberger1997,69,Icelandic Archaeology and Resource Analysis
guy2010,69,Icelandic Archaeology and Resource Analysis
gwiazda2005,69,Icelandic Archaeology and Resource Analysis
johannesson1946,69,Icelandic Archaeology and Resource Analysis
jonsson1930,69,Icelandic Archaeology and Resource Analysis
kamenov2008,69,Icelandic Archaeology and Resource Analysis
krahl2010,69,Icelandic Archaeology and Resource Analysis
ljungqvist2005,69,Icelandic Archaeology and Resource Analysis
mcgovern2001,69,Icelandic Archaeology and Resource Analysis
miksic2013,69,Icelandic Archaeology and Resource Analysis
norlund1930,69,Icelandic Archaeology and Resource Analysis
oomen2002,69,Icelandic Archaeology and Resource Analysis
outridge2003,69,Icelandic Archaeology and Resource Analysis
palsdottir2010,69,Icelandic Archaeology and Resource Analysis
robinson2004,69,Icelandic Archaeology and Resource Analysis
roussell1936,69,Icelandic Archaeology and Resource Analysis
seaver2009,69,Icelandic Archaeology and Resource Analysis
sinclair2007,69,Icelandic Archaeology and Resource Analysis
smiarowski2009,69,Icelandic Archaeology and Resource Analysis
smiarowski2013,69,Icelandic Archaeology and Resource Analysis
smiarowski2015,69,Icelandic Archaeology and Resource Analysis
stefansson1993,69,Icelandic Archaeology and Resource Analysis
sveinbjornsdottir2004,69,Icelandic Archaeology and Resource Analysis
whitehouse1998,69,Icelandic Archaeology and Resource Analysis
oye2016,273,Agrarian technology and land use
weber1984,273,Agrarian technology and land use
myrdal2011,273,Agrarian technology and land use
fischer2004,273,Agrarian technology and land use
pedersen1990,273,Agrarian technology and land use
wallerstrom1995,273,Agrarian technology and land use
jeppesen1981,273,Agrarian technology and land use
ronneseth1975,273,Agrarian technology and land use
oye2010,273,Agrarian technology and land use
randers1981,273,Agrarian technology and land use
berg1968,273,Agrarian technology and land use
berglund1991,273,Agrarian technology and land use
bertelsen1979,273,Agrarian technology and land use
bertelsen1995,273,Agrarian technology and land use
bertelsen2005a,273,Agrarian technology and land use
boserup1965,273,Agrarian technology and land use
boserup1981,273,Agrarian technology and land use
brush1987,273,Agrarian technology and land use
vries1974,273,Agrarian technology and land use
hasund1919,273,Agrarian technology and land use
hasund1924,273,Agrarian technology and land use
helle1995,273,Agrarian technology and land use
holm1995,273,Agrarian technology and land use
holm2005a,273,Agrarian technology and land use
holmsen1961,273,Agrarian technology and land use
holmsen1940,273,Agrarian technology and land use
iversen1997,273,Agrarian technology and land use
jirlow1970,273,Agrarian technology and land use
lerche1994,273,Agrarian technology and land use
lunden2004,273,Agrarian technology and land use
martens2009,273,Agrarian technology and land use
munch1966,273,Agrarian technology and land use
myrdal1985,273,Agrarian technology and land use
stockholm1997,273,Agrarian technology and land use
myrdal1999,273,Agrarian technology and land use
orrman2003,273,Agrarian technology and land use
porsmose1981,273,Agrarian technology and land use
porsmose1987,273,Agrarian technology and land use
ramskou1981,273,Agrarian technology and land use
ramskou1975,273,Agrarian technology and land use
sandnes1978,273,Agrarian technology and land use
schmidtsabo2001,273,Agrarian technology and land use
schmidtsabo2005,273,Agrarian technology and land use
steensberg1956,273,Agrarian technology and land use
svartkristiansen2005,273,Agrarian technology and land use
svartkristiansen2006,273,Agrarian technology and land use
valensendstad1964,273,Agrarian technology and land use
oye2003,273,Agrarian technology and land use
oye2005,273,Agrarian technology and land use
bergen2011,273,Agrarian technology and land use
zachrisson2006,273,Agrarian technology and land use
bergstol2003,273,Agrarian technology and land use
villages1968,273,Agrarian technology and land use
