community_id,name,title,rank,within_cluster_degree,cluster_size
12,anchukaitis2017,"Last millennium Northern Hemisphere summer temperatures from tree rings: Part II, spatially resolved reconstructions",1,109,108
12,schneider2001,Analysis of Incomplete Climate Data: Estimation of Mean Values and Covariance Matrices and Imputation of Missing Values,2,1,108
12,linderholm2015,Fennoscandia Revisited: A Spatially Improved Tree-Ring Reconstruction of Summer Temperatures for the Last 900 Years,3,1,108
12,rind1999,Simulated Time-Dependent Climate Response to Solar Radiative Forcing Since 1600,4,1,108
12,seager2007,Blueprints for Medieval Hydroclimate,5,1,108
12,mccarroll2002,Blue Reflectance Provides a Surrogate for Latewood Density of High-Latitude Pine Tree Rings,6,1,108
12,pederson2014,"Pluvials, droughts, the Mongol Empire, and modern Mongolia",7,1,108
12,shindell2014,Inhomogeneous Forcing and Transient Climate Sensitivity,8,1,108
12,stenchikov2006,Arctic Oscillation response to volcanic eruptions in the IPCC AR4 climate models,9,1,108
12,smerdon2011,Spatial Performance of Four Climate Field Reconstruction Methods Targeting the Common Era,10,1,108
51,hartman2017,"Medieval Iceland, Greenland, and the New Human Condition: A case study in integrated environmental humanities",1,107,108
51,bradley2016,The Medieval Quiet Period,2,1,108
51,vanengelen2001,"A Millennium of Weather, Winds and Water in the Low Countries",3,1,108
51,trigg2009,Note on barley found in dung in the lowest levels of the farm mound midden at reynistaður,4,1,108
51,dickson1988,"The ""great salinity anomaly"" in the northern North Atlantic 1968-1982",5,1,108
51,mcgovern2014,Sorting sheep and goats in medieval Iceland and Greenland: Local subsistence or world system?,6,1,108
51,gudmundsson2008,Volcanic hazards in Iceland,7,1,108
51,ogilvie1984,The past climate and sea-ice record from Iceland. Part 1: data to A. D. 1780,8,1,108
51,gragas2001,Lagasafn íslenska þjóðveldisins. mál og menning,9,1,108
51,dugmore2013,Clumsy Solutions' and 'elegant Failures': Lessons on Climate Change Adaptation From the Settlement of the North Atlantic Islands,10,1,108
65,croix2019,"Single Context, Metacontext, and High Definition Archaeology: Integrating New Standards of Stratigraphic Excavation and Recording",1,107,108
65,sage1984,Das Reihengråberfeld von Altenerding in Oberbayern,2,1,108
65,wirth1938,Urbanism as a way of life,3,1,108
65,wouters2018,Geoarchaeology and Micromorphology at Ribe: A Northern Emporium in High Definition,4,1,108
65,cotton1933,Saxon discoveries at Fetcham,5,1,108
65,wickham2009,The Inheritance of Rome. A history of Europe from 400 to 1000,6,1,108
65,galeazzi2016,Towards the definition of best 3d practices in archaeology: assessing 3d documentation techniques for intra-site data recording,7,1,108
65,jennings2016,"Urbanization, State Formation, and Cooperation: A Reappraisal",8,1,108
65,leroigourhan1964,Le geste et la parole,9,1,108
65,hodder1992,Theory and Practice in Archaeology,10,1,108
213,solli2011,The archaeology of ice. Finds from the Frozen Past. Exhibition in Historical Museum,1,107,108
213,crutzen2002,Geology of mankind,2,1,108
213,white1949,The Science of Culture,3,1,108
213,terrill2008,Climate change. How should the World Heritage Convention respond?,4,1,108
213,wolfe2010,What is Posthumanism?,5,1,108
213,kristiansen2002,The Birth of Ecological Archaeology in Denmark. History and Research Environment 1850-2000,6,1,108
213,foley2005,Global Consequences of Land Use,7,1,108
213,watson1971,Explanation in Archaeology. An Explicitly Scientific Approach,8,1,108
213,nummedal1912,Bjørneremsfundet. Det Kgl. Norske Videnskabers Selskabs Skrifter,9,1,108
213,olwig2001,Time Out of Mind' -'mind Out of Time'. Custom Versus Tradition in Environmental Heritage Research and Interpretation,10,1,108
29,barrett2010,Rounding up the usual suspects: Causation and the Viking Age diaspora,1,105,107
29,barrett2008,Detecting the Medieval Cod Trade: A New Method and First Results,2,93,107
29,fossier1999,Rural Economy and Country Life,3,2,107
29,richards2000,Tracing European Founder Lineages in the Near Eastern mtDNA Pool,4,2,107
29,kuhn1977,Uns ist Fahrwind gegeben wider den Tod: aus einer großen Zeit des Nordens,5,2,107
29,reuter1985,Plunder and tribute in the Carolingian Empire,6,2,107
29,earle1997,How Chiefs Come to Power: The Political Economy in Prehistory,7,2,107
29,byock2001,"Medieval Iceland. Society, Sagas, and Power",8,2,107
29,stefansson2003,The Norse island communities of the Western Ocean,9,2,107
29,nelson1997,"The Frankish empire, in P",10,2,107
41,raffield2019,"Playing Vikings: Militarism, hegemonic masculinities, and childhood enculturation in Viking Age Scandinavia",1,106,107
41,honwana2006,Child soldiers in Africa,2,1,107
41,murphy2017,"Children, Death and Burial: Archaeological Discourses",3,1,107
41,perkins1972,An Edition of Floamanna Saga with a Study of Its Sources and Analogues,4,1,107
41,werner1964,Frankish royal tombs in the cathedrals of Cologne and Saint-Denis,5,1,107
41,hinojosa2010,"Doing Hegemony: Military, Men, and Constructing a Hegemonic Masculinity",6,1,107
41,kimball2013,From drótinn to king: the role of hnefatafl as a descriptor of Late Iron Age Scandinavian culture,7,1,107
41,crawford2007,"Companions, Co-Incidents or Chattel? Children in the Early Anglo-Saxon Multiple Burial Ritual",8,1,107
41,shimahara1970,Enculturation-a Reconsideration,9,1,107
41,orme1995,The culture of childhood in medieval England,10,1,107
172,knudson2012,Migration and Viking Dublin: Paleomobility and paleodiet through isotopic analyses,1,104,103
172,dickin1997,Radiogenic Isotope Geology,2,1,103
172,blum2000,"Changes in Sr/Ca, Ba/Ca, and 87 Sr/ 86 Sr ratios between trophic levels in two forest ecosystems in the Northeastern USA",3,1,103
172,iacumin1996,Oxygen Isotope Analyses of Co-Existing Carbonate and Phosphate in Biogenic Apatite: A Way to Monitor Diagenetic Alteration of Bone Phosphate?,4,1,103
172,dupras2001,Infant feeding and weaning practices in Roman Egypt,5,1,103
172,bell2009,The sinking of the Mary Rose warship: a Medieval mystery solved,6,1,103
172,burton2000,The Use and Abuse of Trace Elements for Paleodietary Research,7,1,103
172,sillen1991,Solubility Profiles of Synthetic Apatites and of Modern and Fossil Bone,8,1,103
172,schutkowski1999,"Diet, Status and Decomposition at Weingarten: Trace Element and Isotope Analyses on Early Medieval Skeletal Materials",9,1,103
172,schoeninger1978,Bone Strontium and Diet: Methods and Some Possible Sources of Error,10,1,103
210,andren2000,Re-Reading Embodied Texts: An Interpretation of Rune-Stones,1,101,102
210,goody1986,The Logic of Writing and the Organization of Society,2,1,102
210,palm1992,Runor och regionalitet. studier av variation i de nordiska minnesinskrtfterna,3,1,102
210,shetelig1909,Urnesgruppen. Det siste avsnit av vikingetidens stilutvikling. Aa&sbe&. etning fi.a Foreningen til norske Fo& tidsn&i ndesrnerkers Bevaring,4,1,102
210,snaedalbrink1984,Runstenar i Södermanland: Vägvisare till Runristningar i Södermanlands Län,5,1,102
210,gronvik1981,"Runerne på tunesteinen: alfabet, språkform, budskap",6,1,102
210,moltke1974,The Jelling Monument in the Light of the Runic Inscriptions,7,1,102
210,nilsson1996,Möres runinskrifter,8,1,102
210,graslund1991,"Var Mammenmannen kristen? I: M. Iversen (red.): Mammen, grav, kunst og samfund i vikingetid, s. 205210. Jysk Arkaeologisk Selskabs Skrifter X XVIII",9,1,102
210,carlsson1985,Thegn -Dräng -Jarl-Huskarl. Arl eologiska studier utifrån runstenar i östra Mellansverige. Duplicated seminar paper,10,1,102
6,croix2015,"The Vikings, Victims of their Own Success? A Selective View on Viking Research and its Dissemination",1,98,99
6,hines1994,"The becoming of the English: identity, material culture and language in early Anglo-Saxon England",2,1,99
6,clarke1991,"J. Callmer, Early Urbanism in Southern Scandinavia ca. 700-1100 AD. Trading Places, Central Set lements and New Model Centres in Continuity Change",3,1,99
6,maran2012,Materiality and Social practice: Transformative Capacities of Intercultural Encounters,4,1,99
6,jankuhn1985,The Interdisciplinary Approach to the Study of the Early History of Medieval Towns,5,1,99
6,kuzmin2000,"Ladoga, Le Premier Centre Proto-Urbain Russe",6,1,99
6,gardela2014,Scandinavian Amulets in Viking Age Poland,7,1,99
6,jagodzinski1991,The Early Medieval Craft and Commercial Centre at Janow Pomorski near Elblag on the South Baltic Coast,8,1,99
6,stiff2001,Typology and Trade: A Study of the Vessel Glass from Wics and Emporia in Northwest Europe,9,1,99
6,kleingartner2013,Die frühe Phase der Urbanisierung an der südlichen Ostseeküste. Studien zur Siedlungsgeschichte u,10,1,99
35,oehrl2017,Der göttliche Schiffsbegleiter mit dem 'Hörnerhelm'. Ein bislang unbekanntes wikingerzeitliches Bildsteinfragment aus St. Valle im Kirchspiel Rute auf Gotland,1,100,99
35,hauck1983,Text und Bild in einer oralen Kultur. Antworten auf die zeugniskritische Frage nach der Erreichbarkeit mündlicher Überlieferung im frühen Mittelalter. Zur Ikonologie der Goldbrakteaten XXV,2,1,99
35,lang1983,Medieval Art and Architecture in the East Riding of Yorkshire. The British Archaeological Association. Conference Transactions for the year,3,1,99
35,kitzlerahfeldt2012,Picture Stone Workshops and Handicraft Traditions,4,1,99
35,andreeff2014,Med hjärta och hjärna: En vänbok till professor Elisabeth Arwill-Nordbladh,5,1,99
35,fuglesang2004,"Religionsskiftet i Norden: Brytinger mellom nordisk og europeisk kultur 800-1200 e. Kr. Senter for Studier i Vikingtid og Nordisk Middelalder, SkriftSerie 6",6,1,99
35,oehrl2012,New Iconographic Interpretations of Gotlandic Picture Stones Based on Surface Re-analysis. Gotländskt Arkiv,7,1,99
35,marold1972,Das Walhallbild in den Eiríksmál und den Hákonarmál,8,1,99
35,heinzle2010,Die Nibelungen. 2nd edition,9,1,99
35,andren2012a,From Sunset to Sunset: An Interpretation of the Early Gotlandic Picture Stones. Gotländskt Arkiv,10,1,99
134,milek2012,"Floor Formation Processes and the Interpretation of Site Activity Areas: An Ethnoarchaeological Study of Turf Buildings at Thvera, Northeast Iceland",1,98,97
134,edvardsson2003,Hrísheimar 2006: Interim Report,2,1,97
134,rafnsson1977,Sámsstaðir í Þjórsárdal,3,1,97
134,snaesdottir1992,Jarðhúsið í Stóruborg undir Eyjafjöllum,4,1,97
134,smith2015,Weaving wealth: Cloth and trade in Viking Age and medieval Iceland,5,1,97
134,urbanczyk2006,The southern end: area MT,6,1,97
134,eldjarn1974,Fornþjóð og minjar,7,1,97
134,kobylinski1997,Settlement Structures in Central Europe at the Beginning of the Middle Ages,8,1,97
134,bekpedersen2007,Are the Spinning Nornir just a Yarn?,9,1,97
134,agnarsdottir1983,Þraelahald á þjóðveldisöld,10,1,97
39,gardela2018,Amazons of the North? Armed females in Viking archaeology and medieval literature,1,97,96
39,majchczack1997,"Helzt tottumk nu heima i millim …""A Reassessment of Hervör in Light of seiðr's Supernatural Gender Dynamics",2,1,96
39,davidson1996a,"Hilda Ellis Davidson, Saxo Grammaticus. The History of the Danes. Books I-IX",3,1,96
39,hernaes1984,"Holck 1984: Per Holck, Antropologisk kommentar ved lege Per Holck",4,1,96
39,sauckel2013,Die Literarische Funktion von Kleidung in den Íslendingasǫgur und Íslendigaϸaettir (Ergänzungsbände zum Reallexikon der Germanischen Altertumskunde 83),5,1,96
39,mannering2017,Iconic Costumes: Scandinavian Iron Age Costume Iconography,6,1,96
39,simek2006,Dictionary of Northern Mythology,7,1,96
39,petersen1992,"Peter Vang Petersen, Valkyrier i Ribe",8,1,96
39,kalinke1986,The Mysogamous Maiden Kings of Icelandic Romance,9,1,96
39,p2008,Saxo Grammaticus. The History of the Danes. Books I-IX,10,1,96
7,price2018,Multi-Isotope Proveniencing of Human Remains from a Bronze Age Battlefield in the Tollense Valley in Northeast Germany,1,96,95
7,gustin2010,Of Rods and Roles. Three Women in Birka's Chamber Graves,2,1,95
7,vanderlinden2016a,"Through the Looking-Glass, and What the Archaeologist Found There: Variability in the Bell Beaker Phenomenon from a LBK Point of View (or the Other Way Around?)",3,1,95
7,blauer2013,"Bronze age cattle teeth and cremations from a monumental burial cairn in selkäkangas, finland: new radiocarbon dates and isotopic analysis",4,1,95
7,nironen1997,The Svecofennian Orogen: a tectonic model,5,1,95
7,kjellstrom2013,Shetland and the Viking World. Papers from the Proceedings of the 17th Viking Congress,6,1,95
7,ravn1993,Analogy in Danish prehistoric studies,7,1,95
7,lewis1972,"We, the Navigators:",8,1,95
7,hauofa2008,We are the Ocean: selected works,9,1,95
7,leciejewicz1956,Cmentarzysko w Birce. Próba interpretacji społecznej,10,1,95
31,skre2019,"Rulership in 1st to 14th Century Scandinavia: Royal Graves and Sites at Avaldsnes and Beyond, Ergänzungsbände zum Reallexikon der Germanischen Altertumskunde",1,91,92
31,teigen2007,"Den sydskandinaviske sentralplassdiskusjonen applisert på tre utvalgte lokaliteter: åker, hov og veien",2,1,92
31,nerman1942,Sveriges första storhetstid,3,1,92
31,grant1986,"Central places, archaeology and history. Dept. of Archaeology and Prehistory",4,1,92
31,klaeber1950,Beowulf and The fight at Finnsburg. Heath,5,1,92
31,hardh2002,Central Places in the Migration and Merovingian Periods,6,1,92
31,skre2018,Sea kings on the Norðvegr. In: Skre D (ed) Avaldsnes-A sea-kings' manor in firstmillennium western Scandinavia: Reallexikon der Germanischen Altertumskunde-Ergänzungsbände,7,1,92
31,graslund2018,"Beowulfkvädet. Den nordiska bakgrunden. Acta Academiae Regiae Gustavi Adolphi CXLIX, 64. Kung. Gustav Adolfs Akademien för svensk folkkultur",8,1,92
31,imer2010,Runes and Romans in the North,9,1,92
31,neidorf2013,The Dating of Widsið and the Study of Germanic Antiquity,10,1,92
52,jackson2018,"Disequilibrium, adaptation, and the Norse settlement of Greenland",1,88,89
52,hoegsberg2014,"Dwelling, Identities and Homes: European Housing Culture From the Viking Age to the Renaissance",2,1,89
52,kendal2011,Cultural Niche Construction and Human Learning Environments: Investigating Socio-Cultural Perspectives,3,1,89
52,riede2009,"Climate Change, Demography, and Social Relations: An Alternative View of the Late Palaeolithic Pioneer Colonization of Southern Scandinavia",4,1,89
52,park2005,Growing up north: Exploring the archaeology of childhood in Thule and Dorset cultures of Arctic Canada,5,1,89
52,codding2015,Behavioural Ecology and the Future of Archaeological Science,6,1,89
52,buckland2008,"Land management at the bishop's seat, Garðar, medieval Greenland",7,1,89
52,myhre2004,"Agriculture, landscape and society, ca. 4000 BC-AD 800",8,1,89
52,zeder2016,Domestication as a Model System for Niche Construction Theory,9,1,89
52,lynnerup2014,Viking Settlers of the North Atlantic: An Isotopic Approach,10,1,89
85,star2017,Ancient DNA reveals the Arctic origin of Viking Age cod from Haithabu,1,89,88
85,jackson2001,Historical Overfishing and the Recent Collapse of Coastal Ecosystems,2,1,88
85,moss2014,Can salmonids (Oncorhynchus spp.) be identified to species using vertebral morphometrics? A test using ancient DNA from Coffman Cove,3,1,88
85,danecek2011,The variant call format and VCFtools,4,1,88
85,prinz2007,DNA Commission of the International Society for Forensic Genetics (ISFG): Recommendations regarding the role of forensic genetics for disaster victim identification (DVI),5,1,88
85,lindgreen2012,AdapterRemoval: Easy cleaning of next-generation sequencing reads,6,1,88
85,gilbert2005,Assessing ancient DNA studies,7,1,88
85,orton2011,Stable Isotope Evidence for Late Medieval (14th-15th C) Origins of the Eastern Baltic Cod (Gadus Morhua) Fishery,8,1,88
85,jonsson2013,Fast approximate Bayesian estimates of ancient DNA damage parameters,9,1,88
85,schroeder2015,Genome-Wide Ancestry of 17th-Century Enslaved Africans From the Caribbean,10,1,88
126,schneidhofer2017,"Palaeoenvironmental analysis of large-scale, high-resolution GPR and magnetometry data sets: The Viking Age site of Gokstad in Norway",1,87,88
126,luo2012,Mapping a Paleodrainage System of the Keriya River Using Remote Sensing Data and Historical Materials,2,1,88
126,wilkinson2003,Colluvial Deposits in Dry Valleys of Southern England as Proxy Indicators of Palaeoenvironmental and Land-Use Change,3,1,88
126,neubauer2004,GIS in archaeology -the interface between prospection and excavation,4,1,88
126,mcgraw2014,Preliminary Investigations of a Burial Mound,5,1,88
126,ekman2009,"The Changing Level of the Baltic Sea During 300 Years: a Clue to Understanding the Earth. Summer Institute for Historical Geophysics, Äppelträdgården",6,1,88
126,tamura2012,"Luminescence Dating of Beach Ridges for Characterizing Multi-Decadal to Centennial Deltaic Shoreline Changes During Late Holocene, Mekong River Delta",7,1,88
126,pugh2004,"Changing Sea Levels: Effects of Tides, Weather and Climate",8,1,88
126,short2004,Beach. In: Goudie AS (ed) Encyclopedia of Geomorphologyl,9,1,88
126,yoshiki2005,Encyclopedia of Coastal Science,10,1,88
25,raffield2018,"Polygyny, concubinage and the social lives of women in Viking Age Scandinavia",1,86,87
25,sorensen1946,Some Exceptional Women in the Sagas,2,1,87
25,sorensen1983,The Unmanly Man: Concepts of Sexual Defamation in Early Northern Society,3,1,87
25,palsson1989,The Saga of Ingvar the Far-Travelled (Yngvars saga vı ´Ðfo ¨rla). (transl.),4,1,87
25,betzig1995,Medieval Monogamy,5,1,87
25,graslund1989,"Gud hjälpe nu väl hennes själ"": om runstenskvinnorna, deras roll vid kristnandet och deras plats i familj och samhälle",6,1,87
25,ritchie1976,"Excavation of Pictish and Viking-age Farmsteads at Buckquoy, Orkney",7,1,87
25,simek1992,Mythological Women: Studies in Memory of Lotte Motz,8,1,87
25,norrman2008a,Viking Women. The Narrative Voice in Woven Tapestries,9,1,87
25,sigfusson1940,"Björn Sigfússon (útg.), Ljósvetninga saga með ϸáttum. Reykdoela saga ok Víga-Skútu. Hreiðars ϸáttr (Íslenzk Fornrit 10)",10,1,87
60,raffield2016,Male-Biased Operational Sex Ratios and the Viking Phenomenon: An Evolutionary Anthropological Perspective on Late Iron Age Scandinavian Raiding,1,88,87
60,russell2007,The Excavation,2,1,87
60,ross1983,The influence of the church in governance can be clearly seen here in contemporary writings and ninth-century lawmaking,3,1,87
60,ember1974,"Warfare, Sex Ratio, and Polygyny",4,1,87
60,almqvist1974,:1-2. nid mot missionärer. senmedeltida nidtraditioner,5,1,87
60,jesch2008,Myth and cultural memory in the Viking diaspora,6,1,87
60,vestergaard1991,Marriage exchange and social structure in Old Norse mythology,7,1,87
60,debuse1999,The Effects of Sex Ratio on Sexual Competition in the European Lobster,8,1,87
60,williams1983,Raiding and Warfare in the North Sea and Baltic: The Impact of the Viking Age,9,1,87
60,schacht2014,Too Many Men: The Violence Problem,10,1,87
167,baastrup2014,Continental and insular import in Viking Age Denmark: Distribution and circulation,1,85,86
167,macgregor1993,A Summary Catalogue of the Anglo-Saxon Collections (Non-Ferrous Metals),2,1,86
167,baastruppetersen2010,Referenced in Baastrup 2014 (Baastrup/Petersen 2010b),3,1,86
167,helgesson1987,Flere Spor af en Tidlig Kristen Mission i Uppåkra,4,1,86
167,mullerwille2005,"Der Beschlag eines Frühmittelalterlichen Reliquiars von Vindinge, Fünen",5,1,86
167,kleingartner2010,Trade Contacts as Reflected in Archaeological Finds: Costume Accessories,6,1,86
167,johansen1987,Geesrkanren sydvesr for ribe -p3 sporer af er rigdomscenrer i forsre frrusinde e.kr. in: non-agrarian serrlemenrs and inregrared survey and excavarion srraegy eller hvad sriller vi op med de metalrige pladser fra yngre jemnalder og vikingerid (randers),7,1,86
167,baastrup1990,Detektorfundne amuletser fra Fredshøj i Gl. Lejre,8,1,86
167,grahamcampbell1991,The Anglo-Saxons,9,1,86
167,nielsen2006,Sorte Muld,10,1,86
9,amundsen2017,Changing histories and ethnicities in a Sámi and Norse borderland,1,85,84
9,stenvik1988,Steinkøller med skaftfure,2,1,84
9,bjorn1934,Universitetets Oldsaksamlings Årbok,3,1,84
9,bergsland1992,Bidrag til sydsamenes historie. skriftserie nr.1. senter for samiske studier,4,1,84
9,holm1991,The Use of Stone and Hunting of Reindeer: A Study of Stone Tool Manufacture and Hunting of Large Mammals in the Central Scandes c. 6000 -1 BC,5,1,84
9,amundsen2007,"Elgfangst og bosetning i Gråfjellområdet. Gråfjellprosjektet, Bind II. Varia 64",6,1,84
9,hedman2003,Boplatser och offerplatser: ekonomisk strategi och boplatsmönster bland skogssamer 700-1600 ad,7,1,84
9,amundsen2011,Mot de store kulturtradisjonene. endringsprosesser fra tidligneolitikum til førromersk jernalder mellom mjøsa og femunden,8,1,84
9,norell1987,"Pil-och spjutspetsar av sten från övre dalarna. uppsats för c/20 poäng arkeologi, särskilt nordeuropeisk",9,1,84
9,forsberg2005,Protosamiska och samiska boplatser i norrland under tidig metalltidnågra tolkningsförslag,10,1,84
206,rundkvist2010,"Domed oblong brooches of Vendel period Scandinavia: Ørsnes types N and O and similar brooches, including transitional types surviving into the early Viking period",1,81,82
206,feveile1994,Støbeforme til ovale skålspaender fra ribe -fragmenter af en produktion. hovedfagsspeciale. institutt for forhistorisk arkaeologi,2,1,82
206,ostergaardjensen1987,Trudslev -en bebyggelse fra yngre jernalder. vendsyssel nu og da 1986,3,1,82
206,ambrosiani1968,Vendeltid eller vikingatid? Fornvännen 63,4,1,82
206,vedelnda,Bornholmske undersøgelser med serligt hensyn til den senere jernalder. aarbøger for nordisk oldkyndighed 1890,5,1,82
206,almgren1905,"Kung Björns hög"" och andra fornlämningar vid Håga, på föranstaltande af H.K.H. Prins Gustaf Adolf undersökta 1902-03",6,1,82
206,hackmannd,Två svärdsknappar från folkvandringstiden. Finskt Museum 2,7,1,82
206,arwidsson1942,Vendelstile. Email und Glas im 7.-8. Jahrhundert. Valsgärdestudien 1. Acta Musei antiquitatum septentrionalium Regiae Universitatis Upsaliensis 2,8,1,82
206,worsaaenda,Nordiske oldsager. Det kongelige museum i Kjöbenhavn,9,1,82
206,kivikoski1971,Die Eisenzeit Finnlands,10,1,82
158,krzewinska2018,Genomic and Strontium Isotope Variation Reveal Immigration Patterns in a Viking Age Town,1,79,80
158,knipper2004,Die Strontiumisotopenanalyse: eine naturwissenschaftliche Methode zur Erfassung von Mobilit€ at in der Ur-und Fru ¨hgeschichte,2,1,80
158,asch2003,The 1:5 Million International Geological Map of Europe and Adjacent Areas,3,1,80
158,backstrom2016a,Social Identity and Mobility at a Pre-Industrial Mining Complex,4,1,80
158,ubelaker1989,"Human Skeletal Remains: Excavation, Analysis, Interpretation",5,1,80
158,skoglund2013,Accurate sex identification of ancient human remains using DNA shotgun sequencing,6,1,80
158,kircher2012,Analysis of high-throughput ancient DNA sequencing data,7,1,80
158,durand2011,Testing for Ancient Admixture Between Closely Related Populations,8,1,80
158,walsh2013,The HIrisPlex system for simultaneous prediction of hair and eye colour from DNA,9,1,80
158,dupuy2001,Y-Chromosome Variation in a Norwegian Population Sample,10,1,80
109,sanmark2013,Assembly in North West Europe: Collective Concerns for Early Societies?,1,78,79
109,ballantyne1999,Shetland Documents 1195-1579. Shetland Islands Council and Shetland Times,2,1,79
109,turner2007,"Geophysical Surveys at Anundshögen, in Västmanland, Sweden. Swedish National Grid 6612541 1547478",3,1,79
109,higham1992,"Rome, Britain and the Anglo-Saxons",4,1,79
109,akureyri2001,Reykjavík: Society of Icelandic Archaeologists,5,1,79
109,simonsson1984,"Rapport från arkeologisk undersökning på Anundshögsområdet 1984. Västmanland, Badelunda socken, Långby",6,1,79
109,bagge1989,Det politiske menneske og det førstatlige samfunn,7,1,79
109,aitchson1994,"Armagh and the Royal Centres in Early Medieval Ireland: Monuments, Cosmology and the Past",8,1,79
109,iversen1956,Conference paper delivered at 'Power and Place in Later Roman and Early Medieval Europe: Interdisciplinary Perspectives on Governance and Civil Organisation,9,1,79
109,driscoll2004,The Archaeological Context of Assembly in Early Medieval Scotland -Scone and Its Comparanda,10,1,79
66,hennius2018,Whalebone gaming pieces: Aspects of marine mammal exploitation in Vendel and Viking Age Scandinavia,1,76,77
66,reimer2004,"IntCal04 terrestrial radiocarbon age calibration, 0-26 cal kyr BP",2,1,77
66,lindeblad1994,"Herrebro: Hällristningar och marknad: arkeologiska undersökningar av fornlämning 51 i Borgs socken, Östergötland (Uv-Rapporter 1993: 9)",3,1,77
66,sandberg1994,En rik man får spel? En undersökning av spelutensilier tillförda SHM mellan åren 1891 och 1983. CD-uppsats i arkeologi,4,1,77
66,nasman1990,Handel med glas under germansk järnålder och vikingatid,5,1,77
66,svanberg2008,En valstrandning i Roslagen 1489,6,1,77
66,lindstrom2014,En hink med vikingatida tjära! Available at,7,1,77
66,kjermichaelsen1992,Braet og brik: spil i jernalderen,8,1,77
66,isaksen2012,Hvalbeinsplater Fra Yngre Jernalder,9,1,77
66,stahre2012,Med marinarkeologerna på Birka,10,1,77
116,stott2019,Searching for Viking Age Fortresses with Automatic Landscape Classification and Feature Detection,1,76,77
116,dereu2013,Application of the Topographic Position Index to Heterogeneous Landscapes,2,1,77
116,french2010,"The Convincing Identification of Terrestrial Meteorite Impact Structures: What Works, What Doesn't, and Why",3,1,77
116,french2018,"The Periglacial Environment, 4th",4,1,77
116,andreasen2016,"FHM 5201 Traelborg, Tiset Sogn, Ning Herred, Tidligere Århus amt",5,1,77
116,christensen2018,The Borgring Project 2016-2018,6,1,77
116,colgan2012,Mapping Savanna Tree Species at Ecosystem Scales Using Support Vector Machine Classification and BRDF Correction on Airborne Hyperspectral and LiDAR Data,7,1,77
116,evans2015,The landscape of Angkor Wat redefined,8,1,77
116,lewis1995,Fast template matching. Vision Interface,9,1,77
116,guisan1999,GLM versus CCA spatial modeling of plant species distribution,10,1,77
190,reiter2019,Interpreting past Human Mobility Patterns: A Model,1,75,76
190,helms1994,Essay on Objects: Interpretations of Distance Made Tangible,2,1,76
190,marshall2015,Prisoners of Geography,3,1,76
190,schadelindig2003,Aussergewöhnliche Funde aus der bandkeramischen Siedlung Bad Nauheim-Nieder-Mörlen 'Auf dem Hempler,4,1,76
190,scheeres2014,Celtic Migration': Fact or Fiction? Strontium and Oxygen Isotope Analysis of the Czech Cemeteries of Radovesice and Kutná Hora in Bohemia,5,1,76
190,sjastaad1962,The Costs and Returns of Human Migration,6,1,76
190,greenblatt2010,Cultural Mobility: An Introduction,7,1,76
190,heberle1938,The Causes of Rural-Urban Migration: A Survey of German Theories,8,1,76
190,beardsley1955,Functional and Evolutionary Implications of Community Patterning,9,1,76
190,frobeniusnd,Der Ursprung der Kultur,10,1,76
24,lund2015,Living places or animated objects? sámi sacrificial places with metal objects and their south scandinavian parallels,1,52,75
24,lund2017,Connectedness with Things. Animated objects of Viking Age Scandinavia and Early Medieval Europe. Archaeological dialogues,2,45,75
24,jordan2003,Material Culture and Sacred Landscape: The Anthropology of the Siberian Khanty,3,2,75
24,gosden1999,The Cultural Biography of Objects,4,2,75
24,viveirosdecastro1998,Cosmological deixis and Amerindian perspectivism. A view from Amazonia,5,2,75
24,appadurai1986a,Introduction: Commodities and the Politics of Value,6,2,75
24,ryste2005,Edelmetalldepotene fra folkevandringstid og vikingtid i norge: gull og sølv i kontekst. hovefagsoppgave i arkeologi,7,2,75
24,descola2013,Beyond Nature and Culture,8,2,75
24,davidson1962,The Northern Sword in the British Isles and Beyond: A Study of the Occurrence and Typology of Swords from the 8th to the 10th Century AD,9,2,75
24,bradley2000,Body Metaphors and Technologies of Transformation in the English Middle and Late Bronze Age,10,2,75
142,rogers2020,Non-ferrous metalworking networks in Scandinavian-influenced towns of Britain and Ireland,1,74,75
142,wilthew2002,Analysis of copper-alloy artefacts from pagan Norse graves in Scotland,2,1,75
142,hinton1996,"The Gold, Silver and Other Non-Ferrous Alloy Objects from Hamwic",3,1,75
142,smith1923,Special Reports on the Mineral Resources of Great Britain XXV: Lead and Zinc Ores of Northumberland and Alston Moor. Memoirs of the Geological Survey,4,1,75
142,benson1911,York: From its Origin to the End of the 11th Century,5,1,75
142,hinton2000,A Smith in Lindsey. The Anglo-Saxon Grave at Tattershall Thorpe,6,1,75
142,garmonsway1947,AElfric's Colloquy. 2nd edn,7,1,75
142,higham1993,The Kingdom of Northumbria AD 350-1100,8,1,75
142,bayley1991,Anglo-Saxon non-ferrous metalworking,9,1,75
142,hutcheson2009,"The Origins of East Anglian Towns: Coin Loss in the Landscape, AD 470-939",10,1,75
119,devos2013,A Soil Micromorphological Study on the Origins of the Early Medi eval Trading Centre of Antwerp (Belgium),1,54,74
119,wouters2016,Geoarchaeological and Micromorphological Approaches to the Formation and Biographies of Early Medieval Towns in Northwest Europe,2,39,74
119,verhulst1978,De stad Antwerpen van de Romeinse tijd tot de 17de eeuw. Topografische studie rond het plan van Virgilius Bononiensis 1565,3,2,74
119,devos2011,Unravelling urban stratigraphy. The study of Brussels' (Belgium) Dark Earth. An archaeopedological perspective,4,2,74
119,wouters2012,"A Micromorphological Approach to Early Medi eval Towns and Trading Places: The Case Study of Viking-age Kaupang, Norway' (unpublished MPhil dissertation",5,2,74
119,french2003,Geoarchaeology in Action: Studies in Soil Micromorphology and Landscape Evolution,6,2,74
119,vandewalle1961,Excavations in ancient Antwerp,7,2,74
119,devos2009,An Archaeopedological and Phytolitarian Study of The,8,2,74
119,tys2010,The Scheldt Estuary as a Framework for Early Medi eval Settlement Development,9,2,74
119,fondrillon2009,À propos des recherches sur les terres noiress urbaines: dépasser le concept d'attente,10,2,74
121,keller2016,The northern frontier -North Atlantic farming during the Viking and Middle Ages,1,73,74
121,gerrard1991,An assessment of some of the factors involved in recent landscape change in iceland,2,1,74
121,olasson1998,"Dialogues with the Viking Age. Heimskringla, Mál og Menning Academic Division",3,1,74
121,wubsmrozewicz2008,"Fish, stock and barrel",4,1,74
121,sicking2008,"Beyond the Catch. Fisheries of the North Atlantic, the North Sea and the Baltic, 900-1850",5,1,74
121,mairs2007,Islands and Human Impact: Under What Circumstances Do People Put Unsustainable Demands on Island Environments? Evidenence From the North Atlantic,6,1,74
121,perdikaris2008,"Codfish and kings, seals and subsistence: Norse marine resource use in the North Atlantic. Human Impacts on Ancient Marine Ecosystems: A Global Perspective",7,1,74
121,hitzler1979,Sel -Untersuchungen zur Geschichte des isländischen Sennwesens seit der Landnahmezeit. Instituttet for sammenlignende kulturforskning,8,1,74
121,hansen1990,Samisk fangstsamfunn og norsk høvdingeøkonomi,9,1,74
121,mahler1989,Nye spor efter saeterdrift på Faerøerne,10,1,74
186,sindbaek2007,The Small World of the Vikings: Networks in Early Medieval Communication and Exchange,1,75,74
186,crumlinpedersen1998,Ships as indicators of trade in northern Europe 600-1200,2,1,74
186,pestell2003,"Markets in Early Medieval Europe: Trading and 'Productive' Sites, 650-850",3,1,74
186,albert2002,Attack and Error Tolerance of Complex Networks,4,1,74
186,ohlsson1976,"The Löddeköpinge Investigations I. The Settlement at Vikhögsvägen. Meddelanden från Lunds universitets historiska museum 1975-76, New series",5,1,74
186,granovetter1973,The Strength of Weak Ties,6,1,74
186,knappett2025,Network Analysis in Archaeology,7,1,74
186,pedersennda,Urban craftspeople at Viking-age Kaupang,8,1,74
186,sindbaeknda,"Urban Crafts and Oval Brooches Style, Innovation and Social Networks in Viking Age Towns",9,1,74
186,callmer2003,Centrality -Regionality. The Social Structure of Southern Sweden During the Iron Age. Uppåkrastudier 7,10,1,74
13,fabech2013,Ritual landscapes and sacral places in the first millennium AD in South Scandinavia,1,72,73
13,montanari2001,"Mosaics, Worship, Culture: Religious Culture in the Mosaics of the Basilicas of Ravenna: L'iconologia",2,1,73
13,brink2006,Sacred Sites and Holy Places: Exploring the Sacralization of Landscape through Time and Space,3,1,73
13,johns1994,The Hoxne Late Roman Treasure,4,1,73
13,biuw1992,Norra spånga: bebyggelse och samhälle under järnåldern,5,1,73
13,rosengren1997,"Slöinge i perspektiv' , in '... gick grendel att söka det höga huset...': arkeologiska källor till aristokratiska miljöer i skandinavien under yngre järnalder",6,1,73
13,bland1993,The Hoxne Treasure: An Illustrated Introduction,7,1,73
13,milburn1989,Early Christian Art and Architecture,8,1,73
13,price2008i,"Cult Leaders, Rulers and Religion",9,1,73
13,green1995,"Celtic Goddesses: Warriors, Virgins and Mothers",10,1,73
82,skre2017,Monetary practices in early medieval western Scandinavia (5th-10th centuries AD),1,73,72
82,herschend1980,Myntat och omyntat guld: två studier i öländska guldfynd,2,1,72
82,wray1999,An Irreverent Overview of the History of Money From the Beginning of the Beginning Through to the Present,3,1,72
82,engeler1991,Altnordische Geldwörter,4,1,72
82,axboe1991,Guld og guder i folkevandringstiden,5,1,72
82,grierson1959,Commerce in the Dark Ages: a critique of the evidence,6,1,72
82,stormndb,Norges gamle Love indtil 1387,7,1,72
82,dyhrfjeldjohnsen2013,Danish Hacksilber Hoards: A Status Report,8,1,72
82,sheehannd,"Viking Raiding, Gift-Exchange and Insular Metalwork in Norway",9,1,72
82,meikle1994,Aristotle on money,10,1,72
113,catlin2016,"Archaeology for the Anthropocene: Scale, Soil, and the Settlement of Iceland",1,73,72
113,palsson2013,Reconceptualizing the öanthroposí in the anthropocene: integrating the social sciences and humanities in global environmental change research,2,1,72
113,thorhallsdottir2013,"The Sheep, the Market, and the Soil: Environmental Destruction in the Icelandic Highlands, 1880-1910",3,1,72
113,briggs2006,Why Ecology Needs Archaeologists and Archaeology Needs Ecologists,4,1,72
113,catlin2014,Necessary landscapes: examining sustainability in two marginal environments in the north atlantic,5,1,72
113,hilger2015,Reconstruction of historic soil erosion rates in a small lake catchment of the melrakkaslétta peninsula of northeast iceland using tephrochronology and ground-based lidar data,6,1,72
113,braje2015,"Earth Systems, Human Agency, and the Anthropocene: Planet Earth in the Human Age",7,1,72
113,crumley2003,Historical Ecology: Integrated Thinking at Multiple Temporal and Spatial Scales,8,1,72
113,morton2013,Hyperobjects: Philosophy and Ecology After the End of the World,9,1,72
113,streeter2013,Anticipating Land Surface Change,10,1,72
185,burstrom2014,Things in the Eye of the Beholder: A Humanistic Perspective on Archaeological Object Biographies,1,70,71
185,tilley1996,An Ethnography of the Neolithic: Early Prehistoric Societies in Southern Scandinavia,2,1,71
185,knappett2008,ʻModelling maritime interaction in the Aegean Bronze Ageʼ,3,1,71
185,brisholm1997,The nature of the coins in the hoard from Häffinds in Burs,4,1,71
185,olsen2003,Belligerent chieftains and oppressed hunters? Changing conceptions of inter-ethnic relationships in northern Norway during the Iron Age and Early Medieval Period,5,1,71
185,polkey1999,"Women's Lives into Print: The Theory, Practice and Writing of Feminist Auto/biography",6,1,71
185,novarr1986,The Lines of Life: Theories of Biography 1880-1970,7,1,71
185,barthes1986,The rustle of language,8,1,71
185,golofast2003,Three Dimensions of Biographical Narratives,9,1,71
185,gordon2009,Turn-of Thecentury Quilts: Embodied Objects in a Web of Relationships,10,1,71
37,price2010,Kings and commoners at copán: isotopic evidence for origins and movement in the classic maya period,1,57,70
37,price2008a,Dying and the Dead: Viking Age Mortuary Behaviour,2,37,70
37,svanberg2003,Death rituals in south-east Scandinavia AD 800-1000: Decolonizing the Viking Age,3,2,70
37,iversen1991a,"Mammen. Grav, kunst og samfund i vikingetid ( Jysk Arkaeologisk Selskab",4,2,70
37,callmer1991,Territory and Dominion in the Late Iron Age in Southern Scandinavia,5,2,70
37,gunnell1995,The Origins of Drama in Scandinavia,6,2,70
37,thunmarknylen1998,"Die Wikingerzeit Gotlands II: Typentafeln. Vitterhets historie och antikvitets akademien, Stockholm Thunmark-Nylén L (2006) Die Wikingerzeit Gotlands III: Text. Vitterhets historie och antikvitets akademien, Stockholm Wachowiak MJ, Vicky Karas B (2009) 3D scanning and replication for museum and cultural heritage applications",7,2,70
37,stylegar2007,"Kaupang in Skiringssal (Kaupang Excavation Project Publication Series, I, Norske Oldfunn 22)",8,2,70
37,price2002,"The Viking way: religion and war in late Iron Age Scandinavia, Uppsala. Price, Neil In press: The archaeology of seiðr: circumpolar traditions in Viking pre-Christian religion",9,2,70
37,stolpe1912,Graffältet vid Vendel. Stockholm: Kungliga Vitterhets Historie och Antikvitets Akademien,10,2,70
88,sindbaek2016,"Steatite Vessels and the Viking Diaspora: Migrants, Travellers, and Cultural Change in Early Medieval Britain and Ireland",1,69,70
88,sidebottom2000,Viking Age stone monuments and social identity in Derbyshire,2,1,70
88,ed2012,"Being an Islander: Production and Identity at Quoygrew, Orkney, AD 900-1600",3,1,70
88,rogerson1984,"Excavations in Thetford, 1948-59 and 1973-80",4,1,70
88,janssen1987,"Die Importkeramik von Haithabu, Wachholtz, Neumu ¨nster Kars, H, 1983 'Early-medieval Dorestad, an archaeo-petrological study part VIII: summary of the petrographical results",5,1,70
88,coggins1983,"Simy Folds, Yorkshire (Excavation Report)",6,1,70
88,grenne2008,From Hyllestad to Selbu: Norwegian millstone quarrying through 1300 years,7,1,70
88,rollason2004,Anglo-Scandinavian York: the evidence of historical sources,8,1,70
88,osullivan2008,"The 'collapse' of Civilizations: What Palaeoenvironmental Reconstruction Cannot Tell Us, but Anthropology Can",9,1,70
88,gould1967,"Tamworth, Staffordshire (Excavation Report)",10,1,70
198,buisson1976,"Der Bildstein Ardre VIII auf Gotland: Gottermythen, Helden sagen und Jenseitsglaube der Germanen im 8. Jahrhundert n. Chr. Abhandlungen der Akade mie der WissenschaSerten in Göttingen",1,0,70
198,jansson1962,"Sveriges runinskrifter. Bd 11, Gotlands runinskrifter, D. 1, Almqvist & Wiksell international",2,0,70
198,arrhenius1971,Granatschmuck und Gemmen aus nordischen Funden des frühen Mittelalters (Studies in North European archaeology 3),3,0,70
198,wilson1998,The Gotland Picture-Stones: A Chronological Re-assessment,4,0,70
198,cramp1995,Grammar of Anglo-Saxon Ornament. A General Introduction to the Corpus of Anglo-Saxon Stone Sculpture,5,0,70
198,omeadhra1987,"Early Christian, Viking and Romanesque Art, 2. A discussion on aspects of find-context and function (Theses and papers in North-European Archaeology 17",6,0,70
198,kitzlerahfeldt2009,Celtic and Continental handicraft traditions; Template use on Gotlandic Picture Stones analysed by 3D-scanning,7,0,70
198,carver1952,"Portmahomack. Monastery of the Picts. Edinburgh. Christiansson, H",8,0,70
198,omeadhra1997,Motivstycken i Sverige -varför så få?,9,0,70
198,hauck1961,Brieflicher Hinweis auf eine kleine ostnordische Bilder-Edda,10,0,70
21,lund2010,At the water's edge,1,43,67
21,lund2008,"Åsted og vadested. deponeringer, genstandsbiografier og rumlig strukturering som kilde til vikingetidens kognitive landskaber",2,39,67
21,karsten1994,Att kasta yxan i sjön: en studie över rituell tradition och förändring utifrån skånska meolitiska off erfynd,3,2,67
21,staecker2004,"Hjältar, kungar och gudar. Berggren, Å. et al. (red.). Minne och myt. Konsten att skapa det förflutna",4,2,67
21,needham2001,When Expediency Broaches Ritual Intention: The Flow of Metal between Systemic and Buried Domains,5,2,67
21,berggren2006,"Old Norse Religion in Long-Term Perspectives. Origins, Changes, and Interactions",6,2,67
21,jorgensen1995,he warrior aristocracy of Gudme: he emergence of landed aristocracy in Late Iron Age Denmark?,7,2,67
21,spangen2005,"Edelmetalldepoterne i Nord-Norge. Komplekse identiteter i Vikingtid och tidlig Middelalder (hovedfagsoppgave, Institutt for Arkeologi)",8,2,67
21,habbe2005,Att se och tänka med ritual: kontrakterande ritualer i de isländska släktsagorna,9,2,67
21,bradley1990,The Passages of Arms: An Archaeological Analysis of Prehistoric Hoards and Votive Deposits,10,2,67
61,price2019,Vikings in Russia: Origins of the medieval inhabitants of Staraya Ladoga,1,66,67
61,kohn1999,Altered States: Effects of Diagenesis on Fossil Tooth Chemistry,2,1,67
61,thalinbergman1986,Die Waffengräber von Birka,3,1,67
61,moisio2015,Beyond the sea: migrations and the middle ground in the coastal region of Finland proper during the Roman Iron Age,4,1,67
61,kirpichnikov2013,Staraya Ladoga: first capital of Rus,5,1,67
61,glykou2018,Intra-and Inter-Tooth Variation in Strontium Isotope Ratios From Prehistoric Seals by Laser Ablation Multi-Collector Inductively Coupled Plasma Mass Spectrometry,6,1,67
61,raffensperger2014,The place of Rus' in medieval Europe,7,1,67
61,jordan2009,I am no man: a study of warrior women in the archaeological record,8,1,67
61,stolpe2019,"Twenty volumes plus six manuscripts and plans, stored in the Antiquarian Topographical Archives in Stockholm",9,1,67
61,wylie1992,The Interplay of Evidential Constraints and Political Interests: Recent Archaeological Research on Gender,10,1,67
17,fahlander2016,The materiality of the ancient dead: Post-burial practices and ontologies of death in southern Sweden AD 800-1200,1,56,66
17,fahlander2018,Grave encounters: Ontological aspects of post-burial interaction in the Late Iron Age of central eastern Sweden,2,43,66
17,aspock2011,Past 'disturbances' of graves as a source. Taphonomy and interpretation of reopened early medieval inhumation graves at Brunn Am Gebirge (Austria) and Winnall II (England),3,2,66
17,thate2007,Monuments and Minds. Monument Re-use in Scandinavia in the Second Half of the First Millenium AD (= Acta Archaeologica Lundensia Series in,4,2,66
17,fahlander2008,Messing with the Dead: Post-depositional Manipulations of Burials and Bodies in the South Scandinavian Stone Age,5,2,66
17,klevnas2016,Imbued with the Essence of the Owner: Personhood and Possessions in the Reopening and Reworking of Viking Age Burials,6,2,66
17,tesch2015,"A Lost World? Religious identity and burial practices during the introduction of Christianity in the Mälaren region, Sweden",7,2,66
17,artelius2010,"Den gamla döden och den nya: om vikingatidens förkristna begravningar, religiösa idéer och religionsskiftet. jönköping: jönköpings läns museum",8,2,66
17,fahlander2013,Intersecting Generations: Burying the Old in a Neolithic Hunter-Fisher Community,9,2,66
17,holback2016,Hedningen från Strömmen -om en vanlig grav i Uppland,10,2,66
81,raninen2014,Finland as a part of the 'Viking World',1,64,65
81,viklund2002,Från romartid till vikingatid: pörnullbacken -en järnåldertida bosättning i österbotten,2,1,65
81,kivikoski1964,Finlands förhistoria. Stockholm: Almqvist & Wiksell,3,1,65
81,uino1997,Ancient Karelia: Archaeological Studies. Suomen Muinaismuistoyhdistyksen,4,1,65
81,lehtosalohilander2001,Viikinkejä Eurassa? Pohjoismaisia näkökulmia Suomen esihistoriaan. Eura: Euran muinaispukutoimikunta,5,1,65
81,hakkinen2010,Jatkuvuusperustelut ja saamelaisen kielen leviäminen: osa 2,6,1,65
81,smith2011a,General Patterns of Niche Construction and the Management of 'wild' Plant and Animal Resources by Small-Scale Preindustrial Societies,7,1,65
81,valtonen2008,The North in Old English Orosius: A Geographical Narrative in Context,8,1,65
81,bogucki2007,The Dunmore Cave (2) hoard and the role of coins in the tenth-century Hiberno-Scandinavian economy,9,1,65
81,lehtosalohilander1984,Keski-ja myo ¨ha ¨israutakausi,10,1,65
194,roslund2017,"Bringing ""the periphery"" into focus: Social interaction between Baltic Finns and the Svear in the Viking Age and Crusade period (c. 800 to 1200)",1,64,65
194,alenius2011,"Maritime Landscape in Change: Archaeological, Historical, Palaeoecological and Geological Studies on Western Uusimaa. Iskos 19",2,1,65
194,haggren2005,"Arkeologiska undersökningar på en medeltida bytomt i Köklax, Esbo",3,1,65
194,makarov2006,Cultural Identity of the Russian North Settlers in the 10th-13th Centuries: Archaeological Evidence and Written Sources,4,1,65
194,hiekkanen2001,An Outline of the Early Ecclesiastical Organization in Finland,5,1,65
194,callmer1980,Numismatics and Archaeology: some problems of the Viking Period,6,1,65
194,stein1998,World Systems Theory and Alternative Modes of Interaction in the Archaeology of Culture Contact,7,1,65
194,hiekkanen2010,Burial Practices in Finland From Bronze Age to the Early Middle Ages,8,1,65
194,enqvist2004,Karjalaista keramiikkaa slaavilaiseen tyyliin: näkökulma historiallisen ajan keramiikkatyyppiin,9,1,65
194,uino2006,The Background of the Early Medieval Finnic Population in the Region of the Volkhov River: Archaeological Aspects,10,1,65
26,zoega2017,An Archeology of Moments: Christian Conversion and Practice in a Medieval Household Cemetery,1,63,64
26,frioriksson2001,The topography of iron age burials in Iceland,2,1,64
26,lee2008,mtDNAmanager: a web-based tool for the management and quality analysis of mitochondrial DNA control-region sequences,3,1,64
26,braudel1972,The Mediterranean and the Mediterranean World in the Age of Philip II,4,1,64
26,harding2005,Rethinking the Great Divide: Long-Term Structural History and the Temporality of Event,5,1,64
26,geake1995,The Use of Grave-Goods in Conversion-Period Enland c. 600-c. 850,6,1,64
26,scott2011,Religious Identity and Mortuary Practice. the Significance of Christian Burial in Early Medieval Ireland,7,1,64
26,braudel1980,On History,8,1,64
26,zori2007,"Nails, Rivets, and Clench Bolts: A Case for Typological Clarity",9,1,64
26,stefansson1975,Kirkjuvald eflist,10,1,64
90,kemmers2011,Rethinking Numismatics: The Archaeology of Coins,1,63,64
90,morris1992,Death-Ritual and Social Structure in Classical Antiquity,2,1,64
90,eckardt2003,Objects without a past? The use of Roman objects in early Anglo-Saxon graves,3,1,64
90,oden2009,Sture bolin -en 'världsstjärna' inom historieforskningen,4,1,64
90,haselgrove2005,A trio of temples,5,1,64
90,berger1996,Kalkriese 1,6,1,64
90,creighton2000,Coins and power in Late Iron Age,7,1,64
90,hall1999,BIOEDIT: a user-friendly biological sequence alignment editor and analysis program for WINDOWS 95/98/NT,8,1,64
90,burstrom1998,Mingling with things,9,1,64
90,vanarsdell1989,Take Out the Gold but Keep the Colour,10,1,64
128,beck2017,Temporalising the House: Exploring Alternative Perspectives on Time and the Archaeological Record Within Danish Settlement Archaeology,1,63,64
128,hvass1983,Vorbasse. The development of a settlement through the fi rst millennium A.D,2,1,64
128,slotsogkulturstyrelsen2017,Vejledning om arkaeologiske undersøgelser,3,1,64
128,reynolds1994,Marriage in the Western Church. Christianization of Marriage during the Patristic and Early Medieval Periods,4,1,64
128,boivin2008,"Material Cultures, Material Minds: The Impact of Things on Human Thought, Society, and Evolution",5,1,64
128,tringham2000,The continuous house. A view from the deep past,6,1,64
128,eisenschmidt2013,Kulturwandel in spannungsfeld von tradition und innovation,7,1,64
128,gell1992,The Anthropology of Time: Cultural Constructions of Temporal Maps and Images,8,1,64
128,hansen2015,Landsbydannelse og bebyggelsesstruktur i det 1. årtusinde -et bebyggelseshistorisk regionalstudie,9,1,64
128,laursen2017,"Late iron age longhouses chronology. a study aimed at constructing a formal house chronology for the late iron age, based on selected localities in central and eastern jutland",10,1,64
160,holst2013,"The Late Viking-Age Royal Constructions at Jelling, Central Jutland, Denmark : Recent Investigations and a Suggestion for an Interpretative Revision",1,46,63
160,jessen2014,A palisade fit for a King: Ideal architecture in King Harald Bluetooth's Jelling,2,30,63
160,andersen2008,Archaeological report: VKH 7154 Vestergade 3,3,2,63
160,andersen2009,Bautasten Og Kaempehegn,4,2,63
160,nielsen1980,Omgård. A settlement from the late iron age and the viking period in West Jutland,5,2,63
160,andersen2010,Langskip og handelsskip i vikingatid -om forskjellen mellom vikingskipene,6,2,63
160,dyggve1955,"Jellingkongernes Mindesmaerker: Jelling, Det Gamle Kongesaede",7,2,63
160,krogh1993,Gåden om Kong Gorms Grav: historien om Nordhøjen i Jelling,8,2,63
160,christensen1993,Can oak chronologies from Northern Jutland and Westem Sweden be applied to dendrochronological dating of Norwegian oak timber,9,2,63
160,schmidt1977,"Fyrkat: en jysk vikingeborg, I, Borgen og bebyggelsen. København: National Museum",10,2,63
22,lund2004,Haendelser ved vanden analyse af våbendeponeringer fra vikingetid på sjaelland og i skåne,1,42,62
22,lund2005,Thresholds and Passages: The Meanings of Bridges and Crossings in the Viking Age and Early Middle Ages. Viking and Medieval Scandinavia,2,39,62
22,andren2002,"Studier av nordisk förkristen ritual, Lund (Vägar till Midgård 2)",3,3,62
22,hedeager2002,Central places in the Migration and Mero vingian Periods,4,2,62
22,petersen1919,"En typologisk-kronologisk studie over vikingtidens vaaben. Videnskapsselskapets skrifter II, Historisk-Filosofisk Klasse 1919(1). Dybwad, Kristiania. 1951 Vikingetidens redskaper. Skrifter utgitt av Det Norske Vitenskaps-Akademi i Oslo II, Historisk-Filosofisk Klasse 1951",5,2,62
22,stidsing1999,To Pragtsvaerd Fra Vikingetiden,6,2,62
22,mullerwille1984,Mittel-und westeuropäische einwirkungen auf die sachkultur von haithabu/schleswig. archäologische und naturwissenschaftliche untersuchungen an ländlichen und frühstädtischen siedlungen im deutschen küstengebiet vom 5,7,2,62
22,jerichow1997,"Dansk militaer i england i vikingetiden. upubliceret cand.mag. speciale, forhistorisk arkaeologi",8,2,62
22,hedeager1999,Deposition of wealth in the cultura l landscape. glyfer och arkeolog iska rum -en viinbok till jar! nordbladh,9,2,62
22,stoklund1991,"Runesten, kronologi og samfundsrekonstruktion. nogle kritiske overvejelser med udgangspunkt i runestenene i mammenområdet",10,2,62
95,beck2018,Revisiting the Trelleborg House: A Discussion of House Types and Assemblages,1,61,62
95,komber1999,Utvikling av langhus med buete vegger. hal og højsede i vikingetid-et forslag til rekonstruktion af kongehallens arkitektur og indretning,2,1,62
95,carlie2005,Samhällen och rikedomsmiljöer,3,1,62
95,hill1972,A Model for Classification and Typology,4,1,62
95,mimisson2016,Building Identities: The Architecture of the Persona,5,1,62
95,moller2009,"Beretning for udgravning as bebyggelse fra førromersk jernalder, vikingetid og tidlige middelalder. Varde: Museet for Varde By og Omegn",6,1,62
95,siemen2014,ESM 2321-1 Tjaereborg,7,1,62
95,nasman1987,Danmarks laengste udgravning : arkaeologi på naturgassens vej 1979-86,8,1,62
95,boozer2015,The Tyranny of Typologies: Evidential Reasoning in Romano-Egyptian Domestic Archaeology,9,1,62
95,poulsen2014,"Udgravningsrapport MOE 00252 -Holbaek Lergrav, etape 5. Randers: Museum Østjylland",10,1,62
104,pedersen2015,Inn i fortida -ut i verden -i museet! Vitark -Acta Archaeologica Nidarosiensia,1,63,62
104,bode2009,Tracing Roman Lead Sources Using Lead Isotope Analyses in Conjunction with Archaeological and Epigraphic Evidence-a Case Study From Augustan/tiberian Germania,2,1,62
104,bielicki1991,Lead isotope and Pb-Pb model age determinations of ores from Central Europe and their metallogenetic interpretation,3,1,62
104,loveluck1998,"A high-status Anglo-Saxon settlement at Flixborough, Lincolnshire, Antiquity",4,1,62
104,merkel2015,Isotopic Analysis of Silver From Hedeby and Some Nearby Hoards: Preliminary Results,5,1,62
104,bjorlykke1993,Lead Isotope Systematics of Strata-Bound Sulphide Deposits in the Caledonides of Norway,6,1,62
104,schetelig1920,Vestfoldskolen,7,1,62
104,johansson1983,Lead Isotope Composition of Caledonian Sulfide-Bearing Veins in Sweden,8,1,62
104,leveque1993,"Pb isotopes of hydrothermal ores in the Harz, 197-210",9,1,62
104,duralimuller2005,"Roman Lead and Copper Mining in Germany Their Origin and Development Through Time, Deduced From Lead and Copper Isotope Provenance Studies",10,1,62
137,gustin2017,"Contacts, identity and hybridity: Objects from south-western Finland in the Birka graves",1,60,62
137,roslund2013,Trälars tysta kunskap: keramikproduktionens sociala kontext i det tidigmedeltida skänninge,2,3,62
137,roslund2007,Guests in the House: Cultural Transmission between Slavs and Scandinavians 900 to 1300 A.D,3,2,62
137,selling1955,Wikingerzeitliche und frühmittelalterliche Keramik in Schweden. Stockholm: Victor Petterssons Bokindustri Aktiebolag,4,2,62
137,roslund2001,Gäster i huset: Kulturell överföring mellan slaver och skandinaver 900 till 1300 (Skrifter utg. av Vetenskapssocieteten i Lund 92),5,2,62
137,lindstrom2003,"Long Distance Distribution of Battle Axes in Northern Europe: Some Aspects of the Contacts between Denmark, Sweden and Finland 2800-2300 BC",6,1,62
137,jansson1997,"Warfare, trade or colonization? Some general remarks on the eastern expansion of the Scandinavians in the Viking period // The Rural Viking in Russia and Sweden / Hg",7,1,62
137,valdemars1995,Kung Valdemars Segelled,8,1,62
137,edgren1992,Den förhistoriska tiden,9,1,62
137,wallerstrom2004,Sagans svenskar: synen på vikingatiden och de isländska sagorna som historia under 300 år,10,1,62
2,lund2020,Rune stones as material relations in late pagan and early Christian South Scandinavia,1,38,61
2,lund2016,Divergent ways of relating to the past in the Viking Age,2,33,61
2,olick1999,Collective Memory: The Two Cultures,3,2,61
2,larsson1990,"Runstenar och utlandsfärder: aspekter på det senvikingatida samhället med utgångspunkt i de fasta fornlämningarna. avhandling (doktorgrad), lunds universitet",4,2,61
2,gadamer1960,Opphøyelsen av forståelsens historisitet til hermeneutisk prinsipp,5,2,61
2,bradley1993,Altering the Earth. The Origins of Monuments in Britain and Continental Europe: The Rhind Lectures 1991-92,6,2,61
2,gilchrist2013,"The materiality of medieval heirlooms: from sacred to biographical objects. I Mobility, Meaning & Transformation of Things. Shifting Context of Material Culture through Time and Space",7,2,61
2,mauss1934,Techniques of the Body,8,2,61
2,arwillnordbladh2008,Aska och Rök: Om minnen och materiell kultur i nordisk vikingatid,9,2,61
2,krogh1982,The Royal Viking Viking-Age Monuments in Jelling in the Light of Recent Archaeological Excavations,10,2,61
38,zachrisson2014a,Rotary Querns and Bread: A Social History of Iron Age Sweden,1,60,61
38,drobin1986,Mjödet och ofersymboliken i fornnordisk religion,2,1,61
38,hedblom1996,Huggning av ställsten och kvarnsten i salabygden. på jakt efter en bortglömd historia. västmanlands fornminnesförenings och västmanlands läns museums årsskrift,3,1,61
38,rinnman2013,Bergwerkslexicon,4,1,61
38,junkelmann1997,Panis militaris. Die Ernähung der Römischen Soldaten oder der Grundstof der Macht. Kulturgeschichte der antiken Welt 75,5,1,61
38,hjulstrom2006,Organic geochemical evidence for pine tar production in middle eastern Sweden during the Roman Iron Age,6,1,61
38,drobin1991,Mjödet och offersymboliken i fornnordisk religion. studier i religionshistoria tillägnade åke hultkrantz professor emeritus den 1 juli 1986,7,1,61
38,olausson2000,"Fållnäs. Arkeologiska undersökningar. Del 2. Ett vikingatida gravfält, RAÄ 518 vid Fållnäs gård, Sorunda sn",8,1,61
38,hansen2011,"I: Birgit Arrhenius & Uaininn O'Meadhra (red.), Excavations at Helgö 18. Conclusions and New aspects",9,1,61
38,elfwendahl1993,"Geoarkeologi inom kvarteret bryggaren, arkeologiska artefakter av sten från det medeltida uppsala",10,1,61
111,helama2017,Dark Ages Cold Period: A literature review and directions for future research,1,60,61
111,lamb1982,"Climate, History and the Modern World",2,1,61
111,yan2011,"A record of the Southern Oscillation Index for the past 2,000 years from precipitation proxies",3,1,61
111,buntgen2011,Years of European Climate Variability and Human Susceptibility,4,1,61
111,andresen2010,Interaction Between Subsurface Ocean Waters and Calving of the Jakobshavn Isbrae During the Late-Holocene,5,1,61
111,hass1996,Northern Europe climate variations during late Holocene: Evidence from marine Skagerrak,6,1,61
111,krawczyk2010,"Late-Holocene diatom-inferred reconstruction of temperature variations of the West Greenland Current from Disko Bugt, central West Greenland",7,1,61
111,wanner2011,Structure and origin of Holocene cold events,8,1,61
111,moy2002,Variability of El Niño/Southern Oscillation activity at millennial timescales during the Holocene epoch,9,1,61
111,berglund2003,Human Impact and Climate Changes -Synchronous Events and a Causal Link?,10,1,61
19,eriksen2013,Doors to the dead: The power of doorways and thresholds in Viking Age Scandinavia,1,59,60
19,heyerdahllarsen1995,Gravplassene i Bikjholbergene/Lamøya. Undersøkelsene 1950-1957,2,1,60
19,weibull1918,Historisk-Kritisk Metod Och Nutida Svensk Historieforskning,3,1,60
19,wilson1988,The Domestication of the Human Species,4,1,60
19,graslund1969,Särdrag innom vikingatidens gravskick,5,1,60
19,geschwind2005,Gravseden med kantrännor runt högar och stensättingar i sverige,6,1,60
19,davidson1993,Boundaries and Thresholds,7,1,60
19,solheim1965,"Lik, in kulturhistorisk leksikon for nordisk middelalder",8,1,60
19,gurevic1969,Space and time in the Weltmodel of medieval Scandinavia,9,1,60
19,petersen1933,Gamle gårdsanlegg i Rogaland. Fra forhistorisk tid og middelalder,10,1,60
145,hadley2016,radiocarbon dates for the cist graves are AD 1030-1210 and AD 1025-1165,1,40,60
145,hadley2018,In search of the Viking Great Army: Beyond the winter camps,2,34,60
145,richards2012,"Settlement, Landscape, and Economy in Early Medieval Northumbria: The Contribution of Portable Antiquities",3,2,60
145,richards1999,Stable isotope evidence for similarities in the types of marine foods used by late mesolithic humans at sites along the atlantic coast of europe,4,2,60
145,biddle2001,"Great Heathen Army"". I Vikings and the Danelaw: Select Papers from the Proceedings of the Thirtheenth Viking Congress",5,2,60
145,richards2004,"Excavations at the Viking barrow cemetery at Heath Wood, Ingleby, Derbyshire",6,2,60
145,russel2014,Woodstown: A Viking-Age Settlement in Co,7,2,60
145,mcleod2006,"Feeding the Micel Here in England, c.865-878",8,2,60
145,whitelock1961,"The Anglo-Saxon Chronicle, Eyre & Spottiswoode",9,2,60
145,kershaw2013,Viking identities: Scandinavian jewellery in England. Medieval history and archaeology,10,2,60
99,jahnsen2016,Den sosiale konstruksjon av den norske viking,1,57,58
99,eriksen1993,"Sma steder, store sp0rsmal. jnnf 0ring i sosialantropolog i",2,1,58
99,prescott2013,Recurrent Themes: Indo-Europeans in Norwegian Archaeology,3,1,58
99,ingstad1982,The Functional Textiles from the Osberg Ship,4,1,58
99,kjorup2001,Den ubegrundede skepsis. en kritisk diskussion af socialkonstruktionismens ilosoiske grunnlag,5,1,58
99,shanks1987,Re-Constructing Archaeology: Theory and Practice,6,1,58
99,olsen1997,Fra ting til tekst: teoretiske perspektiv i arkeologisk forskning,7,1,58
99,schanche1989,Jernalderens bosettingsmønster i et leretnisk perspektiv. I Framskritt for fortida i nord: I Povl Simonsens fotefar,8,1,58
99,dennell1996,Nationalism and identity in Britain and Europe In Nationalism and archaeology: Scottish Archaeological Forum,9,1,58
99,fairclough1992,Discourse and Social Change,10,1,58
207,oye2016,Agrarian technology and land use in Scandinavian landscapes c. 800-1300 AD,1,57,58
207,bergen2011,Settlements and Agrarian Landscapes. Chronological issues and archaeological challenges,2,1,58
207,svartkristiansen2006,Bag gårdleddet. arkaeologiske studier af den middelalderlige bondegård i danmark,3,1,58
207,bertelsen2005a,The Sea as 'innmark' And 'utmark,4,1,58
207,hasund1919,Det Norske Landbruks Historie,5,1,58
207,larsen2011,Distinguishing iron production sites by chemical signature of bloomery slag in south-eastern norway: the iron clench nails in the gokstad ship -only local production or of various origin?,6,1,58
207,carelli2001,En kapitalistisk anda. Kulturella förändringar i 1100-talets Danmark,7,1,58
207,myrdal1999,Myrdal. J. 1999a: Jordbruket under feodalismen 1000-1700. Det svenska jord- brukets historia 2. Stockholm: Nordiska museet.,8,1,58
207,vries1974,"The Dutch Rural Economy of the Golden Age, 1500-1700",9,1,58
207,jeppesen1981,Kontinuitet og brud i den fynske agrarbebyggelse mellem yngre jernalder og tidlig middelalder,10,1,58
69,perry2016,Pottery production in Anglo-Scandinavian Torksey (Lincolnshire): Reconstructing and contextualising the chaîne opératoire,1,56,57
69,aitken1962,Magnetic Dating: Some Archaeomagnetic Measurements in Britain,2,1,57
69,musty1974,The Production and Supply of Pot,3,1,57
69,belfiore2007,"Petrographic and chemical characterization of pottery production of the Late Minoan I Kiln at Haghia Triada, Crete",4,1,57
69,brooks1984,Torksey Ware Viewed From the North,5,1,57
69,aitken1966,Magnetic dating III: further archaeomagnetic measurements in Britain,6,1,57
69,ford1995,A late Saxon pottery industry in Staffordshire: a review,7,1,57
69,vince2009,The Anglo-Saxon Pottery,8,1,57
69,rowe2008,Archaeological Evaluation Report,9,1,57
69,maniatis1984,"Punic Amphoras Found at Corinth, Greece: An Investigation of Their Origin and Technology",10,1,57
64,baug2019,The beginning of the Viking Age in the West,1,55,56
64,schreiner1928,Det Norske videnskapsakademi,2,1,56
64,crosby1987,A Survey of British Metamorphic Hone Stones of the 9th to 15th Centuries Ad in the Light of Potassium Argon and Natural Remanent Magnetization Studies,3,1,56
64,jansen2001,Brynestein frå Aarekoll,4,1,56
64,holberg2015,I høvdinganes vald,5,1,56
64,sjovold1974,The Iron Age settlement of Arctic Norway: a study in the expansion of European Iron Age culture within the Arctic Circle,6,1,56
64,gardner2007,"Agency Uncovered: Archaeological Perspectives on Social Agency, Power, and Being Human",7,1,56
64,hodges2001,Sustaining life. Vessel import to Norway in the first millennium AD,8,1,56
64,buchwald2005,Det Kongelige Danske Videnskabernes Selskab,9,1,56
64,wickham2008,Rethinking the Structure of the Early Medieval Cconomy,10,1,56
36,magnell2010,Veitstu hvé blóta skal: The Old Norse blót in the light of osteological remains from Frösö Church,1,54,55
36,ekman1984,Archaeo-zoological Investigations in Northern Swe-den. Early Norrland 8. Stockholm: Kungl. vitterhets historie och antikvitets akademien,2,1,55
36,nasstrom1996,Offerlunden under Frösö kyrka,3,1,55
36,thilderqvist2005,Analys av det osteologiska materialet från den arkeologiska undersökningen vid västerhus på frösön,4,1,55
36,ambrosiani1984,"Gravfält i Fångstmarken: Undersökningarna av Gravfälten på Smalnäset och Krankmårtenhögen, Härjedalen",5,1,55
36,palm2004,Vikingarnas språk 750-1100,6,1,55
36,carlie2004,"Forntida byggnadskult. tradition och regionalitet i södra skandinavien. (riksantikvarieämbetet, arkeologiska undersökningar. skrifter 57.) stockholm",7,1,55
36,ross2002,Plats och praxis -stud-ier av nordisk förkristen ritual. vägar till midgård 2,8,1,55
36,welinder2008,Jämtarna och samerna kom först,9,1,55
36,wallin1990,"Rapport över arkeologisk undersökning inom Prästbordet 1:1, Frösö socken, Östersunds kommun, Jämtlands län. Arkeologiska undersökningar utförda av Jämtlands läns museum 436. Östersund: Jämtlands läns museum",10,1,55
91,nielsen2011,Boathouses as Indicators of Ethnic Interaction?,1,54,55
91,gjessing1973,Norge i Sameland,2,1,55
91,grimm2002,The military context of Norwegian boathouses AD 1Á1500,3,1,55
91,simonsen1980,Fiskerbonden i Nord-Troms 1300Á1700: belyst ved tuftegravninger,4,1,55
91,grydeland2001,De sjøsamiske siida-samfunn,5,1,55
91,hesjedal1996,Arkeologi pa ˚Slettnes. Dokumentasjon av 11 000 a ˚rs bosetning,6,1,55
91,wik1985,Jernalderen,7,1,55
91,myhre1985,Boathouses as Indicators of Political Organization,8,1,55
91,sjovold1962,The Iron Age Settlement of Arctic Norway I: A Study in the Expansion of European Iron Age Culture within the Arctic Circle,9,1,55
91,spivak1987,Other Worlds: Essays in Cultural Politics,10,1,55
182,magi2011,Viking Age and Early Mediaeval Eastern Baltic Between the West and the East,1,54,55
182,magi2015,Bound for the eastern Baltic: Trade and centres AD 800-1200,2,1,55
182,tonisson1974,Die Gauja-Liven und ihre materielle Kultur,3,1,55
182,khvoshchinskaya2004,Finny na zapade Novgorodskoy zemli (Po materialam mogilnika Zalakhtovie),4,1,55
182,lang1996,"Muistne Ra ¨vala: Muistised, kronoloogia ja maaviljelusliku asustuse kujunemine Loode-Eestis, eriti Pirita jo ˜e alamjooksu piirkonnas",5,1,55
182,filipowiak1983,"Society and Trade in the Baltic during the Viking Age. Papers of the VII"" Visby Symposium held at Gotlands Fornsal, Gotland's Historical Museum",6,1,55
182,nosov2006,Links of the Population of Western Finland and Estonia with the Central Ilmen Region in the Context of International Trade in the Baltic Area Region in the 9 th -10 th Century,7,1,55
182,argang2000,Forna farder over ostersjén -vikingars och andras,8,1,55
182,ligi1968,Talupoegade Koormised Eestis 13. Sajandist 19. Sajandi Alguseni,9,1,55
182,sne1997,Vijups (reds) Arkeologi Gver grénser. Métan mellan lettisk och svensk arkeologi,10,1,55
87,mainland2018,The Nature of the Feast: Commensality and the Politics of Consumption in Viking Age and Early Medieval Northern,1,53,54
87,bjorkanbukkemoen2017,The agrarian life of the North 2000 BC-AD 1000: 12-25. Kristiansand: Portal,2,1,54
87,steinsland2011,Ideology and power in the Viking and Middle Ages,3,1,54
87,mulville1999,The Faunal Remains,4,1,54
87,greenacre2007,Theory and Applications of Correspondence Analysis,5,1,54
87,arnold1999,Drinking the Feast': Alcohol and the Legitimation of Power in Celtic Europe,6,1,54
87,pollock2012,Towards an Archaeology of Commensal Space: An Introduction,7,1,54
87,bond2007,"In Excavations at Pool, Sanday. A Multi-Period Settlement from Neolthic to Late Norse Times",8,1,54
87,woolgar2016,The Culture of Food in England 1200-1500,9,1,54
87,montgomery2017,Ahmed Ibn Fadlan. Mission to the Volga,10,1,54
139,ijssennagger2013,Between Frankish and Viking: Frisia and Frisians in the Viking Age,1,37,54
139,ijssennagger2015,A Viking find from the Isle of Texel (Netherlands) and its implications,2,24,54
139,perry2019,"Situation vacant: Potter required in the newly founded Late Saxon burh of Newark-on-Trent, Nottinghamshire",3,3,54
139,rau1977,"Quellen zur Karolingischen Reichsgeschichte I, Darmstadt: Wissen schaftliche Buchgesellschaft South",4,2,54
139,knol2005,Gold und Silber aus Marsum -karolingische Schatzfunde in den Nie der landen,5,2,54
139,sawyer1998,Anglo-Saxon Lincolnshire,6,2,54
139,coupland2006,Between the Devil and the Deep Blue Sea,7,2,54
139,henstra2012,Friese graafschappen tussen Zwin en Wezer. Een overzicht van de grafelijkheid in middeleeuws Frisia (c. 700-1200),8,2,54
139,knol2010,Frisia in Carolingian times,9,2,54
139,knol1998,Zilverbaar uit de Vikingen tij d,10,2,54
79,montgomery2014,Finding Vikings with Isotope Analysis: The View From Wet and Windy Islands,1,52,53
79,grimes2013,A comparison of pretreatment methods for the analysis of phosphate oxygen isotope ratios in bioapatite,2,1,53
79,wallace2008,Archaeological evidence for the different expressions of scandinavian settlement in ireland,3,1,53
79,vennemann2002,Oxygen isotope analysis of phosphates: A comparison of techniques for analysis of Ag 3 PO 4,4,1,53
79,crawford1987,Scotland in the Early Middle Ages 2: Scandinavian Scotland,5,1,53
79,birck1986,Precision K-Rb-Sr isotopic analysis: Application to Rb-Sr chronology,6,1,53
79,bentley2006,Strontium Isotopes From the Earth to the Archaeological Skeleton: A Review,7,1,53
79,westness1980,"The Settlement of Westness, Rousay",8,1,53
79,barrett2001,Diet and Ethnicity During the Viking Colonization of Northern Scotland: Evidence From Fish Bones and Stable Carbon Isotopes,9,1,53
79,montgomery2007,Resolving Archaeological Populations with Sr-Isotope Mixing Models,10,1,53
123,carver2015,Commerce and cult: Confronted ideologies in 6th-9th-century Europe,1,52,53
123,museum2009,"Sorte Muld. Wealth, Power and Religion at an Iron Age Central Settlement on",2,1,53
123,wickham2012,Comacchio and the Central Mediterranean,3,1,53
123,liebeschuetz2000,Ravenna to Aachen,4,1,53
123,marazzi2004,The Early Medieval Alternative: Monasteries as Centres of Non City-Based Economic Systems in Italy Between Eighth and Ninth Century Ad,5,1,53
123,bowden2012,An Ice Age settling on the Roman Empire: post-Roman Butrint between strategy and serendipity,6,1,53
123,wataghin2011,Concluding Remarks,7,1,53
123,angenendt2008,Donationes Pro Anima: Gift and Countergift in the Early Medieval Liturgy,8,1,53
123,wheatley1969,The City as Symbol,9,1,53
123,willemsen2010,Dorestad in an International Framework: New Research on Centers of Trade and Coinage in Carolingian Times,10,1,53
136,toplak2015,Prone burials and modified teeth at the Viking Age cemetery of Kopparsvik: The changing of social identities at the threshold of the Christian Middle Ages,1,52,53
136,thunmarknylen2004,Visby. Ett pussel med gamla och nya pusselbitar,2,1,53
136,pedersen2011,Military Organization and Offices. The Evidence of Grave Finds,3,1,53
136,meier2001,Landschaftsentwicklung und Siedlungsgeschichte des Eiderstedter und Dithmarscher Küstengebietes als Teilregionen des Nordseeküstenraumes 1,4,1,53
136,wilke1931,Die Bestattung in Bauchlage,5,1,53
136,vukovic2009,Cosmetic Dentistry in Ancient Times -a Short Review,6,1,53
136,philpott1991,Burial Practices in Roman Britain,7,1,53
136,g2000,"Abt Suger von Saint-Denis. Ausgewählte Schriften. Ordinatio, De consecratione, De administratione",8,1,53
136,arcini1991,Vikingatida hantverkare med slitspår på tänderna,9,1,53
136,hoffmann1989,Untersuchungen zu Handel und Verkehr der vor-und frühgeschichtlichen Zeit in Mittel-und Nordeuropa. Teil VI. Organisationsformen der Kaufmannsvereinigungen in der Spätantike und im frühen Mittelalter. Göttingen: Vandenhoeck & Ruprecht,10,1,53
183,gotfredsen2014,"A Ritual Site with Sacrificial Wells from the Viking Age at Trelleborg, Denmark",1,54,53
183,grant1982,The use of tooth wear as a guide to the age of domestic ungulates. Ageing and Sexing Animal Bones from Archaeological Sites,2,1,53
183,lauwerier2002,The Economic and Non-Economic Animal: Roman Depositions and Offerings,3,1,53
183,morris2008,"Re-examining associated bone groups from Southern England and Yorkshire, c. 4000 BC to AD 1550. Thesis (PhD)",4,1,53
183,carlie1993,"Archaeology and ritual: a case study on traces of ritualization in archaeological remains from lindängelund, southern sweden",5,1,53
183,stuartmacadam1985,Porotic Hyperostosis: Representative of Childhood Conditions,6,1,53
183,hatting1978,Zoologisk Beskrivelse Af Dyreknoglerne Fra Sb,7,1,53
183,vretemark1997,The Causes of Porotic Hyperostosis and Cribra Orbitalia: A Reappraisal of the Iron-Deficiency-Anemia Hypothesis,8,1,53
183,vanhaasteren1974,Kritische Anmerkungen zur Widerristhöhenberechnung aus Längenmassen vor-und frühgeschichtlicher Tierknochen,9,1,53
183,alexandersen1998,Aspects of teeth from archaeologic sites in Sweden and Denmark,10,1,53
47,hilberg2014,"Viking Age Hedeby and its relations with Iceland and the North Atlantic: Communication, long-distance trade, and production",1,50,51
47,roberts2008,"Landscapes, Documents and Maps: Villages in Northern England and Beyond, AD 900-1250",2,1,51
47,dasentnd,"The Story of Gisli the Outlaw, ed. and trans",3,1,51
47,wamers1930,König im Grenzland. Neue Analyse des Bootkammergrabes von Haiðaby,4,1,51
47,olsen2004,Medieval Fishing Tackle from Bergen,5,1,51
47,fanning1937,"Die bronzenen Ringknopfnadeln'; Jankuhn, Die Ausgrabungen in Haithabu",6,1,51
47,molaug2010,Early Urbanization in Norway,7,1,51
47,tweddle1999,A Survey of the Evidence,8,1,51
47,vogel1983,Archäologische Stadtkernforschung in Schleswig 1969-1982,9,1,51
47,wedepohl2003,Glas in Antike und Mittelalter: Geschichte eines Werkstoffs,10,1,51
141,raffield2014,A River of Knives and Swords': Ritually Deposited Weapons in English Watercourses and Wetlands During the Viking Age,1,48,50
141,sanmarkndb,Patterns of Assembly: Norse Thing Sites in Shetland,2,1,50
141,sanmark2008,Places of Assembly: Topographic Characteristics in Sweden and England,3,2,50
141,blair1994,Anglo-Saxon Oxfordshire,4,1,50
141,bemmann1998,Der Opfer-platz von Nydam. Die Funde aus den älteren Grabungen: Nydam-I und Nydam-II,5,1,50
141,sanmark2004,Tingsplatsen som arkeologiskt problem. Etapp 1: Aspa. Med bidrag av Eva Bergström och Kjell Persson,6,1,50
141,randsborg1999,Into the Iron Age: A Discourse on War and Society,7,1,50
141,scarre2002,Monuments and Landscape in Atlantic Europe: Perception and Society During the Neolithic and Early Bronze Age,8,1,50
141,knapp1999,"Archaeological Landscapes: Constructed, Conceptualized, Ideational",9,1,50
141,hayward2011,"Kingship, Childhood and Martyrdom in Anglo-Saxon England",10,1,50
164,bonde2016,Between Sutton Hoo and Oseberg -Dendrochronology and the origins of the ship burial tradition,1,49,50
164,hulten1971,Atlas över växternas utbredning i Norden,2,1,50
164,mullerwille1995,The ship as symbol in prehistoric and medieval scandinavia. Copenhagen: National Museum of Denmark,3,1,50
164,mullerwille1974,Boat-graves in Northern Europe,4,1,50
164,reiersen2009,"The central place of the avaldsnes area, SW Norway. An analysis of elites and central functions along karmsund 200 BC-AD 1000",5,1,50
164,brucemitford1964,A Hiberno-Saxon bronze mounting from Markyate,6,1,50
164,filmersankey1992,Snape Anglo-Saxon Cemetery. The current state of knowledge,7,1,50
164,ornes1966,Form og stil i Sydskandinaviens yngre Germanske jernalder,8,1,50
164,hines1992,The scandinavian character of Anglian England. An update,9,1,50
164,schetelig1902,En plyndret baadgrav,10,1,50
175,androshchuk2010,The Gift to Men and the Gift to the Gods: Weapon Sacrifices and the Circulation of Swords in Viking Age Society,1,49,50
175,schulzedorrlamm1995,Das Reichsschwert: Ein Herrschaftszeichen des Saliers Heinrich IV. und des Welfen Otto IV.,2,1,50
175,behrend1936,Vandfundne svaerd fra middelalderen. Nationalmus. Arbejdsmark 1970,3,1,50
175,nasman1991,"Sea Trade during the Scandinavian Iron Age: Its Character, Commodities, and Routes",4,1,50
175,luhm1903,Swords of type X 16,5,1,50
175,androshchuk2003,The Hvoshcheva sword. An example of contacts between Britain and Scandinavia in the Late Viking Period,6,1,50
175,theuws2000,A kind of mirror for men: sword depositions in Late Antique Northern Gaul. Ritual of power,7,1,50
175,cross1914,The Russian Primary Chronicle. Laurentian Text,8,1,50
175,behmer1939,Das zweischneidige Schwert der germanischen Völkerwanderungszeit,9,1,50
175,arbman1966,Armes scandinaves de l' époque Viking en France,10,1,50
131,christiansen2019,"Metal-Detected Late Iron Age and Early Medieval Brooches From the Limfjord Region, Northern Jutland: Production, Use and Loss",1,48,49
131,haackolsen2005,Af tørvehusets saga,2,1,49
131,maixner2015,Missingen/åkeberg i østfold -et storgård fra jernalderen med tilknyttet håndvaerkssenter. fornvännen 1,3,1,49
131,nielsen1986,Zur Chronologie der Jüngeren Germanischen Eisenzeit auf Bornholm. Untersuchung zu Smuckgarnituren,4,1,49
131,lonborg1999,Vikingetidens Metalbearbejdning,5,1,49
131,sindbaek2009,"Open Access, Nodal points and Central Places. Maritime Communication and Locational Principles for Coastal Sites in Southern Scandinavia, c. AD 400-1200",6,1,49
131,ramskou1976,"Lindholm Høje gravpladsen. Nordiske fortidsminder, B:2. Lynge og Søn",7,1,49
131,fallgren2016,"The Ritual Use of Brooches in Early Medieval Forts on Öland, Sweden",8,1,49
131,mclean2007,Early Anglo-Saxon Brooches in Southern England: The Contribution of the Portable Antiquities Scheme,9,1,49
131,nerman1969,Die Vendelzeit Gotlands. Dargestellt von Birger Nerman,10,1,49
75,price2014,"Galgedil: Isotopic studies of a Viking cemetery on the Danish island of Funen, AD 800-1050",1,46,47
75,jorkov2010,Uniform diet in a diverse society. Revealing new dietary evidence of the Danish Roman Iron Age based on stable isotope analysis,2,1,47
75,kanstrup2006,"Gastronomynorm and variation. Dietary studies based on isotope analyses of skeletal remains from Viking Age graves at Galgedil on Northern Funen. Konferensspeciale, Forhistorisk Arkeologi",3,1,47
75,runge2010,Kildehuse IIgravpladser fra yngre bronzealder og vikingetid i Odense Sydøst,4,1,47
75,calmer1977,Trade beads and bead trade in Scandinavia ca. 800-1000 A.D. Acta Archaeologica Lundensia,5,1,47
75,roberts2009,Journey to the Dead: The Litlu-Nüpar Boat Burial,6,1,47
75,reynolds2009,"Deviant Burial Customs (wie Anm. 12) S. 38, 76 f., 166, 169; IVO ŠTEFAN, Frühmittelalterliche Sonderbestattungen in Böhmen und Mähren. Archäologie der Randgruppen?",7,1,47
75,arwidson1984,Birka II:1: systematische Analysen der Gräberfunde,8,1,47
75,madsen1988,Middelalderbyen Odense. Odense: Odense Museum,9,1,47
75,kanstrup2008,Gastronomy: Norm and Variation. Dietary Studies Based on Isotope Analyses of Skeletal Remains from Viking Age Graves at Galgedil on Northern Funen,10,1,47
148,leonard2011,Vikings in the Prehistoric Landscape,1,46,47
148,maher2009,Landscapes of life and death: social dimensions of a perceived landscape in Viking Age Iceland,2,1,47
148,hunter1986,Rescue Excavation on the Brough of Birsay 1974-82,3,1,47
148,rcahms2011,Quoys: Canmore Online Database Record,4,1,47
148,laughlin1974,Burial of an Aged Chaluka Adult Male,5,1,47
148,homson2001,The New History of Orkney,6,1,47
148,barrett2005,"Economic intensiication in Viking Age and medieval Orkney, Scotland: excavations at Quoygew",7,1,47
148,ritchie1995,he Ancient Monuments of Orkney,8,1,47
148,forster2004,Shetland and the trade of steatite goods in the North Atlantic region during the Viking and early medieval period. Unpublished PhD thesis,9,1,47
148,james1999,"Excavations of a medieval cemetery at Skaill House, and a cist in the Bay of Skaill",10,1,47
63,ashby2015,What really caused the Viking Age? The social content of raiding and exploration. Archaeological Dialogues,1,45,46
63,blaut1993,The Colonizer's Model of the World: Geographical Diffusionism and Eurocentric History,2,1,46
63,fleming2009,"Elites, Boats and Foreigners: Rethinking the Rebirth of English Towns. Settimane di studiocentro italiano di studi alto medioevo",3,1,46
63,loveluck2006,"Coastal Societies and Identity, Ad 600e1200: Rethinking the Social Distribution of Material Culture Along the Channel and North Sea Coasts",4,1,46
63,aarissorensen2007,Fra istid til nutid : Late and Post Glacial Mammals in Denmark,5,1,46
63,riddler2003,Materials of Manufacture: The Choice of Materials in the Working of Bone and Antler in Northern and Central Europe during the First Millennium AD,6,1,46
63,madsen2004,"The Runic Inscription on the Runic Scull Fragment, In: Bencard, M",7,1,46
63,roesdahl2003,Walrus Ivory and Other Northern Luxuries: Their Importance for Norse Voyages and Settlements in Greenland and America,8,1,46
63,galloway1981,The Craft of Comb-making: An Experimental Enquiry,9,1,46
63,skov2010,The Defence and Town Fortifications of Århus from the 8th to the 15th Century,10,1,46
100,kristjansdottir2015,Becoming Christian: A matter of everyday resistance and negotiation,1,44,46
100,leigh1984,The Kentish Keystone-Garnet Disc Brooches,2,1,46
100,pluskowski2010,"The Zooarchaeology of Medieval 'Christendom': Ideology, the Treatment of Animals and the Making of Medieval Europe",3,2,46
100,zoega2002,Keldudalur í Hegranesi: Fornleifarannsókn,4,1,46
100,jones2003,Women's Influence on the Design of Urban Homes,5,1,46
100,salonen2013,Forbidden martial strategies: papal marriage dispensations for scandinavian couples in the later middle ages,6,1,46
100,spivak1988,Can the subaltern speak?,7,1,46
100,gosden2001,"Postcolonial Archaeology. Issues of Culture, Identity and Knowledge",8,1,46
100,foucault1988,Technologies of the Self,9,1,46
100,karlsson2001,History of a marginal society: Iceland's 1100 years,10,1,46
120,dugmore2007,A) the role of climate in settlement and landscape change in the north atlantic islands: an assessment of cumulative deviations in high-resolution proxy climate records,1,45,46
120,barlow2001,The Time Period A.D. 1400 -1900 in Central Greenland Ice Cores in Relation to the North Atlantic Sector,2,1,46
120,spufford2006,The Merchant in Medieval Europe,3,1,46
120,lynnerup2003,Palaeodemography of the Greenland Norse,4,1,46
120,dugmore1994,Local and Regional Patterns of Soil Erosion in Southern Iceland,5,1,46
120,berglund1986,The Decline of the Norse Settlements in Greenland,6,1,46
120,buckland1996,Bioarchaeological and Climatological Evidence for the Fate of Norse Farmers in Medieval Greenland,7,1,46
120,mcghee1984,Contact between Native North Americans and the Medieval Norse: A Review of the Evidence,8,1,46
120,olafsdottir2001,"Simulating Icelandic Vegetation Cover during the Holocene: Implications for Long Term Land Degradation. Geografi ska Annaler 83A:203-215. Ólasson, Vésteinn 1998 Dialogues with the Viking Age",9,1,46
120,mcghee2002,New Perspectives on the Thule Migration and Norse Contact. Paper presented at the NARP (Nordic Arctic Research Program) meeting,10,1,46
54,frei2015,Tracing the Dynamic Life Story of a Bronze Age Female,1,44,45
54,christiansen1997,The Northern Crusades. New Edition,2,1,45
54,arneborg1993,Contact between Eskimos and Norsemen in Greenland,3,1,45
54,gwiazda2005,A Noninvasive Isotopic Approach to Estimate the Bone Lead Contribution to Blood in Children: Implications for Assessing the Efficacy of Lead Abatement,4,1,45
54,buckley2014,Species Identification of Archaeological Marine Mammals Using Collagen Fingerprinting,5,1,45
54,einarssonbjarni2011,"Róum við í selinn, rostungs út á melinn. Um rostunga við Íslandsstrendur",6,1,45
54,sveinbjornsdottir2004,14C Dating of the Settlement of Iceland,7,1,45
54,stefansson1993,Iceland,8,1,45
54,krahl2010,Shipwrecked: Tang Treasures and Monsoon Winds,9,1,45
54,seaver2009,Desirable Teeth: The Medieval Trade in Arctic and African Ivory,10,1,45
211,mulk2007,"Liminality, Rock Art and the Sami Sacred Landscape",1,44,45
211,rowlands1993,The Role of Memory in the Transmission of Culture,2,1,45
211,turner1978,Image and Pilgrimage in Christian Culture,3,1,45
211,hultkrantz1978,"in Saami Pre-Christian Religion. Studies of the Oldest Traces of Religion among the Saamis (Acta Universitatis Stockholmensis, Stockholm Studies in Comparative Religion 25",4,1,45
211,terebikhin1993,Cultural geography and cosmography of the Sami,5,1,45
211,trubshaw1995,The Metaphors and Rituals of Place and Time. an Introduction to Liminality,6,1,45
211,ramqvist2002,Rock-Art and Settlement: Issues of Spatial Order in the Prehistoric Rock-Art of Fenno-Scandinavia,7,1,45
211,turner1969,The Ritual Process,8,1,45
211,mebius1968,Studier i samernas förkristna offerriter (skrifter utgivna av religionshistoriska institutionen i uppsala 5),9,1,45
211,mulk1991,Sirkas: Ett Samiskt Fångstsamhälle i Förändring Kr.f.-1600 e.Kr.,10,1,45
143,svendsen2016,How did trade norms evolve in Scandinavia? Long-distance trade and social trust in the Viking Age,1,45,44
143,greif2006,Institutions and the Path to the Modern Economy: Lessons from Medieval Trade,2,1,44
143,rothstein2003,"Social Capital, Economic Growth and Quality of Government: The Causal Mechanism",3,1,44
143,greif1989,Reputations and Coalitions in Medieval Trade: Evidence on Maghribi Traders,4,1,44
143,sigurdsson2004,The Medieval Icelandic Saga and Oral Tradition: A Discourse on Method,5,1,44
143,barry2008,"Europe Between the Oceans, 9000 BC-1000 AD",6,1,44
143,putnam2000,Bowling Alone. The Collapse and Revival of American Community,7,1,44
143,raffield2009,Plundering the territories in the manner of the Heathens': Identifying Viking Age battlefields in Britain,8,1,44
143,sorensen1990,Vikinger og Togter,9,1,44
143,ramskou1962,"Vikingetiden. Skibet, Svaerdet og Vaegten [The Viking Age",10,1,44
222,fontaine2017,Early Medieval Slave-Trading in the Archaeological Record: Comparative Methodologies,1,43,44
222,st1916,"A Possible Slave-Chain from Knowth, Co. Meath",2,1,44
222,borkovsky1954,Železné Nože ve Slovanských Hrobech,3,1,44
222,toch2000,Jews and Commerce: Modern Fancies and Medieval Realities,4,1,44
222,machacek2017,Monetisation' in the Context of Great Moravia: The Case of Kostice and Its Coin Finds,5,1,44
222,hope2010,"The skeleton of an adult male was discovered with a metal ring around his neck at Owenbristy, Co. Galway. The burial was carbon dated to AD 584-651",6,1,44
222,redknap2004,Viking-Age Settlement in Wales and the Evidence from Llanbedrgoch,7,1,44
222,valante2000,Dublin's Economic Relations with Hinterland and Periphery in the Later Viking Age,8,1,44
222,klaniczay1953,Passio Sancti Adalberti Martitis Christi,9,1,44
222,warner1997,The Use of Iron in Viking Dublin,10,1,44
14,dobat2006,The king and his cult: the axe-hammer from sutton hoo and its implications for the concept of sacral rulership in early medieval europe,1,42,43
14,erkens2002,Die Sakralität von Herrschaft: Herrschaftslegitimierung im Wechsel der Zeiten und Räume,2,1,43
14,gage1988,Die Priesterämter des Augustus und seine religiösen Reformen,3,1,43
14,chaney1970,The cult of kingship in Anglo-Saxon England: The transition from Paganism to Christianity,4,1,43
14,pieper1989,Die Weser-Runenknochen. Neue Untersuchungen zur Problematik: Original oder Fälschung,5,1,43
14,krausse1999,"Keltenfürst"" von Hochdorf: Dorfältester oder Sakralkönig? Anspruch und Wirklichkeit der sog",6,1,43
14,hagen1992,A Handbook of Anglo-Saxon Food: Processing and Consumption,7,1,43
14,mercer1929,Ancient Carpenter's Tools,8,1,43
14,simek2000,Dictionary of Northern Mythology,9,1,43
14,filmersankey1996,The Roman Emperor in the ship at Sutton Hoo,10,1,43
16,zachrisson2017,The Background of the Odal Rights: An Archaeological Discussion,1,42,43
16,collen2011,Der rätselhafte Gott. Himdallr im Licht altnordischer Vorstellungen von Ahnen und Ordnung,2,1,43
16,hafstrom1962,Jordegendom,3,1,43
16,nasman2008,Från Attila till Karl den store. Skandinavien i Europa,4,1,43
16,vikstrand2015,Aspa löt och Runtuna. Om Rönö hundares tingsplats,5,1,43
16,kallstrom2012,"Recension av L. Peterson, »En brisi vas lina sunn, en lini vas unaR sunn",6,1,43
16,ringstad1989,Samfundsorganisation og regional variation. norden i romersk jernalder og folkevandringstid. beretning fra 1. nordiske jernaldersymposium på sanbjerg slot 11-15,7,1,43
16,bratt2008,Makt uttryckt i jord och sten. stora högar och maktstrukturer i mälardalen under järnåldern. (stockholm studies in archaeology 46.) stockholm: institutionen för arkeologi och antikens kultur,8,1,43
16,stahle1958,Syntaktiska och stilistiska studier i fornnordiskt lagspråk,9,1,43
16,hallansstenholm2012a,Fornminnen: Det förlutnas roll i det förkristna och kristna Mälardalen,10,1,43
94,svendsen2019,Two bandits or more? The case of Viking Age England,1,42,43
94,mostert2014,Frisians,2,1,43
94,gillingham1989,The most precious jewel in the english crown: levels of danegeld and heregeld in the early eleventh century,3,1,43
94,olson2000,Power and Prosperity: Outgrowing Communist and Capitalist Dictatorships,4,1,43
94,ormrod2000,The medieval state: Essays presented to James Campbell,5,1,43
94,bjornskov2013,Does Social Trust Determine the Size of the Welfare State? Evidence Using Historical Identification,6,1,43
94,whitelock2007,Cnut's letter to the people of England,7,1,43
94,north1990,"Institutions, Institutional Change, and Economic Performance",8,1,43
94,wareham2012,Fiscal Policies and the Institution of a Tax State In,9,1,43
94,hillman2019,Public Finance and Public Policy: Responsibilities and Limitations of Government,10,1,43
127,schmid2017,Tephra Isochrons and Chronologies of Colonisation,1,42,43
127,hammer1980,Greenland Ice Sheet Evidence of Postglacial Volcanism and Its Climatic Impact,2,1,43
127,theodorsson2012,"Kolefni-14 Aldursgreiningar I Islenskri Fornleifafraeði. Raunvísindastofnun, H ask olans",3,1,43
127,baillie2015,Tree Ring Effects and Ice Core Acidities Clarify the Volcanic Record of the First Millennium,4,1,43
127,dugmore1992,Geochemical Stability of Fine-Grained Silicic Tephra Layers in Iceland and Scotland,5,1,43
127,haflidason1992,The Recent Sedimentation History of Thingvallavatn,6,1,43
127,davies2015,Cryptotephras: The Revolution in Correlation and Precision Dating,7,1,43
127,larsen1982,Gj oskutímatal J€ okuldals Og N agrennis,8,1,43
127,oladottir2008,"Katla Volcano, Iceland: Magma Composition, Dynamics and Eruption Frequency as Recorded by Holocene Tephra Layers",9,1,43
127,sveinbjarnardottir2012,Reykholt: Archaeological Investigations at a High Status Farm in Western Iceland,10,1,43
156,kalmring2017,"At Home with Herigar: A Magnate's Residence from the Vendel to Viking Period at Korshamn, Birka (Uppland/ S)",1,42,43
156,ambrosiani1994a,Birka vikingastaden 4. smycken och djurben bland 40000 fynd -vattensållet avslöjar livet för 1200 år sedan!,2,1,43
156,arnberg1976,"B. Arrhenius, Utgrävningen av den östligaste storhögen på gravfältet Ormknös",3,1,43
156,holmquistolausson1987,"Patterns of settlement and defence at the Proto-town of Birka, Lake Mälaren",4,1,43
156,conyers2013,Ground-Penetrating Radar for Archaeology,5,1,43
156,zachrisson2011a,Arkeologin bakom Rimbert: om Hergeirs och Gautberts Kyrkor och Borgen i Birka,6,1,43
156,olausson1921,När aristokratin flyttade upp på höjderna. om folkvandringstidens befästa gårdar och andra borgar,7,1,43
156,ambrosiani1972,Vor-und Frühformen der europäischen Stadt im Mittelalter. Bericht über ein Symposium in Reinhausen bei Göttingen in der Zeit vom 18. bis 24,8,1,43
156,goodman2013a,GPR Remote Sensing in Archaeology. Geotechnologies and the Environment,9,1,43
156,madsen1995,"Produktion, bebyggelse og samfundsorganisation i sen førromersk og aeldre romersk jernalder. et midtjysk eksempel",10,1,43
161,holst2014,"The Late Viking-Age Royal Constructions at Jelling, Central Jutland, Denmark. Recent investigations and a suggestion for an interpretative revision",1,42,43
161,sorensen1999,"En 14 C datert og dendrokronologisk kalibrert strandforskyvningskurve for søndre Østfold, Sørøst-Norge",2,1,43
161,lundhansen1995,"Himlingøje -Seeland -Europa. Ein Gräberfeld der jüngeren römischen Kaiserzeit auf Seeland, seine Bedeutung und internationalen Beziehungen",3,1,43
161,christensen2009,Jernalderbosaettelsen i det gamle Roskilde Amt,4,1,43
161,callmer2001,"North-European trading centres and the early medieval craftsman: craftsmen at Åhus, northeastern Scania, Sweden ca. AD 750-850+",5,1,43
161,mauritsen2009,A settlement surrounded by pit zone fortiication from the early Pre-Roman Iron Age in Denmark,6,1,43
161,norgardjorgensen1996,Kriger og hird i germansk jernalder,7,1,43
161,sjoholm1988,Sveriges medeltidslagar. europeisk rättstradition i politisk omvandling (rättshistoriskt bibliotek 41),8,1,43
161,helgesson2008,Kan regionalitet påvisas genom arkeologiskt fundmaterial? några metodiska och källkritiska närmanden,9,1,43
161,birkedalchristensen1991,En handelsplads fra yngre jernalder og vikingetid ved Sebbersund. Aarbøger for Nordisk Oldkyndighed og Historie,10,1,43
27,williams2016,King Alfred's Coins. The Watlington Viking Hoard,1,38,42
27,williams2014,Memory Through Monuments: Movement and Temporality in Skamby's Boat Graves,2,18,42
27,wessman2010,"Death, Destruction and Commemoration: Tracing Ritual Activities in Finnish Late Iron Age Cemeteries (AD 550-1150)",3,2,42
27,rundkvist2007,Early Medieval Mortuary Practices. Anglo-Saxon Studies in Archaeology and History 14,4,2,42
27,williams2013a,"Gareth Williams, Warfare & Military Expansion",5,2,42
27,ljungkvist2008,Dating two royal mounds at Gamla Uppsala. Evaluating the elite of the 6th-7th century in Middle Sweden,6,2,42
27,nordeide2011,The Viking Age as a Period of Religious Transformation: The Christianization of Norway from AD 560 to 1150/1200,7,2,42
27,tarlow2016,Viking Mortuary Citations,8,2,42
27,backdanielsson2010,Sense and sensibility: Masking practices in Late Iron Age boat-graves,9,2,42
27,williams2006,"Howard Williams, Death and Memory in Early Medieval Britain (Cambridge studies in archaeology)",10,2,42
32,jessen2016,"Towering above -An interpretation of the Late Iron Age architecture at Toftum Naes, Denmark",1,41,42
32,jessen2011,Kongens gård i Jelling?et nyt anlaeg fra Harald Blåtands tid?,2,1,42
32,oelmann1940,Zum Problem des wendischen Tempels. Bonner Jahrbücher,3,1,42
32,baatz1976,Die Wachttürme am Limes,4,1,42
32,holtsmark1970,Norrøn mytologi. Tro og myter i Vikingetiden,5,1,42
32,middleton2005,"Early Medieval Port Customs, Tolls and Controls on Foreign Trade",6,1,42
32,kuhn1995,Die Esesfeldburg,7,1,42
32,tornbjerg1998,Toftegård -en fundrig gård fra sen jernalder og vikingetid,8,1,42
32,terkildsen2015,Høvdingen på Toftum Naesen fortsat fortaelling,9,1,42
32,olsen1967,Rumindretning I Romanske Landsbykirker,10,1,42
153,hedeager2010,Split Bodies in the Late Iron Age/ Viking Age of Scandinavia,1,41,42
153,mundal1974,Fylgjemotiva i Norron Litteratur,2,1,42
153,kaliff1997,Grav och kultplats,3,1,42
153,bynum2001,Metamorphosis and Identity,4,1,42
153,hoilundnielsen2002,Germansk dyrestil (Salins stil I-III),5,1,42
153,kalif1997,Cultivating Corpses -a Comparative Approach to Disembodied Mortuary Remains,6,1,42
153,roth1979,Kunst der Volkerwanderungszeit,7,1,42
153,geary1978,Furta Sacra. Thefts of Relics in the Central Middle Ages,8,1,42
153,haselof1956,Die langobardischen Goldblattkreuze. Ein Beitrag zur Frage nach dem Ursprung von Stil II,9,1,42
153,magnus1999,Monsters and birds of prey. Some reflections on form and style in the Migration Period,10,1,42
171,vesteinsson2016,Conversion and cultural change: Burial paradigms in Viking Age Iceland,1,41,42
171,gestsdottir1998,Geldingurinn á Öndverðarnesi,2,1,42
171,karras1988,Slavery and Society in Medieval Scandinavia,3,1,42
171,hoggett2007,Charting Conversion: Burial as a Barometer of Belief?,4,1,42
171,lucas2009,Hofstaôir: Excavations of a Viking Age Feasting Hall in North-Eastern Iceland. Monograph Series. Reykjavik: Fornleifastofnun I ´slands,5,1,42
171,aspeborg2005,The Dead in the Hills: Reflections on the Cult of the Dead in the Late Bronze Age and Early Iron Age of Uppland,6,1,42
171,innes2000,State and Society in the Early Middle Ages: The Middle Rhine Valley,7,1,42
171,hamilton2006,Defining the Holy: The Delineation of Sacred Space,8,1,42
171,kjalnesingasaga1959,Kjalnesinga saga,9,1,42
171,lastovicka2013,Beloved Material Possessions: End or Means?,10,1,42
184,milek2013,"Integrated geoarchaeological methods for the determination of site activity areas: A study of a Viking Age house in Reykjavik, Iceland",1,41,42
184,buckland1989,"Ectoparasites of Sheep from Stóraborg, Iceland and their Interpretation: Piss, Parasites and People, a Palaeoecological Perspective",2,1,42
184,shahackgross2005,Geoarchaeology in an urban context: the uses of space in a Phoenician monumental building at Tel Dor (Israel),3,1,42
184,vizcaino1999,"Identification of Activity Areas by Soil Phosphorus and Organic Matter Analysis in Two Rooms of the Iberian Sanctuary ""Cerro El Pajarillo",4,1,42
184,stockton1973,Shaw's Creek Shelter: Human Displacement of Artefacts and Its Significance,5,1,42
184,canti1999,"The Production and Preservation of Faecal Spherulites: Animals, Environment and Taphonomy",6,1,42
184,pierce1998,Determining the fuel constituents of ancient hearth ash via ICP-AES analysis,7,1,42
184,lange1972,Abandonment and Post-Abandonment Behavior at a Rural Central American House-Site,8,1,42
184,amundsen2004,"Farming and maritime resources at Miðbaer on Flatey in Breiðafjörður, NW Iceland",9,1,42
184,shahackgross2008,Identification of pastoral sites using stable nitrogen and carbon isotopes from bulk sediment samples: a case study in modern and archaeological pastoral settlements in kenya,10,1,42
201,kershaw2009,Culture and identity in the Danelaw: Scandinavian and Anglo-Scandinavian brooches,1,41,42
201,mason1997,The Strange Beast that is the English Urnes Style,2,1,42
201,hinton1975,Late Anglo-Saxon Metal-work: An Assessment,3,1,42
201,hagg1986,"Die Tracht, Birka II:2. KVHAA",4,1,42
201,dickinson1991,Material Culture as Social Expression: The Case of Saxon Saucer Brooches with Running Spiral Decoration,5,1,42
201,cameron1975,Scandinavian Settlement in the Territory of the Five Boroug Place-name Evidence. Part II: Place-names in thorp,6,1,42
201,arwidsson1984,Gleicharmige Spangen,7,1,42
201,thrane1987,Das Gudme-Problem und die Gudme-Untersuchung: fragen der Besiedlung in der Völkerwanderungs-und der Merowingerzeit auf fünen,8,1,42
201,ayers1994,"English Heritage Book of Norwich, London: Batsford/English Heritage Bertelsen, Lise Gjedsso",9,1,42
201,svanberg1998,"Exclusive Jewellery, Borgeby and Western Scania c. AD 950-1050",10,1,42
44,odeback2018,"Krigare"" i graven? praktik, ideal och iscensättning under skandi navisk vikingatid",1,40,41
44,schietzel1963,Spurensuche Haithabu: archäologische Spurensuche in der frühmittelalterlichen Ansiedlung Haithabu: Dokumentation und Chronik,2,1,41
44,bilge2013,Intersectionality Undone. Saving Intersectionality from Feminist Intersectionality Studies,3,1,41
44,goldhahn2007,"Rituelle spesialister i bronse-og jernalderen. 2, transformatøren: ildens mester i jernalderen",4,1,41
44,davis2008,Intersectionality as a Buzzword: A Sociology of Science Perspective on What Makes a Feminist Theory Successfull,5,1,41
44,holmquistolausson1990,"""älgmannen"" från birka. presentation av en nyligen undersökt krigargrav med människooffer",6,1,41
44,olausson2001,Birkas Krigare. Arkeologiska Forskningslaboratoriet,7,1,41
44,simonsson1969,Studier rörande vikingatida vapen -och ryttargravar: med utgångspunkt från det västmanländska materialet,8,1,41
44,harke1990,"""Warrior Graves""? The Background of the Anglo-Saxon Weapon Burial Rite",9,1,41
44,arwidsson1986,"Birka: Untersuchungen und Studien. 2, Systematische Analysen der Gräberfunde. Vitterhets-, historie-och antikvitetsakademin",10,1,41
68,pilo2020,Crossing the ice: An Iron Age to medieval mountain pass at Lendbreen,1,40,41
68,stene2015,Resource exploitation and settlement in mountain areas in southern norway during the early iron age-an altered perception of landscape and land use,2,1,41
68,benedictow2004,"The Black Death, 1346-1353: the complete history",3,1,41
68,savioz2016,Maultiere und Felsenpferde: die Tierknochenreste,4,1,41
68,gilck2019,"The Origin of Alpine Farming: A Review of Archaeological, Linguistic and Archaeobotanical Studies in the Alps",5,1,41
68,hoeg2014,Pollenanalytiske undersøkelser i Vågå og kommunene rundt. Nordheradsprosjektet report archived at Oppland County Council,6,1,41
68,odegard2017,"Climate Change Threatens Archaeologically Significant Ice Patches: Insights into Their Age, Internal Structure, Mass Balance and Climate Sensitivity",7,1,41
68,rosvold2017,Report on Faunal Remains From Glaciers and Ice Patches in Oppland,8,1,41
68,dixon2014,The Emergence of Glacial Archaeology,9,1,41
68,hare2012,"The Archaeology of Yukon Ice Patches: New Artifacts, Observations and Insights",10,1,41
122,tainter2006,Archaeology of Overshoot and Collapse,1,40,41
122,ponting1985,"Salt, Seed, and Yields in Sumerian Agriculture. a Critique of the Theory of Progressive Salinization",2,1,41
122,binford1997,Climate Variation and the Rise and Fall of an Andean Civilization,3,1,41
122,flenley2002,The Enigmas of Easter Island,4,1,41
122,culbert1988,The collapse of Classic Maya civilization,5,1,41
122,dalan1997,The construction of Mississippian Cahokia,6,1,41
122,mccoy1976,Easter Island Settlement Patterns in the Late Prehistoric and Protohistoric Periods,7,1,41
122,rescher1978,Scientific Progress: A Philosophical Essay on the Economics of Research in Natural Science,8,1,41
122,mann2003,"Prehistoric destruction of the primeval soils and vegetation of Rapa Nui (Isla de Pascua, Easter Island)",9,1,41
122,ayres1985,Easter Island subsistence,10,1,41
130,dobat2013,Between rescue and research: an evaluation after thirty years of liberal metal detecting in archaeological research and heritage practice in denmark,1,40,41
130,christiansen2008,Detektorfund Og Bebyggelse,2,1,41
130,horsnaes2002,Roman Bronze Coins from Barbaricum: Denmark as a Case Study,3,1,41
130,eds1998,Centrala platsercentrala frågor: samhällsstrukturen under järnålderen. uppåkrastudier 1,4,1,41
130,portableantiquitiesscheme2012,The Biggest Challenge by Far of Danish Metal Detector Archaeology Is the Lack of Any Central and Enduring Registration Procedure or System. the Many Thousands of Metal Detector Finds Being Handed Over,5,1,41
130,adriansen2003,Nationale symboler i det danske rige,6,1,41
130,hardh2003,Fler fynd i centrum: Materialstudier i och kring Uppåkra,7,1,41
130,henriksen2010,Gold Deposits in the Late Roman and Migration Period Landscape: A Case Study from the Island of Funen,8,1,41
130,watt2000a,Detektorfund fra bornholmske bopladser med kulturlag. repraesentativitet og metode,9,1,41
130,axboe2010,Finder en mand sølv eller guldda skal kongen have det,10,1,41
