"node_id","community_id"
"lund2021",1
"aannestad2018",2
"heenpettersen2019",3
"heenpettersen2018",4
"lund2016",5
"moen2020",6
"ambrosiani2015",7
"croix2015",8
"price2018",9
"vonholstein2014",10
"warmlander2015",7
"amundsen2017",11
"lund2019",12
"solli2018",13
"anchukaitis2017",14
"fabech2013",15
"dobat2006",16
"gustafssonnd",17
"kalmring2013",18
"larsson2007",19
"price2006",20
"zachrisson2017",21
"zachrissonnd",22
"fahlander2016",23
"NOAUTHOR21",24
"strand2011",25
"eriksen2013",26
"jorgensenndb",27
"jorgensennd",27
"andrennd",28
"lund2008",29
"lund2020",5
"lund2005",30
"lund2004",30
"lundborgnd",31
"lund2017",32
"raffield2018",33
"zoega2017",34
"williams2016",24
"andren2013",35
"glorstad2012",36
"lund2015",32
"lund2013",37
"ljungkvist2011a",38
"lund2010",29
"skre2019",39
"jessen2016",40
"pricendb",41
"mannering2013",25
"oehrl2017",42
"magnell2010",43
"price2008a",44
"zachrisson2014a",45
"gardela2018",46
"gustafsson2016",47
"raffield2019",48
"androshchuk2018",49
"billnd",50
"bill2019",51
"burstrom2015",52
"glorstad2017",53
"odeback2018",54
"edberg2019",55
"feveile2011",56
"gardelanda",57
"hilberg2013",58
"hedenstiernajonson2015",55
"hilberg2014",59
"hilberg2018",60
"kalmring2010",61
"ulriksen2011a",62
"voncarnapbornheim2014",60
"arneborg2012",63
"dugmore2012",64
"smith2018",65
"hartman2017",66
"jackson2018",67
"lynnerupnd",68
"frei2015",69
"arwillnordbladhnd",70
"artelius2005",71
"artelius2013",72
"pedersen2006",73
"wickholm2006",74
"harris2017",75
"tummuscheitnd",76
"fahlander2018",23
"pricend",41
"osullivan2015",77
"raffield2016",78
"price2019",79
"glorstad2015",80
"arwillnordbladh2012",81
"arwillnordbladh2013",81
"ashby2015",82
"baug2019",83
"croix2019",84
"hennius2018",85
"loftsgarden2019",86
"pilo2020",87
"perry2016",88
"thend",89
"sindbaek2018",90
"raja2018",91
"rosvold2019",92
"sindbaek2017",93
"griffiths2019",3
"backdanielsson2016",94
"gardela2007",95
"price2014",96
"barndon2018",97
"pedersenndb",98
"barrett2010",99
"krzewinska2015",100
"naumann2014",101
"montgomery2014",102
"price2014a",103
"raninen2014",104
"sheehannd",105
"sindbaeknd",106
"sindbaek2011",107
"star2017",108
"pilo2018",87
"downham2015",109
"mainland2018",110
"sindbaek2016",111
"bergstol2004",112
"kemmers2011",113
"nielsen2011",114
"baug2017",115
"svendsen2019",116
"beck2018",117
"grupe2013",118
"zachrisson2018",119
"rasmussen2014",120
"jahnsen2016",121
"stene2017",122
"kristjansdottir2015",123
"bill2017",124
"bill2016",125
"fredriksen2014",126
"gullbekk2014",127
"pedersen2015",128
"macphail2013",129
"axelsen2014",130
"williams2014",24
"gardela2015",131
"jagodzinski2014",132
"iversennd",133
"sanmark2013",134
"richards2018",135
"helama2017",136
"eriksen2017",137
"ellingsen2019",138
"price2010",44
"catlin2016",139
"jarman2018",140
"peschel2017",141
"raffield2015",142
"stott2019",143
"ulriksen2018",44
"pedersen2019",144
"NOAUTHOR28",145
"devos2013",146
"wouters2016",146
"dugmore2007",64
"keller2016",147
"tainter2006",148
"carver2015",149
"pluskowskind",150
"runge2018",144
"domeijlundborg2012",151
"tonning2020",152
"schneidhofer2017",153
"barrett2008",99
"vesteinssonnd",154
"schmid2017",155
"beck2017",156
"spangennd",157
"hillerdal2010",158
"dobat2013",159
"christiansen2019",160
"feveile2009",8
"baug2015",161
"martin2020",162
"frei2012",25
"henriksen2017",163
"price2012",164
"furholt2019",165
"frieman2019",166
"milek2012",167
"hedenstiernajonson2017",168
"kastholm2016",169
"toplak2018",170
"toplak2015",171
"gardeland",172
"forest2011",173
"gustin2017",174
"pedersen2017",175
"christensen2018",176
"heenpettersen2014",177
"ijssennagger2015",178
"kershaw2017",179
"raffield2014",180
"rogers2020",181
"svendsen2016",182
"skre2017",183
"williams2015",184
"hadley2018",135
"hadley2016",185
"mcleod2011",186
"williams2017",187
"buckberry2014",188
"leonard2011",189
"price2020",190
"hrnjic2018",191
"harrison2015",192
"kelly2015",193
"lund2006",194
"NOAUTHOR18",52
"eriksen2016",126
"hedeager2010",195
"kalmring2018",196
"draganits2014",197
"linderholm2008",198
"price2011",199
"kalmring2017",200
"kalmring2012",201
"krzewinska2018",202
"helmbrecht2012",203
"oehrl2019",42
"sindbaek2014",204
"jessen2014",205
"holst2014",206
"holst2013",205
"tveiten2017",207
"bonde2016",208
"glorstad2014",209
"roslund2005",210
"baastrup2014",211
"gotfredsen2013",212
"henriksen2014",213
"borake2018",214
"kershaw2016",215
"vesteinsson2016",216
"knudson2012",217
"hardhnd",218
"poulsen2011",219
"bill2012",220
"gustavsson2015",221
"androshchuk2010",222
"graslundnd",223
"lindholm2016",224
"ljungkvist2018",223
"ljungkvist2015",225
"chenery2014",226
"lucas2007",227
"ijssennagger2013",178
"becket2013",228
"cannellnd",229
"macphail2016",230
"magi2015",231
"gotfredsen2014",232
"milek2013",233
"burstrom2014",234
"ingvardson2012",235
"abrams2012",236
"pedersennd",237
"roesdahlnd",238
"pedersennda",130
"perry2019",178
"skre2011b",50
"frei2011",239
"becker2012",240
"olend",241
"rosengren2010",242
"NOAUTHOR33",243
"leslie2015",244
"reiter2019",245
"pricenda",246
"imer2014",203
"tummuscheit2014",76
"feveile2017",247
"goodchild2017",176
"roslund2015",248
"roslund2017",249
"roslund2013",98
"sanmarkndb",250
"sindbaek2007",251
"skre2015",252
"knappett2025",253
"sindbaeknda",204
"skrend",254
"skre2011a",50
"smith2013",255
"oye2014",256
"fallgren2008",257
"rundkvist2014",258
"christensen2013",259
"ahfeldt2015",260
"steinforth2015",261
"sutherland2015",262
"halstadmcguire2010",263
"kershaw2009",264
"vesteinsson2012",155
"holst2010",206
"fischer2011",265
"lemm2014",266
"brewer2018",267
"neiss2016",268
"pollard2012",226
"myrberg2007",269
"kershaw2018",270
"rundkvist2010",271
"furholt2018",272
"oye2016",273
"storli2010c",274
"price2016",190
"gullbekk2011",275
"svensson2018",276
"andren2000",277
"staeckernd",278
"rohdesloth2012",279
"mulk2007",280
"naum2004",281
"solli2011",282
"zachrisson2004a",283
"trinks2014",284
"kovalenko2013",285
"gustafsson2011",286
"ibsen2010",287
"buntgen2016",288
"zori2013",289
"bitzthorsen2018",290
"ravn2012a",291
"myrberg2008",292
"feveile2012",293
"benderjorgensen2009",294
"boyd2013",295
"sutherland2009",296
"fontaine2017",297
"sanmarknd",298
"arwillnordbladh2007",299
"magi2011",300
"richards2012",301
"majchczack2018",302
"naum2007",281
"halewood2001",303
"nosov2018",304
"wicker2012",305
"kitzlerahfeldt2013",305
"gardela2013",169
"svensson2009",306
"sanmarknda",275
"skorokhod2020",307
"pluskowski2010",123
"kitzlerahfeld2015a",308
"aannestad2015",6
"ahola2014",1
"ambrosiani2013",7
"andersson2004",20
"andersson2016",1
"andersson2008",27
"andren2002",30
"andren2004",19
"androshchuk2013",47
"androshchuk2014",49
"androshchuk2012",33
"androshchuk2016",1
"arents2010",61
"armbruster2010",17
"artelius2004",28
"artelius2007",23
"arwillnordbladh1998",41
"arwillnordbladh2008",28
"ashby2014",24
"s2019",1
"backdanielsson2007",12
"barndon2005",12
"ed2012",110
"barth1969",113
"e2014",8
"bergstol2008",122
"beroniusjorpeland2018",1
"bhabha1994",11
"bill2020",1
"bjerg2013",8
"blaszczyk2017",1
"d2016",1
"bogucki2012",131
"borake2019",1
"brather2013",1
"brink2011",134
"callmer2017",1
"cannell2016",138
"clarke2017",39
"croix2012",144
"croix2016",309
"croix2020",1
"crumlinpedersen2010",144
"diamond2005",64
"dobat2014",310
"domeijlundborg2004",151
"draganits2015",39
"englert2015",58
"eriksen2019",1
"eriksen1994",112
"eriksson2018",1
"forster2009",115
"frog2014",8
"gardela2008",57
"gardela2012",172
"gerds2015",311
"gjerpe2008",120
"gjerpe2017",1
"gossler2018",1
"grahamcampbell2013",1
"grahamcampbell2011",3
"graslund2007",21
"graslund2018",51
"griffiths2003",3
"gruszczynski2018",1
"hadley2013",186
"hall2014",312
"hallansstenholm2012",23
"hansen2017",1
"hansson2018",1
"hardh2010",160
"hardh2016",191
"harrison2014",75
"hedjakobsson2003",97
"hedeager2003",151
"hedeager2004",97
"hedeager2011",37
"hedenstiernajonson2006",55
"hedenstiernajonson2012",201
"helmbrecht2011",81
"hillerdal2009",1
"n2017",313
"hodges2012",93
"holmquist2013",1
"iversen2013",133
"iversen2015",165
"jackson2019",1
"jankowiak2018",1
"janowski2015",1
"jennbert2015",1
"jensen2010",57
"jesch2015",24
"jones1997",209
"jorgensen2009",144
"jorgensen2010",214
"kastholmhansen2015",1
"kershaw2013",135
"kershaw2019",1
"kirpichnikov2018",1
"kleingartner2013",8
"lia2002",220
"ljungkvist2006",223
"ljungkvist2011",225
"loe2014",54
"lund2009",5
"madsen2010",1
"magi2018",1
"magi2019",1
"mehler2015",1
"melheim2016",9
"merkel2016",191
"mikhaylov2016",1
"moen2011",57
"moen2019",6
"moesgaard2015",314
"mozdzioch2013",1
"myhre2015",152
"myrberg2009",52
"naum2008",131
"nordahl2018",1
"nordeide2016",1
"norstein2020",1
"opedal2010",51
"oye2013",67
"paterson2014",75
"pearson2018",1
"pedersen2004",23
"pedersen2009",17
"pedersen2014",6
"pedersen2016",175
"pilo2005",126
"price2000",41
"price2002",44
"price2001",158
"price2008",97
"raffield2017",78
"ravn2012",1
"rebkowski2019",1
"roesdahl2014",176
"roslund2007",50
"rundberget2017",1
"rundkvist2015",200
"russel2014",185
"said1978",114
"sanmark2017",21
"schietzel2014",54
"schultze2008",60
"semple2013",1
"sharples2020",1
"sindbaek2013",82
"skre2008",127
"skre2011",252
"soderberg2005",144
"solli2002",37
"spangen2006",1
"staecker2004",29
"stanislawski2013",131
"stanislawski2014",1
"stidsing2014",160
"svanberg2003",44
"thate2007",126
"toplak2016",1
"tummuscheit2011",76
"turner2006",1
"ulriksen2019",1
"vedeler2014",1
"vesteinsson2014",315
"vonholstein2016",1
"wallace2016",316
"wickham2005",206
"williams2020",78
"wilson2018",1
"zachrisson2004",19
"zachrisson2011",225
"zori2014",1
"strand2001",1
"andren2014",39
"birkett2020",1
"brorsson2010",1
"cooijmans2020",1
"christiansen2014",160
"dobat2010",266
"gardela2016",46
"gjerde2009",11
"glorstad2010",12
"graslund2010",24
"grundvad2017",1
"gustafsson2013",160
"laroche1997",1
"lemm2013",176
"lynnerup2014",67
"mcanany2010",1
"morawiec2009",131
"nordeide2011",24
"olsson2004",201
"price2015",236
"ratican2020",1
"roesdahl2009",1
"rundkvist2011",24
"rostad2016",83
"sheehan2013",4
"sindbaek2009",160
"steinforth2018",1
"sveinbjarnardottir2016",155
"ulriksen2011",169
"williams2010",75
"zachrisson2014",115
"ambrosiani2001",203
"graslund1984",9
"hraundal2013",7
"ilisch1990",270
"jansson1986",174
"jansson1987",20
"jansson1989",7
"wikander1978",7
"aannestad2016",2
"andren2011",170
"baastrup2012",2
"baastrup2010",2
"bagge1991",2
"bakka1963",2
"bakka1961",2
"bakka1971",271
"blackburn2002",185
"blindheim1973",194
"blindheim1999",50
"blindheim1995",12
"boe1940",192
"callmer1992",44
"callmer2008",204
"cramp1997",2
"downham2008",78
"dumville2008",3
"ekengren2009",2
"gaut2001",177
"gaut2011",130
"geber1991",2
"gosden1999",29
"grahamcampbell2000",107
"gustin2004",50
"hahn2013",2
"hedeager2002",30
"hedeager1992",112
"helms1993",32
"heyerdahllarsen1981",2
"hines1984",83
"hodder1982",174
"hodder1986",41
"hagg1974",2
"jansson1984",266
"vidar2010",2
"kopytoff2010",2
"krag1994",172
"kristiansen2005",36
"maran2012",2
"marstrander1963",2
"mauss1950",2
"mikkelsen2002",36
"myhre1992",112
"croinin1989",2
"pedersen2008",50
"peets2012",142
"petersen1940",177
"raven2005",99
"rogers2006",264
"simonsen1981",62
"skaare1963",2
"skaare1976",183
"solli1995",2
"thomas1991",2
"waller1982",2
"wamers1985",3
"wamers2011",83
"williams2008",187
"wilson1984",2
"wilson2006",237
"amundsen2001",112
"amundsen2011",11
"amundsen2015",11
"amundsen2007",276
"apel2001",11
"apel2005",11
"aronsson1991",11
"askeladden2015",11
"bakka1973",271
"bakka1976",11
"barth1976",11
"barth1996",122
"baudou1987",11
"bergman2016",11
"bergsland1992",11
"bergstol1997",122
"bergstol2009",11
"bjorn1934",11
"boaz1997",11
"bolstad1980",11
"braseth2014",11
"brendalsmo2003",11
"brogger1942",11
"bull2002",11
"byggstoyl2012",11
"damm2010",11
"fjellheim1999",11
"fjellheim2012",11
"forsberg2005",11
"fossum2006",11
"fredriksen1983",11
"fuglesang1980",278
"fuglestvedt2006",11
"gjerde2016",11
"gjessing1945",11
"grandell1986",11
"grimbe2013",11
"gustafson1988",11
"gustavsen2014",11
"hagen1946",11
"hagstrom2010",11
"hallgren2008",11
"hansen2004",157
"hansen2014",11
"hedman2003",11
"helstad2001",11
"hildre2012",11
"hole2013",11
"holm1991",11
"holm2016",11
"holseng2004",11
"hougen1947",53
"indreko1956",11
"jenkins2008",11
"johansen1981",11
"kleppe1977",11
"lannerbro1976",11
"marstrander1977",11
"mathiesen2005",11
"melheim2015",11
"mikkelsen1994",279
"mikkelsen1975",11
"mjaerum2012",173
"mulk1994",11
"myhre1962",11
"norell1987",11
"nou2007",11
"nyland2016",11
"odner1983",112
"odner2000",11
"ojala2009",11
"olsen1985",11
"olsen1991",11
"pareli1991",11
"prescott2009",11
"schanche1985",11
"scheen1979",11
"serning1966",11
"sjurseike1994",11
"skandfer1996",11
"skjolsvold1980",122
"skjolsvold1981",11
"skjolsvold1984",11
"smith2006",11
"soborg1988",11
"solberg1986",11
"sommerseth2011",11
"spangberg2014",11
"spangen2010",11
"stene2010",11
"stenvik1988",11
"svensson2006",11
"swensen2017",11
"trigger2006",11
"vorren1965",11
"wegraeus1971",11
"zachrisson1997",41
"zachrisson2015",11
"abrams2004",215
"phil2010",236
"fanning1994",177
"sheehan1998",99
"sheehan2009",236
"omeadhra1979",181
"blackburn1981",236
"glorstad1987",236
"grahamcampbell1984",177
"jensen1968",236
"davidson1962",32
"grinsell1961",46
"bjorn1940",46
"kovalev2004",248
"arbman1940",44
"arne1914",7
"bearman2014",7
"anonymous2012",236
"ljung2010",163
"lang2001",188
"cohen2004",236
"jesch2002",186
"whaley2004",236
"tweddle1995",236
"coatsworth2008",236
"grahamcampbell1980",192
"wamers2009",3
"grahamcampbell2007",105
"brunning2013",137
"sonderso2005",222
"stenalt1960",222
"kolindsund1936",222
"luhm1903",222
"androshchuk2001",222
"androshchuk2002",180
"androshchuk2003",222
"androshchuk2009",222
"androshchuk2004",222
"appadurai1937",222
"arbman1937",286
"arbman1966",222
"arrhenius1985",80
"bazelmans1999",150
"bergman1976",222
"behmer1939",222
"behrend1936",222
"brondsted1936",237
"chase1979",222
"colmo1953",222
"cross1914",222
"falk1914",222
"gameson2001",222
"gansum1991",222
"geibig1992",222
"grahamcampbell1968",222
"gurevich1968",18
"habbe2005",29
"hakonarherdibreids1991",222
"harke2000",121
"jacobsen1942",94
"nasman1991",222
"jorgensen1966",144
"lavrsen1960",222
"maixner1990",181
"mauss1980",222
"menghin1980",222
"mullerwille1978",51
"mullerwille1984",30
"mullerwille1980",222
"north1980",222
"nasman1989",222
"ostergren1976",113
"olsson1975",222
"owencrocker1966",222
"ornes1966",208
"paulsen1953",268
"pedersen1995",222
"pedersen1997",44
"pedersen2002",51
"peirce1919",30
"petersen1919",30
"rydbeck1932",222
"schulzedorrlamm1987",222
"handelderwikingerzeitzwischennordundwesteuropaaufgrundarchaologischerzeugnisse1987",222
"klaesoe2005",222
"smidt1991",222
"stocklund1985",222
"strid1961",222
"stromberg1946",222
"svanberg1995",222
"thunmarknylen1995",222
"thunmarknylen2001",222
"bergman2005",222
"thalinbergman2000",222
"theuws2000",222
"turvillepetre1960",222
"wamers1930",208
"whitelock1955",222
"willemsen2004",178
"wilson1955",211
"wrenn1958",222
"zachrisson1984",194
"zachrisson2012",11
"ammann2007",317
"ammann2003",318
"anchukaitis2014",319
"anchukaitis2012",320
"anchukaitis2010",321
"anchukaitis2013",322
"anchukaitis2006",323
"andreuhayles2011",324
"andronova2000",325
"autin2015",326
"biondi1999",327
"bowman1997",328
"bradley2001",329
"breitenmoser2012",330
"briffa1993",331
"briffa1994",332
"briffa1995",333
"briffa2000",334
"briffa1996",335
"briffa1998",336
"briffa2011",337
"briffa2013",338
"briffa2004",339
"briffa2002",340
"brohan2012",341
"buckley2010",10
"buntgen2006",342
"buntgen2013",343
"buntgen2011",288
"buntgen2014",288
"campbell2007",230
"coledai2013",344
"cook1990",345
"cook1987",346
"cook2010",347
"cook1994",348
"cook1995",349
"cook2013",288
"cook1999",350
"cowtan2014",351
"crowley2000",352
"crowley2008",353
"darrigo2011",354
"darrigo2003",355
"darrigo1992",356
"darrigo2004",357
"darrigo2013",358
"darrigo2008",359
"darrigo2015",360
"darrigo2009",361
"darrigo2006",362
"davi2003",363
"delaygue2011",364
"doradolinan2012",365
"edwards2007",366
"emilegeay2013",367
"esper2013",368
"esper2002",369
"esper2014",370
"esper2010",371
"esper2007",288
"esper2012",288
"esper2016",372
"esper2015",373
"esper2005",374
"estrada2013",375
"evans2013",376
"evans2002",377
"evans2001",378
"frank2007",379
"frank2010",380
"fritts1976",381
"fritts1991",382
"gallant2013",383
"gao2008",384
"gao2006",385
"gennaretti2014",136
"gershunov1998",386
"gillett2012",387
"goosse2016",388
"grinsted2004",389
"hakim2016",390
"harris2013",391
"haurwitz1981",392
"hegerl2014",393
"hegerl2007",394
"hegerl2003",395
"hegerl1997",396
"hegerl2006",397
"hegerl2011",398
"helama2014",399
"hughes2002",400
"hughes1994",99
"hughes1999",401
"jacoby1995",402
"jacoby2000",403
"jones2013",290
"jones2009",404
"jones2012",134
"jull2014",405
"kaplan2011",406
"kaufman2014",407
"keigwin2003",14
"kennedy2011",14
"klesse2015",14
"lavigne2013",14
"lean2006",14
"lee2008",34
"lehner2012",14
"lewis2015",14
"li2010",168
"linderholm2015",14
"luckman2005",14
"ludlow2013",14
"mann1998",14
"mann2012",14
"mann2002",14
"mann2013",14
"mann2005",14
"mann2007",14
"mann2008",136
"mann2009",154
"massondelmotte2013",14
"matskovsky2016",136
"matskovsky2014",14
"matthews2005",136
"mccarroll2013",14
"mccarroll2002",14
"mcgregor2015",288
"mckay2014",14
"meehl2004",14
"meko1997",14
"melvin2008",14
"melvin2004",14
"michaelson1987",14
"morice2012",14
"muscheler2007",14
"naulier2015",14
"ogurtsov2016",14
"oman2005",14
"ortega2015",14
"pausata2015",14
"payette2007",14
"pederson2014",14
"phipps2013",14
"plummer2012",14
"pongratz2008",14
"raspopov2008",14
"rimbu2003",14
"rind1999",14
"rind2004",14
"robock2000",14
"rutherford2003",14
"rydval2017",14
"schmidt2010",14
"schmidt2014",14
"schmidt2012",14
"schneider2009",14
"schneider2015",143
"schneider2001",14
"schurer2013",14
"schurer2014",14
"schweingruber1993",14
"schweingruber1978",14
"seager2008",14
"seager2007",14
"shindell2009",14
"shindell2014",14
"shindell2015",14
"shindell2004",14
"shindell2001",14
"shindell2003",14
"sigl2015",288
"smerdon2010",14
"smerdon2008",14
"smerdon2011",14
"smerdon2016",14
"solomon2011",14
"st2014",14
"george2013",14
"steiger2014",14
"steinhilber2009",288
"stenchikov2006",14
"stoffel2015",14
"vonstorch2004",14
"stott2010",14
"stott2009",14
"stott1998",14
"stuiver1993",14
"sundqvist2014",14
"swingedouw2010",14
"szeicz1995",14
"tierney2015",14
"tingley2015",14
"tingley2012",14
"tingley2010",14
"tingley2013",14
"torrence1998",14
"touchan2014",14
"trenberth1984",14
"verosub2008",14
"vieira2010",14
"wagner2001",14
"wagner2005",14
"wang2015",14
"waple2002",14
"wiles2014",14
"wilson2016",136
"wilson2010",136
"wilson2007",104
"wilson2014",14
"wise2015",14
"youngblut2008",14
"zanchettin2012",14
"zhang2016",14
"zorita2003",14
"zwiers2000",14
"ivakin2001",49
"kjellstrom2012",55
"kjellstrom2013",49
"koktvedgaardzeiten1997",49
"kovalenko2006",285
"stolpe1992",49
"nerman1935",236
"helms1988",174
"andren1999",277
"andren2007",44
"back2012",35
"bandmann1951",35
"baudou1989",35
"berend2007",35
"blomkvist1998",35
"blomkvist2002",35
"brendalsmo1994",35
"brink1992",292
"brink2004",94
"ross2002",43
"diiwel1985",35
"dyggve1952",35
"fabech1991",19
"fehring1991",35
"gotfredsen1988",35
"graslund1992",94
"graslund2001",19
"graslund1993",35
"gren1989",35
"hallansstenholm2006",28
"hedeager1999",30
"hellstrom1996",35
"hernaes1999",35
"hildebrandt1985",35
"hultgard1997",227
"iregren1989",224
"janson1998",43
"jeppesen1991",200
"johannsen1981",35
"johansen1997",94
"krautheimer1942",35
"larsson2004",19
"liden1969",15
"ljungberg1938",277
"mcnicol1997",35
"meckseper1982",35
"nielsen1997",35
"nielsen2005",206
"nordahl1996",35
"olsen1966",73
"olsen1972",35
"rydh1969",30
"sandnes1987",35
"skre1995",35
"sondergaard1972",35
"stamsomunch1991",35
"sundqvist2007",35
"svensson2012",293
"theliander2003",35
"theliander2005",35
"vibemuller1991",35
"vikstrand2001",265
"devries1957",35
"wallander1994",35
"wideen1955",277
"zachrisson1963",35
"strand2010",25
"barber1991",25
"benderjorgensen1986",25
"benderjorgensen1987",228
"benderjorgensen1992",25
"benderjorgensen1995",25
"costin1991",25
"geijer1938",25
"geijer1980",25
"geijer1972",25
"gleba2008",25
"hald1980",25
"hedeagerkrag1994",105
"herlihy1964",25
"hagg1983",25
"hagg1984",174
"hagg1985",25
"hagg1986",264
"hagg1991",25
"ingstad1980",25
"michel2010",25
"martensson2007",173
"martensson2000",25
"pedersen1998",25
"waltonrogers1996",25
"waltonrogers2007",181
"kovalenko2012",49
"geibig1991",222
"zachrisson1998",30
"hookernd",63
"jay2006",226
"kalland2000",63
"kosiba2007",75
"lynnerup1998",63
"mcgovern1985",64
"mcgovern2000",64
"mcgovern1996",64
"mcgovern2005",63
"mcgovern2004",63
"muldner2007",226
"mohl1982",63
"adalsteinsson1990",63
"alexandersen2003",63
"arneborg1990",63
"balslevjorgensen2001",63
"barret2005",63
"bruun1928",63
"commisso2006",63
"commisso2007",63
"enghoff2003",296
"fricke1995",188
"gullov2012",63
"hebsgaard2009",63
"vebaek1992",63
"vebaek1993",63
"oye2001",63
"nelson2003",63
"nelson2012",63
"olafsson2006",63
"privat2002",226
"reitsema2010",63
"schweger1998",63
"simpson2002",147
"simpson2007",63
"edvardsson2012",63
"sveinbjornsdottir2010",63
"vebaek1991",63
"alberti2013",81
"andersson1998",138
"andren1989",278
"arrhenius1962",70
"arrhenius1994",81
"arrhenius1997",81
"arrhenius1932",81
"arwillnordbladh2011",81
"backdanielsson2010",81
"berg2007",81
"bergqvist1999",81
"bragg1997",81
"brink2008",126
"christensen2008",205
"christensen2009",81
"christensen2010",152
"gillespie2008",81
"gilman2010",81
"graslund2005",81
"graslund2008",5
"gronvik2008",81
"hagberg1976",81
"helmbrecht2007",204
"hjorungdal1991",77
"hardh2008",50
"jansson1996",70
"jensen2004",81
"johansson2008",218
"jorgensen2002",29
"jorgensen2008",158
"kuper1988",81
"larsson1997",81
"lassen2003",81
"lundstrom1995",70
"ljungkvist2005",81
"lundgren2007",81
"malmberg2009",81
"malmberg2010",81
"mannering2010",81
"martinson1956",81
"mauss1934",5
"nasstrom2001",72
"raudvere2008",81
"ringkvist1969",81
"roberts1999",81
"silvers2009",81
"solli1999",81
"sonne2010",81
"steinsland2007",81
"stolpe1912",44
"sorensen1997",81
"thomson1997",81
"vikingatidens1995",81
"weiner1985",32
"williams2011",81
"schulzedorrlamm1995",222
"almgern1914",70
"anderson1983",121
"andersson1990",70
"andersson1995",85
"andersson2011",23
"arne1932",70
"arrhenius1976",200
"bradley2002",72
"bradley2003",99
"burstrom2012",70
"chapman1997",272
"chapman1977",70
"chapman2006",195
"climo2002",70
"connerton1989",28
"delvin2007",70
"dommasnes2006",70
"dommasnes2008",295
"duczko1985",46
"jansson1985",204
"jennbert2011",70
"jensen2003",70
"jones2007",28
"kaliff1999",70
"kaliff2001",300
"knappett2012",70
"kokowski2010",70
"tsamis2010",70
"lowenthal1999",70
"vonmuller1958",70
"nora1989",70
"nugent2012",70
"renfrew2004",70
"rowlands1993",280
"rowlands1999",70
"sjogren2003",70
"vandyke2003",28
"williams2003",97
"aqvist1996",27
"artelius1996",28
"baudou2004",121
"bolin2004",6
"bratt2008",23
"burstrom1989",28
"chippendale1983",234
"gosden1994",156
"gustavson1986",28
"lonnroth1977",299
"olivier1999",72
"pollard2002",28
"sawyer2000",41
"shanks1987",106
"stromberg1968",28
"widholm2006",28
"williams2006",97
"zachrisson1994",23
"pagesk2013",14
"aberg1921",277
"adamavbremen1984",277
"ambrosiani1964",277
"andersson1992",118
"andersson1989",277
"arend1978",277
"axelsson1993",277
"baer1998",277
"baines1989",277
"berg1987",277
"bergman1948",277
"berlo1983",277
"bjurstrom1996",277
"blair1989",277
"brondsted1920",277
"bugge1953",277
"carlqvist1977",277
"carlsson1985",277
"christiansson1959",277
"christophersen1982",175
"claesson1982",277
"clanchy1979",277
"crocker1982",277
"danbolt1989",277
"ekblad1997",277
"elgh1987",277
"vonfriesen1913",277
"fuglesang1978",277
"odense1981",277
"svardstrom1962",277
"goody1977",277
"graslund1985",277
"gronvik1981",277
"gronvik1985",277
"gurevich1985",15
"gustavson1988",277
"hagenfeldt1996",277
"hallencreutz1982",277
"haseloff1981",195
"hedeager1997",151
"herschend1994",5
"hildebrandnd",277
"holmback1943",277
"holmqvist1951",277
"holtsmark1960",277
"hubler1996",277
"hyenstrand1974",51
"johansson1996",277
"kallstrom1992",277
"klindtjensen1975",277
"kristoffersen1995",125
"kyhlberg1983",277
"lager1995",277
"lagman1990",277
"larsson1990",5
"fornvannen1997",277
"lie1952",277
"lindblad1992",277
"lindell1994",277
"lindkvist1988",277
"lindqvist1931",277
"lindstrom1992",277
"lonnroth1982",277
"marcus1992",277
"meijer1992",277
"moltke1974",277
"mostrom1998",277
"miillernd",277
"og1911",277
"ol1900",277
"olason1989",277
"ong1982",299
"orsnes1966",204
"orsnes1969",277
"owe1995",277
"palm1992",277
"peterson1994",277
"petre1984",225
"petre1993",277
"philippa1977",277
"ragnesten1978",277
"randsborg1980",199
"russell1994",277
"salberger1978",277
"salin1904",195
"sandahl1996",277
"sawyer1988",21
"sawyer1993",238
"schuck1935",277
"segelberg1983",277
"shetelig1909",277
"sjoberg1985",171
"snorres1997",277
"soderberg1905",277
"soderqvist1993",277
"strid1987",277
"sundqvist1996",277
"svardstrom1936",277
"svenbro1975",277
"thrainsson1994",277
"varenius1998",277
"wamers1999",271
"wijkander1983",277
"williams1990",277
"wilson1995",264
"wilson1994",277
"zanker1988",277
"runinskrifter1984",277
"garlandthomson2002",81
"aarissorensen1988",82
"aarissorensen2007",82
"ambrosiani1981",10
"arneborg1998",69
"ashby2011",10
"ashby2013",10
"smith1995",10
"barrett2011",82
"bately2007",89
"bencard1990",204
"blaut1993",82
"buchwald2006",86
"buckley2011",10
"buckley2009",10
"buckley2014",69
"callmer2002",93
"sachensymposium2001",251
"callmer2003",60
"childe1950",408
"clarke1991",18
"coupland2010",178
"coupland2011",82
"cowgill2004",82
"feveile2001",159
"feveile2006",90
"fleming2009",82
"galloway1981",82
"henderson2005",82
"hodges1982",127
"hull2008",82
"jantzen2013",82
"keller2010",82
"kirby2013",82
"knappett2008",253
"lie1991",82
"ling2013",245
"loveluck2006",82
"madsen1984",175
"madsen2004",82
"madsen2014",409
"mahler2007",64
"mainman1999",82
"mattingly2013",82
"miksic2000",82
"muller2012",82
"nasman2000",18
"nasman2003",59
"nesje2012",13
"rau2010",82
"renfrew2008",410
"riddler2003",82
"rieck2006",82
"roesdahl2003",61
"lewissimpson2000",82
"roesdahl2001",82
"schyman2012",82
"sinclair2012",69
"skov1997",82
"skov1999",115
"skov2006",82
"skov2010",82
"skre2007",90
"smirnova2002",92
"stephan1994",82
"stewart2013",82
"strohalm2010",82
"taylor2012",82
"theuws2004",183
"trigger2008",82
"ulbricht1978",59
"vandoorn2014",82
"verhulst1994",82
"weber1995",82
"wigh2001",89
"yoffee2005",82
"boric2008",81
"goransson1999",81
"hirdman1988",81
"joyce2005",81
"muckenberger2012",81
"nasstrom1986",81
"vikingatidens1995a",81
"almgren1905",271
"arbman1945",22
"artelius1999",137
"artelius2002",71
"berger1979",71
"ross1998",4
"edsman1987",71
"fors2002",71
"halbwachs1952",71
"jennbert1977",71
"lundborg1972",71
"moon1987",71
"napier1992",71
"rappaport1999",29
"rolston1987",71
"sahlstrom1948",71
"strom1967",71
"turner1983",71
"thomas1985",71
"vedelnd",71
"wikstrom1993",71
"janson2009",70
"bergqvist1997",81
"alberti2014",94
"am2013",156
"backdanielsson2012",94
"barad2003",276
"barad2007",94
"burstrom1994",94
"ccby2016",94
"ekholm1950",94
"fowler2015",94
"graslund1991",277
"jonsson2015",94
"klos2009",94
"koster2014",94
"lager2002",94
"larsson2010",94
"lindeberg2009",94
"mitchell2005",94
"munn1986",94
"nielsen1941",94
"peterson2006",21
"dictionary2016",94
"runtextdatabas2015",94
"saol1998",94
"sjoborgnd",94
"brink1981",94
"hobsbawm1983",299
"jennbert2004",45
"wamers1987",211
"frick1992",211
"aatsleff2010",211
"aberg1936",211
"albrethsen2002",211
"brandt2002",211
"johansen1987",211
"fraenkelschoorl1978",211
"garipzanov1980",211
"grahamcampbell1991",211
"hyvass1986",211
"jensen2006",271
"jorgensen2003",144
"jorgensen2006",211
"klingenberg1984",211
"lennarrson1983",211
"longley1975",211
"macgregor1993",211
"mikkelsen1999",206
"moesgaard2010",211
"monge2003",211
"nielsen2006",160
"nielsen2004",271
"olsen1981",211
"olsen1977",176
"ryan1997",211
"rygh2003",211
"ulriksen1970",211
"vandoorn2011",10
"arneborg2003",99
"arrhenius1995",99
"ashby2006",99
"smith1993",99
"barrett2003",209
"barrett2004",198
"besteman2004",99
"biddle2001",99
"bolin1953",99
"brettell2000",99
"brooks1971",99
"burstrom1993",99
"byock2001",99
"carver1990",99
"carver1995",99
"clover1988",99
"coupland1998",99
"crumlinpedersen1995",44
"crumlinpedersen2007",411
"dahljensen1998",99
"dansgaard1975",99
"downham2007",99
"duczko2004",93
"dumville2002",99
"dyer2002",99
"earle1997",99
"edwards2005",99
"englert2007",99
"etchingham1996",99
"etchingham2007",99
"forenbaher2005",99
"fossier1999",99
"grahamcampbell1975",99
"hadley2006",99
"halsall2003",99
"hannon2005",99
"hansen2000",99
"haywood1999",99
"heinsohn2003",99
"hernaes1997",99
"hill1981",99
"hill2001",99
"hills2003",99
"hodges2006",18
"hodges1983",99
"holm1986",99
"hunter2007",99
"johnson2001",99
"jonsson1911",99
"karlsson1997",99
"keegan2004",99
"keynes1997",99
"kristoffersen2004",99
"kuhn1977",99
"lund1989",99
"magi1999",99
"slavi1997",412
"mccormick2001",90
"michelli1993",99
"minorsky1958",99
"montgomery2006",99
"montgomery2003",99
"morris1998",99
"mullerwille1994",99
"myhre1987",99
"myhre1993",3
"nelson1991",99
"nelson1997",99
"nondier2002",99
"croinin1995",99
"oppenheimer2007",99
"owen1999",99
"paterson2001",99
"pirenne1939",99
"reuter1985",99
"richards2000",135
"ridel2007",99
"roesdahl1991",99
"santiagoirizarry2008",99
"sawyer1982",99
"scholz1970",99
"simek2004",99
"skre2001",99
"small1973",99
"stefansson2003",99
"vesteinsson2006",154
"wallace2003",99
"warner1976",99
"weber1992",99
"westerdahl2008",99
"wicker1998",99
"woolf2007",99
"wormald1982",99
"runicdictionary2016",94
"samnordiskruntextdatabas2016",94
"nilsson1996",277
"moltke1942",203
"aughdal1979",161
"baug2011",89
"baug2013",45
"bergstrom2007",22
"brodshaug1950",161
"campbell1939",161
"carelli1997",45
"cederlund1964",161
"christophersen1999",161
"ek1962",161
"fisher2004",161
"forster2004",181
"friisnd",161
"granlund1956",161
"grenne2008",111
"gron1927",161
"gron1939",161
"gron1942",161
"hamilton1956",161
"helberg2010",115
"helle1982",115
"jensen1990",176
"kaland1987",115
"kristiansen2009",161
"processing2009",161
"kristensen1999",161
"molaug1982",161
"keysernd",161
"magnusnd",161
"petersen1951",194
"randers1982",115
"reiersen1999",161
"resi1979",89
"rnregestanorvegica1989",161
"roesdahl1980",161
"sindbaek2005",50
"skaarup2009",161
"skjolsvold1961",115
"skre2006",218
"smith1999",250
"steensberg1964",161
"steuer1987",61
"tengesdal2010",161
"vangstad2003",115
"viklund2007",161
"visted1975",161
"weber1984",273
"weber1989",86
"weber1999",161
"oye2002",115
"oye2009",134
"bockman1997",97
"gjerpe2005",97
"glorstad2008",126
"gudmundsdottir2003",97
"hufthammer2016",97
"harke2014",166
"iversen1999",6
"jezek2015",97
"kristoffersen2006",97
"meling2014",97
"metcalf1991",97
"moberg1992",36
"mullerwille1977",194
"ohlhaver1939",97
"roberts2015",97
"ronne2002",194
"sauvage2005",97
"straume1984",98
"wallander1989",97
"ostigard2006",51
"fuglesang1986",277
"larsen1989",277
"andersson2005",72
"artelius2010",23
"borgeaud1987",72
"boyend",72
"burke1989",72
"edmonds1999",72
"fernholm1982",72
"gosden1998",23
"hansson1991",72
"hemmendorff1980",72
"stenholm2004",72
"jennbert1991",72
"lindqvist2010",23
"lundborg2007",72
"nagy1976",72
"olson1968",72
"rudbeck1978",72
"stromberg2005",72
"zuesse1987",72
"ambrose1993",246
"ayliffe1990",240
"balasse2003",240
"batey1998",111
"becker1998",240
"becker2011",118
"behre2008",240
"benecke1982",240
"bentley2006",226
"bosl2006",240
"butzler1986",240
"buzon2010",240
"clementz2001",240
"doppler2010",118
"drouet2005",240
"elsner1989",240
"faure2005",128
"fricke1998",240
"fry2006",118
"grupe2009",118
"grupe2010",118
"grupe2012",240
"heinrich1987",108
"heinrich2006",118
"huster1983",240
"jacomet2010",240
"koch2007",240
"kohn1996",190
"kohn2002",240
"layman2007",240
"leethorp1989",240
"lepiksaar1977",108
"mewis2004",240
"miller2010",123
"mullerwille2002",118
"newsome2004",118
"oconnor2004",290
"phillips2003",118
"pieper1995",240
"reichstein1991",240
"reichstein1966",240
"rozanski1992",240
"schmolcke2006",108
"schoeninger1984",217
"sjogren2009",226
"smed2002",240
"stephan2008",240
"stevens2006",240
"surge2005",240
"taastrom1999",240
"tieszen1991",240
"vogel1989",240
"vogel2002",240
"vonlehmann1986",240
"west2010",240
"dommasnes1976",263
"stylegar2010",124
"stylegar2014",97
"straume1986",98
"tarlow2016",97
"oye1985",97
"bmasstrom2001",72
"lindqvist2012",72
"adams1991",156
"arnold2012",156
"bailey1990",156
"bailey2015",156
"bailey2007",156
"beck2014",156
"becker1966",156
"becker1971",156
"berggren2009",156
"bille2016",156
"bloch1977",156
"boivin2008",156
"bowker2005",156
"cobb2012",156
"delanda2006",156
"delanda2016",156
"deleuze2005",162
"edgeworth2012",156
"eisenschmidt2013",156
"ejstrud2000",156
"fahlander2003",156
"felding2013",156
"fundfortidsminder2017",156
"gell1992",156
"gerritsen1999",234
"gerritsen2008",156
"gosden2015",156
"gramsch1996",156
"hamilakis2017",156
"hansen2015",156
"harris1989",413
"holst1999",156
"holtorf1998",156
"holtorf2002",126
"hvass1983",156
"hvass1985",206
"ingold2010",156
"jensen2005",156
"joy2009",52
"larsen2007",207
"larsson2006",22
"laursen2017",156
"lucas2005",156
"lucas2008",69
"lucas2012",156
"mcanany2009",156
"mikkelsen1998",156
"sekretariat1997",156
"mikkelsen2016",156
"moller2010",156
"mud2014",156
"muller1906",156
"munn1992",156
"nasman1987",156
"nativ2017",156
"olivier2011",156
"olsen1968",156
"pauketat2005",156
"pearson1994",156
"reynolds1994",156
"rosenberg2010",156
"shennan1993",156
"slotsogkulturstyrelsen2017",156
"sorensen2015",156
"thomas1996",30
"tornbjerg1998",27
"tringham2000",156
"vanoyen2015",117
"villumsen2013",156
"witmore2013",156
"zimmermann1998",173
"anckers1993",299
"andersson1999",17
"brown1991",299
"cassel2004",299
"cnattingius1930",299
"foxhall2000",299
"gilchrist2004",299
"jonsson2003",299
"kallen2004",299
"moberg1987",299
"olivier2004",234
"palm2004",43
"ralph2005",299
"vandyke2003b",299
"wessen1958",299
"widmark1993",299
"askvik1990",83
"askvik2008",89
"askvik2014",83
"bakmark2014",83
"bazelmans2009",414
"berglund1995",274
"bos2005",83
"bratrein1994",274
"buchwald2005",89
"callmer1991",44
"callmer1998",83
"callmer2007",93
"coupland2002",83
"crosby1987",83
"curta2007",188
"delvaux2017",83
"downham2011",3
"eldorhagen2001",107
"ellis1969",415
"ellmers1985",39
"etchingham2014",39
"feveile2000",50
"gardner2007",83
"gaunt2000",83
"hald1991",83
"hansen2017a",92
"hines1999",83
"hodges2001",83
"holand2003",83
"holberg2015",83
"holm2015",416
"iversen2018",83
"jansen2001",83
"jellema1955",83
"jensen1993",158
"jesch2009",83
"kars1983",115
"knol2017",83
"koht1919",83
"krol2006",83
"lebecq1990",83
"lebecq1999",83
"ljungkvist2009",93
"lonaas2001",83
"moore1978",83
"moore1983",83
"myrvoll1991",115
"nasman1986",83
"nicolay2005",178
"nicolay2017",417
"nilsen2016",65
"corrain1998",418
"pilo2011a",89
"resi1990",89
"resi2008",83
"roesdahl1995",83
"schreiner1928",83
"sheehan2008",83
"sitzmann2008",39
"sjovold1974",80
"skre2018",39
"sode2017",83
"stenvik1997",207
"storli2006",274
"svennung1967",83
"walther2004",83
"wickham2008",83
"wilson1985",83
"wood1983",83
"plogmann2006",240
"bonde1994",196
"brogger1917",124
"dybwad1908",124
"johansen2016",124
"kluwernd",124
"mullerwille1970",44
"paasche2010",124
"grahamcampbell2004",135
"thomsen2009",211
"aud1996",211
"aud1997",211
"wamers2005",211
"lennarrsson1999",211
"brondsted1924",211
"skovmand1942",157
"wamers1991",211
"lennartsson1999",211
"andersen1995",73
"brucemitford2005",208
"roth2002",211
"wamers1994a",130
"lindahl2003",211
"aud1992",211
"aarsleff2008",235
"adamsen1997",211
"albrethsen2008",211
"lindahl1984",211
"thorvildsen1957",16
"bradley1998",299
"ambrosiani1984",55
"bergstel1997",112
"bergsvik2001",112
"boaz1999",112
"skre1998",112
"strade1997",112
"solberg2000",80
"storli1994",112
"sorensen1979",197
"shetelig1917",51
"norseng2010",130
"allmae2011",190
"andersen1991",208
"axboe1995",193
"baillie1982",208
"baillie1973",208
"bjorkvik1999",208
"bonde1995",208
"bonde1997",208
"bonde2005",208
"bonde2007",208
"bonde1993",130
"bonde1982",30
"bonde2009",51
"brathen1982",208
"brogger1951",85
"brucemitford1964",208
"carver1998",220
"christensen1995",208
"christensen1993",205
"christensen2003",208
"christensen2004",208
"christensen2007",205
"christensen1994",208
"christensen1998",51
"christensen1987",203
"eckstein1977",59
"euforgen2009",208
"evison2008",208
"faegri1954",208
"filmersankey1992",208
"grieg1928",61
"hines1992",208
"hines1993",22
"holand2001",83
"hulten1971",208
"hutchinson1994",208
"kaennel1995",208
"lorangend",208
"marsden1996",208
"mullerwille1974",212
"mullerwille1995",208
"myhre1980",126
"myhre1998",3
"myking2011",208
"naess1969",208
"nasman1984",208
"nerman1948",208
"nordenborgmyhre2004",208
"opedal1998",208
"opedal2005",51
"peets2013",41
"reiersen2009",208
"roesdahl1994",208
"schetelig1902",208
"schetelig1906",208
"schetelig1912",57
"shetelig1940",105
"sorensen2001",44
"sylvester2009",208
"vadstrup1994",208
"mcleod2014",83
"roesdahl2005",83
"verhulst2002",59
"vinsrygg1979",83
"andersen1988",247
"smith2007",228
"barret2006",419
"barret2004",420
"barret2000",421
"blackburn2008",127
"brink2008b",7
"brooks1979",422
"buckland1990",115
"carver2004",99
"crumlinpederson1995",99
"downham2000",99
"forsyth1995",99
"gaut2002",99
"grahamcampbell1995",99
"grahamcampbell1998",75
"grahamcampbell2001",179
"grahamcampbell2003",99
"gudmundsson1965",99
"hermannsaudardotir1991",99
"hines1996",99
"howlet1999",99
"metcalf2007",105
"roesdahl2003b",99
"myhre2003",152
"paasche2006",99
"ralston1997",99
"randsborg1995",99
"randsborg2000",99
"sawyer2003",99
"smyth1984",99
"wamers1998a",3
"weber1991",99
"whitelock1961",135
"mierow1915",83
"andersen1989",294
"andersson2003",251
"benderjorgensen2005",294
"christiansen2004",294
"cooke2002",294
"cooke2005",294
"damgardsorensen1998",294
"dybdahl1990",294
"eldjarn1988",294
"eldjarn1990",294
"elstad2002",294
"elstad2004",294
"hoeghnd",294
"kastholm2009",294
"kaup1996",294
"kjellmo1996",294
"kvamme2004",294
"lightfoot1996",294
"lightfoot1997",294
"myhre2002",126
"martensson2006",294
"norgard1999",30
"olsennd",294
"olufsennd",294
"rabben2002",294
"traetteberg1999",294
"franckenwelz2003",294
"westerdahl1995",294
"amundsen2003",114
"alfsen1979",115
"baug2002",115
"birkedahl1997",115
"birkedahl2000",115
"bl1923",115
"christophersen1991",115
"crawford2002",115
"gestsson1959",115
"magnusson1971",115
"morcken1964",115
"nielssen2014",108
"nymoen2011",115
"pilo2007",56
"risbol1994",115
"schou2007",115
"schon1995",251
"sigurdsson1999",34
"jones1999",112
"bill2013",130
"callmer1977",59
"gansum1995",50
"hinsch1945",153
"hjardar2011",50
"hougen1993",50
"jankuhn1986",58
"karageorghis1999",50
"kilger2008",50
"kleingartner2014",60
"larsen2011",76
"martens1988",53
"nicolaysennd",50
"oye2011",77
"pedersen2001",50
"rispling2008",50
"ros2009",50
"sperber1996",218
"steuer1997",218
"wiker2006",50
"bender2002",294
"rasteicher2008",294
"brather1992",220
"capelle1978",37
"capelle2000",220
"daly2011",51
"gansum1996",51
"geary1994",37
"holck2009",41
"krogh1982",5
"kummel2009",220
"larsen2004",89
"marstrander1986",220
"mullerwille1976",44
"mullerwille1992",220
"nicolaysennda",44
"randsborg1998",23
"roesdahl2008",205
"sigurdsson2003",220
"steinsland2002",220
"vanhaperen2010",220
"berg2015",108
"anderson1907",228
"becket2010",228
"curle1982",228
"dickson2000",228
"edlin1973",228
"fentz1992",228
"grahamcampbell2002",261
"grieg1940",181
"grieve1923",228
"harman1981",228
"loder1935",228
"morgan2012",228
"mcneillnd",228
"ottaway1992",181
"allerton2007",234
"barthes1971",234
"barthes1986",234
"bellamy2012",234
"bender1998",423
"blackwell2007",234
"blackwell2012",234
"brisholm1997",234
"burstrom1996",234
"burstrom1998",113
"dannehl2009",234
"demarrais2004",234
"denzin1989",234
"derrida1978",113
"douglas1993",234
"eckardt2003",113
"elfver2008",234
"epstein1991",234
"foucault1978",234
"friedel1993",234
"gaitanammann2005",234
"gilchrist2000",234
"gildonnd",234
"golofast2003",234
"gordon2009",234
"gosden2005",32
"halse2006",234
"hamilakis1999",234
"hardh1996",175
"heffernan1988",234
"herva2010",234
"hibbert1969",234
"hicks2010",234
"hodder2012",126
"holtorf2001",234
"holtorf2008",234
"hoskins1998",32
"humphrey2003",234
"johnsonnd",234
"jonsdottir1982",234
"jonsson1997",234
"joy2000",234
"joyce2000",234
"kilnernd",234
"kopytoff1986",32
"lamb2011",234
"lamotta2012",234
"latour1992",234
"lindqvist1936",221
"martindale2009",234
"mcnaughton2006",234
"meskell2004",234
"meskell2005",424
"michell1982",234
"miller2000",234
"nevett1999",234
"novarr1986",234
"olsen2003",137
"olsen2010",52
"olsen2012",234
"ostergren1990",234
"polkey1999",234
"roos2003",234
"roymans1995",234
"shanks1998",113
"sofaer2007",234
"spangen2005",29
"stewart1993",234
"strathern1988",234
"thompsonnd",234
"tilley1996",234
"valenze2006",234
"vellinga1999",234
"weiner1992",80
"wilson2008",229
"witmore2007",234
"woolf1967",234
"wiker2007",50
"adamson2018",267
"adger2006",267
"armstrong2017",267
"balee1998",267
"barthel2013",267
"bauer2018",267
"boggs2016",267
"boogert2006",267
"boyd2009",267
"braje2016",267
"brooks2018",267
"carroll2018",267
"carroll2017",267
"carter2014",267
"cooper2012",139
"costanza2007",139
"crumley1993",139
"crumley2015",267
"diamond2010",267
"djindjian2011",267
"dobzhansky1973",267
"ellis2015",267
"ellis2018",267
"ellis2016",267
"finney2016",267
"fitzhugh2018",267
"foster2016",267
"fox2017",267
"fuentes2016",267
"gould1991",267
"gould1982",267
"gould1979",267
"guttmannbond2010",267
"hambrecht2017",267
"helsing2018",267
"hufschmidt2011",267
"ipcc2014",139
"jackson2017",267
"kareiva2016",267
"kaufman2018",267
"krasinski2018",267
"kuussaari2009",267
"laland2008",267
"laland2002",267
"laland2000",267
"laland2001",267
"laland2010",267
"laland2015",267
"lane2015",139
"larson2013",267
"lewontin1978",267
"lorenz2013",267
"malhi2017",267
"mesoudi2008",267
"mesoudi2006",267
"mesoudi2009",267
"nelson2016",425
"nielsen2013",267
"obrien2012",267
"obrien1990",267
"obrien1992",267
"odlingsmee2006",267
"odlingsmee2007",267
"odlingsmee2013",267
"odlingsmee2003",267
"olson2015",267
"oreskes2014",267
"pancost2017",267
"rees2017",267
"riede2017",267
"riede2018",267
"ripple2017",267
"rockman2009",267
"rockman2012",139
"rohland2017",267
"ruddiman2018",267
"scott1999",267
"smit2006",267
"sterelny2007",267
"sugiyama2008",267
"sugiyama2009",267
"svenning2013",267
"svenning2016",267
"swetnam1999",267
"szabo2010",267
"vogel2007",267
"waring2015",267
"waring2017",267
"white1974",267
"whitehead1998",267
"wimsatt2007",267
"wrangham2010",267
"schetelig1917",125
"andersson2007",23
"biddle1976",8
"christiansen2006",295
"dommasnes1982",295
"easthope2004",133
"flanders2004",295
"geraghty1996",217
"gonzalesmarcen2008",295
"hall1994",142
"hamerow2002",206
"hurley1997",217
"jesch1991",41
"kelly1988",109
"mcalister2003",295
"milek2006",167
"munch2003",107
"osullivan2008",111
"corrain1983",295
"corrain2005",295
"perring1981",88
"reilly2003",295
"simpson1999",193
"simpson2006",295
"stocker2003",180
"valante2008",109
"wallace1992",50
"wallace2000",295
"wallace2005",295
"wallace2008",102
"andersson2000",286
"artursson2005",117
"bantelmann1975",117
"beck2004",117
"bennett2005",117
"bjorhem1993",17
"boozer2015",117
"boye1992",117
"boye1998",117
"carlie2005",117
"carlie2008",117
"carstens2015",152
"christensen1973",117
"christensen2015",144
"eriksen2009",219
"ethelberg2003",206
"ford1954",117
"fowler2017",117
"gjerlevsen2013",117
"gram2006",117
"graslund1987",117
"hakansson2012",117
"hansen1991",117
"harrison2011",117
"hatt1928",117
"heimer2009",117
"heimer2006",117
"herschend1993",138
"hill1972",117
"hvass1980",219
"jensen1986",117
"jensen1987",117
"jessen2012",40
"jessen2003",117
"jorgensen1995",29
"kling1984",117
"komber2001",117
"komber1999",117
"krieger1944",117
"kristensen2015",117
"lucas2014",117
"lucas2016",117
"martens2005",117
"mikkelsen2003",117
"mimisson2016",117
"moller2009",243
"nielsen1980",205
"nielsen1998",206
"nissen1998",117
"norlund1948",176
"normark2009",117
"normark2010",117
"nylen2009",117
"olesen1998",117
"pagh2007",117
"pedersen2012",117
"petersen2010",426
"poulsen2014",117
"rasmussen1994",117
"rouse1960",117
"schietzel1981",60
"schmidt1994",117
"schultz2015",117
"siemen2014",117
"skov1994",117
"sorensen2011",205
"sorensen2017",166
"sovso2013",117
"spaulding1953",117
"steward1954",117
"stouman1980",117
"tornbjerg2002",117
"vale2017",117
"villumsen2017",117
"waterbolk1994",117
"witmore2014",117
"zimmermann2001",117
"gale2000",228
"graslund1980",55
"acker2007",51
"andersen1993",37
"aethelweard1962",51
"bell1969",32
"bill1991",51
"bill2009",51
"bill2015",51
"bill2018",51
"birgisson2008",51
"bischoff1998",51
"bonde2011",51
"bratt2004",51
"brookes2007",51
"bruce2002",51
"brucemitford1952",51
"brucemitford1978",16
"byock2013",125
"cannell2011",129
"capelle2004",25
"carver1992",44
"carver2000",51
"chase1981",51
"christensen2016",214
"crosman1980",51
"crumlinpedersen1991",9
"crumlinpedersen1997",60
"crumlinpedersen2002",59
"daly2007",51
"damico2015",51
"dronkeduchatellier1908",51
"dusse2013",51
"engevik2011",51
"englund1979",51
"ericsson2005",51
"farbregd1969",51
"fett1936",51
"fidjestol1994",39
"filmersankey1990",51
"filmersankey2001",51
"frank1997",51
"friisjensen1984",39
"fritzner1973",95
"fulk2012",51
"goeres2015",51
"grammaticus2005",51
"grimes2013",102
"hedeager1996",51
"hedeager2000",126
"helgesson2004",15
"henriksen2016",51
"holst2017",51
"hulth2013",51
"imer2001",42
"jonsson1923",51
"krag1991",39
"krag2012",51
"larsson2011",51
"lawson1981",51
"leontev2017",51
"lindow1997",51
"ljungkvist2008",223
"lorangenda",271
"lonnroth1986",51
"madsen1997",51
"malmer1966",218
"marold2012",39
"maryon1946",51
"meri2002",51
"montgomery2000",172
"mooney2016",51
"mundal2018",39
"myhre1966",51
"myrvoll2014",39
"neidorf2016",51
"newton1993",150
"nicolaysenndb",16
"nicolaysenndc",51
"nordman1987",51
"norr1998",200
"north2007",51
"north2011",51
"jorgensen1999",30
"opedal1996",51
"oskarsdottir1994",51
"ostigard2015",51
"pedersen2003",32
"petersen1927",51
"poel2016",51
"pollington2008",51
"ramskou1976",160
"rieck1988",51
"ringstad2004",51
"risberg2011",51
"sapp2000",51
"schetelig1905",51
"schon1999",51
"sellevold1998",51
"shetelig1929",51
"skre2014",3
"sorokin1997",51
"spurkland2005",51
"stefanovich2016",51
"steinsland1991",39
"stenvik1996",51
"sturluson1982",51
"sundqvist2000",39
"sorensen2006",125
"turvillepetre1964",51
"varenius1992",42
"vestergaard2007",238
"warmind1995",125
"appadurai1986a",32
"dionysiusnd",234
"amorosi1997",427
"arnalds2004",139
"atalay2012",139
"balee2006",139
"bolender2012",139
"bolender2008",139
"bourdieu1980",105
"braje2015",139
"braje2013",139
"briggs2006",139
"brownlow2006",139
"butzer1975",139
"caseldine2010",139
"catlin2011",139
"catlin2013",139
"catlin2014",139
"chadwick2013",139
"chase2014",139
"correia2013",139
"crofts2011",139
"cronon1991",139
"crumley2003",139
"crutzen2000",428
"dasmann1976",139
"dugmore2004",67
"dugmore2009",154
"earle2002",139
"einarsson2015",139
"ensor2003",139
"fisher2005",139
"fisher2009",139
"foley2013",139
"harris2006",139
"hicks2014",139
"hilger2015",139
"hill2009",139
"hodder2004",139
"ingold1993",32
"johnson2012",139
"kennett2013",139
"kintigh2014",139
"klein2015",139
"lansing2007",139
"larkin2013",139
"lefebvre1991",229
"lentfer2002",139
"lightfoot1998",139
"logan2013",139
"mcgovern2007",154
"melville1990",139
"mitchell2003",139
"morton2013",139
"mrozowski2006",139
"mrozowski2011",139
"norgaard2011",139
"ogilvie2010",139
"palsson2013",139
"redman2005",139
"reitz2012",139
"robin2006",279
"rull2013",139
"steffen2011",139
"steward1955",429
"streeter2013",139
"streeter2015",139
"stump2013",139
"thomson2006",139
"thorarinsson1944",430
"thorhallsdottir2013",139
"vandenoort2013",139
"vanderleeuw2014",139
"wilson1989",139
"woodbridge2012",139
"young2007",139
"mccormick2012",288
"czegledy1983",288
"harbeck2013",288
"demandt2007",288
"barford2008",288
"heather2009",288
"golden2013",288
"kennedy2001",288
"fei2007",288
"miller2012",288
"braconnot2012",288
"myglan2012",288
"agatova2014",288
"kausrud2010",288
"schmid2015",288
"saeed2014",288
"jungclaus2014",288
"pohl1988",288
"gunn2000",288
"demenocal2001",288
"arrhenius2009",259
"christensen1991",152
"fleischer2003",259
"franceschi2005",259
"gabriel1991",259
"klaesoe2003",259
"larsen1991",53
"lindow2001",259
"mackeprang1935",259
"mango2002",259
"nielsen2001",160
"orsnes1990",259
"pesch2005",259
"pentz2009",259
"petersen2005",259
"roesdahl1977",176
"thrane2005",259
"voss1990",259
"watt2003",80
"callan1927",125
"brink2002",206
"brogger1945",37
"falk2008",125
"gjaerder1952",125
"gjessing1943",260
"gotfredsen2003",232
"grieg1937",125
"grotowski2009",125
"gudni1945",125
"hauck1973",125
"hellers2012",125
"hultgard2008",27
"jesch2000",125
"johns1982",125
"kolstrup1993",125
"korsvoll2011",125
"lund1974",125
"macleod2006",125
"maixner2004",125
"mckinnell2004",125
"melsom2003",194
"meyer1999",125
"ullerwille1985",125
"muncknd",125
"nordland1951",125
"price2013",142
"pyysiainen2004",125
"resi2013",125
"ritner1988",125
"roesdahl1998",238
"schetelig1920",125
"thrane1998",125
"thurston1907",125
"weber2012",125
"wilk2000",125
"arrhenius1961",242
"imer2004",51
"adams2004",30
"arndt2007",431
"andersen2017",39
"bagge2016",432
"bagge2004",433
"bauduin2009",434
"callmer2009",435
"corrochano2014",436
"curta2011",162
"deckers2017",437
"deckers2012",438
"dobat2016",439
"eisenschmidt2004",56
"fried1994",440
"garipzanov2008",8
"gazzoli2011",441
"henstra2012",178
"ijssennaggervanderpluijm2017",442
"jansson1997",174
"jesch2004",443
"juul2017",444
"kleiminger1993",37
"knol2001",445
"knol1993",446
"knol1999",178
"kramer2000",447
"kramer1996",448
"baume1952",302
"lebecq1983",449
"lund1990",450
"lund2003",30
"mcleod2007",451
"nelson2008",168
"nicolay2014",452
"nijdam2009",453
"nasman2006",206
"price2009",246
"prummel2000",454
"prummel2001",455
"pohl1998",456
"reimitz2008",457
"reuter1991",458
"richards2010",84
"roesdahl1996",107
"roesdahl1992",84
"roxburgh2013",84
"samplonius1998",84
"sindbaek2008",77
"steuer1974",58
"tummuscheit2018",84
"urbanczyk2009",84
"wawn2002",84
"zettel1977",84
"benecke1994",290
"bergmannnd",290
"cluttonbrock1999",290
"cluttonbrock2012",290
"damm2000",290
"davis1978",290
"degerbol1933",290
"driscoll2009",290
"driscoll2007",290
"engels2001",290
"ewing1981",290
"faure2009",290
"french1988",290
"gotfredsen2017",290
"grigson1969",290
"grigson1989",290
"hatting1990",290
"hatting1991",290
"hatting2004",290
"jansen1988",290
"johansson1987",290
"jorgensen1992",144
"kitchener1991",290
"knospe1988",290
"kratochvil1973",290
"kratochvil1976",290
"kratochvil1977",290
"kveiborg2007",290
"meadow1989",290
"mohl1961",290
"mohl1971",290
"mohl2010",290
"nyegaard1998",290
"oconnor2007",290
"ostergaard2016",290
"ottoni2017",290
"petrov1992",290
"pitakarnnop2017",290
"rantzau2015",290
"steineke2017",290
"tchernov1984",290
"tchernov1991",290
"tomtov2009",290
"tomtov2008",290
"tomtov2003",290
"neer2014",290
"vigne2015",290
"vigne2004",290
"zohary1991",290
"andersen2003",8
"andrews1997",84
"samling1985",8
"auch2012",130
"barrett2007",50
"becker1979",8
"bencard1973",8
"bencard1974",8
"bencard1979",8
"bencard1970",84
"benderjorgensen1991",8
"benderjorgensen2004",8
"blackmore2001",8
"bult1988",8
"callmer1981",8
"callmer1984",175
"capelle1980",8
"croix2014b",8
"demannd",8
"ennen1972",8
"feveile2010",8
"feveile1998",8
"frandsen1986",8
"frandsen1987",84
"frandsen1988",8
"frandsen2006a",8
"haarnagel1941",8
"haarnagel1963",8
"hamerow2007",8
"hamerow2011",8
"harris1975",8
"helle2006",92
"herrmann1978",8
"herrmann1982",132
"herschend2009",126
"hines1994",8
"hodges1988",8
"hodges1996",8
"jagodzinski1991",251
"jankuhn1971",8
"jankuhn1985",8
"kuzmin2000",8
"lucas2001",84
"lundstrom1981",8
"malcolm2003",8
"milek2007",146
"olsen1975",8
"reynolds1977",8
"sedov1985",8
"siegmuller2010",8
"stanislawski2011",8
"steuer1980",8
"steuer2007",8
"stiff2001",8
"sovso2010",8
"ufkes2011",8
"urbanczyk1994",8
"urbanczyk2007",8
"vanes2009",8
"bredsdorff1973",176
"mauritsen2015",176
"rasmussen2000",176
"tornbjerg1989",176
"cluttonbrock1984",290
"adamsen2009",39
"adriansen2003",159
"andersen2010",205
"asingh2001",120
"axboe2010",159
"bjornskov2011",159
"voncarnapbornheim2012",201
"christiansen2008",159
"fabech1999",214
"fabech1995",214
"fischer1983",293
"garrison2009",159
"gregory1984",159
"hansen2012",159
"hardh1999",159
"hardh2003",218
"hedeager2001",19
"henriksen2000",159
"henriksen2005",459
"henriksen2010",159
"henriksen2011",247
"horsnaes2002",159
"horsnaes2010",93
"iversen1993",120
"jensen1992",460
"jorgensen2001",214
"kristiansen1981",159
"makeler2003",159
"moesgaard2009",235
"museumsloven2006",159
"nielsen2012",159
"nielsen1993",159
"olsen2009",159
"paulsson1999",293
"petersen1991",159
"rasmussen2007",120
"sorensen1991",159
"eds1998",159
"thrane1991",159
"thomas2012",60
"ulriksen1994",159
"ulst2012",159
"ames2012",214
"angelbeck2012",214
"bican1992",214
"brink1998",214
"callmer1995",252
"carballo2016",214
"carlsson1989",251
"christaller1933",214
"christensen2014",461
"crumley1976",214
"dam2015",214
"earle2015",9
"fabech1998",30
"foucault1980",214
"foucault1997",214
"gammeltoft2012",214
"giddens1976",214
"gogsigjakobsennd",214
"helgesson1998",214
"hirth1996",214
"iversen2011",134
"jorgensen1998",214
"larsson2003",293
"mcguire1996",214
"myrdal2011",273
"ramskou1970",214
"saitta1998",214
"skre2010",39
"trigger2003",84
"ulriksen1998",218
"ulsig2011",214
"aarissorensen2004",290
"abrams1989",188
"aufderheide1998",188
"barnes1994",189
"bass1995",188
"beard2000",188
"brettell2012",188
"brothwell1972",188
"buckberry2004",188
"buckberry2007",188
"buckberry2010",188
"buckberry2002",188
"cox2000",188
"darling2003",226
"daux2008",188
"ericson1985",141
"evans2006",188
"evans2010",226
"evans2012",188
"hadley1997",188
"hadley2000",188
"hadley2001",188
"hadley2002",36
"hadley2005",188
"hall2000",188
"hamilton2014",188
"hedges2007",188
"iscan1984",188
"iscan1985",188
"liden1994",119
"longinelli1984",226
"lovejoy1985",141
"lucy2005",188
"map2005",188
"maresh1970",188
"mays2000",188
"meindl1985",188
"montgomery2007",188
"montgomery2009",188
"montgomery2011",188
"rasmussen2001",176
"tornbjerg1994",176
"adams1992",84
"aldeias2016",84
"arroyokalin2017",84
"baneijea2015",84
"barker1977",84
"benyarku2005",84
"berggren2003",84
"borderie2015",84
"borderie2019",84
"bowsher2007",84
"burch2011",84
"canti2001",84
"carver2005",44
"carver2009",149
"carver2012",84
"carver2016",84
"carver2015a",84
"chadwick1998",84
"clark1992",84
"courty1989",230
"deroo2016",84
"doneus2005",84
"drewett1999",84
"fao2006",84
"fedele1984",84
"c2006",84
"feveile1984",130
"frandsen1984",84
"french2015",84
"friesem2017",84
"galeazzi2016",84
"gasche1983",84
"ge1993",146
"geus2018",84
"goldberg2003",84
"heimdahl2005",279
"hodder1992",84
"hodder1997",84
"huisman2017",84
"hummler2015",84
"jupiter2018",84
"karkanas2018",129
"kimball2016",84
"kooistrand",84
"kraling2014",84
"kristiansen2014",272
"krupski2017",84
"langohr1994",146
"larsson2001",84
"larsson2009",224
"macphail2010",230
"macphail2003",146
"mallol2017",84
"g2017",84
"nicosia2013",146
"opitz2015",84
"pavel2012",84
"rentzel2017",84
"ropke2017",84
"roskams2001",84
"saunders2000",84
"schiffer1987",233
"sode2010",84
"stoops2003",146
"tassie2015",84
"turney2005",84
"valente2017",84
"vanriel2016",84
"vepraskas2018",84
"verleyen2017",84
"vince1995",84
"weiner2010",129
"westman1994",84
"wouters2018",84
"wouters2019",84
"wouters2017",84
"jorgensen1991",160
"riberhus1990",8
"posthusskulptur1993",8
"adderley2010",146
"akeret2001",146
"bellens2012",146
"ball2009",146
"borderie2011",146
"brown1984",146
"bullock1985",146
"cammas2000",146
"cammas2001",146
"davidson2003",146
"devos2012",146
"devos2009",146
"devos2011",146
"fechner2004",146
"fondrillon2007",146
"fondrillon2009",146
"fredlund1994",146
"french2003",146
"gebhardt1999",146
"goldberg2006",230
"guelat1998",146
"guttmann2006",146
"jacobs2010",146
"kaplan1992",146
"kiden1991",146
"kiden2006",146
"langohr2001",146
"langohr1976",146
"macphail1994",129
"macphail2001",230
"macphail2004",230
"macphail2007",230
"madella2012",146
"madella2005",146
"matthews2010",146
"nicosia2012",146
"pape1966",146
"pieters1990",146
"romans1983",146
"simpson1998",146
"simpson2000",146
"simpson2005",3
"tys2010",146
"vandewalle1961",146
"vanes1980",146
"vanheeringen1995",146
"verhaeghe2005",146
"verhulst1978",146
"vrydaghs2004",146
"vrydaghs2007",146
"wood1978",146
"wouters2012",146
"sorensen2007",159
"tymorsdetektor2012",159
"watt2000a",159
"randsborg1994",159
"ulriksen2013",159
"randsborg2007",159
"portableantiquitiesscheme2012",159
"leethorp2008",188
"tainter1988",67
"hegmon2008",64
"vesteinsson2007",462
"vesteinsson2010",154
"mcgovern2009",147
"church2005",64
"trigg2009",463
"fredskild1991",64
"adderley2005",147
"adderley2006",67
"mcgovern2006",154
"perdikaris2007",65
"perdikaris2008",147
"karlsson2000",64
"mainland2005",64
"brewington2010",64
"meldgaard1986",64
"vesteinsson2004",123
"church2007",154
"arnalds1987",64
"sveinbjorndottir2010",64
"mcgovern1988",64
"arneborg2004",147
"berkes2000",64
"mcintosh2000",64
"vasey1996",64
"mikkelsen2008",147
"barlow1997",64
"patterson2010",64
"meeker2002",64
"oppenheimer2003",64
"ogilvie2009",67
"cantor2001",64
"mageroy1993",64
"gullov2008",67
"ogden2007",188
"yorkarchaeologicaltrust1998",303
"ackermann1999",197
"agren2007",197
"ambrosiani2008",197
"anundsen1985",197
"bill2010",197
"bird2008",197
"brogger1916",130
"carver1994",197
"challis2006",197
"chappell1986",197
"church2011",197
"cuslrg2013",197
"clark2009",197
"crutchley2010",197
"davis2000",197
"doneus2011",197
"doneus2013",197
"ekman1996",197
"ekman2009",197
"eliassen2009",197
"falck2013",197
"fleming1998",197
"gansum1997",197
"gansum2007",197
"gansum2008",152
"gansum2009",197
"gron1998",197
"hafsten1983",197
"hedeager1988",183
"henningsmoen1978",197
"hesnard2004",197
"hesse2010",143
"jerpasen1993",197
"jerpasen1996",197
"keller1993",197
"keller1994",197
"kierulf2012",197
"klakegg1991",197
"kokalj2011",197
"lambeck1995",197
"lambeck2010",197
"lisiecki2005",197
"mangerud2011",197
"mitrovica2010",197
"morhange2010",197
"myhre1994",121
"myhre1996",261
"myhre2013",197
"nhs2011",197
"nicolaysennde",197
"ostigard2009",197
"olesen2004",197
"otvos2000",197
"passe2001",197
"pirazzoli1991",197
"persson2008",197
"persson2011",197
"persson2012",197
"pirazzoli1996",197
"pugh2004",197
"risbol2009",197
"simpson2012",197
"solberg2003",126
"sorensen1999",62
"stabell1980",197
"stular2012",197
"tartaron2013",197
"trinks2007",201
"vestol2006",197
"vorren2008",197
"watts2001",197
"wehr1999",197
"westerdahl1996",197
"woodroffe2002",197
"abulafia2011",149
"angenendt2008",149
"armstrong2009",149
"arrhenius2011",149
"augenti2010",149
"battaglia2001",149
"behr2014",149
"museum2009",149
"bougard2008",149
"bowden2012",149
"broodbank2013",149
"mullerwille2007",149
"dietrich2012",149
"doherty1985",298
"ekelund1994",149
"gelichi2010",149
"gelichi2013",149
"gelichi2012",149
"henning2007",146
"henning2008",464
"herschend1992",158
"hill1997",149
"horden2000",149
"kelly2000",149
"kocabas2008",149
"lane2000",149
"lebecq2000",149
"liebeschuetz2000",149
"loveluck2005",149
"loveluck2007",181
"loveluck2012",149
"lowe2006",149
"ludowici2010",149
"maldonadoramirez2011",149
"marazzi2004",149
"marsawa2011",149
"mccormick1997",149
"mccormick2007",58
"mithen2011",149
"mullerwille2010",149
"nielsen1994",281
"dwyer1981",149
"maidin1996",149
"osullivan2013",149
"skre2012",9
"soderberg2004",98
"christaller1968",214
"arbman1943",55
"barrett1991",52
"belk1988",52
"bruck2004",52
"carlsson1983",204
"devlin2007",189
"fowler2004",52
"eriksson2014",52
"gosden2004",158
"harke1997",77
"imer2011",203
"jones2005",160
"keynes1983",78
"king2004",52
"krause1966",52
"lemonnier2012",52
"maixner2005",218
"parkerpearson1999",52
"pearce2013",52
"linder2014",52
"stenberg2007",52
"stenberg2008",52
"akademiens2014",52
"thunmarknylen1983",52
"thunmarknylen1986",52
"thunmarknylen1998",44
"tolkien1954",52
"tollerton2011",52
"tsigaridasglorstad2012",174
"webmoor2008",52
"alberti2016",137
"ambrosiani1993",137
"aries1962",137
"bo1967",137
"backe1993",16
"bantelmann1955",137
"bloch1995",137
"brink2012",85
"brown2008",137
"bruck1999",227
"callow2006",33
"cannon2015",137
"capelle1987",137
"cuijpers1999",137
"dedet1990",137
"eriksen2010",126
"eriksen2015",24
"gamble2007",137
"gejvall1955",137
"gell1998",137
"gottlieb2004",137
"grindkasa2012",173
"haarnagel1979",137
"hamerow2006",227
"hamilakis2013",5
"hansen2006",91
"harris2010",137
"hausfater1984",137
"holck2008",137
"hrdy1992",137
"hrdy1999",137
"jones2010",137
"jorgensen2014",200
"kamp2001",137
"karsten1994",29
"kaul2003",30
"lally2011",137
"lally2008",137
"lancy2008",137
"lillehammer1989",291
"lillehammer2008",137
"lillehammer2011",137
"lunde2011",137
"menotti2014",137
"meskell2002",137
"mithen2000",137
"moore2009",137
"mundal1987",33
"mundal1988",33
"murphy2014",137
"naumann2012",137
"nielsen1987",219
"nielsen1986",126
"pentikainen1990",137
"renck2000",137
"roslund1990",137
"runge2009",465
"sawyer1992",242
"scheperhughes1992",137
"schlabow1953",137
"schutz2001",150
"sellevold1987",137
"sofaerderevenski2000",137
"tarlow2000",113
"toedter2001",137
"ucko1969",137
"viveirosdecastro2004",137
"welinder1998",466
"domeij1994",151
"domeij2004",151
"shetelig1944",177
"steuer1994",204
"tomasdotterjakobsson1992",151
"tilley1994",151
"verhulst1999",149
"wheatley1969",149
"wheatley1971",149
"wataghin2011",149
"wickham2012",149
"carver1993",149
"willemsen2010",149
"grimnesmal1985",26
"landnamabok1997",26
"andreeff2007",26
"andren1993",44
"andren1997",26
"arrhenius1970",157
"bardseth2009",26
"beck2010",26
"bell1992",32
"bertell2006",26
"blanton1995",26
"blier1987",26
"heyerdahllarsen1995",26
"bourdieu1977",126
"bradley2005",15
"brendalsmo1992",37
"carlie2006",227
"davidson1964",26
"davidson1968",26
"davidson1993",26
"decerteau1984",26
"eriksen2011",130
"feilberg1907",26
"fendin2006",26
"fredriksen2002",26
"gardela2011",172
"gennep1960",26
"geschwind2005",26
"graslund1969",26
"gurevic1969",26
"hagberg1937",57
"hallans1997",26
"heide2006",237
"herschend1997",41
"hillier1984",26
"holmquistolausson1990",54
"holmquistolausson1996",26
"holmqvist1961",27
"holmqvist1933",26
"johansson1993",26
"kaliff1997",195
"kjos2009",26
"komber1989",26
"kristensen2010",26
"kristoffersen2000",26
"kristoffersen1999",162
"kristoffersen2010",26
"lakoff1980",26
"lang1984",209
"larrington2007",26
"petersen1933",26
"ramqvist1992",26
"reynolds2009",170
"rodsrud2007",230
"ronne2008",26
"rundkvist2012",24
"sander1997",26
"schmidt1999",26
"skov2002",26
"soderberg2006",200
"solheim1965",26
"steinsland2005",32
"stutz2006",32
"stutz2008",26
"stutz2010",26
"trumbullnd",26
"tuan1977",26
"turner1967",26
"turner1977",26
"unwin2007",26
"unwin2009",26
"weibull1911",238
"weibull1918",26
"wilson1988",26
"wylie1985",26
"dansgaard1964",190
"eriksson2008",226
"fischer2007",226
"fuller2003",226
"hillson1996",226
"hoppe2003",79
"ingramnd",226
"aberg1987",164
"birck1986",226
"chenery2010",217
"muldner2005",226
"oneil1994",226
"polet2003",226
"privat2007",226
"richards1998",209
"schroeder2013",226
"sealy2001",96
"sealy1995",226
"vennemann2002",226
"voerkelius2010",226
"white1998",69
"lecolle1985",226
"levinson1987",226
"liden1995",226
"lykoudis2007",226
"mann2003",148
"moberg2005",147
"montgomery2005",226
"montgomery2010",239
"lundborg2006",151
"almgren1967",182
"ambrosiani1988",201
"ambrosiani1995",201
"ambrosiani1999",50
"arwidsson1989",20
"burenhult1984",55
"carcopino1984",55
"ermatinger2015",55
"guliaev2003",55
"hall2016",79
"hedenstiernajonson2018",55
"jones1968",127
"lancianind",55
"lindquist1978",85
"lindquist1984",55
"ringstedt1997",46
"roesdahl1992a",30
"sandberg1994",85
"selling1940",79
"stenberger1964",45
"whittaker2006",79
"carver2010",88
"yenikapi2008",149
"schulzedorrlamm1998",56
"baastrup2007",56
"baastrup2005",56
"haberstroh2008",56
"jeppesen2010",62
"petersen1993",56
"ramskou1950",57
"sovso2011",56
"ulriksen2003",56
"ulriksen2006",251
"arrhenius1960",305
"behmblancke1973",160
"birkedalchristensen1991",160
"bode1998",160
"callmer1999",218
"carnapbornheim1997",160
"drescher1983",204
"fallgren2016",160
"feveile2014",247
"fiedel2011",160
"frick1993",160
"fuglesang1985",175
"gjedssobertelsen1991",218
"gjedssobertelsen1992",160
"haackolsen2005",160
"haldenby2010",160
"hedegaard1989",160
"hedegaard1992",98
"hellesolesen1992",160
"henriksen1998",160
"henriksen2002",271
"hines1997",37
"hoilundnielsen1984",160
"hoilundnielsen1991",266
"hoilundnielsen2011",160
"hoilundnielsen2006",158
"hardh2011",235
"johansen1992",160
"jouttijarvi2002",93
"klindtjensen1957",27
"lonborg1999",98
"madsen1990",98
"maixner2015",160
"mclean2007",160
"moesgaard2012",58
"moesgaard2008",160
"nerman1969",160
"reichstein1975",160
"sarauw2014",160
"schulzedorrlamm1986",160
"stromberg1961",32
"trierchristiansen2017",160
"watt1991",15
"wahlin2014",160
"zimmermann2015",160
"unmarknylen1981",79
"bremen1975",15
"tacitus2003",15
"ambrosiani1985",201
"andersen2009",205
"andersson2008b",15
"andren1991a",183
"anglert2006",40
"arne1937",15
"arrhenius1986",15
"artelius2008",15
"biuw1992",15
"bland1993",15
"bradley2000",32
"price2008f",15
"back2009",158
"carlie1998",22
"ross1994",95
"conti1999",15
"rosengren1997",15
"green1995",15
"hannestad1986",15
"hansen1989",206
"hansen1996",206
"hauck1984",467
"ruprecht1992",15
"hellberg1967",22
"hjarthnerholdar2008",15
"holmqvist1972",260
"holmqvist1969",15
"hultgard1995",15
"ilkjaer1990",19
"jeppesen2004",27
"johansen1989",15
"johns1994",15
"jong2001",15
"jorgensen1994",218
"lamm1989",15
"lamm1999",22
"lindeblad2007",15
"lundqvist1997",227
"lundstrom1988",15
"milburn1989",15
"montanari2001",15
"mortensen1988",41
"myrberg2005",15
"nilsson1992",15
"nylen1988",15
"nasman1993",15
"ringtved1991",15
"sanden2001",15
"sawyer1985",15
"simek1993",29
"skovgaardpetersen1981",15
"price2008h",17
"staecker1999",37
"strid1993",15
"price2008i",238
"sorensen2008",15
"sorensen1985",15
"sorensen2000b",206
"savborg2003",15
"theuws2001",15
"thomsen1994",15
"thrane1987",264
"thrane1982",468
"vierck1981",21
"vikstrand1996",15
"wes1992",15
"widgren1998",147
"stiegemann1999",56
"wieczorek2000",56
"st1916",297
"croinin1997",297
"jezek2011",297
"macairt1983",469
"schuldt2011",297
"scott1978",297
"byrne1973",297
"warner1997",297
"dunbabin2002",297
"kelly2011",297
"thiaw2011",297
"toch2000",297
"toch2014",297
"mikulcice1973",297
"machacek2013",297
"kenny1986",297
"kruse1995",297
"borkovsky1954",297
"graus1957",297
"davidson1992",167
"hanuliak1995",297
"hope2010",297
"redknap2004",297
"hills1984",297
"hirst1985",171
"forexample1997",297
"hall1978",297
"machacek2010",297
"kjellstrom2009",202
"aalto2014",8
"ahola2014a",8
"bartlett1993",8
"brondsted1979",8
"buko2008",131
"fellowsjensen2008",8
"foote1970",15
"gardela2014",8
"gravesbrown1996",121
"hall2007",106
"hannestad1970",8
"heininen2014",8
"ingstad1977",8
"jakobsen2015",8
"jansson1991",8
"kakonen1998",8
"konsa2008",78
"laakso2014",8
"lamm1928",8
"lonnroth1997",258
"mcdonald2014",8
"moesgaard2011",8
"mohen1992",8
"nerman1958",190
"noonan1997",100
"pries2014",8
"rahtz1983",8
"richards2005",8
"rimbertnd",8
"roesdahl2012",116
"roslund2001",8
"sawyer1997",100
"schalin2014",8
"sindbaek2015",8
"stockmann2015",8
"talvio2014",8
"williams2013a",41
"winroth2014",185
"zak1963",131
"zak1967",131
"ulriksen2002",218
"hoilundnielsen1987",204
"barfod2016",84
"callmer2001",204
"christophersen2015",84
"clark2007",84
"costin2001",84
"cotton1933",84
"dobres2000",98
"dobres2014",84
"feveile2001c",175
"c2006a",84
"feveile2008",84
"flad2007",84
"gebers2004",84
"henderson2000",84
"hodges2000",18
"holback1999",84
"hybel2007",58
"jacobs2016",84
"jankuhn1983",84
"jennings2016",84
"jervis2016",84
"latham2009",84
"latour2005",204
"leroigourhan1964",84
"linaa2015",92
"lonborg1992",470
"lonborg1998",98
"mainman2000",179
"neiss2012",268
"oexle1992",84
"oldeberg1966",84
"orfanou2018",84
"ottaway1970",84
"parkinson2013",84
"pirenne1927",146
"ramquist1992",84
"renfrew1994",84
"rimbert1961",84
"sage1984",84
"schortman2004",84
"smith2009",255
"smith2017",272
"trigger1986",84
"ur2014",84
"voncarnapbornheim1996",84
"wailes1996",84
"wickham2009",106
"wirth1938",84
"alberti2009",23
"andersson1997",23
"aspock2011",23
"effros2002",23
"fahlander2008",23
"fahlander2010",23
"fahlander2013",23
"fahlander2014",23
"gansum2004",44
"hastrup1985",23
"hedjakobsson2011",23
"holback2016",23
"holbraad2010",23
"holbraad2017",23
"holloway2008",23
"klevnas2015",23
"klevnas2016",23
"kummel2005",23
"olsson2007",23
"orchard2003",23
"orchard2004",23
"perabo2017",23
"runer2014",23
"salmond2014",23
"staecker2001",23
"stoklund2004",23
"tesch2015",23
"watts2013",23
"wickholm2008",23
"wikstrom2006",23
"williams1998",23
"williams2005",23
"henning1992",297
"liebermann1903",297
"ludvikovsky1978",297
"campbell1998",297
"klaniczay1985",297
"mccormick2005",297
"obrien2005",297
"davies2010",297
"valante2000",297
"trestik2015",297
"kenny1987",297
"machacek2017",297
"aspock2008",170
"galuska2004",297
"galuska2015",297
"schuldt1960",297
"mcdonough1995",297
"klaniczay1953",297
"arwidsson1942",271
"arwidsson1954",471
"arwidsson1983",29
"behmblancke2003",16
"boeheimnd",16
"bohner1958",16
"brucemitford1975",85
"chaney1970",16
"claessen1978",16
"colgrave1992",16
"cumontnd",16
"dagron2003",16
"ellmers1970",42
"erkens2002",16
"filmersankey1996",16
"frazernd",16
"funcken1977",16
"gage1988",16
"goodman1969",16
"hagen1992",16
"hanke2001",16
"harke1992",16
"hopetaylor1977",16
"johansen1932",16
"krausse1999",16
"latte1988",16
"lind2003",16
"mercer1929",16
"minkenberg2003",16
"ullerwille1970",16
"nielsen1996",16
"oconnor1989",217
"pieper1989",16
"richards1992",16
"service1971",16
"siebert1999",16
"simek2000",57
"sten1988",16
"stepper2003",16
"steuer2004",16
"vadstrup1997",16
"devries1956",16
"werner1986",16
"winkelman1996",16
"adamson2016",166
"ammerman1984",166
"anthony1990",165
"arnold1990",166
"arnold2006",166
"arnold2015",166
"babic2017",166
"banffy2013",166
"bardill2018",166
"barras2018",166
"barras2019",166
"beau2017",166
"bollongino2013",166
"bonacchi2018",166
"bosl2017",166
"brace2018",166
"bramanti2009",166
"brandt2017",166
"brandt2013",165
"brophy2018",166
"burmeister2000",166
"burmeister2016",166
"burmeister2017",166
"burnett2017",166
"cavallisforza1996",166
"champion1996",166
"chernykh1995",166
"clarke1973",472
"collis2003",166
"contreras2014",166
"dennell1996",166
"garcia2007",166
"dietler1994",166
"dietler1998",166
"eisenmann2018",166
"frieman2018",166
"fullwiley2014",166
"schiller2014",166
"gronenborn2014",166
"guidi1996",166
"haak2015",165
"haak2010",166
"halcrow2018",166
"hall2017",166
"harke2012",166
"harlan2018",166
"hawks2019",166
"hofmann2015",165
"hofmann2016",166
"ion2017",166
"james1999",166
"kajda2018",166
"kind1998",166
"knorrcetina1981",166
"kohl1995",166
"kohlilaven2012",166
"krause2017",166
"kristiansen2017",165
"latour1979",166
"lazaridis2017",166
"lehnert2015",166
"liberatore2017",166
"ling2018",166
"lipson2018",166
"malmstrom2014",166
"mathieson2018",166
"mittnik2018",166
"nash2012",166
"niklasson2014",166
"niklasson2018",166
"olalde2018",166
"pereltsvaig2015",166
"pickrell2014",166
"posth2018",166
"premo2016",166
"prendergast2018",166
"qiaomei2016",166
"raff2019",166
"reich2018",166
"richards1996",166
"roberts2011",166
"sayer2017",166
"schiffels2016",202
"scodari2017",166
"shennan2013",166
"smiley2016",166
"soares2010",166
"stojanowski2019",166
"szecsenyinagy2014",166
"szecsenyinagy2017",166
"tallbear2013",166
"tillmann1993",166
"trigger1984",166
"vandendries2018",166
"veeramah2018",166
"virdee2018",166
"wailoo2012",166
"whitaker2019",166
"whittle1996",166
"zvelebil2001",166
"andersen2015",247
"andersen1984",238
"andersen2000",247
"andersen2001",247
"bolander2013",247
"borg1998",247
"feveile2015",247
"feveile2016",473
"gabriel1988",247
"gross1993",247
"jacobsen2001",474
"jantzen1998",247
"kastholm2011",241
"klemensen2000",247
"knorr1938",247
"krabath2001",247
"madsen1999",247
"sabo2013",247
"skaarup2001",247
"jahrhundert1997",247
"skaarup2000",247
"timpel1987",247
"ulriksen2000",247
"voss1961",247
"wagnkilde1999",281
"wagnkilde1997",247
"beck2016",247
"bailey1984",109
"ballard2003",109
"bonacich1973",109
"bradley1988",109
"carey1997",109
"cohen1971",109
"collingwood1927",109
"curtin1984",109
"downham2009",261
"downham2010",109
"downham2012",109
"edmonds2009",109
"edmonds2014",109
"edwards1990",109
"freedman1960",109
"gibbons2003",109
"gourgouris2005",109
"griffiths2004",109
"james1978",109
"jesch2008",109
"johnson1999",109
"johnson2004",109
"lang1987",109
"levi2001",109
"markovits2002",109
"marstrander1916",109
"maxwell1998",109
"mcniven2003",109
"mcpherson1993",109
"murray2004",109
"nurse1985",109
"ocorrain1978",109
"ofloinn1987",109
"ofloinn1998",109
"oka2008",109
"omeara1982",109
"sheehan2001",111
"sigurdsson2000",109
"smith1927",109
"stacey2007",109
"tan1979",109
"tan1993",109
"tsagarousianou2004",109
"wallace1987",181
"brink2006",15
"fabech2006",15
"herschend2006",103
"lindqvist1941",305
"sorensen1994b",27
"andren2005",15
"liden1996",15
"brink1996",158
"albrethsen1986",64
"amorosi1998",147
"arneborg2000",67
"barlow2001",64
"berglund1986",68
"bond1998",64
"brewington2007",64
"buckland1996",64
"buckland1991",154
"dawson2003",64
"dennis1993",64
"dugmore1991",154
"dugmore2006",154
"dugmore1994",475
"edwards1982",64
"kristjansson1993",64
"krogh1974",64
"lynnerup2000",64
"lynnerup2003",64
"mairs2006",154
"mason1998",64
"mayewski2002",64
"mcghee1984",296
"mcghee2002",64
"mcgovern1979",64
"bones1992",64
"thomas2001",64
"ogilvie2000",64
"olafsdottir2001",64
"perdikaris1999",147
"petersen2000",64
"schledermann2003",64
"seaver1996",64
"simpson2001",154
"spufford2006",64
"sutherland2000",296
"vesteinsson2000",216
"adolfsson1993",95
"andersen1983",57
"androshchuk2005",57
"j2008",57
"burstrom1990",98
"callmer2004",57
"b1992",57
"christensen1981",46
"christensen1997",169
"ciesielski2011",57
"damsholt1984",57
"dommasnes1979",121
"dommasnes1991",78
"einarolafursveinsson1935",57
"ellis1943",172
"p2008",57
"engh2009",57
"ewing2006",57
"gansum2006",57
"gardela2009",169
"graslund1994",223
"gron1994",169
"harrington2007",57
"smith2004",77
"holck2006",57
"ingstad1992",121
"jesch1987",57
"jochens1996",33
"jochens1998",41
"jorgensen2005",40
"kucypera2011",57
"larrington1999",168
"lauritsen2003",169
"murphy2013",57
"nordberg2002",172
"paulsen1939",57
"paulsen1956",131
"petersson1958",57
"andersen1922",57
"schulze1987",57
"sellevold1984",172
"skaarup1976",169
"solli2001",57
"stalsberg1991",77
"stalsberg2001",57
"stylegar2007",44
"vangpetersen2005",241
"varberg2011",57
"bolander2017",247
"henrikson2001",247
"henrikson2002",247
"jensen2011",247
"bakka1993",44
"bukkemoen2007",36
"chapman1999",126
"barndon2006",167
"gjerpe2007",126
"graslund1995",12
"hanisch2000",126
"howardjohnston1993",67
"kristoffersen1985",126
"lie1992",126
"lowenborg2012",21
"magnus1983",167
"landbruk2008",126
"nielsen2007",206
"robin2002",126
"soma2006",126
"tringham1995",126
"valum2011",126
"ostigard2007",126
"anglert1989",138
"andersson2001",138
"berglund2017",85
"brendalsmo2006",138
"christie1974",138
"ellingsen2012",177
"eidshaug2016",138
"forseth2017",138
"gronnesby1998",138
"guttormsen2002",138
"henriksen2007",138
"heaney1999",138
"herschend1998",138
"holmsen1976",138
"jensenius2010",138
"jensenius2018",79
"mokkelbost2015",138
"nordeide2006",138
"rian1992",138
"roskaft2005",274
"sauvage2016",138
"skre1988",138
"steinsland1994",138
"nielsen2002",271
"aberg1995",79
"blum2000",164
"burton1999",164
"ezzo1997",239
"faure1986",239
"frei2009",239
"graustein1989",239
"grupe1995",239
"grupe1997",118
"gustafsson2000",239
"horn2005",239
"horwitz1992",239
"houmarknielsen2003",239
"houmarknielsen2006",239
"jorkov2010",96
"knudson2004",141
"knudson2005",239
"larsen2006",239
"miller1993",239
"pollard2011",226
"price1992",217
"price1994",199
"price1998",142
"price2007",239
"sealey1991",239
"sealey1995",239
"smed1993",239
"stewart2001",239
"sun1975",239
"yoder2010",96
"sugden1982",64
"vesteinsson2002",154
"bjorn1943",95
"dronke1969",476
"dronke1997",33
"einar1934",95
"ol1954",33
"bordarson1935",95
"faulkes1987",42
"jonsson1929",95
"jonsson1976",95
"palsson1972",477
"hollander2000",95
"hollander2002",95
"vesteinn2003",95
"wasko2006",95
"zaluskastromberg1973",95
"zaluskastromberg1986",95
"adolfsson1995",95
"carelli2006",95
"arne1941",95
"arrenhius1961",95
"backdanielsson2001",95
"baines1977",95
"gardela2025",95
"heggstad2006",95
"ingstad1995",263
"jesch1996",95
"kristjansson2007",95
"kempinski2003",95
"kiil1960",95
"kosman1989",95
"kyhlberg1980",198
"mckinnell2000",95
"mcturknd",95
"monsen1969",95
"moszynski1967",95
"motz1996",95
"neustupny2001",95
"nordstrom2006",95
"price2005",29
"raudvere2003",195
"renfrew2000",272
"resiheid2002",95
"ringquist1969",95
"wallis2000",95
"wallis2001",95
"wujewski1991",95
"arneborg2002",64
"edvardsson2004",64
"lynnerup2007",64
"scudder2001",126
"thorsdrapa1900",126
"sourcesalberti2009",126
"amundsen2014",126
"bjorvand2007",254
"bruck2013",54
"carlie2004",126
"carsten1995",126
"cleasby1957",255
"gansum2003",126
"gerritsen1998",126
"herschend2003",257
"ingold2006",126
"kristiansen2013",41
"levistrauss1983",126
"renck2008",126
"risbolnielsen1995",126
"thomas2015",162
"williams2001",24
"andrews2006",23
"appelgren2007",23
"appleby2013",23
"aspeborg2007",23
"burenhult2002",23
"ersgard2006",23
"hallansstenholm2012a",23
"klevnas2013",23
"latour1999",23
"lundstrom2004",23
"mejsholm2009",55
"montell1996",23
"nilssonstutz2003",170
"olausson1993",201
"olofsson2006",23
"salmond2012",23
"theliander2010",23
"vinberg2015",23
"wuopio2015",23
"magnus1986",306
"skrede2005",85
"glorstad2013",120
"helga2001",209
"andersen2002",57
"sayer2009",172
"ynglingesaga1979",36
"alcock1991",36
"als2006",100
"andren2006b",44
"barrett2001",102
"bjorgo1995",36
"blindheim1947",36
"blindheim1976",4
"blindheim1978",105
"blindheim1981",12
"bodal1998",36
"boe1934",36
"braathen1989",36
"callaway1987",36
"cessford1996",36
"crane2002",36
"damsholt2003",36
"demarrais1996",36
"enright1986",78
"etchingham2001",36
"fuglesang1972",36
"goodacre2005",102
"grahamcampbell1976",178
"grahamcampbell1983",209
"grahamcampbell1987",181
"gupta1992",209
"gustafson1900",36
"hall2004",279
"hammerton2004",36
"harlow2004",36
"hedeager1998",209
"hedeager2005",195
"hedeager2007",36
"helgason2000",36
"helgason2001",101
"hougen2006",36
"janes1996",36
"jenkins1997",36
"johansen1973",207
"jondell1974",36
"kaland1995",36
"kertzner1988",36
"larsen2001a",209
"larsen1978",36
"levine2004",36
"macdermott1955",36
"magnus1975",36
"mahr1941",36
"malmius2003",36
"nieke1991",36
"nieke1988",36
"olsen2000",36
"paisley2004",36
"pedersen2010",5
"petersen1928",130
"ryste2005",29
"skibstedtklaesoe1999",36
"staecker2003",36
"stafford1998",36
"stenberger1958",237
"stevenson1974",36
"stevenson1987",36
"stevenson1989",36
"stoler2002",36
"sveaasandersen1977",36
"trenchjellicoe1999",36
"tsigaridasglorstad2010a",36
"vandommelen2002",114
"whitfield2001",36
"whitfield2004",36
"wilson1973",36
"nilsson2007",23
"hennius2008",293
"henriksen2003",105
"holme2000",293
"rundkvist2008",24
"kristoffersen2009",126
"aqvist2006",257
"arrhenius1990",200
"bornaahlkvist1998",257
"carelli2001",218
"carlsson1979",257
"rasmusen1999",257
"dodgshon1980",257
"fallgren1993",257
"gothberg2000",257
"gurevich1992",257
"herschend1988",257
"hoff1984",257
"hoffman1975",257
"holst2004",257
"hvass1988",206
"jorgensen1987",257
"kaldalmikkelsen1999",257
"liedgren1997",257
"lillehammer1999",257
"olsen1997",257
"petersson2006",173
"porsmose1988",219
"rasmussen1999",257
"riddersporre1995",257
"ringstad1991",257
"roberts1987",257
"selinge2001",257
"sundqvist2002",257
"thunmark1979",257
"allentoft2015",165
"anthony1992",272
"anthony1997",272
"anthony2007",165
"bandelt2003",272
"banffy2012",272
"barras2015",272
"barth1982",272
"beckerman2015",165
"beran1990",272
"bernbeck2008",272
"bickle2013",272
"brather2004",272
"brather2006",165
"brettell2014",272
"cabana2011",245
"cameron2013",272
"chapman1992",272
"childe1925",272
"childe1929",165
"cohen2011",272
"czebreszuk2001",272
"czebreszuk1998",165
"damm1991",165
"dorfler2005",272
"frieman2012",272
"frinculeasa2015",272
"furholt2003",165
"furholt2008",165
"furholt2006",272
"furholt2011",272
"furholt2014",165
"furholt2013",165
"genova2017",272
"glob1945",165
"goldstein2000",272
"gomezsanchez2014",272
"govedarica2004",272
"greenblatt2009",272
"hahn2005",272
"hahn2007",272
"harrison2007",192
"hassan1981",272
"heggarty2014",272
"hubner2005",272
"iversen2010",165
"kadrow2005",272
"kleijne2013",165
"kossinna1910",272
"kossinna1911",272
"kristiansen1989",272
"kristiansen2015",272
"kruk1973",165
"lazaridis2014",168
"leppard2014",272
"muller2001",218
"muller2013",165
"muller2015",165
"ohara2014",272
"patterson2012",168
"piezonka2015",272
"pospieszny2015",272
"prescott2013",272
"prescott2015",272
"price2004",272
"prien2005",272
"raetzelfabian2001",272
"rasmussen2015",272
"kv2000",272
"roberts2011a",272
"schadelindig2010",272
"mainz2005",272
"schone2013",272
"shennan1989",165
"shennan1974",165
"sherratt1981",165
"sierp2017",272
"sjogren2016",272
"skoglund2012",272
"smit2012",272
"strahm2001",165
"szmyt1999",272
"thomas2013",272
"vanderlinden2006",165
"vanderlinden2007",165
"vanderlinden2012",272
"vanderlinden2016",165
"vandommelen2014",272
"vertovec2010",272
"gunther2016",272
"jones2017",272
"mathieson2017",272
"mittnik2017",272
"saag2017",272
"cummings2011",272
"ebersbach2017",272
"gerbault2017",272
"mizoguchi2017",272
"robb2014",272
"strathern1996",272
"tringham1991",272
"goldberg2017",272
"li2011",272
"pemberton2012",272
"sigfusson1940",33
"bjorn1943a",33
"ol1934",46
"kunz2001",33
"larrington1991",478
"tolkien1960",479
"jakobsson2001",46
"backdanielsson1968",46
"carlsson1999",46
"daviskimball2002",46
"dieck1975",46
"dillmann2006",172
"dommasnes1978",46
"davidson1972",46
"davidson1996a",46
"elsner2004",46
"hedenstiernajonson2014",168
"hernaes1984",168
"katrin2005",46
"kalinke1986",46
"eldjarn2000",77
"lokka2014",46
"majchczack1997",46
"nadolski1954",131
"pestell2013",185
"petersen1992",237
"sauckel2013",46
"samson1991",46
"straubhaar2002",46
"straubhaar2011",46
"strom1954",46
"svanberg2000",89
"tolley2009",172
"riksantikvarieambetet2011",293
"henriksen2006a",279
"attar1990",25
"benson2006",25
"bergfjord2012",25
"frei2010a",25
"geus2004",25
"hald1950",25
"heier2009",102
"kohn1999",79
"mannering2011",25
"morita1986",25
"rosborg2003",25
"enright1996",78
"albarella2004",212
"albarella2001",212
"degerbol1948",212
"dobney2001",212
"enghoff2005",212
"graslund2004",150
"hamiltondyer2002",212
"zmbochenski2001",212
"hatting1998",212
"lepiksaar1966",212
"makowiecki2001",212
"mlikovsky2005",212
"muller1974",212
"oggins2004",212
"prummel1997",212
"serjeantson2011",212
"tomek2000",212
"tyrberg2002",212
"vretemark2010",212
"ansede2018",165
"appiah2018",165
"behrens1973",165
"childe1933",165
"eggert1978",165
"eggert2012",165
"fischer1956",165
"furholtfurholt2009",165
"furholt2017",165
"grossmann2016",165
"r2017",165
"johannsen2017",165
"kleijne2019",165
"knipper2017",245
"kossinna1926",165
"luning1972",165
"mason2019",165
"mittnik2019",165
"mullerscheessel2000",165
"painter2011",165
"preucel2010",165
"rascovan2018",165
"schroeder2019",165
"schultrich2019",165
"strahm1971",165
"strahm2010",165
"struve1955",165
"suter2017",165
"valera2018",165
"veit1989",165
"wenger1998",165
"wotzka1993",165
"heyd2017",272
"arrhenius1973",286
"bennet1987",77
"blidmo1976",260
"blidmo1981",265
"bratt2009",265
"eraesko1965",31
"eriksson2004",265
"oxford1967",183
"ferenius1971",265
"fischer2004",273
"fischer2005",21
"fischer2009",265
"fischer2008",265
"gronwall1995",265
"gronwall2009",265
"hauck1977",194
"herschend1974",265
"hoilund2000",265
"horsnaes2008",265
"jonsson1992",62
"kivikoski1971",271
"kyhlberg1985",260
"kyhlberg1999",265
"lallemand1965",265
"lamm1973",265
"lamm1972",265
"stockholm1976",265
"lorren1995",265
"lotter2003",265
"lundstrom1972",265
"magnus2008",33
"ostergren1981",265
"ramqvist1983",265
"selirand1985",265
"sjovold1993",162
"stjernquist1994",265
"waller1996",271
"eldjarn1948",275
"eldjarn1953",275
"gelsinger1981",275
"gragas1980",275
"grinderhansen2000",275
"gulatingslovi1937",275
"gullbekk2009",107
"helle2001",275
"holt1998",123
"johannesson1969",275
"jonsson1993",275
"olafsson1990",275
"risvaag2006",275
"soga1978",275
"soga1981",275
"soga1994",275
"williams2000",275
"ostergren1989",17
"fridriksson2000",167
"keller2005",209
"artifact2000",209
"skovmann1942",209
"capelle1968",204
"grahamcampbell1990",209
"grahamcampbell1981",209
"lekberg2002",283
"stang1984",209
"blackburn1989",275
"haworth1990",275
"assmann1995",5
"bogucki2004",131
"duczko2000",132
"filipowiak1958",131
"filipowiak1992",131
"gorecki2002",131
"holtzmann1918",131
"jankuhn1934",131
"janocha1974",131
"janowski2009",131
"kara1991",131
"kola1946",131
"lowmianski1957",131
"morawiec1954",131
"nielsen1991",157
"rajewski1937",131
"ratajczyk2011",131
"rebkowski2011",131
"sikora2012",131
"schulte1918",131
"wojtkowiak2013",131
"zak1957",131
"duczko1996",85
"hennius2007",45
"jahrehorn2014",221
"peets2010",190
"storli2007",221
"borys1985",172
"kjaer2002",172
"cf2002",172
"wrzesinski2008",172
"boddington1996",34
"cf2006",172
"lee2002",172
"arbman2005",172
"banaszkiewicz2002",172
"ciesielski2013",172
"geake1992",170
"gron1994b",172
"hockart1938",171
"kristensen2002",172
"mccreesh1983",172
"haysgilpin2008",172
"reynolds1998",150
"sherlock1992",171
"tamboer2000",172
"tomicka1975",169
"uspienski1985",172
"vesteinnolason2003",172
"wrzesinski1998",172
"andersen1985",76
"mayor2014",46
"regal2001",46
"einarol1934",33
"pedraza1991",263
"mcguire2009",263
"crowder2000",263
"reimers1999",263
"parle1995",263
"sjovold1917",263
"owen1994",263
"kobylinski1994",263
"halsall1996",263
"callow1995",263
"eldjarn1919",263
"townsend2000",209
"mytum2003a",209
"stummannhansen1996",209
"fanning2014",209
"larsen2000",53
"knudsen2007",209
"richards2007",100
"haugen1979",209
"saxogrammaticus1996",46
"miller1997",46
"ambrosiani1990",284
"barrett1997",53
"brogger1921",53
"bull1928",53
"hellan2014",53
"munch1962",53
"reitan2011",53
"resi1985",53
"rolfsen1977",53
"rundberget2007",122
"rygh1905",53
"rysstad1928",53
"skar1909",53
"sperber2004",53
"steinnes1926",183
"wenn2017",53
"wenn2016",53
"wiker2013",53
"alexandersen1998",232
"behrensmeyer1978",279
"binford1981",232
"bliujiene2007",232
"bridault1992",232
"bronkramsey2013",232
"carlie2002",232
"carlie1993",232
"degrossimazzorin2002",232
"ewbank1964",232
"faulkes1995",232
"frei2013",245
"goodman1990",232
"grant1982",232
"graslund2002",21
"green1992",232
"grimm2008",232
"grimm2010",133
"prummel2008",232
"harris1931",232
"hatting1978",232
"hatting1985",232
"helmer1987",232
"henriksen2015",232
"hillson2000",232
"jennbert2006",24
"jorgensen2012",232
"koudelkand",232
"kveiborg2013",232
"lauwerier2002",232
"legge1992",232
"loumand2006",232
"magnell2012",232
"may1985",232
"monikander2010",232
"morey2010",232
"morris2008",232
"nilsson2003",40
"nilsson2009",43
"noenygaard1990",43
"park1953",232
"payne1973",110
"primeau2012",232
"reimer2013",152
"reitz1999",232
"russell2012",232
"schanche2000",157
"scheuer2000",202
"schmid1972",232
"serjeantson1991",232
"shipman1984",232
"strom1985",232
"stuartmacadam1985",232
"ubelaker1989",202
"vanhaasteren1974",232
"vretemark1997",232
"referencesanderson2013",65
"arundale1976",296
"arundale1981",65
"ascough2005",65
"ascough2006",65
"ascough2007",155
"ascough2009",65
"ascough2014",65
"austin2006",65
"birgisson2013",65
"bronkramsey2017",65
"buonasera2015",65
"coltrain2003",65
"coulthard2010",65
"craig1957",65
"darwent2016",65
"dumond1987",65
"dumond2002",65
"einarsson2011",65
"fitzhugh1993",65
"fitzhugh2004",65
"friesen2016",65
"gronnow2017",65
"hajdas2014",65
"harritt1995",65
"smith2012",255
"smith2014",67
"smith2015",65
"smith2016",65
"heron2010",65
"holtved1944",65
"isaksson2010",65
"issenmen1997",65
"jull1996",65
"ledger2016",65
"linnamae1975",65
"mangerud1972",65
"mangerud2006",65
"maryrousseliere1976",65
"maryrousseliere1979",65
"mason1990",65
"mathiassen1927",65
"maxwell1973",262
"maxwell1980",296
"maxwell1985",296
"mccullough1989",262
"mcghee2000",262
"mcghee2009",65
"mcghee1976",65
"morrison1983",180
"morrison1989",301
"nilsen2017",65
"odess1996",65
"odess1998",262
"odess2004",296
"olsson1980",65
"ostergard2004",255
"ostergard1999",65
"owen2002",65
"park1994",65
"park2004",296
"petterson2013",65
"possnert1997",65
"raghavan2014",168
"reimer2001",65
"rogers1998",296
"sabo1980",65
"sabo1978",296
"sayle2014",65
"sayle2016",65
"schledermann1978",65
"schledermann1980",262
"seersholm2016",65
"sinding2015",65
"sinding2017",65
"stuiver1986",65
"sutherland2002",296
"tauber1979",65
"taylor1995",65
"tremayne2016",65
"arrhenius2001",80
"magnus1997a",80
"bjgrgo1969",80
"gjessing1929",80
"gjessing1934",80
"glgrstad2010",80
"lillios1999",80
"magnus1999",80
"mannering2000",80
"munch1979",80
"nerman1975",260
"nylen1994",80
"petersen1905",80
"petersen1907",177
"ratke2006",80
"sjevold1974",80
"watt2004a",237
"williams1966",80
"aberg1924",80
"kozak2008",172
"sveinsson1935",172
"palsson1989",33
"nordal1933",170
"scudder2000",33
"smiley2000",172
"fischer1921",172
"strom1942",172
"adalbjarnarson1941",33
"andrea2011",118
"arnold1980",118
"benstead2006",118
"bjorck1995",118
"craig2006",118
"delrio2005",118
"fogel1989",118
"fuller2004",118
"grupe1986",118
"habicht1985",118
"harbeck2009",118
"huhneosterloh1997",118
"husterplogmann2006",118
"imhof1977",118
"james1972",118
"jenkins2001",118
"konnor1980",118
"lemke2005",118
"marold2001",59
"jahrgang2002",118
"dillmannnd",172
"jonsson1944",46
"palsson1962",46
"arwidsson1986",54
"jorpeland2013",205
"bersu1966",44
"dickinson1992",54
"duczko1989",174
"dundes1992",170
"eniosova2009",46
"fuglesang1989",242
"gardela2017",46
"grinsell1973",46
"gustafson1906",195
"hansson1938",46
"henriksen2013",480
"hildebrandnda",46
"hjardar2012",58
"harke1990",170
"hardh1976",127
"jagodzinski2010",46
"kivikoski1946",46
"lorangendb",46
"makarov2017",46
"mannering2017",46
"meaney1981",150
"melin2001",46
"morck1900",46
"novikova1998",46
"olsson1986",46
"pestell2012",46
"petersen1917",46
"robb2001",54
"rudzinski2009",46
"ryghnd",46
"samdal1905",46
"schnittger1920",46
"simonsson1969",54
"stenberger1947",46
"stenberger1953",46
"stenberger1956",46
"thoren1994",46
"thunmarknylen2006",77
"wetzler2017",46
"stjerna1905",80
"aanestad2015",3
"barrowman2011",3
"bond2016",3
"brundle2003",3
"carver2008",111
"crawford1987",3
"dockrill2010",110
"forsyth2007",3
"gautier2016",3
"griffiths2010",78
"ritchie1977",189
"whitelock1979",215
"worsaaend",3
"hayeursmith2018",65
"arbman1933",286
"arbman1935",286
"grahamcampbell1992",180
"kleinglrtner2007",286
"nordin1990",286
"paulsen1937",286
"pedersen1996",286
"sundkvist2001",286
"sturluson1993",286
"soderberg2007",286
"tesch1990",158
"tesch2007",123
"stockholm2007",286
"askeberg1942",127
"metcalf2003",127
"hakon2008",3
"ohs1985",3
"baastrup2013",60
"church2013",3
"dugmore2010",67
"golledge2003",3
"gronnesby2015",3
"klaesoe1997",3
"myhre2000",78
"owen2004",3
"purcell2015",185
"rockman2003",67
"shetelig1927",3
"solli1996",4
"stenvik2001",3
"vandenoort2011",3
"weber1994",10
"weber1996",3
"westerdahl2015",3
"aiken1986",174
"ambrosiani2000",174
"carpelan1992",174
"cassel2008",174
"cleve1930",174
"cleve1943",249
"cleve1978",174
"ross2001",174
"edgren1992",174
"edgren2001",174
"edgren2008",104
"emberling1997",249
"engman1991",174
"entwistle2000",174
"fahlander2007",174
"feldt2002",174
"gardell2001",174
"ginters1981",174
"ginters1984",174
"gosden2001",123
"gustin2010",9
"gustin2015",9
"hagerman2006",174
"hall1990",163
"hall2010",174
"hardh1984",174
"holmquistolausson1993",201
"fuglesang1992",174
"hulthen1984",174
"hvoshchinskaja2004",174
"jaanusson1981",174
"jaanusson1993",174
"jansson1988",59
"jansson1990",174
"jansson1994",174
"jansson2000",300
"kaks1969",249
"kapchan1999",174
"kivikoski1937",249
"kivikoski1938",174
"kivikoski1951",174
"kivikoski1964",174
"kivikoski1969",174
"kivikoski1973",271
"krylasova2008",174
"valdemars1995",174
"kuzminych1996",174
"kyhlberg1973",174
"laulumaa2002",174
"lehtosalohilander1982",74
"lehtosalohilander1983",174
"lehtosalohilander1990",104
"lehtosalohilander1992",174
"lehtosalohilander2000",104
"ligi1993",249
"lindstrom2003",174
"malarstedt1986",174
"markus1939",174
"meinander1957",174
"meinander1985",174
"pokrovskaja2001",249
"selling1945",174
"selling1955",174
"sorensen1971",174
"svanbergskane1999",238
"taavitsainen1990",104
"tarkiainen2008",174
"thalin1984",174
"uino1997",104
"uino2006",249
"wallerstrom2004",174
"wells1998",174
"wells1999",249
"wiessner1989",210
"young1995",174
"wilson2009",136
"worrell2003",46
"downham2017c",3
"baudou1963",286
"andersson2006",198
"bjerstaf2002",17
"brorsson1998",17
"carlsson1976",17
"carlsson2008",141
"clarke1993",17
"dahlstrom2000",17
"fallgren1994",167
"gotfredsen2011",17
"kidd1980",17
"grandin2000",17
"gustafsson2009",17
"gustafsson2007",17
"hawthorne1979",98
"hellqvist2011",17
"hjartnerholdar1999",17
"hoven1991",17
"huttu1996",17
"jakobsson1996",130
"jouttijarvi2005",50
"kirpichnikov2004",271
"lindeblad1996",98
"peets2003",17
"pettersson2005",47
"schmidt1977",205
"schvindtnd",17
"soderberg2011",17
"soderberg2002",225
"thomsen2005",50
"wellinder2004",17
"aberg2006",17
"aspinall2011",176
"baker2013",135
"bronkramsey2009",152
"brown2014",176
"hojdemodel2007",176
"dobat2009",176
"donat2000",176
"gaffney2003",176
"henning2002",238
"herold2012",176
"jacobsson1999",481
"jensen1988",176
"olesen2000",482
"olsen1999",176
"rindel2002",176
"roesdahl2002",266
"svanberg1999",238
"ulriksen1993",40
"abramson2016",135
"ager2014",135
"archibald2007",135
"baker2011",135
"blackburn1998",135
"blair2013",135
"booth1983",135
"brookes2013",135
"brooks2000",135
"cameron1998",135
"cameron2010",135
"daubney2016",135
"dobat2017",483
"edwards1991",185
"everson2007",185
"haldenby2016",135
"johnson2002",135
"langdon1993",135
"leonard2015",135
"loveluck1996",135
"macgregor2009",135
"mcleod2006",185
"metcalf1960",135
"pagan1986",140
"richards1999",135
"richards2004",192
"richards2013",135
"richards2016",135
"rogers1993",135
"steedman1994",135
"stevenson1904",135
"bakka1983",3
"aguilar1986",85
"bill2007",85
"caldwell2014",85
"carwardine1995",85
"clark1947",85
"dahl2003",85
"espinoza1992",85
"gardiner1997",85
"haahrkristiansen1997",85
"hallen1994",85
"henriksen2009",62
"holm2012",85
"isaksen2012",85
"karlsson2016",85
"kjermichaelsen1992",85
"kristensen2007",85
"laist2017",85
"lowenstein1993",85
"lundkoksvik2010",85
"lundkoksvik2013",85
"lundqvist1986",85
"mclees1990",85
"mulville2002",85
"nasman1990",484
"nelson1969",85
"nilsen2014",85
"nordahl2001",219
"petersen1914",85
"riddler2014",85
"sandberg1983",85
"seiler2001",85
"sjovold1966",85
"skomsvoll2012",85
"solberg2007",85
"stauch1994",85
"stylegar2005",44
"svanberg2008",85
"szabo2008",85
"teixeira2014",85
"wickler2012",85
"arne1934",249
"arwidsson1977",223
"graslund2008a",223
"lindqvist1934",223
"lloydsmith2002",223
"madsen1996",223
"schulzedorrlamm2010",223
"schonback1957",223
"schonback2002",223
"hansen2008",485
"blackburn2000",185
"sawyer1962",140
"gould1903",185
"biddle1992",192
"sawyer1998",178
"ulmschneider2000",185
"blackburn2011",184
"blackburn1994",185
"blackburn2001",185
"blackburn2007",179
"williams2007",179
"stein2015",185
"stocker2000",88
"foster1924",185
"oswald1937",185
"pelteret1980",185
"pettersson2009",185
"pirie1997",185
"richards2009",135
"riley1995",185
"rowe2008",88
"rowlandson2005",185
"russell2014",185
"sheehan2014",185
"stafford1980",185
"stein2012",185
"stein2013",486
"stein2000",185
"thomas2000",186
"whitwell1992",185
"williams2002",183
"hurley2014",185
"abulughod1981",487
"adger2009",488
"alexandre1976",66
"alexandre1987",66
"ahdr2004",66
"ahdr2015",66
"arendt1958",66
"arnalds1992",66
"arneborg2008",66
"batt2015",66
"bell1978",66
"bergthorsson1967",66
"bergthorsson1969",66
"blondal1999",66
"bradley1992",66
"bradley2016",66
"brazdil1995",66
"brazdil2005",66
"boulhosa2012",66
"campbell2016",66
"camenisch2016",66
"casely2007",66
"crumley2007",66
"demaree2001",66
"diaz2011",66
"dickson1988",66
"dugmore2005",67
"dugmore2013",66
"dugmore2014",66
"einarsson1994",167
"garciaherrera2008",66
"gragas2001",66
"gudmundsson1997",66
"gudmundsson2008",66
"hambrecht2015",66
"harrison2013",66
"hartman2015",66
"hartman2016",66
"halldorsson1978",66
"hayeursmith2013",66
"henriksen1995",66
"hoffmann2014",66
"holtsmark1956",66
"hreinsson1997",69
"ingimundarson1995",66
"ingimundarson2010",66
"ingimundarson1998",66
"ingram1978",66
"ingram1981",66
"johannesson1956",66
"johannesson1974",66
"johannesson1928",66
"jones2008",66
"jones2004",66
"jones2001",66
"jonsbok2004",66
"kristjansson1980",66
"kirkbride2008",66
"lamb1965",136
"larsen1917",66
"royladurie1972",66
"ludlow2010",66
"luterbacher2016",66
"martinvide1995",66
"mauelshagen2014",66
"mcgovern2013",66
"mcgovern2014",66
"mcturk2004",78
"miles2014",66
"ogilvie1982",66
"ogilvie1984",66
"ogilvie1986",66
"ogilvie1991",66
"ogilvie1992",66
"ogilvie1998",66
"ogilvie2001",66
"ogilvie2005",66
"ogilvie2008",66
"ogilvie1997",66
"pfister1992",66
"pfister1998",66
"pfister1999",66
"pfister2017",66
"pribyl2012",66
"serreze2015",66
"sigurdsson2004",182
"smiarowski2014",66
"smiarowski2017",66
"stern2000",66
"stine1994",66
"stormnd",66
"stora2005",66
"streeter2012",66
"streeter2014",66
"mcgrew1970",66
"teitsson1975",66
"thorarinsson1956",66
"thorarinsson1958",66
"thorarinsson1967",66
"thordarson1993",66
"thordarson2007",66
"thorlaksson1991",66
"thoroddsen1914",66
"thoroddsen1919",66
"thorsteinsson1989",66
"vanengelen2001",66
"vasey2001",66
"vesteinsson2005",66
"vilmundarson1972",66
"waters2016",66
"wheeler2006",66
"young2015",66
"arne1911",174
"arbman1955",174
"callmer2000",174
"naum2008d",235
"bhabha2004a",123
"alper2003",58
"arbman1939",201
"asmus2012",58
"bagge2009",58
"bartels2008",58
"bartlett1996",58
"baumgartner2013",58
"birkebaek1992",58
"bolton2009",58
"bompaire1997",58
"brather2010",58
"brather2012",58
"callmer1994",44
"carelli2012",58
"christensen2000",58
"dobat2008",60
"drjacobsen1942",58
"eisenschmidt2003",58
"filipowiak2008",58
"gelting2007",58
"gilomen2014",58
"grahamcampbell1991a",58
"hatz1974",58
"hauptmeyer1997",58
"henricson2006",58
"herrmann1994",58
"hilberg2009b",60
"hilberg2010",60
"hinton2008",58
"hodges2008",106
"hofmann1984",58
"hybel2013",58
"ilisch1988",58
"jankuhn1937",58
"jonsson1989",58
"juraske2010",58
"kalmring2010e",196
"keller2008",58
"klappauf2011",58
"klappauf2008",58
"leimus2007",248
"loveluck2013",58
"ludtke1985",58
"ludtke2013",58
"lund1991",58
"makeler2005",58
"metcalf1998",58
"meyer1998",58
"moesgaard2006",235
"noonan1994",141
"radtke2002",58
"roesdahl2006",238
"rundberg2000",58
"sawyer2013",58
"sawyer2002",205
"scheel1940",58
"schledermann1966",58
"schwantes1932",58
"gratuze2011",58
"sindbaek2012",7
"spuford1988",58
"steppuhn1998",58
"stieldorf2012",58
"stoklund2000",58
"tummuscheit2010",76
"tummuscheit2013",58
"verhulst2000",58
"wehner2007",58
"wiechmann2002",58
"williams1997",58
"olsen1945",223
"aberg1953",225
"skouhansen2008",223
"norr2008",223
"alqahtani2010",79
"askvik2009",75
"bankier2006",75
"batey2013",75
"beaumont2013",75
"bonsall2009",75
"butler1993",75
"curtissummers2014",75
"fowler2010",37
"greaves2011",75
"halpin2008",217
"harris2016",75
"harris2012",75
"mcguire2010",75
"muldner2009",75
"nissan1999",75
"reimann2012",75
"robb2013",75
"welander1987",75
"avdusin1988",47
"clarke1985",47
"crane1999",47
"galton1971",47
"kjellberg1946",47
"krogh2007",238
"lethlarsen1991",47
"lonborg1994",204
"monteliusnd",47
"martensson1970",47
"possnert2015",47
"soderberg1999",47
"warnke1987",47
"hadley2015",185
"brooks1987",185
"wessexarchaeology1997",185
"andersonnd",192
"anonnd",192
"bailey1980",42
"brogger1929",192
"cochrane1906",192
"duffy1999",192
"dunwell1995",102
"edwards1927",192
"edwards1934",192
"eldjarn1984",192
"evison1969",186
"geake2003",192
"grahamcampbell1979",192
"hadley1999",192
"halsall1998",216
"harke1989",192
"harrison1995",255
"harrison2005",192
"harrison2008",78
"hencken1950",192
"henry1995",192
"lang1976",192
"nimhaonaigh1999",192
"raftery1960",192
"richards2003",192
"rowleyconwy2007",192
"russell2011",192
"sheehan1988",192
"smith1933",192
"smithnd",192
"solberg1985",256
"thorsteinsson1968",192
"vandenoort1993",192
"wallace2002",192
"walsh1995",192
"walsh1998",192
"wilson1976",192
"wilsonnd",192
"kjellberg1947",47
"bakhtin1984",303
"cohen1995",303
"crang1994",303
"edensor1998",303
"fowler1992",303
"graver1999",303
"hewison1987",303
"koivusalo1998",303
"littrell1993",303
"maccannell1976",303
"macdonald1997",303
"mccaulay1999",303
"meethan1996",303
"mordue1998",303
"robb1998",303
"shurmersmith1994",303
"silver1988",303
"urry1990",303
"vestfold1998",303
"watson1994",303
"walsh1992",193
"wright1985",303
"wiechmann2007",61
"hofmann2014c",58
"tummuscheit2012",60
"arbman1980",31
"bohner1991",195
"brown1988",195
"bruck2006",37
"bynum2001",195
"davidson1978",154
"dedekam1925",195
"flores1996",105
"gaimster1998",31
"geary1978",195
"glosecki1989",195
"glosecki2000",195
"hardh2004",195
"haselof1956",195
"haselof1970",195
"haselof1981",195
"haselof1984",195
"hoilundnielsen2002",195
"ingold1994",195
"ingold2000",32
"jakobsson1999",113
"jakobsson2003",194
"jones1998",32
"kalif1997",195
"kristofersen2000",195
"lindstrom2001",195
"magnus2001",78
"magnus2002",195
"mansrud2008",195
"meskell2003",195
"morris1991",195
"mullernd",195
"mundal1974",195
"oestigaard1999",195
"oestigaard2000",195
"orchard2002",195
"raudvere2001",195
"roe1995",195
"roth1979",195
"sofaer2006",195
"speake1980",195
"steenstrpnd",195
"ilisch2013",58
"pollard2009",191
"pritsak1970",191
"hughes1995",303
"barnes2012",203
"christensen1969",203
"fridell2011",203
"fuglesang1991",203
"glob1969",205
"graslund1998",489
"imer2009",203
"jacobsen1932",203
"jacobsen1935",203
"kallstrom2007",203
"cour1951",76
"lerchenielse1993",203
"lund2014",9
"moltke1952",203
"moltke1976",142
"moltke1985",238
"nielsen1969",490
"oebynielsen2007",203
"snaedal1985",203
"stoklund1991",30
"stoklund1994",203
"stoklund2005",203
"stoklund2006",203
"stoklund2010",203
"m2005",203
"storm1977",66
"bengtsson1954",303
"maccannell1992",303
"yorkarchaeologicaltrust1984",303
"strand2009",255
"bekpedersen2007",167
"bekpedersen2009",167
"benderjorgensen1984",255
"benderjorgensen2003",255
"dennis1980",491
"dennis2002",255
"gaoarsdottir2010",255
"gjerset1924",255
"graslund1997",255
"gullbeck2011",255
"guojonsson1964",255
"guojonsson1970",255
"guojonsson1972",255
"guojonsson1992",255
"guojonsson1993",255
"guojonsson1998",255
"harris1995",255
"heide2004",255
"hoffman1974",255
"ingstad1982",255
"jonsson2004",255
"larusson1967",155
"lucas2009",216
"maurer2006",255
"minar2001",255
"meulengrachtsorensen1983",492
"robertsdottir2008",255
"saul2004",255
"sveinbjarnardottir2012",155
"iwlaksson1988",255
"jorlaksson1991",255
"rogers2012",255
"arbman1941",168
"backstreurom2016",168
"briggs2007",168
"brothwell1981",168
"brotherton2007",168
"buikstra1994",190
"cassidy2016",168
"durand2011",168
"eriksson2016",168
"gamba2014",168
"green2008",168
"vanhamel1934",168
"helgessonarcini1996",168
"keller2012",168
"kircher2012",168
"lampa2013",168
"lindstreurom2011",168
"malmstreurom2009",168
"meindl1989",168
"meyer2010",168
"omrak2016",168
"oras2016",190
"salmela2011",168
"sawyer2012",168
"skoglund2013",168
"skoglund2014",168
"slovak2011",168
"steinsland2011",110
"stolpend",168
"thalinbergman1986",168
"vanoven2009",168
"vianello2013",168
"wilhelmson2015",168
"yang1998",168
"crawford1999",167
"hedenstiernajonson2000",201
"jansson1980",55
"kanvall1995",493
"kjellstrom2005",190
"kjellstrom1995",55
"nordstrom2007",45
"rimbert1986",55
"wikborg2007",55
"anderson1909",4
"annalsofclonmacnoisend",4
"blindheim1984",4
"bourke2010",4
"brink2007",175
"carroll1995",4
"hennessynd",4
"coffey1909",4
"connolly1987",4
"crawford1923",181
"danielsson2015",24
"farbregd1979",4
"forte2005",4
"gerace2014",4
"gyllensvard2004",4
"hagland2008",4
"hall2015",4
"haseloff1990",4
"hedeager2015",4
"henry1965",260
"holtsmark1989",4
"jesch2001",142
"jesch2006",494
"kelly1993",4
"lamn2004",4
"lowe2007",4
"lucas1967",4
"lucas1973",4
"lucas1986",4
"magnus1932",4
"mullarkey2014",4
"murray2012",4
"murray2014",4
"murray2015",4
"murray2016",4
"nordvig2013",4
"carragain2010",4
"odonoghue2011",4
"floinn1989",105
"floinn2013",4
"floinn2015",4
"omeadhra1988",4
"ohrn2015",4
"quast2012",4
"rosedahl1992",4
"ryan1989",181
"ryan1998",4
"solli2013",4
"watt2005",4
"watt2011",4
"youngs1989",105
"guojonsson1965",255
"guojonsson1973",255
"guojonsson1994",255
"andersen2004",60
"ashby2009",177
"bakka1965",177
"blindheim1977",105
"budd2004",142
"boe1926",177
"corrain1972",177
"christophersen1989",254
"de1995",177
"etting2013",177
"fagerland2008",177
"gaimster1991",105
"gronnesby2012",177
"haseloff1979",177
"haseloff1987",177
"heenpettersen2013",177
"helle1991",177
"herje1989",177
"herstad2012",177
"hunter2008",177
"jatten2006",177
"martens1994",177
"ofloinn1989",177
"redmond2007",140
"resi2005",177
"roskaft2003",177
"shepherd1985",177
"skinner2012",177
"skjevik1997",177
"sorheim2010",177
"stenvik1994",177
"trotzig1984",177
"trotzig1991",177
"wilson1965",177
"paulsen1933",204
"steuer1962",132
"filipowiak1988",132
"betz1973",203
"bottgerniedenzu1982",260
"buisson1976",203
"eldjarn1956",238
"hagen1950",203
"janowski2006",203
"kjaerum1990",25
"stoodley2000",495
"meskell1999",55
"andresen2010",136
"baker2015",136
"berglund2003",136
"blackford1991",136
"bond2001",136
"bond1997",136
"bradley1992a",136
"bradley1993",5
"conroy2008",136
"cui2013",136
"lorenzo2010",136
"lorenzo2008",136
"eiriksson2006",136
"faust2016",136
"folland2009",136
"grauel2013",136
"gray2010",136
"haldon2016",136
"hass1996",136
"helama2009",136
"hurrell1995",136
"hurrell2010",136
"isono2009",136
"jones2014",136
"krawczyk2010",136
"lamb1982",136
"lamb1985",136
"larsen2008",136
"li2016",136
"ljungqvist2010",136
"mcdermott2001",136
"moy2002",136
"neukom2014",136
"oliva2012",136
"randsborg1991",136
"reimann2011",136
"ribeiro2012",136
"rudaya2016",136
"ruizfernandez2016",136
"scafetta2012",136
"swierczynski2012",136
"ulgen2012",136
"vanloon1978",136
"wanner2008",136
"wanner2001",136
"wanner2011",136
"yan2011",136
"zhong2014",136
"magnus2004",4
"sogness1988",4
"haithabu2003",60
"coupland1989",60
"coupland2016",60
"duczko1997",7
"helmbrecht2004",60
"hoilund1986",60
"hoilund2014",60
"holst1958",60
"jorgensen1990",204
"jorgensen1997",60
"laurent1978",60
"lebecq1986",60
"radtke1981",60
"schlesinger1972",60
"schneeweiss2010",60
"shepard2014",60
"shepard1989",60
"staats1974",60
"story2003",60
"andersen2012",213
"berglund1982",213
"bican2007",213
"bican1907",213
"biltz1969",213
"broholm1946",213
"broholm1949",213
"christensen2006",219
"dillehay1997",213
"dix1982",213
"garfinkel1987",213
"harrington2000",213
"houmarknielsen1991",213
"hoy1995",213
"jensen2002",213
"jons1993",213
"jorgensen2013",13
"kjaer1928",213
"knoll2013",213
"larsen2012",69
"nielsen1967",213
"petersen1971",213
"schuster2000",213
"seir2013",213
"steensberg1974",213
"thrane1979",213
"uschmann2006",213
"williams2004",134
"duczko2007",132
"losinski1997",132
"jagodzinski2008",132
"bately1980",132
"bately2009",132
"gaerte1929",132
"engel1931",132
"engel1935",132
"tischler1902",132
"bezzenberger1904",132
"androshchuk2008",132
"jagodzinski2012",132
"cnotliwy2013",132
"ehrlich1932",132
"ambrosiani1994",204
"arbman1958",132
"carlsson1988",132
"jankuhn1943",60
"klim1979",132
"steuer1979",132
"arbman1993",85
"berggren2004",38
"bergstrom1941",85
"bjorck2008",85
"broberg1990",249
"egenberg2003",85
"fetisov2008",85
"frostne2002",85
"hennius2016",85
"hennius2005",85
"heron1989",85
"hiorth1908",85
"hjulstrom2006",85
"hvid2016",85
"karlsson2002",85
"konsa2013",85
"kupiec2015",85
"kurzweil1998",85
"landin2002",85
"lindeblad1994",85
"lindstrom2014",85
"magnusson1986",276
"neveus1974",85
"persson1994",85
"ravn2016",85
"stahre2012",85
"svenssonhennius2017",85
"villstrand1996",85
"albrectsen1976",163
"andren1998",163
"behre1983",279
"bican2010",200
"fabricius2009",163
"hermansen1938",163
"hjelmqvist1993",163
"janushevich1979",163
"kenward1995",279
"koch2003",163
"mikkelsen1949",163
"moltsen1998",163
"ocete2015",163
"petrini2015",163
"schiemann1953",163
"shanahan2015",163
"sherratt2008",163
"smith1990",163
"stummer1911",163
"troelssmith1953",163
"wamers2016",163
"winroth2012",163
"schietzel1985",158
"pilo2008",158
"androshchuk2004a",158
"fabech2009",219
"sanmark2004",180
"ahnlund1926",158
"ambrosiani1992",204
"ambrosiani1996",204
"andren1985",496
"edgren1995",300
"franklin1996",248
"garizpanov2008",158
"gustin1990",61
"johansen2003",114
"malmer1989",158
"mullerwille2001",130
"noonan1991",105
"polanyi1978",158
"ros2001",79
"rosberg2009",158
"schorske1998",158
"reimer2004",85
"svensson2007a",122
"hilczerowna2037",132
"losinski1995",132
"vonzurmuhlen1940",132
"labuda1961",132
"orosiusnd",132
"andersen2008",205
"bandholm2012",205
"carstens2011",205
"christiansen1999",205
"christiansen2005",205
"dyggve1955",205
"hollstein1980",205
"holmsgaard1999",205
"hvass1998",205
"krogh1993",205
"lemm2011",40
"lindblom2011",205
"lindblom2012",205
"mullerwille1991",205
"trillmich1970",205
"fanning1937",59
"saga1943",59
"kunz2008",59
"dasentnd",59
"andersson2002",59
"armbruster2002",59
"bihrer2012",59
"christensen1985",92
"claughton2011",59
"dekowna1990",59
"osk2009",59
"elvestad1998",59
"fanning1990",497
"hagg2002",79
"helberg1993",59
"hepp2007",59
"hilberg2007",59
"hingst1955",59
"kleingartner2007",204
"mehler2003",59
"molaug2010",59
"mullerwille1968",59
"noonan2000",59
"olsen2004",59
"pestell2011",59
"pierce2009",69
"reichstein1984",59
"roberts2008",301
"englert2007b",59
"scheel1930",59
"simek2007",59
"sode2004",59
"sode2002",59
"sorheim2004",59
"stumpel1983",59
"jakobsson2009",59
"tweddle1999",59
"vogel1983",59
"warmlander2010",7
"wedepohl2003",59
"zori2010",262
"magnusson1966",59
"jessen1958",60
"hoilundnielsen1986",60
"norgardjorgensen1999",30
"neuefischer2014",60
"siemen1990",60
"spiong2000",60
"thuno2002",60
"williams1999",184
"bemmann1998",206
"besteman1999",206
"bjork1957",206
"brandt1996",206
"brink1997",266
"carnapbornheim1996",206
"egeberghansen1988",206
"egeberghansen1996",206
"ethelberg2000",206
"ringtved1989",206
"fabech1992",30
"fenger1971",206
"hedeager1990",206
"helgesson2008",206
"hoilundnielsen2005",206
"hoilundnielsen1993",206
"hvass1986",206
"jarlhansen1988",206
"jessen2008",206
"jorgensen1988",206
"jorgensen1996",30
"kopytof1986",206
"lund1996",206
"lundhansen1995",206
"madsen1995",200
"mauritsen2009",206
"mikkelsen1990",206
"mortensen1988a",206
"mortensen1991",206
"murray1983",206
"nasman1988",274
"nasman1997",145
"norbach1998",207
"norgardjorgensen1996",206
"rasmussen1995",206
"reuter1997",206
"ringtved1986",206
"ringtved1998",206
"sjoholm1988",206
"steuer1982",206
"tacitus1999",498
"ulriksen1989",206
"wenskus1961",39
"zimmermann2005",206
"bjork1982",205
"christensen1983",242
"christiansen1995",206
"christiansen1996",147
"fenger1991",274
"fokkens1998",206
"jorgensen1940",206
"helmold1966",18
"ahrens1995",18
"andersson1979",18
"back1997",18
"denecke1973",18
"dilcher1973",18
"farole2011",18
"hohenberg1996",251
"jankuhn1958",18
"jankuhn1973",18
"kulke2009",18
"laur1992",18
"mogren2012",18
"mohr2005",18
"polanyi1963",18
"steuer2003",18
"tummuscheit2003",18
"vestergaard1991",18
"white2010",18
"lysehansen2000",59
"olausson2002",198
"palliser2000",116
"hodder2003",158
"schlesinger1973a",18
"steuer2005",18
"oed2010",18
"hojbjerg2006",158
"aarseth1982",147
"arge1991",147
"arge2006",147
"arge2005",147
"arge2009",147
"arnalds1997",147
"bertelsen1985",147
"bertelsen1998",147
"buckland2008",67
"butler2006",147
"christiansen1990",147
"christiansen1991",147
"christiansen1987",147
"dennis2000",499
"dugmore2000",155
"dumezil1973",147
"edvardsson2005",289
"einarsson1963",147
"einarsson2002",147
"fagan2000",147
"fjaervoll1961",147
"fredskild1973",147
"fridriksson1994",110
"gerrard1991",147
"gjerland2009",216
"gronvold1995",289
"grove1988",147
"gudmundsson2001",147
"gudmundsson2004",147
"guttormsen1994",147
"halstead1998",147
"harris1988",147
"hambrecht2006",147
"hansen1990",147
"hastrup1989",147
"hermannsson1929",147
"hitzler1979",147
"hjalmarsson1993",147
"holling2002",147
"joensen1976",147
"joensen1980",147
"keller1989",67
"keller1990",147
"konstam2004",147
"kristjansdottir2004",34
"krivogorskaya2005",147
"lageras2007",68
"lambin2005",147
"lawson2006",147
"mcgovern1980",67
"mcgovern1981",155
"mcgovern1986",147
"mcgovern1994",67
"mahler1989",147
"mahler1988",147
"mahler1991",147
"mahler1990",147
"mairs2007",147
"marcus1980",147
"e2003",147
"noonan1998",147
"nordal1952",147
"nordal1954",147
"norrevang1970",147
"olsen1928",147
"olasson1998",147
"perdikaris1998",147
"perdikaris2005",147
"rieck2002",147
"sanmark2002",147
"schofield2007",147
"simpson2003",154
"skardi1970",147
"sveinbjarnardottir1990",147
"sveinbjarnardottir2007",289
"sveinbjarnardottir2008",147
"thomson2003",147
"thomson2005",147
"thomson2007a",155
"vesteinsson2001",298
"wubsmrozewicz2008",147
"thorarinsson1970",147
"aarsleff2005",235
"almgren1955",204
"ambrosiani2002",218
"anglert1999",218
"anglert2001",145
"arrhenius1992",218
"eriksson2001",218
"gjosteinresi1979",218
"gramstorp2000",218
"gustafsson1968",218
"gustin1999",218
"hardh2007",179
"vonheijne2004",235
"hedegaard2007",62
"helgesson1999",271
"herschend1989",218
"hjarthnerholdar2002",252
"horby1988",218
"jansson1978",305
"johanssonherven2001",218
"kresten2001",218
"klnm1999",218
"lennartsson1997",218
"malmer2002",7
"metcalf1996",218
"mikhailov2007",218
"mogren2005",145
"noonan1984",248
"pedersen1999a",218
"riddersporre1998",218
"ringqvist1968",218
"rispling2004",61
"salminen2001",218
"samuelsson2001",218
"schulke2008",218
"serning1956",130
"silvegren1999",218
"sindbaek2001",181
"skibstedklaeso1997",96
"soderberg2000",306
"steineke2005",218
"stenholm1976",218
"stjernquist1995",218
"svanberg1998",264
"svensson2001",306
"tegner1999",218
"tegner2005",218
"thilderqvist2000",218
"thun1967",218
"wamers1984",211
"westergren1986",218
"dumvillend",178
"rau1977",178
"ager2011",178
"besteman2009",178
"coupland2006",178
"dijkstra2009",178
"grieg1929",178
"kilger2007",178
"knol1998",178
"knol2005",178
"knol2010",178
"sheehan2000",178
"sheehan2011",178
"others1971",178
"woltering2000",178
"woolf1990",178
"cook1965",59
"westness1980",102
"magnusson2000",79
"ahrens2001",266
"chronicon2001",205
"dyggve1942",205
"harck2006",205
"wesse2006",500
"hvass1979",302
"janssen2004",205
"mcneill2004",205
"chr2009",205
"klemensen2001",205
"krogh1981",205
"lethlarsen2007",205
"madsen1985",205
"mcguire2008",205
"nielsen1979",302
"petersen1909",205
"staecker2005",205
"trap1964",238
"sicking2008",147
"woltering2002",178
"sawyer1971a",135
"eriksen2001",121
"davidson1979",178
"hoekstra1940",178
"rau1972",178
"rives1985",178
"south1932",178
"bantelmann2003",178
"besteman1997",178
"boeles1915",178
"borchling1938",178
"bregman1998",178
"ijssennagger2009",178
"jons2013",178
"meier2003",178
"milis1998",178
"nijdam2008",178
"pritsak1981",178
"schokker2008",178
"siems1980",178
"smyth1977",178
"springer2003",178
"theuws2009",178
"vries2007",178
"wood2001",178
"broadberry2010",215
"durkin2014",215
"fenner2005",215
"fox1943",215
"hellenthal2014",244
"insley1994",215
"johnston2014",215
"leahy2001",215
"loveluck2011",215
"royrvik2010",215
"samuels1989",215
"thomas2006",301
"townend2002",215
"binns1988",133
"bjerve1980",133
"bjorgo1982",133
"bratrein1984",133
"bratrein1989",133
"bull1920",133
"carstairs1980",133
"eithun1994",133
"ekrem2006",122
"falkanger2007",133
"fugelsoy1970",133
"gansum2000",133
"grimm2004",133
"hobaek2013",133
"hodne1976",133
"holmback1943a",133
"indrebo1935",133
"iversen2014",133
"iversen2007",89
"jansen1943",133
"johansen1977",274
"hauge2007",133
"lillehammer1994",133
"lund1955",274
"lund1959",133
"lund1965",274
"loken2001",133
"nicolaysenndh",133
"norbergschulz1980",133
"olsen2005",133
"olsen2013",133
"patterson2005",133
"relph1976",133
"room2005",133
"schutte1933",133
"seip1934",133
"sjovold1962",274
"sjovold1971",133
"solberg2002",274
"storli2000",133
"stormnda",133
"stormndb",133
"strom2007",274
"taranger1915",133
"tuan1974",133
"urbanczyk1992",133
"vesteinsson2013",216
"odegaard2013",133
"ahlkvist2002",173
"bratt2010",96
"bardseth2007",173
"carlie1999",173
"diinhoff2011",173
"edblom2004",173
"ericsson2001",173
"kalmar1991",173
"eriksson1993",173
"frolund2007",173
"gjerdaker2001",173
"gjerpe2012",173
"gollwizer2012",173
"helgesson2002",271
"hobaek2008",173
"bergen2009",173
"oslo1997",173
"kleven2001",173
"loken1996",173
"martens2007",173
"myhre1972",173
"olsen1926",173
"pedersen1990",273
"petersson2010",173
"reiss1994",173
"reitan2009",173
"reynolds1999",298
"robberstad1967",173
"rosener1995",173
"skre1997",173
"streiffert2005",173
"sorrusten2012",173
"tacitus2001",173
"wasberg1970",173
"odegaard2008",173
"oslo1991",173
"shepared2012",77
"loog2017",202
"mcevoy2006",202
"melchior2008",202
"milman2003",202
"bowden2008",202
"helgason2003",202
"helgason2009",100
"kjellstrom2007",202
"ros2012",202
"kjellstrom2017",202
"wikstrom2008",202
"wikstrom2005",202
"tillmar2010",202
"dupuy2001",202
"karlsson2006",202
"martiniano2016",202
"nesbitt2016",202
"roslund2014",202
"tesch2001",202
"vanoven2014",202
"technology2017",202
"walsh2014",87
"walsh2013",202
"walsh2016",202
"tesch2013",202
"hillbom1984",202
"moorrees1963",202
"smith1991",202
"brooks1990",202
"bruzek2002",202
"novotny1982",202
"phenice1969",202
"evans2004",202
"meller2012",202
"knipper2004",202
"maurer2012",202
"neumann1974",202
"asch2003",202
"lofvendahl1990",79
"hillson2005",202
"schour1941",202
"knipper2014",245
"rohland2007",202
"malmstrom2012",202
"rasmussen2011",120
"korneliussen2014",202
"behar2012",202
"achilli2004",202
"dupuy2006",202
"passarino2002",101
"rootsi2004",202
"auton2015",202
"patterson2006",108
"zeronmedina2013",202
"hveem2001",202
"whittington2006",202
"donnelly2012",202
"eiberg2008",202
"lamason2005",202
"soejima2007",202
"stokowski2007",202
"aitken2013",140
"ascough2012",140
"biddle1985",140
"biddle1986",140
"bigsbynd",140
"bonsall2007",140
"bronkramsey2004",140
"cook2001",140
"cook2015",140
"deggnd",140
"fuller2005",140
"hedges2004",140
"phillips2001",140
"phillips2014",140
"richards2002",226
"russell2015",140
"sawyer1957",140
"szpak2014",140
"taylor1989",140
"dyggve1948",205
"christensen1987d",62
"jorgensen2002e",30
"jeppesen1997",205
"jeppesen1990",205
"bonde1984",205
"glob1970",205
"graver2012",173
"ibsen2005",287
"junker2003",287
"berlin2003",287
"reichchr1995",287
"gotlands1995",287
"valujev1975",287
"wroblewski1963",287
"iineaa1994",287
"bogucki2011",270
"brather1953",270
"fomin1987",270
"jankowiak2015",270
"kara2009",270
"kiersnowski1961",270
"kilger2006",270
"kmietowicz1994",270
"ostergren2009",270
"petrov2014",270
"rebstock2008",270
"arne1946",198
"brady1999",198
"fennomuyingo1997",198
"hedenstiernajonson2001",198
"hedenstiernajonson2002",198
"holmquistolausson1998",198
"liden1997",198
"lovell1986",101
"peterson1987",198
"richards2001",111
"richards2006",217
"soloman1971",198
"trust1992",198
"klaeso2001",218
"andren1984",218
"skibsted2002",218
"birka1992",61
"carnapbornheim2007",61
"capitularia1980",61
"ellmers2009",61
"gade1993",61
"geibig1989",61
"grierson1986",183
"hingst1958",61
"hornfuglesang2000",61
"hoven1990",61
"jankuhn1951",61
"jesch1998",61
"kersten1954",61
"kirpichnikov2001",61
"mullerwille2006",61
"nobbel1936",61
"rispling1990",61
"sawyer1987a",5
"schaefer1956",61
"schietzel1980",291
"schild1991",61
"solberg1991",61
"stalsberg2008",61
"steuer1999",61
"steuer2002",179
"wamers1995",61
"aarsleff2009",235
"blackburn1981b",235
"bolin1962",235
"cach1970",235
"carlson2010",235
"williams2006i",235
"dannenberg2002",235
"duczko2002",235
"galster1977",235
"grahamcampbell2011e",235
"grinderhansen1994",235
"hauberg1900",235
"havernick1935",235
"horsnaes2011",235
"horsnaes2012",235
"metcalf1994",235
"moesgaard2000",235
"morkholm1976",235
"north1989",235
"ostergren2011",235
"poulsen1979",235
"puhle2001",235
"skre2007p",235
"thorsen2006",235
"vennersdorf2006",235
"heijne1978",235
"wagnkilde1978",235
"watt1988",281
"watt1996",235
"reich2003",287
"valujev2005",287
"reich2005",287
"vonzurmuhlen1975",287
"wroblewski2006",300
"adger2013",67
"appelt2009",67
"arneborg1997",67
"arneborg2005",67
"barnett2015",67
"bentley2015",67
"boyd2011",67
"brace2011",67
"brody2001",67
"buckland2009",289
"butzer2012",67
"codding2015",67
"crumley1994a",67
"cumming2008",67
"golding2011",67
"golding2015",67
"gullov2004a",67
"halstead1989",67
"hayeursmith2016",67
"hoegsberg2014",67
"howard1993",67
"ingram2008",67
"jesch1989",67
"kendal2011",67
"kennett2015",67
"kopar2009",67
"kuijpers2014",67
"laland2006",67
"laland2011",67
"laland1999",67
"ledger2013",67
"ledger2014",67
"levistrauss1966",501
"mason2007",67
"mcgovern1991",67
"meaks2005",67
"mehl2017",67
"middleton2017",67
"moltke2015",67
"myhre2004",67
"nedkvitne2014",67
"normandnd",67
"ostergard2011",67
"oye2004",67
"park2005",67
"reinton1960",67
"riede2009",68
"riede2011",67
"roesdahl2016",79
"rowleyconwy2013",67
"rowleyconwy2011",67
"roussell1941",67
"sandvik2005",67
"scott2008",67
"scott1992",67
"smith2011a",250
"sveinbjarnardottir1991",67
"svenning2015",67
"terrel2003",67
"thompson2013",67
"zeder2009",67
"zeder2015",67
"zeder2016",67
"thorsen2007",235
"wiechmann1996",179
"schulke2005",27
"andersson2015",86
"bjorkvik1970",86
"bjorkvik1972",207
"blochnakkerud1987",86
"brendalsmo2014",86
"brinchmadsen1995",86
"buchwald1999",86
"dorum2004",86
"englund2002",86
"hauge1946",207
"helle1974",207
"hostmadsen1999",86
"imsen1990",86
"imsennd",86
"indrelid2009",86
"jonsbok1904",86
"jakobsen1991",86
"knagenhjelm2008",502
"krag2000",86
"loftsgarden2015",207
"martens1978",86
"olafsen1916",86
"pleiner2003",86
"ramsey2017",87
"reinton1956",86
"resi1992",86
"rundberget2013",207
"sandnes1977",86
"simonsen2001",86
"steinnes1930",86
"szmoniewski2010",86
"taksdal1973",86
"tveiten2012",207
"oye1977",86
"atkinson1996",121
"billig1995",121
"blindheim1953",121
"diazandreu1996",121
"eikrem2005",121
"eriksen1993",121
"fairclough1992",121
"gellner1983",121
"gjerde2010",121
"gjessing1928",121
"haavardsholm2004",121
"hesjedal2000",121
"hobsbawm1992",121
"hodder1984",121
"hougen1965",121
"harke1998",121
"jahnsen2015",121
"jones1996",121
"kjorup2001",121
"kristiansen1993",121
"laclau2001",121
"martens1960",121
"munch1985",121
"opedal1999",121
"paxton1999",121
"resi2000",130
"ringrose1993",121
"schanche1989",121
"shanks2001",121
"shetelig1910",121
"simonsen1967",121
"skre1991",121
"stenvik1980",121
"storli1991",157
"stylegar2009",121
"sorheim2011",46
"ucko1989",121
"wineburg1991",121
"ostigard2001",121
"biermann2007",27
"of2002",107
"ambrosiani1972",200
"stamnes2010",258
"arnberg1976",200
"brunstedt1996",200
"carlsson1997",200
"conyers2013",258
"dahlin2001",201
"hansson2004",201
"heamagi2006",201
"herschend1995",200
"hermodsson2004",200
"hjulstrom2008",200
"holmquistolausson1987",200
"ingelmansundberg1972",200
"derfruhgeschichtlichen1980",145
"lamm2011",200
"larsson2014",200
"lofterud1970",201
"lohr1979",200
"olausson1921",200
"staecker2009",200
"soderberg2003",152
"trinks2008",201
"trinks2013",200
"viberg2011",258
"wadstein1936",200
"ungernd",200
"devlet2001",241
"london1964",241
"fedorova2001",241
"londonhelmbrecht2011",241
"kommunikationsmedien2001",241
"hoj2005",241
"hoj2011",241
"ostergard2008",241
"kastholm1974",241
"seid2009",241
"archaeologica2005",241
"lundhansen1973",241
"lundhansen1974",241
"lundhansen1979",241
"london2002",241
"eliade1964",241
"vestergaard2014",241
"arwidsson1984",264
"abrams2001",264
"abrams2005",264
"ayers1985",264
"ayers1994",264
"callmer1989",210
"cameron1975",264
"dallas1964",264
"dickinson1991",162
"eilbracht1999",264
"grahamcampbell1985a",264
"grahamcampbell1994",100
"hattatt1987",264
"madsen1987",264
"hinton1974",264
"hinton1975",301
"hinton1978",264
"kirk1927",264
"leahy2003",264
"leahy1997",264
"margeson1982",264
"margeson1996",264
"mason1997",264
"owencrocker2002",264
"paterson2004",264
"richardson1993",264
"rieck1982",167
"roesdahl1981",264
"rogerson2006",264
"speed2004",102
"stamper2000",264
"wallis2004",264
"youngs2000",264
"youngs1995",264
"jeppesen2005",62
"mohrchristensen2009",200
"wilken2016",200
"birkas2016",200
"kohl1996",121
"st2008",27
"aqvist2004",27
"axboe1996",27
"st1996",27
"einarsson2008",167
"ch2004",27
"holmqvist1961a",27
"holmqvist1964",27
"holmqvist1964a",27
"iversen2008",62
"lindqvist1929",27
"imsen2004",86
"volundarkvida1971",29
"voluspa1971",29
"anderson2007",29
"behrend1970",30
"berggren2006",29
"boyenda",194
"bradley1990",29
"bruck2005",29
"bruck2007",37
"bardseth1998",29
"fowler2001",29
"fredengren2002",29
"fuglesang2002",29
"geisslinger1967",29
"green1998",180
"hauck1981",42
"helgesson1992",29
"herschend2001",32
"hvid2005",29
"iversen1986",29
"jensen1942",29
"kilfeather2003",29
"kousgardsorensen1968",29
"kousgardsorensen1978",29
"lakoff1999",37
"lethlarsen1984",194
"merleauponty1962",37
"meulengrachtsorensen1995",254
"munksgaard1984",194
"needham2001",29
"nordell1991",29
"phillips2002",29
"rowlands1971",29
"seremetakis1994",29
"stutz2004",32
"thunmarknylen1989",29
"vandenoort2006",29
"vigfussonnd",29
"warmind2004",29
"wiker2000",30
"zachrisson1962",194
"baatz1976",40
"beresford1987",111
"bican2014",40
"boethius1931",40
"devries1935",40
"ericsson1992",40
"fuglsang2015",40
"hanson1995",40
"haseloff1942",40
"holtsmark1970",40
"hopetaylor1950",40
"jessen2011",40
"kalmring2014a",40
"kuhn1995",40
"lindqvist1923",40
"middleton2005",50
"mikkelsen1991",40
"nasman2001",40
"oelmann1933",40
"oelmann1940",40
"olesen2015",40
"olsen1967",40
"palm1937",40
"rosborn2004",40
"ruhmann2004",40
"sawyer1986",40
"schafer1977",40
"skov1992",40
"sundqvist2006",40
"sundqvist2009",40
"terkildsen2014",40
"terkildsen2015",40
"tornbjerg1997",251
"vikstrand2004",40
"hallstrom1913",201
"holmquist2002",201
"aarts2005",113
"aarts2009",113
"barndon2004",98
"berg1989",113
"berger1996",113
"bertell2003",113
"budd1995",113
"christophersen1992",113
"creighton2000",113
"dant1999",113
"davies1996",113
"deetz1996",113
"fitzpatrick2005",113
"galloway2006",113
"grierson1960",113
"haaland2004",113
"hall1999",113
"haselgrove2005",113
"hedjakobsson1999",113
"herbert1993",113
"hosler1995",113
"houston2000",113
"insoll2007",113
"kemmers2006",113
"klussendorf2007",113
"kok2008",113
"kurke1999",113
"lightfoot1995",113
"makeler2010",113
"marques2007",113
"martin1991",113
"merleauponty1944",113
"miller1998",113
"mithen2008",113
"morris1992",216
"myrberg2010",113
"nash1978",113
"nick2005",113
"oden2009",113
"papadopoulos1999",113
"petersson1948",113
"przybyszewski2007",113
"rathje2001",113
"renfrew2009",113
"rickman1980",113
"seaford2004",113
"small1995",113
"thomsennd",113
"vanarsdell1989",113
"vonreden1995",113
"white1988",78
"wiggwolf2005",113
"zach2005",113
"zanker1987",113
"jane2008",264
"adalsteinsson1999",123
"agustsson1982",123
"birkeli1973",123
"brink2013",123
"byock2005",34
"christie1982",123
"colman1995",123
"deetz1977",123
"didiplomatariumislandicumnd",123
"edwald2012",123
"foucault1977",123
"foucault1982",123
"foucault1988",123
"foucault1994",123
"fridriksson2011",216
"giddens1984",123
"gilchrist2008",34
"gilchrist2012",123
"gullbekk2012",7
"hall2012",123
"hugason2000",34
"isleifsdottir1997",123
"islendingabok1968",216
"jensen2013",22
"jensenius2001",123
"jonsson2009",34
"jorgensen2004",123
"karlsson2001",123
"karras2003",123
"karras2012",123
"kristjansdottir2012",123
"kristjansdottir2001",123
"lane2001",123
"larusson1980",123
"loren2006",123
"lynn1984",123
"magnusdottir2001",123
"magnusson1972",167
"nilsson1994",34
"nordeide2013",9
"prescott2011",123
"jones2003",123
"runarsdottir2006",123
"russell2005",123
"salonen2013",123
"sigurdsson2008",6
"sigurdsson2011",100
"slupeki2007",123
"spivak1988",123
"stefansson2000",123
"soland2000",123
"young2009",88
"zoega2002",123
"zoega2012",34
"zoega2010",34
"clarke2004",27
"lindblad1999",27
"norlund1935",27
"sorensen1981",29
"almgren1901",196
"ambrosiani1991",79
"ambrosiani1973",196
"anspach2010",130
"beskowsjoberg1996",196
"brucemitford1967",196
"delaet1956",196
"ellmers1995",196
"falk1912",196
"graslund2003",196
"hedeagerkrag2004",196
"holgersson2001",196
"jonssonnd",196
"kalmring2015",196
"karlsson2011",196
"kidd1988",196
"sjovold1957",196
"westphalen2002",60
"bianchi2010",5
"enoksen1999",5
"fuglesang1981",5
"fuglesang2005",5
"gadamer1960",5
"gilchrist2013",5
"jacobsen1941",20
"knutzen2005",5
"knutzen2007",5
"kohring2014",5
"lager2003",279
"ljung2016",21
"malafouris2013",5
"merleauponty1994",113
"moser1998",5
"moser2005",5
"olick1999",5
"olsen1941",278
"petursdottir2012",12
"robb2009",5
"shaw2013",5
"smestad1988",5
"steinsland2014",5
"stromback1969",5
"tarlow2012",5
"thorn2002",5
"oebynielsen2005",5
"ambrosiani1982",201
"arwidsson1984a",79
"bengtzon2000",201
"blomqvist2009",201
"bolin2008",201
"back2010",248
"voncarnapbornheim2011",201
"conolly2006",201
"dahlin1999",201
"odelberg1974",201
"olausson2012",201
"persson2002",201
"rijksmuseumvanoudheden2010",201
"rosen2002",201
"price1990",201
"stavrum1996",201
"stalberg1999",201
"soderberg1996",98
"trinks2010",258
"wiklund2009",201
"wahlander1997",201
"kovalenko2007",285
"kovalenko2008",285
"kovalenko2003",285
"arbman2003",285
"arne1931",285
"blifeld1977",307
"budur2007",285
"bulgakova1999",285
"camer1968",285
"cherrman1986",285
"devidson2008",285
"gurevic1966",285
"gurevic1999",285
"herrman1982",285
"kirpicnikov1986",285
"kovalenko1988",285
"kovalenko1994",285
"kovalenko1996",285
"kovalenko1999",285
"kovalenko2000",285
"kovalenko2001",285
"kovalenko2002",285
"kovalenko2005",285
"kovalenko2009",285
"kulakov1990",285
"kulakov1994",285
"lebedev1965",285
"lovmjanskij1985",285
"melnikova1994",285
"mocja2001",285
"musset1971",285
"puskina1972",285
"scavelev2007",285
"scavelev2009",285
"sinakov2002",285
"smolicev1931",285
"veremejcik2007",285
"zocenko1996",285
"thunmarknylen2000",196
"wisehn1999",196
"stalberg2000",284
"ashmore2003",189
"backlund2001",189
"barnes2006",189
"barrett2005",189
"bradley1987",134
"card2005",189
"charleson1905",189
"crawford2006",189
"fanning1983",189
"firth1986",189
"gammeltoft2006",189
"garrow2005",189
"gibbon2008",189
"griiths2006",189
"griiths2011",189
"hedges1983",189
"hermann1978",189
"hunter1986",189
"hunter2003",189
"jesch2005",189
"laughlin1974",189
"leonard2010",189
"lucy2002",189
"maher2009",189
"marwick1952",189
"marwick1970",189
"milner2007",101
"morris1989",301
"nicolaisen1976",189
"renfrew1979",189
"ritchie1995",189
"robertson1991",189
"sandnes2010",189
"semple2007",189
"simon1987",189
"simpson1997",189
"wallacend",189
"wickhamjones2001",189
"williams2009",187
"biddle1991",193
"flanagan1999",193
"elder2007",193
"kelly1956",193
"kelly1961",193
"corrain1996",193
"channing1996",193
"wallace1967",193
"afm1908",193
"fellowsjensen1991",193
"mahr1929",193
"mckeown1956",193
"floinn1998",193
"hayden1998",193
"simpson2008",193
"lantmateriet2009",201
"ameziane2004",169
"arwillnordbladh2001",169
"hansson2012",169
"peter2015",143
"petersen1908",169
"solberg1984",169
"backdanielsson2015a",24
"riisoy2015",169
"wulffandersen1995",169
"homson1995",189
"homson2001",189
"akin1999",179
"blackburn1997",179
"bogucki2007",104
"chesterkadwell2009",179
"frier2007",179
"kilger2011",179
"kroll2008",179
"kruse1988",183
"kruse1992",184
"kuroda2008",179
"metcalf1985",179
"naismith2005",179
"pedersen2007",130
"pirie1986",135
"feveile1995",193
"bill2006",193
"sloane2011",193
"halpin2001",193
"kelly2004",193
"kelly2010",193
"lynch2001",193
"alstrom1993",225
"andersson1983",225
"arrhenius1982",225
"beronius2011",225
"beronius2013",225
"ekman2000",225
"frolund2010",38
"frolund2013",225
"frolund2011",22
"goldina2003",225
"gothberg2014",225
"hansson2001",225
"kazanski2007",107
"lindqvist1945",225
"lindqvist1949",225
"ljungkvist2013",152
"loven2010",225
"lucas2013",225
"lundahl2012",225
"nordahl1993",38
"olausson1966",225
"runer2006",225
"trinks2011",225
"vikstrand2013",22
"aberg1947",225
"leslie1908",193
"simpson2015",193
"hogan1910",193
"mullerwille1997",266
"berglund2000",266
"coupland1990",266
"hellberg1979",266
"hilberg2011",60
"hinz1981",266
"strukturella1974",266
"iversen1984",266
"kaland1932",266
"sorensen1992",266
"pesch2011",266
"schovsbo2010",266
"willroth1992",266
"aberg1998",217
"ambrose1991",217
"ambrose1987",217
"arneborg1999c",101
"barrett1995",217
"bell2009",217
"bell2010",134
"bendrey2009",217
"bentley2005",217
"bentley2002",141
"bowen2002",217
"geologicalsurvey2010",217
"bryant1996",96
"budd2000",164
"budd2003",217
"burke1982",217
"burton1996",217
"burton1990",217
"burton2000",217
"burton1995",217
"burton2003",217
"calvin1962",217
"cameron2007",217
"carr1962",217
"chisholm1982",101
"clayton1963",217
"coltrain2009",217
"coplen1994",217
"coplen1983",217
"craig1961",217
"daly2010",217
"darbyshire1985",217
"deniro1978",217
"deniro1981",217
"dickin1997",217
"drury1973",217
"dupras2007",217
"dupras2001",217
"eckhardt2009",217
"elias1980",217
"ezzo1994",217
"ezzo1995",217
"fuller2006",217
"gallet1998",217
"gonfiantini2001",217
"halpin1993",217
"hatch1966",217
"hatch1967",217
"herring1998",217
"hobson2004",217
"holm2000",217
"hurley2010",111
"iacumin1996",217
"jim2004",217
"kellner2007",217
"knudson2009",217
"koch1997",217
"kortshack1965",217
"lang1988",217
"leach2009",141
"leach2010",217
"leethorp1991",217
"linderholm2011",217
"luz1985",164
"luz1984",164
"muller2003",217
"mcarthur2001",217
"mccabe2007",217
"mccormick1982",217
"minagawa1984",101
"muldner2011",245
"negrel2003",9
"nehlich2009",245
"obrien1998",217
"oconnor1988",217
"odonnabhain2010",217
"odonnabhain2011",217
"odonnabhain2001",217
"oconnor1982",217
"price1985",190
"price1986",217
"ranson1960",217
"read1934",217
"schoeninger1978",217
"schoeninger1979",217
"schoeninger1983",101
"schurr1998",217
"schutkowski1999",217
"sexton1998",217
"shaw2009",217
"shaw2010",217
"sikora2010",217
"sikora2011",217
"sillen1989",217
"sillen1991",217
"sykes2006",217
"tieszen1992",217
"veizer1989",164
"wallace2006",296
"wallace1994",217
"whipkey2000",217
"white2000",190
"wilson1977",217
"wolfe2001",217
"wright2005",217
"wright1998",217
"karkanas2010",129
"macphail2005",230
"carter1998",230
"axboe1986",25
"broholm1940",25
"danielsson2007",12
"danielsson2010",25
"hauck1978",42
"holmqvist1960",25
"iversen1991a",44
"lamm2004a",25
"mannering2004",25
"mannering2006",25
"mannering2008",25
"mellend",25
"nasstrom1998",25
"nasstrom2009",25
"owencrocker2010",25
"simek2002",25
"stamsomunch2003",25
"watt1999",25
"watt2001",25
"olausson2014a",225
"klaesoe2010",100
"capelli2003",244
"chinnery2006",100
"brochmann2008",100
"benedictow2004",87
"russ2013",100
"malmstrom2007",100
"salamon2005",100
"binladen2007",100
"behar2007",100
"prieto2011",100
"core2011",100
"helgason2007",101
"anderson1981",100
"andrews1999",101
"venables2002",100
"pfeiffer1999",100
"meinila2001",100
"cardoso2011",100
"dupuy1996",101
"richard2007",100
"tambets2004",100
"metspalu2006",100
"melchior2010",100
"dissing2007",100
"torroni1996",100
"zachrisson2008",100
"derenko2007",100
"schonberg2011",100
"brink1999",266
"brink2000",266
"brink2004d",238
"dent1984",30
"dinzelbacher1984",30
"frandsen1999",30
"hines1989",30
"hoff1997",279
"jahnkuhn1951",30
"jerichow1997",30
"john1991",30
"lager2001",30
"liestol1972",30
"lonaas2004",30
"richards1990",30
"rudebeck2002",30
"steinsland1995",30
"stidsing1999",30
"wilke1999",30
"ostmo2005",30
"raddatz1967",266
"gebuhr2000",266
"hultkrantz1991",19
"lund2001",19
"lenntorp2002",19
"nasman1998",39
"nordberg2003",172
"grammaticus1924",19
"sundqvist2004",22
"vierck1979",21
"vifot1936",45
"ljungkvist2015c",39
"hedenstiernajonson2009",142
"nmd1919",30
"habbe2004",30
"gjellerup1973",30
"tilley1993",30
"bonnier1994",30
"caillet1985",30
"collinder1972",30
"hansen1992",30
"fabech1989",30
"john1987",30
"larsson1976",30
"ljungkvist2004a",30
"musset1992",503
"nasstrom1997",30
"olsen2002",114
"ravn1999",30
"ritchie1993",30
"stiesdal1952",30
"nordman1924",269
"tonisson1970",269
"molvogin1978",269
"lind2004",249
"mortensen1979",19
"zeitler1979",19
"braadmoen2013",100
"ahrland2013",224
"aronsson1994",224
"bell2012",224
"emanuelsson2003",276
"george2009",224
"grimm2013",224
"harding1992",224
"harding1997",224
"jennbert2000",224
"karlsson2010",224
"lagerstedt2004",224
"liedgren1992",224
"lindholm2013",224
"magnell2013",224
"myrstad1996",224
"nyren2012",224
"petre1980",224
"ramqvist2007",224
"ramqvist1993",224
"risbol2011",13
"serning1962",224
"sleepersmith2009",224
"stene2011",224
"storli1993",224
"sundstrom1987",224
"svensson1998",224
"svensson2013",120
"zachrisson2010",45
"zachrisson1974",224
"ambrose1990",101
"ambrose1997a",164
"andersen1960",37
"bandelt2006",101
"barrett1999",108
"barrett2000b",101
"bocherens2003",101
"brinkmann1999",101
"deniro1985",101
"eriksson2013",101
"hagelberg1991",101
"hemmendorff1984",101
"holck1997",101
"holck1983",101
"mikkelsen2010",101
"nei1987",101
"opdal1998",101
"paabo1989",101
"ramskou1965",101
"richards1995",101
"rosvold2010",101
"rudbeck2005",101
"sandmo1985",101
"sandmo1984",101
"topf2006",101
"zachrisson2003",20
"cardon2001",244
"marchini2004",244
"bodmer2008",244
"cavallisforza1994",244
"quintanamurci1999",244
"conrad2006",244
"botigue2013",244
"ralph2013",244
"hellenthal2008",244
"odushlaine2010",244
"winney2012",244
"lawson2012",244
"alexander2009",244
"pirinen2013",244
"wilson2001",244
"wells2001",244
"pritchard2000",244
"bodmer1980",244
"howie2009",244
"wright1943",244
"rousset2004",244
"lawson1995",244
"bhatia2013",244
"pritchard2001",244
"moorjani2011",244
"falush2003",244
"aikas2009",32
"aikas2013",32
"backman1975",280
"berggren2010",32
"bergman2008",224
"brightman2012",32
"chapman2000",157
"clavir2002",32
"descola1992",32
"descola2013",32
"dubois1999",44
"edvinger2006",32
"hallstrom1932",32
"helanderrenvall2010",32
"hultkrantz1994",32
"humphrey1994",32
"hutton2001",32
"jernsletten2006",32
"jordan2003",32
"levy1982",29
"lund2011",252
"makarov1991",157
"manker1938",32
"manker1950",32
"manker1957",280
"mauss1924",29
"melheim1999",29
"mulk1996",157
"mundal1996",32
"nergard2003",32
"okkonen2007",32
"orsneschristensen1956",32
"parpola2004",32
"rindstad1997",32
"rostad2012",175
"serning1957",32
"sommerseth2009",10
"svestad2011",32
"viveirosdecastro1998",32
"wallerstrom1995",273
"willerslev2007",32
"zachrisson1992",32
"havamal1971",37
"skaldskaparmal1931",37
"andersen1977a",37
"binski1996",37
"borsheim2002",44
"bourdieu1996",37
"boyendb",37
"bynum1991",37
"februar1977",37
"cinthio1980",37
"cinthio2002",37
"eide1973",37
"fett1961",37
"fowler2011",37
"fredriksen2006",37
"gilchrist2005",34
"hadley2009",37
"hadley2011",504
"harby1994",37
"holloway2010",34
"hougen1935",37
"jeppesen1995a",37
"kiefferolsen1993",145
"kristoffersen2008",24
"larsson2002",37
"lund2003e",37
"martensson1981",37
"s1992",37
"nordeide2007",37
"rebaysalisbury2010",37
"reynolds2011",180
"schulke1999",12
"serning1982",37
"shetelig1912",44
"thompson2004",150
"wagnkilde2000",281
"wagnkilde2001",281
"swedishspeciesinformationcentre2014",224
"adalsteinsson1997",227
"bloch1992",227
"bruun1909",227
"bruun1910",227
"bruun1911",227
"buckert1983",227
"byock1982",227
"deheusch1985",227
"detienne1989",227
"dillmann1997",227
"fridriksson2004",134
"gestsdottir2005",227
"girard1979",227
"hamertonkelly1987",227
"hildebrandt1989",43
"hubertnd",227
"jam1943",227
"jones1984",141
"lucas2006",227
"miller1998a",227
"miller1990",184
"monsen2004",227
"nasstrom1996",43
"nobis1962",227
"nordahl1988",233
"olsen1965",283
"peel1999",227
"roberts2001",69
"robertsonnd",227
"roesdahl1989",227
"roussell1937",227
"steinsland2003",227
"thomas2005",227
"turner1969",280
"vangiffen1963",227
"vondendriesch1976",227
"gudmundsdottir2015",42
"ahlberg1978",505
"akerstromhougen1981",506
"althaus1993",42
"andersson1968",42
"andreeff2014",42
"andren2012a",42
"bailey1996",42
"bailey2000",42
"bailey1988",42
"beck1964",42
"bergmann1941",507
"blindheim1972",42
"bohner1976",42
"bottgerniedenzu1988",508
"buggend",509
"calverleynd",42
"cumont1942",42
"devries1933",42
"diazguardamino2015",510
"egeler2015",42
"ellisdavidson1950",42
"ellisdavidson1969",42
"ellisdavidson1988",42
"ellmers1973",511
"ellmers1981",42
"ellmers1986",42
"eshleman1983",42
"faulkes2005",512
"fingerlin2010",42
"fuglesang2004",42
"graus1977",42
"guber2011",42
"hauck1954",42
"hauck1957",42
"hauck1980",42
"hauck1983",42
"hauck1994",42
"heinzle2010",42
"holmqvist1939",42
"holmqvist1952",42
"hyenstrand1989",42
"kopar2012",42
"kreutzer1989",513
"lang1983",42
"lehnen1997",514
"lindqvist1956",515
"lindqvist1962",42
"malzbender2001",516
"earl2010",517
"margeson1980",42
"marold1972",518
"mundal1998",42
"neckel1983",42
"nedoma1988",42
"nordin1903",519
"north2001",42
"nylen1960",42
"nylen2003",305
"oehrl2006",42
"oehrl2010",42
"oehrl2011",42
"oehrl2012",305
"oehrl2013",42
"oehrl2014",42
"oehrl2015",42
"oehrl2016",42
"olrik1922",42
"quast2009",42
"reichert2003",42
"reitzenstein1924",42
"remondino2014",42
"samson2011",42
"schreiner2000",42
"schreiner2004",42
"vonsee1981",42
"vonsee2009",42
"shetelig1933",42
"simonsson2012",42
"speidel2004",42
"stephensnd",42
"strom1956",42
"swanstrom2010",42
"vierck2002",42
"weber1973",42
"widerstrom2012",42
"wilson1998",42
"zimmermann2012",42
"petursdottir2007",12
"tonning2003",12
"aannestad2017",6
"blindheim1963",12
"butler1990",520
"crenshaw1989",12
"danielsson2012",12
"ekengren2004",12
"fahlander2012",12
"fossum1996",13
"gilchrist1999",6
"glorstad2009",12
"gollwitzer1997",12
"magusnd",12
"pantman2014",33
"pedersen2011",171
"petursdottir2009",12
"prescott1998",12
"samdal2005",12
"svensson2003",12
"thedeen2012",77
"villa2011",12
"fagerlund1993",38
"gothberg2006",38
"gothberg2007",38
"fagerlund2005",38
"gothberg2008",38
"alstrom1996",38
"anund1997",38
"berggren1991",38
"elgh1994",38
"frolund2005",38
"frolund2000",38
"hedlund1992",38
"ljungkvist2000",38
"mattsgarden2000",38
"rahmqvist1986",38
"stromback1971",38
"eckmann2004",38
"deweirdt2011",38
"marx2011",38
"skvorzov2011",38
"alving1935",31
"burenhult1991",31
"collinder1954",31
"vidarhreinsson1997",31
"hauck1972",31
"hyenstrand1996",31
"karlsson1983",31
"leyerle1967",31
"linderholm1918",31
"salin1922",31
"thomasdotterjakobsson1992",31
"tilley1999",31
"wiell2003",31
"wrenn1996",31
"weiss2004",38
"wiegels2004",38
"woltermann2004",38
"zeilier2004",38
"zwertvaegher2004",38
"london1971",38
"oxford2005",38
"blindheim1962",194
"crusden1965",194
"eddadigte1971",194
"egebjerghansen1989",194
"engberg1995",194
"mitchell1977",194
"grieg1920",194
"holmolsen1975",194
"jansson1995",194
"johansson1992",194
"kyhlberg1975",194
"lagersted1999",194
"lampe1993",194
"leahy1995",194
"meulengrachtsorensen1991",238
"motz1983",194
"needham1967",194
"ofloinn1994",194
"ramskou1964",194
"schjodt1994",194
"alving1965",31
"collinder1988",31
"wrenn1998",31
"aldritt2003",167
"allison1997",110
"arnold1999",110
"batey1993",110
"batey2003",110
"beuermann2011",110
"bjorkanbukkemoen2017",110
"bond2007",110
"crawford1983",110
"crawford2013",110
"crossleyholland1982",110
"cussans2010",110
"cussans2015",110
"dietler2001",289
"fraser2009",110
"greenacre2007",110
"griffiths2009",110
"gudmundsson1993",110
"halstead2012",110
"harland2006",110
"harland2012",108
"hastorf2017",110
"hayden2001",289
"hedeager2012a",180
"hermannson2011",110
"jervis2018",110
"jinenez2011",110
"jones2018",110
"madgwick2015",110
"mainland2016",110
"mainland2003",110
"mccormick2002",110
"mccormick2014",110
"mcgovern2010",110
"montgomery2017",110
"morris1996",110
"mulville1999",110
"nicholson2010",110
"noble2013",110
"noddle1997",110
"noddle1977",110
"oconnor2010",110
"oram2015",110
"palsson1978",167
"pollock2012",110
"rackham1996",110
"rowleyconwy1983",110
"rowleyconwy2018",110
"seller1986",110
"serjeantson2007",110
"sharples1998",110
"sykes2010",110
"terbraak2002",110
"woolgar2016",110
"backhouse1984",29
"barrettnd",29
"cohen2003",29
"drachmann1967",29
"gansum2002",50
"hodges1905",29
"idsoe2004",29
"ilkjaer2003",29
"lund2007",29
"morris1983",180
"murphy1992",29
"mullernda",29
"nasstrom1944",29
"osborne2004",29
"osullivan2000",29
"owencrocker1919",29
"petts2003",29
"sanmark2008",180
"sanmark2010",250
"semple1998",180
"simek1983",29
"swanton1974",29
"welinder1992",283
"wellendorf2006",29
"wilson1964",29
"magnus2010",12
"svenberg1984",43
"berg1986",43
"blumenschine1996",43
"boessneck1964",43
"brink1990",43
"bronkramsey2005",43
"brown1960",43
"carter2007",43
"dahlander1916",43
"ekman1973",43
"ekman1974",43
"ekman1984",43
"fagerborg1986",43
"graslund1996",43
"hemmendorff2010",43
"holm2006",43
"holmgren1985",43
"hultcrantz1996",43
"insulander1956",43
"iregren1997",43
"jakobsson1997",43
"lauwerier1983",43
"lemel1999",43
"lindeblad1997",43
"lyman1994",43
"magnell2004",43
"magnell2006",43
"nathorstnd",43
"nordberg2006",22
"nordenram2001",43
"nasstrom1988",43
"paulssonholmberg1997",43
"payne1985",43
"richter1982",43
"rossdale1996",43
"rudebeck2010",43
"sandegren1997",43
"sjodin1980",43
"thilderqvist2005",43
"vikstrand1993",43
"wallin1990",43
"welinder2003",43
"welinder2008",43
"zeder2010",43
"karnell2012",42
"bailey2003",42
"capelle2003",242
"romersdal1961",237
"nasman1942",237
"schnittger1912",237
"brondsted1942",237
"axboe2007",237
"corsten1991",237
"fuglesang2006",237
"nordeide1948",237
"ringstad1988",237
"staecker1990",237
"stoklund2001",237
"strom1984",237
"wamers1997",271
"mainz1997",237
"westlund1989",237
"zeiten2002",237
"zemitis1997",237
"haugbui1924",32
"islendingadrapa1973",32
"andrea2010",279
"beck1978",32
"brown1981",216
"decastro2015",32
"descola2010",32
"drachmann1969",32
"fowler2013",32
"gansum1999",32
"geary1979",32
"geary1986",32
"geary1990",32
"harris1985",32
"hastrup2013",32
"skre1996",5
"vigfussonnda",32
"weismantel2015",32
"rigsthula1960",167
"bekpedersen1943",167
"agnarsdottir1983",167
"bartram1991",167
"berson2002",167
"birch2009",167
"buckland1985",233
"byock2004",167
"christensen1990",167
"deal1985",167
"deboer1979",167
"donat1980",167
"edvardsson2003",167
"einarsson1992",167
"eldjarn1949",167
"eldjarn1961",167
"eldjarn1974",167
"erlingssonnd",167
"evans1967",233
"foote1977",167
"fridriksson1997",167
"gifford1980",167
"gudrun2008",167
"gronvold1980",233
"gronlie2006",167
"gudmundssonnd",167
"hayden1983",167
"hermannsaudardottir1989",167
"hinz1989",167
"hoffmann1964",167
"iceland1985",167
"ingimundarson1992",167
"jones1944",167
"kobylinski1997",167
"kuna2005",167
"lamotta1999",233
"lange1972",233
"magnusson1983",167
"meier1984",167
"milek2010",167
"milek2011a",167
"milek1997",167
"murphy1986",233
"murray1980",167
"nelson1999",167
"nelson1996",233
"oconnell1987",167
"okelly1954",167
"olafsdottir1974",167
"olafsson1992",167
"olafsson1998",167
"olafsson2001",167
"page1995",300
"stead1982",233
"stein1989",167
"stevenson1982",233
"takacs1968",167
"taylor1956",167
"tesch1993",167
"thorlaksson2000",167
"urbanczyk1997",167
"urbanczyk2002",167
"urbanczyk2001",167
"urbanczyk2003",167
"urbanczyk2006",167
"pierce1998",233
"rafnsson1977",167
"reimer2009",167
"roberts1943",167
"shetelig1937",233
"sigurgeirsson2008",155
"simms1988",167
"snaesdottir1992",167
"hammarberg1985",283
"thrane1973",144
"samdal2000",237
"moesgaard2004",237
"steinsland1990",237
"artelius2000",22
"artelius1994",5
"bordo2008",5
"bourdieu1999",5
"broome2015",5
"hedeager2014",5
"jansson2005",5
"leach1958",5
"rydh1919",5
"rydh1936",271
"salin1959",150
"skoglund2005",5
"solberg1993",5
"sten2001",5
"vretemark1983",5
"wallacehadrill1962",5
"wehlin2013",5
"baron2014",128
"baron2006",128
"baron2009",128
"beagrie1989",128
"bielicki1991",128
"billstrom1990",128
"bjorlykke1982",128
"bjorlykke1990",128
"bjorlykke1993",128
"blanchard2001",128
"bode2008",128
"bode2009",128
"boni2000",128
"brooks2004",128
"capelle1976",128
"chen2012",128
"chernyshev2008",128
"chugayev2010",128
"chugayev2013",128
"duralimuller2005",128
"gale1992",128
"guenettebeck2009",128
"guy1981",128
"homer1991",128
"hohndorf1986",128
"johansson1983",128
"johansson1984",128
"johansson1985",128
"karakaya1988",128
"kirnbauer2012",128
"kramers1997",128
"leveque1993",128
"loveluck1998",128
"merkel2015",128
"mirnejad2011",128
"nicolaysenndi",128
"nilsen1991",128
"nriagu1983",128
"penhallurick1986",128
"petersen1995",128
"pollard2008",128
"rohl1996",128
"rohl1998",128
"sayre2001",128
"shepherd1993",128
"sjastad2011",128
"stacey1975",128
"stosgale2004",128
"stosgale1997",128
"sundblad1994",128
"tereygeol2005",128
"timberlake2005",128
"trincherini2009",128
"tylecote1992",128
"villa2009",128
"wedepohl1978",128
"kershaw1990",186
"hadley2008",77
"alexander1987",186
"carter1969",186
"mckinley2000",186
"budd1999",186
"benedictow1992",68
"brothwell1998",68
"crumlinpedersen1992",68
"bacco2006",68
"dunnell1999",68
"dyke1984",68
"gad1984",68
"geist1978",68
"halstead1989a",68
"janssen2003",68
"jones1986",262
"keller1984",68
"premo2010",68
"thorarinsson1961",64
"weiss1976",68
"abels1988",134
"geller2005",186
"campbell2001",186
"richards2011",186
"rollason2000",186
"blackburn2005",69
"mckinley2003",186
"avery1990",129
"babel1975",129
"barrat1964",129
"bell1996",129
"bell2000",129
"biddulph2012",129
"boorman2002",129
"breuningmadsen2001",129
"breuningmadsen2003",129
"catt1986",129
"courty2001",129
"crowther1996",129
"cruise2000",129
"engelmark1993",129
"engelmark2008",129
"holden1994",129
"kelley2010",129
"kooistra1978",129
"linderholm2007",129
"linderholm2013",129
"macphail2000",129
"macphail2009",129
"macphail2012",129
"macphail1998",129
"niblett1999",129
"reineck1986",129
"rentzel1999",129
"rosenqvist1958",129
"stoops2010",129
"thirly2006",129
"veneman1984",129
"viklund2013",129
"wilkinson2012",129
"ipccrkpachauri2014",87
"reckin2013",87
"dixon2014",87
"lee2017",87
"farbregd2009",87
"callanan2016",87
"finstad2008",122
"vedeler2013",87
"hafner2015",87
"kelly2013",87
"fehrenschmitz2014",87
"hare2012",87
"haas2017",87
"barbier2011",108
"orengo2013",87
"hjelle2015",87
"indrelid2011",92
"pluskowski2013",87
"indrelid2015",87
"beijersbergen2017",87
"vorren1998",87
"stene2015",87
"benn2010",87
"odegard2017",87
"young2012",87
"helama2012",87
"linderholm2010",87
"matthews2008",87
"bevanger2004",87
"kullman1994",87
"williams2012",87
"armit2014",87
"mann2015",87
"callanan2013",87
"callanan2015",87
"arjava2005",87
"graslund2012a",93
"buntgen2017",87
"nesje2009",87
"villumsen2016",87
"hoeg2014",87
"howardjohnston1998",87
"barrett2016",108
"barth1983",87
"walloe2010",87
"meldgaard1965",68
"majchczack2014",302
"berger1970",302
"hatz2001",302
"bantelmann1967",302
"braren1935",302
"kersten1958",302
"segschneider2009",143
"majchczack1967",302
"beseler1982",302
"erdmann2001",302
"jons2014",302
"laur1959",302
"segschneider2004",302
"stilke2001",302
"stumpel2009",302
"wunderlich2013",302
"fell1993",41
"gamble2001",41
"jakobsson1992",170
"mortensen1988b",41
"price1995",41
"stromback1935",41
"wheeler1954",41
"wilson1996",106
"anttonen1992",280
"baudou1993",280
"baylisssmith1998",280
"bergman1995",280
"bradley1997",280
"douglas1966",280
"fellman1906",280
"gennep1909",280
"harrison1903",280
"helskog1999",280
"hultkrantz1978",280
"insoll2004",280
"jordan2001",280
"kleppe2006",280
"laestadius2002",280
"lahelma2005",280
"mebius1968",280
"baylisssmith2001",280
"napolskikh1992",280
"nordbladh1980",280
"pettersson1957",280
"ramqvist2002",280
"rank1955",280
"rydving1993",280
"sammallahti1982",280
"schanche1995",280
"solem1933",280
"taavitsainen2003",280
"terebikhin1993",280
"tilley1991",280
"trubshaw1995",280
"turner1978",280
"uibopuu1988",280
"wiik2000",280
"vorren1978",280
"gojda1991",167
"jezek2002",167
"ruttkay2002",167
"takacs2002",167
"magnusson1973",167
"edvardsson2007",167
"oye1988",167
"stenberger1979a",167
"giffordgonzalez1985",167
"buckland1989",233
"stead1981",233
"karras1988",216
"jochens1995d",41
"gudmundsson2009a",167
"skjelsvik1958",129
"schindler1956",302
"amundsen2004",233
"arnalds1995",233
"canti1999",233
"canti2003",146
"carr1984",233
"hakbijl2002",233
"hreidarsdottir2005",233
"johnson1974",233
"malinskybuller2011",233
"matthews1997",146
"mehler2002",233
"misarti2011",233
"roberts2003",233
"rolfsen1980",233
"sampietro2005",233
"shahackgross2005",233
"shahackgross2008",233
"shillito2011",233
"smith2001",88
"snaesdottir2003",233
"stein1983",233
"stockton1973",233
"sullivan2004",233
"tani1995",233
"terry2004",233
"tinsley2002",233
"vizcaino1999",233
"vyncke2011",233
"wandsnider1996",233
"wilk1979",233
"zielinski1997",155
"brughmans2012",162
"collar2015",162
"coole2010",162
"curta2006",162
"curta2008",162
"curta2010",162
"effros2004",162
"fuchs1950",162
"gauss2009",162
"geary2002",162
"goffart2006",162
"hakenbeck2007",162
"halsall1992",162
"holmes2018",162
"ingold2012",162
"koch1998",162
"kuhn1965",162
"kuhn1974",162
"leigh1980",162
"martin2015",162
"martin2019",162
"mills2017",162
"mol2007",162
"neumeister2014",162
"nissenfett1934",162
"nocaj2015",162
"parfitt1994",162
"parfitt1997",162
"pedersen2018",162
"pohl2002",162
"rostad1904",162
"stoodley1999",150
"straume1987",162
"suzuki2008",162
"theune2014",162
"vanoyen2011",162
"vanoyen2013",162
"vanoyen2016",162
"werner1947",162
"andersson2008f",96
"back2008",22
"frioriksson2013",34
"gunnell1995",44
"gunnell2004",96
"gunnell2008",96
"harris2000",96
"hallansstenholm2010",96
"lihammer2012",96
"pentz2013",96
"philipotts1920",96
"roberts2009",96
"sjosvard1989",96
"svensson2010",22
"vikstrand2010",96
"wessman2010",24
"wessen2002",292
"blomkvist1999",292
"brink2005",292
"caldwell2003",292
"lerbom1915",292
"nyberg1976",292
"olsson1984",292
"ortved1933",292
"rafnsson1974",292
"rosen1949",292
"ruthstrom1988",292
"ronnby1995",292
"schmidtwiegand1967",292
"schmidtwiegand1989",292
"steffen1943",34
"yrwing1940",292
"ostergren1992",292
"yrwing1951",22
"yrwing1978",22
"lindroth1915",292
"fett1941",162
"vangennep1909a",280
"buckley2004",102
"armit1996",102
"gammeltoft2004",102
"hall2008",102
"jay2013",102
"jennings2005",102
"capo1994",102
"chiaradia2003",102
"dangela1990",102
"diefendorf2005",102
"evans2009",102
"fronval1995",102
"keefe2007",102
"montgomery2002",102
"parkerpearson2005",102
"puceat2010",102
"raiber2009",102
"sanchezchillon1994",102
"sellevold1999",102
"simpson2010a",102
"stephan2000",102
"toolis2008",102
"trickett2003",102
"vanrensburg1986",102
"warham2012",102
"woolf2005",102
"bagge1998",246
"chenery2012",190
"harrison2003",246
"johansen1986",246
"reed1998",246
"sellevold1991",246
"sellevold1996",246
"sellevold2001",34
"sullivan1981",246
"tauber1981",246
"vandermerwe1978",246
"balodis1940",231
"bogucki2006",231
"brundage1991",231
"carlsson1998",231
"christoffersen1996",231
"crumlinpedersen1989",231
"crumlinpedersen1996",145
"crumlinpedersen1998",231
"ehrensvard1991",231
"filipowiak1998",231
"griciuviene2005",231
"haak2004",231
"kiaupa2000",231
"kochkurkina1961",231
"lang1996",231
"lang2004",231
"lehtosalohilander1984",231
"limbo2004",231
"lougas1994",231
"magi2002",231
"magi2004",231
"magi2005",231
"magi2007",231
"magi2009",231
"magi2013",231
"petrenko1995",231
"radins2006",231
"rebkowski1998",231
"sedov1974",231
"shepherd1999",231
"sindbaek2003",181
"vijups1997",231
"spingis2008",231
"tvauri1998",231
"vaitkunskiene1995",231
"vasks2008",231
"vassar1939",231
"vassar1975",231
"welinder2009",231
"zarina2006",300
"gramsch2007",52
"zachrisson1989",52
"kopytoff1996",52
"kristiansen1974",52
"pfisterer2008",52
"aberg1990",190
"ambrosiani2005",204
"ambrosiani2016",9
"backstrom2016",9
"blauer2013",9
"burgman1987",190
"fennomuyingo2000",9
"gustin2016",9
"harvig2014",9
"kaislaniem2011",9
"kalmring2016",145
"lama2015",9
"leciejewicz1956",9
"lightfoot2016",9
"nironen1997",9
"pellegrini2016",9
"stolpendc",9
"tuross2017",9
"weihed2005",9
"wilhelmson2017",190
"yurtsever1980",9
"nepomniashchii2012",304
"gaidukov1994",304
"kuzmin1997",304
"kuzmin2015",304
"watt1984",281
"stanislawski2000",251
"britishgeologicalsurvey2001",102
"raudonikas1930",304
"ravdonikas1924",304
"plokhov1996",304
"sturluson2011",300
"ynglingatal2011",300
"anbrosiani2007",300
"banyterowell2005",300
"bliujiene2008",300
"blomkvist2005",171
"bertasius2006",300
"bonnellnd",300
"creutz2003",300
"deemant1977",300
"ehrensvird1991",300
"filipowiak1983",300
"gurevitch1970",300
"argang2000",300
"johansen1939",300
"khvoshchinskaya2004",300
"lamm2009",300
"ligi1968",300
"ligi1995",300
"baltica2007",300
"magilougas1993",300
"melnikova2007",300
"melnikova1990",300
"mickevicius1994",300
"mugurevies1994",300
"nosoy2001",300
"nosov2005",300
"nosov2006",300
"opik1970",300
"radin1998",231
"selart2002",300
"selirand1974",300
"sindbek2003",300
"spirgis2008",300
"stubavs1966",300
"sne1997",300
"tamla1977",300
"tarvel1975",300
"tonisson1974",300
"valtonen2007",300
"zabiela2008",300
"zemitis2007",231
"zulkus1991",300
"boyd1985",281
"boyd2005",281
"silliman2001",281
"barrett2002",281
"marshall2002",281
"watt1985",281
"naum2005",281
"kockakrenz1993",281
"bergatzky1989",281
"tvauri2001",231
"amundsen1996",114
"auestad1992",114
"balascio2011",114
"binns1978",114
"bratrein1983",114
"bratrein1991",114
"bratrein1995",114
"bruun2007",114
"evjen2008",114
"gjessing1973",114
"grimm1999",114
"grimm2002",114
"grimm2006",114
"grydeland2001",114
"guttormsen2005",114
"henriksen1996",114
"hesjedal1996",114
"hinsch1960",114
"hodder1979",114
"holand1989",114
"johansen2002",114
"johansen1982",114
"johansen1990",114
"johansen1978",114
"mathiesen1978",114
"myhre1978",114
"myhre1985",114
"nilsen1998",114
"nilsen1995",114
"odner1985",114
"olsen1998",114
"olsen2001",87
"rolfsen1974",114
"rolfsen1990",114
"said1993",114
"schanche1992",114
"simonsen1980",114
"sobstad1980",114
"spivak1987",114
"spivak1990",114
"storli1985",114
"vorren1985",114
"wickler2005",114
"wik1985",114
"vanderleeuw1989",281
"c2006b",180
"arbman1969",180
"blair1994",180
"brink2001",9
"cameron1988",180
"carver1988",180
"carver2001",238
"carver2002",180
"cooper1993",180
"dubois2006",180
"effros2003",180
"everson2011",180
"fabech1994",180
"fell1956",180
"geake1997",78
"grahamcampbell2009",181
"griffiths1991",103
"gurney1986",180
"hall1989",180
"halsall1989",180
"hayward2011",180
"heide2011",180
"heide2014",180
"hoggett2007",216
"ilkjaer2002",93
"jankuhn1955",180
"karras1990",78
"knapp1999",180
"larrington1996a",180
"mcleod2013",180
"raffield2013a",103
"hagland2005",180
"randsborg1999",180
"sanmark2009",238
"scarre2002",180
"scragg1991",180
"semple2010",250
"sheppard1939",180
"museum2012",180
"harkell2011",180
"thurston2002",143
"tilley2006",521
"webster1983",180
"yorke1990",180
"ambrosiani1997",98
"armbruster2004",175
"auch2007",130
"trzeciecki2012",130
"aurebagoien1980",130
"bayley1992",130
"berg1956",130
"blindheim1969",130
"blindheim1968",130
"brinchmadsen1984",175
"capelle1971",130
"christophersen1980",89
"de1979",98
"dungworth2000",130
"feveile1994",271
"gosselain1998",130
"grieg1922",98
"hedegaard2005",175
"jones2006",130
"jouttijarvi2006",175
"jouttijarvi2007",130
"paulsen1936",175
"pedersen2000",175
"pilo2000",130
"skjolsvold1951",130
"sperber1990",130
"vince2011",130
"augenti2011",54
"bilge2013",54
"bowleg2008",54
"back2018",54
"collins2016",54
"davis2008",54
"diazandreu2005",54
"evans1997",78
"goldhahn2007",54
"holmquist1990",54
"holmquist1993",54
"holmquist2001",54
"holmquist1998",54
"holmquist2009",79
"inall2014",54
"kaliff1992",54
"kristiansen1999",283
"laneri2007",54
"nelson2007",54
"olausson2001",54
"popa2014",54
"schietzel1963",54
"thedeen2011",54
"vennatro2016",54
"yotov2016",54
"ashede2015",54
"aagard1984",268
"arbman1960",268
"bjeletskij1998",268
"capelle1962",268
"dellepiane2009",268
"edberg2001",268
"eniosova2008",268
"gingerich2014",268
"hermon2008",268
"jolshin2012",268
"klindtjensen1965",268
"neiss2005",268
"neiss2006",268
"neiss2009",268
"neiss2010",268
"puskina1998",268
"scott2002",268
"shearer2012",268
"sholts2012",268
"sholts2010",268
"sholts2011",268
"sotnikova1959",268
"kastholm2008",268
"thunmark1974",268
"wiechmann2001",268
"wolters2006a",268
"eriksen2007",130
"hallam2001",54
"ekengren2006",54
"rindal2004",73
"backdanielsson2008",77
"bennett1987",77
"carlsson2002",306
"fabech2004",77
"henderson1991",77
"hjorungdal1994",77
"hovanta1995",77
"lagerholm2009",77
"mays1998",190
"rosten2007",77
"simpson2004",142
"sindbaek2006",251
"smyser1965",77
"stalsberg1987",77
"thedeen2008",77
"dudo1998",78
"gragas2000",78
"grettirssaga1974",78
"layofharoldtransl1936",78
"almqvist1965",522
"almqvist1974",523
"betzig1982",78
"brown2009",78
"camdennd",78
"chagnon1988",78
"clover1993",41
"coleman2015",78
"colwell1988",78
"coupland2003",182
"debuse1999",78
"dickemann1979",78
"downham2014",261
"ebel1993",78
"ember1974",78
"emlen1977",78
"falys2014",524
"forsgren2004",78
"fuglestvedt2014",78
"goetting2006",78
"griskevicius2012",78
"hill1990",78
"hoglund1993",78
"hudson2004",78
"jacobsen1982",78
"jochens1980",78
"jochens1986",78
"jochens1987",78
"jochens1991",78
"kvarnemo1996",78
"kvarnemo1995",78
"madsen1993",78
"meulengrachtsorensen1980",525
"mitani1996",78
"montgomery2008",78
"moorad2011",78
"opdahl2003",78
"reichert2006",78
"renaud2000",106
"sampson2006",78
"schacht2014",78
"szekely2014",78
"thedeen2009",526
"weir2011",78
"woolf2016",78
"zeitzen2008",78
"staecker2006",527
"kure2013",528
"lamm2003",260
"lamm2003a",529
"hauck1985",530
"hauck1969",531
"neckel1983e",532
"larrington2014",42
"bangnd",42
"buggenda",42
"dronke1989",42
"haavardsholm1996",42
"hauck1982",42
"heusler1941",42
"wilhelm1952",42
"vanderhorst1982",42
"horst2010",42
"hultgard1987",42
"johansson2013",42
"lamm2003b",42
"mckinnell1994",42
"mckinnell2008",42
"meyernd",42
"north2003",42
"oehrl2009",305
"quast2002",42
"nordal1980",42
"stephensnda",42
"westphal2004",42
"williams1994",42
"musty1974",88
"saxo1931",73
"sopp1999",73
"thomsen1929",73
"blindheim1982",175
"clarke1995",146
"duner2006",175
"gaut2015",175
"hougen1931",175
"kielland1927",175
"maddicott1989",175
"ryghnde",175
"samson1991a",175
"schramm1955",175
"werner1980",175
"coplen1988",226
"a2007",60
"sjoberg1987",44
"blindheim2008",44
"brogger1997",44
"chatwin1990",44
"eisenschmidt1994",44
"gourevich1999",44
"gunnell2000",44
"gunnell2006",44
"harris2009",533
"hagg2009",44
"jakubovskij1926",44
"liepe1989",44
"mckinnell2005",44
"montgomery2004",44
"ogden2008",44
"page1985",44
"petrenko1991",44
"robbins2004",44
"rundkvist2003",271
"schjodt2007",44
"schjodt2009",44
"skre2004",41
"steinsland1981",44
"stern2009",44
"tollnes1998",44
"faulkes1989",42
"sekundaerkilder1997",98
"barndon1992",98
"drescher1977",98
"gustafsson2005",141
"haaland1985",98
"jouttijarvi2001",98
"krishnan1976",98
"roesdahl1993",76
"smith1974",98
"steinsland1997",98
"webster1999",98
"feveile2002b",98
"fuglesang1987",175
"anderson1992",141
"balasse2002",141
"bell2001",141
"bethard2013",141
"brabrand1991",141
"buzon2013",141
"cameron2011",141
"cruz2011",141
"eliason2010",141
"ferguson2009",141
"fornander2015",141
"grupe2011",141
"haak2008",245
"hofstra1995",141
"hunter1975",141
"kahl2009",190
"knudson2008",141
"knudson2011",141
"lambergkarlovsky1972",141
"lane1972",141
"magnusson1980a",141
"moberg1981",141
"naum2012",141
"olsen1961",141
"suchey2006",141
"tung2011",141
"turner2009",141
"vos2005",141
"webb1985",141
"wilson1970",141
"crumlinpedersen1988",291
"zeitzen1997a",291
"wenger2004",291
"sofartsmuseums1987",291
"baxter2008",534
"christensen1988",145
"cooper1978",291
"edgren1988",291
"elsner1992",291
"gillespie2001",34
"grieg1933",291
"hejgaard2010",291
"hojrup1983",291
"jensen2008",291
"sandberg2006",291
"schwartzman2006",291
"smolarek1969",291
"sztompka1994",291
"tesch2005",291
"zeitzen2002",291
"ostergaard2011",291
"hayeursmith2004",77
"byejohansen2004",77
"thunmarknylen2015",77
"hougen1934",130
"khazaei2013",130
"stylegar2001",130
"tansoy2001",130
"wexelsen1981",130
"albrectsen1994",238
"althoff1999",238
"andersen2011",238
"bede1968",238
"blair2005",301
"dulinicz2002",238
"foote1993",238
"gullbekk2008",238
"keynes1991",238
"kornerupnd",238
"krag2003",238
"meier2002",171
"meulengrachtsorensen1997",238
"meulengrachtsorensen2001",238
"miuillermertens1999",238
"ottodergrosse2001",238
"pedersen2005",238
"refskou2004",238
"roesdahl1983",238
"roesdahl1987",238
"roesdahl1999",238
"roesdahl2004",238
"schoujorgensen1997",238
"skovgaardpetersen1977",238
"steinsland2008",238
"tesch2008",238
"wilson1966",260
"porsteinsson1987",238
"fangel1941",219
"chapman1981",44
"miller2005",44
"nylen1987",44
"andersson2016b",24
"cambridge2017",24
"hauptman2014",33
"aukrust1982",87
"ayers2016",87
"bergman2007",87
"carrer2015",87
"critch2018",87
"curdy2016",87
"norvegicum2019",87
"finstad2018",87
"gilck2019",87
"grjotheim1978",87
"gunnarsdottir2000",87
"hollesen2018",87
"kleiven1973",87
"kummen1983",87
"providoli2016",87
"rosvold2017",87
"savioz2016",87
"shawnd",87
"thun2018",87
"timberlid2015",87
"volken2015",87
"younghusbandnd",87
"shetelig1920b",204
"miles1989",88
"abbott2005",88
"gilmour1988",88
"aitken1966",88
"aitken1962",88
"aitken1983",88
"anon1996",88
"aspinall1977",88
"barley1964",88
"barley1981",88
"belfiore2007",88
"blinkhorn2013",88
"brooks1984",88
"bryant1977",88
"dallas1993",88
"dunning1959",88
"everson1999",88
"field1990",88
"ford1995",88
"froh2004",88
"gale1995",88
"garmonsway1972",88
"garrigos2001",88
"golitko2012",88
"goodwin2013",88
"harkel2013",88
"hebditch1964",88
"hurst1962",88
"ixer1997",88
"jordan1994",88
"kilmurry1980",88
"leah1994",88
"vander1993",88
"mainman1990",88
"maniatis1981",88
"maniatis1984",88
"mccarthy1988",88
"miles1974",88
"nailor1984",88
"price1975",88
"quinn2013",88
"rice2005",88
"rogerson1984",111
"rye1981",88
"sawyer1998c",88
"arwidson1984",96
"arwidson1986",96
"arwidson1989",96
"bennike1985",96
"bennike1993",96
"calmer1977",96
"deniro1988",96
"gilbert2005",108
"hoefs2004",96
"jorkov2007",96
"kanstrup2006",96
"leethorp2003",164
"longin1971",96
"madsen1988",145
"reidla2003",96
"runge2010",96
"schoeninger1989",96
"sillen1998",190
"skibstedklaesoe1997",145
"sponheimer2006",96
"vanklinken1999",96
"verhulst1966",219
"verhulst1995",219
"walette2004",219
"paludan1991",219
"koch1936",219
"steensberg1952",219
"steensberg1973",219
"dobat2007",219
"meier2007",219
"tesch1992",219
"fangel1998",219
"tollin1998",219
"riddersporre2003",219
"nedkvitne2004",219
"fritz1988",219
"back1995",248
"gustin2011",248
"haussig1987",248
"martin1986",249
"noonan1985",248
"noonan1989",248
"noonan2001",248
"rispling2007",248
"roslund1997",248
"roslund2009",248
"roslund2010",181
"thordeman1926",248
"holmquistolausson2002",248
"johansson1997",248
"jonsson2001",248
"kovalev2001",248
"kovalev2002",248
"kovalev2005",248
"kovalev2011",248
"landgren1998",248
"younghusband1904",87
"of1917",20
"jensson1929",20
"arbman1936",20
"arent1969",142
"ekelund1956",20
"ellisdavidson1967",20
"gjeerder1964",20
"holmavist1955",20
"jansson1963",142
"perkins2001",20
"price1969",78
"salin1913",119
"steinsland1936",20
"agrip1929",20
"hultgard2003",22
"hudson2005",33
"rediker1987",103
"pennel1997",103
"leeson2009",103
"antony2002",103
"hudson2007",103
"price1991",103
"wulfstan1976",103
"artefacts1980",103
"birkeland1954",7
"arcini2005a",103
"catling2008",103
"griffiths1991a",103
"richards1989",103
"kanstrup2008",96
"andersson1975",190
"arcini2018",190
"arppe2010",190
"azmy1999",190
"buko2013",190
"chernykh1985",190
"faure2004",190
"fraser2018",190
"hyenstrand1982",190
"lewis2008",535
"maldre2018",190
"margaryan2019",190
"peschel2014",190
"punning1987",190
"raukas2009",190
"ruff2012",190
"sillen1982",190
"trotter1958",190
"tuuling2011",190
"wea1980",190
"woelfel2002",190
"arcini1998",41
"baillie1991",155
"baillie2015",155
"bolender2011",155
"davies2015",155
"dugmore1992",155
"edwards2012",182
"einarsson1988",289
"erlendsson1995",155
"haflidason2000",155
"haflidason1992",289
"hammer1980",155
"hermannsaudardottir1988",155
"lane2014",155
"larsen1982",155
"larsen1984",155
"larsen1977",155
"lowe2008",155
"lowe2011",155
"lowe2015",155
"lowe2001",155
"newton2008",155
"oladottir2008",155
"ponomareva2015",155
"roberts2000",289
"sigurgeirson2014",155
"sigurgeirsson1995",155
"sigurgeirsson2007",155
"sigurgeirsson1998",155
"sigurdsson1982",155
"sveinbjarnardottir2004",155
"theodorsson2009",155
"theodorsson2012",155
"vilhjalmsson1991",155
"vinther2006",155
"zielinski1995",155
"palmerbrown1995",88
"vince2009",88
"andersen1982a",199
"andersen1996",199
"bennike1994",199
"brather2001",199
"burschel1994",199
"caferro2006",199
"christophersen1940",199
"damgaardsorensen1991",199
"fiorato2000",199
"hermann1974",199
"krueger1985",199
"nielsen1990",279
"petersen1989",199
"roesdahl1975",199
"thordeman1939",199
"ahlstromarcini2005",41
"schjodt2013",41
"anderson2010",9
"bayman2013",9
"bentley2007",9
"brink2014",9
"buck1938",9
"erikson2015",9
"hauofa2008",9
"heyerdahl1938",9
"kane1997",9
"king2003",9
"kirch2010",9
"kirch2012",9
"kirch2014",9
"kirch2017",9
"kirch2007",155
"kirch1992",9
"ljungstrom2004",9
"ravn1993",9
"ravn2011",9
"ravn2018",9
"salmond2010",9
"schjodt2017",9
"smith2010",9
"spriggs2008",9
"spriggs2016",9
"stolpendd",9
"thomas1997",9
"thomas2010",9
"wawn2000",106
"raukas1997",190
"aybes1995",150
"bond1996",150
"bond2005",150
"bond2006",150
"branston1974",150
"crabtree1989",150
"crabtree1995",150
"dark1962",150
"dickinson2002",150
"dickinson2005",150
"dobney2007",150
"dowden2000",150
"eliade1989",150
"fell1995",150
"filotas2005",150
"gannon2003",150
"grundy1995",150
"harke1981",150
"hawkes1997",150
"hicks1993",150
"hinton2005",135
"hoilundnielsen1997",150
"hoilundnielsen1998",150
"hoilundnielsen1999",271
"hoilundnielsen2001",150
"hooke1993",150
"johnson1995",150
"jolly1993",150
"lamm2000",150
"leigh1984",123
"lionarons1998",150
"lucy2000",150
"magnus2003",150
"north1997",150
"pluskowski2006",150
"rackham1994",150
"salisbury1994",150
"sykes2001",150
"thompson2003",150
"yalden1999",150
"clauskrag1982",536
"ruth1988",537
"lindkvist2003",538
"yuhl2013",539
"cameron2008",540
"cameron2016",541
"lewis2017",542
"karras1980",543
"larson1935",544
"lee1936",545
"audr2001",546
"benraffield2017",547
"see2012",548
"reuter2012",549
"blili1996",550
"somerville2014",551
"ch2011",552
"michaelswanton2000",553
"robinson1921",554
"gothenburg2000",555
"goodall1990",556
"henning2012",557
"warner2009",558
"olsson2017",559
"simpson2018",560
"ch2000",561
"lunde2012",562
"jankowiak2016",563
"lewis2016",48
"ostergren2008",48
"kankpeyeng2009",48
"laird2010",48
"bodel2005",48
"walz1977",48
"daniel1992",48
"morgan1998",48
"warren1977",48
"bodel2014",48
"ireland1952",48
"hardh2001",190
"lamm2005",190
"lang1995",190
"salmo1938",190
"skrzat2010",190
"tarvel1982",190
"trotter1952",190
"anderson2002",48
"arnold1991",79
"dowson2006",79
"dror2017",79
"fridriksdottir2013",79
"geller2017",79
"gero1985",79
"ghisleni2016",79
"herget2008",79
"jansson1992",79
"jensen2018",79
"jordan2009",79
"joyce2008",79
"knauer2001",79
"lindqvist2004",79
"nakhaeizadeh2014",79
"nilssonstutz2013",79
"norgardjorgensen1997",79
"olausson2001a",79
"reeder2008",79
"sorensen1983",79
"stolpe2019",79
"wylie1992",79
"dagstorp1999",251
"mark1998",251
"bogelund1999",251
"naes2000",251
"andersminde1980",251
"okholm1996",251
"starigardoldeburg1991",251
"stro1984",251
"bchin1965",251
"albert1999",253
"albert2002",251
"barabasi2003",251
"becker1999",251
"becker2003",251
"clarke1972",564
"dodds2003",251
"donat1984",251
"c2006c",251
"granovetter1973",251
"herrmann2005",251
"jacobsson2000",251
"jons1997",76
"lundquist2003",251
"meier1991",251
"ormerod2004",251
"palmer2003",251
"palmer2004",251
"ravasz2003",251
"renfrew1977",253
"schoknecht1977",251
"schuldt1965",251
"schuldt1967",251
"schuldt1981",251
"schuldt1985",251
"wasserman1994",253
"watts2003",251
"watts1998",251
"wells2005",251
"wietrzichowski1993",251
"ahlen1998",104
"aikio2006",104
"alenius2007",104
"alenius2011",249
"barrett2009",104
"carpelan1984",104
"carpelan2003",104
"carpelan2006",104
"donner1986",104
"edberg1999",104
"fewster2006",104
"halinen2005",104
"herrgard2005",104
"hiekkanen2010",249
"huurre1983",104
"hakkinen2010",104
"ivars2002",104
"jaakkola1935",104
"karlsson1987",104
"korpela2004",104
"kovalev2007",104
"kriiska2007",104
"kumpulainen2004",104
"kuusela2011",104
"lehtosalohilander1985",104
"lehtosalohilander2001",104
"leskinen2008",104
"masonen1989",104
"meinander1950",104
"moilanen2010",104
"nordman1944",104
"norrman1983",104
"nunez1993",104
"nunez1995",104
"orrman1991",104
"orrman1993",104
"poutiainen2008",104
"raninen2010",104
"ringbom1994",104
"roeckhansen1995",104
"salo2000",104
"schalin2008",104
"spirgis2006",104
"spiridonov1991",104
"taavitsainen1980",104
"taavisainen1988",104
"taavitsainen1994",104
"taavitsainen1999",104
"taavitsainen2007",104
"tomtlund2005",104
"uino2003",104
"maria2001",104
"valtonen2008",104
"viklund2002",104
"wickholm2000",104
"wickholm2004",104
"kirpichnikov1985",251
"makarov1990",249
"makarov2009",249
"melnikova1991",249
"muller1987",170
"nerman1929",271
"nosov1992",157
"nosov2001",106
"ravdonikas1949",79
"smolichev1925",307
"sitii2006",307
"andren2004j",44
"beskowsjoberg1987",44
"crumlinpedersen1995d",44
"t1999",44
"grahamcampbell1998j",10
"price1989a",164
"skaarup1972",44
"terry1990",44
"ludtke2001",253
"barabas2003",251
"brinch1991",204
"jansson2008",204
"hakonshetelig1917",204
"harrison2010",289
"russell2007",78
"budd2014",78
"score2010",78
"lundraffield1989",78
"griffiths1997",261
"ross1983",78
"thee1980",48
"baker1997",78
"khoroshev2007",48
"kotowicz2007",48
"macgregor1978",135
"binns1963",135
"booth1987",135
"booth1997",135
"bulock1960",135
"clark1966",135
"craig2010",135
"cramp1976",135
"kemp1996",135
"kershaw2008",135
"leahy2000",301
"morris1977",135
"morris1984",135
"naismith2011",135
"naylor2001",135
"peers1943",135
"powlesland1998",135
"rahtz1967",135
"schoenfelder2011",135
"stocker2007b",135
"thomas2003",135
"townend2014",135
"williams1988",135
"wrathmell2012",135
"richards2014",135
"richards2015",135
"richards1983",78
"williams1983",78
"swanton1970",78
"cluniesross1985",78
"james1997",48
"woodward2004",78
"beskowsjoberg1987a",271
"beltznd",210
"clark1984",210
"davis1983",210
"fehring1987",210
"fehring1995",210
"gerrard2003",210
"hubener1959",210
"karlin1922",210
"liebgott1989",210
"lischnd",210
"moreland1991",210
"sorensen1989",210
"verhaeghe1994",210
"wiessner1939",210
"desha2000",9
"honolulu1991",9
"dining1980",9
"athens2017",9
"oxfordroutledge2016",9
"graeber2017",9
"redknap2004b",9
"amkreutz2004",9
"lewis1972",9
"mattes2016",9
"mattes2008",9
"comacchio1983",9
"whitehouse1983",9
"hooper2006",9
"kirch1985",9
"kristiansen1998",9
"space2015",9
"rainbird2015",9
"ratnagar2001",9
"jp2010",9
"sherratt1993",9
"clark2008",9
"valeri1985",9
"malarlandskapen1993",9
"wallin1993",9
"westerdahl1992",9
"jankuhn1975",204
"ramskou1999",204
"rundkvist2001",204
"windgather1990",204
"windgather2003a",204
"sussex1997",78
"waitznda",78
"ramskou1963",204
"almgren1981",204
"neiss2070",204
"attwood2000",33
"einarsson1991",33
"blake1962",48
"durrenburger1934",33
"ol1939",33
"ellison2000",33
"finlay2011",33
"finlay1959",33
"kennedy1997",33
"kunz2000a",48
"lunde1983",33
"schmeidler1917",33
"toddnd",33
"tschan1959",48
"alkrenawi1999",33
"alkrenawi2002",33
"audur2008",33
"barry1981",33
"baumeister2004",33
"betzig1995",33
"borovsky1999",33
"boyden2007",33
"bragg2008",33
"breitman2004",33
"broude1976",33
"caldwell1998",33
"ross2010",33
"daly1980",33
"divale1976",33
"elbedour2006",33
"fleisher1999",33
"fleisher2004",33
"grossbardshechtman1993",33
"graslund1989",33
"henrich2012",33
"hraundal2014",48
"huber2011",33
"jankowiak2008",33
"jankowiak2005",33
"karamagi2006",33
"karras1992",33
"kress2002",33
"kolker2014",33
"larrington2016",48
"liwoch2007",33
"ljungqvist2015",33
"miller1982",33
"norrman2000",48
"norstein2014",33
"odonoghue2004",48
"omariba2007",33
"ritchie1976",33
"saelebakke1986",33
"schacht2015",33
"simek1992",33
"sjoberg1976",33
"sorensen1946",33
"wyatt2009",33
"anderlini1992",254
"bloch1967",254
"boyes1921",183
"carrier2005",254
"grierson1959",183
"grierson1967",254
"gulibekk2002",254
"gulibekk2005",183
"gulibekk2009",254
"hedeager1993",254
"jevonsnd",254
"lunden1978",254
"lunden1999",183
"lunden2007",254
"metcalf1967",254
"miller1987",254
"samling2008",254
"postan1973",254
"radford1946",254
"seip1957",254
"skre1968",254
"steinnes1929",254
"steinnes1936",254
"pormksson1992",254
"back1984",210
"karlin1923",210
"aberg1923",271
"aija1997",271
"ailio1922",271
"ambrosiani1956",271
"ambrosiani1968",271
"arbman1932",271
"areslatt1993",271
"arrhenius1999",271
"atterman1935",271
"bennettlagerlof1978",271
"bennett1976",271
"blindheim1949",271
"dreijer1966",271
"drotz1995",271
"ekholm1918",271
"eniosova1998",271
"enqvist1923",271
"gudesen1980",271
"hackmannd",271
"hagberg1966",271
"helgen1982",271
"herteig1955",271
"holmqvist1970",271
"horfors1988",271
"kivikoski1980",271
"lind1984",271
"lindahl1950",271
"macgregor1997",271
"marstrander1973",271
"martens1969",271
"monteliusnda",271
"nilsson1990",271
"odencrants1933",271
"rasch2001",271
"ostergaardjensen1987",271
"petre1984b",271
"ramqvist1998",271
"rasmussen1989",271
"reisborg1994",271
"ryghndf",32
"salinnd",271
"sarauw1923",271
"schonbeck2002",271
"serning1960",271
"simonsson1972",271
"spirgis2007",271
"stjernquist1951",271
"stolpe1927",271
"tillvaxten1909",271
"vangpetersen1991b",271
"vedelnda",271
"worsaaenda",271
"hermann2017",9
"cherry1986",254
"bagge2010",122
"englert2007c",89
"callmer1976",89
"dalton1975",89
"elster2007",89
"finley1973",89
"hansen1977",279
"jansen2015",89
"lie1988",108
"mikkelsen2006",89
"mitchell1984",296
"myrvoll1992",92
"ostmo2011",89
"pilo1990",89
"polanyi1944",252
"rundberget2009",89
"stenvik2003",183
"swedberg2014",89
"wiberg1977",89
"voncarnapbornheim2007",164
"cohen1997",164
"fuchtbauer1971",164
"dejong2010",164
"kiefferolsen1997",164
"lihammer2007",164
"lindstrom1991",164
"messenburg1972",164
"milthers1916",164
"moberg1994",164
"naum1925",164
"rossmann2000",164
"safran2005",164
"schoeninger2003",164
"vensild1996",164
"vonhejine2004",164
"wagnkilde1996",164
"nordal1938",33
"sigurdur1938",33
"christensen2012",144
"engberg2002",144
"rieck1992",144
"sigurdsson2012",144
"skre2005",144
"soderberg1966",144
"olausson2009",144
"kvhaa1903",271
"adkins1984",298
"ahlberg1946",298
"ainslie2005",298
"alstrom2005",298
"allerstav1991",298
"beck1984",298
"bratt1999",298
"christiansson1958",298
"christiansson1989",298
"darvill2004",298
"driscoll2004",298
"fitzpatrick2001",298
"fitzpatrick2004",298
"fririksson2003",298
"gelling1978",298
"goessler1938",298
"grinsell1976",298
"hewittnd",298
"hoffman1990",298
"e1933",298
"hultgard2001",298
"jansson1943",298
"loyn1974",298
"mannerfelt1930",298
"meaney1995",298
"meaney1997",298
"newman1997",298
"norden1938",298
"olafsson1985",298
"pantos2002",298
"pantos2003",298
"peake1935",298
"persson2004",298
"schnell1938",298
"semple2004",298
"sundqvist2001",298
"turen1939",298
"turner2007",298
"vestergaard1990",298
"warner2004",298
"weitzel1986",298
"wildte1926",298
"wormald1999",298
"addyman1981",181
"alcock1963",181
"bayley1987",181
"bayley1991",181
"bayley2008",111
"benson1911",181
"blair1991",181
"boni2003",181
"clarke1998",181
"coatsworth2002",181
"comber2004",181
"cowgill2009",181
"dickens2009",181
"cowie2012",181
"craddock1989",181
"daniels1988",181
"dommasnes1987",181
"emery2007",181
"eremin1998",181
"wilthew2002",181
"garmonsway1947",181
"gilmore1980",181
"griffiths2007",181
"hall2001",181
"higham1993",181
"hinton1990",181
"hinton1996",181
"hinton2000",181
"hinton2003",181
"hutcheson2009",181
"kershaw2010",181
"laing2006",181
"loken1987",181
"macgregor1999",181
"mann1982",181
"newman1993",181
"nicholson1997",111
"omeadhra1987",260
"oriordain1971",111
"owencrocker1986",181
"paterson1997",181
"paterson2000",181
"pritchard1991",181
"radley1971",181
"seaman2013",181
"smith1923",181
"waltonrogers2004",296
"taylor1987",181
"thomas2004",181
"thomas2008a",181
"tweddle1986",181
"vince2001",111
"rogers2007",181
"rogers2014",181
"rogers2016",181
"wastling2009",181
"waterman1959",181
"webster2012",181
"caroline1999",79
"blank2018",79
"chukhina2015",79
"davydova1999",79
"dzhakson2002",79
"dzhakson1986",79
"glykou2018",79
"gorelov1997",79
"nv2017",79
"gromig2019",79
"jackson2003",79
"jackson2009",79
"khudoley2013",79
"kirpichnikov1984",79
"kirpichnikov2013",79
"knudson2007",79
"lalazarov2012",79
"moiseyev2014",79
"moisio2015",79
"ostman2004",79
"petrenko1985",79
"petterson1995",79
"platonova1996",79
"raffensperger2014",79
"saarnisto1995",79
"sankina2000",79
"sauramo1929",79
"karlgoran1999",79
"subetto1998",79
"zazzo2004",79
"dunfjeldaagard2005",157
"reymert1980",157
"arne1909",283
"bergstol2002",157
"bohannan1959",157
"brogger1928",157
"fjellstriim1962",157
"gjessing1927",157
"ell1990",157
"gullbekk2003",157
"jasinski1998",157
"kopytoff2000",157
"montelius1922",157
"niisstriim2001",157
"ojanlatva2003",157
"yrbyggjasaga1989",157
"sandmo1994",157
"kongesagaer1979",157
"steinsland1989",157
"steinsland1992",157
"steinsland1984",157
"stenberger1971",157
"byock1998",142
"fox1974",183
"palsson1986",142
"whitelock1976",142
"alesina1999",142
"coffe2006",142
"dcms2002",142
"doosje1995",142
"eger2010",142
"ellemers1997",142
"ellisdavidson1976",142
"jans2015",142
"stewart1991",142
"korostelina2007",142
"lindeman1997",142
"lonnroth2008",142
"lund1985",142
"maderer2014",142
"mcdonald2012",142
"petta1992",142
"putnam2006",142
"rhee1996",142
"sawyer1985a",142
"schjodt2011",142
"smith1997",142
"sosis2006",142
"swann2009",142
"swann2012",142
"tajfel1971",142
"thomas1999",142
"tropp2001",142
"whitehouse2012",142
"whitehouse2014",142
"barnwell2003",298
"pantos2004",298
"holmback1933",298
"lucas1966",105
"bourke1993",105
"hedeager1994",183
"hardh1988",105
"kruse2007",105
"lieber1989",105
"mauss1923",105
"miller1986",105
"mullerboyson1987",105
"saunders1995",105
"bagerius2001",48
"batey2012",111
"baxter2005",48
"becker2007",48
"bickerton2015",48
"grahamcampbell2001h",48
"bird2000",48
"blackmore2011",48
"boothby2004",48
"bychowski2018",48
"casey2010",48
"chagnon1992",48
"coltrane2006",48
"connell2000",48
"connell2005",48
"crawford2007",48
"damon2006",48
"dommasnes2008b",48
"ember2015",48
"enloe2017",48
"erikson1950",48
"foote1979",48
"pesch2018",48
"gilligan1982",48
"gilligan1990",48
"gowland2001",48
"gunnell2013",48
"haapasalo2000",48
"halstadmcguire2010b",48
"handel2007",48
"hays1982",48
"higate2005",48
"hinojosa2010",48
"hollander1949",48
"hooper2001",48
"honwana2006",48
"howard2000",48
"kaland2008",48
"kamp2015",48
"keith2005",48
"kimball2013",48
"knusel2000",48
"larrington2008",48
"levine1990",48
"lewissimpson2008",48
"lillehammer2010",48
"macinnes2016",48
"mcguire2016",48
"mead1934",245
"meggitt1977",48
"mellor2014",48
"murphy2017",48
"mygland2010",48
"hencken1933",48
"orchard2011",48
"orme1995",48
"perkins1972",48
"preston2014",48
"raninen2008",48
"scribner1965",48
"reynolds1991",48
"ross2018",48
"shimahara1970",48
"soderberg2017",48
"sofaer2011",48
"solli2008",565
"squires2013",48
"swanton1997",48
"underwood2006",48
"varney2000",48
"weinreich2009",48
"weisner2015",48
"weisner1977",48
"werner1964",48
"wessells2006",48
"whaley2009",48
"whitehouse2017",48
"woolf2017",48
"snorres1999",157
"armstrong2000",134
"a2007a",274
"barrett1994",274
"binford1972",566
"brogger1950",274
"fuglestvedt2007",274
"grieg1942",274
"gunnes1976",274
"holmsen1939",274
"ilkjaer2000",274
"kallhovd1994",274
"krag1995",274
"munch1981",274
"munch2007",274
"myhre1997",274
"mollerop1957",274
"mollerop1971",274
"parkerpearson1982",274
"petersen1937",274
"ronneseth1963",274
"ronneseth1966",274
"sandnes1997",250
"shanks1982",274
"sigurdsson1993",274
"slomann1958",274
"sturlasson1964",274
"stenberger1966",274
"stenvik2005",274
"steuer1989",274
"storli2001",134
"tacitus1977",274
"titlestad1996",274
"thompson1965",274
"appelgrennd",249
"back2007",249
"callmer1980",249
"callmer1986",249
"carpelan1980",249
"damell1967",249
"delort1978",249
"edgren1999",249
"ekbo1981",249
"enqvist2004",249
"enqvist2006",249
"floderus1931",249
"gustavsson2001",249
"hackman1938",249
"haggren2005",249
"hiekkanen2001",249
"hirviluoto1986",249
"huurre1987",249
"huurre1992",249
"kivikoski1939",249
"lang1985",249
"ligi1994",249
"lind2000",249
"lind2006",249
"lind2009",249
"makarov2006",249
"morris1999",249
"raportteja2003",249
"pimenov1965",249
"purhonen1992",249
"purhonen1997",249
"ryabinin1978",249
"ryabinin1986",249
"saksa1985",249
"saksa1992",249
"schmid1942",249
"silliman2005",249
"stang1981",249
"stein1998",249
"stein1999",249
"stein2002",567
"syse1987",249
"taavitsainen2004",249
"tomantera1991",249
"tvauri2005",249
"zakharov2004",249
"gurevic1968a",105
"sampson1991",105
"bloch1989a",105
"addyman2009",120
"ajzen1977",120
"alberge2007",120
"amundsen2010",120
"bennett1995",120
"bland2009",120
"boe2012",120
"braarvig2000",120
"brodie2006",120
"brodie2009",120
"christensen2011",120
"conway1914",120
"craig1999",120
"diekman1998",120
"digginghedmark2012",120
"engberg2001",120
"fabech2012",120
"facebook2014",120
"facebook2014a",120
"ferguson2013",120
"fjell2005",120
"gill1993",120
"goffman1969",120
"goffman1971",245
"grieg1943",120
"haavaldsen1982",120
"holtorf2005",568
"hougen1961",120
"husby2005",120
"hogh2008",120
"hoviskeland2012",120
"johansen2011",120
"kallman2008",120
"kallman2007",120
"kersel2012",120
"korsell2006",120
"kvale1997",120
"lewis2012",120
"mackenzie2006",120
"mackenzie2011",120
"mahdy2006",120
"michaelsen1998",120
"moesgaard2002",120
"retstidende1991",120
"retstidende2010",120
"nou1996",120
"omland2006",120
"omland2008",120
"omland2011",120
"omland2012",120
"phillips1999",120
"steiner1977",120
"rasmussen2013",76
"silverman2005",120
"silverman1993",120
"stigsorensen2009",120
"sykes1957",120
"sorensen2013",120
"tassy2013",120
"thagaard2003",120
"thomas2009",120
"troim1999",120
"troim2005",120
"ullen2004",120
"ulph2012",120
"wankel2008",120
"ostergren2013",120
"anon2011",106
"bloch1939",106
"chin2004",106
"dillmann1996",106
"hall1984",106
"hilberg2008a",106
"horton2000",69
"klejn2009",106
"knirk1999",106
"mcgovern2011",106
"mullerwille1996",106
"nordenborgmyhre2001",106
"nosov1998",106
"steuer1990",106
"vollertsen1989",106
"ward2000",106
"wallace2001",106
"willemsen2009",106
"wynnejones2007",106
"tacitus1997",274
"batey1994",182
"bjornskov2009",182
"bohnet2008",182
"bourdieu1986",182
"brondsted1960",184
"chartrand2006",182
"barry2008",182
"delhey2005",182
"dohmen2008",182
"freitag2008",182
"greif1989",182
"greif1993",182
"greif2006",182
"greif2012",182
"guiso2008",182
"haywood1995",182
"langer2002",182
"lookofsky2006",182
"milgrom1990",182
"nannestad2008",182
"nunn2011",182
"olson1993",182
"ostrom2009",116
"ozcan2011",182
"paldam2000",182
"putnam1993",182
"putnam2000",182
"raffield2009",182
"ramskou1962",182
"rothstein2003",182
"rothstein2005",182
"svendsen2004",182
"svendsen2009",182
"svendsen2012",182
"sorensen1990",182
"traunmuller2011",182
"uslaner2002",182
"uslaner2008",182
"vikings1997",182
"weber2009",182
"williamson1993",182
"aegidius1977",145
"albrectsen1941",145
"albrectsen1970",145
"albrectsen1984",145
"andersen1987",145
"andersen1998",145
"andersen1971",145
"andersson1972",145
"andren1994",145
"arentoft1984",145
"arentoft1985",145
"arentoft1993",145
"arentoft1999",145
"bartholin1976",145
"bartholin1974",145
"becker1982",145
"bertelsen1991",145
"bertelsen1992",145
"binderup1996",145
"bjerregaard2016",145
"bjerregaard2017",145
"christensen1975",145
"christensen1977",145
"christensen1999",145
"christensen2017",145
"elkjaer2001",145
"og2001",145
"fussel2008",145
"amt1992",145
"gothche1995",145
"grandtnielsen1971",211
"grandtnielsen1982",145
"harnow2005",145
"haupt2006",145
"henrichsen1968",145
"henriksen1988",145
"henriksen2012",145
"hoff2000",145
"hohenberg1985",145
"hohenberg1995",145
"hojlundnielsen1987",145
"jacobsen2000",145
"jacobsson2003",145
"jeppesen1981",273
"johannsen1995",145
"jorgensennda",145
"juel2010",145
"kousgardsorensen1969",145
"krongaardkristensen1998",145
"krongaardkristensen2016",145
"langkilde2007",145
"lauritsen1974",145
"lauritsennd",145
"levinnielsen1968",145
"linaa2016",145
"lindblom2013",145
"lundhansen1988",145
"lundo2012",145
"madsen1991",145
"madsen1982",145
"mathiesen1922",145
"mathiesen1927",145
"mejdahl1993",145
"moller2008",145
"nasman1996",145
"nielsen1984",145
"nilsen1990",145
"nilsson2015",145
"norgaardjorgensen2002",145
"nyberg1982",145
"odman2014",145
"olesen2014",145
"olsen1969",145
"pagh2016",145
"petersen1987",145
"porsmose1996",145
"poulsen2015",145
"riis1999",145
"rindel2001",145
"rosch2013",145
"runge2016",145
"runge2017",145
"sanke2001",145
"schorring2000",145
"skaarup1997",145
"skaarup2005",145
"smed1962",145
"sonderby1988",145
"stenak2005",145
"tarup1934",145
"thrane1996",145
"trap1957",145
"ulriksen2016",145
"ulriksen2014",145
"vraengmosejensen2017",145
"weber1958",145
"zeeberg2000",145
"zinglersen2004",145
"callmer1990",90
"mccormic2001a",90
"halcrow2008",48
"taylor2013",91
"ams2013",120
"politakis2002",120
"dobinson1995",301
"higham1987",301
"hill1966",301
"loyn1977",301
"lucy1999",301
"metcalf1993",301
"naylor2005",301
"paynton2006",301
"richards2008a",301
"ulmschneider1999",301
"vandenoort2000",301
"vandenoort1995",301
"barfod2015",91
"raja2015",91
"bakka1978",183
"davis1992",252
"granovetter1985",183
"gudeman1986",252
"gudeman2001",252
"herschend1980",183
"hirsch1987",252
"lie1997",252
"lunden1972",252
"munksgaard1978",183
"naumann1987",107
"sawyer1989",252
"wilk1996",252
"zafirovski2001",252
"adey2014",245
"andrushko2011",245
"beardsley1955",245
"bergerbrant2007",245
"binford1980",245
"bollig1987",245
"ceruti2004",245
"cresswell2012",245
"eerkens2014",245
"font2012",245
"frankopan2015",245
"frei2017",245
"frobeniusnd",245
"frobeniusnda",245
"garnett1945",245
"gleirscher2004",245
"greenblatt2010",245
"gronenborn1999",245
"heberle1938",245
"helms1994",245
"hermes2018",245
"huntington1996",245
"jockenhovel1980",245
"jockenhovel1991",245
"jockenhovel1995",245
"jockenhovel1994",245
"kaufmann2004",245
"kelly1992",245
"kelly1995",245
"kimmig1958",245
"kootker2016",245
"krause1988",245
"lee1966",245
"ling2014",245
"lippert2007",245
"maixner2013",245
"marshall2015",245
"melheim2018",245
"murdock1967",245
"neaher1979",245
"neipert2006",245
"nerlich2009",245
"oelze2011",245
"pernter2007",245
"plomp2017",245
"podolny2005",245
"reiter2014",245
"reiter2015",245
"schadelindig2003",245
"scharlotta2018",245
"scheeres2014",245
"shellar2018",245
"sjastaad1962",245
"stewart2017",245
"tipple2013",245
"vandersanden1996",245
"vandkilde2007",245
"veblennd",245
"welsweyrauch1988",245
"wendrich2008",245
"white2009",245
"beck2013",152
"blindheim1954",152
"chase1997",152
"enright1988",152
"eriksen2002",152
"gansum2018",39
"gjerpe2016",152
"meulengrachtsorensen2003",152
"myhrend",152
"nicolaysenndo",152
"sala2008",152
"skyllberg2008",22
"talma1993",152
"warner1987",152
"polanyi1957",107
"swedberg1992b",252
"anderson1998",13
"asbjornsen1914",13
"astveit2007",569
"bangandersen2004",13
"barth2016",13
"bjorvand2000",134
"bjorgo2016",13
"callanan1906",13
"christensen1986",13
"christiend",13
"vsnd",13
"clark1975",13
"derocher2000",13
"domanska2006",570
"einbu2005",122
"finstad2010",122
"fjellheim2005",13
"frostatingslova1994",13
"gibson1979",13
"giese2013",13
"gulatingslovi1969",13
"hansen2005",13
"hodder2011",13
"hofseth1980",122
"hoyer2015",13
"indrelid2007",13
"ion1989",13
"jordhoy2013",13
"jordhoy2005",122
"jordhoy2012",13
"lagaboters1979",13
"martinsen2016",13
"molmen1988",13
"ryd2014",13
"roed2014",92
"roed2015",13
"spiess1979",13
"vorren1944",13
"wammer2007",13
"weber2007",122
"wiberg1987",13
"carlsson2012a",258
"clareus1999",258
"conyers2012",258
"conyers2007",258
"conyers2010",258
"damiata2013",258
"daniels2004",258
"david2008",258
"gahrn1988",258
"goodman1993",258
"goodman2013",258
"grasmueck2005",258
"hjulstrom2014",258
"hjulstrom1920",258
"ilisch2004",258
"karlsson2008",258
"larsson1987",258
"leckebusch2003",153
"lindqvist2000",258
"malmer1982",258
"neubauer2002",284
"nordenskjoldnd",258
"novo2010",258
"novo2012",258
"poscetti2013",258
"stenberg2006",258
"sundquist2013",258
"viberg2012",258
"urry2007",245
"armstrong1953",153
"bates2000",153
"bates2007",153
"bayer2011",153
"benedetti2011",153
"berendsen2000",153
"bird2010",153
"bird1985",153
"bristow2003",153
"bristow2006",153
"brivio2000",153
"brown1997",153
"burke2008",153
"butzer1982",153
"clemmensen2010",153
"darwin1990",153
"declercq2012",153
"fatimarossetti2009",153
"smedt2011",153
"denham2008",153
"deroin2011",153
"dincauze2000",153
"doneus2008",143
"donoghue1988",153
"embleton1970",153
"chng2004",153
"fairbridge1985",153
"fitch2005",153
"french2005",153
"gabler2013",153
"gaffney2008",153
"harari1996",153
"hickin2009",153
"hodgson1976",153
"howard2008",153
"ilves2009",153
"ilves2012",153
"jensen1999",153
"jongmans2007",153
"kneisel2008",153
"komar1998",153
"lasaponara1995",153
"leopold2010",153
"linford2006",153
"lunt2005",153
"luo2012",153
"mansfield2007",153
"mcgraw2014",153
"mchugh1988",153
"nau2004",153
"neal2002",153
"neubauer2001",153
"neubauer2004",153
"proschdanielsen2006",153
"proulxmcinnis2013",153
"ramberg2008",153
"rapp2006",153
"saey2013",153
"schrott2008",153
"short2004",153
"siart2008",153
"soil2006",153
"syvitski1995",153
"tamura2012",153
"taylor1996",153
"trinks2015",153
"vandam2012",153
"wegmann2012",153
"weston2001",153
"wilkinson2003",571
"yoshiki2005",153
"dommasnes1992",242
"enright1995",242
"hornfuglesang1989",242
"kaliff2004",242
"koktvedgaardzeiten1997b",242
"larsson2005",242
"rosengren2007",242
"eriksen1991",62
"fern2012",44
"kirkup2006",62
"nasstrom1999",44
"adolfsen2000",275
"knappett2011",275
"sanmark2006",250
"koivisto1996",74
"leppaaho1936",74
"sarasmo1961",74
"sarkki1976",74
"cleve1948",74
"drobin1991",45
"hirviluoto1976",74
"honko1960",74
"huntington1979",74
"huurre1990",74
"karvonen1998",74
"keskitalo1950",74
"kitzler2000",74
"kivikoski1961",74
"kivikoski1963",74
"lehtosalohilander1988",74
"mandel2003",74
"oestigaard2006",74
"paulaharju1924",74
"purhonen1998",74
"palsi1938",74
"sarkkiisomaa1986",74
"sjoberg1994",74
"tarlow1999",74
"wickholm2005",74
"tacitus1960",242
"graslund1973",242
"randsborg1984",242
"stjernquist1989",242
"blinkhorn1999",251
"brather1996",251
"c2006d",251
"filipowiak1993",251
"soren2002",251
"jankuhn1956",251
"janssen1987",111
"kirpichnikov1997",251
"ohlsson1976",251
"sawyer1977",251
"warnke1992",251
"bjornstad2010",92
"bjornstad2012",92
"brandt2011",92
"excoffier2010",92
"flodin1989",92
"forster2003",92
"halinen2013",92
"hartnup2011",92
"hedman2015",92
"hofreiter2001",92
"hufthammer2011",92
"komber1987",92
"librado2009",92
"loftsgarden2017",92
"luik2015",92
"munch1998",92
"olivieri2014",92
"roed2008",92
"roed2011",92
"roed2018",92
"rytter1997",92
"rytter2007",92
"schia1986",92
"skogland1980",92
"star2018",92
"wandeler2007",92
"marstrander1932",261
"megaw1950",261
"moore1900",261
"shetelig1925",261
"shetelig1945",261
"shetelig1954",261
"whitelock1967",261
"wilson1974",261
"sorensen1988",153
"arnorsdottir1973",107
"blackburn2009",107
"bourdieu1990b",107
"dalton1977",107
"ed1984a",107
"gustin1996",107
"hedegaard2002",107
"heijne2004",107
"horsnaes2000",107
"kazanskij2007",107
"kromann1985",107
"metcalf1997",107
"mikkelsen2001",107
"north1990",116
"odeback2009",107
"pertznd",107
"ed1905",107
"vinsrygg1975",107
"schia1989",92
"bertran1991",146
"cammas1994",146
"cammas1995",146
"cremaschi2010",146
"fitzpatrick1993",146
"galinie2004",146
"loveluck2001",146
"maixner2010",146
"de1997",146
"nicosia2014",146
"schiegl1996",146
"verslype2004",146
"wouters2013",146
"ballantyne1994",250
"ballantyne1999",250
"bauge1980",250
"brandnd",250
"heggstad1975",250
"indrebo1936",250
"jakobsen1936",250
"mackie2002",250
"mccullough2000",250
"nymoen1995",250
"nymoen1997",250
"ogrady2008",250
"paton2011",250
"palsson2003",250
"bruce1908",250
"cant1975",250
"cleasbynd",250
"js1914",250
"coolen2011",250
"crawford1984",250
"dodgson1972",250
"donaldson1958",250
"edmondstonnd",250
"fellowsjensen1996",250
"greignd",250
"stewart1987",250
"solvara2002",250
"waugh2005",250
"westerdahl2004",250
"westerdahl2004a",250
"zoega1910",250
"peel2009",250
"riisoy2013",250
"ringstad2006",250
"ritchie1997",250
"sanmark2011",250
"schlyternd",250
"barabasi1999a",251
"freke1992",261
"omgard1980",253
"taebringmikkelsen1986",253
"coggins1967",253
"behrenlubchin1965",253
"ystadtankbaten1976",253
"brughmans1989",253
"worldcatbuttler1991",253
"cheng2006",253
"krause2000",253
"dress2007",253
"fitzhugh2000a",253
"forster2006",253
"gen2008",253
"graham2006",253
"hage1991",253
"isaksen2008",253
"worldcatjohansen2004",253
"klincewicz1998",253
"worldcatkorte2006",253
"labianca2006",253
"lebecq2007",253
"minoux1989",253
"crossrefmizoguchi2009",253
"batagelj2005",253
"randall2001",253
"randall1994",253
"worldcatschofield2005",253
"worldcatsindbaek2010",253
"terrell2010",253
"young2006",253
"valente2005",253
"vince2005",253
"bayley2007",262
"bech2011",262
"edwards1999",262
"escher1976",262
"higgins1966",262
"ingstad1985",262
"jackson2000",262
"jackson1978",262
"jordan1980",262
"linderothwallace2006",262
"ere2002",262
"morgan1975",262
"rasmussen2010",262
"roussel1941",262
"stonge2000",262
"burstom1993",107
"london1990",111
"michelmerch1972",111
"batey1987",111
"brown2003",260
"buttler1989",253
"buttler1991",111
"crumlinpedersen1984",111
"driscoll2002",111
"henry1945",111
"henry1952",111
"hubbard1989",111
"khvoshchinskaya2007",253
"lane2007",111
"maclaren1974",111
"mann1984",111
"may1948",111
"mills2007",111
"osullivan1970",111
"pearson2001",111
"rollason2004",111
"santi2005",111
"sharples2003",111
"sidebottom2000",111
"wallace1981",111
"wallace1985",111
"pirenne1938",146
"meier2001",171
"cabot2004",253
"ahlen1994",21
"collen2011",21
"devries1961",21
"duwel2001",171
"eriksson1991",21
"gelting2000",21
"gren2003",21
"gustavson1995",21
"hafstrom1962",21
"iversen2004",21
"kallstrom2012",21
"krovel2001",21
"lamm2006",260
"lindkvist1979",21
"ljung2001",21
"lagaboters1915",207
"mejsholm1954",21
"nasman2008",21
"nelson2013",21
"norseng1987",21
"peterson2007",21
"peterson2012",21
"stahle1969",21
"ringstad1989",21
"ronneseth1975",273
"selinge1980",21
"sturluson1995",21
"stahle1956",21
"stahle1958",21
"struck1990",21
"sundqvist2016",39
"taranger1913",21
"vikstrand2015",21
"vogt2010",21
"williams1996",21
"winberg1985",21
"zachrisson2002a",21
"aitchson1994",134
"bagge1989",134
"ballantyne1999a",134
"bartlett1994",134
"brink2003",134
"brynjulfurnd",134
"dndiplomatariumnorvegicumnd",134
"driscoll1998",134
"driscoll2000",134
"flatman2010",134
"fornsok2012",134
"fridriksson2004a",134
"wollett2004",134
"damiata2005",134
"gelling2000",134
"gilchrist1995",134
"glass2011",134
"glick2005",134
"groenewoudt2009",134
"gustafsson2001",134
"hebede1968",134
"hellquist1980",134
"henriksen2001b",134
"higham1992",134
"holm2009",134
"iversen1956",134
"kulikowski2005",134
"larsson1995",134
"goff1988",134
"liebermann1913",134
"mehler2012",134
"moore2005",134
"narmo1996",134
"oosthuizen2011",134
"rippon2004",134
"rygh1907",134
"samdal2008",134
"simonsson1984",134
"staf1935",134
"stocking2000",134
"vesteinsson2011",154
"akureyri2001",134
"vestergaard1988",134
"warner1988",134
"widgren1986",134
"skorokhod2017",307
"smolichev1926",307
"stankevich1962",307
"skorokhod2018",307
"sytyi2006",307
"heid2008",111
"axboe1991",183
"bakka1981",183
"bursche2002",183
"boe1923",183
"cipolla1956",183
"dyhrfjeldjohnsen2013",183
"engeler1991",183
"fonnesbechsandberg1985",183
"fonnesbechsandberg1988",183
"fonnesbechsandberg1989",183
"frimannslund1966",183
"gemici2015",183
"graeber2011",183
"guest2008",183
"hagland1994",183
"herschend1987",183
"herschend1991",183
"humphrey1985",183
"ingham2004",183
"innes1913",183
"innes1914",183
"kilger2015",183
"klang2013",183
"kallstrom2010",183
"leeper1933",183
"meikle1994",183
"munch1956",183
"munksgaard1956",183
"naismith2012",116
"painter2013",183
"pare2013",183
"rau2013",183
"rovelli2012",183
"ruthstrom1993",183
"schacht1949",183
"scull1990",183
"steuer2013",183
"stormndd",183
"voss1955",183
"wray1999",183
"zelizer1994",183
"zimmermann2003",171
"ashby2012",10
"blehr1973",10
"clarke1988",10
"donaldson1981",10
"edwards1997",10
"hunter1982",10
"hunter1989",10
"kjoshanssen1973",10
"macgregor1983",10
"meiri2013",10
"morris1985",10
"smirnova2005b",10
"solazzo2011",10
"sommer2009",10
"sykes2011",10
"wasser2008",10
"biggs2014",39
"birgisson2007",39
"bjordal2017",39
"bradley1991",39
"collis1995",39
"dumville1977",39
"feldman1975",39
"fulk2014",39
"grant1986",39
"green1965",39
"gutsmiedlschumann2018",39
"gothberg2018",39
"hall2006",39
"heaney2001",39
"heinertz1925",39
"hodder1976",39
"hardh2002",39
"ilkjaer2001",39
"imer2010",39
"indrebo1932",39
"jorpeland2018",39
"klaeber1950",39
"klaeber2014",39
"lindkvist2003a",39
"ljungkvist2017",39
"malmros1999",39
"malone1962",39
"neidorf2013",39
"neidorf2014",39
"neidorf2017",39
"nerman1942",39
"niles2007",39
"nasman1999",39
"osborn2007",39
"ostmo2018",39
"pilo1993",39
"pohl2009",39
"rau1955",39
"reichert1987",39
"reichert1990",39
"rix2015",39
"sawyer1991",39
"schlesinger1965",39
"schnetz1990",39
"scull2016",39
"seiler2018",39
"steuer2006",39
"sundqvist2018",39
"svennung1974",39
"sorensen1982",39
"talbot1954",39
"taranger1934",39
"teigen2007",39
"wikborg2018",39
"wolfram1971",39
"wolfram2008",39
"wolfram2009",39
"wolfram2011",39
"wood1994",39
"wood1977",39
"aarsleff1955",204
"fuglesang1985b",204
"cunliffe2002",93
"edwards1917",93
"espelund2013",93
"frank1998",93
"harding2013",93
"harris2003",93
"holm2005",93
"metcalf1995",93
"trakadas2014",93
"tschan2002b",93
"vosmer2014",93
"uws2004",183
"wray2004",183
"ahmad2006",572
"aikawafaure2009",573
"ankersmit2009",574
"ashworth2007",575
"bender1993",576
"bender2007",577
"m2002",578
"bhaskar1989",579
"binford1962",580
"bohm2001",581
"bohm2008",582
"w2006",583
"braudel1949",584
"braziel2003",585
"carman2002",282
"chakrabarty2009",282
"cheape2009",282
"clark1936",282
"clark1954",282
"crossland2005",282
"crutzen2002",282
"dawdy2009",282
"dixon2005",282
"domanska2009",282
"domanska2010",282
"durkheim1904",282
"dybdahl2010",282
"eagleton2000",282
"edgeworth2010",282
"t2006",282
"flannery1973",282
"foley2005",282
"fraiture2010",282
"fraiture2009",282
"fraser2000",282
"fraser2001",282
"fukuyama2002",282
"gibbon1989",282
"grosjean2007",282
"hacking1999",282
"haraway2008",282
"harman2010",282
"harrison2009",282
"hodder1987",282
"hodder1999",282
"holmberg2008",282
"holtorf2007",282
"holtorf2011",282
"hyenstrand1988",282
"jenkins2004",282
"jong2008",282
"kirshenblattgimblett1994",282
"kirshenblattgimblett2004",282
"kolen2009",282
"kotchen2007",282
"kristiansen2002",282
"kurin2004",282
"labinger2001",282
"lakatos1973",282
"latour1993",282
"latour2003",282
"latour2005h",282
"levistrauss1962",282
"lowenthal1985",282
"madsen1900",282
"mason2000",282
"moberg1977",282
"mullerndc",282
"mullerndd",282
"nilsen2003",282
"nummedal1912",282
"nussbaum1999",282
"naess1973",282
"oestigaard2004",282
"oestigaard2007",282
"olsen1986",282
"olwig2001",282
"parkerpearson2006",282
"parkin1999",282
"partner2009",282
"periman2006",282
"petersennd",282
"pickering1993",282
"pickering1994",282
"piotrowski2006",282
"pollard1998",282
"rorty1989",282
"rose2007",282
"ruddiman2003",282
"ruddiman2005",282
"samuel1994",282
"sanden2008",282
"schanche1983",282
"schwandt1994",282
"serres1995",282
"shanks2010",282
"skolimowski1974",282
"skounti2009",282
"sloterdijk2009",282
"smail2007",282
"snow1959",282
"snow1966",282
"solli1989",282
"spiegel2009",282
"steinberg2002",282
"stotz2008",282
"svestad1995",282
"terrill2008",282
"todorov1993",282
"tvedt2010",282
"waterton2006",282
"watson1971",282
"weisman2007",282
"welinder1986",282
"white1949",282
"white1959",282
"willey1958",282
"wolfe2010",282
"zalasiewicz2008",282
"zalasiewicz2010",282
"blindheimnd",50
"ka1999",50
"ka1995",50
"almgren1904",171
"eibl2005",243
"ernst1989",170
"faull1976",170
"zielonka1957",170
"zydok2004",170
"bergsveinn2007",39
"granzweig2018",39
"harding1977",170
"mullerwille1987",62
"murphy2008b",170
"pettersson1991",170
"duwel1995",170
"ernst1992",171
"souers1937",278
"becker1973",119
"stromback1970",278
"keay2014",143
"evans2015",143
"stott2018",143
"kjaer2018",143
"trier2019",143
"guyot2018",143
"rizaldy2018",143
"colgan2012",143
"liu2017",143
"meng2012",143
"jain1997",143
"chen2014",143
"breiman2001",143
"belgiu2016",143
"strobl2009",143
"flemming2007",143
"rosenkranz2015",143
"vennersdorf2017",143
"mitchell1988",143
"vanderwalt2014",143
"illingworth1987",143
"cerrillocuenca2017",143
"schubert2017",143
"ester1996",143
"freeland2016",143
"trier2009",143
"kvamme2016",143
"verdonck2016",143
"lewis1995",143
"bryant1987",143
"guisan1999",143
"korsgaard2004",143
"dereu2013",143
"riley2017",143
"knudsen2012",143
"jakobsen2017",143
"andersen1992",143
"pedregosa2011",143
"steffensen2014",143
"marmol2004",143
"tsai2008",143
"andreasen2016",143
"french2010",143
"grieve1992",143
"french2018",143
"davis2019",143
"lambers2016",143
"traviglia2016",143
"lambers2019",143
"trier2016",143
"zingman2016",143
"verschoofvandervaart2019",143
"zhu2006",143
"benediktsson1997",143
"sevara2018",143
"fortidsminder2018",143
"petersen2015",143
"biermann2016",143
"harck1986",143
"overgaard2016",143
"harck1990",143
"hoy1991",143
"wu2016",143
"certini2013",143
"zhang2018",143
"silburt2019",143
"hanson2012",143
"cowley2012",143
"sevara2013",143
"toplak2017",170
"jonsson2007",34
"saxe1970",170
"blochnakkerud1994",207
"blom1991",207
"christophersen1974",207
"frostatingslovahagland1994",207
"indrelid1988",207
"jouttijarvi1991",207
"loftsgarden2011",207
"lyngstrom2009",207
"mjaerum2007",207
"pilo2013",207
"pilo2012",207
"pleiner1989",207
"bagge2008",122
"brink2008ag",122
"ekrem1998",122
"evenstadnd",122
"gundersen2016",122
"gunnarsdottir1999",122
"hoeg1996",122
"hougen1930",122
"jacobsen2005",122
"jordhoy2007",122
"larsen2009",207
"magnus2005",122
"moen1998",122
"orning2008",122
"ostrom1990",122
"risbol2005",122
"saetren2011",122
"salvesen1969",122
"sevatdal1985",122
"solem2004",122
"stenseth2005",122
"ruralia2005",122
"wangen2006",122
"jorgensen1986",50
"alsleben2009",279
"andreasson2010",279
"behre1976",279
"behre1978",279
"billing1998",279
"bjorkman2007",279
"eggen1991",279
"farrar1998",279
"fredskild1971",279
"fruergaard2005",279
"gleason1994",279
"greig1996",279
"harild2007",279
"heimdahl2009",279
"heimdahl2010",279
"helbaek1958",279
"henriksen2008",279
"hjelmqvist1963",279
"holmboe1927",279
"jacomet1988",279
"jensen1979",279
"karg2007",279
"karg2010",279
"karg2012",279
"karg2002",279
"kirleis2011",279
"knorzer1999",279
"kolstrup2009",279
"korbergrohne1987",279
"kroll1986",279
"kroll1987",279
"kroll2007",279
"lageras2003",279
"lange1997",279
"lundquist2006",279
"moffett2006",279
"moltsen2005",279
"moltsen2009",279
"nielsen2010",279
"pettersson2002",279
"ramskou1974",279
"regnell2001",279
"strank2008",279
"tollin2005",279
"vanderveen2005",279
"stene2014",122
"berg1983",276
"berglund2015",276
"bjorkbom1907",276
"cabouret1989",276
"emanuelsson2001",276
"erixon1918",276
"erixon1956",276
"frodin1925",276
"hellstrom1917",276
"indrelid1994",276
"kvamme1988",276
"lofgren1982",276
"marsden2005",276
"montelius1977",276
"nyman1952",276
"olsson1998",276
"prescott1995",276
"sandnes1989",276
"sandnes1991",276
"schug2010",276
"styhre2013",276
"svensson2008",276
"svensson2015",276
"wennersten2002",276
"whatmore2002",276
"asc1961",116
"baker2010",116
"bjornskov2013",116
"blackburn2014",116
"blair2014",116
"campbell1986",116
"congleton2015",116
"faith2014",116
"freudenthal1944",116
"gillingham1989",116
"gundlach2019",116
"hendrickson2018",116
"hillman2019",116
"hobbesnd",116
"keynes1986",116
"konrad2012",116
"lambert2017",116
"lawson1984",116
"lawson2014",116
"leeson2007",116
"miller2014a",116
"mostert2014",116
"olson1965",116
"olson2000",116
"ormrod2000",116
"pelteret2014a",116
"piano2019",116
"powell2009",116
"salter2015",116
"spejlborg2016",116
"vahabi2011",116
"vahabi2016",116
"wareham2012",116
"whitelock2007",116
"yorke2014b",116
"young2016",116
"young2018",116
"adam1917",154
"grammaticus1979",154
"bruunnd",154
"brogger1937",154
"isleifsson2011",154
"keegan1987",154
"references2006",154
"einarsson2007",154
"rafnsson1990",154
"rockman2010",154
"steele2003",154
"sigurgeirsson2013",154
"smith2005",154
"sveinbjarnardottir1992",154
"vilhjalmsson1989",154
"walter2010",154
"thorarinsson1943",154
"thorarinsson1977",154
"thordarson1909",154
"lenzen2012",108
"frachetti2017",108
"hoffmann2002",108
"orton2011",108
"gohring2016",108
"sundby2008",108
"opdal2010",108
"nedkvitne2016",108
"pauly1995",108
"jackson2001",108
"lotze2009",108
"nielsen2017",108
"arndt2003",108
"boessenkool2009",108
"schroeder2015",108
"kayser2011",108
"bradbury2013",108
"knutsen2010",108
"selkoe2016",108
"hutchinson2015",108
"bradbury2010",108
"hemmerhansen2013",108
"sodeland2016",108
"berg2016",108
"kirubakaran2016",108
"barney2017",108
"hilberg2014f",108
"orton2014",108
"nielssen2016",108
"wickler2014",108
"ma2012",108
"green2009",108
"jonsson2013",108
"pinhasi2015",108
"prinz2007",108
"boessenkool2017",108
"carpenter2013",108
"speller2012",108
"moss2014",108
"olafsdottir2014",108
"grealy2016",108
"nikulina2016",108
"moss2016",108
"hoffmann2004",108
"kirkpatrick2010",108
"hutchinson2001",108
"arnason2015",108
"sorheim2016",108
"wright2006",108
"skjaeraasen2011",108
"barth2017",108
"knutsen2003",108
"jorde2007",108
"neuenfeldt2013",108
"nielssen2009",108
"schmolcke2004",108
"barrett2015",108
"cooper2000",108
"star2016",108
"schubert2014",108
"lindgreen2012",108
"star2011",108
"torresen2017",108
"li2009",108
"mckenna2010",108
"purcell2007",108
"korlevic2015",108
"damgaard2015",108
"alt1998",171
"anz1998",171
"arcini1991",171
"boylstone2000",171
"brather2009",171
"carlsson1990",171
"duwel1987a",171
"ebel1987",171
"finucane2008",171
"floderus1927",171
"garve2011",171
"harke2003",171
"hoffmann1989",171
"kattinger1999",171
"kjellstrom2014",171
"kunzler1999",171
"kyhlberg1991",171
"kyll1964",171
"lykiardopoulos1981",171
"malarstedt1979",171
"milner1991",171
"mortagua2006",171
"onasch1981",171
"philpott1991",171
"pettersson1966",171
"molina1970",171
"ruprecht1958",171
"salin1952",243
"sandholm1965",171
"g2000",171
"staecker1997",171
"staecker1998",171
"staecker2000",171
"stewart1944",171
"stewart1946",171
"svahnstrom1984",171
"thunmarknylen2004",171
"taylor2008",171
"vukovic2009",171
"westholm1989",171
"wilke1931",171
"wilson1992",243
"yrwing1992",171
"yrwing1994",171
"zipp2010",171
"abels2003",184
"ager2008",184
"valante1998",184
"naismith1995",184
"danecek2011",108
"adams1981",148
"ayres1985",148
"barnosky2004",148
"binford1997",148
"brandner1998",148
"catton1980",148
"cooke1931",148
"culbert1988",148
"dalan1997",148
"dalton2000",148
"diamond1968",148
"flenley2002",148
"flenley1984",148
"hughes1975",148
"jacobsen1958",148
"jevonsnda",148
"kirch1984",148
"lopinot1985",148
"mccoy1976",148
"malthusnd",148
"meggers1954",148
"milner1990",148
"mulloy1970",148
"phillips1979",148
"ponting1985",148
"rees2004",148
"rescher1978",148
"sanders1962",148
"sanders1963",148
"sheets1999",148
"steadman1989",148
"steadman1995",148
"steadman1994",148
"tainter2000",148
"turner1974",148
"vanandel1990",148
"vantilburg1994",148
"banfield1974",296
"m1962",296
"cleland1973",296
"corbeil2000",296
"fitzhugh1994",296
"harp1975",296
"laeyendecker1993",296
"laver1983",296
"lee1968",296
"maryrousseliere2002",296
"mccartney1973",296
"meldgaard1962",296
"myrvoll1985",296
"odess2000",296
"bstergard1948",296
"park1951",296
"plumet1982",296
"ellesmere2000",296
"brandt2012",76
"hardt2003",76
"kramer1984",76
"schwank2013",76
"blackburn1986",184
"kershaw2023",184
"redknap2003",184
"wallace2015",184
"reuter1992",184
"redknap2009",184
"blackburn2006",184
"agersnaplarsen2011",76
"schovsbo2013",76
"felixnd",216
"aspeborg2005",216
"birddavid1999",216
"bullough1983",216
"burnell1999",216
"cannon1989",216
"chandler2010",216
"effros1997",216
"einsenschmidt2004",216
"gibbon2007",216
"halsall1995a",216
"hamilton2006",305
"harvey2006",216
"thorlaksson1978",216
"gestsdottir1998",216
"innes2000",216
"jochens1999",216
"lastovicka2013",216
"marshall1950",216
"patterson1982",216
"prothero2002",216
"radin1986",216
"shapland2012",216
"steinunnkristjansdottir2004",216
"stocker1993",216
"stromback1975",216
"zugaiar2012",216
"geolog1947",22
"hagberg1967",22
"hagberg1961",22
"holmberg1969",22
"lamm1995",22
"hamilton2007",45
"hamilton1996",22
"hamilton2008",22
"karlsson2005",22
"olson2004",45
"wernerson1996",22
"annuswer2003",22
"annuswer2007",45
"annuswer2002",22
"arrhenius2011a",22
"jorpeland2008",22
"jorpeland2003",22
"brereton1987",22
"brink1987",22
"calissendorff1966",22
"capelle1995",22
"carlie2009",22
"damell2007",22
"eliade1991",22
"ericsson2008",22
"fritsch2004",22
"hedblom1958",22
"hedman1989",22
"holmqvist1980",22
"hultgard1996",45
"karlenby2007",22
"karlsson2007",22
"lindkvist2007",22
"lindqvist1910",22
"lindstromnd",22
"hansen2011",45
"lundholm1947",22
"nordberg2011",22
"nordberg2008",22
"olsson1993",22
"petre2011",22
"schovsbo1987",22
"stjernquist1962",22
"stjernquist1967",22
"stahle1946",22
"vonsydow1978",22
"wessen1923",22
"victor2005",22
"widengren1969",22
"vikstrand2011",45
"zachrisson2009a",45
"orsnes1964",22
"ahlberger1996",306
"bursell1997",306
"carlson2002",306
"fredlund1997",306
"hidemark1999",306
"lawrence1999",306
"liby1997",306
"lind2001",306
"lind2002",306
"mellander1992",306
"montelius1962",306
"roche2000",306
"ryden1990",306
"varmlandsarkiv1900",306
"schoultz1975",306
"ehrlich1968",148
"ambrosiani1957",284
"arnbrosiani1981",284
"arbmann1940",284
"backstom2008",284
"backstrom2003",284
"bengtzon2001",284
"booth2008",284
"floden1993",284
"friberg1998",284
"harim2003",284
"henkel2004",284
"holmquistolausson1982",284
"hyenstrand1991",284
"icomos1993",284
"kristiansson1996",284
"lindqvist1928",284
"linford2010",284
"lyatski2004",284
"masters1998",284
"mellinnd",284
"nerman1918",284
"olsson2006",284
"riksantikvarieambetet2007",284
"stavrum1997",284
"stolpende",284
"trinks2012",284
"trotzig1993",284
"wahlander1998",284
"wedmark1999",284
"bursell1975",306
"magnusson1997",306
"fii1900",306
"winberg1977",306
"vonschoultz1984",306
"fridriksson2015",216
"kershaw2015",216
"scholkmann1995",243
"evers2007",243
"jorg1999",243
"matheson1951",243
"handler1996",243
"stulzebach1998",243
"diekritikbei2009",243
"nandor1965",243
"harmanua1981",243
"nikolaus1964",243
"meyerorlac1990",243
"pauli1982",243
"muntisauns1989",243
"carlsson1987",243
"schmitzesser2014",243
"gelegenheit2000",243
"jornstaecker1999",243
"akesandholm1965",243
"dazu1993",243
"cherryson2012",243
"fredriksvanberg2003",243
"michaelparkerpearson2001",243
"heikosteuer1998",243
"dickinson1974",243
"wahl1994",243
"dazu1997",243
"biermannhgg2009",243
"magnus2009",284
"hart1995",187
"brodersen1967",62
"eksnd",62
"nielsenadamsen1991",62
"feveile1948",62
"beretninger1997",62
"andersen1943",62
"andersenklindtjensennielsen1970",62
"nielsen1943",62
"christensen1982",62
"lindqvist1920",62
"beretningved1998",62
"madsen1994",62
"orsneschristensen1955",62
"albrectsen1951",62
"ottaway2004",62
"adamsen2003",62
"albrectsen1950",62
"albrethsen2003",62
"andersen1970",62
"axboe1989",62
"baeksted1972",62
"christensen1928",62
"christoffersen1987",62
"cosack2005",62
"ethelberg1986",62
"grambo1999",62
"hansen2009",62
"hansen1995",62
"hultgard1999",62
"hoj2004",62
"jennbert2002a",62
"jensen1998",62
"lindqvist1921",62
"lyngstrom1989",62
"neergaardnd",62
"nerman1917",62
"ravn1989",62
"ravn2008",62
"roesdahl1976",62
"sparrevohn2007",62
"steinsland2000",62
"stoumann2009",62
"ulriksen1999",62
"orsnes1988",62
"sparrevohn2006",62
"sparrevohn2008",62
"sorensen1998",62
"sorensen1993",62
"arcini1999",34
"beckra2007",34
"bolender2007",34
"bolender2010",34
"braudel1972",34
"braudel1980",34
"bynum1995",34
"chesson2001",34
"daniell1997",34
"frioriksson2001",34
"geake1995",34
"gejvall1960",34
"gestsdottir2014",34
"gilchrist2015",34
"hadley2010",34
"halvorsen2008",34
"harding2005",34
"joyce2001",34
"karlsson2004",34
"mejsholm2008",34
"meskell1998",34
"meskell2001",34
"thorlaksson2005",34
"rindal1996",34
"scott2011",34
"sellevold2004",34
"sellevold2008",34
"sewell2005",34
"sewell1996",34
"sigurosson2003",34
"sigurosson2014",34
"stefansson1975",34
"stefansson1978",34
"steffensen1943",34
"steinberg2016",34
"sveinbjarnardottir2001",34
"tsaliki2008",34
"vilhjalmsson1995",34
"zadorario2003",34
"zoega2014",34
"zoega2015",34
"zoega2007",34
"zori2007",34
"smyth1975",187
"dolley1966",187
"beckerchristensen1981",76
"belford2017",76
"dobat2005",76
"dorey1969",76
"ethelberg2012",76
"ethelberg2017",76
"gudeman1900",76
"harck1998",76
"haseloff1937",76
"kramer1992",76
"kramer1995",76
"madsen2008",76
"maluck2017",76
"maluck2016",76
"muller1903",76
"nunn2009",76
"schindel1999",76
"scholz1972",76
"spring2015",76
"witte2018",76
"sawyer1995",187
"ambrosiani2003",7
"arrhenius1978",7
"berthelon2007",7
"boytrup2013",7
"danielsson1973",7
"glover2003",7
"culture1985",7
"kingnd",7
"malmer2010",7
"mikkelsen2012",7
"negmatov1999",7
"nicholson2000",7
"noonan1990",7
"rezakhani2010",7
"schumann2011",7
"trotzig1969",7
"witte2017",76
"vangennep1960a",34
"thorgilsson2006",34
"aschehougnd",256
"benderjorgensen1999",256
"bjorgo2005",256
"bjorgo1992",256
"harrington2008",256
"kaland1979",256
"lonning1976",256
"mortensen1994",256
"mortensen1997",256
"martensen2006",256
"ramstad1981",256
"tveiten2011",256
"warburg1974",256
"oye1986",256
"oye2010",273
"beckerlfred1973",119
"rdh2007",119
"hauckarl1970",119
"bertil2004",119
"hel2011",119
"herschendrands1996",119
"er2001",119
"lars2015",119
"lars2012",119
"lars1998",119
"lars2004",119
"erle1994",119
"vist1925",119
"edith1966",119
"martensir1988",119
"sig2011",119
"bernhard1913",119
"von2000",119
"derberg2005",119
"stephenseorgend",119
"sund2002",119
"thunarknlnlena2006",119
"klevnas2007",24
"rundkvist2007",24
"rundkvist2006",24
"randers1981",273
"ramstad2011",256
"lindblom1993",62
"roesdahl1978",62
"tornbjerg1936",62
"gjellerup2001",62
"beckmanthoor2002",283
"bolin1999",283
"damell1971",283
"damell1999",283
"damell2000",283
"dybecknd",283
"florin1963",283
"forssander1933",283
"gumaeliusnd",283
"gothberg1998",283
"hammar1983",283
"hauptmanwahlgren2002",283
"jensen1997",283
"jonsson1986",283
"lindqvist1912",283
"oldeberg1974",283
"schnell1963",283
"sundqvist1993",283
"vonsydow1926",283
"thedeen2003",283
"wahlfisknd",283
"welinder1990",283
"weiler1999",283
"wigren1987",283
"bjelland2006",305
"carty2005",305
"jansson1962",305
"jeffrey2005",305
"kitzlerahfeldt2002",305
"kitzlerahfeldt2008",305
"kitzlerahfeldt2009",305
"manneke1984",305
"mahl1990",305
"oehrl2008",305
"sileniuslarsen2009",305
"snaedal2002",305
"snaedal2005",305
"walderhaug1998",305
"widerstrom2002",305
"bildsteine1941",305
"dating2006",305
"andreeff2012a",24
"backdanielsson2009",24
"goldhahn2008",24
"hoilundnielsen2009",24
"lindgren2008",24
"oestigaard2013",24
"thate2009",24
"thedeen2010",24
"wessman2007",24
"nationalencyklopedin2000",283
"jefrey2005",305
"clarke2001",289
"dietler1996",289
"einarsson1995a",289
"erlendsson2009",289
"gestsdottir2001",289
"ottir1989",289
"olafsson1979",289
"palsdottir2008",289
"rosenswig2007",289
"roussell1943",289
"stenberger1943",289
"wiessner2001",289
"samnordiskruntextdatabas2005",305
"andersson2013",45
"baug2007",45
"belmont2011",45
"bjorck2009",45
"drobin1986",45
"ek1993",45
"elfwendahl2001",45
"elfwendahl1993",45
"gumaeliusnda",45
"hallgren2004",45
"hallgren2005",45
"hansson1997",45
"hedblom1996",45
"hermodsson2009",45
"junkelmann1997",45
"kresten1996",45
"kresten1998",45
"kresten1994",45
"lamm2008",45
"lantmateriet2013",45
"larsson2012",45
"lindalv1980",45
"lundhansen2011",45
"lothman2004",45
"mellquistdanielson2011",45
"myrdal2003",45
"nilsson1988",45
"olausson2000",45
"persson1997",45
"pettersson1977",45
"pettersson1980",45
"rinnman2013",45
"vikstrand2009",45
"zachrisson2013",45
"adcock1978",260
"arbman1948",260
"arrhenius1971",260
"bailey1978",260
"bain1951",260
"blidmo1982",260
"brown1921",260
"carver1952",260
"cramp1995",260
"cummins2009",260
"foster2005",260
"grahamcambell1985",260
"gustavson2014",260
"hauck1961",260
"henderson2004",260
"jansson1981",260
"kermode1907",260
"ahfeldt2002",260
"ahfeldt2008",260
"kreutzer1988",260
"laing2010",260
"lamm1985",260
"lamm1984",260
"lang1978",260
"lang1991",260
"marold1998",260
"neal1976",260
"nerman1941",260
"nerman1947",260
"nylen1982",260
"omeadhra1985",260
"omeadhra1993",260
"omeadhra1997",260
"rudenko1970",260
"sannessjohnsen1968",260
"scheller1963",260
"scheller1995",260
"savborg1997",260
"wilson1999",260
"bratt2011",45
"eilersgaardchristensen2011",45
"kitzler2009",260
"berg1968",273
"berglund1991",273
"bertelsen1979",273
"bertelsen1995",273
"bertelsen2005a",273
"boserup1965",273
"boserup1981",273
"brush1987",273
"vries1974",273
"hasund1919",273
"hasund1924",273
"helle1995",273
"holm1995",273
"holm2005a",273
"holmsen1961",273
"holmsen1940",273
"iversen1997",273
"jirlow1970",273
"lerche1994",273
"lunden2004",273
"martens2009",273
"munch1966",273
"myrdal1985",273
"stockholm1997",273
"myrdal1999",273
"orrman2003",273
"porsmose1981",273
"porsmose1987",273
"ramskou1981",273
"ramskou1975",273
"sandnes1978",273
"schmidtsabo2001",273
"schmidtsabo2005",273
"steensberg1956",273
"svartkristiansen2005",273
"svartkristiansen2006",273
"valensendstad1964",273
"oye2003",273
"oye2005",273
"bergen2011",273
"zachrisson2006",273
"bergstol2003",273
"villages1968",273
"amorosi1996",69
"andersen1997",69
"arneborg1993",69
"christiansen1997",69
"degerbol1929",69
"degerbol1936",69
"degerbol1941",69
"andrew2009",69
"einarsson1984",69
"einarssonbjarni2011",69
"gardarsdottir2008",69
"gerstenberger1997",69
"guy2010",69
"gwiazda2005",69
"johannesson1946",69
"jonsson1930",69
"kamenov2008",69
"krahl2010",69
"ljungqvist2005",69
"mcgovern2001",69
"miksic2013",69
"norlund1930",69
"oomen2002",69
"outridge2003",69
"palsdottir2010",69
"robinson2004",69
"roussell1936",69
"seaver2009",69
"sinclair2007",69
"smiarowski2009",69
"smiarowski2013",69
"smiarowski2015",69
"stefansson1993",69
"sveinbjornsdottir2004",69
"whitehouse1998",69
"gardeta2009",172
"gardella2011",172
"gardeta2012",172
"gardeta2013",172
"stremback2000",172
"borsheim2001",6
"clover1986",6
"coleman2014",6
"conkey1984",6
"gero1991",6
"hofseth1999",6
"heernes1984",6
"jochens2002",6
"kershaw1989",6
"laqueur1990",6
"mortensen2004",6
"mundal2014",6
"njalssoga1975",6
"riisoy2016",6
"sanmark2014",6
"sigurdardottir2002",6
"sigurdsson2010",6
"jorgensen1997a",60
"luz1985a",190
"cluniesross1998",43
"ryan1987",211
"wilson1955b",211
"mulk1997",280
"jons1997a",251
"thunmarknylen2000a",243
"thunmarknylen2006a",243
"robberstad1937",275
"hagland1978",275
"dyrhaug1981",275
"sawyer2000a",219
"sindbaek2005a",50
"rigsantikvarensarkaeologiskesekretariat1987",211
"suchodolski2002",184
"bulska1996",281
"dennis1980a",255
"killock2008",103
"murphy2008",96
"goody1986",277
"diamond2005b",306
"elgeskog1945",306
"christensenetal1992",46
"hungrvaka2002",216
"kjalnesingasaga1959",216
"gulathinglaw1994",26
"ibnfadlan2012",26
"magnussonl1996",306
"magnussonu1997",306
"mannerfelt1936",298
"price2006c",21
"pricemortimer2014",119
"neiss2007",268
"radins1998",231
"radins1999b",231
"radins2001b",231
"askvikresi1984",83
"waterbolk1990",205
"schon2000",306
"holmqvist1977",308
"kalmring2010f",60
"kalmring2010g",60
"tomasson1996",64
"zoega2004b",95
"simek2006",46
"westerdahl2010",200
"strinngolm2007",285
"christensen1991b",211
"larsensorensen2005",211
"andersenetal1985",46
"sikora2013",131
"eriksenetal2009",205
"hafsaas2007",205
"esverwers1980",178
"gerrets2012",178
"skre2007b",178
"egebjerghansen1992",194
"egilssaga1888",194
"edvardsson2005b",167
"edvardssonmcgovern2007",167
"macgregoretal1999",167
"magery1958",167
"magnusson1886",167
"alenstampetersson1952",211
"baastruppetersen2010",211
"baastrup1990",211
"petersen1940a",211
"jensenmoller2009",211
"wilson1960b",211
"nielsen2002b",247
"nielsen2005b",62
"mulkeen1995",212
"boguckijagodzinski2012",131
"bourdieu2003",131
"kulakov2005",287
"magi2015b",231
"tonisson1999",231
"kleemann1939b",287
"stankus1995b",231
"forssander1943",211
"feveile2006a",8
"riddersporre1989",219
"andersen2009a",219
"fidjestol1994a",275
"gurevich1963",287
"thunmarknylen1995a",287
"junker2003a",287
"kulakov1994a",287
"capelle2003a",242
"ambrosiani1996a",204
"plather2011",204
"ljungkvist2008a",142
"steuer2002a",196
"pedersen2014a",48
"nylen1978",31
"zachrisson2009",45
"wessen1940",45
"pedersen2016b",175
"skre2013",175
"billig1995a",121
"hate1996",73
"sperber2004a",130
"feveile2010a",293
"paterson2002",178
"reimer2013a",144
"stamsomunch1970",157
"skibstedklaesoe1999",96
"segschneider2016",302
"myrberg2008a",269
"hammarberg1989",269
"harrison2014a",4
"vanderlinden2016a",9
"price1994a",41
"waltonrogers1997b",295
"price2019a",79
"simms1998",167
"leciejewicz1962",132
"leciejewicz1979",132
"riabinin1994a",304
"gardela2013a",46
"gardela2016a",46
"ostigard1985",97
"solberg1985a",97
"zachrisson2011a",200
"zachrisson2012a",200
"thorarinsson1981",147
"jankowiak2012",297
"larsson2004a",119
"fabech1998a",27
"orton1993",88
"jones2003a",88
"blinkhorn2013a",88
"warmind1995a",44
"christensen1983a",205
"boivin2000",299
"vanhouts1999",299
"sofaerderevenski2000a",299
"tringham1994",299
"brinchpetersen2006",250
"harck1997",247
"ahlinsundman2012",55
"adamofbremen1959",164
"sawyer2006",285
"dersarkissian2013",100
"mulk1991",280
"kitzlerahfeldt2012",42
"stummannhansen2003",77
"price2008b",44
"smallwood2007",48
"downham2017",48
"braconi2005",48
"hadley2016a",48
"worldhealthorganization2018",48
"benedictow1996",253
"addyman1969",111
"addyman1972",111
"ballinsmith1994",10
"wallerstrom1997",112
"ostmo2000",112
"fridriksdottir1991",81
"brondsted1962",184
"adamsgilmour2010",88
"baeksted1952",277
"snaedalbrink1984",277
"morris1892",34
"grandtnielsen1974",211
"norgardjorgensen2011",17
"latour1984",211
"ofloinn2001",211
"birkedahlchristensen1924",211
"henriksen1982",211
"rispling2000",211
"mollerhansen2000",211
"roesdahl1986",211
"wamers1997a",211
"back1963",211
"helgesson1987",211
"jorgensen1980",211
"jorgensen1980a",211
"wilson1960a",211
"brondsted1924a",211
"christiansen1948",211
"christensen1992a",211
"klaesoe1994",211
"klaesoe1995",211
"klaesoe2002",211
"kleingartner2010",211
"mullerwille2005",211
"odell1959",211
"schulke1992",211
"sindbaek2012a",211
"steuer2010",211
"lundhansen1987",211
"vraengmosejensen2008",211
"mullerwille1978a",211
"ocorrain2001",102
"norderang2004a",305
"denooy2005",253
"snorristurluson1964",21
"larsson1873",222
"carroll2014",46
"coleman2014a",46
"henriksen2013a",85
"leahy1997a",264
"fischer2008a",223
"arents2010a",60
"voncarnapbornheim2007a",60
"christensen1991a",205
"jacobsen1942a",205
"ambrosiani1994a",200
"goodman2013a",258
"holmquist2015",196
"jeppesen1988",200
"risberg1997",200
"vickers1975",258
"hardh2001a",204
"jeppesen1997a",27
"nielsen1999",271
"iaea2006",217
"bonnier1991",38
"anund1998",38
"bonnier1990",38
"fagerlund2005a",38
"fagerlund1993a",38
"konigsson1993",38
"schutz2007",38
"hammarberg1976",237
"gansum1998",44
"andersen1970a",62
"englert2009",59
"ambrose1999",64
"robinson2006",212
"norrman2008a",57
"karnell2012a",24
"jansson2007",222
"macane2001",300
"vonamira1933",243
"pestell2003",251
"hanks1989",277
"knappett2008a",234
"rhiel1996",234
"dahlback1984",225
"lundqvist1997a",251
"jensen1995",238
"faulkes1998",42
"ingold1988",224
"pahlsson1984",280
"hauksson1972",66
"roberts2005",167
"bickle2013a",272
"bjorklund2015",14
"bjorklund2014",14
"ilumae2016",202
"backstrom2016a",202
"zoega2013",155
"mauritsen1982",302
"richards2000a",188
"gunther2015",168
"blifeld1977a",307
"hellesolesen1992a",160
"snorristurluson1997",19
"rcahms2011",189
"harrison2016",14
"mullermertens1999",238
"grahamcampbell1995a",261
"rogerson1995",111
"wademartins1980",111
"williams1979",111
"emery2007a",111
"hall1989a",111
"dodd2003",111
"cunliffe1977",111
"audouy2009",111
"king1978",111
"cabot2004a",111
"carver1978",111
"coggins1983",111
"tylor2005",111
"carver1981",111
"mahony1982",111
"gardiner1990",111
"rogerson1984a",111
"hurst1983",111
"dalwood1992",111
"mainman2000a",111
"loveluck2007a",111
"gould1967",111
"schoknecht1977a",251
"herrmann2005a",251
"andersson1994",251
"tacitus1999a",48
"pushkina2017",1
