"node_id","community_id"
"lund2021",1
"aannestad2018",2
"heenpettersen2019",3
"heenpettersen2018",4
"lund2016",5
"moen2020",6
"ambrosiani2015",7
"croix2015",8
"price2018",9
"vonholstein2014",10
"warmlander2015",7
"amundsen2017",11
"lund2019",12
"solli2018",13
"anchukaitis2017",14
"fabech2013",15
"dobat2006",16
"gustafssonnd",17
"kalmring2013",18
"larsson2007",19
"price2006",20
"zachrisson2017",21
"zachrissonnd",22
"fahlander2016",23
"NOAUTHOR21",24
"strand2011",25
"eriksen2013",26
"jorgensenndb",27
"jorgensennd",28
"andrennd",29
"lund2008",30
"lund2020",31
"lund2005",32
"lund2004",32
"lundborgnd",33
"lund2017",34
"raffield2018",35
"zoega2017",36
"williams2016",37
"andren2013",38
"glorstad2012",39
"lund2015",40
"lund2013",41
"ljungkvist2011a",42
"lund2010",30
"skre2019",43
"jessen2016",44
"pricendb",45
"mannering2013",46
"oehrl2017",47
"magnell2010",48
"price2008a",49
"zachrisson2014a",50
"gardela2018",51
"gustafsson2016",52
"raffield2019",53
"androshchuk2018",54
"billnd",55
"bill2019",56
"burstrom2015",57
"glorstad2017",58
"odeback2018",59
"edberg2019",60
"feveile2011",61
"gardelanda",62
"hilberg2013",63
"hedenstiernajonson2015",60
"hilberg2014",64
"hilberg2018",65
"kalmring2010",66
"ulriksen2011a",67
"voncarnapbornheim2014",68
"arneborg2012",69
"dugmore2012",70
"smith2018",71
"hartman2017",72
"jackson2018",73
"lynnerupnd",74
"frei2015",75
"arwillnordbladhnd",76
"artelius2005",77
"artelius2013",78
"pedersen2006",79
"wickholm2006",80
"harris2017",81
"tummuscheitnd",82
"fahlander2018",23
"pricend",45
"osullivan2015",83
"raffield2016",84
"price2019",85
"glorstad2015",86
"arwillnordbladh2012",87
"arwillnordbladh2013",87
"ashby2015",88
"baug2019",89
"croix2019",90
"hennius2018",91
"loftsgarden2019",92
"pilo2020",93
"perry2016",94
"thend",95
"sindbaek2018",96
"raja2018",97
"rosvold2019",98
"sindbaek2017",99
"griffiths2019",3
"backdanielsson2016",100
"gardela2007",101
"price2014",102
"barndon2018",103
"pedersenndb",104
"barrett2010",105
"krzewinska2015",106
"naumann2014",107
"montgomery2014",108
"price2014a",109
"raninen2014",110
"sheehannd",111
"sindbaeknd",112
"sindbaek2011",113
"star2017",114
"pilo2018",115
"downham2015",116
"mainland2018",117
"sindbaek2016",118
"bergstol2004",119
"kemmers2011",120
"nielsen2011",121
"baug2017",122
"svendsen2019",123
"beck2018",124
"grupe2013",125
"zachrisson2018",126
"rasmussen2014",127
"jahnsen2016",128
"stene2017",129
"kristjansdottir2015",130
"bill2017",131
"bill2016",132
"fredriksen2014",133
"gullbekk2014",134
"pedersen2015",135
"macphail2013",136
"axelsen2014",137
"williams2014",37
"gardela2015",138
"jagodzinski2014",139
"iversennd",140
"sanmark2013",141
"richards2018",142
"helama2017",143
"eriksen2017",144
"ellingsen2019",145
"price2010",49
"catlin2016",146
"jarman2018",147
"peschel2017",148
"raffield2015",149
"stott2019",150
"ulriksen2018",151
"pedersen2019",152
"NOAUTHOR28",153
"devos2013",154
"wouters2016",155
"dugmore2007",156
"keller2016",157
"tainter2006",158
"carver2015",159
"pluskowskind",160
"runge2018",152
"domeijlundborg2012",161
"tonning2020",162
"schneidhofer2017",163
"barrett2008",105
"vesteinssonnd",164
"schmid2017",165
"beck2017",166
"spangennd",167
"hillerdal2010",168
"dobat2013",169
"christiansen2019",170
"feveile2009",171
"baug2015",172
"martin2020",173
"frei2012",25
"henriksen2017",174
"price2012",175
"furholt2019",176
"frieman2019",177
"milek2012",178
"hedenstiernajonson2017",179
"kastholm2016",180
"toplak2018",181
"toplak2015",182
"gardeland",183
"forest2011",184
"gustin2017",185
"pedersen2017",186
"christensen2018",187
"heenpettersen2014",188
"ijssennagger2015",189
"kershaw2017",190
"raffield2014",191
"rogers2020",192
"svendsen2016",193
"skre2017",194
"williams2015",195
"hadley2018",196
"hadley2016",197
"mcleod2011",198
"williams2017",199
"buckberry2014",200
"leonard2011",201
"price2020",202
"hrnjic2018",203
"harrison2015",204
"kelly2015",205
"lund2006",206
"NOAUTHOR18",57
"eriksen2016",133
"hedeager2010",207
"kalmring2018",208
"draganits2014",209
"linderholm2008",210
"price2011",211
"kalmring2017",212
"kalmring2012",213
"krzewinska2018",214
"helmbrecht2012",215
"oehrl2019",47
"sindbaek2014",216
"jessen2014",217
"holst2014",218
"holst2013",217
"tveiten2017",219
"bonde2016",220
"glorstad2014",221
"roslund2005",222
"baastrup2014",223
"gotfredsen2013",224
"henriksen2014",225
"borake2018",226
"kershaw2016",227
"vesteinsson2016",228
"knudson2012",229
"hardhnd",230
"poulsen2011",231
"bill2012",232
"gustavsson2015",233
"androshchuk2010",234
"graslundnd",235
"lindholm2016",236
"ljungkvist2018",235
"ljungkvist2015",237
"chenery2014",238
"lucas2007",239
"ijssennagger2013",240
"becket2013",241
"cannellnd",242
"macphail2016",243
"magi2015",244
"gotfredsen2014",245
"milek2013",246
"burstrom2014",247
"ingvardson2012",248
"abrams2012",249
"pedersennd",250
"roesdahlnd",251
"pedersennda",137
"perry2019",189
"skre2011b",55
"frei2011",252
"becker2012",253
"olend",254
"rosengren2010",255
"NOAUTHOR33",256
"leslie2015",257
"reiter2019",258
"pricenda",259
"imer2014",260
"tummuscheit2014",261
"feveile2017",262
"goodchild2017",187
"roslund2015",263
"roslund2017",264
"roslund2013",104
"sanmarkndb",265
"sindbaek2007",266
"skre2015",267
"knappett2025",268
"sindbaeknda",216
"skrend",269
"skre2011a",270
"smith2013",271
"oye2014",272
"fallgren2008",273
"rundkvist2014",274
"christensen2013",275
"ahfeldt2015",276
"steinforth2015",277
"sutherland2015",278
"halstadmcguire2010",279
"kershaw2009",280
"vesteinsson2012",281
"holst2010",282
"fischer2011",283
"lemm2014",284
"brewer2018",285
"neiss2016",286
"pollard2012",238
"myrberg2007",287
"kershaw2018",288
"rundkvist2010",289
"furholt2018",290
"oye2016",291
"storli2010c",292
"price2016",202
"gullbekk2011",293
"svensson2018",294
"andren2000",295
"staeckernd",296
"rohdesloth2012",297
"mulk2007",298
"naum2004",299
"solli2011",300
"zachrisson2004a",301
"trinks2014",302
"kovalenko2013",303
"gustafsson2011",304
"ibsen2010",305
"buntgen2016",306
"zori2013",307
"bitzthorsen2018",308
"ravn2012a",309
"myrberg2008",310
"feveile2012",311
"benderjorgensen2009",312
"boyd2013",313
"sutherland2009",314
"fontaine2017",315
"sanmarknd",316
"arwillnordbladh2007",317
"magi2011",318
"richards2012",319
"majchczack2018",320
"naum2007",299
"halewood2001",321
"nosov2018",322
"wicker2012",323
"kitzlerahfeldt2013",323
"gardela2013",180
"svensson2009",324
"sanmarknda",325
"skorokhod2020",326
"pluskowski2010",327
"kitzlerahfeld2015a",328
"aannestad2015",6
"ahola2014",1
"ambrosiani2013",7
"andersson2004",20
"andersson2016",1
"andersson2008",27
"andren2002",32
"andren2004",19
"androshchuk2013",52
"androshchuk2014",54
"androshchuk2012",329
"androshchuk2016",1
"arents2010",66
"armbruster2010",17
"artelius2004",29
"artelius2007",23
"arwillnordbladh1998",45
"arwillnordbladh2008",29
"ashby2014",37
"s2019",1
"backdanielsson2007",12
"barndon2005",12
"ed2012",117
"barth1969",120
"e2014",330
"bergstol2008",129
"beroniusjorpeland2018",1
"bhabha1994",331
"bill2020",1
"bjerg2013",332
"blaszczyk2017",1
"d2016",1
"bogucki2012",138
"borake2019",1
"brather2013",1
"brink2011",141
"callmer2017",1
"cannell2016",145
"clarke2017",333
"croix2012",152
"croix2016",334
"croix2020",1
"crumlinpedersen2010",152
"diamond2005",70
"dobat2014",335
"domeijlundborg2004",161
"draganits2015",336
"englert2015",337
"eriksen2019",1
"eriksen1994",119
"eriksson2018",1
"forster2009",122
"frog2014",338
"gardela2008",62
"gardela2012",183
"gerds2015",339
"gjerpe2008",340
"gjerpe2017",1
"gossler2018",1
"grahamcampbell2013",1
"grahamcampbell2011",3
"graslund2007",21
"graslund2018",341
"griffiths2003",3
"gruszczynski2018",1
"hadley2013",198
"hall2014",342
"hallansstenholm2012",23
"hansen2017",1
"hansson2018",1
"hardh2010",170
"hardh2016",203
"harrison2014",81
"hedjakobsson2003",103
"hedeager2003",161
"hedeager2004",103
"hedeager2011",41
"hedenstiernajonson2006",60
"hedenstiernajonson2012",213
"helmbrecht2011",87
"hillerdal2009",1
"n2017",343
"hodges2012",99
"holmquist2013",1
"iversen2013",140
"iversen2015",176
"jackson2019",1
"jankowiak2018",1
"janowski2015",1
"jennbert2015",1
"jensen2010",62
"jesch2015",24
"jones1997",221
"jorgensen2009",152
"jorgensen2010",226
"kastholmhansen2015",1
"kershaw2013",196
"kershaw2019",1
"kirpichnikov2018",1
"kleingartner2013",344
"lia2002",232
"ljungkvist2006",235
"ljungkvist2011",237
"loe2014",59
"lund2009",5
"madsen2010",1
"magi2018",1
"magi2019",1
"mehler2015",1
"melheim2016",345
"merkel2016",203
"mikhaylov2016",1
"moen2011",62
"moen2019",6
"moesgaard2015",346
"mozdzioch2013",1
"myhre2015",162
"myrberg2009",57
"naum2008",138
"nordahl2018",1
"nordeide2016",1
"norstein2020",1
"opedal2010",347
"oye2013",348
"paterson2014",81
"pearson2018",1
"pedersen2004",23
"pedersen2009",17
"pedersen2014",6
"pedersen2016",186
"pilo2005",133
"price2000",45
"price2002",151
"price2001",168
"price2008",103
"raffield2017",349
"ravn2012",1
"rebkowski2019",1
"roesdahl2014",187
"roslund2007",55
"rundberget2017",1
"rundkvist2015",212
"russel2014",197
"said1978",121
"sanmark2017",21
"schietzel2014",59
"schultze2008",68
"semple2013",1
"sharples2020",1
"sindbaek2013",88
"skre2008",134
"skre2011",267
"soderberg2005",152
"solli2002",41
"spangen2006",1
"staecker2004",30
"stanislawski2013",138
"stanislawski2014",1
"stidsing2014",170
"svanberg2003",151
"thate2007",133
"toplak2016",1
"tummuscheit2011",261
"turner2006",1
"ulriksen2019",1
"vedeler2014",1
"vesteinsson2014",350
"vonholstein2016",1
"wallace2016",351
"wickham2005",282
"williams2020",352
"wilson2018",1
"zachrisson2004",19
"zachrisson2011",237
"zori2014",1
"strand2001",1
"andren2014",353
"birkett2020",1
"brorsson2010",1
"cooijmans2020",1
"christiansen2014",170
"dobat2010",284
"gardela2016",354
"gjerde2009",355
"glorstad2010",12
"graslund2010",37
"grundvad2017",1
"gustafsson2013",170
"laroche1997",1
"lemm2013",187
"lynnerup2014",356
"mcanany2010",1
"morawiec2009",138
"nordeide2011",37
"olsson2004",213
"price2015",249
"ratican2020",1
"roesdahl2009",1
"rundkvist2011",37
"rostad2016",89
"sheehan2013",4
"sindbaek2009",170
"steinforth2018",1
"sveinbjarnardottir2016",165
"ulriksen2011",180
"williams2010",81
"zachrisson2014",122
"ambrosiani2001",215
"graslund1984",357
"hraundal2013",7
"ilisch1990",288
"jansson1986",185
"jansson1987",20
"jansson1989",7
"wikander1978",7
"aannestad2016",2
"andren2011",181
"baastrup2012",2
"baastrup2010",2
"bagge1991",2
"bakka1963",2
"bakka1961",2
"bakka1971",358
"blackburn2002",197
"blindheim1973",206
"blindheim1999",55
"blindheim1995",12
"boe1940",204
"callmer1992",49
"callmer2008",216
"cramp1997",2
"downham2008",359
"dumville2008",3
"ekengren2009",2
"gaut2001",188
"gaut2011",137
"geber1991",2
"gosden1999",30
"grahamcampbell2000",113
"gustin2004",55
"hahn2013",2
"hedeager2002",32
"hedeager1992",119
"helms1993",34
"heyerdahllarsen1981",2
"hines1984",89
"hodder1982",185
"hodder1986",45
"hagg1974",2
"jansson1984",284
"vidar2010",2
"kopytoff2010",2
"krag1994",183
"kristiansen2005",39
"maran2012",2
"marstrander1963",2
"mauss1950",2
"mikkelsen2002",39
"myhre1992",119
"croinin1989",2
"pedersen2008",270
"peets2012",149
"petersen1940",188
"raven2005",105
"rogers2006",280
"simonsen1981",360
"skaare1963",2
"skaare1976",194
"solli1995",2
"thomas1991",2
"waller1982",2
"wamers1985",3
"wamers2011",89
"williams2008",199
"wilson1984",2
"wilson2006",250
"amundsen2001",119
"amundsen2011",361
"amundsen2015",362
"amundsen2007",294
"apel2001",363
"apel2005",364
"aronsson1991",365
"askeladden2015",366
"bakka1973",367
"bakka1976",368
"barth1976",369
"barth1996",129
"baudou1987",370
"bergman2016",371
"bergsland1992",372
"bergstol1997",129
"bergstol2009",373
"bjorn1934",374
"boaz1997",375
"bolstad1980",376
"braseth2014",377
"brendalsmo2003",378
"brogger1942",379
"bull2002",380
"byggstoyl2012",381
"damm2010",382
"fjellheim1999",383
"fjellheim2012",11
"forsberg2005",11
"fossum2006",11
"fredriksen1983",11
"fuglesang1980",296
"fuglestvedt2006",11
"gjerde2016",11
"gjessing1945",11
"grandell1986",11
"grimbe2013",11
"gustafson1988",11
"gustavsen2014",11
"hagen1946",11
"hagstrom2010",11
"hallgren2008",11
"hansen2004",167
"hansen2014",11
"hedman2003",11
"helstad2001",11
"hildre2012",11
"hole2013",11
"holm1991",11
"holm2016",11
"holseng2004",11
"hougen1947",58
"indreko1956",11
"jenkins2008",11
"johansen1981",11
"kleppe1977",11
"lannerbro1976",11
"marstrander1977",11
"mathiesen2005",11
"melheim2015",11
"mikkelsen1994",297
"mikkelsen1975",11
"mjaerum2012",184
"mulk1994",11
"myhre1962",11
"norell1987",11
"nou2007",11
"nyland2016",11
"odner1983",119
"odner2000",11
"ojala2009",11
"olsen1985",11
"olsen1991",11
"pareli1991",11
"prescott2009",11
"schanche1985",11
"scheen1979",11
"serning1966",11
"sjurseike1994",11
"skandfer1996",11
"skjolsvold1980",129
"skjolsvold1981",11
"skjolsvold1984",11
"smith2006",11
"soborg1988",11
"solberg1986",11
"sommerseth2011",11
"spangberg2014",11
"spangen2010",11
"stene2010",11
"stenvik1988",11
"svensson2006",11
"swensen2017",11
"trigger2006",11
"vorren1965",11
"wegraeus1971",11
"zachrisson1997",45
"zachrisson2015",11
"abrams2004",227
"phil2010",249
"fanning1994",188
"sheehan1998",105
"sheehan2009",249
"omeadhra1979",384
"blackburn1981",249
"glorstad1987",249
"grahamcampbell1984",188
"jensen1968",249
"davidson1962",34
"grinsell1961",51
"bjorn1940",51
"kovalev2004",263
"arbman1940",151
"arne1914",7
"bearman2014",7
"anonymous2012",249
"ljung2010",174
"lang2001",200
"cohen2004",249
"jesch2002",198
"whaley2004",249
"tweddle1995",249
"coatsworth2008",249
"grahamcampbell1980",204
"wamers2009",3
"grahamcampbell2007",111
"brunning2013",144
"sonderso2005",234
"stenalt1960",234
"kolindsund1936",234
"luhm1903",234
"androshchuk2001",234
"androshchuk2002",191
"androshchuk2003",234
"androshchuk2009",234
"androshchuk2004",234
"appadurai1937",234
"arbman1937",304
"arbman1966",234
"arrhenius1985",86
"bazelmans1999",160
"bergman1976",234
"behmer1939",234
"behrend1936",234
"brondsted1936",250
"chase1979",234
"colmo1953",234
"cross1914",234
"falk1914",234
"gameson2001",234
"gansum1991",234
"geibig1992",234
"grahamcampbell1968",234
"gurevich1968",18
"habbe2005",30
"hakonarherdibreids1991",234
"harke2000",128
"jacobsen1942",100
"nasman1991",234
"jorgensen1966",152
"lavrsen1960",234
"maixner1990",385
"mauss1980",234
"menghin1980",234
"mullerwille1978",386
"mullerwille1984",32
"mullerwille1980",234
"north1980",234
"nasman1989",234
"ostergren1976",120
"olsson1975",234
"owencrocker1966",234
"ornes1966",220
"paulsen1953",286
"pedersen1995",234
"pedersen1997",151
"pedersen2002",387
"peirce1919",32
"petersen1919",32
"rydbeck1932",234
"schulzedorrlamm1987",234
"handelderwikingerzeitzwischennordundwesteuropaaufgrundarchaologischerzeugnisse1987",234
"klaesoe2005",234
"smidt1991",234
"stocklund1985",234
"strid1961",234
"stromberg1946",234
"svanberg1995",234
"thunmarknylen1995",234
"thunmarknylen2001",234
"bergman2005",234
"thalinbergman2000",234
"theuws2000",234
"turvillepetre1960",234
"wamers1930",220
"whitelock1955",234
"willemsen2004",189
"wilson1955",388
"wrenn1958",234
"zachrisson1984",206
"zachrisson2012",11
"ammann2007",389
"ammann2003",390
"anchukaitis2014",391
"anchukaitis2012",392
"anchukaitis2010",393
"anchukaitis2013",394
"anchukaitis2006",395
"andreuhayles2011",396
"andronova2000",397
"autin2015",398
"biondi1999",399
"bowman1997",400
"bradley2001",401
"breitenmoser2012",402
"briffa1993",403
"briffa1994",404
"briffa1995",405
"briffa2000",406
"briffa1996",407
"briffa1998",408
"briffa2011",409
"briffa2013",410
"briffa2004",411
"briffa2002",412
"brohan2012",413
"buckley2010",10
"buntgen2006",414
"buntgen2013",415
"buntgen2011",306
"buntgen2014",306
"campbell2007",243
"coledai2013",416
"cook1990",417
"cook1987",418
"cook2010",419
"cook1994",420
"cook1995",421
"cook2013",306
"cook1999",422
"cowtan2014",423
"crowley2000",424
"crowley2008",425
"darrigo2011",426
"darrigo2003",427
"darrigo1992",428
"darrigo2004",429
"darrigo2013",430
"darrigo2008",431
"darrigo2015",432
"darrigo2009",433
"darrigo2006",434
"davi2003",435
"delaygue2011",436
"doradolinan2012",437
"edwards2007",438
"emilegeay2013",439
"esper2013",440
"esper2002",441
"esper2014",442
"esper2010",443
"esper2007",306
"esper2012",306
"esper2016",444
"esper2015",445
"esper2005",446
"estrada2013",447
"evans2013",448
"evans2002",449
"evans2001",450
"frank2007",451
"frank2010",452
"fritts1976",453
"fritts1991",454
"gallant2013",455
"gao2008",456
"gao2006",457
"gennaretti2014",143
"gershunov1998",458
"gillett2012",459
"goosse2016",460
"grinsted2004",461
"hakim2016",462
"harris2013",463
"haurwitz1981",464
"hegerl2014",465
"hegerl2007",466
"hegerl2003",467
"hegerl1997",468
"hegerl2006",469
"hegerl2011",470
"helama2014",471
"hughes2002",472
"hughes1994",105
"hughes1999",473
"jacoby1995",474
"jacoby2000",475
"jones2013",308
"jones2009",476
"jones2012",141
"jull2014",477
"kaplan2011",478
"kaufman2014",479
"keigwin2003",480
"kennedy2011",481
"klesse2015",482
"lavigne2013",483
"lean2006",484
"lee2008",36
"lehner2012",485
"lewis2015",486
"li2010",179
"linderholm2015",487
"luckman2005",488
"ludlow2013",489
"mann1998",490
"mann2012",491
"mann2002",492
"mann2013",493
"mann2005",494
"mann2007",495
"mann2008",143
"mann2009",164
"massondelmotte2013",496
"matskovsky2016",143
"matskovsky2014",497
"matthews2005",143
"mccarroll2013",498
"mccarroll2002",499
"mcgregor2015",306
"mckay2014",500
"meehl2004",501
"meko1997",502
"melvin2008",503
"melvin2004",504
"michaelson1987",505
"morice2012",506
"muscheler2007",507
"naulier2015",508
"ogurtsov2016",509
"oman2005",510
"ortega2015",511
"pausata2015",512
"payette2007",513
"pederson2014",514
"phipps2013",515
"plummer2012",516
"pongratz2008",517
"raspopov2008",518
"rimbu2003",519
"rind1999",520
"rind2004",521
"robock2000",14
"rutherford2003",14
"rydval2017",14
"schmidt2010",14
"schmidt2014",14
"schmidt2012",14
"schneider2009",14
"schneider2015",522
"schneider2001",14
"schurer2013",14
"schurer2014",14
"schweingruber1993",14
"schweingruber1978",14
"seager2008",14
"seager2007",14
"shindell2009",14
"shindell2014",14
"shindell2015",14
"shindell2004",14
"shindell2001",14
"shindell2003",14
"sigl2015",306
"smerdon2010",14
"smerdon2008",14
"smerdon2011",14
"smerdon2016",14
"solomon2011",14
"st2014",14
"george2013",14
"steiger2014",14
"steinhilber2009",306
"stenchikov2006",14
"stoffel2015",14
"vonstorch2004",14
"stott2010",14
"stott2009",14
"stott1998",14
"stuiver1993",14
"sundqvist2014",14
"swingedouw2010",14
"szeicz1995",14
"tierney2015",14
"tingley2015",14
"tingley2012",14
"tingley2010",14
"tingley2013",14
"torrence1998",14
"touchan2014",14
"trenberth1984",14
"verosub2008",14
"vieira2010",14
"wagner2001",14
"wagner2005",14
"wang2015",14
"waple2002",14
"wiles2014",14
"wilson2016",143
"wilson2010",143
"wilson2007",110
"wilson2014",14
"wise2015",14
"youngblut2008",14
"zanchettin2012",14
"zhang2016",14
"zorita2003",14
"zwiers2000",14
"ivakin2001",54
"kjellstrom2012",60
"kjellstrom2013",54
"koktvedgaardzeiten1997",54
"kovalenko2006",303
"stolpe1992",54
"nerman1935",249
"helms1988",185
"andren1999",523
"andren2007",49
"back2012",38
"bandmann1951",38
"baudou1989",38
"berend2007",38
"blomkvist1998",38
"blomkvist2002",38
"brendalsmo1994",38
"brink1992",310
"brink2004",100
"ross2002",48
"diiwel1985",38
"dyggve1952",38
"fabech1991",19
"fehring1991",38
"gotfredsen1988",38
"graslund1992",100
"graslund2001",19
"graslund1993",38
"gren1989",38
"hallansstenholm2006",29
"hedeager1999",32
"hellstrom1996",38
"hernaes1999",38
"hildebrandt1985",38
"hultgard1997",239
"iregren1989",236
"janson1998",48
"jeppesen1991",212
"johannsen1981",38
"johansen1997",100
"krautheimer1942",38
"larsson2004",19
"liden1969",15
"ljungberg1938",524
"mcnicol1997",38
"meckseper1982",38
"nielsen1997",38
"nielsen2005",282
"nordahl1996",38
"olsen1966",79
"olsen1972",38
"rydh1969",32
"sandnes1987",38
"skre1995",38
"sondergaard1972",38
"stamsomunch1991",38
"sundqvist2007",38
"svensson2012",311
"theliander2003",38
"theliander2005",38
"vibemuller1991",38
"vikstrand2001",283
"devries1957",38
"wallander1994",38
"wideen1955",525
"zachrisson1963",38
"strand2010",25
"barber1991",25
"benderjorgensen1986",25
"benderjorgensen1987",241
"benderjorgensen1992",46
"benderjorgensen1995",25
"costin1991",25
"geijer1938",46
"geijer1980",25
"geijer1972",25
"gleba2008",25
"hald1980",25
"hedeagerkrag1994",111
"herlihy1964",25
"hagg1983",25
"hagg1984",185
"hagg1985",25
"hagg1986",280
"hagg1991",46
"ingstad1980",25
"michel2010",25
"martensson2007",184
"martensson2000",25
"pedersen1998",25
"waltonrogers1996",25
"waltonrogers2007",526
"kovalenko2012",54
"geibig1991",234
"zachrisson1998",32
"hookernd",69
"jay2006",238
"kalland2000",69
"kosiba2007",81
"lynnerup1998",69
"mcgovern1985",70
"mcgovern2000",70
"mcgovern1996",70
"mcgovern2005",69
"mcgovern2004",69
"muldner2007",238
"mohl1982",69
"adalsteinsson1990",69
"alexandersen2003",69
"arneborg1990",69
"balslevjorgensen2001",69
"barret2005",69
"bruun1928",69
"commisso2006",69
"commisso2007",69
"enghoff2003",314
"fricke1995",200
"gullov2012",69
"hebsgaard2009",69
"vebaek1992",69
"vebaek1993",69
"oye2001",69
"nelson2003",69
"nelson2012",69
"olafsson2006",69
"privat2002",238
"reitsema2010",69
"schweger1998",69
"simpson2002",527
"simpson2007",69
"edvardsson2012",69
"sveinbjornsdottir2010",69
"vebaek1991",69
"alberti2013",87
"andersson1998",145
"andren1989",296
"arrhenius1962",76
"arrhenius1994",87
"arrhenius1997",87
"arrhenius1932",87
"arwillnordbladh2011",87
"backdanielsson2010",87
"berg2007",87
"bergqvist1999",87
"bragg1997",87
"brink2008",133
"christensen2008",217
"christensen2009",87
"christensen2010",162
"gillespie2008",87
"gilman2010",87
"graslund2005",87
"graslund2008",31
"gronvik2008",87
"hagberg1976",87
"helmbrecht2007",216
"hjorungdal1991",83
"hardh2008",270
"jansson1996",76
"jensen2004",87
"johansson2008",230
"jorgensen2002",30
"jorgensen2008",168
"kuper1988",87
"larsson1997",87
"lassen2003",87
"lundstrom1995",76
"ljungkvist2005",87
"lundgren2007",87
"malmberg2009",87
"malmberg2010",87
"mannering2010",87
"martinson1956",87
"mauss1934",5
"nasstrom2001",78
"raudvere2008",87
"ringkvist1969",87
"roberts1999",87
"silvers2009",87
"solli1999",87
"sonne2010",87
"steinsland2007",87
"stolpe1912",49
"sorensen1997",87
"thomson1997",87
"vikingatidens1995",87
"weiner1985",34
"williams2011",87
"schulzedorrlamm1995",234
"almgern1914",76
"anderson1983",128
"andersson1990",76
"andersson1995",528
"andersson2011",23
"arne1932",76
"arrhenius1976",212
"bradley2002",78
"bradley2003",105
"burstrom2012",76
"chapman1997",529
"chapman1977",76
"chapman2006",207
"climo2002",76
"connerton1989",29
"delvin2007",76
"dommasnes2006",76
"dommasnes2008",313
"duczko1985",51
"jansson1985",216
"jennbert2011",76
"jensen2003",76
"jones2007",29
"kaliff1999",76
"kaliff2001",318
"knappett2012",76
"kokowski2010",76
"tsamis2010",76
"lowenthal1999",76
"vonmuller1958",76
"nora1989",76
"nugent2012",76
"renfrew2004",76
"rowlands1993",298
"rowlands1999",76
"sjogren2003",76
"vandyke2003",29
"williams2003",103
"aqvist1996",28
"artelius1996",29
"baudou2004",128
"bolin2004",6
"bratt2008",23
"burstrom1989",29
"chippendale1983",530
"gosden1994",166
"gustavson1986",29
"lonnroth1977",317
"olivier1999",78
"pollard2002",29
"sawyer2000",45
"shanks1987",112
"stromberg1968",29
"widholm2006",29
"williams2006",103
"zachrisson1994",23
"pagesk2013",14
"aberg1921",531
"adamavbremen1984",532
"ambrosiani1964",533
"andersson1992",125
"andersson1989",534
"arend1978",535
"axelsson1993",536
"baer1998",537
"baines1989",538
"berg1987",539
"bergman1948",540
"berlo1983",541
"bjurstrom1996",542
"blair1989",543
"brondsted1920",544
"bugge1953",545
"carlqvist1977",546
"carlsson1985",547
"christiansson1959",548
"christophersen1982",186
"claesson1982",549
"clanchy1979",550
"crocker1982",551
"danbolt1989",552
"ekblad1997",553
"elgh1987",554
"vonfriesen1913",555
"fuglesang1978",556
"odense1981",557
"svardstrom1962",558
"goody1977",559
"graslund1985",560
"gronvik1981",561
"gronvik1985",562
"gurevich1985",15
"gustavson1988",563
"hagenfeldt1996",295
"hallencreutz1982",295
"haseloff1981",207
"hedeager1997",161
"herschend1994",31
"hildebrandnd",295
"holmback1943",295
"holmqvist1951",295
"holtsmark1960",295
"hubler1996",295
"hyenstrand1974",564
"johansson1996",295
"kallstrom1992",295
"klindtjensen1975",295
"kristoffersen1995",132
"kyhlberg1983",295
"lager1995",295
"lagman1990",295
"larsson1990",5
"fornvannen1997",295
"lie1952",295
"lindblad1992",295
"lindell1994",295
"lindkvist1988",295
"lindqvist1931",295
"lindstrom1992",295
"lonnroth1982",295
"marcus1992",295
"meijer1992",295
"moltke1974",295
"mostrom1998",295
"miillernd",295
"og1911",295
"ol1900",295
"olason1989",295
"ong1982",317
"orsnes1966",216
"orsnes1969",295
"owe1995",295
"palm1992",295
"peterson1994",295
"petre1984",237
"petre1993",295
"philippa1977",295
"ragnesten1978",295
"randsborg1980",211
"russell1994",295
"salberger1978",295
"salin1904",207
"sandahl1996",295
"sawyer1988",21
"sawyer1993",251
"schuck1935",295
"segelberg1983",295
"shetelig1909",295
"sjoberg1985",182
"snorres1997",295
"soderberg1905",295
"soderqvist1993",295
"strid1987",295
"sundqvist1996",295
"svardstrom1936",295
"svenbro1975",295
"thrainsson1994",295
"varenius1998",295
"wamers1999",565
"wijkander1983",295
"williams1990",295
"wilson1995",280
"wilson1994",295
"zanker1988",295
"runinskrifter1984",295
"garlandthomson2002",87
"aarissorensen1988",88
"aarissorensen2007",88
"ambrosiani1981",10
"arneborg1998",75
"ashby2011",10
"ashby2013",10
"smith1995",10
"barrett2011",88
"bately2007",95
"bencard1990",216
"blaut1993",88
"buchwald2006",92
"buckley2011",10
"buckley2009",10
"buckley2014",75
"callmer2002",99
"sachensymposium2001",266
"callmer2003",65
"childe1950",566
"clarke1991",18
"coupland2010",240
"coupland2011",88
"cowgill2004",88
"feveile2001",169
"feveile2006",96
"fleming2009",88
"galloway1981",88
"henderson2005",88
"hodges1982",134
"hull2008",88
"jantzen2013",88
"keller2010",88
"kirby2013",88
"knappett2008",268
"lie1991",88
"ling2013",567
"loveluck2006",88
"madsen1984",186
"madsen2004",88
"madsen2014",568
"mahler2007",70
"mainman1999",88
"mattingly2013",88
"miksic2000",88
"muller2012",88
"nasman2000",18
"nasman2003",64
"nesje2012",13
"rau2010",88
"renfrew2008",569
"riddler2003",88
"rieck2006",88
"roesdahl2003",66
"lewissimpson2000",88
"roesdahl2001",88
"schyman2012",88
"sinclair2012",75
"skov1997",88
"skov1999",122
"skov2006",88
"skov2010",88
"skre2007",96
"smirnova2002",98
"stephan1994",88
"stewart2013",88
"strohalm2010",88
"taylor2012",88
"theuws2004",194
"trigger2008",88
"ulbricht1978",64
"vandoorn2014",88
"verhulst1994",88
"weber1995",88
"wigh2001",95
"yoffee2005",88
"boric2008",87
"goransson1999",87
"hirdman1988",87
"joyce2005",87
"muckenberger2012",87
"nasstrom1986",87
"vikingatidens1995a",87
"almgren1905",570
"arbman1945",22
"artelius1999",144
"artelius2002",77
"berger1979",77
"ross1998",4
"edsman1987",77
"fors2002",77
"halbwachs1952",77
"jennbert1977",77
"lundborg1972",77
"moon1987",77
"napier1992",77
"rappaport1999",30
"rolston1987",77
"sahlstrom1948",77
"strom1967",77
"turner1983",77
"thomas1985",77
"vedelnd",77
"wikstrom1993",77
"janson2009",76
"bergqvist1997",87
"alberti2014",100
"am2013",166
"backdanielsson2012",100
"barad2003",294
"barad2007",100
"burstrom1994",100
"ccby2016",100
"ekholm1950",100
"fowler2015",100
"graslund1991",295
"jonsson2015",100
"klos2009",100
"koster2014",100
"lager2002",100
"larsson2010",100
"lindeberg2009",100
"mitchell2005",100
"munn1986",100
"nielsen1941",100
"peterson2006",21
"dictionary2016",100
"runtextdatabas2015",100
"saol1998",100
"sjoborgnd",100
"brink1981",100
"hobsbawm1983",317
"jennbert2004",50
"wamers1987",571
"frick1992",572
"aatsleff2010",573
"aberg1936",574
"albrethsen2002",575
"brandt2002",576
"johansen1987",577
"fraenkelschoorl1978",578
"garipzanov1980",579
"grahamcampbell1991",580
"hyvass1986",581
"jensen2006",582
"jorgensen2003",152
"jorgensen2006",583
"klingenberg1984",584
"lennarrson1983",585
"longley1975",586
"macgregor1993",223
"mikkelsen1999",282
"moesgaard2010",223
"monge2003",223
"nielsen2006",170
"nielsen2004",587
"olsen1981",223
"olsen1977",187
"ryan1997",223
"rygh2003",223
"ulriksen1970",223
"vandoorn2011",10
"arneborg2003",105
"arrhenius1995",105
"ashby2006",105
"smith1993",105
"barrett2003",221
"barrett2004",210
"besteman2004",105
"biddle2001",105
"bolin1953",105
"brettell2000",105
"brooks1971",105
"burstrom1993",105
"byock2001",105
"carver1990",105
"carver1995",105
"clover1988",105
"coupland1998",105
"crumlinpedersen1995",49
"crumlinpedersen2007",588
"dahljensen1998",105
"dansgaard1975",105
"downham2007",105
"duczko2004",99
"dumville2002",105
"dyer2002",105
"earle1997",105
"edwards2005",105
"englert2007",105
"etchingham1996",105
"etchingham2007",105
"forenbaher2005",105
"fossier1999",105
"grahamcampbell1975",105
"hadley2006",105
"halsall2003",105
"hannon2005",105
"hansen2000",105
"haywood1999",105
"heinsohn2003",105
"hernaes1997",105
"hill1981",105
"hill2001",105
"hills2003",105
"hodges2006",18
"hodges1983",105
"holm1986",105
"hunter2007",105
"johnson2001",105
"jonsson1911",105
"karlsson1997",105
"keegan2004",105
"keynes1997",105
"kristoffersen2004",105
"kuhn1977",105
"lund1989",105
"magi1999",105
"slavi1997",589
"mccormick2001",96
"michelli1993",105
"minorsky1958",105
"montgomery2006",105
"montgomery2003",105
"morris1998",105
"mullerwille1994",105
"myhre1987",105
"myhre1993",3
"nelson1991",105
"nelson1997",105
"nondier2002",105
"croinin1995",105
"oppenheimer2007",105
"owen1999",105
"paterson2001",105
"pirenne1939",105
"reuter1985",105
"richards2000",196
"ridel2007",105
"roesdahl1991",105
"santiagoirizarry2008",105
"sawyer1982",105
"scholz1970",105
"simek2004",105
"skre2001",105
"small1973",105
"stefansson2003",105
"vesteinsson2006",164
"wallace2003",105
"warner1976",105
"weber1992",105
"westerdahl2008",105
"wicker1998",105
"woolf2007",105
"wormald1982",105
"runicdictionary2016",100
"samnordiskruntextdatabas2016",100
"nilsson1996",295
"moltke1942",260
"aughdal1979",172
"baug2011",95
"baug2013",50
"bergstrom2007",22
"brodshaug1950",172
"campbell1939",172
"carelli1997",50
"cederlund1964",172
"christophersen1999",172
"ek1962",172
"fisher2004",172
"forster2004",192
"friisnd",172
"granlund1956",172
"grenne2008",118
"gron1927",172
"gron1939",172
"gron1942",172
"hamilton1956",172
"helberg2010",122
"helle1982",122
"jensen1990",187
"kaland1987",122
"kristiansen2009",172
"processing2009",172
"kristensen1999",172
"molaug1982",172
"keysernd",172
"magnusnd",172
"petersen1951",206
"randers1982",122
"reiersen1999",172
"resi1979",95
"rnregestanorvegica1989",172
"roesdahl1980",172
"sindbaek2005",55
"skaarup2009",172
"skjolsvold1961",122
"skre2006",230
"smith1999",265
"steensberg1964",172
"steuer1987",66
"tengesdal2010",172
"vangstad2003",122
"viklund2007",172
"visted1975",172
"weber1984",291
"weber1989",92
"weber1999",172
"oye2002",122
"oye2009",141
"bockman1997",103
"gjerpe2005",103
"glorstad2008",133
"gudmundsdottir2003",103
"hufthammer2016",103
"harke2014",590
"iversen1999",6
"jezek2015",103
"kristoffersen2006",103
"meling2014",103
"metcalf1991",103
"moberg1992",39
"mullerwille1977",206
"ohlhaver1939",103
"roberts2015",103
"ronne2002",206
"sauvage2005",103
"straume1984",104
"wallander1989",103
"ostigard2006",591
"fuglesang1986",295
"larsen1989",295
"andersson2005",78
"artelius2010",23
"borgeaud1987",78
"boyend",78
"burke1989",78
"edmonds1999",78
"fernholm1982",78
"gosden1998",23
"hansson1991",78
"hemmendorff1980",78
"stenholm2004",78
"jennbert1991",78
"lindqvist2010",23
"lundborg2007",78
"nagy1976",78
"olson1968",78
"rudbeck1978",78
"stromberg2005",78
"zuesse1987",78
"ambrose1993",259
"ayliffe1990",253
"balasse2003",253
"batey1998",118
"becker1998",253
"becker2011",125
"behre2008",253
"benecke1982",253
"bentley2006",238
"bosl2006",253
"butzler1986",253
"buzon2010",253
"clementz2001",253
"doppler2010",125
"drouet2005",253
"elsner1989",253
"faure2005",135
"fricke1998",253
"fry2006",125
"grupe2009",125
"grupe2010",125
"grupe2012",253
"heinrich1987",592
"heinrich2006",125
"huster1983",253
"jacomet2010",253
"koch2007",253
"kohn1996",202
"kohn2002",253
"layman2007",253
"leethorp1989",253
"lepiksaar1977",593
"mewis2004",253
"miller2010",130
"mullerwille2002",125
"newsome2004",125
"oconnor2004",308
"phillips2003",125
"pieper1995",253
"reichstein1991",253
"reichstein1966",253
"rozanski1992",253
"schmolcke2006",594
"schoeninger1984",595
"sjogren2009",238
"smed2002",253
"stephan2008",253
"stevens2006",253
"surge2005",253
"taastrom1999",253
"tieszen1991",253
"vogel1989",253
"vogel2002",253
"vonlehmann1986",253
"west2010",253
"dommasnes1976",279
"stylegar2010",131
"stylegar2014",103
"straume1986",104
"tarlow2016",103
"oye1985",103
"bmasstrom2001",78
"lindqvist2012",78
"adams1991",166
"arnold2012",166
"bailey1990",166
"bailey2015",166
"bailey2007",166
"beck2014",166
"becker1966",166
"becker1971",166
"berggren2009",166
"bille2016",166
"bloch1977",166
"boivin2008",166
"bowker2005",166
"cobb2012",166
"delanda2006",166
"delanda2016",166
"deleuze2005",173
"edgeworth2012",166
"eisenschmidt2013",166
"ejstrud2000",166
"fahlander2003",166
"felding2013",166
"fundfortidsminder2017",166
"gell1992",166
"gerritsen1999",596
"gerritsen2008",166
"gosden2015",166
"gramsch1996",166
"hamilakis2017",166
"hansen2015",166
"harris1989",597
"holst1999",166
"holtorf1998",166
"holtorf2002",133
"hvass1983",166
"hvass1985",282
"ingold2010",166
"jensen2005",166
"joy2009",57
"larsen2007",219
"larsson2006",22
"laursen2017",166
"lucas2005",166
"lucas2008",75
"lucas2012",166
"mcanany2009",166
"mikkelsen1998",166
"sekretariat1997",166
"mikkelsen2016",166
"moller2010",166
"mud2014",166
"muller1906",166
"munn1992",166
"nasman1987",166
"nativ2017",166
"olivier2011",166
"olsen1968",166
"pauketat2005",166
"pearson1994",166
"reynolds1994",166
"rosenberg2010",166
"shennan1993",166
"slotsogkulturstyrelsen2017",166
"sorensen2015",166
"thomas1996",32
"tornbjerg1998",28
"tringham2000",166
"vanoyen2015",124
"villumsen2013",166
"witmore2013",166
"zimmermann1998",184
"anckers1993",317
"andersson1999",17
"brown1991",317
"cassel2004",317
"cnattingius1930",317
"foxhall2000",317
"gilchrist2004",317
"jonsson2003",317
"kallen2004",317
"moberg1987",317
"olivier2004",247
"palm2004",48
"ralph2005",317
"vandyke2003b",317
"wessen1958",317
"widmark1993",317
"askvik1990",89
"askvik2008",95
"askvik2014",89
"bakmark2014",89
"bazelmans2009",598
"berglund1995",292
"bos2005",89
"bratrein1994",292
"buchwald2005",95
"callmer1991",49
"callmer1998",89
"callmer2007",99
"coupland2002",89
"crosby1987",89
"curta2007",200
"delvaux2017",89
"downham2011",3
"eldorhagen2001",113
"ellis1969",599
"ellmers1985",600
"etchingham2014",601
"feveile2000",55
"gardner2007",89
"gaunt2000",89
"hald1991",89
"hansen2017a",98
"hines1999",89
"hodges2001",89
"holand2003",89
"holberg2015",89
"holm2015",602
"iversen2018",89
"jansen2001",89
"jellema1955",89
"jensen1993",168
"jesch2009",89
"kars1983",122
"knol2017",89
"koht1919",89
"krol2006",89
"lebecq1990",89
"lebecq1999",89
"ljungkvist2009",99
"lonaas2001",89
"moore1978",89
"moore1983",89
"myrvoll1991",122
"nasman1986",89
"nicolay2005",240
"nicolay2017",603
"nilsen2016",71
"corrain1998",604
"pilo2011a",95
"resi1990",95
"resi2008",89
"roesdahl1995",89
"schreiner1928",89
"sheehan2008",89
"sitzmann2008",605
"sjovold1974",86
"skre2018",606
"sode2017",89
"stenvik1997",219
"storli2006",292
"svennung1967",89
"walther2004",89
"wickham2008",89
"wilson1985",89
"wood1983",89
"plogmann2006",253
"bonde1994",208
"brogger1917",131
"dybwad1908",131
"johansen2016",131
"kluwernd",131
"mullerwille1970",49
"paasche2010",131
"grahamcampbell2004",196
"thomsen2009",223
"aud1996",223
"aud1997",223
"wamers2005",223
"lennarrsson1999",223
"brondsted1924",223
"skovmand1942",167
"wamers1991",223
"lennartsson1999",223
"andersen1995",79
"brucemitford2005",220
"roth2002",223
"wamers1994a",137
"lindahl2003",223
"aud1992",223
"aarsleff2008",248
"adamsen1997",223
"albrethsen2008",223
"lindahl1984",223
"thorvildsen1957",16
"bradley1998",317
"ambrosiani1984",60
"bergstel1997",119
"bergsvik2001",119
"boaz1999",119
"skre1998",119
"strade1997",119
"solberg2000",86
"storli1994",119
"sorensen1979",607
"shetelig1917",608
"norseng2010",137
"allmae2011",202
"andersen1991",220
"axboe1995",205
"baillie1982",220
"baillie1973",220
"bjorkvik1999",220
"bonde1995",220
"bonde1997",220
"bonde2005",220
"bonde2007",220
"bonde1993",137
"bonde1982",32
"bonde2009",609
"brathen1982",220
"brogger1951",610
"brucemitford1964",220
"carver1998",232
"christensen1995",220
"christensen1993",217
"christensen2003",220
"christensen2004",220
"christensen2007",217
"christensen1994",220
"christensen1998",611
"christensen1987",215
"eckstein1977",64
"euforgen2009",220
"evison2008",220
"faegri1954",220
"filmersankey1992",220
"grieg1928",66
"hines1992",220
"hines1993",22
"holand2001",89
"hulten1971",220
"hutchinson1994",220
"kaennel1995",220
"lorangend",220
"marsden1996",220
"mullerwille1974",224
"mullerwille1995",220
"myhre1980",133
"myhre1998",3
"myking2011",220
"naess1969",220
"nasman1984",220
"nerman1948",220
"nordenborgmyhre2004",220
"opedal1998",220
"opedal2005",612
"peets2013",45
"reiersen2009",220
"roesdahl1994",220
"schetelig1902",220
"schetelig1906",220
"schetelig1912",62
"shetelig1940",111
"sorensen2001",49
"sylvester2009",220
"vadstrup1994",220
"mcleod2014",89
"roesdahl2005",89
"verhulst2002",64
"vinsrygg1979",89
"andersen1988",262
"smith2007",241
"barret2006",613
"barret2004",614
"barret2000",615
"blackburn2008",134
"brink2008b",7
"brooks1979",616
"buckland1990",122
"carver2004",617
"crumlinpederson1995",618
"downham2000",619
"forsyth1995",620
"gaut2002",621
"grahamcampbell1995",622
"grahamcampbell1998",81
"grahamcampbell2001",190
"grahamcampbell2003",623
"gudmundsson1965",624
"hermannsaudardotir1991",625
"hines1996",626
"howlet1999",627
"metcalf2007",111
"roesdahl2003b",628
"myhre2003",162
"paasche2006",629
"ralston1997",630
"randsborg1995",631
"randsborg2000",632
"sawyer2003",633
"smyth1984",634
"wamers1998a",3
"weber1991",635
"whitelock1961",196
"mierow1915",89
"andersen1989",312
"andersson2003",266
"benderjorgensen2005",312
"christiansen2004",312
"cooke2002",312
"cooke2005",312
"damgardsorensen1998",312
"dybdahl1990",312
"eldjarn1988",312
"eldjarn1990",312
"elstad2002",312
"elstad2004",312
"hoeghnd",312
"kastholm2009",312
"kaup1996",312
"kjellmo1996",312
"kvamme2004",312
"lightfoot1996",312
"lightfoot1997",312
"myhre2002",133
"martensson2006",312
"norgard1999",32
"olsennd",312
"olufsennd",312
"rabben2002",312
"traetteberg1999",312
"franckenwelz2003",312
"westerdahl1995",312
"amundsen2003",121
"alfsen1979",122
"baug2002",122
"birkedahl1997",122
"birkedahl2000",122
"bl1923",122
"christophersen1991",122
"crawford2002",122
"gestsson1959",122
"magnusson1971",122
"morcken1964",122
"nielssen2014",636
"nymoen2011",122
"pilo2007",61
"risbol1994",122
"schou2007",122
"schon1995",266
"sigurdsson1999",36
"jones1999",119
"bill2013",137
"callmer1977",64
"gansum1995",55
"hinsch1945",637
"hjardar2011",55
"hougen1993",55
"jankuhn1986",63
"karageorghis1999",55
"kilger2008",55
"kleingartner2014",65
"larsen2011",261
"martens1988",58
"nicolaysennd",55
"oye2011",83
"pedersen2001",55
"rispling2008",55
"ros2009",55
"sperber1996",230
"steuer1997",230
"wiker2006",55
"bender2002",312
"rasteicher2008",312
"brather1992",232
"capelle1978",41
"capelle2000",232
"daly2011",638
"gansum1996",639
"geary1994",41
"holck2009",45
"krogh1982",5
"kummel2009",232
"larsen2004",95
"marstrander1986",232
"mullerwille1976",151
"mullerwille1992",232
"nicolaysennda",49
"randsborg1998",23
"roesdahl2008",217
"sigurdsson2003",232
"steinsland2002",232
"vanhaperen2010",232
"berg2015",640
"anderson1907",241
"becket2010",241
"curle1982",241
"dickson2000",241
"edlin1973",241
"fentz1992",241
"grahamcampbell2002",277
"grieg1940",192
"grieve1923",241
"harman1981",241
"loder1935",241
"morgan2012",241
"mcneillnd",241
"ottaway1992",192
"allerton2007",247
"barthes1971",247
"barthes1986",247
"bellamy2012",247
"bender1998",641
"blackwell2007",247
"blackwell2012",247
"brisholm1997",247
"burstrom1996",247
"burstrom1998",120
"dannehl2009",247
"demarrais2004",247
"denzin1989",247
"derrida1978",120
"douglas1993",247
"eckardt2003",120
"elfver2008",247
"epstein1991",247
"foucault1978",247
"friedel1993",247
"gaitanammann2005",247
"gilchrist2000",247
"gildonnd",247
"golofast2003",247
"gordon2009",247
"gosden2005",34
"halse2006",247
"hamilakis1999",247
"hardh1996",186
"heffernan1988",247
"herva2010",247
"hibbert1969",247
"hicks2010",247
"hodder2012",133
"holtorf2001",247
"holtorf2008",247
"hoskins1998",34
"humphrey2003",247
"johnsonnd",247
"jonsdottir1982",247
"jonsson1997",247
"joy2000",247
"joyce2000",247
"kilnernd",247
"kopytoff1986",40
"lamb2011",247
"lamotta2012",247
"latour1992",247
"lindqvist1936",233
"martindale2009",247
"mcnaughton2006",247
"meskell2004",247
"meskell2005",642
"michell1982",247
"miller2000",247
"nevett1999",247
"novarr1986",247
"olsen2003",144
"olsen2010",57
"olsen2012",247
"ostergren1990",247
"polkey1999",247
"roos2003",247
"roymans1995",247
"shanks1998",120
"sofaer2007",247
"spangen2005",30
"stewart1993",247
"strathern1988",247
"thompsonnd",247
"tilley1996",247
"valenze2006",247
"vellinga1999",247
"weiner1992",86
"wilson2008",242
"witmore2007",247
"woolf1967",247
"wiker2007",55
"adamson2018",643
"adger2006",644
"armstrong2017",645
"balee1998",646
"barthel2013",647
"bauer2018",648
"boggs2016",649
"boogert2006",650
"boyd2009",651
"braje2016",652
"brooks2018",653
"carroll2018",654
"carroll2017",655
"carter2014",656
"cooper2012",657
"costanza2007",658
"crumley1993",659
"crumley2015",660
"diamond2010",661
"djindjian2011",662
"dobzhansky1973",663
"ellis2015",664
"ellis2018",665
"ellis2016",666
"finney2016",285
"fitzhugh2018",285
"foster2016",285
"fox2017",285
"fuentes2016",285
"gould1991",285
"gould1982",285
"gould1979",285
"guttmannbond2010",285
"hambrecht2017",285
"helsing2018",285
"hufschmidt2011",285
"ipcc2014",667
"jackson2017",285
"kareiva2016",285
"kaufman2018",285
"krasinski2018",285
"kuussaari2009",285
"laland2008",285
"laland2002",285
"laland2000",285
"laland2001",285
"laland2010",285
"laland2015",285
"lane2015",668
"larson2013",285
"lewontin1978",285
"lorenz2013",285
"malhi2017",285
"mesoudi2008",285
"mesoudi2006",285
"mesoudi2009",285
"nelson2016",669
"nielsen2013",285
"obrien2012",285
"obrien1990",285
"obrien1992",285
"odlingsmee2006",285
"odlingsmee2007",285
"odlingsmee2013",285
"odlingsmee2003",285
"olson2015",285
"oreskes2014",285
"pancost2017",285
"rees2017",285
"riede2017",285
"riede2018",285
"ripple2017",285
"rockman2009",285
"rockman2012",146
"rohland2017",285
"ruddiman2018",285
"scott1999",285
"smit2006",285
"sterelny2007",285
"sugiyama2008",285
"sugiyama2009",285
"svenning2013",285
"svenning2016",285
"swetnam1999",285
"szabo2010",285
"vogel2007",285
"waring2015",285
"waring2017",285
"white1974",285
"whitehead1998",285
"wimsatt2007",285
"wrangham2010",285
"schetelig1917",132
"andersson2007",23
"biddle1976",670
"christiansen2006",313
"dommasnes1982",313
"easthope2004",140
"flanders2004",313
"geraghty1996",671
"gonzalesmarcen2008",313
"hall1994",149
"hamerow2002",282
"hurley1997",672
"jesch1991",45
"kelly1988",116
"mcalister2003",313
"milek2006",673
"munch2003",113
"osullivan2008",118
"corrain1983",313
"corrain2005",313
"perring1981",94
"reilly2003",313
"simpson1999",205
"simpson2006",313
"stocker2003",191
"valante2008",116
"wallace1992",270
"wallace2000",313
"wallace2005",313
"wallace2008",108
"andersson2000",304
"artursson2005",124
"bantelmann1975",124
"beck2004",124
"bennett2005",124
"bjorhem1993",17
"boozer2015",124
"boye1992",124
"boye1998",124
"carlie2005",124
"carlie2008",124
"carstens2015",162
"christensen1973",124
"christensen2015",152
"eriksen2009",231
"ethelberg2003",282
"ford1954",124
"fowler2017",124
"gjerlevsen2013",124
"gram2006",124
"graslund1987",124
"hakansson2012",124
"hansen1991",124
"harrison2011",124
"hatt1928",124
"heimer2009",124
"heimer2006",124
"herschend1993",145
"hill1972",124
"hvass1980",231
"jensen1986",124
"jensen1987",124
"jessen2012",44
"jessen2003",124
"jorgensen1995",30
"kling1984",124
"komber2001",124
"komber1999",124
"krieger1944",124
"kristensen2015",124
"lucas2014",124
"lucas2016",124
"martens2005",124
"mikkelsen2003",124
"mimisson2016",124
"moller2009",256
"nielsen1980",217
"nielsen1998",282
"nissen1998",124
"norlund1948",187
"normark2009",124
"normark2010",124
"nylen2009",124
"olesen1998",124
"pagh2007",124
"pedersen2012",124
"petersen2010",674
"poulsen2014",124
"rasmussen1994",124
"rouse1960",124
"schietzel1981",68
"schmidt1994",124
"schultz2015",124
"siemen2014",124
"skov1994",124
"sorensen2011",217
"sorensen2017",675
"sovso2013",124
"spaulding1953",124
"steward1954",124
"stouman1980",124
"tornbjerg2002",124
"vale2017",124
"villumsen2017",124
"waterbolk1994",124
"witmore2014",124
"zimmermann2001",124
"gale2000",241
"graslund1980",60
"acker2007",676
"andersen1993",41
"aethelweard1962",677
"bell1969",40
"bill1991",678
"bill2009",679
"bill2015",680
"bill2018",681
"birgisson2008",682
"bischoff1998",683
"bonde2011",684
"bratt2004",56
"brookes2007",56
"bruce2002",56
"brucemitford1952",56
"brucemitford1978",16
"byock2013",132
"cannell2011",136
"capelle2004",46
"carver1992",49
"carver2000",56
"chase1981",56
"christensen2016",226
"crosman1980",56
"crumlinpedersen1991",685
"crumlinpedersen1997",68
"crumlinpedersen2002",64
"daly2007",56
"damico2015",56
"dronkeduchatellier1908",56
"dusse2013",56
"engevik2011",56
"englund1979",56
"ericsson2005",56
"farbregd1969",56
"fett1936",56
"fidjestol1994",686
"filmersankey1990",56
"filmersankey2001",56
"frank1997",56
"friisjensen1984",687
"fritzner1973",101
"fulk2012",56
"goeres2015",56
"grammaticus2005",56
"grimes2013",108
"hedeager1996",56
"hedeager2000",133
"helgesson2004",15
"henriksen2016",56
"holst2017",56
"hulth2013",56
"imer2001",47
"jonsson1923",56
"krag1991",688
"krag2012",56
"larsson2011",56
"lawson1981",56
"leontev2017",56
"lindow1997",56
"ljungkvist2008",235
"lorangenda",689
"lonnroth1986",56
"madsen1997",56
"malmer1966",230
"marold2012",690
"maryon1946",56
"meri2002",56
"montgomery2000",183
"mooney2016",56
"mundal2018",691
"myhre1966",56
"myrvoll2014",692
"neidorf2016",56
"newton1993",160
"nicolaysenndb",16
"nicolaysenndc",56
"nordman1987",56
"norr1998",212
"north2007",56
"north2011",56
"jorgensen1999",32
"opedal1996",56
"oskarsdottir1994",56
"ostigard2015",56
"pedersen2003",40
"petersen1927",56
"poel2016",56
"pollington2008",56
"ramskou1976",170
"rieck1988",56
"ringstad2004",56
"risberg2011",56
"sapp2000",56
"schetelig1905",56
"schon1999",56
"sellevold1998",56
"shetelig1929",56
"skre2014",3
"sorokin1997",56
"spurkland2005",56
"stefanovich2016",56
"steinsland1991",693
"stenvik1996",56
"sturluson1982",56
"sundqvist2000",694
"sorensen2006",132
"turvillepetre1964",56
"varenius1992",47
"vestergaard2007",251
"warmind1995",132
"appadurai1986a",34
"dionysiusnd",247
"amorosi1997",695
"arnalds2004",146
"atalay2012",146
"balee2006",146
"bolender2012",146
"bolender2008",146
"bourdieu1980",111
"braje2015",146
"braje2013",146
"briggs2006",146
"brownlow2006",146
"butzer1975",146
"caseldine2010",146
"catlin2011",146
"catlin2013",146
"catlin2014",146
"chadwick2013",146
"chase2014",146
"correia2013",146
"crofts2011",146
"cronon1991",146
"crumley2003",146
"crutzen2000",696
"dasmann1976",146
"dugmore2004",697
"dugmore2009",164
"earle2002",146
"einarsson2015",146
"ensor2003",146
"fisher2005",146
"fisher2009",146
"foley2013",146
"harris2006",146
"hicks2014",146
"hilger2015",146
"hill2009",146
"hodder2004",146
"ingold1993",34
"johnson2012",146
"kennett2013",146
"kintigh2014",146
"klein2015",146
"lansing2007",146
"larkin2013",146
"lefebvre1991",242
"lentfer2002",146
"lightfoot1998",146
"logan2013",146
"mcgovern2007",164
"melville1990",146
"mitchell2003",146
"morton2013",146
"mrozowski2006",146
"mrozowski2011",146
"norgaard2011",146
"ogilvie2010",146
"palsson2013",146
"redman2005",146
"reitz2012",146
"robin2006",297
"rull2013",146
"steffen2011",146
"steward1955",698
"streeter2013",146
"streeter2015",146
"stump2013",146
"thomson2006",146
"thorarinsson1944",699
"thorhallsdottir2013",146
"vandenoort2013",146
"vanderleeuw2014",146
"wilson1989",146
"woodbridge2012",146
"young2007",146
"mccormick2012",306
"czegledy1983",306
"harbeck2013",306
"demandt2007",306
"barford2008",306
"heather2009",306
"golden2013",306
"kennedy2001",306
"fei2007",306
"miller2012",306
"braconnot2012",306
"myglan2012",306
"agatova2014",306
"kausrud2010",306
"schmid2015",306
"saeed2014",306
"jungclaus2014",306
"pohl1988",306
"gunn2000",306
"demenocal2001",306
"arrhenius2009",275
"christensen1991",162
"fleischer2003",275
"franceschi2005",275
"gabriel1991",275
"klaesoe2003",275
"larsen1991",58
"lindow2001",275
"mackeprang1935",275
"mango2002",275
"nielsen2001",170
"orsnes1990",275
"pesch2005",275
"pentz2009",275
"petersen2005",275
"roesdahl1977",187
"thrane2005",275
"voss1990",275
"watt2003",86
"callan1927",132
"brink2002",282
"brogger1945",41
"falk2008",132
"gjaerder1952",132
"gjessing1943",276
"gotfredsen2003",245
"grieg1937",132
"grotowski2009",132
"gudni1945",132
"hauck1973",132
"hellers2012",132
"hultgard2008",28
"jesch2000",132
"johns1982",132
"kolstrup1993",132
"korsvoll2011",132
"lund1974",132
"macleod2006",132
"maixner2004",132
"mckinnell2004",132
"melsom2003",206
"meyer1999",132
"ullerwille1985",132
"muncknd",132
"nordland1951",132
"price2013",149
"pyysiainen2004",132
"resi2013",132
"ritner1988",132
"roesdahl1998",251
"schetelig1920",132
"thrane1998",132
"thurston1907",132
"weber2012",132
"wilk2000",132
"arrhenius1961",255
"imer2004",56
"adams2004",32
"arndt2007",700
"andersen2017",701
"bagge2016",702
"bagge2004",703
"bauduin2009",704
"callmer2009",705
"corrochano2014",706
"curta2011",173
"deckers2017",707
"deckers2012",708
"dobat2016",709
"eisenschmidt2004",61
"fried1994",710
"garipzanov2008",711
"gazzoli2011",712
"henstra2012",189
"ijssennaggervanderpluijm2017",713
"jansson1997",185
"jesch2004",714
"juul2017",715
"kleiminger1993",41
"knol2001",716
"knol1993",717
"knol1999",189
"kramer2000",718
"kramer1996",719
"baume1952",320
"lebecq1983",720
"lund1990",721
"lund2003",32
"mcleod2007",722
"nelson2008",179
"nicolay2014",723
"nijdam2009",724
"nasman2006",218
"price2009",259
"prummel2000",725
"prummel2001",726
"pohl1998",727
"reimitz2008",728
"reuter1991",729
"richards2010",730
"roesdahl1996",113
"roesdahl1992",731
"roxburgh2013",732
"samplonius1998",733
"sindbaek2008",83
"steuer1974",63
"tummuscheit2018",734
"urbanczyk2009",735
"wawn2002",736
"zettel1977",737
"benecke1994",308
"bergmannnd",308
"cluttonbrock1999",308
"cluttonbrock2012",308
"damm2000",308
"davis1978",308
"degerbol1933",308
"driscoll2009",308
"driscoll2007",308
"engels2001",308
"ewing1981",308
"faure2009",308
"french1988",308
"gotfredsen2017",308
"grigson1969",308
"grigson1989",308
"hatting1990",308
"hatting1991",308
"hatting2004",308
"jansen1988",308
"johansson1987",308
"jorgensen1992",152
"kitchener1991",308
"knospe1988",308
"kratochvil1973",308
"kratochvil1976",308
"kratochvil1977",308
"kveiborg2007",308
"meadow1989",308
"mohl1961",308
"mohl1971",308
"mohl2010",308
"nyegaard1998",308
"oconnor2007",308
"ostergaard2016",308
"ottoni2017",308
"petrov1992",308
"pitakarnnop2017",308
"rantzau2015",308
"steineke2017",308
"tchernov1984",308
"tchernov1991",308
"tomtov2009",308
"tomtov2008",308
"tomtov2003",308
"neer2014",308
"vigne2015",308
"vigne2004",308
"zohary1991",308
"andersen2003",738
"andrews1997",739
"samling1985",740
"auch2012",137
"barrett2007",270
"becker1979",741
"bencard1973",742
"bencard1974",743
"bencard1979",744
"bencard1970",745
"benderjorgensen1991",746
"benderjorgensen2004",747
"blackmore2001",748
"bult1988",749
"callmer1981",750
"callmer1984",186
"capelle1980",751
"croix2014b",8
"demannd",8
"ennen1972",8
"feveile2010",8
"feveile1998",8
"frandsen1986",8
"frandsen1987",752
"frandsen1988",8
"frandsen2006a",8
"haarnagel1941",8
"haarnagel1963",8
"hamerow2007",8
"hamerow2011",8
"harris1975",8
"helle2006",98
"herrmann1978",8
"herrmann1982",139
"herschend2009",133
"hines1994",8
"hodges1988",8
"hodges1996",8
"jagodzinski1991",266
"jankuhn1971",8
"jankuhn1985",8
"kuzmin2000",8
"lucas2001",753
"lundstrom1981",8
"malcolm2003",8
"milek2007",155
"olsen1975",8
"reynolds1977",8
"sedov1985",8
"siegmuller2010",8
"stanislawski2011",8
"steuer1980",8
"steuer2007",8
"stiff2001",8
"sovso2010",8
"ufkes2011",8
"urbanczyk1994",8
"urbanczyk2007",8
"vanes2009",8
"bredsdorff1973",187
"mauritsen2015",187
"rasmussen2000",187
"tornbjerg1989",187
"cluttonbrock1984",308
"adamsen2009",754
"adriansen2003",169
"andersen2010",217
"asingh2001",755
"axboe2010",169
"bjornskov2011",169
"voncarnapbornheim2012",213
"christiansen2008",169
"fabech1999",226
"fabech1995",226
"fischer1983",311
"garrison2009",169
"gregory1984",169
"hansen2012",169
"hardh1999",169
"hardh2003",230
"hedeager2001",19
"henriksen2000",169
"henriksen2005",756
"henriksen2010",169
"henriksen2011",262
"horsnaes2002",169
"horsnaes2010",99
"iversen1993",757
"jensen1992",758
"jorgensen2001",226
"kristiansen1981",169
"makeler2003",169
"moesgaard2009",248
"museumsloven2006",169
"nielsen2012",169
"nielsen1993",169
"olsen2009",169
"paulsson1999",311
"petersen1991",169
"rasmussen2007",759
"sorensen1991",169
"eds1998",169
"thrane1991",169
"thomas2012",65
"ulriksen1994",169
"ulst2012",169
"ames2012",226
"angelbeck2012",226
"bican1992",226
"brink1998",226
"callmer1995",267
"carballo2016",226
"carlsson1989",266
"christaller1933",226
"christensen2014",760
"crumley1976",226
"dam2015",226
"earle2015",761
"fabech1998",32
"foucault1980",226
"foucault1997",226
"gammeltoft2012",226
"giddens1976",226
"gogsigjakobsennd",226
"helgesson1998",226
"hirth1996",226
"iversen2011",141
"jorgensen1998",226
"larsson2003",311
"mcguire1996",226
"myrdal2011",291
"ramskou1970",226
"saitta1998",226
"skre2010",762
"trigger2003",763
"ulriksen1998",230
"ulsig2011",226
"aarissorensen2004",308
"abrams1989",200
"aufderheide1998",200
"barnes1994",201
"bass1995",200
"beard2000",200
"brettell2012",200
"brothwell1972",200
"buckberry2004",200
"buckberry2007",200
"buckberry2010",200
"buckberry2002",200
"cox2000",200
"darling2003",238
"daux2008",200
"ericson1985",148
"evans2006",200
"evans2010",238
"evans2012",200
"hadley1997",200
"hadley2000",200
"hadley2001",200
"hadley2002",39
"hadley2005",200
"hall2000",200
"hamilton2014",200
"hedges2007",200
"iscan1984",200
"iscan1985",200
"liden1994",126
"longinelli1984",238
"lovejoy1985",148
"lucy2005",200
"map2005",200
"maresh1970",200
"mays2000",200
"meindl1985",200
"montgomery2007",200
"montgomery2009",200
"montgomery2011",200
"rasmussen2001",187
"tornbjerg1994",187
"adams1992",764
"aldeias2016",765
"arroyokalin2017",766
"baneijea2015",767
"barker1977",768
"benyarku2005",769
"berggren2003",770
"borderie2015",771
"borderie2019",772
"bowsher2007",773
"burch2011",774
"canti2001",775
"carver2005",49
"carver2009",159
"carver2012",776
"carver2016",777
"carver2015a",778
"chadwick1998",779
"clark1992",780
"courty1989",243
"deroo2016",781
"doneus2005",782
"drewett1999",783
"fao2006",784
"fedele1984",785
"c2006",786
"feveile1984",137
"frandsen1984",787
"french2015",788
"friesem2017",789
"galeazzi2016",790
"gasche1983",791
"ge1993",154
"geus2018",792
"goldberg2003",90
"heimdahl2005",297
"hodder1992",90
"hodder1997",90
"huisman2017",90
"hummler2015",90
"jupiter2018",90
"karkanas2018",136
"kimball2016",90
"kooistrand",90
"kraling2014",90
"kristiansen2014",793
"krupski2017",90
"langohr1994",154
"larsson2001",90
"larsson2009",236
"macphail2010",243
"macphail2003",155
"mallol2017",90
"g2017",90
"nicosia2013",155
"opitz2015",90
"pavel2012",90
"rentzel2017",90
"ropke2017",90
"roskams2001",90
"saunders2000",90
"schiffer1987",246
"sode2010",90
"stoops2003",155
"tassie2015",90
"turney2005",90
"valente2017",90
"vanriel2016",90
"vepraskas2018",90
"verleyen2017",90
"vince1995",90
"weiner2010",136
"westman1994",90
"wouters2018",90
"wouters2019",90
"wouters2017",90
"jorgensen1991",170
"riberhus1990",8
"posthusskulptur1993",8
"adderley2010",154
"akeret2001",154
"bellens2012",155
"ball2009",154
"borderie2011",155
"brown1984",154
"bullock1985",155
"cammas2000",154
"cammas2001",154
"davidson2003",154
"devos2012",154
"devos2009",155
"devos2011",155
"fechner2004",154
"fondrillon2007",154
"fondrillon2009",155
"fredlund1994",154
"french2003",155
"gebhardt1999",155
"goldberg2006",243
"guelat1998",154
"guttmann2006",154
"jacobs2010",154
"kaplan1992",154
"kiden1991",154
"kiden2006",154
"langohr2001",154
"langohr1976",154
"macphail1994",136
"macphail2001",243
"macphail2004",243
"macphail2007",243
"madella2012",154
"madella2005",154
"matthews2010",154
"nicosia2012",155
"pape1966",154
"pieters1990",154
"romans1983",154
"simpson1998",154
"simpson2000",154
"simpson2005",3
"tys2010",155
"vandewalle1961",154
"vanes1980",154
"vanheeringen1995",154
"verhaeghe2005",155
"verhulst1978",155
"vrydaghs2004",154
"vrydaghs2007",154
"wood1978",154
"wouters2012",155
"sorensen2007",169
"tymorsdetektor2012",169
"watt2000a",169
"randsborg1994",169
"ulriksen2013",169
"randsborg2007",169
"portableantiquitiesscheme2012",169
"leethorp2008",200
"tainter1988",794
"hegmon2008",70
"vesteinsson2007",795
"vesteinsson2010",164
"mcgovern2009",796
"church2005",70
"trigg2009",797
"fredskild1991",70
"adderley2005",798
"adderley2006",799
"mcgovern2006",164
"perdikaris2007",71
"perdikaris2008",800
"karlsson2000",70
"mainland2005",70
"brewington2010",70
"meldgaard1986",70
"vesteinsson2004",130
"church2007",164
"arnalds1987",70
"sveinbjorndottir2010",70
"mcgovern1988",70
"arneborg2004",801
"berkes2000",70
"mcintosh2000",70
"vasey1996",70
"mikkelsen2008",802
"barlow1997",70
"patterson2010",70
"meeker2002",70
"oppenheimer2003",70
"ogilvie2009",803
"cantor2001",70
"mageroy1993",70
"gullov2008",804
"ogden2007",200
"yorkarchaeologicaltrust1998",321
"ackermann1999",805
"agren2007",209
"ambrosiani2008",209
"anundsen1985",209
"bill2010",209
"bird2008",209
"brogger1916",137
"carver1994",209
"challis2006",209
"chappell1986",209
"church2011",209
"cuslrg2013",209
"clark2009",209
"crutchley2010",209
"davis2000",209
"doneus2011",209
"doneus2013",209
"ekman1996",209
"ekman2009",209
"eliassen2009",209
"falck2013",209
"fleming1998",209
"gansum1997",209
"gansum2007",209
"gansum2008",162
"gansum2009",209
"gron1998",209
"hafsten1983",209
"hedeager1988",194
"henningsmoen1978",209
"hesnard2004",209
"hesse2010",806
"jerpasen1993",209
"jerpasen1996",209
"keller1993",209
"keller1994",209
"kierulf2012",209
"klakegg1991",209
"kokalj2011",209
"lambeck1995",209
"lambeck2010",209
"lisiecki2005",209
"mangerud2011",209
"mitrovica2010",209
"morhange2010",209
"myhre1994",128
"myhre1996",277
"myhre2013",209
"nhs2011",209
"nicolaysennde",209
"ostigard2009",209
"olesen2004",209
"otvos2000",209
"passe2001",209
"pirazzoli1991",209
"persson2008",209
"persson2011",209
"persson2012",209
"pirazzoli1996",209
"pugh2004",209
"risbol2009",209
"simpson2012",209
"solberg2003",133
"sorensen1999",807
"stabell1980",209
"stular2012",209
"tartaron2013",209
"trinks2007",213
"vestol2006",209
"vorren2008",209
"watts2001",209
"wehr1999",209
"westerdahl1996",209
"woodroffe2002",209
"abulafia2011",159
"angenendt2008",159
"armstrong2009",159
"arrhenius2011",159
"augenti2010",159
"battaglia2001",159
"behr2014",159
"museum2009",159
"bougard2008",159
"bowden2012",159
"broodbank2013",159
"mullerwille2007",159
"dietrich2012",159
"doherty1985",316
"ekelund1994",159
"gelichi2010",159
"gelichi2013",159
"gelichi2012",159
"henning2007",155
"henning2008",808
"herschend1992",168
"hill1997",159
"horden2000",159
"kelly2000",159
"kocabas2008",159
"lane2000",159
"lebecq2000",159
"liebeschuetz2000",159
"loveluck2005",159
"loveluck2007",192
"loveluck2012",159
"lowe2006",159
"ludowici2010",159
"maldonadoramirez2011",159
"marazzi2004",159
"marsawa2011",159
"mccormick1997",159
"mccormick2007",63
"mithen2011",159
"mullerwille2010",159
"nielsen1994",299
"dwyer1981",159
"maidin1996",159
"osullivan2013",159
"skre2012",809
"soderberg2004",104
"christaller1968",226
"arbman1943",60
"barrett1991",57
"belk1988",57
"bruck2004",57
"carlsson1983",216
"devlin2007",201
"fowler2004",57
"eriksson2014",57
"gosden2004",168
"harke1997",83
"imer2011",260
"jones2005",170
"keynes1983",810
"king2004",57
"krause1966",57
"lemonnier2012",57
"maixner2005",230
"parkerpearson1999",57
"pearce2013",57
"linder2014",57
"stenberg2007",57
"stenberg2008",57
"akademiens2014",57
"thunmarknylen1983",57
"thunmarknylen1986",57
"thunmarknylen1998",49
"tolkien1954",57
"tollerton2011",57
"tsigaridasglorstad2012",185
"webmoor2008",57
"alberti2016",144
"ambrosiani1993",144
"aries1962",144
"bo1967",144
"backe1993",16
"bantelmann1955",144
"bloch1995",144
"brink2012",811
"brown2008",144
"bruck1999",239
"callow2006",812
"cannon2015",144
"capelle1987",144
"cuijpers1999",144
"dedet1990",144
"eriksen2010",133
"eriksen2015",37
"gamble2007",144
"gejvall1955",144
"gell1998",144
"gottlieb2004",144
"grindkasa2012",184
"haarnagel1979",144
"hamerow2006",239
"hamilakis2013",31
"hansen2006",97
"harris2010",144
"hausfater1984",144
"holck2008",144
"hrdy1992",144
"hrdy1999",144
"jones2010",144
"jorgensen2014",212
"kamp2001",144
"karsten1994",30
"kaul2003",32
"lally2011",144
"lally2008",144
"lancy2008",144
"lillehammer1989",309
"lillehammer2008",144
"lillehammer2011",144
"lunde2011",144
"menotti2014",144
"meskell2002",144
"mithen2000",144
"moore2009",144
"mundal1987",813
"mundal1988",814
"murphy2014",144
"naumann2012",144
"nielsen1987",231
"nielsen1986",133
"pentikainen1990",144
"renck2000",144
"roslund1990",144
"runge2009",815
"sawyer1992",255
"scheperhughes1992",144
"schlabow1953",144
"schutz2001",160
"sellevold1987",144
"sofaerderevenski2000",144
"tarlow2000",120
"toedter2001",144
"ucko1969",144
"viveirosdecastro2004",144
"welinder1998",816
"domeij1994",161
"domeij2004",161
"shetelig1944",188
"steuer1994",216
"tomasdotterjakobsson1992",161
"tilley1994",161
"verhulst1999",159
"wheatley1969",159
"wheatley1971",159
"wataghin2011",159
"wickham2012",159
"carver1993",159
"willemsen2010",159
"grimnesmal1985",26
"landnamabok1997",26
"andreeff2007",26
"andren1993",49
"andren1997",26
"arrhenius1970",167
"bardseth2009",26
"beck2010",26
"bell1992",40
"bertell2006",26
"blanton1995",26
"blier1987",26
"heyerdahllarsen1995",26
"bourdieu1977",133
"bradley2005",15
"brendalsmo1992",41
"carlie2006",239
"davidson1964",26
"davidson1968",26
"davidson1993",26
"decerteau1984",26
"eriksen2011",137
"feilberg1907",26
"fendin2006",26
"fredriksen2002",26
"gardela2011",183
"gennep1960",26
"geschwind2005",26
"graslund1969",26
"gurevic1969",26
"hagberg1937",62
"hallans1997",26
"heide2006",250
"herschend1997",45
"hillier1984",26
"holmquistolausson1990",59
"holmquistolausson1996",26
"holmqvist1961",28
"holmqvist1933",26
"johansson1993",26
"kaliff1997",207
"kjos2009",26
"komber1989",26
"kristensen2010",26
"kristoffersen2000",26
"kristoffersen1999",173
"kristoffersen2010",26
"lakoff1980",26
"lang1984",221
"larrington2007",26
"petersen1933",26
"ramqvist1992",26
"reynolds2009",181
"rodsrud2007",243
"ronne2008",26
"rundkvist2012",37
"sander1997",26
"schmidt1999",26
"skov2002",26
"soderberg2006",212
"solheim1965",26
"steinsland2005",34
"stutz2006",40
"stutz2008",26
"stutz2010",26
"trumbullnd",26
"tuan1977",26
"turner1967",26
"turner1977",26
"unwin2007",26
"unwin2009",26
"weibull1911",251
"weibull1918",26
"wilson1988",26
"wylie1985",26
"dansgaard1964",202
"eriksson2008",238
"fischer2007",238
"fuller2003",238
"hillson1996",238
"hoppe2003",817
"ingramnd",238
"aberg1987",175
"birck1986",238
"chenery2010",818
"muldner2005",238
"oneil1994",238
"polet2003",238
"privat2007",238
"richards1998",221
"schroeder2013",238
"sealy2001",102
"sealy1995",238
"vennemann2002",238
"voerkelius2010",238
"white1998",75
"lecolle1985",238
"levinson1987",238
"liden1995",238
"lykoudis2007",238
"mann2003",158
"moberg2005",819
"montgomery2005",238
"montgomery2010",252
"lundborg2006",161
"almgren1967",193
"ambrosiani1988",213
"ambrosiani1995",213
"ambrosiani1999",55
"arwidsson1989",20
"burenhult1984",60
"carcopino1984",60
"ermatinger2015",60
"guliaev2003",60
"hall2016",820
"hedenstiernajonson2018",60
"jones1968",134
"lancianind",60
"lindquist1978",821
"lindquist1984",60
"ringstedt1997",51
"roesdahl1992a",32
"sandberg1994",822
"selling1940",823
"stenberger1964",50
"whittaker2006",824
"carver2010",94
"yenikapi2008",159
"schulzedorrlamm1998",61
"baastrup2007",61
"baastrup2005",61
"haberstroh2008",61
"jeppesen2010",67
"petersen1993",61
"ramskou1950",62
"sovso2011",61
"ulriksen2003",61
"ulriksen2006",266
"arrhenius1960",323
"behmblancke1973",170
"birkedalchristensen1991",170
"bode1998",170
"callmer1999",230
"carnapbornheim1997",170
"drescher1983",216
"fallgren2016",170
"feveile2014",262
"fiedel2011",170
"frick1993",170
"fuglesang1985",186
"gjedssobertelsen1991",230
"gjedssobertelsen1992",170
"haackolsen2005",170
"haldenby2010",170
"hedegaard1989",170
"hedegaard1992",104
"hellesolesen1992",170
"henriksen1998",170
"henriksen2002",825
"hines1997",41
"hoilundnielsen1984",170
"hoilundnielsen1991",284
"hoilundnielsen2011",170
"hoilundnielsen2006",168
"hardh2011",248
"johansen1992",170
"jouttijarvi2002",99
"klindtjensen1957",28
"lonborg1999",104
"madsen1990",104
"maixner2015",170
"mclean2007",170
"moesgaard2012",63
"moesgaard2008",170
"nerman1969",170
"reichstein1975",170
"sarauw2014",170
"schulzedorrlamm1986",170
"stromberg1961",34
"trierchristiansen2017",170
"watt1991",15
"wahlin2014",170
"zimmermann2015",170
"unmarknylen1981",826
"bremen1975",15
"tacitus2003",15
"ambrosiani1985",213
"andersen2009",217
"andersson2008b",15
"andren1991a",194
"anglert2006",44
"arne1937",15
"arrhenius1986",15
"artelius2008",15
"biuw1992",15
"bland1993",15
"bradley2000",34
"price2008f",15
"back2009",168
"carlie1998",22
"ross1994",101
"conti1999",15
"rosengren1997",15
"green1995",15
"hannestad1986",15
"hansen1989",282
"hansen1996",218
"hauck1984",827
"ruprecht1992",15
"hellberg1967",22
"hjarthnerholdar2008",15
"holmqvist1972",276
"holmqvist1969",15
"hultgard1995",15
"ilkjaer1990",19
"jeppesen2004",28
"johansen1989",15
"johns1994",15
"jong2001",15
"jorgensen1994",230
"lamm1989",15
"lamm1999",22
"lindeblad2007",15
"lundqvist1997",239
"lundstrom1988",15
"milburn1989",15
"montanari2001",15
"mortensen1988",45
"myrberg2005",15
"nilsson1992",15
"nylen1988",15
"nasman1993",15
"ringtved1991",15
"sanden2001",15
"sawyer1985",15
"simek1993",30
"skovgaardpetersen1981",15
"price2008h",17
"staecker1999",41
"strid1993",15
"price2008i",251
"sorensen2008",15
"sorensen1985",15
"sorensen2000b",282
"savborg2003",15
"theuws2001",15
"thomsen1994",15
"thrane1987",280
"thrane1982",828
"vierck1981",21
"vikstrand1996",15
"wes1992",15
"widgren1998",829
"stiegemann1999",61
"wieczorek2000",61
"st1916",315
"croinin1997",315
"jezek2011",315
"macairt1983",830
"schuldt2011",315
"scott1978",315
"byrne1973",315
"warner1997",315
"dunbabin2002",315
"kelly2011",315
"thiaw2011",315
"toch2000",315
"toch2014",315
"mikulcice1973",315
"machacek2013",315
"kenny1986",315
"kruse1995",315
"borkovsky1954",315
"graus1957",315
"davidson1992",831
"hanuliak1995",315
"hope2010",315
"redknap2004",315
"hills1984",315
"hirst1985",182
"forexample1997",315
"hall1978",315
"machacek2010",315
"kjellstrom2009",214
"aalto2014",8
"ahola2014a",8
"bartlett1993",8
"brondsted1979",8
"buko2008",138
"fellowsjensen2008",8
"foote1970",15
"gardela2014",8
"gravesbrown1996",128
"hall2007",112
"hannestad1970",8
"heininen2014",8
"ingstad1977",8
"jakobsen2015",8
"jansson1991",8
"kakonen1998",8
"konsa2008",832
"laakso2014",8
"lamm1928",8
"lonnroth1997",274
"mcdonald2014",8
"moesgaard2011",8
"mohen1992",8
"nerman1958",202
"noonan1997",106
"pries2014",8
"rahtz1983",8
"richards2005",8
"rimbertnd",8
"roesdahl2012",123
"roslund2001",8
"sawyer1997",106
"schalin2014",8
"sindbaek2015",8
"stockmann2015",8
"talvio2014",8
"williams2013a",45
"winroth2014",197
"zak1963",138
"zak1967",138
"ulriksen2002",230
"hoilundnielsen1987",216
"barfod2016",90
"callmer2001",216
"christophersen2015",90
"clark2007",90
"costin2001",90
"cotton1933",90
"dobres2000",104
"dobres2014",90
"feveile2001c",186
"c2006a",90
"feveile2008",90
"flad2007",90
"gebers2004",90
"henderson2000",90
"hodges2000",18
"holback1999",90
"hybel2007",63
"jacobs2016",90
"jankuhn1983",90
"jennings2016",90
"jervis2016",90
"latham2009",90
"latour2005",216
"leroigourhan1964",90
"linaa2015",98
"lonborg1992",833
"lonborg1998",104
"mainman2000",190
"neiss2012",286
"oexle1992",90
"oldeberg1966",90
"orfanou2018",90
"ottaway1970",90
"parkinson2013",90
"pirenne1927",155
"ramquist1992",90
"renfrew1994",90
"rimbert1961",90
"sage1984",90
"schortman2004",90
"smith2009",271
"smith2017",834
"trigger1986",90
"ur2014",90
"voncarnapbornheim1996",90
"wailes1996",90
"wickham2009",112
"wirth1938",90
"alberti2009",23
"andersson1997",23
"aspock2011",23
"effros2002",23
"fahlander2008",23
"fahlander2010",23
"fahlander2013",23
"fahlander2014",23
"gansum2004",49
"hastrup1985",23
"hedjakobsson2011",23
"holback2016",23
"holbraad2010",23
"holbraad2017",23
"holloway2008",23
"klevnas2015",23
"klevnas2016",23
"kummel2005",23
"olsson2007",23
"orchard2003",23
"orchard2004",23
"perabo2017",23
"runer2014",23
"salmond2014",23
"staecker2001",23
"stoklund2004",23
"tesch2015",23
"watts2013",23
"wickholm2008",23
"wikstrom2006",23
"williams1998",23
"williams2005",23
"henning1992",315
"liebermann1903",315
"ludvikovsky1978",315
"campbell1998",315
"klaniczay1985",315
"mccormick2005",315
"obrien2005",315
"davies2010",315
"valante2000",315
"trestik2015",315
"kenny1987",315
"machacek2017",315
"aspock2008",181
"galuska2004",315
"galuska2015",315
"schuldt1960",315
"mcdonough1995",315
"klaniczay1953",315
"arwidsson1942",835
"arwidsson1954",836
"arwidsson1983",30
"behmblancke2003",16
"boeheimnd",16
"bohner1958",16
"brucemitford1975",837
"chaney1970",16
"claessen1978",16
"colgrave1992",16
"cumontnd",16
"dagron2003",16
"ellmers1970",47
"erkens2002",16
"filmersankey1996",16
"frazernd",16
"funcken1977",16
"gage1988",16
"goodman1969",16
"hagen1992",16
"hanke2001",16
"harke1992",16
"hopetaylor1977",16
"johansen1932",16
"krausse1999",16
"latte1988",16
"lind2003",16
"mercer1929",16
"minkenberg2003",16
"ullerwille1970",16
"nielsen1996",16
"oconnor1989",838
"pieper1989",16
"richards1992",16
"service1971",16
"siebert1999",16
"simek2000",62
"sten1988",16
"stepper2003",16
"steuer2004",16
"vadstrup1997",16
"devries1956",16
"werner1986",16
"winkelman1996",16
"adamson2016",839
"ammerman1984",840
"anthony1990",176
"arnold1990",841
"arnold2006",842
"arnold2015",843
"babic2017",844
"banffy2013",845
"bardill2018",846
"barras2018",847
"barras2019",848
"beau2017",849
"bollongino2013",850
"bonacchi2018",851
"bosl2017",852
"brace2018",853
"bramanti2009",854
"brandt2017",855
"brandt2013",176
"brophy2018",856
"burmeister2000",857
"burmeister2016",858
"burmeister2017",859
"burnett2017",860
"cavallisforza1996",861
"champion1996",862
"chernykh1995",863
"clarke1973",864
"collis2003",865
"contreras2014",866
"dennell1996",867
"garcia2007",868
"dietler1994",177
"dietler1998",177
"eisenmann2018",177
"frieman2018",177
"fullwiley2014",177
"schiller2014",177
"gronenborn2014",177
"guidi1996",177
"haak2015",176
"haak2010",177
"halcrow2018",177
"hall2017",177
"harke2012",177
"harlan2018",177
"hawks2019",177
"hofmann2015",176
"hofmann2016",177
"ion2017",177
"james1999",177
"kajda2018",177
"kind1998",177
"knorrcetina1981",177
"kohl1995",177
"kohlilaven2012",177
"krause2017",177
"kristiansen2017",176
"latour1979",177
"lazaridis2017",177
"lehnert2015",177
"liberatore2017",177
"ling2018",177
"lipson2018",177
"malmstrom2014",177
"mathieson2018",177
"mittnik2018",177
"nash2012",177
"niklasson2014",177
"niklasson2018",177
"olalde2018",177
"pereltsvaig2015",177
"pickrell2014",177
"posth2018",177
"premo2016",177
"prendergast2018",177
"qiaomei2016",177
"raff2019",177
"reich2018",177
"richards1996",177
"roberts2011",177
"sayer2017",177
"schiffels2016",214
"scodari2017",177
"shennan2013",177
"smiley2016",177
"soares2010",177
"stojanowski2019",177
"szecsenyinagy2014",177
"szecsenyinagy2017",177
"tallbear2013",177
"tillmann1993",177
"trigger1984",177
"vandendries2018",177
"veeramah2018",177
"virdee2018",177
"wailoo2012",177
"whitaker2019",177
"whittle1996",177
"zvelebil2001",177
"andersen2015",262
"andersen1984",251
"andersen2000",262
"andersen2001",262
"bolander2013",262
"borg1998",262
"feveile2015",262
"feveile2016",869
"gabriel1988",262
"gross1993",262
"jacobsen2001",870
"jantzen1998",262
"kastholm2011",254
"klemensen2000",262
"knorr1938",262
"krabath2001",262
"madsen1999",262
"sabo2013",262
"skaarup2001",262
"jahrhundert1997",262
"skaarup2000",262
"timpel1987",262
"ulriksen2000",262
"voss1961",262
"wagnkilde1999",299
"wagnkilde1997",262
"beck2016",262
"bailey1984",116
"ballard2003",116
"bonacich1973",116
"bradley1988",116
"carey1997",116
"cohen1971",116
"collingwood1927",116
"curtin1984",116
"downham2009",277
"downham2010",116
"downham2012",116
"edmonds2009",116
"edmonds2014",116
"edwards1990",116
"freedman1960",116
"gibbons2003",116
"gourgouris2005",116
"griffiths2004",116
"james1978",116
"jesch2008",116
"johnson1999",116
"johnson2004",116
"lang1987",116
"levi2001",116
"markovits2002",116
"marstrander1916",116
"maxwell1998",116
"mcniven2003",116
"mcpherson1993",116
"murray2004",116
"nurse1985",116
"ocorrain1978",116
"ofloinn1987",116
"ofloinn1998",116
"oka2008",116
"omeara1982",116
"sheehan2001",118
"sigurdsson2000",116
"smith1927",116
"stacey2007",116
"tan1979",116
"tan1993",116
"tsagarousianou2004",116
"wallace1987",192
"brink2006",15
"fabech2006",15
"herschend2006",109
"lindqvist1941",323
"sorensen1994b",27
"andren2005",15
"liden1996",15
"brink1996",168
"albrethsen1986",156
"amorosi1998",871
"arneborg2000",872
"barlow2001",156
"berglund1986",74
"bond1998",156
"brewington2007",156
"buckland1996",156
"buckland1991",164
"dawson2003",156
"dennis1993",156
"dugmore1991",164
"dugmore2006",164
"dugmore1994",873
"edwards1982",156
"kristjansson1993",156
"krogh1974",156
"lynnerup2000",156
"lynnerup2003",156
"mairs2006",164
"mason1998",156
"mayewski2002",156
"mcghee1984",314
"mcghee2002",156
"mcgovern1979",156
"bones1992",156
"thomas2001",156
"ogilvie2000",156
"olafsdottir2001",156
"perdikaris1999",874
"petersen2000",156
"schledermann2003",156
"seaver1996",156
"simpson2001",164
"spufford2006",156
"sutherland2000",314
"vesteinsson2000",228
"adolfsson1993",101
"andersen1983",62
"androshchuk2005",62
"j2008",62
"burstrom1990",104
"callmer2004",62
"b1992",62
"christensen1981",51
"christensen1997",180
"ciesielski2011",62
"damsholt1984",62
"dommasnes1979",128
"dommasnes1991",875
"einarolafursveinsson1935",62
"ellis1943",183
"p2008",62
"engh2009",62
"ewing2006",62
"gansum2006",62
"gardela2009",180
"graslund1994",235
"gron1994",180
"harrington2007",62
"smith2004",83
"holck2006",62
"ingstad1992",128
"jesch1987",62
"jochens1996",876
"jochens1998",45
"jorgensen2005",44
"kucypera2011",62
"larrington1999",179
"lauritsen2003",180
"murphy2013",62
"nordberg2002",183
"paulsen1939",62
"paulsen1956",138
"petersson1958",62
"andersen1922",62
"schulze1987",62
"sellevold1984",183
"skaarup1976",180
"solli2001",62
"stalsberg1991",83
"stalsberg2001",62
"stylegar2007",151
"vangpetersen2005",254
"varberg2011",62
"bolander2017",262
"henrikson2001",262
"henrikson2002",262
"jensen2011",262
"bakka1993",49
"bukkemoen2007",39
"chapman1999",133
"barndon2006",877
"gjerpe2007",133
"graslund1995",12
"hanisch2000",133
"howardjohnston1993",878
"kristoffersen1985",133
"lie1992",133
"lowenborg2012",21
"magnus1983",879
"landbruk2008",133
"nielsen2007",218
"robin2002",133
"soma2006",133
"tringham1995",133
"valum2011",133
"ostigard2007",133
"anglert1989",145
"andersson2001",145
"berglund2017",880
"brendalsmo2006",145
"christie1974",145
"ellingsen2012",188
"eidshaug2016",145
"forseth2017",145
"gronnesby1998",145
"guttormsen2002",145
"henriksen2007",145
"heaney1999",145
"herschend1998",145
"holmsen1976",145
"jensenius2010",145
"jensenius2018",881
"mokkelbost2015",145
"nordeide2006",145
"rian1992",145
"roskaft2005",292
"sauvage2016",145
"skre1988",145
"steinsland1994",145
"nielsen2002",882
"aberg1995",883
"blum2000",175
"burton1999",175
"ezzo1997",252
"faure1986",252
"frei2009",252
"graustein1989",252
"grupe1995",252
"grupe1997",125
"gustafsson2000",252
"horn2005",252
"horwitz1992",252
"houmarknielsen2003",252
"houmarknielsen2006",252
"jorkov2010",102
"knudson2004",148
"knudson2005",252
"larsen2006",252
"miller1993",252
"pollard2011",238
"price1992",884
"price1994",211
"price1998",149
"price2007",252
"sealey1991",252
"sealey1995",252
"smed1993",252
"stewart2001",252
"sun1975",252
"yoder2010",102
"sugden1982",156
"vesteinsson2002",164
"bjorn1943",101
"dronke1969",885
"dronke1997",886
"einar1934",101
"ol1954",887
"bordarson1935",101
"faulkes1987",47
"jonsson1929",101
"jonsson1976",101
"palsson1972",888
"hollander2000",101
"hollander2002",101
"vesteinn2003",101
"wasko2006",101
"zaluskastromberg1973",101
"zaluskastromberg1986",101
"adolfsson1995",101
"carelli2006",101
"arne1941",101
"arrenhius1961",101
"backdanielsson2001",101
"baines1977",101
"gardela2025",101
"heggstad2006",101
"ingstad1995",279
"jesch1996",101
"kristjansson2007",101
"kempinski2003",101
"kiil1960",101
"kosman1989",101
"kyhlberg1980",210
"mckinnell2000",101
"mcturknd",101
"monsen1969",101
"moszynski1967",101
"motz1996",101
"neustupny2001",101
"nordstrom2006",101
"price2005",30
"raudvere2003",207
"renfrew2000",889
"resiheid2002",101
"ringquist1969",101
"wallis2000",101
"wallis2001",101
"wujewski1991",101
"arneborg2002",156
"edvardsson2004",156
"lynnerup2007",156
"scudder2001",133
"thorsdrapa1900",133
"sourcesalberti2009",133
"amundsen2014",133
"bjorvand2007",269
"bruck2013",59
"carlie2004",133
"carsten1995",133
"cleasby1957",271
"gansum2003",133
"gerritsen1998",133
"herschend2003",273
"ingold2006",133
"kristiansen2013",45
"levistrauss1983",133
"renck2008",133
"risbolnielsen1995",133
"thomas2015",173
"williams2001",37
"andrews2006",23
"appelgren2007",23
"appleby2013",23
"aspeborg2007",23
"burenhult2002",23
"ersgard2006",23
"hallansstenholm2012a",23
"klevnas2013",23
"latour1999",23
"lundstrom2004",23
"mejsholm2009",60
"montell1996",23
"nilssonstutz2003",181
"olausson1993",213
"olofsson2006",23
"salmond2012",23
"theliander2010",23
"vinberg2015",23
"wuopio2015",23
"magnus1986",324
"skrede2005",890
"glorstad2013",891
"helga2001",221
"andersen2002",62
"sayer2009",183
"ynglingesaga1979",39
"alcock1991",39
"als2006",106
"andren2006b",49
"barrett2001",108
"bjorgo1995",39
"blindheim1947",39
"blindheim1976",4
"blindheim1978",111
"blindheim1981",12
"bodal1998",39
"boe1934",39
"braathen1989",39
"callaway1987",39
"cessford1996",39
"crane2002",39
"damsholt2003",39
"demarrais1996",39
"enright1986",892
"etchingham2001",39
"fuglesang1972",39
"goodacre2005",108
"grahamcampbell1976",189
"grahamcampbell1983",221
"grahamcampbell1987",192
"gupta1992",221
"gustafson1900",39
"hall2004",297
"hammerton2004",39
"harlow2004",39
"hedeager1998",221
"hedeager2005",207
"hedeager2007",39
"helgason2000",39
"helgason2001",107
"hougen2006",39
"janes1996",39
"jenkins1997",39
"johansen1973",219
"jondell1974",39
"kaland1995",39
"kertzner1988",39
"larsen2001a",221
"larsen1978",39
"levine2004",39
"macdermott1955",39
"magnus1975",39
"mahr1941",39
"malmius2003",39
"nieke1991",39
"nieke1988",39
"olsen2000",39
"paisley2004",39
"pedersen2010",5
"petersen1928",137
"ryste2005",30
"skibstedtklaesoe1999",39
"staecker2003",39
"stafford1998",39
"stenberger1958",250
"stevenson1974",39
"stevenson1987",39
"stevenson1989",39
"stoler2002",39
"sveaasandersen1977",39
"trenchjellicoe1999",39
"tsigaridasglorstad2010a",39
"vandommelen2002",121
"whitfield2001",39
"whitfield2004",39
"wilson1973",39
"nilsson2007",23
"hennius2008",311
"henriksen2003",111
"holme2000",311
"rundkvist2008",37
"kristoffersen2009",133
"aqvist2006",273
"arrhenius1990",212
"bornaahlkvist1998",273
"carelli2001",230
"carlsson1979",273
"rasmusen1999",273
"dodgshon1980",273
"fallgren1993",273
"gothberg2000",273
"gurevich1992",273
"herschend1988",273
"hoff1984",273
"hoffman1975",273
"holst2004",273
"hvass1988",282
"jorgensen1987",273
"kaldalmikkelsen1999",273
"liedgren1997",273
"lillehammer1999",273
"olsen1997",273
"petersson2006",184
"porsmose1988",231
"rasmussen1999",273
"riddersporre1995",273
"ringstad1991",273
"roberts1987",273
"selinge2001",273
"sundqvist2002",273
"thunmark1979",273
"allentoft2015",176
"anthony1992",893
"anthony1997",894
"anthony2007",176
"bandelt2003",895
"banffy2012",896
"barras2015",897
"barth1982",898
"beckerman2015",176
"beran1990",899
"bernbeck2008",900
"bickle2013",901
"brather2004",902
"brather2006",176
"brettell2014",903
"cabana2011",904
"cameron2013",905
"chapman1992",906
"childe1925",290
"childe1929",176
"cohen2011",290
"czebreszuk2001",290
"czebreszuk1998",176
"damm1991",176
"dorfler2005",290
"frieman2012",290
"frinculeasa2015",290
"furholt2003",176
"furholt2008",176
"furholt2006",290
"furholt2011",290
"furholt2014",176
"furholt2013",176
"genova2017",290
"glob1945",176
"goldstein2000",290
"gomezsanchez2014",290
"govedarica2004",290
"greenblatt2009",290
"hahn2005",290
"hahn2007",290
"harrison2007",204
"hassan1981",290
"heggarty2014",290
"hubner2005",290
"iversen2010",176
"kadrow2005",290
"kleijne2013",176
"kossinna1910",290
"kossinna1911",290
"kristiansen1989",290
"kristiansen2015",290
"kruk1973",176
"lazaridis2014",179
"leppard2014",290
"muller2001",230
"muller2013",176
"muller2015",176
"ohara2014",290
"patterson2012",179
"piezonka2015",290
"pospieszny2015",290
"prescott2013",290
"prescott2015",290
"price2004",290
"prien2005",290
"raetzelfabian2001",290
"rasmussen2015",290
"kv2000",290
"roberts2011a",290
"schadelindig2010",290
"mainz2005",290
"schone2013",290
"shennan1989",176
"shennan1974",176
"sherratt1981",176
"sierp2017",290
"sjogren2016",290
"skoglund2012",290
"smit2012",290
"strahm2001",176
"szmyt1999",290
"thomas2013",290
"vanderlinden2006",176
"vanderlinden2007",176
"vanderlinden2012",290
"vanderlinden2016",176
"vandommelen2014",290
"vertovec2010",290
"gunther2016",290
"jones2017",290
"mathieson2017",290
"mittnik2017",290
"saag2017",290
"cummings2011",290
"ebersbach2017",290
"gerbault2017",290
"mizoguchi2017",290
"robb2014",290
"strathern1996",290
"tringham1991",290
"goldberg2017",290
"li2011",290
"pemberton2012",290
"sigfusson1940",35
"bjorn1943a",35
"ol1934",51
"kunz2001",35
"larrington1991",907
"tolkien1960",908
"jakobsson2001",51
"backdanielsson1968",51
"carlsson1999",51
"daviskimball2002",51
"dieck1975",51
"dillmann2006",183
"dommasnes1978",51
"davidson1972",51
"davidson1996a",51
"elsner2004",51
"hedenstiernajonson2014",179
"hernaes1984",179
"katrin2005",51
"kalinke1986",51
"eldjarn2000",83
"lokka2014",51
"majchczack1997",51
"nadolski1954",138
"pestell2013",197
"petersen1992",250
"sauckel2013",51
"samson1991",51
"straubhaar2002",51
"straubhaar2011",51
"strom1954",51
"svanberg2000",95
"tolley2009",183
"riksantikvarieambetet2011",311
"henriksen2006a",297
"attar1990",25
"benson2006",25
"bergfjord2012",25
"frei2010a",25
"geus2004",25
"hald1950",25
"heier2009",108
"kohn1999",85
"mannering2011",25
"morita1986",25
"rosborg2003",25
"enright1996",909
"albarella2004",224
"albarella2001",224
"degerbol1948",224
"dobney2001",224
"enghoff2005",224
"graslund2004",160
"hamiltondyer2002",224
"zmbochenski2001",224
"hatting1998",224
"lepiksaar1966",224
"makowiecki2001",224
"mlikovsky2005",224
"muller1974",224
"oggins2004",224
"prummel1997",224
"serjeantson2011",224
"tomek2000",224
"tyrberg2002",224
"vretemark2010",224
"ansede2018",176
"appiah2018",176
"behrens1973",176
"childe1933",176
"eggert1978",176
"eggert2012",176
"fischer1956",176
"furholtfurholt2009",176
"furholt2017",176
"grossmann2016",176
"r2017",176
"johannsen2017",176
"kleijne2019",176
"knipper2017",910
"kossinna1926",176
"luning1972",176
"mason2019",176
"mittnik2019",176
"mullerscheessel2000",176
"painter2011",176
"preucel2010",176
"rascovan2018",176
"schroeder2019",176
"schultrich2019",176
"strahm1971",176
"strahm2010",176
"struve1955",176
"suter2017",176
"valera2018",176
"veit1989",176
"wenger1998",176
"wotzka1993",176
"heyd2017",290
"arrhenius1973",304
"bennet1987",83
"blidmo1976",276
"blidmo1981",283
"bratt2009",283
"eraesko1965",33
"eriksson2004",283
"oxford1967",194
"ferenius1971",283
"fischer2004",291
"fischer2005",21
"fischer2009",283
"fischer2008",283
"gronwall1995",283
"gronwall2009",283
"hauck1977",206
"herschend1974",283
"hoilund2000",283
"horsnaes2008",283
"jonsson1992",67
"kivikoski1971",911
"kyhlberg1985",276
"kyhlberg1999",283
"lallemand1965",283
"lamm1973",283
"lamm1972",283
"stockholm1976",283
"lorren1995",283
"lotter2003",283
"lundstrom1972",283
"magnus2008",35
"ostergren1981",283
"ramqvist1983",283
"selirand1985",283
"sjovold1993",173
"stjernquist1994",283
"waller1996",912
"eldjarn1948",293
"eldjarn1953",293
"gelsinger1981",293
"gragas1980",293
"grinderhansen2000",293
"gulatingslovi1937",293
"gullbekk2009",113
"helle2001",325
"holt1998",130
"johannesson1969",293
"jonsson1993",293
"olafsson1990",293
"risvaag2006",293
"soga1978",293
"soga1981",293
"soga1994",293
"williams2000",293
"ostergren1989",17
"fridriksson2000",913
"keller2005",221
"artifact2000",221
"skovmann1942",221
"capelle1968",216
"grahamcampbell1990",221
"grahamcampbell1981",221
"lekberg2002",301
"stang1984",221
"blackburn1989",293
"haworth1990",293
"assmann1995",31
"bogucki2004",138
"duczko2000",139
"filipowiak1958",138
"filipowiak1992",138
"gorecki2002",138
"holtzmann1918",138
"jankuhn1934",138
"janocha1974",138
"janowski2009",138
"kara1991",138
"kola1946",138
"lowmianski1957",138
"morawiec1954",138
"nielsen1991",167
"rajewski1937",138
"ratajczyk2011",138
"rebkowski2011",138
"sikora2012",138
"schulte1918",138
"wojtkowiak2013",138
"zak1957",138
"duczko1996",91
"hennius2007",50
"jahrehorn2014",233
"peets2010",202
"storli2007",233
"borys1985",183
"kjaer2002",183
"cf2002",183
"wrzesinski2008",183
"boddington1996",36
"cf2006",183
"lee2002",183
"arbman2005",183
"banaszkiewicz2002",183
"ciesielski2013",183
"geake1992",181
"gron1994b",183
"hockart1938",182
"kristensen2002",183
"mccreesh1983",183
"haysgilpin2008",183
"reynolds1998",160
"sherlock1992",182
"tamboer2000",183
"tomicka1975",180
"uspienski1985",183
"vesteinnolason2003",183
"wrzesinski1998",183
"andersen1985",82
"mayor2014",51
"regal2001",51
"einarol1934",35
"pedraza1991",279
"mcguire2009",279
"crowder2000",279
"reimers1999",279
"parle1995",279
"sjovold1917",279
"owen1994",279
"kobylinski1994",279
"halsall1996",279
"callow1995",279
"eldjarn1919",279
"townsend2000",221
"mytum2003a",221
"stummannhansen1996",221
"fanning2014",221
"larsen2000",58
"knudsen2007",221
"richards2007",106
"haugen1979",221
"saxogrammaticus1996",51
"miller1997",51
"ambrosiani1990",302
"barrett1997",58
"brogger1921",58
"bull1928",58
"hellan2014",58
"munch1962",58
"reitan2011",58
"resi1985",58
"rolfsen1977",58
"rundberget2007",129
"rygh1905",58
"rysstad1928",58
"skar1909",58
"sperber2004",58
"steinnes1926",194
"wenn2017",58
"wenn2016",58
"wiker2013",58
"alexandersen1998",245
"behrensmeyer1978",297
"binford1981",245
"bliujiene2007",245
"bridault1992",245
"bronkramsey2013",245
"carlie2002",245
"carlie1993",245
"degrossimazzorin2002",245
"ewbank1964",245
"faulkes1995",245
"frei2013",914
"goodman1990",245
"grant1982",245
"graslund2002",21
"green1992",245
"grimm2008",245
"grimm2010",140
"prummel2008",245
"harris1931",245
"hatting1978",245
"hatting1985",245
"helmer1987",245
"henriksen2015",245
"hillson2000",245
"jennbert2006",37
"jorgensen2012",245
"koudelkand",245
"kveiborg2013",245
"lauwerier2002",245
"legge1992",245
"loumand2006",245
"magnell2012",245
"may1985",245
"monikander2010",245
"morey2010",245
"morris2008",245
"nilsson2003",44
"nilsson2009",48
"noenygaard1990",48
"park1953",245
"payne1973",117
"primeau2012",245
"reimer2013",162
"reitz1999",245
"russell2012",245
"schanche2000",167
"scheuer2000",214
"schmid1972",245
"serjeantson1991",245
"shipman1984",245
"strom1985",245
"stuartmacadam1985",245
"ubelaker1989",214
"vanhaasteren1974",245
"vretemark1997",245
"referencesanderson2013",71
"arundale1976",314
"arundale1981",71
"ascough2005",71
"ascough2006",71
"ascough2007",281
"ascough2009",71
"ascough2014",71
"austin2006",71
"birgisson2013",71
"bronkramsey2017",71
"buonasera2015",71
"coltrain2003",71
"coulthard2010",71
"craig1957",71
"darwent2016",71
"dumond1987",71
"dumond2002",71
"einarsson2011",71
"fitzhugh1993",71
"fitzhugh2004",71
"friesen2016",71
"gronnow2017",71
"hajdas2014",71
"harritt1995",71
"smith2012",271
"smith2014",915
"smith2015",71
"smith2016",71
"heron2010",71
"holtved1944",71
"isaksson2010",71
"issenmen1997",71
"jull1996",71
"ledger2016",71
"linnamae1975",71
"mangerud1972",71
"mangerud2006",71
"maryrousseliere1976",71
"maryrousseliere1979",71
"mason1990",71
"mathiassen1927",71
"maxwell1973",278
"maxwell1980",314
"maxwell1985",314
"mccullough1989",278
"mcghee2000",278
"mcghee2009",71
"mcghee1976",71
"morrison1983",191
"morrison1989",319
"nilsen2017",71
"odess1996",71
"odess1998",278
"odess2004",314
"olsson1980",71
"ostergard2004",271
"ostergard1999",71
"owen2002",71
"park1994",71
"park2004",314
"petterson2013",71
"possnert1997",71
"raghavan2014",179
"reimer2001",71
"rogers1998",314
"sabo1980",71
"sabo1978",314
"sayle2014",71
"sayle2016",71
"schledermann1978",71
"schledermann1980",278
"seersholm2016",71
"sinding2015",71
"sinding2017",71
"stuiver1986",71
"sutherland2002",314
"tauber1979",71
"taylor1995",71
"tremayne2016",71
"arrhenius2001",86
"magnus1997a",86
"bjgrgo1969",86
"gjessing1929",86
"gjessing1934",86
"glgrstad2010",86
"lillios1999",86
"magnus1999",86
"mannering2000",86
"munch1979",86
"nerman1975",276
"nylen1994",86
"petersen1905",86
"petersen1907",188
"ratke2006",86
"sjevold1974",86
"watt2004a",250
"williams1966",86
"aberg1924",86
"kozak2008",183
"sveinsson1935",183
"palsson1989",35
"nordal1933",181
"scudder2000",35
"smiley2000",183
"fischer1921",183
"strom1942",183
"adalbjarnarson1941",35
"andrea2011",125
"arnold1980",125
"benstead2006",125
"bjorck1995",125
"craig2006",125
"delrio2005",125
"fogel1989",125
"fuller2004",125
"grupe1986",125
"habicht1985",125
"harbeck2009",125
"huhneosterloh1997",125
"husterplogmann2006",125
"imhof1977",125
"james1972",125
"jenkins2001",125
"konnor1980",125
"lemke2005",125
"marold2001",64
"jahrgang2002",125
"dillmannnd",183
"jonsson1944",51
"palsson1962",51
"arwidsson1986",59
"jorpeland2013",217
"bersu1966",49
"dickinson1992",59
"duczko1989",185
"dundes1992",181
"eniosova2009",51
"fuglesang1989",255
"gardela2017",51
"grinsell1973",51
"gustafson1906",207
"hansson1938",51
"henriksen2013",916
"hildebrandnda",51
"hjardar2012",63
"harke1990",181
"hardh1976",134
"jagodzinski2010",51
"kivikoski1946",51
"lorangendb",51
"makarov2017",51
"mannering2017",51
"meaney1981",160
"melin2001",51
"morck1900",51
"novikova1998",51
"olsson1986",51
"pestell2012",51
"petersen1917",51
"robb2001",59
"rudzinski2009",51
"ryghnd",51
"samdal1905",51
"schnittger1920",51
"simonsson1969",59
"stenberger1947",51
"stenberger1953",51
"stenberger1956",51
"thoren1994",51
"thunmarknylen2006",83
"wetzler2017",51
"stjerna1905",86
"aanestad2015",3
"barrowman2011",3
"bond2016",3
"brundle2003",3
"carver2008",118
"crawford1987",3
"dockrill2010",117
"forsyth2007",3
"gautier2016",3
"griffiths2010",84
"ritchie1977",201
"whitelock1979",227
"worsaaend",3
"hayeursmith2018",71
"arbman1933",304
"arbman1935",304
"grahamcampbell1992",191
"kleinglrtner2007",304
"nordin1990",304
"paulsen1937",304
"pedersen1996",304
"sundkvist2001",304
"sturluson1993",304
"soderberg2007",304
"tesch1990",168
"tesch2007",130
"stockholm2007",304
"askeberg1942",134
"metcalf2003",134
"hakon2008",3
"ohs1985",3
"baastrup2013",68
"church2013",3
"dugmore2010",917
"golledge2003",3
"gronnesby2015",3
"klaesoe1997",3
"myhre2000",84
"owen2004",3
"purcell2015",197
"rockman2003",73
"shetelig1927",3
"solli1996",4
"stenvik2001",3
"vandenoort2011",3
"weber1994",10
"weber1996",3
"westerdahl2015",3
"aiken1986",185
"ambrosiani2000",185
"carpelan1992",185
"cassel2008",185
"cleve1930",185
"cleve1943",264
"cleve1978",185
"ross2001",185
"edgren1992",185
"edgren2001",185
"edgren2008",110
"emberling1997",264
"engman1991",185
"entwistle2000",185
"fahlander2007",185
"feldt2002",185
"gardell2001",185
"ginters1981",185
"ginters1984",185
"gosden2001",130
"gustin2010",918
"gustin2015",919
"hagerman2006",185
"hall1990",174
"hall2010",185
"hardh1984",185
"holmquistolausson1993",213
"fuglesang1992",185
"hulthen1984",185
"hvoshchinskaja2004",185
"jaanusson1981",185
"jaanusson1993",185
"jansson1988",64
"jansson1990",185
"jansson1994",185
"jansson2000",318
"kaks1969",264
"kapchan1999",185
"kivikoski1937",264
"kivikoski1938",185
"kivikoski1951",185
"kivikoski1964",185
"kivikoski1969",185
"kivikoski1973",289
"krylasova2008",185
"valdemars1995",185
"kuzminych1996",185
"kyhlberg1973",185
"laulumaa2002",185
"lehtosalohilander1982",80
"lehtosalohilander1983",185
"lehtosalohilander1990",110
"lehtosalohilander1992",185
"lehtosalohilander2000",110
"ligi1993",264
"lindstrom2003",185
"malarstedt1986",185
"markus1939",185
"meinander1957",185
"meinander1985",185
"pokrovskaja2001",264
"selling1945",185
"selling1955",185
"sorensen1971",185
"svanbergskane1999",251
"taavitsainen1990",110
"tarkiainen2008",185
"thalin1984",185
"uino1997",110
"uino2006",264
"wallerstrom2004",185
"wells1998",185
"wells1999",264
"wiessner1989",222
"young1995",185
"wilson2009",143
"worrell2003",51
"downham2017c",3
"baudou1963",304
"andersson2006",210
"bjerstaf2002",17
"brorsson1998",17
"carlsson1976",17
"carlsson2008",148
"clarke1993",17
"dahlstrom2000",17
"fallgren1994",920
"gotfredsen2011",17
"kidd1980",17
"grandin2000",17
"gustafsson2009",17
"gustafsson2007",17
"hawthorne1979",104
"hellqvist2011",17
"hjartnerholdar1999",17
"hoven1991",17
"huttu1996",17
"jakobsson1996",137
"jouttijarvi2005",270
"kirpichnikov2004",289
"lindeblad1996",104
"peets2003",17
"pettersson2005",52
"schmidt1977",217
"schvindtnd",17
"soderberg2011",17
"soderberg2002",237
"thomsen2005",270
"wellinder2004",17
"aberg2006",17
"aspinall2011",187
"baker2013",196
"bronkramsey2009",162
"brown2014",187
"hojdemodel2007",187
"dobat2009",187
"donat2000",187
"gaffney2003",187
"henning2002",251
"herold2012",187
"jacobsson1999",921
"jensen1988",187
"olesen2000",922
"olsen1999",187
"rindel2002",187
"roesdahl2002",284
"svanberg1999",251
"ulriksen1993",44
"abramson2016",196
"ager2014",196
"archibald2007",196
"baker2011",196
"blackburn1998",196
"blair2013",196
"booth1983",196
"brookes2013",196
"brooks2000",196
"cameron1998",196
"cameron2010",196
"daubney2016",196
"dobat2017",923
"edwards1991",197
"everson2007",197
"haldenby2016",196
"johnson2002",196
"langdon1993",196
"leonard2015",196
"loveluck1996",196
"macgregor2009",196
"mcleod2006",197
"metcalf1960",196
"pagan1986",147
"richards1999",196
"richards2004",204
"richards2013",196
"richards2016",196
"rogers1993",142
"steedman1994",196
"stevenson1904",196
"bakka1983",3
"aguilar1986",91
"bill2007",91
"caldwell2014",91
"carwardine1995",91
"clark1947",91
"dahl2003",91
"espinoza1992",91
"gardiner1997",91
"haahrkristiansen1997",91
"hallen1994",91
"henriksen2009",67
"holm2012",91
"isaksen2012",91
"karlsson2016",91
"kjermichaelsen1992",91
"kristensen2007",91
"laist2017",91
"lowenstein1993",91
"lundkoksvik2010",91
"lundkoksvik2013",91
"lundqvist1986",91
"mclees1990",91
"mulville2002",91
"nasman1990",924
"nelson1969",91
"nilsen2014",91
"nordahl2001",231
"petersen1914",91
"riddler2014",91
"sandberg1983",91
"seiler2001",91
"sjovold1966",91
"skomsvoll2012",91
"solberg2007",91
"stauch1994",91
"stylegar2005",49
"svanberg2008",91
"szabo2008",91
"teixeira2014",91
"wickler2012",91
"arne1934",264
"arwidsson1977",235
"graslund2008a",235
"lindqvist1934",235
"lloydsmith2002",235
"madsen1996",235
"schulzedorrlamm2010",235
"schonback1957",235
"schonback2002",235
"hansen2008",925
"blackburn2000",197
"sawyer1962",147
"gould1903",197
"biddle1992",204
"sawyer1998",189
"ulmschneider2000",197
"blackburn2011",195
"blackburn1994",197
"blackburn2001",197
"blackburn2007",190
"williams2007",190
"stein2015",197
"stocker2000",94
"foster1924",197
"oswald1937",197
"pelteret1980",197
"pettersson2009",197
"pirie1997",197
"richards2009",196
"riley1995",197
"rowe2008",94
"rowlandson2005",197
"russell2014",197
"sheehan2014",197
"stafford1980",197
"stein2012",197
"stein2013",926
"stein2000",197
"thomas2000",198
"whitwell1992",197
"williams2002",194
"hurley2014",197
"abulughod1981",927
"adger2009",928
"alexandre1976",929
"alexandre1987",930
"ahdr2004",931
"ahdr2015",932
"arendt1958",933
"arnalds1992",934
"arneborg2008",935
"batt2015",936
"bell1978",937
"bergthorsson1967",938
"bergthorsson1969",939
"blondal1999",940
"bradley1992",941
"bradley2016",942
"brazdil1995",943
"brazdil2005",944
"boulhosa2012",945
"campbell2016",946
"camenisch2016",947
"casely2007",948
"crumley2007",949
"demaree2001",950
"diaz2011",951
"dickson1988",952
"dugmore2005",73
"dugmore2013",953
"dugmore2014",954
"einarsson1994",955
"garciaherrera2008",956
"gragas2001",957
"gudmundsson1997",958
"gudmundsson2008",959
"hambrecht2015",960
"harrison2013",961
"hartman2015",962
"hartman2016",963
"halldorsson1978",964
"hayeursmith2013",965
"henriksen1995",966
"hoffmann2014",967
"holtsmark1956",968
"hreinsson1997",75
"ingimundarson1995",969
"ingimundarson2010",970
"ingimundarson1998",971
"ingram1978",72
"ingram1981",72
"johannesson1956",72
"johannesson1974",72
"johannesson1928",72
"jones2008",72
"jones2004",72
"jones2001",72
"jonsbok2004",72
"kristjansson1980",72
"kirkbride2008",72
"lamb1965",143
"larsen1917",72
"royladurie1972",72
"ludlow2010",72
"luterbacher2016",72
"martinvide1995",72
"mauelshagen2014",72
"mcgovern2013",72
"mcgovern2014",72
"mcturk2004",84
"miles2014",72
"ogilvie1982",72
"ogilvie1984",72
"ogilvie1986",72
"ogilvie1991",72
"ogilvie1992",72
"ogilvie1998",72
"ogilvie2001",72
"ogilvie2005",72
"ogilvie2008",72
"ogilvie1997",72
"pfister1992",72
"pfister1998",72
"pfister1999",72
"pfister2017",72
"pribyl2012",72
"serreze2015",72
"sigurdsson2004",193
"smiarowski2014",72
"smiarowski2017",72
"stern2000",72
"stine1994",72
"stormnd",72
"stora2005",72
"streeter2012",72
"streeter2014",72
"mcgrew1970",72
"teitsson1975",72
"thorarinsson1956",72
"thorarinsson1958",72
"thorarinsson1967",72
"thordarson1993",72
"thordarson2007",72
"thorlaksson1991",72
"thoroddsen1914",72
"thoroddsen1919",72
"thorsteinsson1989",72
"vanengelen2001",72
"vasey2001",72
"vesteinsson2005",72
"vilmundarson1972",72
"waters2016",72
"wheeler2006",72
"young2015",72
"arne1911",185
"arbman1955",185
"callmer2000",185
"naum2008d",248
"bhabha2004a",130
"alper2003",63
"arbman1939",213
"asmus2012",63
"bagge2009",63
"bartels2008",63
"bartlett1996",63
"baumgartner2013",63
"birkebaek1992",63
"bolton2009",63
"bompaire1997",63
"brather2010",63
"brather2012",63
"callmer1994",49
"carelli2012",63
"christensen2000",63
"dobat2008",68
"drjacobsen1942",63
"eisenschmidt2003",63
"filipowiak2008",63
"gelting2007",63
"gilomen2014",63
"grahamcampbell1991a",63
"hatz1974",63
"hauptmeyer1997",63
"henricson2006",63
"herrmann1994",63
"hilberg2009b",68
"hilberg2010",68
"hinton2008",63
"hodges2008",112
"hofmann1984",63
"hybel2013",63
"ilisch1988",63
"jankuhn1937",63
"jonsson1989",63
"juraske2010",63
"kalmring2010e",208
"keller2008",63
"klappauf2011",63
"klappauf2008",63
"leimus2007",263
"loveluck2013",63
"ludtke1985",63
"ludtke2013",63
"lund1991",63
"makeler2005",63
"metcalf1998",63
"meyer1998",63
"moesgaard2006",248
"noonan1994",148
"radtke2002",63
"roesdahl2006",251
"rundberg2000",63
"sawyer2013",63
"sawyer2002",217
"scheel1940",63
"schledermann1966",63
"schwantes1932",63
"gratuze2011",63
"sindbaek2012",7
"spuford1988",63
"steppuhn1998",63
"stieldorf2012",63
"stoklund2000",63
"tummuscheit2010",261
"tummuscheit2013",63
"verhulst2000",63
"wehner2007",63
"wiechmann2002",63
"williams1997",63
"olsen1945",235
"aberg1953",237
"skouhansen2008",235
"norr2008",235
"alqahtani2010",85
"askvik2009",81
"bankier2006",81
"batey2013",81
"beaumont2013",81
"bonsall2009",81
"butler1993",81
"curtissummers2014",81
"fowler2010",41
"greaves2011",81
"halpin2008",972
"harris2016",81
"harris2012",81
"mcguire2010",81
"muldner2009",81
"nissan1999",81
"reimann2012",81
"robb2013",81
"welander1987",81
"avdusin1988",52
"clarke1985",52
"crane1999",52
"galton1971",52
"kjellberg1946",52
"krogh2007",251
"lethlarsen1991",52
"lonborg1994",216
"monteliusnd",52
"martensson1970",52
"possnert2015",52
"soderberg1999",52
"warnke1987",52
"hadley2015",197
"brooks1987",197
"wessexarchaeology1997",197
"andersonnd",204
"anonnd",204
"bailey1980",47
"brogger1929",204
"cochrane1906",204
"duffy1999",204
"dunwell1995",108
"edwards1927",204
"edwards1934",204
"eldjarn1984",204
"evison1969",198
"geake2003",204
"grahamcampbell1979",204
"hadley1999",204
"halsall1998",228
"harke1989",204
"harrison1995",271
"harrison2005",204
"harrison2008",84
"hencken1950",204
"henry1995",204
"lang1976",204
"nimhaonaigh1999",204
"raftery1960",204
"richards2003",204
"rowleyconwy2007",204
"russell2011",204
"sheehan1988",204
"smith1933",204
"smithnd",204
"solberg1985",272
"thorsteinsson1968",204
"vandenoort1993",204
"wallace2002",204
"walsh1995",204
"walsh1998",204
"wilson1976",204
"wilsonnd",204
"kjellberg1947",52
"bakhtin1984",321
"cohen1995",321
"crang1994",321
"edensor1998",321
"fowler1992",321
"graver1999",321
"hewison1987",321
"koivusalo1998",321
"littrell1993",321
"maccannell1976",321
"macdonald1997",321
"mccaulay1999",321
"meethan1996",321
"mordue1998",321
"robb1998",321
"shurmersmith1994",321
"silver1988",321
"urry1990",321
"vestfold1998",321
"watson1994",321
"walsh1992",205
"wright1985",321
"wiechmann2007",66
"hofmann2014c",63
"tummuscheit2012",68
"arbman1980",33
"bohner1991",207
"brown1988",207
"bruck2006",41
"bynum2001",207
"davidson1978",164
"dedekam1925",207
"flores1996",111
"gaimster1998",33
"geary1978",207
"glosecki1989",207
"glosecki2000",207
"hardh2004",207
"haselof1956",207
"haselof1970",207
"haselof1981",207
"haselof1984",207
"hoilundnielsen2002",207
"ingold1994",207
"ingold2000",34
"jakobsson1999",120
"jakobsson2003",206
"jones1998",34
"kalif1997",207
"kristofersen2000",207
"lindstrom2001",207
"magnus2001",84
"magnus2002",207
"mansrud2008",207
"meskell2003",207
"morris1991",207
"mullernd",207
"mundal1974",207
"oestigaard1999",207
"oestigaard2000",207
"orchard2002",207
"raudvere2001",207
"roe1995",207
"roth1979",207
"sofaer2006",207
"speake1980",207
"steenstrpnd",207
"ilisch2013",63
"pollard2009",203
"pritsak1970",203
"hughes1995",321
"barnes2012",260
"christensen1969",260
"fridell2011",260
"fuglesang1991",215
"glob1969",217
"graslund1998",973
"imer2009",260
"jacobsen1932",260
"jacobsen1935",260
"kallstrom2007",260
"cour1951",82
"lerchenielse1993",260
"lund2014",974
"moltke1952",260
"moltke1976",149
"moltke1985",251
"nielsen1969",975
"oebynielsen2007",260
"snaedal1985",260
"stoklund1991",32
"stoklund1994",260
"stoklund2005",260
"stoklund2006",260
"stoklund2010",260
"m2005",260
"storm1977",72
"bengtsson1954",321
"maccannell1992",321
"yorkarchaeologicaltrust1984",321
"strand2009",271
"bekpedersen2007",976
"bekpedersen2009",977
"benderjorgensen1984",271
"benderjorgensen2003",271
"dennis1980",978
"dennis2002",271
"gaoarsdottir2010",271
"gjerset1924",271
"graslund1997",271
"gullbeck2011",271
"guojonsson1964",271
"guojonsson1970",271
"guojonsson1972",271
"guojonsson1992",271
"guojonsson1993",271
"guojonsson1998",271
"harris1995",271
"heide2004",271
"hoffman1974",271
"ingstad1982",271
"jonsson2004",271
"larusson1967",281
"lucas2009",228
"maurer2006",271
"minar2001",271
"meulengrachtsorensen1983",979
"robertsdottir2008",271
"saul2004",271
"sveinbjarnardottir2012",165
"iwlaksson1988",271
"jorlaksson1991",271
"rogers2012",271
"arbman1941",179
"backstreurom2016",179
"briggs2007",179
"brothwell1981",179
"brotherton2007",179
"buikstra1994",202
"cassidy2016",179
"durand2011",179
"eriksson2016",179
"gamba2014",179
"green2008",179
"vanhamel1934",179
"helgessonarcini1996",179
"keller2012",179
"kircher2012",179
"lampa2013",179
"lindstreurom2011",179
"malmstreurom2009",179
"meindl1989",179
"meyer2010",179
"omrak2016",179
"oras2016",202
"salmela2011",179
"sawyer2012",179
"skoglund2013",179
"skoglund2014",179
"slovak2011",179
"steinsland2011",117
"stolpend",179
"thalinbergman1986",179
"vanoven2009",179
"vianello2013",179
"wilhelmson2015",179
"yang1998",179
"crawford1999",980
"hedenstiernajonson2000",213
"jansson1980",60
"kanvall1995",981
"kjellstrom2005",202
"kjellstrom1995",60
"nordstrom2007",50
"rimbert1986",60
"wikborg2007",60
"anderson1909",4
"annalsofclonmacnoisend",4
"blindheim1984",4
"bourke2010",4
"brink2007",186
"carroll1995",4
"hennessynd",4
"coffey1909",4
"connolly1987",4
"crawford1923",192
"danielsson2015",37
"farbregd1979",4
"forte2005",4
"gerace2014",4
"gyllensvard2004",4
"hagland2008",4
"hall2015",4
"haseloff1990",4
"hedeager2015",4
"henry1965",276
"holtsmark1989",4
"jesch2001",149
"jesch2006",982
"kelly1993",4
"lamn2004",4
"lowe2007",4
"lucas1967",4
"lucas1973",4
"lucas1986",4
"magnus1932",4
"mullarkey2014",4
"murray2012",4
"murray2014",4
"murray2015",4
"murray2016",4
"nordvig2013",4
"carragain2010",4
"odonoghue2011",4
"floinn1989",111
"floinn2013",4
"floinn2015",4
"omeadhra1988",4
"ohrn2015",4
"quast2012",4
"rosedahl1992",4
"ryan1989",192
"ryan1998",4
"solli2013",4
"watt2005",4
"watt2011",4
"youngs1989",111
"guojonsson1965",271
"guojonsson1973",271
"guojonsson1994",271
"andersen2004",68
"ashby2009",188
"bakka1965",188
"blindheim1977",111
"budd2004",149
"boe1926",188
"corrain1972",188
"christophersen1989",269
"de1995",188
"etting2013",188
"fagerland2008",188
"gaimster1991",111
"gronnesby2012",188
"haseloff1979",188
"haseloff1987",188
"heenpettersen2013",188
"helle1991",188
"herje1989",188
"herstad2012",188
"hunter2008",188
"jatten2006",188
"martens1994",188
"ofloinn1989",188
"redmond2007",147
"resi2005",188
"roskaft2003",188
"shepherd1985",188
"skinner2012",188
"skjevik1997",188
"sorheim2010",188
"stenvik1994",188
"trotzig1984",188
"trotzig1991",188
"wilson1965",188
"paulsen1933",216
"steuer1962",139
"filipowiak1988",139
"betz1973",215
"bottgerniedenzu1982",276
"buisson1976",215
"eldjarn1956",251
"hagen1950",215
"janowski2006",215
"kjaerum1990",46
"stoodley2000",983
"meskell1999",60
"andresen2010",143
"baker2015",143
"berglund2003",143
"blackford1991",143
"bond2001",143
"bond1997",143
"bradley1992a",143
"bradley1993",31
"conroy2008",143
"cui2013",143
"lorenzo2010",143
"lorenzo2008",143
"eiriksson2006",143
"faust2016",143
"folland2009",143
"grauel2013",143
"gray2010",143
"haldon2016",143
"hass1996",143
"helama2009",143
"hurrell1995",143
"hurrell2010",143
"isono2009",143
"jones2014",143
"krawczyk2010",143
"lamb1982",143
"lamb1985",143
"larsen2008",143
"li2016",143
"ljungqvist2010",143
"mcdermott2001",143
"moy2002",143
"neukom2014",143
"oliva2012",143
"randsborg1991",143
"reimann2011",143
"ribeiro2012",143
"rudaya2016",143
"ruizfernandez2016",143
"scafetta2012",143
"swierczynski2012",143
"ulgen2012",143
"vanloon1978",143
"wanner2008",143
"wanner2001",143
"wanner2011",143
"yan2011",143
"zhong2014",143
"magnus2004",4
"sogness1988",4
"haithabu2003",65
"coupland1989",65
"coupland2016",65
"duczko1997",7
"helmbrecht2004",65
"hoilund1986",65
"hoilund2014",65
"holst1958",65
"jorgensen1990",216
"jorgensen1997",65
"laurent1978",65
"lebecq1986",65
"radtke1981",65
"schlesinger1972",65
"schneeweiss2010",65
"shepard2014",65
"shepard1989",65
"staats1974",65
"story2003",65
"andersen2012",225
"berglund1982",225
"bican2007",225
"bican1907",225
"biltz1969",225
"broholm1946",225
"broholm1949",225
"christensen2006",231
"dillehay1997",225
"dix1982",225
"garfinkel1987",225
"harrington2000",225
"houmarknielsen1991",225
"hoy1995",225
"jensen2002",225
"jons1993",225
"jorgensen2013",13
"kjaer1928",225
"knoll2013",225
"larsen2012",75
"nielsen1967",225
"petersen1971",225
"schuster2000",225
"seir2013",225
"steensberg1974",225
"thrane1979",225
"uschmann2006",225
"williams2004",141
"duczko2007",139
"losinski1997",139
"jagodzinski2008",139
"bately1980",139
"bately2009",139
"gaerte1929",139
"engel1931",139
"engel1935",139
"tischler1902",139
"bezzenberger1904",139
"androshchuk2008",139
"jagodzinski2012",139
"cnotliwy2013",139
"ehrlich1932",139
"ambrosiani1994",216
"arbman1958",139
"carlsson1988",139
"jankuhn1943",68
"klim1979",139
"steuer1979",139
"arbman1993",91
"berggren2004",42
"bergstrom1941",91
"bjorck2008",91
"broberg1990",264
"egenberg2003",91
"fetisov2008",91
"frostne2002",91
"hennius2016",91
"hennius2005",91
"heron1989",91
"hiorth1908",91
"hjulstrom2006",91
"hvid2016",91
"karlsson2002",91
"konsa2013",91
"kupiec2015",91
"kurzweil1998",91
"landin2002",91
"lindeblad1994",91
"lindstrom2014",91
"magnusson1986",294
"neveus1974",91
"persson1994",91
"ravn2016",91
"stahre2012",91
"svenssonhennius2017",91
"villstrand1996",91
"albrectsen1976",174
"andren1998",174
"behre1983",297
"bican2010",212
"fabricius2009",174
"hermansen1938",174
"hjelmqvist1993",174
"janushevich1979",174
"kenward1995",297
"koch2003",174
"mikkelsen1949",174
"moltsen1998",174
"ocete2015",174
"petrini2015",174
"schiemann1953",174
"shanahan2015",174
"sherratt2008",174
"smith1990",174
"stummer1911",174
"troelssmith1953",174
"wamers2016",174
"winroth2012",174
"schietzel1985",168
"pilo2008",168
"androshchuk2004a",168
"fabech2009",231
"sanmark2004",191
"ahnlund1926",168
"ambrosiani1992",216
"ambrosiani1996",216
"andren1985",984
"edgren1995",318
"franklin1996",263
"garizpanov2008",168
"gustin1990",66
"johansen2003",121
"malmer1989",168
"mullerwille2001",137
"noonan1991",111
"polanyi1978",168
"ros2001",85
"rosberg2009",168
"schorske1998",168
"reimer2004",91
"svensson2007a",129
"hilczerowna2037",139
"losinski1995",139
"vonzurmuhlen1940",139
"labuda1961",139
"orosiusnd",139
"andersen2008",217
"bandholm2012",217
"carstens2011",217
"christiansen1999",217
"christiansen2005",217
"dyggve1955",217
"hollstein1980",217
"holmsgaard1999",217
"hvass1998",217
"krogh1993",217
"lemm2011",44
"lindblom2011",217
"lindblom2012",217
"mullerwille1991",217
"trillmich1970",217
"fanning1937",64
"saga1943",64
"kunz2008",64
"dasentnd",64
"andersson2002",64
"armbruster2002",64
"bihrer2012",64
"christensen1985",98
"claughton2011",64
"dekowna1990",64
"osk2009",64
"elvestad1998",64
"fanning1990",985
"hagg2002",85
"helberg1993",64
"hepp2007",64
"hilberg2007",64
"hingst1955",64
"kleingartner2007",216
"mehler2003",64
"molaug2010",64
"mullerwille1968",64
"noonan2000",64
"olsen2004",64
"pestell2011",64
"pierce2009",75
"reichstein1984",64
"roberts2008",319
"englert2007b",64
"scheel1930",64
"simek2007",64
"sode2004",64
"sode2002",64
"sorheim2004",64
"stumpel1983",64
"jakobsson2009",64
"tweddle1999",64
"vogel1983",64
"warmlander2010",7
"wedepohl2003",64
"zori2010",278
"magnusson1966",64
"jessen1958",65
"hoilundnielsen1986",65
"norgardjorgensen1999",32
"neuefischer2014",65
"siemen1990",65
"spiong2000",65
"thuno2002",65
"williams1999",195
"bemmann1998",218
"besteman1999",218
"bjork1957",218
"brandt1996",218
"brink1997",284
"carnapbornheim1996",218
"egeberghansen1988",218
"egeberghansen1996",218
"ethelberg2000",218
"ringtved1989",218
"fabech1992",32
"fenger1971",218
"hedeager1990",282
"helgesson2008",218
"hoilundnielsen2005",218
"hoilundnielsen1993",218
"hvass1986",218
"jarlhansen1988",218
"jessen2008",218
"jorgensen1988",282
"jorgensen1996",32
"kopytof1986",218
"lund1996",218
"lundhansen1995",218
"madsen1995",212
"mauritsen2009",218
"mikkelsen1990",218
"mortensen1988a",218
"mortensen1991",218
"murray1983",282
"nasman1988",292
"nasman1997",986
"norbach1998",219
"norgardjorgensen1996",218
"rasmussen1995",282
"reuter1997",218
"ringtved1986",218
"ringtved1998",218
"sjoholm1988",218
"steuer1982",218
"tacitus1999",987
"ulriksen1989",218
"wenskus1961",988
"zimmermann2005",218
"bjork1982",217
"christensen1983",255
"christiansen1995",282
"christiansen1996",989
"fenger1991",292
"fokkens1998",282
"jorgensen1940",282
"helmold1966",18
"ahrens1995",18
"andersson1979",18
"back1997",18
"denecke1973",18
"dilcher1973",18
"farole2011",18
"hohenberg1996",266
"jankuhn1958",18
"jankuhn1973",18
"kulke2009",18
"laur1992",18
"mogren2012",18
"mohr2005",18
"polanyi1963",18
"steuer2003",18
"tummuscheit2003",18
"vestergaard1991",18
"white2010",18
"lysehansen2000",64
"olausson2002",210
"palliser2000",123
"hodder2003",168
"schlesinger1973a",18
"steuer2005",18
"oed2010",18
"hojbjerg2006",168
"aarseth1982",990
"arge1991",991
"arge2006",992
"arge2005",157
"arge2009",157
"arnalds1997",157
"bertelsen1985",157
"bertelsen1998",157
"buckland2008",73
"butler2006",157
"christiansen1990",157
"christiansen1991",157
"christiansen1987",157
"dennis2000",993
"dugmore2000",281
"dumezil1973",157
"edvardsson2005",307
"einarsson1963",157
"einarsson2002",157
"fagan2000",157
"fjaervoll1961",157
"fredskild1973",157
"fridriksson1994",117
"gerrard1991",157
"gjerland2009",228
"gronvold1995",307
"grove1988",157
"gudmundsson2001",157
"gudmundsson2004",157
"guttormsen1994",157
"halstead1998",157
"harris1988",157
"hambrecht2006",157
"hansen1990",157
"hastrup1989",157
"hermannsson1929",157
"hitzler1979",157
"hjalmarsson1993",157
"holling2002",157
"joensen1976",157
"joensen1980",157
"keller1989",73
"keller1990",157
"konstam2004",157
"kristjansdottir2004",36
"krivogorskaya2005",157
"lageras2007",74
"lambin2005",157
"lawson2006",157
"mcgovern1980",73
"mcgovern1981",281
"mcgovern1986",157
"mcgovern1994",73
"mahler1989",157
"mahler1988",157
"mahler1991",157
"mahler1990",157
"mairs2007",157
"marcus1980",157
"e2003",157
"noonan1998",157
"nordal1952",157
"nordal1954",157
"norrevang1970",157
"olsen1928",157
"olasson1998",157
"perdikaris1998",157
"perdikaris2005",157
"rieck2002",157
"sanmark2002",157
"schofield2007",157
"simpson2003",164
"skardi1970",157
"sveinbjarnardottir1990",157
"sveinbjarnardottir2007",307
"sveinbjarnardottir2008",157
"thomson2003",157
"thomson2005",157
"thomson2007a",165
"vesteinsson2001",316
"wubsmrozewicz2008",157
"thorarinsson1970",157
"aarsleff2005",248
"almgren1955",216
"ambrosiani2002",230
"anglert1999",230
"anglert2001",994
"arrhenius1992",230
"eriksson2001",230
"gjosteinresi1979",230
"gramstorp2000",230
"gustafsson1968",230
"gustin1999",230
"hardh2007",190
"vonheijne2004",248
"hedegaard2007",67
"helgesson1999",289
"herschend1989",230
"hjarthnerholdar2002",267
"horby1988",230
"jansson1978",323
"johanssonherven2001",230
"kresten2001",230
"klnm1999",230
"lennartsson1997",230
"malmer2002",7
"metcalf1996",230
"mikhailov2007",230
"mogren2005",995
"noonan1984",263
"pedersen1999a",230
"riddersporre1998",230
"ringqvist1968",230
"rispling2004",66
"salminen2001",230
"samuelsson2001",230
"schulke2008",230
"serning1956",137
"silvegren1999",230
"sindbaek2001",192
"skibstedklaeso1997",102
"soderberg2000",324
"steineke2005",230
"stenholm1976",230
"stjernquist1995",230
"svanberg1998",280
"svensson2001",324
"tegner1999",230
"tegner2005",230
"thilderqvist2000",230
"thun1967",230
"wamers1984",223
"westergren1986",230
"dumvillend",189
"rau1977",189
"ager2011",189
"besteman2009",189
"coupland2006",189
"dijkstra2009",189
"grieg1929",189
"kilger2007",189
"knol1998",189
"knol2005",189
"knol2010",189
"sheehan2000",189
"sheehan2011",189
"others1971",189
"woltering2000",189
"woolf1990",189
"cook1965",64
"westness1980",108
"magnusson2000",85
"ahrens2001",284
"chronicon2001",217
"dyggve1942",217
"harck2006",217
"wesse2006",996
"hvass1979",320
"janssen2004",217
"mcneill2004",217
"chr2009",217
"klemensen2001",217
"krogh1981",217
"lethlarsen2007",217
"madsen1985",217
"mcguire2008",217
"nielsen1979",320
"petersen1909",217
"staecker2005",217
"trap1964",251
"sicking2008",157
"woltering2002",189
"sawyer1971a",142
"eriksen2001",128
"davidson1979",240
"hoekstra1940",240
"rau1972",240
"rives1985",240
"south1932",240
"bantelmann2003",240
"besteman1997",240
"boeles1915",240
"borchling1938",240
"bregman1998",240
"ijssennagger2009",240
"jons2013",240
"meier2003",240
"milis1998",240
"nijdam2008",240
"pritsak1981",240
"schokker2008",240
"siems1980",240
"smyth1977",240
"springer2003",240
"theuws2009",240
"vries2007",240
"wood2001",240
"broadberry2010",227
"durkin2014",227
"fenner2005",227
"fox1943",227
"hellenthal2014",257
"insley1994",227
"johnston2014",227
"leahy2001",227
"loveluck2011",227
"royrvik2010",227
"samuels1989",227
"thomas2006",319
"townend2002",227
"binns1988",140
"bjerve1980",140
"bjorgo1982",140
"bratrein1984",140
"bratrein1989",140
"bull1920",140
"carstairs1980",140
"eithun1994",140
"ekrem2006",129
"falkanger2007",140
"fugelsoy1970",140
"gansum2000",140
"grimm2004",140
"hobaek2013",140
"hodne1976",140
"holmback1943a",140
"indrebo1935",140
"iversen2014",140
"iversen2007",95
"jansen1943",140
"johansen1977",292
"hauge2007",140
"lillehammer1994",140
"lund1955",292
"lund1959",140
"lund1965",292
"loken2001",140
"nicolaysenndh",140
"norbergschulz1980",140
"olsen2005",140
"olsen2013",140
"patterson2005",140
"relph1976",140
"room2005",140
"schutte1933",140
"seip1934",140
"sjovold1962",292
"sjovold1971",140
"solberg2002",292
"storli2000",140
"stormnda",140
"stormndb",140
"strom2007",292
"taranger1915",140
"tuan1974",140
"urbanczyk1992",140
"vesteinsson2013",228
"odegaard2013",140
"ahlkvist2002",184
"bratt2010",102
"bardseth2007",184
"carlie1999",184
"diinhoff2011",184
"edblom2004",184
"ericsson2001",184
"kalmar1991",184
"eriksson1993",184
"frolund2007",184
"gjerdaker2001",184
"gjerpe2012",184
"gollwizer2012",184
"helgesson2002",289
"hobaek2008",184
"bergen2009",184
"oslo1997",184
"kleven2001",184
"loken1996",184
"martens2007",184
"myhre1972",184
"olsen1926",184
"pedersen1990",291
"petersson2010",184
"reiss1994",184
"reitan2009",184
"reynolds1999",316
"robberstad1967",184
"rosener1995",184
"skre1997",184
"streiffert2005",184
"sorrusten2012",184
"tacitus2001",184
"wasberg1970",184
"odegaard2008",184
"oslo1991",184
"shepared2012",83
"loog2017",214
"mcevoy2006",214
"melchior2008",214
"milman2003",214
"bowden2008",214
"helgason2003",214
"helgason2009",106
"kjellstrom2007",214
"ros2012",214
"kjellstrom2017",214
"wikstrom2008",214
"wikstrom2005",214
"tillmar2010",214
"dupuy2001",214
"karlsson2006",214
"martiniano2016",214
"nesbitt2016",214
"roslund2014",214
"tesch2001",214
"vanoven2014",214
"technology2017",214
"walsh2014",93
"walsh2013",214
"walsh2016",214
"tesch2013",214
"hillbom1984",214
"moorrees1963",214
"smith1991",214
"brooks1990",214
"bruzek2002",214
"novotny1982",214
"phenice1969",214
"evans2004",214
"meller2012",214
"knipper2004",214
"maurer2012",214
"neumann1974",214
"asch2003",214
"lofvendahl1990",85
"hillson2005",214
"schour1941",214
"knipper2014",997
"rohland2007",214
"malmstrom2012",214
"rasmussen2011",998
"korneliussen2014",214
"behar2012",214
"achilli2004",214
"dupuy2006",214
"passarino2002",107
"rootsi2004",214
"auton2015",214
"patterson2006",999
"zeronmedina2013",214
"hveem2001",214
"whittington2006",214
"donnelly2012",214
"eiberg2008",214
"lamason2005",214
"soejima2007",214
"stokowski2007",214
"aitken2013",147
"ascough2012",147
"biddle1985",147
"biddle1986",147
"bigsbynd",147
"bonsall2007",147
"bronkramsey2004",147
"cook2001",147
"cook2015",147
"deggnd",147
"fuller2005",147
"hedges2004",147
"phillips2001",147
"phillips2014",147
"richards2002",238
"russell2015",147
"sawyer1957",147
"szpak2014",147
"taylor1989",147
"dyggve1948",217
"christensen1987d",67
"jorgensen2002e",32
"jeppesen1997",217
"jeppesen1990",217
"bonde1984",217
"glob1970",217
"graver2012",184
"ibsen2005",305
"junker2003",305
"berlin2003",305
"reichchr1995",305
"gotlands1995",305
"valujev1975",305
"wroblewski1963",305
"iineaa1994",305
"bogucki2011",288
"brather1953",288
"fomin1987",288
"jankowiak2015",288
"kara2009",288
"kiersnowski1961",288
"kilger2006",288
"kmietowicz1994",288
"ostergren2009",288
"petrov2014",288
"rebstock2008",288
"arne1946",210
"brady1999",210
"fennomuyingo1997",210
"hedenstiernajonson2001",210
"hedenstiernajonson2002",210
"holmquistolausson1998",210
"liden1997",210
"lovell1986",107
"peterson1987",210
"richards2001",118
"richards2006",1000
"soloman1971",210
"trust1992",210
"klaeso2001",230
"andren1984",230
"skibsted2002",230
"birka1992",66
"carnapbornheim2007",66
"capitularia1980",66
"ellmers2009",66
"gade1993",66
"geibig1989",66
"grierson1986",194
"hingst1958",66
"hornfuglesang2000",66
"hoven1990",66
"jankuhn1951",66
"jesch1998",66
"kersten1954",66
"kirpichnikov2001",66
"mullerwille2006",66
"nobbel1936",66
"rispling1990",66
"sawyer1987a",31
"schaefer1956",66
"schietzel1980",309
"schild1991",66
"solberg1991",66
"stalsberg2008",66
"steuer1999",66
"steuer2002",190
"wamers1995",66
"aarsleff2009",248
"blackburn1981b",248
"bolin1962",248
"cach1970",248
"carlson2010",248
"williams2006i",248
"dannenberg2002",248
"duczko2002",248
"galster1977",248
"grahamcampbell2011e",248
"grinderhansen1994",248
"hauberg1900",248
"havernick1935",248
"horsnaes2011",248
"horsnaes2012",248
"metcalf1994",248
"moesgaard2000",248
"morkholm1976",248
"north1989",248
"ostergren2011",248
"poulsen1979",248
"puhle2001",248
"skre2007p",248
"thorsen2006",248
"vennersdorf2006",248
"heijne1978",248
"wagnkilde1978",248
"watt1988",299
"watt1996",248
"reich2003",305
"valujev2005",305
"reich2005",305
"vonzurmuhlen1975",305
"wroblewski2006",318
"adger2013",73
"appelt2009",73
"arneborg1997",73
"arneborg2005",73
"barnett2015",73
"bentley2015",73
"boyd2011",73
"brace2011",73
"brody2001",73
"buckland2009",307
"butzer2012",73
"codding2015",73
"crumley1994a",73
"cumming2008",73
"golding2011",73
"golding2015",73
"gullov2004a",73
"halstead1989",73
"hayeursmith2016",73
"hoegsberg2014",73
"howard1993",73
"ingram2008",73
"jesch1989",73
"kendal2011",73
"kennett2015",73
"kopar2009",73
"kuijpers2014",73
"laland2006",73
"laland2011",73
"laland1999",73
"ledger2013",73
"ledger2014",73
"levistrauss1966",1001
"mason2007",73
"mcgovern1991",73
"meaks2005",73
"mehl2017",73
"middleton2017",73
"moltke2015",73
"myhre2004",73
"nedkvitne2014",73
"normandnd",73
"ostergard2011",73
"oye2004",73
"park2005",73
"reinton1960",73
"riede2009",74
"riede2011",73
"roesdahl2016",85
"rowleyconwy2013",73
"rowleyconwy2011",73
"roussell1941",73
"sandvik2005",73
"scott2008",73
"scott1992",73
"smith2011a",265
"sveinbjarnardottir1991",73
"svenning2015",73
"terrel2003",73
"thompson2013",73
"zeder2009",73
"zeder2015",73
"zeder2016",73
"thorsen2007",248
"wiechmann1996",190
"schulke2005",27
"andersson2015",92
"bjorkvik1970",92
"bjorkvik1972",219
"blochnakkerud1987",92
"brendalsmo2014",92
"brinchmadsen1995",92
"buchwald1999",92
"dorum2004",92
"englund2002",92
"hauge1946",219
"helle1974",219
"hostmadsen1999",92
"imsen1990",92
"imsennd",92
"indrelid2009",92
"jonsbok1904",92
"jakobsen1991",92
"knagenhjelm2008",1002
"krag2000",92
"loftsgarden2015",219
"martens1978",92
"olafsen1916",92
"pleiner2003",92
"ramsey2017",93
"reinton1956",92
"resi1992",92
"rundberget2013",219
"sandnes1977",92
"simonsen2001",92
"steinnes1930",92
"szmoniewski2010",92
"taksdal1973",92
"tveiten2012",219
"oye1977",92
"atkinson1996",128
"billig1995",128
"blindheim1953",128
"diazandreu1996",128
"eikrem2005",128
"eriksen1993",128
"fairclough1992",128
"gellner1983",128
"gjerde2010",128
"gjessing1928",128
"haavardsholm2004",128
"hesjedal2000",128
"hobsbawm1992",128
"hodder1984",128
"hougen1965",128
"harke1998",128
"jahnsen2015",128
"jones1996",128
"kjorup2001",128
"kristiansen1993",128
"laclau2001",128
"martens1960",128
"munch1985",128
"opedal1999",128
"paxton1999",128
"resi2000",137
"ringrose1993",128
"schanche1989",128
"shanks2001",128
"shetelig1910",128
"simonsen1967",128
"skre1991",128
"stenvik1980",128
"storli1991",167
"stylegar2009",128
"sorheim2011",51
"ucko1989",128
"wineburg1991",128
"ostigard2001",128
"biermann2007",27
"of2002",113
"ambrosiani1972",212
"stamnes2010",274
"arnberg1976",212
"brunstedt1996",212
"carlsson1997",212
"conyers2013",274
"dahlin2001",213
"hansson2004",213
"heamagi2006",213
"herschend1995",212
"hermodsson2004",212
"hjulstrom2008",212
"holmquistolausson1987",212
"ingelmansundberg1972",212
"derfruhgeschichtlichen1980",1003
"lamm2011",212
"larsson2014",212
"lofterud1970",213
"lohr1979",212
"olausson1921",212
"staecker2009",212
"soderberg2003",162
"trinks2008",213
"trinks2013",212
"viberg2011",274
"wadstein1936",212
"ungernd",212
"devlet2001",254
"london1964",254
"fedorova2001",254
"londonhelmbrecht2011",254
"kommunikationsmedien2001",254
"hoj2005",254
"hoj2011",254
"ostergard2008",254
"kastholm1974",254
"seid2009",254
"archaeologica2005",254
"lundhansen1973",254
"lundhansen1974",254
"lundhansen1979",254
"london2002",254
"eliade1964",254
"vestergaard2014",254
"arwidsson1984",280
"abrams2001",280
"abrams2005",280
"ayers1985",280
"ayers1994",280
"callmer1989",222
"cameron1975",280
"dallas1964",280
"dickinson1991",173
"eilbracht1999",280
"grahamcampbell1985a",280
"grahamcampbell1994",106
"hattatt1987",280
"madsen1987",280
"hinton1974",280
"hinton1975",319
"hinton1978",280
"kirk1927",280
"leahy2003",280
"leahy1997",280
"margeson1982",280
"margeson1996",280
"mason1997",280
"owencrocker2002",280
"paterson2004",280
"richardson1993",280
"rieck1982",1004
"roesdahl1981",280
"rogerson2006",280
"speed2004",108
"stamper2000",280
"wallis2004",280
"youngs2000",280
"youngs1995",280
"jeppesen2005",67
"mohrchristensen2009",212
"wilken2016",212
"birkas2016",212
"kohl1996",128
"st2008",28
"aqvist2004",28
"axboe1996",28
"st1996",28
"einarsson2008",1005
"ch2004",28
"holmqvist1961a",28
"holmqvist1964",28
"holmqvist1964a",28
"iversen2008",67
"lindqvist1929",28
"imsen2004",92
"volundarkvida1971",30
"voluspa1971",30
"anderson2007",30
"behrend1970",32
"berggren2006",30
"boyenda",206
"bradley1990",30
"bruck2005",30
"bruck2007",41
"bardseth1998",30
"fowler2001",30
"fredengren2002",30
"fuglesang2002",30
"geisslinger1967",30
"green1998",191
"hauck1981",47
"helgesson1992",30
"herschend2001",34
"hvid2005",30
"iversen1986",30
"jensen1942",30
"kilfeather2003",30
"kousgardsorensen1968",30
"kousgardsorensen1978",30
"lakoff1999",41
"lethlarsen1984",206
"merleauponty1962",41
"meulengrachtsorensen1995",269
"munksgaard1984",206
"needham2001",30
"nordell1991",30
"phillips2002",30
"rowlands1971",30
"seremetakis1994",30
"stutz2004",40
"thunmarknylen1989",30
"vandenoort2006",30
"vigfussonnd",30
"warmind2004",30
"wiker2000",32
"zachrisson1962",206
"baatz1976",44
"beresford1987",118
"bican2014",44
"boethius1931",44
"devries1935",44
"ericsson1992",44
"fuglsang2015",44
"hanson1995",44
"haseloff1942",44
"holtsmark1970",44
"hopetaylor1950",44
"jessen2011",44
"kalmring2014a",44
"kuhn1995",44
"lindqvist1923",44
"middleton2005",55
"mikkelsen1991",44
"nasman2001",44
"oelmann1933",44
"oelmann1940",44
"olesen2015",44
"olsen1967",44
"palm1937",44
"rosborn2004",44
"ruhmann2004",44
"sawyer1986",44
"schafer1977",44
"skov1992",44
"sundqvist2006",44
"sundqvist2009",44
"terkildsen2014",44
"terkildsen2015",44
"tornbjerg1997",266
"vikstrand2004",44
"hallstrom1913",213
"holmquist2002",213
"aarts2005",120
"aarts2009",120
"barndon2004",104
"berg1989",120
"berger1996",120
"bertell2003",120
"budd1995",120
"christophersen1992",120
"creighton2000",120
"dant1999",120
"davies1996",120
"deetz1996",120
"fitzpatrick2005",120
"galloway2006",120
"grierson1960",120
"haaland2004",120
"hall1999",120
"haselgrove2005",120
"hedjakobsson1999",120
"herbert1993",120
"hosler1995",120
"houston2000",120
"insoll2007",120
"kemmers2006",120
"klussendorf2007",120
"kok2008",120
"kurke1999",120
"lightfoot1995",120
"makeler2010",120
"marques2007",120
"martin1991",120
"merleauponty1944",120
"miller1998",120
"mithen2008",120
"morris1992",228
"myrberg2010",120
"nash1978",120
"nick2005",120
"oden2009",120
"papadopoulos1999",120
"petersson1948",120
"przybyszewski2007",120
"rathje2001",120
"renfrew2009",120
"rickman1980",120
"seaford2004",120
"small1995",120
"thomsennd",120
"vanarsdell1989",120
"vonreden1995",120
"white1988",84
"wiggwolf2005",120
"zach2005",120
"zanker1987",120
"jane2008",280
"adalsteinsson1999",130
"agustsson1982",130
"birkeli1973",130
"brink2013",130
"byock2005",36
"christie1982",130
"colman1995",130
"deetz1977",130
"didiplomatariumislandicumnd",130
"edwald2012",130
"foucault1977",130
"foucault1982",130
"foucault1988",130
"foucault1994",130
"fridriksson2011",228
"giddens1984",130
"gilchrist2008",36
"gilchrist2012",130
"gullbekk2012",7
"hall2012",130
"hugason2000",36
"isleifsdottir1997",130
"islendingabok1968",228
"jensen2013",22
"jensenius2001",130
"jonsson2009",36
"jorgensen2004",130
"karlsson2001",130
"karras2003",130
"karras2012",130
"kristjansdottir2012",130
"kristjansdottir2001",130
"lane2001",130
"larusson1980",130
"loren2006",130
"lynn1984",130
"magnusdottir2001",130
"magnusson1972",1006
"nilsson1994",36
"nordeide2013",1007
"prescott2011",130
"jones2003",130
"runarsdottir2006",130
"russell2005",130
"salonen2013",130
"sigurdsson2008",6
"sigurdsson2011",106
"slupeki2007",130
"spivak1988",130
"stefansson2000",130
"soland2000",130
"young2009",94
"zoega2002",130
"zoega2012",36
"zoega2010",36
"clarke2004",28
"lindblad1999",28
"norlund1935",28
"sorensen1981",30
"almgren1901",208
"ambrosiani1991",85
"ambrosiani1973",208
"anspach2010",137
"beskowsjoberg1996",208
"brucemitford1967",208
"delaet1956",208
"ellmers1995",208
"falk1912",208
"graslund2003",208
"hedeagerkrag2004",208
"holgersson2001",208
"jonssonnd",208
"kalmring2015",208
"karlsson2011",208
"kidd1988",208
"sjovold1957",208
"westphalen2002",68
"bianchi2010",31
"enoksen1999",31
"fuglesang1981",31
"fuglesang2005",31
"gadamer1960",5
"gilchrist2013",5
"jacobsen1941",20
"knutzen2005",31
"knutzen2007",31
"kohring2014",31
"lager2003",297
"ljung2016",21
"malafouris2013",31
"merleauponty1994",120
"moser1998",31
"moser2005",31
"olick1999",5
"olsen1941",296
"petursdottir2012",12
"robb2009",31
"shaw2013",31
"smestad1988",31
"steinsland2014",31
"stromback1969",31
"tarlow2012",31
"thorn2002",31
"oebynielsen2005",31
"ambrosiani1982",213
"arwidsson1984a",85
"bengtzon2000",213
"blomqvist2009",213
"bolin2008",213
"back2010",263
"voncarnapbornheim2011",213
"conolly2006",213
"dahlin1999",213
"odelberg1974",213
"olausson2012",213
"persson2002",213
"rijksmuseumvanoudheden2010",213
"rosen2002",213
"price1990",213
"stavrum1996",213
"stalberg1999",213
"soderberg1996",104
"trinks2010",274
"wiklund2009",213
"wahlander1997",213
"kovalenko2007",303
"kovalenko2008",303
"kovalenko2003",303
"arbman2003",303
"arne1931",303
"blifeld1977",326
"budur2007",303
"bulgakova1999",303
"camer1968",303
"cherrman1986",303
"devidson2008",303
"gurevic1966",303
"gurevic1999",303
"herrman1982",303
"kirpicnikov1986",303
"kovalenko1988",303
"kovalenko1994",303
"kovalenko1996",303
"kovalenko1999",303
"kovalenko2000",303
"kovalenko2001",303
"kovalenko2002",303
"kovalenko2005",303
"kovalenko2009",303
"kulakov1990",303
"kulakov1994",303
"lebedev1965",303
"lovmjanskij1985",303
"melnikova1994",303
"mocja2001",303
"musset1971",303
"puskina1972",303
"scavelev2007",303
"scavelev2009",303
"sinakov2002",303
"smolicev1931",303
"veremejcik2007",303
"zocenko1996",303
"thunmarknylen2000",208
"wisehn1999",208
"stalberg2000",302
"ashmore2003",201
"backlund2001",201
"barnes2006",201
"barrett2005",201
"bradley1987",141
"card2005",201
"charleson1905",201
"crawford2006",201
"fanning1983",201
"firth1986",201
"gammeltoft2006",201
"garrow2005",201
"gibbon2008",201
"griiths2006",201
"griiths2011",201
"hedges1983",201
"hermann1978",201
"hunter1986",201
"hunter2003",201
"jesch2005",201
"laughlin1974",201
"leonard2010",201
"lucy2002",201
"maher2009",201
"marwick1952",201
"marwick1970",201
"milner2007",107
"morris1989",319
"nicolaisen1976",201
"renfrew1979",201
"ritchie1995",201
"robertson1991",201
"sandnes2010",201
"semple2007",201
"simon1987",201
"simpson1997",201
"wallacend",201
"wickhamjones2001",201
"williams2009",199
"biddle1991",205
"flanagan1999",205
"elder2007",205
"kelly1956",205
"kelly1961",205
"corrain1996",205
"channing1996",205
"wallace1967",205
"afm1908",205
"fellowsjensen1991",205
"mahr1929",205
"mckeown1956",205
"floinn1998",205
"hayden1998",205
"simpson2008",205
"lantmateriet2009",213
"ameziane2004",180
"arwillnordbladh2001",180
"hansson2012",180
"peter2015",1008
"petersen1908",180
"solberg1984",180
"backdanielsson2015a",37
"riisoy2015",180
"wulffandersen1995",180
"homson1995",201
"homson2001",201
"akin1999",190
"blackburn1997",190
"bogucki2007",110
"chesterkadwell2009",190
"frier2007",190
"kilger2011",190
"kroll2008",190
"kruse1988",194
"kruse1992",195
"kuroda2008",190
"metcalf1985",190
"naismith2005",190
"pedersen2007",137
"pirie1986",142
"feveile1995",205
"bill2006",205
"sloane2011",205
"halpin2001",205
"kelly2004",205
"kelly2010",205
"lynch2001",205
"alstrom1993",237
"andersson1983",237
"arrhenius1982",237
"beronius2011",237
"beronius2013",237
"ekman2000",237
"frolund2010",42
"frolund2013",237
"frolund2011",22
"goldina2003",237
"gothberg2014",237
"hansson2001",237
"kazanski2007",113
"lindqvist1945",237
"lindqvist1949",237
"ljungkvist2013",162
"loven2010",237
"lucas2013",237
"lundahl2012",237
"nordahl1993",42
"olausson1966",237
"runer2006",237
"trinks2011",237
"vikstrand2013",22
"aberg1947",237
"leslie1908",205
"simpson2015",205
"hogan1910",205
"mullerwille1997",284
"berglund2000",284
"coupland1990",284
"hellberg1979",284
"hilberg2011",68
"hinz1981",284
"strukturella1974",284
"iversen1984",284
"kaland1932",284
"sorensen1992",284
"pesch2011",284
"schovsbo2010",284
"willroth1992",284
"aberg1998",1009
"ambrose1991",1010
"ambrose1987",1011
"arneborg1999c",107
"barrett1995",1012
"bell2009",1013
"bell2010",141
"bendrey2009",1014
"bentley2005",1015
"bentley2002",148
"bowen2002",1016
"geologicalsurvey2010",1017
"bryant1996",102
"budd2000",175
"budd2003",1018
"burke1982",1019
"burton1996",1020
"burton1990",1021
"burton2000",1022
"burton1995",1023
"burton2003",1024
"calvin1962",1025
"cameron2007",1026
"carr1962",1027
"chisholm1982",107
"clayton1963",1028
"coltrain2009",1029
"coplen1994",1030
"coplen1983",1031
"craig1961",1032
"daly2010",229
"darbyshire1985",229
"deniro1978",229
"deniro1981",229
"dickin1997",229
"drury1973",229
"dupras2007",229
"dupras2001",229
"eckhardt2009",229
"elias1980",229
"ezzo1994",229
"ezzo1995",229
"fuller2006",229
"gallet1998",229
"gonfiantini2001",229
"halpin1993",229
"hatch1966",229
"hatch1967",229
"herring1998",229
"hobson2004",229
"holm2000",229
"hurley2010",118
"iacumin1996",229
"jim2004",229
"kellner2007",229
"knudson2009",229
"koch1997",229
"kortshack1965",229
"lang1988",229
"leach2009",148
"leach2010",229
"leethorp1991",229
"linderholm2011",229
"luz1985",175
"luz1984",175
"muller2003",229
"mcarthur2001",229
"mccabe2007",229
"mccormick1982",229
"minagawa1984",107
"muldner2011",1033
"negrel2003",1034
"nehlich2009",1035
"obrien1998",229
"oconnor1988",229
"odonnabhain2010",229
"odonnabhain2011",229
"odonnabhain2001",229
"oconnor1982",229
"price1985",202
"price1986",229
"ranson1960",229
"read1934",229
"schoeninger1978",229
"schoeninger1979",229
"schoeninger1983",107
"schurr1998",229
"schutkowski1999",229
"sexton1998",229
"shaw2009",229
"shaw2010",229
"sikora2010",229
"sikora2011",229
"sillen1989",229
"sillen1991",229
"sykes2006",229
"tieszen1992",229
"veizer1989",175
"wallace2006",314
"wallace1994",229
"whipkey2000",229
"white2000",202
"wilson1977",229
"wolfe2001",229
"wright2005",229
"wright1998",229
"karkanas2010",136
"macphail2005",243
"carter1998",243
"axboe1986",46
"broholm1940",46
"danielsson2007",12
"danielsson2010",46
"hauck1978",47
"holmqvist1960",46
"iversen1991a",49
"lamm2004a",46
"mannering2004",46
"mannering2006",46
"mannering2008",46
"mellend",46
"nasstrom1998",46
"nasstrom2009",46
"owencrocker2010",46
"simek2002",46
"stamsomunch2003",46
"watt1999",46
"watt2001",46
"olausson2014a",237
"klaesoe2010",106
"capelli2003",257
"chinnery2006",106
"brochmann2008",106
"benedictow2004",93
"russ2013",106
"malmstrom2007",106
"salamon2005",106
"binladen2007",106
"behar2007",106
"prieto2011",106
"core2011",106
"helgason2007",107
"anderson1981",106
"andrews1999",107
"venables2002",106
"pfeiffer1999",106
"meinila2001",106
"cardoso2011",106
"dupuy1996",107
"richard2007",106
"tambets2004",106
"metspalu2006",106
"melchior2010",106
"dissing2007",106
"torroni1996",106
"zachrisson2008",106
"derenko2007",106
"schonberg2011",106
"brink1999",284
"brink2000",284
"brink2004d",251
"dent1984",32
"dinzelbacher1984",32
"frandsen1999",32
"hines1989",32
"hoff1997",297
"jahnkuhn1951",32
"jerichow1997",32
"john1991",32
"lager2001",32
"liestol1972",32
"lonaas2004",32
"richards1990",32
"rudebeck2002",32
"steinsland1995",32
"stidsing1999",32
"wilke1999",32
"ostmo2005",32
"raddatz1967",284
"gebuhr2000",284
"hultkrantz1991",19
"lund2001",19
"lenntorp2002",19
"nasman1998",1036
"nordberg2003",183
"grammaticus1924",19
"sundqvist2004",22
"vierck1979",21
"vifot1936",50
"ljungkvist2015c",1037
"hedenstiernajonson2009",149
"nmd1919",32
"habbe2004",32
"gjellerup1973",32
"tilley1993",32
"bonnier1994",32
"caillet1985",32
"collinder1972",32
"hansen1992",32
"fabech1989",32
"john1987",32
"larsson1976",32
"ljungkvist2004a",32
"musset1992",1038
"nasstrom1997",32
"olsen2002",121
"ravn1999",32
"ritchie1993",32
"stiesdal1952",32
"nordman1924",287
"tonisson1970",287
"molvogin1978",287
"lind2004",264
"mortensen1979",19
"zeitler1979",19
"braadmoen2013",106
"ahrland2013",236
"aronsson1994",236
"bell2012",236
"emanuelsson2003",294
"george2009",236
"grimm2013",236
"harding1992",236
"harding1997",236
"jennbert2000",236
"karlsson2010",236
"lagerstedt2004",236
"liedgren1992",236
"lindholm2013",236
"magnell2013",236
"myrstad1996",236
"nyren2012",236
"petre1980",236
"ramqvist2007",236
"ramqvist1993",236
"risbol2011",13
"serning1962",236
"sleepersmith2009",236
"stene2011",236
"storli1993",236
"sundstrom1987",236
"svensson1998",236
"svensson2013",1039
"zachrisson2010",50
"zachrisson1974",236
"ambrose1990",107
"ambrose1997a",175
"andersen1960",41
"bandelt2006",107
"barrett1999",1040
"barrett2000b",107
"bocherens2003",107
"brinkmann1999",107
"deniro1985",107
"eriksson2013",107
"hagelberg1991",107
"hemmendorff1984",107
"holck1997",107
"holck1983",107
"mikkelsen2010",107
"nei1987",107
"opdal1998",107
"paabo1989",107
"ramskou1965",107
"richards1995",107
"rosvold2010",107
"rudbeck2005",107
"sandmo1985",107
"sandmo1984",107
"topf2006",107
"zachrisson2003",20
"cardon2001",257
"marchini2004",257
"bodmer2008",257
"cavallisforza1994",257
"quintanamurci1999",257
"conrad2006",257
"botigue2013",257
"ralph2013",257
"hellenthal2008",257
"odushlaine2010",257
"winney2012",257
"lawson2012",257
"alexander2009",257
"pirinen2013",257
"wilson2001",257
"wells2001",257
"pritchard2000",257
"bodmer1980",257
"howie2009",257
"wright1943",257
"rousset2004",257
"lawson1995",257
"bhatia2013",257
"pritchard2001",257
"moorjani2011",257
"falush2003",257
"aikas2009",40
"aikas2013",40
"backman1975",298
"berggren2010",40
"bergman2008",236
"brightman2012",34
"chapman2000",167
"clavir2002",40
"descola1992",40
"descola2013",34
"dubois1999",49
"edvinger2006",40
"hallstrom1932",40
"helanderrenvall2010",40
"hultkrantz1994",40
"humphrey1994",40
"hutton2001",40
"jernsletten2006",40
"jordan2003",34
"levy1982",30
"lund2011",267
"makarov1991",167
"manker1938",40
"manker1950",40
"manker1957",298
"mauss1924",30
"melheim1999",30
"mulk1996",167
"mundal1996",40
"nergard2003",40
"okkonen2007",40
"orsneschristensen1956",40
"parpola2004",40
"rindstad1997",40
"rostad2012",186
"serning1957",40
"sommerseth2009",10
"svestad2011",40
"viveirosdecastro1998",40
"wallerstrom1995",291
"willerslev2007",40
"zachrisson1992",40
"havamal1971",41
"skaldskaparmal1931",41
"andersen1977a",41
"binski1996",41
"borsheim2002",151
"bourdieu1996",41
"boyendb",41
"bynum1991",41
"februar1977",41
"cinthio1980",41
"cinthio2002",41
"eide1973",41
"fett1961",41
"fowler2011",41
"fredriksen2006",41
"gilchrist2005",36
"hadley2009",41
"hadley2011",1041
"harby1994",41
"holloway2010",36
"hougen1935",41
"jeppesen1995a",41
"kiefferolsen1993",1042
"kristoffersen2008",37
"larsson2002",41
"lund2003e",41
"martensson1981",41
"s1992",41
"nordeide2007",41
"rebaysalisbury2010",41
"reynolds2011",191
"schulke1999",12
"serning1982",41
"shetelig1912",49
"thompson2004",160
"wagnkilde2000",299
"wagnkilde2001",299
"swedishspeciesinformationcentre2014",236
"adalsteinsson1997",239
"bloch1992",239
"bruun1909",239
"bruun1910",239
"bruun1911",239
"buckert1983",239
"byock1982",239
"deheusch1985",239
"detienne1989",239
"dillmann1997",239
"fridriksson2004",141
"gestsdottir2005",239
"girard1979",239
"hamertonkelly1987",239
"hildebrandt1989",48
"hubertnd",239
"jam1943",239
"jones1984",148
"lucas2006",239
"miller1998a",239
"miller1990",195
"monsen2004",239
"nasstrom1996",48
"nobis1962",239
"nordahl1988",246
"olsen1965",301
"peel1999",239
"roberts2001",75
"robertsonnd",239
"roesdahl1989",239
"roussell1937",239
"steinsland2003",239
"thomas2005",239
"turner1969",298
"vangiffen1963",239
"vondendriesch1976",239
"gudmundsdottir2015",47
"ahlberg1978",1043
"akerstromhougen1981",1044
"althaus1993",47
"andersson1968",47
"andreeff2014",47
"andren2012a",47
"bailey1996",47
"bailey2000",47
"bailey1988",47
"beck1964",47
"bergmann1941",1045
"blindheim1972",47
"bohner1976",47
"bottgerniedenzu1988",1046
"buggend",1047
"calverleynd",47
"cumont1942",47
"devries1933",47
"diazguardamino2015",1048
"egeler2015",47
"ellisdavidson1950",47
"ellisdavidson1969",47
"ellisdavidson1988",47
"ellmers1973",1049
"ellmers1981",47
"ellmers1986",47
"eshleman1983",47
"faulkes2005",1050
"fingerlin2010",47
"fuglesang2004",47
"graus1977",47
"guber2011",47
"hauck1954",47
"hauck1957",47
"hauck1980",47
"hauck1983",47
"hauck1994",47
"heinzle2010",47
"holmqvist1939",47
"holmqvist1952",47
"hyenstrand1989",47
"kopar2012",47
"kreutzer1989",1051
"lang1983",47
"lehnen1997",1052
"lindqvist1956",1053
"lindqvist1962",47
"malzbender2001",1054
"earl2010",1055
"margeson1980",47
"marold1972",1056
"mundal1998",47
"neckel1983",47
"nedoma1988",47
"nordin1903",1057
"north2001",47
"nylen1960",1058
"nylen2003",323
"oehrl2006",47
"oehrl2010",1059
"oehrl2011",47
"oehrl2012",323
"oehrl2013",47
"oehrl2014",47
"oehrl2015",47
"oehrl2016",47
"olrik1922",47
"quast2009",47
"reichert2003",47
"reitzenstein1924",47
"remondino2014",1060
"samson2011",1061
"schreiner2000",47
"schreiner2004",47
"vonsee1981",47
"vonsee2009",47
"shetelig1933",47
"simonsson2012",1062
"speidel2004",1063
"stephensnd",1064
"strom1956",47
"swanstrom2010",1065
"vierck2002",1066
"weber1973",1067
"widerstrom2012",1068
"wilson1998",47
"zimmermann2012",1069
"petursdottir2007",12
"tonning2003",12
"aannestad2017",6
"blindheim1963",12
"butler1990",1070
"crenshaw1989",12
"danielsson2012",12
"ekengren2004",12
"fahlander2012",12
"fossum1996",13
"gilchrist1999",6
"glorstad2009",12
"gollwitzer1997",12
"magusnd",12
"pantman2014",35
"pedersen2011",182
"petursdottir2009",12
"prescott1998",12
"samdal2005",12
"svensson2003",12
"thedeen2012",83
"villa2011",12
"fagerlund1993",42
"gothberg2006",42
"gothberg2007",42
"fagerlund2005",42
"gothberg2008",42
"alstrom1996",42
"anund1997",42
"berggren1991",42
"elgh1994",42
"frolund2005",42
"frolund2000",42
"hedlund1992",42
"ljungkvist2000",42
"mattsgarden2000",42
"rahmqvist1986",42
"stromback1971",42
"eckmann2004",42
"deweirdt2011",42
"marx2011",42
"skvorzov2011",42
"alving1935",33
"burenhult1991",33
"collinder1954",33
"vidarhreinsson1997",33
"hauck1972",33
"hyenstrand1996",33
"karlsson1983",33
"leyerle1967",33
"linderholm1918",33
"salin1922",33
"thomasdotterjakobsson1992",33
"tilley1999",33
"wiell2003",33
"wrenn1996",33
"weiss2004",42
"wiegels2004",42
"woltermann2004",42
"zeilier2004",42
"zwertvaegher2004",42
"london1971",42
"oxford2005",42
"blindheim1962",206
"crusden1965",206
"eddadigte1971",206
"egebjerghansen1989",206
"engberg1995",206
"mitchell1977",206
"grieg1920",206
"holmolsen1975",206
"jansson1995",206
"johansson1992",206
"kyhlberg1975",206
"lagersted1999",206
"lampe1993",206
"leahy1995",206
"meulengrachtsorensen1991",251
"motz1983",206
"needham1967",206
"ofloinn1994",206
"ramskou1964",206
"schjodt1994",206
"alving1965",33
"collinder1988",33
"wrenn1998",33
"aldritt2003",1071
"allison1997",117
"arnold1999",117
"batey1993",117
"batey2003",117
"beuermann2011",117
"bjorkanbukkemoen2017",117
"bond2007",117
"crawford1983",117
"crawford2013",117
"crossleyholland1982",117
"cussans2010",117
"cussans2015",117
"dietler2001",307
"fraser2009",117
"greenacre2007",117
"griffiths2009",117
"gudmundsson1993",117
"halstead2012",117
"harland2006",117
"harland2012",1072
"hastorf2017",117
"hayden2001",307
"hedeager2012a",191
"hermannson2011",117
"jervis2018",117
"jinenez2011",117
"jones2018",117
"madgwick2015",117
"mainland2016",117
"mainland2003",117
"mccormick2002",117
"mccormick2014",117
"mcgovern2010",117
"montgomery2017",117
"morris1996",117
"mulville1999",117
"nicholson2010",117
"noble2013",117
"noddle1997",117
"noddle1977",117
"oconnor2010",117
"oram2015",117
"palsson1978",1073
"pollock2012",117
"rackham1996",117
"rowleyconwy1983",117
"rowleyconwy2018",117
"seller1986",117
"serjeantson2007",117
"sharples1998",117
"sykes2010",117
"terbraak2002",117
"woolgar2016",117
"backhouse1984",30
"barrettnd",30
"cohen2003",30
"drachmann1967",30
"gansum2002",270
"hodges1905",30
"idsoe2004",30
"ilkjaer2003",30
"lund2007",30
"morris1983",191
"murphy1992",30
"mullernda",30
"nasstrom1944",30
"osborne2004",30
"osullivan2000",30
"owencrocker1919",30
"petts2003",30
"sanmark2008",191
"sanmark2010",265
"semple1998",191
"simek1983",30
"swanton1974",30
"welinder1992",301
"wellendorf2006",30
"wilson1964",30
"magnus2010",12
"svenberg1984",48
"berg1986",48
"blumenschine1996",48
"boessneck1964",48
"brink1990",48
"bronkramsey2005",48
"brown1960",48
"carter2007",48
"dahlander1916",48
"ekman1973",48
"ekman1974",48
"ekman1984",48
"fagerborg1986",48
"graslund1996",48
"hemmendorff2010",48
"holm2006",48
"holmgren1985",48
"hultcrantz1996",48
"insulander1956",48
"iregren1997",48
"jakobsson1997",48
"lauwerier1983",48
"lemel1999",48
"lindeblad1997",48
"lyman1994",48
"magnell2004",48
"magnell2006",48
"nathorstnd",48
"nordberg2006",22
"nordenram2001",48
"nasstrom1988",48
"paulssonholmberg1997",48
"payne1985",48
"richter1982",48
"rossdale1996",48
"rudebeck2010",48
"sandegren1997",48
"sjodin1980",48
"thilderqvist2005",48
"vikstrand1993",48
"wallin1990",48
"welinder2003",48
"welinder2008",48
"zeder2010",48
"karnell2012",1074
"bailey2003",1075
"capelle2003",255
"romersdal1961",250
"nasman1942",250
"schnittger1912",250
"brondsted1942",250
"axboe2007",250
"corsten1991",250
"fuglesang2006",250
"nordeide1948",250
"ringstad1988",250
"staecker1990",250
"stoklund2001",250
"strom1984",250
"wamers1997",289
"mainz1997",250
"westlund1989",250
"zeiten2002",250
"zemitis1997",250
"haugbui1924",34
"islendingadrapa1973",34
"andrea2010",297
"beck1978",34
"brown1981",228
"decastro2015",34
"descola2010",34
"drachmann1969",34
"fowler2013",34
"gansum1999",34
"geary1979",34
"geary1986",34
"geary1990",34
"harris1985",34
"hastrup2013",34
"skre1996",5
"vigfussonnda",34
"weismantel2015",34
"rigsthula1960",1076
"bekpedersen1943",1077
"agnarsdottir1983",1078
"bartram1991",1079
"berson2002",1080
"birch2009",1081
"buckland1985",246
"byock2004",1082
"christensen1990",1083
"deal1985",1084
"deboer1979",1085
"donat1980",1086
"edvardsson2003",1087
"einarsson1992",1088
"eldjarn1949",178
"eldjarn1961",178
"eldjarn1974",178
"erlingssonnd",178
"evans1967",246
"foote1977",178
"fridriksson1997",178
"gifford1980",178
"gudrun2008",178
"gronvold1980",246
"gronlie2006",178
"gudmundssonnd",178
"hayden1983",178
"hermannsaudardottir1989",178
"hinz1989",178
"hoffmann1964",178
"iceland1985",178
"ingimundarson1992",178
"jones1944",178
"kobylinski1997",178
"kuna2005",178
"lamotta1999",246
"lange1972",246
"magnusson1983",178
"meier1984",178
"milek2010",178
"milek2011a",178
"milek1997",178
"murphy1986",246
"murray1980",178
"nelson1999",178
"nelson1996",246
"oconnell1987",178
"okelly1954",178
"olafsdottir1974",178
"olafsson1992",178
"olafsson1998",178
"olafsson2001",178
"page1995",318
"stead1982",246
"stein1989",178
"stevenson1982",246
"takacs1968",178
"taylor1956",178
"tesch1993",178
"thorlaksson2000",178
"urbanczyk1997",178
"urbanczyk2002",178
"urbanczyk2001",178
"urbanczyk2003",178
"urbanczyk2006",178
"pierce1998",246
"rafnsson1977",178
"reimer2009",178
"roberts1943",178
"shetelig1937",246
"sigurgeirsson2008",281
"simms1988",178
"snaesdottir1992",178
"hammarberg1985",301
"thrane1973",152
"samdal2000",250
"moesgaard2004",250
"steinsland1990",250
"artelius2000",22
"artelius1994",5
"bordo2008",5
"bourdieu1999",5
"broome2015",5
"hedeager2014",5
"jansson2005",5
"leach1958",5
"rydh1919",5
"rydh1936",289
"salin1959",160
"skoglund2005",5
"solberg1993",5
"sten2001",5
"vretemark1983",5
"wallacehadrill1962",5
"wehlin2013",5
"baron2014",135
"baron2006",135
"baron2009",135
"beagrie1989",135
"bielicki1991",135
"billstrom1990",135
"bjorlykke1982",135
"bjorlykke1990",135
"bjorlykke1993",135
"blanchard2001",135
"bode2008",135
"bode2009",135
"boni2000",135
"brooks2004",135
"capelle1976",135
"chen2012",135
"chernyshev2008",135
"chugayev2010",135
"chugayev2013",135
"duralimuller2005",135
"gale1992",135
"guenettebeck2009",135
"guy1981",135
"homer1991",135
"hohndorf1986",135
"johansson1983",135
"johansson1984",135
"johansson1985",135
"karakaya1988",135
"kirnbauer2012",135
"kramers1997",135
"leveque1993",135
"loveluck1998",135
"merkel2015",135
"mirnejad2011",135
"nicolaysenndi",135
"nilsen1991",135
"nriagu1983",135
"penhallurick1986",135
"petersen1995",135
"pollard2008",135
"rohl1996",135
"rohl1998",135
"sayre2001",135
"shepherd1993",135
"sjastad2011",135
"stacey1975",135
"stosgale2004",135
"stosgale1997",135
"sundblad1994",135
"tereygeol2005",135
"timberlake2005",135
"trincherini2009",135
"tylecote1992",135
"villa2009",135
"wedepohl1978",135
"kershaw1990",198
"hadley2008",83
"alexander1987",198
"carter1969",198
"mckinley2000",198
"budd1999",198
"benedictow1992",74
"brothwell1998",74
"crumlinpedersen1992",74
"bacco2006",74
"dunnell1999",74
"dyke1984",74
"gad1984",74
"geist1978",74
"halstead1989a",74
"janssen2003",74
"jones1986",278
"keller1984",74
"premo2010",74
"thorarinsson1961",156
"weiss1976",74
"abels1988",141
"geller2005",198
"campbell2001",198
"richards2011",198
"rollason2000",198
"blackburn2005",75
"mckinley2003",198
"avery1990",136
"babel1975",136
"barrat1964",136
"bell1996",136
"bell2000",136
"biddulph2012",136
"boorman2002",136
"breuningmadsen2001",136
"breuningmadsen2003",136
"catt1986",136
"courty2001",136
"crowther1996",136
"cruise2000",136
"engelmark1993",136
"engelmark2008",136
"holden1994",136
"kelley2010",136
"kooistra1978",136
"linderholm2007",136
"linderholm2013",136
"macphail2000",136
"macphail2009",136
"macphail2012",136
"macphail1998",136
"niblett1999",136
"reineck1986",136
"rentzel1999",136
"rosenqvist1958",136
"stoops2010",136
"thirly2006",136
"veneman1984",136
"viklund2013",136
"wilkinson2012",136
"ipccrkpachauri2014",115
"reckin2013",115
"dixon2014",93
"lee2017",115
"farbregd2009",115
"callanan2016",115
"finstad2008",129
"vedeler2013",115
"hafner2015",93
"kelly2013",115
"fehrenschmitz2014",115
"hare2012",115
"haas2017",115
"barbier2011",1089
"orengo2013",115
"hjelle2015",93
"indrelid2011",98
"pluskowski2013",115
"indrelid2015",115
"beijersbergen2017",115
"vorren1998",115
"stene2015",93
"benn2010",115
"odegard2017",93
"young2012",115
"helama2012",115
"linderholm2010",115
"matthews2008",93
"bevanger2004",115
"kullman1994",115
"williams2012",115
"armit2014",115
"mann2015",115
"callanan2013",115
"callanan2015",115
"arjava2005",115
"graslund2012a",99
"buntgen2017",115
"nesje2009",115
"villumsen2016",115
"hoeg2014",115
"howardjohnston1998",115
"barrett2016",1090
"barth1983",115
"walloe2010",115
"meldgaard1965",74
"majchczack2014",320
"berger1970",320
"hatz2001",320
"bantelmann1967",320
"braren1935",320
"kersten1958",320
"segschneider2009",1091
"majchczack1967",320
"beseler1982",320
"erdmann2001",320
"jons2014",320
"laur1959",320
"segschneider2004",320
"stilke2001",320
"stumpel2009",320
"wunderlich2013",320
"fell1993",45
"gamble2001",45
"jakobsson1992",181
"mortensen1988b",45
"price1995",45
"stromback1935",45
"wheeler1954",45
"wilson1996",112
"anttonen1992",298
"baudou1993",298
"baylisssmith1998",298
"bergman1995",298
"bradley1997",298
"douglas1966",298
"fellman1906",298
"gennep1909",298
"harrison1903",298
"helskog1999",298
"hultkrantz1978",298
"insoll2004",298
"jordan2001",298
"kleppe2006",298
"laestadius2002",298
"lahelma2005",298
"mebius1968",298
"baylisssmith2001",298
"napolskikh1992",298
"nordbladh1980",298
"pettersson1957",298
"ramqvist2002",298
"rank1955",298
"rydving1993",298
"sammallahti1982",298
"schanche1995",298
"solem1933",298
"taavitsainen2003",298
"terebikhin1993",298
"tilley1991",298
"trubshaw1995",298
"turner1978",298
"uibopuu1988",298
"wiik2000",298
"vorren1978",298
"gojda1991",178
"jezek2002",178
"ruttkay2002",178
"takacs2002",178
"magnusson1973",178
"edvardsson2007",178
"oye1988",178
"stenberger1979a",178
"giffordgonzalez1985",178
"buckland1989",246
"stead1981",246
"karras1988",228
"jochens1995d",45
"gudmundsson2009a",178
"skjelsvik1958",136
"schindler1956",320
"amundsen2004",246
"arnalds1995",246
"canti1999",246
"canti2003",155
"carr1984",246
"hakbijl2002",246
"hreidarsdottir2005",246
"johnson1974",246
"malinskybuller2011",246
"matthews1997",155
"mehler2002",246
"misarti2011",246
"roberts2003",246
"rolfsen1980",246
"sampietro2005",246
"shahackgross2005",246
"shahackgross2008",246
"shillito2011",246
"smith2001",94
"snaesdottir2003",246
"stein1983",246
"stockton1973",246
"sullivan2004",246
"tani1995",246
"terry2004",246
"tinsley2002",246
"vizcaino1999",246
"vyncke2011",246
"wandsnider1996",246
"wilk1979",246
"zielinski1997",281
"brughmans2012",173
"collar2015",173
"coole2010",173
"curta2006",173
"curta2008",173
"curta2010",173
"effros2004",173
"fuchs1950",173
"gauss2009",173
"geary2002",173
"goffart2006",173
"hakenbeck2007",173
"halsall1992",173
"holmes2018",173
"ingold2012",173
"koch1998",173
"kuhn1965",173
"kuhn1974",173
"leigh1980",173
"martin2015",173
"martin2019",173
"mills2017",173
"mol2007",173
"neumeister2014",173
"nissenfett1934",173
"nocaj2015",173
"parfitt1994",173
"parfitt1997",173
"pedersen2018",173
"pohl2002",173
"rostad1904",173
"stoodley1999",160
"straume1987",173
"suzuki2008",173
"theune2014",173
"vanoyen2011",173
"vanoyen2013",173
"vanoyen2016",173
"werner1947",173
"andersson2008f",102
"back2008",22
"frioriksson2013",36
"gunnell1995",49
"gunnell2004",102
"gunnell2008",102
"harris2000",102
"hallansstenholm2010",102
"lihammer2012",102
"pentz2013",102
"philipotts1920",102
"roberts2009",102
"sjosvard1989",102
"svensson2010",22
"vikstrand2010",102
"wessman2010",37
"wessen2002",310
"blomkvist1999",310
"brink2005",310
"caldwell2003",310
"lerbom1915",310
"nyberg1976",310
"olsson1984",310
"ortved1933",310
"rafnsson1974",310
"rosen1949",310
"ruthstrom1988",310
"ronnby1995",310
"schmidtwiegand1967",310
"schmidtwiegand1989",310
"steffen1943",36
"yrwing1940",310
"ostergren1992",310
"yrwing1951",22
"yrwing1978",22
"lindroth1915",310
"fett1941",173
"vangennep1909a",298
"buckley2004",108
"armit1996",108
"gammeltoft2004",108
"hall2008",108
"jay2013",108
"jennings2005",108
"capo1994",108
"chiaradia2003",108
"dangela1990",108
"diefendorf2005",108
"evans2009",108
"fronval1995",108
"keefe2007",108
"montgomery2002",108
"parkerpearson2005",108
"puceat2010",108
"raiber2009",108
"sanchezchillon1994",108
"sellevold1999",108
"simpson2010a",108
"stephan2000",108
"toolis2008",108
"trickett2003",108
"vanrensburg1986",108
"warham2012",108
"woolf2005",108
"bagge1998",259
"chenery2012",202
"harrison2003",259
"johansen1986",259
"reed1998",259
"sellevold1991",259
"sellevold1996",259
"sellevold2001",36
"sullivan1981",259
"tauber1981",259
"vandermerwe1978",259
"balodis1940",244
"bogucki2006",244
"brundage1991",244
"carlsson1998",244
"christoffersen1996",244
"crumlinpedersen1989",244
"crumlinpedersen1996",1092
"crumlinpedersen1998",244
"ehrensvard1991",244
"filipowiak1998",244
"griciuviene2005",244
"haak2004",244
"kiaupa2000",244
"kochkurkina1961",244
"lang1996",244
"lang2004",244
"lehtosalohilander1984",244
"limbo2004",244
"lougas1994",244
"magi2002",244
"magi2004",244
"magi2005",244
"magi2007",244
"magi2009",244
"magi2013",244
"petrenko1995",244
"radins2006",244
"rebkowski1998",244
"sedov1974",244
"shepherd1999",244
"sindbaek2003",192
"vijups1997",244
"spingis2008",244
"tvauri1998",244
"vaitkunskiene1995",244
"vasks2008",244
"vassar1939",244
"vassar1975",244
"welinder2009",244
"zarina2006",318
"gramsch2007",57
"zachrisson1989",57
"kopytoff1996",57
"kristiansen1974",57
"pfisterer2008",57
"aberg1990",202
"ambrosiani2005",216
"ambrosiani2016",1093
"backstrom2016",1094
"blauer2013",1095
"burgman1987",202
"fennomuyingo2000",1096
"gustin2016",1097
"harvig2014",1098
"kaislaniem2011",1099
"kalmring2016",1100
"lama2015",1101
"leciejewicz1956",9
"lightfoot2016",9
"nironen1997",9
"pellegrini2016",9
"stolpendc",9
"tuross2017",9
"weihed2005",9
"wilhelmson2017",202
"yurtsever1980",9
"nepomniashchii2012",322
"gaidukov1994",322
"kuzmin1997",322
"kuzmin2015",322
"watt1984",299
"stanislawski2000",266
"britishgeologicalsurvey2001",108
"raudonikas1930",322
"ravdonikas1924",322
"plokhov1996",322
"sturluson2011",318
"ynglingatal2011",318
"anbrosiani2007",318
"banyterowell2005",318
"bliujiene2008",318
"blomkvist2005",182
"bertasius2006",318
"bonnellnd",318
"creutz2003",318
"deemant1977",318
"ehrensvird1991",318
"filipowiak1983",318
"gurevitch1970",318
"argang2000",318
"johansen1939",318
"khvoshchinskaya2004",318
"lamm2009",318
"ligi1968",318
"ligi1995",318
"baltica2007",318
"magilougas1993",318
"melnikova2007",318
"melnikova1990",318
"mickevicius1994",318
"mugurevies1994",318
"nosoy2001",318
"nosov2005",318
"nosov2006",318
"opik1970",318
"radin1998",244
"selart2002",318
"selirand1974",318
"sindbek2003",318
"spirgis2008",318
"stubavs1966",318
"sne1997",318
"tamla1977",318
"tarvel1975",318
"tonisson1974",318
"valtonen2007",318
"zabiela2008",318
"zemitis2007",244
"zulkus1991",318
"boyd1985",299
"boyd2005",299
"silliman2001",299
"barrett2002",299
"marshall2002",299
"watt1985",299
"naum2005",299
"kockakrenz1993",299
"bergatzky1989",299
"tvauri2001",244
"amundsen1996",121
"auestad1992",121
"balascio2011",121
"binns1978",121
"bratrein1983",121
"bratrein1991",121
"bratrein1995",121
"bruun2007",121
"evjen2008",121
"gjessing1973",121
"grimm1999",121
"grimm2002",121
"grimm2006",121
"grydeland2001",121
"guttormsen2005",121
"henriksen1996",121
"hesjedal1996",121
"hinsch1960",121
"hodder1979",121
"holand1989",121
"johansen2002",121
"johansen1982",121
"johansen1990",121
"johansen1978",121
"mathiesen1978",121
"myhre1978",121
"myhre1985",121
"nilsen1998",121
"nilsen1995",121
"odner1985",121
"olsen1998",121
"olsen2001",93
"rolfsen1974",121
"rolfsen1990",121
"said1993",121
"schanche1992",121
"simonsen1980",121
"sobstad1980",121
"spivak1987",121
"spivak1990",121
"storli1985",121
"vorren1985",121
"wickler2005",121
"wik1985",121
"vanderleeuw1989",299
"c2006b",191
"arbman1969",191
"blair1994",191
"brink2001",9
"cameron1988",191
"carver1988",191
"carver2001",251
"carver2002",191
"cooper1993",191
"dubois2006",191
"effros2003",191
"everson2011",191
"fabech1994",191
"fell1956",191
"geake1997",84
"grahamcampbell2009",192
"griffiths1991",109
"gurney1986",191
"hall1989",191
"halsall1989",191
"hayward2011",191
"heide2011",191
"heide2014",191
"hoggett2007",228
"ilkjaer2002",99
"jankuhn1955",191
"karras1990",84
"knapp1999",191
"larrington1996a",191
"mcleod2013",191
"raffield2013a",109
"hagland2005",191
"randsborg1999",191
"sanmark2009",251
"scarre2002",191
"scragg1991",191
"semple2010",265
"sheppard1939",191
"museum2012",191
"harkell2011",191
"thurston2002",1102
"tilley2006",1103
"webster1983",191
"yorke1990",191
"ambrosiani1997",104
"armbruster2004",186
"auch2007",137
"trzeciecki2012",137
"aurebagoien1980",137
"bayley1992",137
"berg1956",137
"blindheim1969",137
"blindheim1968",137
"brinchmadsen1984",186
"capelle1971",137
"christophersen1980",95
"de1979",104
"dungworth2000",137
"feveile1994",289
"gosselain1998",137
"grieg1922",104
"hedegaard2005",186
"jones2006",137
"jouttijarvi2006",186
"jouttijarvi2007",137
"paulsen1936",186
"pedersen2000",186
"pilo2000",137
"skjolsvold1951",137
"sperber1990",137
"vince2011",137
"augenti2011",59
"bilge2013",59
"bowleg2008",59
"back2018",59
"collins2016",59
"davis2008",59
"diazandreu2005",59
"evans1997",84
"goldhahn2007",59
"holmquist1990",59
"holmquist1993",59
"holmquist2001",59
"holmquist1998",59
"holmquist2009",85
"inall2014",59
"kaliff1992",59
"kristiansen1999",301
"laneri2007",59
"nelson2007",59
"olausson2001",59
"popa2014",59
"schietzel1963",59
"thedeen2011",59
"vennatro2016",59
"yotov2016",59
"ashede2015",59
"aagard1984",286
"arbman1960",286
"bjeletskij1998",286
"capelle1962",286
"dellepiane2009",286
"edberg2001",286
"eniosova2008",286
"gingerich2014",286
"hermon2008",286
"jolshin2012",286
"klindtjensen1965",286
"neiss2005",286
"neiss2006",286
"neiss2009",286
"neiss2010",286
"puskina1998",286
"scott2002",286
"shearer2012",286
"sholts2012",286
"sholts2010",286
"sholts2011",286
"sotnikova1959",286
"kastholm2008",286
"thunmark1974",286
"wiechmann2001",286
"wolters2006a",286
"eriksen2007",137
"hallam2001",59
"ekengren2006",59
"rindal2004",79
"backdanielsson2008",83
"bennett1987",83
"carlsson2002",324
"fabech2004",83
"henderson1991",83
"hjorungdal1994",83
"hovanta1995",83
"lagerholm2009",83
"mays1998",202
"rosten2007",83
"simpson2004",149
"sindbaek2006",266
"smyser1965",83
"stalsberg1987",83
"thedeen2008",83
"dudo1998",84
"gragas2000",84
"grettirssaga1974",84
"layofharoldtransl1936",84
"almqvist1965",1104
"almqvist1974",1105
"betzig1982",84
"brown2009",84
"camdennd",84
"chagnon1988",84
"clover1993",45
"coleman2015",84
"colwell1988",84
"coupland2003",193
"debuse1999",84
"dickemann1979",84
"downham2014",277
"ebel1993",84
"ember1974",84
"emlen1977",84
"falys2014",1106
"forsgren2004",84
"fuglestvedt2014",84
"goetting2006",84
"griskevicius2012",84
"hill1990",84
"hoglund1993",84
"hudson2004",84
"jacobsen1982",84
"jochens1980",84
"jochens1986",84
"jochens1987",84
"jochens1991",84
"kvarnemo1996",84
"kvarnemo1995",84
"madsen1993",84
"meulengrachtsorensen1980",1107
"mitani1996",84
"montgomery2008",84
"moorad2011",84
"opdahl2003",84
"reichert2006",84
"renaud2000",112
"sampson2006",84
"schacht2014",84
"szekely2014",84
"thedeen2009",1108
"weir2011",84
"woolf2016",84
"zeitzen2008",84
"staecker2006",1109
"kure2013",1110
"lamm2003",276
"lamm2003a",1111
"hauck1985",1112
"hauck1969",1113
"neckel1983e",1114
"larrington2014",1115
"bangnd",1116
"buggenda",1117
"dronke1989",1118
"haavardsholm1996",1119
"hauck1982",1120
"heusler1941",1121
"wilhelm1952",1122
"vanderhorst1982",1123
"horst2010",1124
"hultgard1987",1125
"johansson2013",1126
"lamm2003b",1127
"mckinnell1994",1128
"mckinnell2008",1129
"meyernd",1130
"north2003",1131
"oehrl2009",323
"quast2002",1132
"nordal1980",1133
"stephensnda",1134
"westphal2004",1135
"williams1994",1136
"musty1974",94
"saxo1931",79
"sopp1999",79
"thomsen1929",79
"blindheim1982",186
"clarke1995",155
"duner2006",186
"gaut2015",186
"hougen1931",186
"kielland1927",186
"maddicott1989",186
"ryghnde",186
"samson1991a",186
"schramm1955",186
"werner1980",186
"coplen1988",238
"a2007",68
"sjoberg1987",49
"blindheim2008",49
"brogger1997",49
"chatwin1990",49
"eisenschmidt1994",151
"gourevich1999",49
"gunnell2000",49
"gunnell2006",49
"harris2009",1137
"hagg2009",49
"jakubovskij1926",49
"liepe1989",49
"mckinnell2005",49
"montgomery2004",49
"ogden2008",49
"page1985",49
"petrenko1991",49
"robbins2004",49
"rundkvist2003",289
"schjodt2007",49
"schjodt2009",49
"skre2004",45
"steinsland1981",49
"stern2009",49
"tollnes1998",49
"faulkes1989",1138
"sekundaerkilder1997",104
"barndon1992",104
"drescher1977",104
"gustafsson2005",148
"haaland1985",104
"jouttijarvi2001",104
"krishnan1976",104
"roesdahl1993",82
"smith1974",104
"steinsland1997",104
"webster1999",104
"feveile2002b",104
"fuglesang1987",186
"anderson1992",148
"balasse2002",148
"bell2001",148
"bethard2013",148
"brabrand1991",148
"buzon2013",148
"cameron2011",148
"cruz2011",148
"eliason2010",148
"ferguson2009",148
"fornander2015",148
"grupe2011",148
"haak2008",1139
"hofstra1995",148
"hunter1975",148
"kahl2009",202
"knudson2008",148
"knudson2011",148
"lambergkarlovsky1972",148
"lane1972",148
"magnusson1980a",148
"moberg1981",148
"naum2012",148
"olsen1961",148
"suchey2006",148
"tung2011",148
"turner2009",148
"vos2005",148
"webb1985",148
"wilson1970",148
"crumlinpedersen1988",309
"zeitzen1997a",309
"wenger2004",309
"sofartsmuseums1987",309
"baxter2008",1140
"christensen1988",1141
"cooper1978",309
"edgren1988",309
"elsner1992",309
"gillespie2001",36
"grieg1933",309
"hejgaard2010",309
"hojrup1983",309
"jensen2008",309
"sandberg2006",309
"schwartzman2006",309
"smolarek1969",309
"sztompka1994",309
"tesch2005",309
"zeitzen2002",309
"ostergaard2011",309
"hayeursmith2004",83
"byejohansen2004",83
"thunmarknylen2015",83
"hougen1934",137
"khazaei2013",137
"stylegar2001",137
"tansoy2001",137
"wexelsen1981",137
"albrectsen1994",251
"althoff1999",251
"andersen2011",251
"bede1968",251
"blair2005",319
"dulinicz2002",251
"foote1993",251
"gullbekk2008",251
"keynes1991",251
"kornerupnd",251
"krag2003",251
"meier2002",182
"meulengrachtsorensen1997",251
"meulengrachtsorensen2001",251
"miuillermertens1999",251
"ottodergrosse2001",251
"pedersen2005",251
"refskou2004",251
"roesdahl1983",251
"roesdahl1987",251
"roesdahl1999",251
"roesdahl2004",251
"schoujorgensen1997",251
"skovgaardpetersen1977",251
"steinsland2008",251
"tesch2008",251
"wilson1966",276
"porsteinsson1987",251
"fangel1941",231
"chapman1981",49
"miller2005",49
"nylen1987",49
"andersson2016b",24
"cambridge2017",24
"hauptman2014",35
"aukrust1982",93
"ayers2016",93
"bergman2007",93
"carrer2015",93
"critch2018",93
"curdy2016",93
"norvegicum2019",93
"finstad2018",93
"gilck2019",93
"grjotheim1978",93
"gunnarsdottir2000",93
"hollesen2018",93
"kleiven1973",93
"kummen1983",93
"providoli2016",93
"rosvold2017",93
"savioz2016",93
"shawnd",93
"thun2018",93
"timberlid2015",93
"volken2015",93
"younghusbandnd",93
"shetelig1920b",216
"miles1989",94
"abbott2005",94
"gilmour1988",94
"aitken1966",94
"aitken1962",94
"aitken1983",94
"anon1996",94
"aspinall1977",94
"barley1964",94
"barley1981",94
"belfiore2007",94
"blinkhorn2013",94
"brooks1984",94
"bryant1977",94
"dallas1993",94
"dunning1959",94
"everson1999",94
"field1990",94
"ford1995",94
"froh2004",94
"gale1995",94
"garmonsway1972",94
"garrigos2001",94
"golitko2012",94
"goodwin2013",94
"harkel2013",94
"hebditch1964",94
"hurst1962",94
"ixer1997",94
"jordan1994",94
"kilmurry1980",94
"leah1994",94
"vander1993",94
"mainman1990",94
"maniatis1981",94
"maniatis1984",94
"mccarthy1988",94
"miles1974",94
"nailor1984",94
"price1975",94
"quinn2013",94
"rice2005",94
"rogerson1984",118
"rye1981",94
"sawyer1998c",94
"arwidson1984",102
"arwidson1986",102
"arwidson1989",102
"bennike1985",102
"bennike1993",102
"calmer1977",102
"deniro1988",102
"gilbert2005",1142
"hoefs2004",102
"jorkov2007",102
"kanstrup2006",102
"leethorp2003",175
"longin1971",102
"madsen1988",1143
"reidla2003",102
"runge2010",102
"schoeninger1989",102
"sillen1998",202
"skibstedklaesoe1997",1144
"sponheimer2006",102
"vanklinken1999",102
"verhulst1966",231
"verhulst1995",231
"walette2004",231
"paludan1991",231
"koch1936",231
"steensberg1952",231
"steensberg1973",231
"dobat2007",231
"meier2007",231
"tesch1992",231
"fangel1998",231
"tollin1998",231
"riddersporre2003",231
"nedkvitne2004",231
"fritz1988",231
"back1995",263
"gustin2011",263
"haussig1987",263
"martin1986",264
"noonan1985",263
"noonan1989",263
"noonan2001",263
"rispling2007",263
"roslund1997",263
"roslund2009",263
"roslund2010",192
"thordeman1926",263
"holmquistolausson2002",263
"johansson1997",263
"jonsson2001",263
"kovalev2001",263
"kovalev2002",263
"kovalev2005",263
"kovalev2011",263
"landgren1998",263
"younghusband1904",93
"of1917",20
"jensson1929",20
"arbman1936",20
"arent1969",149
"ekelund1956",20
"ellisdavidson1967",20
"gjeerder1964",20
"holmavist1955",20
"jansson1963",149
"perkins2001",20
"price1969",84
"salin1913",126
"steinsland1936",20
"agrip1929",20
"hultgard2003",22
"hudson2005",35
"rediker1987",109
"pennel1997",109
"leeson2009",109
"antony2002",109
"hudson2007",109
"price1991",109
"wulfstan1976",109
"artefacts1980",109
"birkeland1954",7
"arcini2005a",109
"catling2008",109
"griffiths1991a",109
"richards1989",109
"kanstrup2008",102
"andersson1975",202
"arcini2018",202
"arppe2010",202
"azmy1999",202
"buko2013",202
"chernykh1985",202
"faure2004",202
"fraser2018",202
"hyenstrand1982",202
"lewis2008",1145
"maldre2018",202
"margaryan2019",202
"peschel2014",202
"punning1987",202
"raukas2009",202
"ruff2012",202
"sillen1982",202
"trotter1958",202
"tuuling2011",202
"wea1980",202
"woelfel2002",202
"arcini1998",45
"baillie1991",165
"baillie2015",165
"bolender2011",281
"davies2015",165
"dugmore1992",165
"edwards2012",193
"einarsson1988",307
"erlendsson1995",165
"haflidason2000",165
"haflidason1992",307
"hammer1980",165
"hermannsaudardottir1988",165
"lane2014",165
"larsen1982",165
"larsen1984",165
"larsen1977",165
"lowe2008",165
"lowe2011",165
"lowe2015",165
"lowe2001",165
"newton2008",165
"oladottir2008",165
"ponomareva2015",165
"roberts2000",307
"sigurgeirson2014",165
"sigurgeirsson1995",165
"sigurgeirsson2007",165
"sigurgeirsson1998",165
"sigurdsson1982",165
"sveinbjarnardottir2004",165
"theodorsson2009",165
"theodorsson2012",165
"vilhjalmsson1991",281
"vinther2006",165
"zielinski1995",165
"palmerbrown1995",94
"vince2009",94
"andersen1982a",211
"andersen1996",211
"bennike1994",211
"brather2001",211
"burschel1994",211
"caferro2006",211
"christophersen1940",211
"damgaardsorensen1991",211
"fiorato2000",211
"hermann1974",211
"krueger1985",211
"nielsen1990",297
"petersen1989",211
"roesdahl1975",211
"thordeman1939",211
"ahlstromarcini2005",45
"schjodt2013",45
"anderson2010",9
"bayman2013",9
"bentley2007",9
"brink2014",9
"buck1938",9
"erikson2015",9
"hauofa2008",9
"heyerdahl1938",9
"kane1997",9
"king2003",9
"kirch2010",9
"kirch2012",9
"kirch2014",9
"kirch2017",9
"kirch2007",281
"kirch1992",9
"ljungstrom2004",9
"ravn1993",9
"ravn2011",9
"ravn2018",9
"salmond2010",9
"schjodt2017",9
"smith2010",9
"spriggs2008",9
"spriggs2016",9
"stolpendd",9
"thomas1997",9
"thomas2010",9
"wawn2000",112
"raukas1997",202
"aybes1995",160
"bond1996",160
"bond2005",160
"bond2006",160
"branston1974",160
"crabtree1989",160
"crabtree1995",160
"dark1962",160
"dickinson2002",160
"dickinson2005",160
"dobney2007",160
"dowden2000",160
"eliade1989",160
"fell1995",160
"filotas2005",160
"gannon2003",160
"grundy1995",160
"harke1981",160
"hawkes1997",160
"hicks1993",160
"hinton2005",142
"hoilundnielsen1997",160
"hoilundnielsen1998",160
"hoilundnielsen1999",289
"hoilundnielsen2001",160
"hooke1993",160
"johnson1995",160
"jolly1993",160
"lamm2000",160
"leigh1984",327
"lionarons1998",160
"lucy2000",160
"magnus2003",160
"north1997",160
"pluskowski2006",160
"rackham1994",160
"salisbury1994",160
"sykes2001",160
"thompson2003",160
"yalden1999",160
"clauskrag1982",1146
"ruth1988",1147
"lindkvist2003",1148
"yuhl2013",1149
"cameron2008",1150
"cameron2016",1151
"lewis2017",1152
"karras1980",1153
"larson1935",1154
"lee1936",1155
"audr2001",1156
"benraffield2017",1157
"see2012",1158
"reuter2012",1159
"blili1996",1160
"somerville2014",1161
"ch2011",1162
"michaelswanton2000",1163
"robinson1921",1164
"gothenburg2000",1165
"goodall1990",1166
"henning2012",1167
"warner2009",1168
"olsson2017",1169
"simpson2018",1170
"ch2000",1171
"lunde2012",1172
"jankowiak2016",1173
"lewis2016",1174
"ostergren2008",1175
"kankpeyeng2009",1176
"laird2010",1177
"bodel2005",1178
"walz1977",1179
"daniel1992",1180
"morgan1998",1181
"warren1977",1182
"bodel2014",1183
"ireland1952",1184
"hardh2001",202
"lamm2005",202
"lang1995",202
"salmo1938",202
"skrzat2010",202
"tarvel1982",202
"trotter1952",202
"anderson2002",1185
"arnold1991",85
"dowson2006",85
"dror2017",85
"fridriksdottir2013",85
"geller2017",85
"gero1985",85
"ghisleni2016",85
"herget2008",85
"jansson1992",85
"jensen2018",85
"jordan2009",85
"joyce2008",85
"knauer2001",85
"lindqvist2004",85
"nakhaeizadeh2014",85
"nilssonstutz2013",85
"norgardjorgensen1997",85
"olausson2001a",85
"reeder2008",85
"sorensen1983",85
"stolpe2019",85
"wylie1992",85
"dagstorp1999",266
"mark1998",266
"bogelund1999",266
"naes2000",266
"andersminde1980",266
"okholm1996",266
"starigardoldeburg1991",266
"stro1984",266
"bchin1965",266
"albert1999",268
"albert2002",266
"barabasi2003",266
"becker1999",266
"becker2003",266
"clarke1972",1186
"dodds2003",266
"donat1984",266
"c2006c",266
"granovetter1973",266
"herrmann2005",266
"jacobsson2000",266
"jons1997",261
"lundquist2003",266
"meier1991",266
"ormerod2004",266
"palmer2003",266
"palmer2004",266
"ravasz2003",266
"renfrew1977",268
"schoknecht1977",266
"schuldt1965",266
"schuldt1967",266
"schuldt1981",266
"schuldt1985",266
"wasserman1994",268
"watts2003",266
"watts1998",266
"wells2005",266
"wietrzichowski1993",266
"ahlen1998",110
"aikio2006",110
"alenius2007",110
"alenius2011",264
"barrett2009",110
"carpelan1984",110
"carpelan2003",110
"carpelan2006",110
"donner1986",110
"edberg1999",110
"fewster2006",110
"halinen2005",110
"herrgard2005",110
"hiekkanen2010",264
"huurre1983",110
"hakkinen2010",110
"ivars2002",110
"jaakkola1935",110
"karlsson1987",110
"korpela2004",110
"kovalev2007",110
"kriiska2007",110
"kumpulainen2004",110
"kuusela2011",110
"lehtosalohilander1985",110
"lehtosalohilander2001",110
"leskinen2008",110
"masonen1989",110
"meinander1950",110
"moilanen2010",110
"nordman1944",110
"norrman1983",110
"nunez1993",110
"nunez1995",110
"orrman1991",110
"orrman1993",110
"poutiainen2008",110
"raninen2010",110
"ringbom1994",110
"roeckhansen1995",110
"salo2000",110
"schalin2008",110
"spirgis2006",110
"spiridonov1991",110
"taavitsainen1980",110
"taavisainen1988",110
"taavitsainen1994",110
"taavitsainen1999",110
"taavitsainen2007",110
"tomtlund2005",110
"uino2003",110
"maria2001",110
"valtonen2008",110
"viklund2002",110
"wickholm2000",110
"wickholm2004",110
"kirpichnikov1985",266
"makarov1990",264
"makarov2009",264
"melnikova1991",264
"muller1987",181
"nerman1929",289
"nosov1992",167
"nosov2001",112
"ravdonikas1949",85
"smolichev1925",326
"sitii2006",326
"andren2004j",49
"beskowsjoberg1987",49
"crumlinpedersen1995d",49
"t1999",49
"grahamcampbell1998j",10
"price1989a",175
"skaarup1972",49
"terry1990",49
"ludtke2001",268
"barabas2003",266
"brinch1991",216
"jansson2008",216
"hakonshetelig1917",216
"harrison2010",307
"russell2007",84
"budd2014",84
"score2010",84
"lundraffield1989",84
"griffiths1997",277
"ross1983",84
"thee1980",1187
"baker1997",84
"khoroshev2007",1188
"kotowicz2007",1189
"macgregor1978",142
"binns1963",142
"booth1987",142
"booth1997",142
"bulock1960",142
"clark1966",142
"craig2010",142
"cramp1976",142
"kemp1996",142
"kershaw2008",142
"leahy2000",319
"morris1977",142
"morris1984",142
"naismith2011",142
"naylor2001",142
"peers1943",142
"powlesland1998",142
"rahtz1967",142
"schoenfelder2011",142
"stocker2007b",142
"thomas2003",142
"townend2014",142
"williams1988",142
"wrathmell2012",142
"richards2014",142
"richards2015",142
"richards1983",84
"williams1983",84
"swanton1970",84
"cluniesross1985",84
"james1997",1190
"woodward2004",84
"beskowsjoberg1987a",289
"beltznd",222
"clark1984",222
"davis1983",222
"fehring1987",222
"fehring1995",222
"gerrard2003",222
"hubener1959",222
"karlin1922",222
"liebgott1989",222
"lischnd",222
"moreland1991",222
"sorensen1989",222
"verhaeghe1994",222
"wiessner1939",222
"desha2000",9
"honolulu1991",9
"dining1980",9
"athens2017",9
"oxfordroutledge2016",9
"graeber2017",9
"redknap2004b",9
"amkreutz2004",9
"lewis1972",9
"mattes2016",9
"mattes2008",9
"comacchio1983",9
"whitehouse1983",9
"hooper2006",9
"kirch1985",9
"kristiansen1998",9
"space2015",9
"rainbird2015",9
"ratnagar2001",9
"jp2010",9
"sherratt1993",9
"clark2008",9
"valeri1985",9
"malarlandskapen1993",9
"wallin1993",9
"westerdahl1992",9
"jankuhn1975",216
"ramskou1999",216
"rundkvist2001",216
"windgather1990",216
"windgather2003a",216
"sussex1997",84
"waitznda",84
"ramskou1963",216
"almgren1981",216
"neiss2070",216
"attwood2000",35
"einarsson1991",35
"blake1962",1191
"durrenburger1934",35
"ol1939",35
"ellison2000",35
"finlay2011",35
"finlay1959",35
"kennedy1997",35
"kunz2000a",1192
"lunde1983",35
"schmeidler1917",35
"toddnd",35
"tschan1959",1193
"alkrenawi1999",35
"alkrenawi2002",35
"audur2008",35
"barry1981",35
"baumeister2004",35
"betzig1995",35
"borovsky1999",35
"boyden2007",35
"bragg2008",35
"breitman2004",35
"broude1976",35
"caldwell1998",35
"ross2010",35
"daly1980",35
"divale1976",35
"elbedour2006",35
"fleisher1999",35
"fleisher2004",35
"grossbardshechtman1993",35
"graslund1989",35
"henrich2012",35
"hraundal2014",1194
"huber2011",35
"jankowiak2008",35
"jankowiak2005",35
"karamagi2006",35
"karras1992",35
"kress2002",35
"kolker2014",35
"larrington2016",1195
"liwoch2007",35
"ljungqvist2015",35
"miller1982",35
"norrman2000",1196
"norstein2014",35
"odonoghue2004",1197
"omariba2007",35
"ritchie1976",35
"saelebakke1986",35
"schacht2015",35
"simek1992",35
"sjoberg1976",35
"sorensen1946",35
"wyatt2009",35
"anderlini1992",269
"bloch1967",269
"boyes1921",194
"carrier2005",269
"grierson1959",194
"grierson1967",269
"gulibekk2002",269
"gulibekk2005",194
"gulibekk2009",269
"hedeager1993",269
"jevonsnd",269
"lunden1978",269
"lunden1999",194
"lunden2007",269
"metcalf1967",269
"miller1987",269
"samling2008",269
"postan1973",269
"radford1946",269
"seip1957",269
"skre1968",269
"steinnes1929",269
"steinnes1936",269
"pormksson1992",269
"back1984",222
"karlin1923",222
"aberg1923",289
"aija1997",289
"ailio1922",289
"ambrosiani1956",289
"ambrosiani1968",289
"arbman1932",289
"areslatt1993",289
"arrhenius1999",289
"atterman1935",289
"bennettlagerlof1978",289
"bennett1976",289
"blindheim1949",289
"dreijer1966",289
"drotz1995",289
"ekholm1918",289
"eniosova1998",289
"enqvist1923",289
"gudesen1980",289
"hackmannd",289
"hagberg1966",289
"helgen1982",289
"herteig1955",289
"holmqvist1970",289
"horfors1988",289
"kivikoski1980",289
"lind1984",289
"lindahl1950",289
"macgregor1997",289
"marstrander1973",289
"martens1969",289
"monteliusnda",289
"nilsson1990",289
"odencrants1933",289
"rasch2001",289
"ostergaardjensen1987",289
"petre1984b",289
"ramqvist1998",289
"rasmussen1989",289
"reisborg1994",289
"ryghndf",40
"salinnd",289
"sarauw1923",289
"schonbeck2002",289
"serning1960",289
"simonsson1972",289
"spirgis2007",289
"stjernquist1951",289
"stolpe1927",289
"tillvaxten1909",289
"vangpetersen1991b",289
"vedelnda",289
"worsaaenda",289
"hermann2017",9
"cherry1986",269
"bagge2010",129
"englert2007c",95
"callmer1976",95
"dalton1975",95
"elster2007",95
"finley1973",95
"hansen1977",297
"jansen2015",95
"lie1988",1198
"mikkelsen2006",95
"mitchell1984",314
"myrvoll1992",98
"ostmo2011",95
"pilo1990",95
"polanyi1944",267
"rundberget2009",95
"stenvik2003",194
"swedberg2014",95
"wiberg1977",95
"voncarnapbornheim2007",175
"cohen1997",175
"fuchtbauer1971",175
"dejong2010",175
"kiefferolsen1997",175
"lihammer2007",175
"lindstrom1991",175
"messenburg1972",175
"milthers1916",175
"moberg1994",175
"naum1925",175
"rossmann2000",175
"safran2005",175
"schoeninger2003",175
"vensild1996",175
"vonhejine2004",175
"wagnkilde1996",175
"nordal1938",35
"sigurdur1938",35
"christensen2012",152
"engberg2002",152
"rieck1992",152
"sigurdsson2012",152
"skre2005",152
"soderberg1966",152
"olausson2009",152
"kvhaa1903",289
"adkins1984",316
"ahlberg1946",316
"ainslie2005",316
"alstrom2005",316
"allerstav1991",316
"beck1984",316
"bratt1999",316
"christiansson1958",316
"christiansson1989",316
"darvill2004",316
"driscoll2004",316
"fitzpatrick2001",316
"fitzpatrick2004",316
"fririksson2003",316
"gelling1978",316
"goessler1938",316
"grinsell1976",316
"hewittnd",316
"hoffman1990",316
"e1933",316
"hultgard2001",316
"jansson1943",316
"loyn1974",316
"mannerfelt1930",316
"meaney1995",316
"meaney1997",316
"newman1997",316
"norden1938",316
"olafsson1985",316
"pantos2002",316
"pantos2003",316
"peake1935",316
"persson2004",316
"schnell1938",316
"semple2004",316
"sundqvist2001",316
"turen1939",316
"turner2007",316
"vestergaard1990",316
"warner2004",316
"weitzel1986",316
"wildte1926",316
"wormald1999",316
"addyman1981",192
"alcock1963",192
"bayley1987",192
"bayley1991",192
"bayley2008",118
"benson1911",192
"blair1991",192
"boni2003",192
"clarke1998",192
"coatsworth2002",192
"comber2004",192
"cowgill2009",192
"dickens2009",192
"cowie2012",192
"craddock1989",192
"daniels1988",192
"dommasnes1987",192
"emery2007",192
"eremin1998",192
"wilthew2002",192
"garmonsway1947",192
"gilmore1980",192
"griffiths2007",192
"hall2001",192
"higham1993",192
"hinton1990",192
"hinton1996",192
"hinton2000",192
"hinton2003",192
"hutcheson2009",192
"kershaw2010",192
"laing2006",192
"loken1987",192
"macgregor1999",192
"mann1982",192
"newman1993",192
"nicholson1997",118
"omeadhra1987",276
"oriordain1971",118
"owencrocker1986",192
"paterson1997",192
"paterson2000",192
"pritchard1991",192
"radley1971",192
"seaman2013",192
"smith1923",192
"waltonrogers2004",314
"taylor1987",192
"thomas2004",192
"thomas2008a",192
"tweddle1986",192
"vince2001",118
"rogers2007",192
"rogers2014",192
"rogers2016",192
"wastling2009",192
"waterman1959",192
"webster2012",192
"caroline1999",85
"blank2018",85
"chukhina2015",85
"davydova1999",85
"dzhakson2002",85
"dzhakson1986",85
"glykou2018",85
"gorelov1997",85
"nv2017",85
"gromig2019",85
"jackson2003",85
"jackson2009",85
"khudoley2013",85
"kirpichnikov1984",85
"kirpichnikov2013",85
"knudson2007",85
"lalazarov2012",85
"moiseyev2014",85
"moisio2015",85
"ostman2004",85
"petrenko1985",85
"petterson1995",85
"platonova1996",85
"raffensperger2014",85
"saarnisto1995",85
"sankina2000",85
"sauramo1929",85
"karlgoran1999",85
"subetto1998",85
"zazzo2004",85
"dunfjeldaagard2005",167
"reymert1980",167
"arne1909",301
"bergstol2002",167
"bohannan1959",167
"brogger1928",167
"fjellstriim1962",167
"gjessing1927",167
"ell1990",167
"gullbekk2003",167
"jasinski1998",167
"kopytoff2000",167
"montelius1922",167
"niisstriim2001",167
"ojanlatva2003",167
"yrbyggjasaga1989",167
"sandmo1994",167
"kongesagaer1979",167
"steinsland1989",167
"steinsland1992",167
"steinsland1984",167
"stenberger1971",167
"byock1998",149
"fox1974",194
"palsson1986",149
"whitelock1976",149
"alesina1999",149
"coffe2006",149
"dcms2002",149
"doosje1995",149
"eger2010",149
"ellemers1997",149
"ellisdavidson1976",149
"jans2015",149
"stewart1991",149
"korostelina2007",149
"lindeman1997",149
"lonnroth2008",149
"lund1985",149
"maderer2014",149
"mcdonald2012",149
"petta1992",149
"putnam2006",149
"rhee1996",149
"sawyer1985a",149
"schjodt2011",149
"smith1997",149
"sosis2006",149
"swann2009",149
"swann2012",149
"tajfel1971",149
"thomas1999",149
"tropp2001",149
"whitehouse2012",149
"whitehouse2014",149
"barnwell2003",316
"pantos2004",316
"holmback1933",316
"lucas1966",111
"bourke1993",111
"hedeager1994",194
"hardh1988",111
"kruse2007",111
"lieber1989",111
"mauss1923",111
"miller1986",111
"mullerboyson1987",111
"saunders1995",111
"bagerius2001",1199
"batey2012",118
"baxter2005",1200
"becker2007",1201
"bickerton2015",1202
"grahamcampbell2001h",1203
"bird2000",1204
"blackmore2011",1205
"boothby2004",1206
"bychowski2018",1207
"casey2010",1208
"chagnon1992",1209
"coltrane2006",1210
"connell2000",1211
"connell2005",1212
"crawford2007",1213
"damon2006",1214
"dommasnes2008b",1215
"ember2015",1216
"enloe2017",1217
"erikson1950",53
"foote1979",53
"pesch2018",53
"gilligan1982",53
"gilligan1990",53
"gowland2001",53
"gunnell2013",53
"haapasalo2000",53
"halstadmcguire2010b",53
"handel2007",53
"hays1982",53
"higate2005",53
"hinojosa2010",53
"hollander1949",53
"hooper2001",53
"honwana2006",53
"howard2000",53
"kaland2008",53
"kamp2015",53
"keith2005",53
"kimball2013",53
"knusel2000",53
"larrington2008",53
"levine1990",53
"lewissimpson2008",53
"lillehammer2010",53
"macinnes2016",53
"mcguire2016",53
"mead1934",258
"meggitt1977",53
"mellor2014",53
"murphy2017",53
"mygland2010",53
"hencken1933",53
"orchard2011",53
"orme1995",53
"perkins1972",53
"preston2014",53
"raninen2008",53
"scribner1965",53
"reynolds1991",53
"ross2018",53
"shimahara1970",53
"soderberg2017",53
"sofaer2011",53
"solli2008",1218
"squires2013",53
"swanton1997",53
"underwood2006",53
"varney2000",53
"weinreich2009",53
"weisner2015",53
"weisner1977",53
"werner1964",53
"wessells2006",53
"whaley2009",53
"whitehouse2017",53
"woolf2017",53
"snorres1999",167
"armstrong2000",141
"a2007a",292
"barrett1994",292
"binford1972",1219
"brogger1950",292
"fuglestvedt2007",292
"grieg1942",292
"gunnes1976",292
"holmsen1939",292
"ilkjaer2000",292
"kallhovd1994",292
"krag1995",292
"munch1981",292
"munch2007",292
"myhre1997",292
"mollerop1957",292
"mollerop1971",292
"parkerpearson1982",292
"petersen1937",292
"ronneseth1963",292
"ronneseth1966",292
"sandnes1997",265
"shanks1982",292
"sigurdsson1993",292
"slomann1958",292
"sturlasson1964",292
"stenberger1966",292
"stenvik2005",292
"steuer1989",292
"storli2001",141
"tacitus1977",292
"titlestad1996",292
"thompson1965",292
"appelgrennd",264
"back2007",264
"callmer1980",264
"callmer1986",264
"carpelan1980",264
"damell1967",264
"delort1978",264
"edgren1999",264
"ekbo1981",264
"enqvist2004",264
"enqvist2006",264
"floderus1931",264
"gustavsson2001",264
"hackman1938",264
"haggren2005",264
"hiekkanen2001",264
"hirviluoto1986",264
"huurre1987",264
"huurre1992",264
"kivikoski1939",264
"lang1985",264
"ligi1994",264
"lind2000",264
"lind2006",264
"lind2009",264
"makarov2006",264
"morris1999",264
"raportteja2003",264
"pimenov1965",264
"purhonen1992",264
"purhonen1997",264
"ryabinin1978",264
"ryabinin1986",264
"saksa1985",264
"saksa1992",264
"schmid1942",264
"silliman2005",264
"stang1981",264
"stein1998",264
"stein1999",264
"stein2002",1220
"syse1987",264
"taavitsainen2004",264
"tomantera1991",264
"tvauri2005",264
"zakharov2004",264
"gurevic1968a",111
"sampson1991",111
"bloch1989a",111
"addyman2009",1221
"ajzen1977",1222
"alberge2007",127
"amundsen2010",127
"bennett1995",127
"bland2009",127
"boe2012",127
"braarvig2000",127
"brodie2006",127
"brodie2009",127
"christensen2011",127
"conway1914",127
"craig1999",127
"diekman1998",127
"digginghedmark2012",127
"engberg2001",127
"fabech2012",127
"facebook2014",127
"facebook2014a",127
"ferguson2013",127
"fjell2005",127
"gill1993",127
"goffman1969",127
"goffman1971",258
"grieg1943",127
"haavaldsen1982",127
"holtorf2005",1223
"hougen1961",127
"husby2005",127
"hogh2008",127
"hoviskeland2012",127
"johansen2011",127
"kallman2008",127
"kallman2007",127
"kersel2012",127
"korsell2006",127
"kvale1997",127
"lewis2012",127
"mackenzie2006",127
"mackenzie2011",127
"mahdy2006",127
"michaelsen1998",127
"moesgaard2002",127
"retstidende1991",127
"retstidende2010",127
"nou1996",127
"omland2006",127
"omland2008",127
"omland2011",127
"omland2012",127
"phillips1999",127
"steiner1977",127
"rasmussen2013",261
"silverman2005",127
"silverman1993",127
"stigsorensen2009",127
"sykes1957",127
"sorensen2013",127
"tassy2013",127
"thagaard2003",127
"thomas2009",127
"troim1999",127
"troim2005",127
"ullen2004",127
"ulph2012",127
"wankel2008",127
"ostergren2013",127
"anon2011",112
"bloch1939",112
"chin2004",112
"dillmann1996",112
"hall1984",112
"hilberg2008a",112
"horton2000",75
"klejn2009",112
"knirk1999",112
"mcgovern2011",112
"mullerwille1996",112
"nordenborgmyhre2001",112
"nosov1998",112
"steuer1990",112
"vollertsen1989",112
"ward2000",112
"wallace2001",112
"willemsen2009",112
"wynnejones2007",112
"tacitus1997",292
"batey1994",193
"bjornskov2009",193
"bohnet2008",193
"bourdieu1986",193
"brondsted1960",195
"chartrand2006",193
"barry2008",193
"delhey2005",193
"dohmen2008",193
"freitag2008",193
"greif1989",193
"greif1993",193
"greif2006",193
"greif2012",193
"guiso2008",193
"haywood1995",193
"langer2002",193
"lookofsky2006",193
"milgrom1990",193
"nannestad2008",193
"nunn2011",193
"olson1993",193
"ostrom2009",123
"ozcan2011",193
"paldam2000",193
"putnam1993",193
"putnam2000",193
"raffield2009",193
"ramskou1962",193
"rothstein2003",193
"rothstein2005",193
"svendsen2004",193
"svendsen2009",193
"svendsen2012",193
"sorensen1990",193
"traunmuller2011",193
"uslaner2002",193
"uslaner2008",193
"vikings1997",193
"weber2009",193
"williamson1993",193
"aegidius1977",1224
"albrectsen1941",1225
"albrectsen1970",1226
"albrectsen1984",1227
"andersen1987",1228
"andersen1998",1229
"andersen1971",1230
"andersson1972",1231
"andren1994",1232
"arentoft1984",1233
"arentoft1985",1234
"arentoft1993",1235
"arentoft1999",1236
"bartholin1976",1237
"bartholin1974",1238
"becker1982",1239
"bertelsen1991",1240
"bertelsen1992",1241
"binderup1996",1242
"bjerregaard2016",1243
"bjerregaard2017",1244
"christensen1975",1245
"christensen1977",1246
"christensen1999",1247
"christensen2017",1248
"elkjaer2001",1249
"og2001",1250
"fussel2008",1251
"amt1992",1252
"gothche1995",1253
"grandtnielsen1971",223
"grandtnielsen1982",1254
"harnow2005",1255
"haupt2006",153
"henrichsen1968",153
"henriksen1988",153
"henriksen2012",153
"hoff2000",153
"hohenberg1985",153
"hohenberg1995",153
"hojlundnielsen1987",153
"jacobsen2000",153
"jacobsson2003",153
"jeppesen1981",291
"johannsen1995",153
"jorgensennda",153
"juel2010",153
"kousgardsorensen1969",153
"krongaardkristensen1998",153
"krongaardkristensen2016",153
"langkilde2007",153
"lauritsen1974",153
"lauritsennd",153
"levinnielsen1968",153
"linaa2016",153
"lindblom2013",153
"lundhansen1988",153
"lundo2012",153
"madsen1991",153
"madsen1982",153
"mathiesen1922",153
"mathiesen1927",153
"mejdahl1993",153
"moller2008",153
"nasman1996",153
"nielsen1984",153
"nilsen1990",153
"nilsson2015",153
"norgaardjorgensen2002",153
"nyberg1982",153
"odman2014",153
"olesen2014",153
"olsen1969",153
"pagh2016",153
"petersen1987",153
"porsmose1996",153
"poulsen2015",153
"riis1999",153
"rindel2001",153
"rosch2013",153
"runge2016",153
"runge2017",153
"sanke2001",153
"schorring2000",153
"skaarup1997",153
"skaarup2005",153
"smed1962",153
"sonderby1988",153
"stenak2005",153
"tarup1934",153
"thrane1996",153
"trap1957",153
"ulriksen2016",153
"ulriksen2014",153
"vraengmosejensen2017",153
"weber1958",153
"zeeberg2000",153
"zinglersen2004",153
"callmer1990",96
"mccormic2001a",96
"halcrow2008",53
"taylor2013",97
"ams2013",127
"politakis2002",127
"dobinson1995",319
"higham1987",319
"hill1966",319
"loyn1977",319
"lucy1999",319
"metcalf1993",319
"naylor2005",319
"paynton2006",319
"richards2008a",319
"ulmschneider1999",319
"vandenoort2000",319
"vandenoort1995",319
"barfod2015",97
"raja2015",97
"bakka1978",194
"davis1992",267
"granovetter1985",194
"gudeman1986",267
"gudeman2001",267
"herschend1980",194
"hirsch1987",267
"lie1997",267
"lunden1972",267
"munksgaard1978",194
"naumann1987",113
"sawyer1989",267
"wilk1996",267
"zafirovski2001",267
"adey2014",258
"andrushko2011",258
"beardsley1955",258
"bergerbrant2007",258
"binford1980",258
"bollig1987",258
"ceruti2004",258
"cresswell2012",258
"eerkens2014",258
"font2012",258
"frankopan2015",258
"frei2017",258
"frobeniusnd",258
"frobeniusnda",258
"garnett1945",258
"gleirscher2004",258
"greenblatt2010",258
"gronenborn1999",258
"heberle1938",258
"helms1994",258
"hermes2018",258
"huntington1996",258
"jockenhovel1980",258
"jockenhovel1991",258
"jockenhovel1995",258
"jockenhovel1994",258
"kaufmann2004",258
"kelly1992",258
"kelly1995",258
"kimmig1958",258
"kootker2016",258
"krause1988",258
"lee1966",258
"ling2014",258
"lippert2007",258
"maixner2013",258
"marshall2015",258
"melheim2018",258
"murdock1967",258
"neaher1979",258
"neipert2006",258
"nerlich2009",258
"oelze2011",258
"pernter2007",258
"plomp2017",258
"podolny2005",258
"reiter2014",258
"reiter2015",258
"schadelindig2003",258
"scharlotta2018",258
"scheeres2014",258
"shellar2018",258
"sjastaad1962",258
"stewart2017",258
"tipple2013",258
"vandersanden1996",258
"vandkilde2007",258
"veblennd",258
"welsweyrauch1988",258
"wendrich2008",258
"white2009",258
"beck2013",162
"blindheim1954",162
"chase1997",162
"enright1988",162
"eriksen2002",162
"gansum2018",43
"gjerpe2016",162
"meulengrachtsorensen2003",162
"myhrend",162
"nicolaysenndo",162
"sala2008",162
"skyllberg2008",22
"talma1993",162
"warner1987",162
"polanyi1957",113
"swedberg1992b",267
"anderson1998",13
"asbjornsen1914",13
"astveit2007",1256
"bangandersen2004",13
"barth2016",13
"bjorvand2000",141
"bjorgo2016",13
"callanan1906",13
"christensen1986",13
"christiend",13
"vsnd",13
"clark1975",13
"derocher2000",13
"domanska2006",1257
"einbu2005",129
"finstad2010",129
"fjellheim2005",13
"frostatingslova1994",13
"gibson1979",13
"giese2013",13
"gulatingslovi1969",13
"hansen2005",13
"hodder2011",13
"hofseth1980",129
"hoyer2015",13
"indrelid2007",13
"ion1989",13
"jordhoy2013",13
"jordhoy2005",129
"jordhoy2012",13
"lagaboters1979",13
"martinsen2016",13
"molmen1988",13
"ryd2014",13
"roed2014",98
"roed2015",13
"spiess1979",13
"vorren1944",13
"wammer2007",13
"weber2007",129
"wiberg1987",13
"carlsson2012a",274
"clareus1999",274
"conyers2012",274
"conyers2007",274
"conyers2010",274
"damiata2013",274
"daniels2004",274
"david2008",274
"gahrn1988",274
"goodman1993",274
"goodman2013",274
"grasmueck2005",274
"hjulstrom2014",274
"hjulstrom1920",274
"ilisch2004",274
"karlsson2008",274
"larsson1987",274
"leckebusch2003",1258
"lindqvist2000",274
"malmer1982",274
"neubauer2002",302
"nordenskjoldnd",274
"novo2010",274
"novo2012",274
"poscetti2013",274
"stenberg2006",274
"sundquist2013",274
"viberg2012",274
"urry2007",258
"armstrong1953",1259
"bates2000",1260
"bates2007",1261
"bayer2011",1262
"benedetti2011",1263
"berendsen2000",1264
"bird2010",163
"bird1985",163
"bristow2003",163
"bristow2006",163
"brivio2000",163
"brown1997",163
"burke2008",163
"butzer1982",163
"clemmensen2010",163
"darwin1990",163
"declercq2012",163
"fatimarossetti2009",163
"smedt2011",163
"denham2008",163
"deroin2011",163
"dincauze2000",163
"doneus2008",1265
"donoghue1988",163
"embleton1970",163
"chng2004",163
"fairbridge1985",163
"fitch2005",163
"french2005",163
"gabler2013",163
"gaffney2008",163
"harari1996",163
"hickin2009",163
"hodgson1976",163
"howard2008",163
"ilves2009",163
"ilves2012",163
"jensen1999",163
"jongmans2007",163
"kneisel2008",163
"komar1998",163
"lasaponara1995",163
"leopold2010",163
"linford2006",163
"lunt2005",163
"luo2012",163
"mansfield2007",163
"mcgraw2014",163
"mchugh1988",163
"nau2004",163
"neal2002",163
"neubauer2001",163
"neubauer2004",163
"proschdanielsen2006",163
"proulxmcinnis2013",163
"ramberg2008",163
"rapp2006",163
"saey2013",163
"schrott2008",163
"short2004",163
"siart2008",163
"soil2006",163
"syvitski1995",163
"tamura2012",163
"taylor1996",163
"trinks2015",163
"vandam2012",163
"wegmann2012",163
"weston2001",163
"wilkinson2003",1266
"yoshiki2005",163
"dommasnes1992",255
"enright1995",255
"hornfuglesang1989",255
"kaliff2004",255
"koktvedgaardzeiten1997b",255
"larsson2005",255
"rosengren2007",255
"eriksen1991",67
"fern2012",151
"kirkup2006",67
"nasstrom1999",151
"adolfsen2000",325
"knappett2011",325
"sanmark2006",265
"koivisto1996",80
"leppaaho1936",80
"sarasmo1961",80
"sarkki1976",80
"cleve1948",80
"drobin1991",50
"hirviluoto1976",80
"honko1960",80
"huntington1979",80
"huurre1990",80
"karvonen1998",80
"keskitalo1950",80
"kitzler2000",80
"kivikoski1961",80
"kivikoski1963",80
"lehtosalohilander1988",80
"mandel2003",80
"oestigaard2006",80
"paulaharju1924",80
"purhonen1998",80
"palsi1938",80
"sarkkiisomaa1986",80
"sjoberg1994",80
"tarlow1999",80
"wickholm2005",80
"tacitus1960",255
"graslund1973",255
"randsborg1984",255
"stjernquist1989",255
"blinkhorn1999",266
"brather1996",266
"c2006d",266
"filipowiak1993",266
"soren2002",266
"jankuhn1956",266
"janssen1987",118
"kirpichnikov1997",266
"ohlsson1976",266
"sawyer1977",266
"warnke1992",266
"bjornstad2010",98
"bjornstad2012",98
"brandt2011",98
"excoffier2010",98
"flodin1989",98
"forster2003",98
"halinen2013",98
"hartnup2011",98
"hedman2015",98
"hofreiter2001",98
"hufthammer2011",98
"komber1987",98
"librado2009",98
"loftsgarden2017",98
"luik2015",98
"munch1998",98
"olivieri2014",98
"roed2008",98
"roed2011",98
"roed2018",98
"rytter1997",98
"rytter2007",98
"schia1986",98
"skogland1980",98
"star2018",98
"wandeler2007",98
"marstrander1932",277
"megaw1950",277
"moore1900",277
"shetelig1925",277
"shetelig1945",277
"shetelig1954",277
"whitelock1967",277
"wilson1974",277
"sorensen1988",163
"arnorsdottir1973",113
"blackburn2009",113
"bourdieu1990b",113
"dalton1977",113
"ed1984a",113
"gustin1996",113
"hedegaard2002",113
"heijne2004",113
"horsnaes2000",113
"kazanskij2007",113
"kromann1985",113
"metcalf1997",113
"mikkelsen2001",113
"north1990",123
"odeback2009",113
"pertznd",113
"ed1905",113
"vinsrygg1975",113
"schia1989",98
"bertran1991",155
"cammas1994",155
"cammas1995",155
"cremaschi2010",155
"fitzpatrick1993",155
"galinie2004",155
"loveluck2001",155
"maixner2010",155
"de1997",155
"nicosia2014",155
"schiegl1996",155
"verslype2004",155
"wouters2013",155
"ballantyne1994",265
"ballantyne1999",265
"bauge1980",265
"brandnd",265
"heggstad1975",265
"indrebo1936",265
"jakobsen1936",265
"mackie2002",265
"mccullough2000",265
"nymoen1995",265
"nymoen1997",265
"ogrady2008",265
"paton2011",265
"palsson2003",265
"bruce1908",265
"cant1975",265
"cleasbynd",265
"js1914",265
"coolen2011",265
"crawford1984",265
"dodgson1972",265
"donaldson1958",265
"edmondstonnd",265
"fellowsjensen1996",265
"greignd",265
"stewart1987",265
"solvara2002",265
"waugh2005",265
"westerdahl2004",265
"westerdahl2004a",265
"zoega1910",265
"peel2009",265
"riisoy2013",265
"ringstad2006",265
"ritchie1997",265
"sanmark2011",265
"schlyternd",265
"barabasi1999a",266
"freke1992",277
"omgard1980",268
"taebringmikkelsen1986",268
"coggins1967",268
"behrenlubchin1965",268
"ystadtankbaten1976",268
"brughmans1989",268
"worldcatbuttler1991",268
"cheng2006",268
"krause2000",268
"dress2007",268
"fitzhugh2000a",268
"forster2006",268
"gen2008",268
"graham2006",268
"hage1991",268
"isaksen2008",268
"worldcatjohansen2004",268
"klincewicz1998",268
"worldcatkorte2006",268
"labianca2006",268
"lebecq2007",268
"minoux1989",268
"crossrefmizoguchi2009",268
"batagelj2005",268
"randall2001",268
"randall1994",268
"worldcatschofield2005",268
"worldcatsindbaek2010",268
"terrell2010",268
"young2006",268
"valente2005",268
"vince2005",268
"bayley2007",278
"bech2011",278
"edwards1999",278
"escher1976",278
"higgins1966",278
"ingstad1985",278
"jackson2000",278
"jackson1978",278
"jordan1980",278
"linderothwallace2006",278
"ere2002",278
"morgan1975",278
"rasmussen2010",278
"roussel1941",278
"stonge2000",278
"burstom1993",113
"london1990",118
"michelmerch1972",118
"batey1987",118
"brown2003",276
"buttler1989",268
"buttler1991",118
"crumlinpedersen1984",118
"driscoll2002",118
"henry1945",118
"henry1952",118
"hubbard1989",118
"khvoshchinskaya2007",268
"lane2007",118
"maclaren1974",118
"mann1984",118
"may1948",118
"mills2007",118
"osullivan1970",118
"pearson2001",118
"rollason2004",118
"santi2005",118
"sharples2003",118
"sidebottom2000",118
"wallace1981",118
"wallace1985",118
"pirenne1938",155
"meier2001",182
"cabot2004",268
"ahlen1994",21
"collen2011",21
"devries1961",21
"duwel2001",182
"eriksson1991",21
"gelting2000",21
"gren2003",21
"gustavson1995",21
"hafstrom1962",21
"iversen2004",21
"kallstrom2012",21
"krovel2001",21
"lamm2006",276
"lindkvist1979",21
"ljung2001",21
"lagaboters1915",219
"mejsholm1954",21
"nasman2008",21
"nelson2013",21
"norseng1987",21
"peterson2007",21
"peterson2012",21
"stahle1969",21
"ringstad1989",21
"ronneseth1975",291
"selinge1980",21
"sturluson1995",21
"stahle1956",21
"stahle1958",21
"struck1990",21
"sundqvist2016",43
"taranger1913",21
"vikstrand2015",21
"vogt2010",21
"williams1996",21
"winberg1985",21
"zachrisson2002a",21
"aitchson1994",141
"bagge1989",141
"ballantyne1999a",141
"bartlett1994",141
"brink2003",141
"brynjulfurnd",141
"dndiplomatariumnorvegicumnd",141
"driscoll1998",141
"driscoll2000",141
"flatman2010",141
"fornsok2012",141
"fridriksson2004a",141
"wollett2004",141
"damiata2005",141
"gelling2000",141
"gilchrist1995",141
"glass2011",141
"glick2005",141
"groenewoudt2009",141
"gustafsson2001",141
"hebede1968",141
"hellquist1980",141
"henriksen2001b",141
"higham1992",141
"holm2009",141
"iversen1956",141
"kulikowski2005",141
"larsson1995",141
"goff1988",141
"liebermann1913",141
"mehler2012",141
"moore2005",141
"narmo1996",141
"oosthuizen2011",141
"rippon2004",141
"rygh1907",141
"samdal2008",141
"simonsson1984",141
"staf1935",141
"stocking2000",141
"vesteinsson2011",164
"akureyri2001",141
"vestergaard1988",141
"warner1988",141
"widgren1986",141
"skorokhod2017",326
"smolichev1926",326
"stankevich1962",326
"skorokhod2018",326
"sytyi2006",326
"heid2008",118
"axboe1991",194
"bakka1981",194
"bursche2002",194
"boe1923",194
"cipolla1956",194
"dyhrfjeldjohnsen2013",194
"engeler1991",194
"fonnesbechsandberg1985",194
"fonnesbechsandberg1988",194
"fonnesbechsandberg1989",194
"frimannslund1966",194
"gemici2015",194
"graeber2011",194
"guest2008",194
"hagland1994",194
"herschend1987",194
"herschend1991",194
"humphrey1985",194
"ingham2004",194
"innes1913",194
"innes1914",194
"kilger2015",194
"klang2013",194
"kallstrom2010",194
"leeper1933",194
"meikle1994",194
"munch1956",194
"munksgaard1956",194
"naismith2012",123
"painter2013",194
"pare2013",194
"rau2013",194
"rovelli2012",194
"ruthstrom1993",194
"schacht1949",194
"scull1990",194
"steuer2013",194
"stormndd",194
"voss1955",194
"wray1999",194
"zelizer1994",194
"zimmermann2003",182
"ashby2012",10
"blehr1973",10
"clarke1988",10
"donaldson1981",10
"edwards1997",10
"hunter1982",10
"hunter1989",10
"kjoshanssen1973",10
"macgregor1983",10
"meiri2013",10
"morris1985",10
"smirnova2005b",10
"solazzo2011",10
"sommer2009",10
"sykes2011",10
"wasser2008",10
"biggs2014",43
"birgisson2007",43
"bjordal2017",43
"bradley1991",43
"collis1995",43
"dumville1977",43
"feldman1975",43
"fulk2014",43
"grant1986",43
"green1965",43
"gutsmiedlschumann2018",43
"gothberg2018",43
"hall2006",43
"heaney2001",43
"heinertz1925",43
"hodder1976",43
"hardh2002",43
"ilkjaer2001",43
"imer2010",43
"indrebo1932",43
"jorpeland2018",43
"klaeber1950",43
"klaeber2014",43
"lindkvist2003a",43
"ljungkvist2017",43
"malmros1999",43
"malone1962",43
"neidorf2013",43
"neidorf2014",43
"neidorf2017",43
"nerman1942",43
"niles2007",43
"nasman1999",43
"osborn2007",43
"ostmo2018",43
"pilo1993",43
"pohl2009",43
"rau1955",43
"reichert1987",43
"reichert1990",43
"rix2015",43
"sawyer1991",43
"schlesinger1965",43
"schnetz1990",43
"scull2016",43
"seiler2018",43
"steuer2006",43
"sundqvist2018",43
"svennung1974",43
"sorensen1982",43
"talbot1954",43
"taranger1934",43
"teigen2007",43
"wikborg2018",43
"wolfram1971",43
"wolfram2008",43
"wolfram2009",43
"wolfram2011",43
"wood1994",43
"wood1977",43
"aarsleff1955",216
"fuglesang1985b",216
"cunliffe2002",99
"edwards1917",99
"espelund2013",99
"frank1998",99
"harding2013",99
"harris2003",99
"holm2005",99
"metcalf1995",99
"trakadas2014",99
"tschan2002b",99
"vosmer2014",99
"uws2004",194
"wray2004",194
"ahmad2006",1267
"aikawafaure2009",1268
"ankersmit2009",1269
"ashworth2007",1270
"bender1993",1271
"bender2007",1272
"m2002",1273
"bhaskar1989",1274
"binford1962",1275
"bohm2001",1276
"bohm2008",1277
"w2006",1278
"braudel1949",1279
"braziel2003",1280
"carman2002",1281
"chakrabarty2009",1282
"cheape2009",1283
"clark1936",1284
"clark1954",1285
"crossland2005",1286
"crutzen2002",1287
"dawdy2009",1288
"dixon2005",1289
"domanska2009",1290
"domanska2010",1291
"durkheim1904",1292
"dybdahl2010",1293
"eagleton2000",1294
"edgeworth2010",1295
"t2006",1296
"flannery1973",1297
"foley2005",1298
"fraiture2010",1299
"fraiture2009",1300
"fraser2000",1301
"fraser2001",1302
"fukuyama2002",1303
"gibbon1989",1304
"grosjean2007",1305
"hacking1999",1306
"haraway2008",1307
"harman2010",1308
"harrison2009",1309
"hodder1987",1310
"hodder1999",1311
"holmberg2008",1312
"holtorf2007",1313
"holtorf2011",1314
"hyenstrand1988",1315
"jenkins2004",1316
"jong2008",1317
"kirshenblattgimblett1994",1318
"kirshenblattgimblett2004",1319
"kolen2009",1320
"kotchen2007",1321
"kristiansen2002",1322
"kurin2004",300
"labinger2001",300
"lakatos1973",300
"latour1993",300
"latour2003",300
"latour2005h",300
"levistrauss1962",300
"lowenthal1985",300
"madsen1900",300
"mason2000",300
"moberg1977",300
"mullerndc",300
"mullerndd",300
"nilsen2003",300
"nummedal1912",300
"nussbaum1999",300
"naess1973",300
"oestigaard2004",300
"oestigaard2007",300
"olsen1986",300
"olwig2001",300
"parkerpearson2006",300
"parkin1999",300
"partner2009",300
"periman2006",300
"petersennd",300
"pickering1993",300
"pickering1994",300
"piotrowski2006",300
"pollard1998",300
"rorty1989",300
"rose2007",300
"ruddiman2003",300
"ruddiman2005",300
"samuel1994",300
"sanden2008",300
"schanche1983",300
"schwandt1994",300
"serres1995",300
"shanks2010",300
"skolimowski1974",300
"skounti2009",300
"sloterdijk2009",300
"smail2007",300
"snow1959",300
"snow1966",300
"solli1989",300
"spiegel2009",300
"steinberg2002",300
"stotz2008",300
"svestad1995",300
"terrill2008",300
"todorov1993",300
"tvedt2010",300
"waterton2006",300
"watson1971",300
"weisman2007",300
"welinder1986",300
"white1949",300
"white1959",300
"willey1958",300
"wolfe2010",300
"zalasiewicz2008",300
"zalasiewicz2010",300
"blindheimnd",55
"ka1999",55
"ka1995",55
"almgren1904",182
"eibl2005",256
"ernst1989",181
"faull1976",181
"zielonka1957",181
"zydok2004",181
"bergsveinn2007",43
"granzweig2018",43
"harding1977",181
"mullerwille1987",67
"murphy2008b",181
"pettersson1991",181
"duwel1995",181
"ernst1992",182
"souers1937",296
"becker1973",126
"stromback1970",296
"keay2014",1323
"evans2015",1324
"stott2018",1325
"kjaer2018",1326
"trier2019",1327
"guyot2018",150
"rizaldy2018",150
"colgan2012",150
"liu2017",150
"meng2012",150
"jain1997",150
"chen2014",150
"breiman2001",150
"belgiu2016",150
"strobl2009",150
"flemming2007",150
"rosenkranz2015",150
"vennersdorf2017",150
"mitchell1988",150
"vanderwalt2014",150
"illingworth1987",150
"cerrillocuenca2017",150
"schubert2017",150
"ester1996",150
"freeland2016",150
"trier2009",150
"kvamme2016",150
"verdonck2016",150
"lewis1995",150
"bryant1987",150
"guisan1999",150
"korsgaard2004",150
"dereu2013",150
"riley2017",150
"knudsen2012",150
"jakobsen2017",150
"andersen1992",150
"pedregosa2011",150
"steffensen2014",150
"marmol2004",150
"tsai2008",150
"andreasen2016",150
"french2010",150
"grieve1992",150
"french2018",150
"davis2019",150
"lambers2016",150
"traviglia2016",150
"lambers2019",150
"trier2016",150
"zingman2016",150
"verschoofvandervaart2019",150
"zhu2006",150
"benediktsson1997",150
"sevara2018",150
"fortidsminder2018",150
"petersen2015",150
"biermann2016",150
"harck1986",150
"overgaard2016",150
"harck1990",150
"hoy1991",150
"wu2016",150
"certini2013",150
"zhang2018",150
"silburt2019",150
"hanson2012",150
"cowley2012",150
"sevara2013",150
"toplak2017",181
"jonsson2007",36
"saxe1970",181
"blochnakkerud1994",219
"blom1991",219
"christophersen1974",219
"frostatingslovahagland1994",219
"indrelid1988",219
"jouttijarvi1991",219
"loftsgarden2011",219
"lyngstrom2009",219
"mjaerum2007",219
"pilo2013",219
"pilo2012",219
"pleiner1989",219
"bagge2008",129
"brink2008ag",129
"ekrem1998",129
"evenstadnd",129
"gundersen2016",129
"gunnarsdottir1999",129
"hoeg1996",129
"hougen1930",129
"jacobsen2005",129
"jordhoy2007",129
"larsen2009",219
"magnus2005",129
"moen1998",129
"orning2008",129
"ostrom1990",129
"risbol2005",129
"saetren2011",129
"salvesen1969",129
"sevatdal1985",129
"solem2004",129
"stenseth2005",129
"ruralia2005",129
"wangen2006",129
"jorgensen1986",55
"alsleben2009",297
"andreasson2010",297
"behre1976",297
"behre1978",297
"billing1998",297
"bjorkman2007",297
"eggen1991",297
"farrar1998",297
"fredskild1971",297
"fruergaard2005",297
"gleason1994",297
"greig1996",297
"harild2007",297
"heimdahl2009",297
"heimdahl2010",297
"helbaek1958",297
"henriksen2008",297
"hjelmqvist1963",297
"holmboe1927",297
"jacomet1988",297
"jensen1979",297
"karg2007",297
"karg2010",297
"karg2012",297
"karg2002",297
"kirleis2011",297
"knorzer1999",297
"kolstrup2009",297
"korbergrohne1987",297
"kroll1986",297
"kroll1987",297
"kroll2007",297
"lageras2003",297
"lange1997",297
"lundquist2006",297
"moffett2006",297
"moltsen2005",297
"moltsen2009",297
"nielsen2010",297
"pettersson2002",297
"ramskou1974",297
"regnell2001",297
"strank2008",297
"tollin2005",297
"vanderveen2005",297
"stene2014",129
"berg1983",294
"berglund2015",294
"bjorkbom1907",294
"cabouret1989",294
"emanuelsson2001",294
"erixon1918",294
"erixon1956",294
"frodin1925",294
"hellstrom1917",294
"indrelid1994",294
"kvamme1988",294
"lofgren1982",294
"marsden2005",294
"montelius1977",294
"nyman1952",294
"olsson1998",294
"prescott1995",294
"sandnes1989",294
"sandnes1991",294
"schug2010",294
"styhre2013",294
"svensson2008",294
"svensson2015",294
"wennersten2002",294
"whatmore2002",294
"asc1961",123
"baker2010",123
"bjornskov2013",123
"blackburn2014",123
"blair2014",123
"campbell1986",123
"congleton2015",123
"faith2014",123
"freudenthal1944",123
"gillingham1989",123
"gundlach2019",123
"hendrickson2018",123
"hillman2019",123
"hobbesnd",123
"keynes1986",123
"konrad2012",123
"lambert2017",123
"lawson1984",123
"lawson2014",123
"leeson2007",123
"miller2014a",123
"mostert2014",123
"olson1965",123
"olson2000",123
"ormrod2000",123
"pelteret2014a",123
"piano2019",123
"powell2009",123
"salter2015",123
"spejlborg2016",123
"vahabi2011",123
"vahabi2016",123
"wareham2012",123
"whitelock2007",123
"yorke2014b",123
"young2016",123
"young2018",123
"adam1917",164
"grammaticus1979",164
"bruunnd",164
"brogger1937",164
"isleifsson2011",164
"keegan1987",164
"references2006",164
"einarsson2007",164
"rafnsson1990",164
"rockman2010",164
"steele2003",164
"sigurgeirsson2013",164
"smith2005",164
"sveinbjarnardottir1992",164
"vilhjalmsson1989",164
"walter2010",164
"thorarinsson1943",164
"thorarinsson1977",164
"thordarson1909",164
"lenzen2012",1328
"frachetti2017",1329
"hoffmann2002",1330
"orton2011",1331
"gohring2016",1332
"sundby2008",114
"opdal2010",114
"nedkvitne2016",114
"pauly1995",114
"jackson2001",114
"lotze2009",114
"nielsen2017",114
"arndt2003",114
"boessenkool2009",114
"schroeder2015",114
"kayser2011",114
"bradbury2013",114
"knutsen2010",114
"selkoe2016",114
"hutchinson2015",114
"bradbury2010",114
"hemmerhansen2013",114
"sodeland2016",114
"berg2016",114
"kirubakaran2016",114
"barney2017",114
"hilberg2014f",114
"orton2014",114
"nielssen2016",114
"wickler2014",114
"ma2012",114
"green2009",114
"jonsson2013",114
"pinhasi2015",114
"prinz2007",114
"boessenkool2017",114
"carpenter2013",114
"speller2012",114
"moss2014",114
"olafsdottir2014",114
"grealy2016",114
"nikulina2016",114
"moss2016",114
"hoffmann2004",114
"kirkpatrick2010",114
"hutchinson2001",114
"arnason2015",114
"sorheim2016",114
"wright2006",114
"skjaeraasen2011",114
"barth2017",114
"knutsen2003",114
"jorde2007",114
"neuenfeldt2013",114
"nielssen2009",114
"schmolcke2004",114
"barrett2015",114
"cooper2000",114
"star2016",114
"schubert2014",114
"lindgreen2012",114
"star2011",114
"torresen2017",114
"li2009",114
"mckenna2010",114
"purcell2007",114
"korlevic2015",114
"damgaard2015",114
"alt1998",182
"anz1998",182
"arcini1991",182
"boylstone2000",182
"brather2009",182
"carlsson1990",182
"duwel1987a",182
"ebel1987",182
"finucane2008",182
"floderus1927",182
"garve2011",182
"harke2003",182
"hoffmann1989",182
"kattinger1999",182
"kjellstrom2014",182
"kunzler1999",182
"kyhlberg1991",182
"kyll1964",182
"lykiardopoulos1981",182
"malarstedt1979",182
"milner1991",182
"mortagua2006",182
"onasch1981",182
"philpott1991",182
"pettersson1966",182
"molina1970",182
"ruprecht1958",182
"salin1952",256
"sandholm1965",182
"g2000",182
"staecker1997",182
"staecker1998",182
"staecker2000",182
"stewart1944",182
"stewart1946",182
"svahnstrom1984",182
"thunmarknylen2004",182
"taylor2008",182
"vukovic2009",182
"westholm1989",182
"wilke1931",182
"wilson1992",256
"yrwing1992",182
"yrwing1994",182
"zipp2010",182
"abels2003",195
"ager2008",195
"valante1998",195
"naismith1995",195
"danecek2011",114
"adams1981",158
"ayres1985",158
"barnosky2004",158
"binford1997",158
"brandner1998",158
"catton1980",158
"cooke1931",158
"culbert1988",158
"dalan1997",158
"dalton2000",158
"diamond1968",158
"flenley2002",158
"flenley1984",158
"hughes1975",158
"jacobsen1958",158
"jevonsnda",158
"kirch1984",158
"lopinot1985",158
"mccoy1976",158
"malthusnd",158
"meggers1954",158
"milner1990",158
"mulloy1970",158
"phillips1979",158
"ponting1985",158
"rees2004",158
"rescher1978",158
"sanders1962",158
"sanders1963",158
"sheets1999",158
"steadman1989",158
"steadman1995",158
"steadman1994",158
"tainter2000",158
"turner1974",158
"vanandel1990",158
"vantilburg1994",158
"banfield1974",314
"m1962",314
"cleland1973",314
"corbeil2000",314
"fitzhugh1994",314
"harp1975",314
"laeyendecker1993",314
"laver1983",314
"lee1968",314
"maryrousseliere2002",314
"mccartney1973",314
"meldgaard1962",314
"myrvoll1985",314
"odess2000",314
"bstergard1948",314
"park1951",314
"plumet1982",314
"ellesmere2000",314
"brandt2012",261
"hardt2003",261
"kramer1984",261
"schwank2013",261
"blackburn1986",195
"kershaw2023",195
"redknap2003",195
"wallace2015",195
"reuter1992",195
"redknap2009",195
"blackburn2006",195
"agersnaplarsen2011",261
"schovsbo2013",261
"felixnd",228
"aspeborg2005",228
"birddavid1999",228
"bullough1983",228
"burnell1999",228
"cannon1989",228
"chandler2010",228
"effros1997",228
"einsenschmidt2004",228
"gibbon2007",228
"halsall1995a",228
"hamilton2006",323
"harvey2006",228
"thorlaksson1978",228
"gestsdottir1998",228
"innes2000",228
"jochens1999",228
"lastovicka2013",228
"marshall1950",228
"patterson1982",228
"prothero2002",228
"radin1986",228
"shapland2012",228
"steinunnkristjansdottir2004",228
"stocker1993",228
"stromback1975",228
"zugaiar2012",228
"geolog1947",22
"hagberg1967",22
"hagberg1961",22
"holmberg1969",22
"lamm1995",22
"hamilton2007",50
"hamilton1996",22
"hamilton2008",22
"karlsson2005",22
"olson2004",50
"wernerson1996",22
"annuswer2003",22
"annuswer2007",50
"annuswer2002",22
"arrhenius2011a",22
"jorpeland2008",22
"jorpeland2003",22
"brereton1987",22
"brink1987",22
"calissendorff1966",22
"capelle1995",22
"carlie2009",22
"damell2007",22
"eliade1991",22
"ericsson2008",22
"fritsch2004",22
"hedblom1958",22
"hedman1989",22
"holmqvist1980",22
"hultgard1996",50
"karlenby2007",22
"karlsson2007",22
"lindkvist2007",22
"lindqvist1910",22
"lindstromnd",22
"hansen2011",50
"lundholm1947",22
"nordberg2011",22
"nordberg2008",22
"olsson1993",22
"petre2011",22
"schovsbo1987",22
"stjernquist1962",22
"stjernquist1967",22
"stahle1946",22
"vonsydow1978",22
"wessen1923",22
"victor2005",22
"widengren1969",22
"vikstrand2011",50
"zachrisson2009a",50
"orsnes1964",22
"ahlberger1996",324
"bursell1997",324
"carlson2002",324
"fredlund1997",324
"hidemark1999",324
"lawrence1999",324
"liby1997",324
"lind2001",324
"lind2002",324
"mellander1992",324
"montelius1962",324
"roche2000",324
"ryden1990",324
"varmlandsarkiv1900",324
"schoultz1975",324
"ehrlich1968",158
"ambrosiani1957",302
"arnbrosiani1981",302
"arbmann1940",302
"backstom2008",302
"backstrom2003",302
"bengtzon2001",302
"booth2008",302
"floden1993",302
"friberg1998",302
"harim2003",302
"henkel2004",302
"holmquistolausson1982",302
"hyenstrand1991",302
"icomos1993",302
"kristiansson1996",302
"lindqvist1928",302
"linford2010",302
"lyatski2004",302
"masters1998",302
"mellinnd",302
"nerman1918",302
"olsson2006",302
"riksantikvarieambetet2007",302
"stavrum1997",302
"stolpende",302
"trinks2012",302
"trotzig1993",302
"wahlander1998",302
"wedmark1999",302
"bursell1975",324
"magnusson1997",324
"fii1900",324
"winberg1977",324
"vonschoultz1984",324
"fridriksson2015",228
"kershaw2015",228
"scholkmann1995",256
"evers2007",256
"jorg1999",256
"matheson1951",256
"handler1996",256
"stulzebach1998",256
"diekritikbei2009",256
"nandor1965",256
"harmanua1981",256
"nikolaus1964",256
"meyerorlac1990",256
"pauli1982",256
"muntisauns1989",256
"carlsson1987",256
"schmitzesser2014",256
"gelegenheit2000",256
"jornstaecker1999",256
"akesandholm1965",256
"dazu1993",256
"cherryson2012",256
"fredriksvanberg2003",256
"michaelparkerpearson2001",256
"heikosteuer1998",256
"dickinson1974",256
"wahl1994",256
"dazu1997",256
"biermannhgg2009",256
"magnus2009",302
"hart1995",199
"brodersen1967",67
"eksnd",67
"nielsenadamsen1991",67
"feveile1948",67
"beretninger1997",67
"andersen1943",67
"andersenklindtjensennielsen1970",67
"nielsen1943",67
"christensen1982",67
"lindqvist1920",67
"beretningved1998",67
"madsen1994",67
"orsneschristensen1955",67
"albrectsen1951",67
"ottaway2004",67
"adamsen2003",67
"albrectsen1950",67
"albrethsen2003",67
"andersen1970",67
"axboe1989",67
"baeksted1972",67
"christensen1928",67
"christoffersen1987",67
"cosack2005",67
"ethelberg1986",67
"grambo1999",67
"hansen2009",67
"hansen1995",67
"hultgard1999",67
"hoj2004",67
"jennbert2002a",67
"jensen1998",67
"lindqvist1921",67
"lyngstrom1989",67
"neergaardnd",67
"nerman1917",67
"ravn1989",67
"ravn2008",67
"roesdahl1976",67
"sparrevohn2007",67
"steinsland2000",67
"stoumann2009",67
"ulriksen1999",67
"orsnes1988",67
"sparrevohn2006",67
"sparrevohn2008",67
"sorensen1998",67
"sorensen1993",67
"arcini1999",36
"beckra2007",36
"bolender2007",36
"bolender2010",36
"braudel1972",36
"braudel1980",36
"bynum1995",36
"chesson2001",36
"daniell1997",36
"frioriksson2001",36
"geake1995",36
"gejvall1960",36
"gestsdottir2014",36
"gilchrist2015",36
"hadley2010",36
"halvorsen2008",36
"harding2005",36
"joyce2001",36
"karlsson2004",36
"mejsholm2008",36
"meskell1998",36
"meskell2001",36
"thorlaksson2005",36
"rindal1996",36
"scott2011",36
"sellevold2004",36
"sellevold2008",36
"sewell2005",36
"sewell1996",36
"sigurosson2003",36
"sigurosson2014",36
"stefansson1975",36
"stefansson1978",36
"steffensen1943",36
"steinberg2016",36
"sveinbjarnardottir2001",36
"tsaliki2008",36
"vilhjalmsson1995",36
"zadorario2003",36
"zoega2014",36
"zoega2015",36
"zoega2007",36
"zori2007",36
"smyth1975",199
"dolley1966",199
"beckerchristensen1981",82
"belford2017",82
"dobat2005",82
"dorey1969",82
"ethelberg2012",82
"ethelberg2017",82
"gudeman1900",82
"harck1998",82
"haseloff1937",82
"kramer1992",82
"kramer1995",82
"madsen2008",82
"maluck2017",82
"maluck2016",82
"muller1903",82
"nunn2009",82
"schindel1999",82
"scholz1972",82
"spring2015",82
"witte2018",82
"sawyer1995",199
"ambrosiani2003",7
"arrhenius1978",7
"berthelon2007",7
"boytrup2013",7
"danielsson1973",7
"glover2003",7
"culture1985",7
"kingnd",7
"malmer2010",7
"mikkelsen2012",7
"negmatov1999",7
"nicholson2000",7
"noonan1990",7
"rezakhani2010",7
"schumann2011",7
"trotzig1969",7
"witte2017",82
"vangennep1960a",36
"thorgilsson2006",36
"aschehougnd",272
"benderjorgensen1999",272
"bjorgo2005",272
"bjorgo1992",272
"harrington2008",272
"kaland1979",272
"lonning1976",272
"mortensen1994",272
"mortensen1997",272
"martensen2006",272
"ramstad1981",272
"tveiten2011",272
"warburg1974",272
"oye1986",272
"oye2010",291
"beckerlfred1973",126
"rdh2007",126
"hauckarl1970",126
"bertil2004",126
"hel2011",126
"herschendrands1996",126
"er2001",126
"lars2015",126
"lars2012",126
"lars1998",126
"lars2004",126
"erle1994",126
"vist1925",126
"edith1966",126
"martensir1988",126
"sig2011",126
"bernhard1913",126
"von2000",126
"derberg2005",126
"stephenseorgend",126
"sund2002",126
"thunarknlnlena2006",126
"klevnas2007",37
"rundkvist2007",37
"rundkvist2006",37
"randers1981",291
"ramstad2011",272
"lindblom1993",67
"roesdahl1978",67
"tornbjerg1936",67
"gjellerup2001",67
"beckmanthoor2002",301
"bolin1999",301
"damell1971",301
"damell1999",301
"damell2000",301
"dybecknd",301
"florin1963",301
"forssander1933",301
"gumaeliusnd",301
"gothberg1998",301
"hammar1983",301
"hauptmanwahlgren2002",301
"jensen1997",301
"jonsson1986",301
"lindqvist1912",301
"oldeberg1974",301
"schnell1963",301
"sundqvist1993",301
"vonsydow1926",301
"thedeen2003",301
"wahlfisknd",301
"welinder1990",301
"weiler1999",301
"wigren1987",301
"bjelland2006",323
"carty2005",323
"jansson1962",323
"jeffrey2005",323
"kitzlerahfeldt2002",323
"kitzlerahfeldt2008",323
"kitzlerahfeldt2009",323
"manneke1984",323
"mahl1990",323
"oehrl2008",323
"sileniuslarsen2009",323
"snaedal2002",323
"snaedal2005",323
"walderhaug1998",323
"widerstrom2002",323
"bildsteine1941",323
"dating2006",323
"andreeff2012a",37
"backdanielsson2009",37
"goldhahn2008",37
"hoilundnielsen2009",37
"lindgren2008",37
"oestigaard2013",37
"thate2009",37
"thedeen2010",37
"wessman2007",37
"nationalencyklopedin2000",301
"jefrey2005",323
"clarke2001",307
"dietler1996",307
"einarsson1995a",307
"erlendsson2009",307
"gestsdottir2001",307
"ottir1989",307
"olafsson1979",307
"palsdottir2008",307
"rosenswig2007",307
"roussell1943",307
"stenberger1943",307
"wiessner2001",307
"samnordiskruntextdatabas2005",323
"andersson2013",50
"baug2007",50
"belmont2011",50
"bjorck2009",50
"drobin1986",50
"ek1993",50
"elfwendahl2001",50
"elfwendahl1993",50
"gumaeliusnda",50
"hallgren2004",50
"hallgren2005",50
"hansson1997",50
"hedblom1996",50
"hermodsson2009",50
"junkelmann1997",50
"kresten1996",50
"kresten1998",50
"kresten1994",50
"lamm2008",50
"lantmateriet2013",50
"larsson2012",50
"lindalv1980",50
"lundhansen2011",50
"lothman2004",50
"mellquistdanielson2011",50
"myrdal2003",50
"nilsson1988",50
"olausson2000",50
"persson1997",50
"pettersson1977",50
"pettersson1980",50
"rinnman2013",50
"vikstrand2009",50
"zachrisson2013",50
"adcock1978",276
"arbman1948",276
"arrhenius1971",276
"bailey1978",276
"bain1951",276
"blidmo1982",276
"brown1921",276
"carver1952",276
"cramp1995",276
"cummins2009",276
"foster2005",276
"grahamcambell1985",276
"gustavson2014",276
"hauck1961",276
"henderson2004",276
"jansson1981",276
"kermode1907",276
"ahfeldt2002",276
"ahfeldt2008",276
"kreutzer1988",276
"laing2010",276
"lamm1985",276
"lamm1984",276
"lang1978",276
"lang1991",276
"marold1998",276
"neal1976",276
"nerman1941",276
"nerman1947",276
"nylen1982",276
"omeadhra1985",276
"omeadhra1993",276
"omeadhra1997",276
"rudenko1970",276
"sannessjohnsen1968",276
"scheller1963",276
"scheller1995",276
"savborg1997",276
"wilson1999",276
"bratt2011",50
"eilersgaardchristensen2011",50
"kitzler2009",276
"berg1968",291
"berglund1991",291
"bertelsen1979",291
"bertelsen1995",291
"bertelsen2005a",291
"boserup1965",291
"boserup1981",291
"brush1987",291
"vries1974",291
"hasund1919",291
"hasund1924",291
"helle1995",291
"holm1995",291
"holm2005a",291
"holmsen1961",291
"holmsen1940",291
"iversen1997",291
"jirlow1970",291
"lerche1994",291
"lunden2004",291
"martens2009",291
"munch1966",291
"myrdal1985",291
"stockholm1997",291
"myrdal1999",291
"orrman2003",291
"porsmose1981",291
"porsmose1987",291
"ramskou1981",291
"ramskou1975",291
"sandnes1978",291
"schmidtsabo2001",291
"schmidtsabo2005",291
"steensberg1956",291
"svartkristiansen2005",291
"svartkristiansen2006",291
"valensendstad1964",291
"oye2003",291
"oye2005",291
"bergen2011",291
"zachrisson2006",291
"bergstol2003",291
"villages1968",291
"amorosi1996",75
"andersen1997",75
"arneborg1993",75
"christiansen1997",75
"degerbol1929",75
"degerbol1936",75
"degerbol1941",75
"andrew2009",75
"einarsson1984",75
"einarssonbjarni2011",75
"gardarsdottir2008",75
"gerstenberger1997",75
"guy2010",75
"gwiazda2005",75
"johannesson1946",75
"jonsson1930",75
"kamenov2008",75
"krahl2010",75
"ljungqvist2005",75
"mcgovern2001",75
"miksic2013",75
"norlund1930",75
"oomen2002",75
"outridge2003",75
"palsdottir2010",75
"robinson2004",75
"roussell1936",75
"seaver2009",75
"sinclair2007",75
"smiarowski2009",75
"smiarowski2013",75
"smiarowski2015",75
"stefansson1993",75
"sveinbjornsdottir2004",75
"whitehouse1998",75
"gardeta2009",183
"gardella2011",183
"gardeta2012",183
"gardeta2013",183
"stremback2000",183
"borsheim2001",6
"clover1986",6
"coleman2014",6
"conkey1984",6
"gero1991",6
"hofseth1999",6
"heernes1984",6
"jochens2002",6
"kershaw1989",6
"laqueur1990",6
"mortensen2004",6
"mundal2014",6
"njalssoga1975",6
"riisoy2016",6
"sanmark2014",6
"sigurdardottir2002",6
"sigurdsson2010",6
"jorgensen1997a",65
"luz1985a",202
"cluniesross1998",48
"ryan1987",223
"wilson1955b",223
"mulk1997",298
"jons1997a",266
"thunmarknylen2000a",256
"thunmarknylen2006a",256
"robberstad1937",293
"hagland1978",293
"dyrhaug1981",293
"sawyer2000a",231
"sindbaek2005a",55
"rigsantikvarensarkaeologiskesekretariat1987",223
"suchodolski2002",195
"bulska1996",299
"dennis1980a",271
"killock2008",109
"murphy2008",102
"goody1986",295
"diamond2005b",324
"elgeskog1945",324
"christensenetal1992",51
"hungrvaka2002",228
"kjalnesingasaga1959",228
"gulathinglaw1994",26
"ibnfadlan2012",26
"magnussonl1996",324
"magnussonu1997",324
"mannerfelt1936",316
"price2006c",21
"pricemortimer2014",126
"neiss2007",286
"radins1998",244
"radins1999b",244
"radins2001b",244
"askvikresi1984",89
"waterbolk1990",217
"schon2000",324
"holmqvist1977",328
"kalmring2010f",68
"kalmring2010g",68
"tomasson1996",156
"zoega2004b",101
"simek2006",51
"westerdahl2010",212
"strinngolm2007",303
"christensen1991b",223
"larsensorensen2005",223
"andersenetal1985",51
"sikora2013",138
"eriksenetal2009",217
"hafsaas2007",217
"esverwers1980",240
"gerrets2012",240
"skre2007b",240
"egebjerghansen1992",206
"egilssaga1888",206
"edvardsson2005b",178
"edvardssonmcgovern2007",178
"macgregoretal1999",178
"magery1958",178
"magnusson1886",178
"alenstampetersson1952",223
"baastruppetersen2010",223
"baastrup1990",223
"petersen1940a",223
"jensenmoller2009",223
"wilson1960b",223
"nielsen2002b",262
"nielsen2005b",67
"mulkeen1995",224
"boguckijagodzinski2012",138
"bourdieu2003",138
"kulakov2005",305
"magi2015b",244
"tonisson1999",244
"kleemann1939b",305
"stankus1995b",244
"forssander1943",223
"feveile2006a",8
"riddersporre1989",231
"andersen2009a",231
"fidjestol1994a",293
"gurevich1963",305
"thunmarknylen1995a",305
"junker2003a",305
"kulakov1994a",305
"capelle2003a",255
"ambrosiani1996a",216
"plather2011",216
"ljungkvist2008a",149
"steuer2002a",208
"pedersen2014a",53
"nylen1978",33
"zachrisson2009",50
"wessen1940",50
"pedersen2016b",186
"skre2013",186
"billig1995a",128
"hate1996",79
"sperber2004a",137
"feveile2010a",311
"paterson2002",189
"reimer2013a",152
"stamsomunch1970",167
"skibstedklaesoe1999",102
"segschneider2016",320
"myrberg2008a",287
"hammarberg1989",287
"harrison2014a",4
"vanderlinden2016a",9
"price1994a",45
"waltonrogers1997b",313
"price2019a",85
"simms1998",178
"leciejewicz1962",139
"leciejewicz1979",139
"riabinin1994a",322
"gardela2013a",51
"gardela2016a",51
"ostigard1985",103
"solberg1985a",103
"zachrisson2011a",212
"zachrisson2012a",212
"thorarinsson1981",157
"jankowiak2012",315
"larsson2004a",126
"fabech1998a",28
"orton1993",94
"jones2003a",94
"blinkhorn2013a",94
"warmind1995a",49
"christensen1983a",217
"boivin2000",317
"vanhouts1999",317
"sofaerderevenski2000a",317
"tringham1994",317
"brinchpetersen2006",265
"harck1997",262
"ahlinsundman2012",60
"adamofbremen1959",175
"sawyer2006",303
"dersarkissian2013",106
"mulk1991",298
"kitzlerahfeldt2012",47
"stummannhansen2003",83
"price2008b",49
"smallwood2007",53
"downham2017",53
"braconi2005",53
"hadley2016a",53
"worldhealthorganization2018",53
"benedictow1996",268
"addyman1969",118
"addyman1972",118
"ballinsmith1994",10
"wallerstrom1997",119
"ostmo2000",119
"fridriksdottir1991",87
"brondsted1962",195
"adamsgilmour2010",94
"baeksted1952",295
"snaedalbrink1984",295
"morris1892",36
"grandtnielsen1974",223
"norgardjorgensen2011",17
"latour1984",223
"ofloinn2001",223
"birkedahlchristensen1924",223
"henriksen1982",223
"rispling2000",223
"mollerhansen2000",223
"roesdahl1986",223
"wamers1997a",223
"back1963",223
"helgesson1987",223
"jorgensen1980",223
"jorgensen1980a",223
"wilson1960a",223
"brondsted1924a",223
"christiansen1948",223
"christensen1992a",223
"klaesoe1994",223
"klaesoe1995",223
"klaesoe2002",223
"kleingartner2010",223
"mullerwille2005",223
"odell1959",223
"schulke1992",223
"sindbaek2012a",223
"steuer2010",223
"lundhansen1987",223
"vraengmosejensen2008",223
"mullerwille1978a",223
"ocorrain2001",108
"norderang2004a",323
"denooy2005",268
"snorristurluson1964",21
"larsson1873",234
"carroll2014",51
"coleman2014a",51
"henriksen2013a",91
"leahy1997a",280
"fischer2008a",235
"arents2010a",65
"voncarnapbornheim2007a",68
"christensen1991a",217
"jacobsen1942a",217
"ambrosiani1994a",212
"goodman2013a",274
"holmquist2015",208
"jeppesen1988",212
"risberg1997",212
"vickers1975",274
"hardh2001a",216
"jeppesen1997a",28
"nielsen1999",289
"iaea2006",229
"bonnier1991",42
"anund1998",42
"bonnier1990",42
"fagerlund2005a",42
"fagerlund1993a",42
"konigsson1993",42
"schutz2007",42
"hammarberg1976",250
"gansum1998",151
"andersen1970a",67
"englert2009",64
"ambrose1999",156
"robinson2006",224
"norrman2008a",62
"karnell2012a",37
"jansson2007",234
"macane2001",318
"vonamira1933",256
"pestell2003",266
"hanks1989",295
"knappett2008a",247
"rhiel1996",247
"dahlback1984",237
"lundqvist1997a",266
"jensen1995",251
"faulkes1998",1333
"ingold1988",236
"pahlsson1984",298
"hauksson1972",72
"roberts2005",178
"bickle2013a",290
"bjorklund2015",14
"bjorklund2014",14
"ilumae2016",214
"backstrom2016a",214
"zoega2013",165
"mauritsen1982",320
"richards2000a",200
"gunther2015",179
"blifeld1977a",326
"hellesolesen1992a",170
"snorristurluson1997",19
"rcahms2011",201
"harrison2016",14
"mullermertens1999",251
"grahamcampbell1995a",277
"rogerson1995",118
"wademartins1980",118
"williams1979",118
"emery2007a",118
"hall1989a",118
"dodd2003",118
"cunliffe1977",118
"audouy2009",118
"king1978",118
"cabot2004a",118
"carver1978",118
"coggins1983",118
"tylor2005",118
"carver1981",118
"mahony1982",118
"gardiner1990",118
"rogerson1984a",118
"hurst1983",118
"dalwood1992",118
"mainman2000a",118
"loveluck2007a",118
"gould1967",118
"schoknecht1977a",266
"herrmann2005a",266
"andersson1994",266
"tacitus1999a",53
"pushkina2017",1
